Date,Open,High,Low,Close,Volume
2010-01-04,157.83901588195053,158.62336330244395,156.86959167800777,157.6319122314453,80350
2010-01-05,158.45592343664097,159.06841291183358,157.31024390082118,158.1298370361328,849100
2010-01-06,159.93207069774027,159.93207069774027,156.95771764387135,157.6539306640625,73450
2010-01-07,158.52201564925323,158.52201564925323,155.90017290235605,156.04559326171875,240320
2010-01-08,156.38488352661443,161.62855552287806,156.0455917703712,158.6233673095703,711310
2010-01-11,156.8696274302733,160.38597953789912,156.4333931627845,158.35459899902344,173420
2010-01-12,157.7509199549788,165.5943960709794,157.7509199549788,162.48785400390625,1148010
2010-01-13,155.9882911527269,165.41808911484947,150.84156206184701,163.7656707763672,432050
2010-01-14,165.0656639995054,169.9127603006539,164.3782586907726,165.83238220214844,230890
2010-01-15,164.91138674301916,169.82457566925947,164.37821007286783,164.97308349609375,372180
2010-01-18,166.46682887446917,168.41448523868914,163.9199019042831,164.50155639648438,125790
2010-01-19,166.98240486413127,166.98240486413127,160.83540259159554,162.58035278320312,199220
2010-01-20,161.9854820536464,164.1446530457713,160.48289462235388,161.00726318359375,120360
2010-01-21,161.00724897801175,161.9766597046887,158.28846398572693,159.69412231445312,108870
2010-01-22,157.75084582299684,159.51342510593537,153.7850424363852,155.55203247070312,334690
2010-01-25,156.42895759810648,159.95411720595115,155.7239229870542,156.55233764648438,263830
2010-01-27,155.5476510709558,160.30661065393394,154.1684303702133,155.5124053955078,372840
2010-01-28,156.8695818729512,160.73844349473018,156.08082374938124,158.87892150878906,373290
2010-01-29,158.4558942444903,164.36053267524417,156.42892520029943,163.23248291015625,275390
2010-02-01,164.79678168609925,170.52957613264604,161.27603324172728,168.99172973632812,367220
2010-02-02,169.64828091010116,170.13739027822575,164.80118716981255,165.2991180419922,302690
2010-02-03,166.907489247139,169.64830130217734,165.67368879845336,168.7317657470703,419240
2010-02-04,168.67887291632576,169.69236431831553,166.12313771506047,169.0490264892578,148690
2010-02-05,164.36055007451884,175.8173176400349,164.36055007451884,170.63973999023438,1872490
2010-02-08,172.73286029192528,174.93608555075085,171.4109251366299,171.6532745361328,407370
2010-02-09,171.3271688480433,174.75979691235227,171.3271688480433,172.9707794189453,508880
2010-02-10,174.49542024373207,178.46122524927145,171.4109052394237,174.46017456054688,514110
2010-02-11,175.70277490853056,176.16985751123545,170.08896217013046,171.3888702392578,371620
2010-02-15,175.3546696110633,175.3546696110633,167.8857320578684,170.48553466796875,385570
2010-02-16,178.98999849415668,178.98999849415668,166.79734582816116,168.5026397705078,239100
2010-02-17,169.20761432706377,169.82451439814858,165.50620045314184,166.5373077392578,414590
2010-02-18,167.41863410810396,167.41863410810396,163.126756835937,163.73043823242188,884210
2010-02-19,163.0430404147372,164.62495415371473,162.16614782987878,163.84060668945312,72790
2010-02-22,165.2419000740329,165.66491557294478,160.39480433852796,160.8795166015625,119950
2010-02-23,163.12677016788447,163.12677016788447,155.10702648757163,157.327880859375,621410
2010-02-24,160.83539540009178,160.83539540009178,153.56475423816983,155.23480224609375,722660
2010-02-25,154.31388795954766,156.42456787638113,150.89006762375632,155.5785369873047,1812350
2010-02-26,153.87319496210097,160.83537857343745,153.5206709954092,159.509033203125,243720
2010-03-02,154.75453874781326,165.95131704193864,154.75453874781326,164.7968292236328,287840
2010-03-03,165.67809028399216,176.29763625800615,164.36056618796437,174.6011505126953,1213080
2010-03-04,175.2004558170469,175.8658206270847,169.69239328159784,173.45550537109375,498000
2010-03-05,173.96658637740765,175.37665531670862,171.98368449568608,172.9134521484375,154450
2010-03-08,174.4954139984208,174.4954139984208,170.70586443927456,171.2082061767578,108280
2010-03-09,170.5295777426157,172.72839150904397,170.5295777426157,171.38442993164062,106080
2010-03-10,170.296033388834,172.68433464052745,169.6482848542213,170.95700073242188,344470
2010-03-11,163.36466433791782,172.55652273007956,163.36466433791782,171.14645385742188,95630
2010-03-12,171.41084687769774,172.64464708037121,167.6257092248593,169.04458618164062,125790
2010-03-15,169.2076227114732,170.00077806396774,166.1231087557953,167.2115020751953,154890
2010-03-16,167.18065820648712,175.4075037093476,165.24182350023383,167.89450073242188,987590
2010-03-17,168.4232970282357,174.31912804027095,168.33957342004447,173.56121826171875,1124780
2010-03-18,174.9272369552736,176.34611423106068,172.29217531526427,175.78208923339844,2050090
2010-03-19,176.3417550855867,178.35990362876524,174.93609620902032,175.76451110839844,218830
2010-03-22,175.76443762831244,177.53582526271546,172.8253302658277,173.48629760742188,156960
2010-03-23,174.9360680687293,175.86142527444557,172.8562230943479,173.44668579101562,246090
2010-03-25,172.73279765234798,174.93602211219937,172.73279765234798,172.92227172851562,648090
2010-03-26,174.05474397055914,181.53689957775563,172.9222832950671,176.77352905273438,1433570
2010-03-29,177.05112823227793,184.71836080413732,175.8041089920484,179.33367919921875,1566560
2010-03-30,178.10866751230697,183.30827176514077,178.09984600828057,182.44020080566406,817780
2010-03-31,180.66446701407978,184.1896273460618,178.55818425361727,179.68182373046875,453620
2010-04-01,182.3388759632541,182.3388759632541,176.79115762503847,178.13072204589844,340100
2010-04-05,179.95938955810863,184.2777180086015,178.02055452504192,181.29014587402344,177860
2010-04-06,181.54569245244502,181.98633733703835,178.46117826029183,180.03868103027344,75260
2010-04-07,182.3212420875037,182.3212420875037,179.78312310519854,180.1885223388672,240430
2010-04-08,180.66442144695105,181.45757694262977,176.96300672142357,179.20147705078125,367290
2010-04-09,176.9630292904735,180.66444448806243,176.9630292904735,180.18414306640625,377180
2010-04-12,180.04751698909658,180.6556091302413,177.65921560599796,180.25901794433594,1331360
2010-04-13,178.91062904890032,182.867624906008,177.3154967374511,181.48399353027344,150760
2010-04-15,179.69499821843448,182.8676471135885,178.4611977855502,180.5498504638672,223290
2010-04-16,181.36945170578448,182.86764174384123,178.46119254519445,180.82745361328125,117490
2010-04-19,178.56693127759473,181.43112306832367,177.33754171417442,179.99021911621094,196480
2010-04-20,181.28131149335866,185.0532308098968,180.23698521856366,183.46250915527344,541050
2010-04-21,184.1895727390196,186.65718692931256,179.43061308070972,180.66441345214844,292940
2010-04-22,181.54575221287743,183.71812898163637,179.7831720943058,182.87649536132812,154350
2010-04-23,181.98636445966054,184.9827447424994,181.98636445966054,184.71836853027344,185130
2010-04-26,184.32176012454914,185.51150675825951,181.3782553587099,182.23751831054688,142880
2010-04-27,182.25071400945322,184.6169747200243,180.8406450999657,181.8232879638672,130190
2010-04-28,180.75254908126084,185.06645310669222,180.75254908126084,184.14991760253906,1245140
2010-04-29,184.97388808694703,184.97388808694703,182.43137223297228,182.88963317871094,759470
2010-04-30,182.95575459811616,185.02677740955687,182.7794858929602,183.2025146484375,88670
2010-05-03,182.42700529988966,184.63023000157912,181.8629803141538,183.68284606933594,56800
2010-05-04,184.87702343472827,185.06210025991177,182.95581760312768,184.0221710205078,62470
2010-05-05,181.0169020792842,182.85880780364076,180.4793148152458,181.5985565185547,103590
2010-05-06,180.8539322486559,182.3829710052546,177.315553277568,179.2279510498047,644620
2010-05-07,177.1656879559003,184.61258409901842,177.1656879559003,183.8590850830078,346130
2010-05-10,184.3658567315262,188.5608055426727,184.3658567315262,186.6439971923828,368460
2010-05-11,186.0579131277853,187.10665022510344,181.98635822988317,182.29481506347656,104680
2010-05-12,195.02943829401298,195.02943829401298,179.9593771137027,181.0609893798828,164870
2010-05-13,180.76580758430916,186.83348454070426,180.76580758430916,186.21217346191406,315460
2010-05-14,186.39282953103705,189.47734444053413,185.51153955689503,188.68418884277344,399760
2010-05-17,186.83347895439837,188.4153928818551,185.08411777629183,187.2300567626953,133780
2010-05-18,190.27048301123727,191.495475427775,186.74532343013115,190.0810089111328,377830
2010-05-19,189.21289554519169,191.68050939004044,185.1589710012528,185.9300994873047,446460
2010-05-20,186.8466674975811,188.58722033484088,180.48816444061328,182.30361938476562,809830
2010-05-21,178.28495536957615,182.9557946838964,177.33316063233443,178.1615753173828,263630
2010-05-24,180.21495744987698,184.01331436594157,177.28465808407012,182.33004760742188,260960
2010-05-25,181.82771410930073,184.18956426812326,178.60219028277604,182.7794952392578,179730
2010-05-26,186.2165667542664,186.37079518303685,181.56775425873735,183.82386779785156,164170
2010-05-27,182.8720930886144,188.15542254736766,179.1662668762746,185.63934326171875,116860
2010-05-28,189.3892137703155,189.3892137703155,184.49806507604652,185.0973358154297,179270
2010-05-31,185.5115543944998,188.15542452838815,182.86768426061144,183.84591674804688,311830
2010-06-01,184.63026344650217,184.87702358199755,180.223813244915,183.06597900390625,705470
2010-06-02,181.6735194504991,184.8946331232055,178.28495853668065,183.2950897216797,555470
2010-06-03,187.84690291801596,187.84690291801596,184.28208752930692,186.38397216796875,551300
2010-06-04,186.38402673227046,190.00612916610947,184.67432198259888,189.19093322753906,293020
2010-06-07,187.92181505846858,194.67689488409795,186.1283872406169,192.58383178710938,789190
2010-06-08,192.91435271862647,197.76144714318912,192.91435271862647,197.23268127441406,479970
2010-06-09,197.23264475250696,202.16785918429503,196.2632206681377,201.2601318359375,899740
2010-06-10,202.5203643456581,205.07609895278046,199.61210580993801,203.71450805664062,324610
2010-06-11,203.66604495513877,204.54733461146148,200.58153115800937,201.96514892578125,339890
2010-06-14,203.66607296192856,203.99655662849545,200.93848002473655,202.3661651611328,874310
2010-06-15,201.99163171453432,204.37111162928693,201.37473150662305,202.22958374023438,155840
2010-06-16,203.2254243167187,206.0455488631456,202.16786584532082,204.2521209716797,231420
2010-06-17,205.78121360828683,211.333343260221,203.1373436261675,208.72032165527344,752690
2010-06-18,208.68942488402942,211.33329425304817,206.39806605191384,210.07745361328125,326490
2010-06-21,210.54015865717872,216.5329328638065,209.74700310005292,214.1226043701172,487170
2010-06-22,211.95464275317104,215.2110021107884,208.0064541131877,208.9274139404297,653670
2010-06-23,209.0419125943539,213.58056258401518,207.98436765170928,212.28065490722656,777480
2010-06-24,212.83149888149558,217.57284258004114,212.78743169949036,216.7928924560547,438840
2010-06-25,214.9465949658594,216.3478560860527,210.09069259946722,211.4611053466797,2180370
2010-06-28,211.68581616491298,211.68581616491298,207.7200118982819,208.517578125,458730
2010-06-29,208.517625417792,211.5096088583784,206.39812395481718,208.0329132080078,686280
2010-06-30,210.51555232469497,212.11440733155965,203.85811335100038,204.45767211914062,723800
2010-07-01,206.95810866105066,207.67315801012367,202.10381852764866,206.9403533935547,465110
2010-07-02,207.8463504336234,209.43188219465225,205.36368977418064,206.14535522460938,294440
2010-07-05,206.96251606166763,208.71237189549285,205.80778686647602,206.92254638671875,104120
2010-07-06,206.96255259522707,208.91670274162152,206.56727426156232,208.3126983642578,193200
2010-07-07,208.3126919388077,209.9825951123654,206.18088075551964,207.56211853027344,379790
2010-07-08,208.31714825209548,209.6273244513727,207.2290484501571,208.77459716796875,785690
2010-07-09,209.62734431283482,213.00270256758338,207.85084139492946,211.78135681152344,1908510
2010-07-12,211.31500378846303,214.95683996973722,208.29495443348503,209.58291625976562,2511790
2010-07-13,210.69317031249093,213.62440182160205,209.62727164198787,210.48887634277344,1946560
2010-07-14,211.00849229572862,215.4009006729284,204.53759306493671,214.5126495361328,795640
2010-07-15,214.7791545455437,218.31439071869104,213.87758007068203,216.7466278076172,1345680
2010-07-16,217.48834215851483,227.39233900219358,216.86655538864403,219.7533721923828,1417360
2010-07-19,220.74374133382364,220.74374133382364,215.84503662097057,219.75778198242188,115330
2010-07-20,219.8421887704372,220.6505006769715,217.62156060103882,220.17083740234375,195450
2010-07-21,219.84216671910778,222.0627946657654,218.42095941179193,220.24632263183594,6369580
2010-07-22,220.1086796668164,224.62987562986905,217.17744760195174,224.0081024169922,260450
2010-07-23,224.00806039734067,226.32639644833685,222.95103935690727,223.8881378173828,462690
2010-07-26,223.57282986205405,225.9711054506769,223.4840128720387,224.21237182617188,1444310
2010-07-27,225.18502754395047,226.3264337161408,214.97901523821886,216.58676147460938,596400
2010-07-28,218.50980706833937,231.7447452457387,218.50980706833937,229.715087890625,1286440
2010-07-29,229.71508438513516,240.18312843883496,229.16881855012903,232.17111206054688,1675340
2010-07-30,232.89505088099233,237.9492028331141,228.72470461536548,231.24288940429688,514130
2010-08-02,231.47829094854882,234.40950935444576,230.13257723646615,233.01939392089844,251800
2010-08-03,232.99719317244998,237.15864828789324,230.24360875836274,230.78990173339844,207560
2010-08-04,233.60567594625118,233.60567594625118,229.17775566542977,230.23033142089844,213570
2010-08-05,230.2347495596031,236.45250870704461,230.2347495596031,231.01638793945312,1838460
2010-08-06,231.65586179081328,234.40058137541928,230.58997680072602,231.5803680419922,246310
2010-08-09,235.20894568802944,238.0513608394724,232.10006597557367,236.42587280273438,622000
2010-08-10,237.16306097839794,238.31335816390208,233.61005631954552,236.89215087890625,359090
2010-08-11,236.89213494137095,240.7160494424512,236.27479391768276,238.1001434326172,272810
2010-08-12,237.60268782784027,239.38363535194435,233.39683251505645,237.68707275390625,281910
2010-08-13,238.05127546594906,240.71602854952312,234.96015213038592,235.79066467285156,203220
2010-08-16,235.38654297402428,238.40659131148178,233.87650525165927,234.59156799316406,88160
2010-08-17,237.2519044451617,237.87366402997853,231.3894410171305,233.707763671875,4668280
2010-08-18,232.27773944518347,238.4954992008863,232.27773944518347,235.48431396484375,214540
2010-08-19,235.48429877204217,251.13531008889575,235.48429877204217,240.19204711914062,1310520
2010-08-20,244.1802256389389,250.3935378396707,240.00546167054938,245.8057403564453,1051590
2010-08-23,246.7560755628837,250.30907896685474,244.2778752058445,245.0106658935547,319050
2010-08-24,245.3349759166384,249.58967936356927,242.048435852973,245.97451782226562,1480250
2010-08-25,245.601445620889,250.7444274248315,243.20315664714244,244.29571533203125,1247380
2010-08-26,245.15736039479592,247.42239038161898,242.49260647746118,243.63845825195312,1117550
2010-08-27,246.04119162075247,246.04563721490692,240.1831725673915,242.2350311279297,1652160
2010-08-30,245.11294800531962,245.11294800531962,238.49546522234726,240.97369384765625,320730
2010-08-31,238.51760349994268,247.9996995529127,238.51760349994268,245.39268493652344,2265380
2010-09-01,248.0974958652553,248.0974958652553,242.31497058858272,243.2698516845703,519330
2010-09-02,245.95674472319678,250.04270554611574,243.91377786537458,248.48826599121094,990660
2010-09-03,249.59863742386761,251.4639707406623,247.1115444063286,249.57199096679688,2269470
2010-09-06,251.55277446838275,254.39516231277835,249.95835148642155,253.12496948242188,1713330
2010-09-07,254.39526069938313,256.8379526750546,251.84153727027206,253.5025634765625,4366780
2010-09-08,253.44918409123179,255.6387203532945,251.37512483852103,251.9080810546875,318320
2010-09-09,253.6756653811519,254.92810286762557,248.71034426109813,249.48756408691406,405370
2010-09-13,251.76590022312504,253.1515698050551,247.7199228676003,248.5104522705078,435250
2010-09-14,257.59290336002215,257.59290336002215,247.64447693906746,254.0887451171875,4211520
2010-09-15,253.04504345237294,258.916371737395,251.84589873435172,253.6490478515625,1696090
2010-09-16,253.64902798113232,255.5720995516789,247.9109324237853,248.7725372314453,784380
2010-09-17,250.48681898462388,253.87549921854736,249.4209067843332,252.8895263671875,808770
2010-09-20,252.88951010735718,255.68307708386675,251.50828619297016,253.4713134765625,634870
2010-09-21,250.95315351947755,255.24342180170026,248.7103247622726,250.14039611816406,413550
2010-09-22,250.5756623013205,252.35216465424404,244.7220903013104,245.9434356689453,484040
2010-09-23,246.19655528550115,247.2446850180316,242.19053437844389,243.65614318847656,733660
2010-09-24,244.71318752487653,249.9538637963321,242.9366852560934,247.7643280029297,4227280
2010-09-27,249.1545306642681,250.87774063851447,245.95682003642517,246.79177856445312,511040
2010-09-28,247.82203484794601,249.1544113793866,244.89081732168475,246.74281311035156,1170270
2010-09-29,247.55569024711363,248.66600456091075,242.80353956260547,244.21141052246094,2886170
2010-09-30,242.0484683114287,246.03670779386445,235.3865838624903,236.55908203125,1020300
2010-10-01,239.65014969935842,241.4266520013767,235.83068059292864,236.67453002929688,1074990
2010-10-04,239.73904317579388,240.7072339317049,234.50725661860557,235.05796813964844,837210
2010-10-05,235.39546326827917,238.92182167772015,235.38657208179686,235.77740478515625,1005370
2010-10-06,262.47823720024024,262.47823720024024,237.25190781124937,240.17868041992188,1501560
2010-10-07,240.27197674668258,244.0914464953081,237.1630971954316,239.88558959960938,1002540
2010-10-08,242.84789074476362,242.84789074476362,237.16308806284016,237.67384338378906,528650
2010-10-11,235.3865664057913,240.62724302884254,235.3865664057913,236.38584899902344,560190
2010-10-12,238.31343685274734,238.31343685274734,234.94251064241243,236.33262634277344,516310
2010-10-13,238.76193237891988,238.76193237891988,235.8307140081701,236.4969024658203,567020
2010-10-14,236.73672987336866,241.77312673871248,236.73672987336866,239.74346923828125,688440
2010-10-15,239.8278434493475,242.04847162943406,235.83071272519172,236.0794219970703,2046760
2010-10-18,236.7900448854546,241.16025367483212,233.61011681945064,236.1815948486328,629320
2010-10-19,241.60434575302355,241.60434575302355,233.43242321552498,234.11639404296875,550900
2010-10-20,233.6100258633074,233.96532086141724,230.50114719212272,231.3361053466797,377650
2010-10-21,232.02896256719032,234.82250262812522,231.85574709012104,234.08526611328125,248890
2010-10-22,234.79139009131603,236.26589009957286,232.47751343528506,233.04153442382812,505670
2010-10-25,232.98824646334197,235.20887415402296,232.09999538706955,232.78396606445312,208310
2010-10-26,233.17488702258626,234.49837295318122,230.04822470121678,230.23033142089844,788170
2010-10-27,232.72180524660664,232.72180524660664,221.17454010078265,222.29373168945312,3048540
2010-10-28,232.0112202986175,239.65015880161488,222.29818220836233,235.24888610839844,2595310
2010-10-29,236.1444682481496,241.4822156395009,236.1444682481496,239.50840759277344,921330
2010-11-01,240.68910415812084,241.66933176878655,238.63953239135589,241.0500030517578,403850
2010-11-02,241.49561234487052,249.42203724461163,240.1544855420132,248.8695526123047,1019880
2010-11-03,251.47161273535392,251.47161273535392,238.99159497524266,240.14556884765625,1119490
2010-11-04,240.51534803054798,243.27333806081444,236.1444490333913,237.30734252929688,1016060
2010-11-08,239.44160353169147,245.29618377092115,239.44160353169147,244.24021911621094,575620
2010-11-09,244.4496321829891,245.9333127586312,239.53068092887162,245.5367889404297,378020
2010-11-10,245.5011166193705,247.28333888158008,243.616425279341,244.8283233642578,460770
2010-11-11,244.82838429340907,244.82838429340907,233.47117445219803,236.22024536132812,1187270
2010-11-12,237.48117219277702,240.5109453109211,233.4711711613793,235.19100952148438,735520
2010-11-15,237.03552108343595,239.61973749092454,233.47107715736925,237.35630798339844,1520250
2010-11-16,237.35192106923168,238.37223354990107,234.00133442997384,236.89744567871094,751010
2010-11-18,237.03558738597616,240.15447669368638,230.35225315516857,236.3494415283203,544410
2010-11-19,238.28309459881126,238.826686492495,232.58890900459653,234.95034790039062,409590
2010-11-22,236.24692819084223,239.26334819152922,232.66913099871832,236.97764587402344,940390
2010-11-23,236.0553536229139,236.0553536229139,231.77803070120152,235.1954345703125,1129610
2010-11-24,235.25337699070036,237.83759425358053,230.61958747518156,232.05429077148438,474270
2010-11-25,234.7588248335243,234.7588248335243,218.32227024681958,224.59568786621094,842470
2010-11-26,229.46109544891368,233.57802415011164,220.10442942089972,227.0283660888672,1318640
2010-11-29,227.33137209047456,233.16369309128288,227.33137209047456,230.41908264160156,1395800
2010-11-30,228.12002608983354,237.03113882410423,228.12002608983354,236.04647827148438,498590
2010-12-01,234.83902427179112,242.7387173975241,234.83902427179112,238.85348510742188,769630
2010-12-02,238.85344306626106,242.38223564723825,235.4315794734113,236.30931091308594,177150
2010-12-03,239.70896097023507,239.70896097023507,235.16428749805817,237.9311981201172,239010
2010-12-06,237.98464643686376,239.93172249210775,237.98464643686376,239.0049591064453,155110
2010-12-07,239.0049133716405,242.27976315701312,237.39200436945282,241.28172302246094,378240
2010-12-08,239.37026587936094,242.19510010924353,236.23802441833908,236.86178588867188,295600
2010-12-09,233.92113344213047,239.26334035897983,232.62455150844175,235.57412719726562,380440
2010-12-10,235.34692659409174,238.28312268590113,234.80779454333577,237.44993591308594,306640
2010-12-13,237.0444754358064,241.17921685136102,237.0444754358064,240.35494995117188,151230
2010-12-14,240.4441251824897,244.81502516267503,240.4441251824897,244.24916076660156,254230
2010-12-15,244.25354316828165,244.9664211273219,240.59998244046076,241.5980224609375,102440
2010-12-16,243.26890510199604,243.5718796558769,239.17424792550477,241.14805603027344,871300
2010-12-20,240.60005483627103,247.27892978513358,240.60005483627103,246.3744659423828,479770
2010-12-21,246.37443525125715,261.630254698942,243.2956308152439,259.8658447265625,1723330
2010-12-22,261.0955888585471,265.0164728086379,260.2935941951625,262.120361328125,1031220
2010-12-23,258.6895042923166,269.76603434207095,255.97162670555147,264.11639404296875,1661630
2010-12-24,263.7688799216366,264.2144354620448,256.2033555477625,257.3305969238281,649270
2010-12-27,255.43698401873175,258.3865594992108,251.5606454064715,253.04881286621094,379800
2010-12-28,252.6701273489048,253.65478778211772,249.6893594129781,250.62501525878906,250590
2010-12-29,250.68293096528114,254.4122288874186,250.40668868916381,251.09283447265625,399750
2010-12-30,251.59625670481242,253.43194304498994,250.11254939193657,251.5517120361328,574180
2010-12-31,250.49135704950382,257.79845237705,250.49135704950382,256.524169921875,480390
2011-01-03,258.24398399442305,261.7549638780502,254.86223262385494,256.1543273925781,454300
2011-01-04,258.33314657009254,258.33314657009254,251.82804530695051,252.73696899414062,249220
2011-01-05,256.640025630317,257.9766924304749,252.20674197088215,256.6845703125,710350
2011-01-06,256.81818392077975,257.88750073261303,253.29828482811092,253.9220733642578,149280
2011-01-07,253.92648835329106,255.56169639499893,246.0669110747592,247.35011291503906,498710
2011-01-10,248.17894307447492,248.17894307447492,235.96624816220137,238.6173095703125,443160
2011-01-11,238.61731687564924,243.1842621724922,232.84736591536043,240.8985595703125,481380
2011-01-12,242.38227533542133,244.5209370318221,238.46139102626012,242.9436798095703,213110
2011-01-13,244.0753986694876,246.3833738531675,240.60898958327087,241.82534790039062,179330
2011-01-14,239.2678380631848,243.67438985982199,239.2499984331067,242.90802001953125,215480
2011-01-17,240.2034746351761,240.2034746351761,236.59002522111018,237.28955078125,2088300
2011-01-18,239.70894145763606,239.70894145763606,234.89694584126445,236.56777954101562,2624210
2011-01-19,237.03559280570389,240.46637656154,236.67915374415563,237.7796630859375,170210
2011-01-20,236.76828558761386,239.2544665586805,235.27119792120766,238.3098907470703,927100
2011-01-21,234.8969022475639,239.61978041786776,234.8969022475639,237.3474578857422,769560
2011-01-24,237.3474840665932,241.48222607647466,231.7913913474488,233.55580139160156,1504870
2011-01-25,233.55579592175,235.60090813399796,231.24336122175023,231.675537109375,1601180
2011-01-27,231.24332866306003,237.40090957982343,231.24332866306003,231.69334411621094,749710
2011-01-28,235.86820948352488,235.86820948352488,227.23334037375778,229.82647705078125,2734200
2011-01-31,228.57000998821684,231.5997824594812,221.17824463021267,229.68389892578125,2249850
2011-02-01,229.45671083058394,229.91118631760662,217.87672328367137,221.6995849609375,1738540
2011-02-02,221.2629290402148,225.01005352802514,217.93462793326268,221.4812469482422,751250
2011-02-03,218.3267265649897,225.80759607531132,217.426695457327,220.2470703125,737380
2011-02-04,218.32670257870967,223.3926675443211,218.32670257870967,221.55252075195312,1617390
2011-02-07,221.62378519408603,225.54022224052966,221.08466679205833,222.9158935546875,526160
2011-02-08,223.40152002716152,228.5699664320188,220.20243487143938,220.9598846435547,722100
2011-02-09,220.77279233800684,222.13619134014252,216.36624107625238,220.56784057617188,994890
2011-02-10,219.21778303021813,224.0253174607185,218.77667380461423,221.3297119140625,649160
2011-02-11,222.71988061717104,224.653590333089,218.85692109256462,222.64859008789062,2277190
2011-02-14,221.13812170910936,233.80972194380772,217.9212102706777,231.68887329101562,946210
2011-02-15,230.0849044354039,233.9211313198861,229.46111576714753,230.61065673828125,340780
2011-02-16,230.35229981114313,233.24841189774358,227.23340987172728,228.5210723876953,337740
2011-02-17,231.4171410740655,231.70673591167733,226.8769281973814,231.22555541992188,326200
2011-02-18,230.3521880930606,232.820555715084,230.3521880930606,231.60865783691406,1486590
2011-02-21,231.68889423868504,233.82755551582372,223.24116451752738,229.0868377685547,399940
2011-02-22,228.30715729188188,228.30715729188188,222.77782367390142,223.67784118652344,350370
2011-02-23,221.0000257108478,222.68867155467322,218.51827788796896,220.82179260253906,1136200
2011-02-24,219.83713361199187,221.4411365154629,213.68847167884394,214.8780975341797,1850230
2011-02-25,214.3122768485264,220.10450054713525,213.44789776264395,214.44593811035156,1803780
2011-02-28,210.65867197935322,218.3222333649522,210.65867197935322,213.92906188964844,1149580
2011-03-01,216.0722026846662,227.04622614935906,214.75780817085024,225.70065307617188,512760
2011-03-03,222.8758186219925,228.4497098279589,221.44112907284074,226.15956115722656,618850
2011-03-04,229.45669586581226,231.42161147721254,221.98473263982436,223.5129852294922,1322350
2011-03-07,222.7822586983031,225.17934998886085,217.62717717092812,223.24118041992188,414940
2011-03-08,224.91648333671407,225.05906440594103,222.77782168742644,222.78672790527344,632510
2011-03-09,224.73380724904877,225.17490296476302,222.7778115370597,222.86692810058594,812960
2011-03-10,222.34117825268004,224.02537808612504,221.8867163792131,222.78228759765625,699360
2011-03-11,222.68863396072987,226.31546226555915,221.4410839968407,225.41989135742188,515120
2011-03-14,224.73824710472866,227.67891685201857,223.34365586899426,225.28628540039062,314810
2011-03-15,222.866868462822,227.23330696160565,222.77775192314277,225.55801391601562,360200
2011-03-16,230.61511017836708,230.61511017836708,225.9590492199848,227.51849365234375,218810
2011-03-17,224.91643747912917,231.24333176399094,223.22333181841898,229.83538818359375,1134550
2011-03-18,230.61951255754175,232.13887201932272,222.86686328737926,226.90359497070312,1905090
2011-03-21,225.464470672706,225.464470672706,223.58422573908697,224.88525390625,423130
2011-03-22,225.82985060425762,227.5630547564649,223.31246427261487,223.6510772705078,123290
2011-03-23,223.48175535169298,227.67889477636035,223.48175535169298,226.8546142578125,343430
2011-03-24,226.34225911159143,227.9596282174219,222.77781408621203,223.0317840576172,580510
2011-03-25,223.80702204392037,235.52066843857244,223.80702204392037,225.38429260253906,389990
2011-03-28,225.54023720297087,227.85267172191752,224.11445392596247,225.2194366455078,354530
2011-03-29,224.74267006165573,226.72984394954292,223.77136225429092,224.190185546875,212750
2011-03-30,224.19023052621813,229.45668769651587,221.4634186708421,226.00363159179688,1299430
2011-03-31,225.36200702124532,228.9175590434594,223.7624641200361,225.0768585205078,648870
2011-04-01,228.92196783244157,228.92196783244157,223.7579944266476,224.60899353027344,573840
2011-04-04,227.23330550983653,227.23330550983653,224.75601801206028,225.41989135742188,1021200
2011-04-05,225.72292258574282,231.59980220926863,225.72292258574282,228.7304229736328,666060
2011-04-06,228.57004898468043,230.97606037813213,226.55614233698998,227.20664978027344,675370
2011-04-07,229.81755625118927,229.81755625118927,226.86798057024242,227.38482666015625,598320
2011-04-08,229.006654121031,232.83398861601782,227.25562391051574,228.15565490722656,1077600
2011-04-11,227.6788867284739,229.82200784257822,226.36449241314656,228.7036590576172,370720
2011-04-13,228.57000877143588,234.71421032829335,227.34919085349293,233.27061462402344,1735420
2011-04-15,233.20380043839583,234.79886982779868,229.56359178550454,233.54685974121094,372290
2011-04-18,235.04398544004323,235.04398544004323,228.5745086903668,230.0537567138672,242020
2011-04-19,230.59730369215347,230.59730369215347,227.23336422923978,228.93984985351562,180150
2011-04-20,231.6844637136421,233.47114611038697,227.6922891446414,228.90866088867188,137050
2011-04-21,231.19881262450699,231.5997963493461,229.13142810570602,230.9136505126953,98270
2011-04-25,231.42161644914745,238.3544613041641,230.80674747402858,237.2227325439453,587080
2011-04-26,237.48114152910546,239.88715271510284,235.796928259996,236.67022705078125,362950
2011-04-27,238.63512312967126,238.72867239620055,236.24246466541345,237.73509216308594,770530
2011-04-28,238.37226422324918,242.66296715483227,236.34499152717794,239.78466796875,893770
2011-04-29,239.78468431976876,247.7289494312958,239.7445995389221,247.24774169921875,2035230
2011-05-02,247.28333573452565,251.20421922257685,242.82778013570538,244.44068908691406,400330
2011-05-03,245.0466531604307,249.42201229033898,241.53567295752353,247.10511779785156,1040070
2011-05-04,250.7943533255415,250.7943533255415,238.83562833963822,240.43072509765625,466290
2011-05-05,240.43514682577376,242.3822224296536,237.03555575841125,237.73062133789062,171100
2011-05-06,238.38108983075946,241.66929128621624,236.28697373934367,240.6133270263672,925470
2011-05-09,242.60059649806695,246.65960202620602,242.1149560585494,244.43182373046875,367520
2011-05-10,242.49358998911663,247.7199474982933,236.67909593448888,239.8024444580078,327500
2011-05-11,239.79802852313387,242.82780115366293,234.99492611848757,238.1138153076172,2182870
2011-05-12,239.70887144537605,246.39220429236607,238.37220487597804,245.10008239746094,1419540
2011-05-13,244.60997861652984,249.37742808312095,244.60997861652984,246.69517517089844,862830
2011-05-16,247.27887908543576,251.2933390839876,245.93775248139443,248.93190002441406,1346020
2011-05-17,249.95666586539082,257.7940000280925,249.6893434107356,253.86419677734375,2560160
2011-05-18,254.0157399512207,257.3529476137719,252.84838625551131,255.26329040527344,1457400
2011-05-19,256.55096277648823,257.3485248720557,252.00628926568106,253.76177978515625,538730
2011-05-20,250.93696855740114,260.22233385293083,250.49141287004588,259.2911376953125,963070
2011-05-23,259.49158086770666,262.78867584548834,257.8875644617508,259.68316650390625,1412520
2011-05-24,261.09564721475937,266.6205489210195,258.7208276554787,264.076416015625,2414310
2011-05-25,262.8867741840307,269.55226983264095,262.8867741840307,267.9126281738281,3773100
2011-05-26,269.0176365352595,271.34342426125187,263.9917551310209,266.73193359375,3693410
2011-05-27,263.4124526839592,269.1155584167952,263.4124526839592,267.8992004394531,1397460
2011-05-30,267.4536937424426,277.046492566963,267.4536937424426,274.66278076171875,4304990
2011-05-31,275.5316383732526,301.819423014634,271.78895985157084,279.2208251953125,18717210
2011-06-01,280.2634432656039,284.6209636861784,272.813738135435,282.42437744140625,1923490
2011-06-02,281.50199262922524,282.6426137558376,275.086008989988,276.6944580078125,2116970
2011-06-03,276.694476724474,284.2644617223463,276.24000132792685,282.28619384765625,833550
2011-06-06,281.6089357123951,284.1619876483489,279.92028987390756,282.4866943359375,462910
2011-06-07,282.4911445836541,287.81107905275525,281.1455580914822,285.7035827636719,820140
2011-06-08,284.26441406305804,287.8288581265447,279.2162625436711,285.5386962890625,791990
2011-06-09,287.17255201311696,287.17255201311696,277.0465560832648,277.92181396484375,1273370
2011-06-10,278.28539794594263,281.4273298582355,274.7394924010232,278.3616943359375,641430
2011-06-13,278.0116149711275,279.9910200743666,274.0752142614793,275.1569519042969,1181500
2011-06-14,278.0116396494885,278.0116396494885,274.24580281981457,275.4980773925781,642460
2011-06-15,276.3956418252668,277.37412555559183,274.69452058791404,275.1074523925781,561910
2011-06-16,274.1514702930427,274.87413536620664,270.654959206459,271.0364685058594,1250440
2011-06-17,271.65589354884423,272.89920956951903,268.76980815614934,269.5597839355469,432330
2011-06-20,269.7616953149097,270.5516708734381,260.78025728570293,264.595458984375,572400
2011-06-21,264.83342645594274,267.50404638688246,262.75526094446155,264.9501037597656,342000
2011-06-22,268.3209767302934,268.3209767302934,261.8575904512581,263.2400207519531,326890
2011-06-23,260.4212209904487,267.05517014580215,260.4212209904487,265.42138671875,307630
2011-06-24,266.07677436041877,271.548226107796,265.9107029883918,267.4951477050781,948010
2011-06-27,266.4985569053436,280.62379384737056,263.0693574038235,279.5600280761719,1043350
2011-06-28,279.9910365124327,285.6375451582432,277.4999386201698,283.75238037109375,1161890
2011-06-29,284.582745056996,286.1626693587139,279.27736522404024,282.0512390136719,499550
2011-06-30,282.9533462282307,289.6860556651766,281.16691536204496,285.9247131347656,1469430
2011-07-01,285.91578250454387,300.72774611937893,285.04951034422356,297.4915466308594,1605550
2011-07-04,299.9332317356401,302.4153705307911,294.7625293095531,295.9385070800781,945650
2011-07-05,291.7507218725887,297.31643890957406,290.3233908591907,290.85302734375,489870
2011-07-06,290.40428099649745,295.19796815887474,288.24981885768904,290.790283203125,537230
2011-07-07,292.4689698494176,293.0973671997654,284.66799944655173,287.361083984375,1240290
2011-07-08,287.7829884947796,291.21218922433854,282.7873421094498,283.5458679199219,663540
2011-07-11,283.49195772348224,285.9157442213791,281.965893265389,283.2765197753906,511820
2011-07-12,282.66160201183783,282.66160201183783,276.71437497466934,277.8140563964844,514690
2011-07-13,280.071849602469,283.3125427439539,277.3877503638824,280.4803161621094,1469670
2011-07-14,280.5296379881172,284.7218849522195,277.53134050475694,280.9964294433594,788910
2011-07-15,281.8761808884376,286.7955584937015,279.67681756344393,285.5163269042969,676300
2011-07-18,286.3690975326415,287.0513542601746,283.4156743466007,284.3986511230469,221130
2011-07-19,285.1976254349347,286.337687874692,281.5215644358038,281.9793701171875,286700
2011-07-20,284.6545776313339,284.6545776313339,277.8500620512296,280.39501953125,525470
2011-07-21,279.4478247467943,281.0232556007967,277.8813248135217,279.4029235839844,231070
2011-07-22,279.9057034357928,282.2845890313397,278.28537099571435,279.26385498046875,348660
2011-07-25,281.60683525515674,281.60683525515674,277.57616746750926,279.5376281738281,391410
2011-07-26,277.87698067304143,283.5818142458318,274.69464018938766,281.79541015625,2020170
2011-07-27,282.3251188321331,284.34493287783204,279.9058238780361,282.14556884765625,1635240
2011-07-28,278.8105317746702,282.145464669063,278.8105317746702,280.1570739746094,1552000
2011-07-29,280.2961952342129,281.8806395909986,279.6319098969949,281.3375244140625,285780
2011-08-01,282.05124474840096,283.9408749065573,274.1111325698325,275.3993225097656,363320
2011-08-02,275.3993166826854,275.5025428234486,269.40718714693503,273.98992919921875,1771890
2011-08-03,270.6549664954713,275.46659719445427,270.2061191215153,271.3910827636719,668410
2011-08-04,270.309427319869,280.0763535257723,270.309427319869,277.535888671875,537830
2011-08-05,277.53576964740034,277.83648967955395,270.3856351632968,274.5958251953125,1293720
2011-08-08,270.6594278836815,279.09325919736807,270.20608770541935,276.55279541015625,467250
2011-08-09,275.59229115089084,284.0306164106189,268.23118316521976,282.59429931640625,887490
2011-08-10,280.5295622516641,286.81342444610135,280.5295622516641,283.20916748046875,527200
2011-08-11,283.2226327008026,286.09077338499776,281.0098189055087,282.652587890625,255130
2011-08-12,285.43555643805405,291.2750661631583,283.09705135424394,289.8746643066406,1418620
2011-08-16,290.85318649898863,295.2518866181802,287.5317039665806,292.6575622558594,699590
2011-08-17,293.10192839446296,295.24740533083786,288.9994554171005,291.2571716308594,1185290
2011-08-18,292.6440396895448,292.6440396895448,286.7192479686959,288.7659912109375,357200
2011-08-19,287.2624059982007,289.50215068669144,283.6222592721069,285.0495910644531,527920
2011-08-22,284.85205258020443,297.13700480158684,283.3080162932715,295.4538269042969,484660
2011-08-23,296.2437580901494,299.2016469273025,292.5587113072285,293.9366760253906,475920
2011-08-24,293.9950283684732,295.5211203899477,288.2497874916641,289.811767578125,515090
2011-08-25,290.8575763537852,294.89270965668004,286.51723013961504,293.0793762207031,365180
2011-08-26,291.5667510939288,296.9259893457023,291.5667510939288,292.93572998046875,225950
2011-08-29,293.16919713266344,297.1370207630246,290.0452363205852,295.9520568847656,352570
2011-08-30,297.9359609388177,298.4745559397112,291.84060515429076,294.9870300292969,388860
2011-09-02,292.64844770033494,298.7438018737809,291.3019057630635,292.66192626953125,889390
2011-09-05,291.3064778457949,298.20076786474624,291.3019849881742,293.68536376953125,1431550
2011-09-06,293.9950731478738,294.44392058779425,288.16904214425836,292.49591064453125,859080
2011-09-07,292.4913725461789,294.3495796654297,288.27219670051096,289.1698913574219,350070
2011-09-08,289.1474709817244,290.1304477829929,283.31245537859775,285.6195373535156,653830
2011-09-09,286.454380700655,289.68608705971604,283.8690156134062,286.243408203125,326490
2011-09-12,285.462466011277,288.78844073201424,283.316989591211,285.1033935546875,389660
2011-09-13,285.47141136936966,287.2623079371403,281.1579948516635,282.4910583496094,493860
2011-09-14,283.47859427932053,283.47859427932053,279.3626707319852,280.83038330078125,318930
2011-09-15,281.6427837008434,282.3250405781721,279.05295259346013,280.6508483886719,276010
2011-09-16,280.9785006664187,282.86366541516037,269.42517181142995,272.7960205078125,785250
2011-09-19,272.90367751076957,275.41271881768955,271.83092578565464,273.8686828613281,367370
2011-09-20,272.1451820109577,278.7342591161335,272.1451820109577,276.301513671875,385630
2011-09-21,277.20369023547397,279.08882748352903,275.60579451572585,277.701904296875,228100
2011-09-22,273.810356023861,280.978434895246,273.810356023861,278.4110412597656,428710
2011-09-23,278.28096222375535,282.7739301640833,276.04121754112896,277.4236755371094,731850
2011-09-26,277.39220296859037,280.33664099628027,272.989010801967,276.6067199707031,268400
2011-09-27,280.5296616391021,280.5296616391021,276.0411870528764,278.00714111328125,254850
2011-09-28,280.06276936961865,282.32494988470586,277.4953485844848,281.3464660644531,416720
2011-09-29,280.62384957469425,284.56920775037946,278.7341924495042,283.1598205566406,1037900
2011-09-30,283.667006545373,284.12034671091925,280.71358358023843,283.4515686035156,805400
2011-10-03,281.28809522022425,283.58169818268516,276.0500552782079,280.9245300292969,509000
2011-10-04,279.28630592444364,284.9283209690732,274.8741557547506,276.3553466796875,445760
2011-10-05,276.6695688876254,278.19114086619095,268.8506268735745,271.85791015625,690000
2011-10-07,276.92089967234585,283.21372154384034,272.00601520041704,280.875244140625,721310
2011-10-10,280.79449985063223,286.18513493469,279.38511222474006,284.8385925292969,562840
2011-10-11,287.1680771590012,288.1510540915428,283.22271825205956,284.7846984863281,271250
2011-10-12,286.0818259389145,287.26229663076896,283.67151792288433,285.0404968261719,335010
2011-10-13,287.08276705318315,287.9804617936815,284.12487822470393,284.726318359375,796350
2011-10-14,278.384160315011,285.4221126419331,235.81098941331263,282.45074462890625,174110
2011-10-17,285.4624389108213,286.7236989443542,280.5296106209379,281.5799255371094,215590
2011-10-18,281.8761623882753,281.8761623882753,278.01608577235663,278.5591735839844,167130
2011-10-19,280.0672509829717,282.28009239337604,277.2978706707875,280.6956481933594,263340
2011-10-20,279.63647625509896,284.5693057362411,279.63647625509896,283.4023132324219,224110
2011-10-21,288.6088820779683,288.6088820779683,269.30844361863296,270.6998596191406,1284980
2011-10-24,271.55714800919264,274.6048117476238,271.10380778839067,273.8058776855469,443100
2011-10-25,274.2156227888963,279.0647939862944,270.1543611854491,276.05712890625,470520
2011-10-28,272.8558416644644,288.0697700582221,272.8558416644644,275.660888671875,2075940
2011-10-31,278.60104271983363,286.08869815649706,273.031455588417,284.5173034667969,1024170
2011-11-01,280.9559163377231,284.91810966165633,280.9559163377231,282.14007568359375,343500
2011-11-02,279.3259462465542,284.0175410164439,279.3214393520172,283.5672912597656,520090
2011-11-03,283.56728310298837,286.33182312492676,281.0458955305431,284.5173034667969,333770
2011-11-04,282.77924622622083,294.4632284475285,282.77924622622083,290.50103759765625,1366000
2011-11-08,289.5151211738847,293.2026680444263,283.83747793099144,284.57586669921875,691400
2011-11-09,286.2507771326152,289.47455315719765,279.1998508632649,280.6406555175781,413030
2011-11-11,280.7667491132854,285.27823295833775,274.2921554564481,275.29620361328125,664540
2011-11-14,278.8800784479587,283.2069700757623,276.723365491782,279.0061340332031,559300
2011-11-15,279.0107085770383,281.3159846589545,271.0502978127562,273.3916015625,235430
2011-11-16,272.04087831937443,280.9558170169699,269.42943551639047,278.75408935546875,665880
2011-11-17,279.57812131651167,280.0553850213246,272.0769714878354,273.9139709472656,540870
2011-11-18,274.2020602104498,279.05125814801227,270.6135833851398,274.5757751464844,848100
2011-11-21,274.47223096507923,276.2462160428529,262.04534911297185,264.5487365722656,312320
2011-11-22,265.65182384469375,268.34881508930965,262.04531943284934,266.0390319824219,522600
2011-11-23,262.77476428195183,266.36774859399435,254.5036783404733,260.48748779296875,579200
2011-11-24,259.3438999391527,260.24439959171923,255.2015960411331,258.9251708984375,361640
2011-11-25,259.79407696821943,267.44381497625847,258.89357756798296,264.99896240234375,334250
2011-11-28,268.7990735112404,272.22096027205794,263.2204730785927,264.746826171875,232790
2011-11-29,266.26419479094574,267.79956184128815,261.32944759454443,264.6117858886719,1102210
2011-11-30,263.75631638599333,265.46726005869857,257.65093045088514,259.28533935546875,823270
2011-12-01,261.17639896975584,268.34887482636344,248.26774518581038,251.78419494628906,1198300
2011-12-02,253.31507429115143,257.8490938070918,250.78917910069313,257.4033508300781,657450
2011-12-05,255.3906409238491,260.15429080417863,255.3906409238491,257.0070495605469,730820
2011-12-07,254.84142474704748,259.4339788871131,254.84142474704748,257.17822265625,1069980
2011-12-08,254.84583934450532,258.88907289227154,253.76072216852864,255.08445739746094,1595270
2011-12-09,255.28259004651574,257.4122900143107,253.06286211512864,254.86386108398438,543120
2011-12-12,256.10216004108617,257.4168821694668,251.32952167575365,254.67938232421875,624690
2011-12-13,252.77915841684793,257.4077381490739,250.53241699269122,252.47299194335938,1145990
2011-12-14,252.18935244167722,256.6423285625415,247.1870848786584,250.6044921875,953480
2011-12-15,250.3163130548494,252.1398187477957,248.24965494880402,250.89712524414062,807780
2011-12-16,251.16734697111212,251.16734697111212,242.33342108919402,244.27850341796875,482820
2011-12-19,242.23891969448732,244.27405775581255,236.83592163948796,239.48789978027344,334960
2011-12-20,243.1258698680817,247.5473260501036,238.20464302066367,238.58737182617188,531340
2011-12-21,243.12135054625745,244.84130793305678,238.73141537127108,242.00924682617188,393670
2011-12-22,244.93588813920948,249.8886358773185,238.81250192815585,248.38031005859375,240710
2011-12-23,248.56031188400823,249.366276339217,237.81736191267996,239.8254852294922,540940
2011-12-26,238.37571948289073,242.68461284542488,237.82642798424388,239.80751037597656,280860
2011-12-27,239.08706928454166,242.4144207690167,239.08706928454166,240.51885986328125,777460
2011-12-28,240.43335487050166,244.76475505751148,229.62736139317573,234.05783081054688,891340
2011-12-29,235.46259843708347,237.73184708425103,230.5278517180616,236.53419494628906,1014870
2011-12-30,234.58007808361347,237.24104154180193,232.06767723017114,233.44093322753906,225310
2012-01-02,230.5278960213339,235.74630325926742,230.5278960213339,233.25640869140625,182450
2012-01-03,234.14788556533193,239.53288282426405,234.14340615162962,238.83950805664062,174850
2012-01-04,235.84536062581876,243.12589262889975,235.84536062581876,240.879150390625,341860
2012-01-05,240.78455201078145,242.3198914232391,239.53284463175873,240.58644104003906,719580
2012-01-06,238.45678270203422,241.7796283230672,238.1911507175419,239.5869140625,3815540
2012-01-09,240.13169880099244,243.13485683797873,240.1226850123546,240.95115661621094,430720
2012-01-10,242.1037461675651,242.6845583156222,238.18206187191862,239.22213745117188,338040
2012-01-11,242.10380047554327,245.8273471826216,237.73186555482746,244.96287536621094,1111290
2012-01-12,246.61079909548312,251.98678262863277,244.96289697374345,246.40370178222656,676690
2012-01-13,244.76021856534095,251.95522703938474,244.76021856534095,249.62290954589844,570680
2012-01-16,248.80796032346333,250.24876478495,246.39462865208236,247.5067596435547,179230
2012-01-17,245.91740134934236,249.8886073805775,245.11597109690535,246.34063720703125,528730
2012-01-18,247.59236665183593,248.1776858734937,244.03538237388616,245.278076171875,205430
2012-01-19,249.1456910768378,249.1456910768378,244.49012399691742,246.09751892089844,191140
2012-01-20,246.10654297994515,247.63740337505465,244.0354047805084,246.05702209472656,660940
2012-01-23,248.57388603579741,255.26909752180035,247.63735887480945,253.8282928466797,1106890
2012-01-24,255.29159373629497,257.3627314761222,249.43834731906068,252.5270538330078,1114090
2012-01-25,254.73329890796305,257.8174986540139,251.72112702909922,256.5027770996094,2868410
2012-01-27,258.89361317397453,265.55730415597867,258.89361317397453,262.6171875,1870510
2012-01-30,262.91883393285195,271.50509976121094,262.90982014412344,269.0782470703125,1515850
2012-01-31,263.3150712686975,273.75185753966963,263.3150712686975,269.72662353515625,638760
2012-02-01,272.85128793604287,272.85128793604287,262.315435132228,264.3145446777344,1463970
2012-02-02,267.44832987200095,269.60952300101695,264.7468315904656,267.2682189941406,898140
2012-02-03,267.43487266529706,267.44839335082344,261.1448958644404,265.6744079589844,685600
2012-02-06,263.4005805488106,271.5455822062821,263.3960736548553,269.573486328125,1137650
2012-02-07,269.699557142116,270.80718124326006,265.3816506381078,266.4532470703125,668170
2012-02-08,264.76041458338085,271.50064119119486,264.76041458338085,267.5069274902344,2582610
2012-02-09,271.0863908598367,276.0031106833475,267.6329553166324,275.3907775878906,1357500
2012-02-10,276.00302852088134,281.6761629760329,276.00302852088134,279.1052551269531,1391900
2012-02-13,274.1120968470989,279.1549005467377,273.1215417037837,275.0531311035156,328260
2012-02-14,275.0531100986567,276.4353802983718,271.95538924034383,272.5992431640625,409890
2012-02-15,273.29256981544756,279.60057287187504,271.7707235435174,272.9774169921875,466600
2012-02-16,273.7518446116016,277.79507852261554,272.4101091671495,276.291259765625,991920
2012-02-17,277.35390118837165,280.41559460138006,274.20665920659803,275.0531311035156,992440
2012-02-21,273.252050190877,277.2457628776125,272.6667310703151,274.23809814453125,301830
2012-02-22,274.2381370894331,280.055356412171,274.20210941320283,276.8360595703125,986070
2012-02-23,274.8684699566236,280.01034210069486,271.9508602498704,275.49432373046875,799050
2012-02-24,275.823022083391,277.9842431520907,274.0715712114689,276.1922302246094,530130
2012-02-27,274.6522500764343,280.50549475019443,273.9678619052574,278.91162109375,2250620
2012-02-28,281.4060769367815,287.37639266204224,278.2543288750896,284.4362487792969,1623880
2012-02-29,283.6572929462335,288.15978965966576,282.8468490340275,285.5078125,1154250
2012-03-01,285.458313054652,287.2593118751861,281.40606570845034,283.62579345703125,707510
2012-03-02,284.90905241977805,287.2503291548454,281.50513789899793,284.4452819824219,1839750
2012-03-05,283.53570885926365,292.64427814445594,283.0179382402474,291.2845153808594,1301960
2012-03-06,291.66731933821137,292.66238132791074,282.76589913479484,284.5984191894531,711040
2012-03-07,282.3245049180252,284.5352458874796,275.1925665012642,278.4118347167969,430770
2012-03-09,280.9558473230026,288.0697879609299,280.01932013722796,285.5934143066406,1397870
2012-03-12,281.4106043941505,289.2404542464353,281.4106043941505,284.5803527832031,1380880
2012-03-13,283.66181058476,288.8801890839022,283.66181058476,286.9576416015625,145490
2012-03-14,288.6100527614445,291.6717451728421,287.3583454259539,288.53802490234375,323340
2012-03-15,290.4111099762424,300.7668549831472,288.16436795649753,289.506103515625,611970
2012-03-16,292.66231993289006,292.66231993289006,285.91758787668425,289.0693359375,2442480
2012-03-19,290.861299562328,291.7617989417779,275.0215187755309,276.7369689941406,832210
2012-03-20,276.5432968407631,276.5432968407631,270.23980273652387,271.56353759765625,2624650
2012-03-21,272.2976568988769,279.0648990053931,271.95095566145733,275.8096008300781,994040
2012-03-22,276.45332502241683,280.04630895433843,275.55282559237634,276.5658874511719,574010
2012-03-23,277.09260751636924,283.2070049198266,275.95349029229357,280.1993408203125,704070
2012-03-26,280.0507620576656,282.75676672215076,274.29207920183904,275.6158142089844,316300
2012-03-27,275.61585302965347,281.2259466035518,273.8508544508209,278.8531494140625,811010
2012-03-28,276.9396528062732,287.34942591340604,276.9396528062732,279.55560302734375,865590
2012-03-29,279.1548119333347,292.57224739778934,274.6703150613529,287.1242370605469,991760
2012-03-30,288.17781656064335,293.11256331079375,288.1553095711943,291.9419250488281,1292640
2012-04-02,292.15810525333865,296.7146312309645,288.5200790148669,293.8690490722656,383640
2012-04-03,294.5848702851107,303.9185374639534,294.46329407618595,302.2436218261719,1661100
2012-04-04,297.1648265979948,306.16080755470307,296.5434797620776,299.281005859375,761140
2012-04-09,298.9612676850097,298.96577457858416,294.46327797348505,295.2782287597656,445740
2012-04-10,295.82307195643807,296.44441875198885,292.21206050418783,293.25213623046875,522050
2012-04-11,292.5677153741313,293.5402700247889,290.14537001564395,291.4781188964844,565060
2012-04-12,291.47816866048777,296.1427493182248,290.24899567824895,293.1711120605469,465980
2012-04-13,294.4633451615802,298.51559303077624,293.0270473175892,297.2638854980469,596740
2012-04-16,298.9658733124039,303.27927417929084,297.61512388478764,302.07708740234375,505180
2012-04-17,302.0275405815918,303.9185951140701,298.0788687810858,299.7087707519531,380400
2012-04-18,301.65835072777554,301.66736451767264,296.2643669442218,298.1689147949219,247670
2012-04-19,298.5156166460212,301.66736523806065,297.16937414439224,299.7628173828125,239800
2012-04-20,300.40663004580983,302.1175735503294,298.15988825497647,300.81634521484375,577960
2012-04-23,301.2170562925777,313.860075856775,298.2498986090301,312.5633544921875,1561580
2012-04-24,312.5679418090168,314.940739706492,308.87138084190786,311.75299072265625,1282660
2012-04-25,312.0230708977454,312.2031817867928,306.6290877878545,308.1779479980469,609440
2012-04-26,307.9708468618868,317.4260921602781,307.20992364101176,313.553955078125,3350750
2012-04-27,310.76244566047677,319.85749794214144,308.87589772801425,317.2730407714844,1037650
2012-04-30,317.5161069023504,319.64577927637856,315.17480287052837,317.588134765625,1109870
2012-05-02,317.60616703329885,319.58724933482284,313.5944265938271,317.9483337402344,572410
2012-05-03,316.34544449997725,326.5211047320366,312.56336331406834,324.50396728515625,947470
2012-05-04,324.44997205359863,328.6823308681626,322.3788341117869,325.5621032714844,1359200
2012-05-07,324.0897942688171,334.71570583172024,319.27662290076626,328.1780700683594,1432850
2012-05-08,330.84352111720614,333.0947699373845,326.11589859483144,329.1820983886719,1132290
2012-05-09,333.09475530522025,337.23705844859865,326.9803560835105,333.9727478027344,1961510
2012-05-10,330.5734675609911,337.14710481991864,326.9714685191521,329.02911376953125,771880
2012-05-11,327.15145189080334,330.84350527532115,322.6849821401369,326.3275146484375,724140
2012-05-14,324.63464755653945,336.3276229273019,321.92864157097864,332.937255859375,965470
2012-05-15,333.1802841498732,340.38878652605223,331.0506117794371,339.31268310546875,1094620
2012-05-16,337.5071840630502,340.92909847380827,335.88629603973385,338.0790100097656,964750
2012-05-17,339.4883141145397,340.83455648043747,331.47387399903,332.73907470703125,824840
2012-05-18,330.3031863505616,335.4360441937363,328.70029843325415,333.27935791015625,847440
2012-05-21,334.08533826329307,339.4883356476051,332.4284223631653,338.0700378417969,481580
2012-05-22,338.0474765007411,338.0474765007411,329.2225931842415,331.1136474609375,563920
2012-05-23,332.7299973133427,332.8785873982805,327.6016470062275,331.15863037109375,482750
2012-05-24,331.2891833896396,338.53371242217224,330.12305217388325,337.66473388671875,746560
2012-05-25,337.68280261128274,340.3617940962408,334.5355612836597,339.1145935058594,363680
2012-05-28,339.93855430939504,345.79180093988793,338.16006233699414,344.2384338378906,646970
2012-05-29,344.8913833777504,346.8724937002855,342.27993975700485,346.0215148925781,571380
2012-05-30,347.4082068646612,347.4082068646612,342.6400500554025,343.6711120605469,716730
2012-05-31,342.189815231129,377.3993517155975,340.48785795920014,362.140380859375,3861160
2012-06-01,360.10968864254494,360.19974407477554,339.0064883350488,340.3707580566406,1599420
2012-06-04,339.2992936594389,339.84858529200375,329.6279080802458,331.7621154785156,1108680
2012-06-05,336.2465220711159,342.09976906947594,332.4869474915184,334.8912658691406,954970
2012-06-06,337.6783179181594,346.1250081055763,337.6783179181594,344.35552978515625,1268240
2012-06-07,345.84876694371246,350.8413344455246,345.4039834309223,349.27093505859375,993880
2012-06-08,347.69138796706875,349.37979749437295,341.76839448985936,347.2375183105469,436580
2012-06-11,347.30561820861806,353.5372398781809,346.5748669904853,348.2269592285156,578730
2012-06-12,345.6671411054023,353.9275749149594,343.48857215723524,352.5478210449219,551600
2012-06-13,350.7188273639485,355.9201856254423,350.5690702644356,351.98968505859375,483950
2012-06-14,350.56899723900955,355.2892259000992,350.1741327825168,351.3496398925781,425710
2012-06-15,353.1106579983126,354.01839747902807,348.9350508466194,352.76116943359375,523980
2012-06-18,354.0183863672353,361.2803019850247,347.80036557910114,350.7505187988281,508560
2012-06-19,351.6581436215424,354.4630542903597,348.4719980201873,352.7565002441406,451290
2012-06-20,353.5645122293397,355.82477457253,350.1014840461573,352.66131591796875,485790
2012-06-21,353.10613127116005,354.7899980588304,349.0258465481274,353.7188720703125,924560
2012-06-22,352.29369367784983,355.1984433592457,350.6960633467755,353.22412109375,398890
2012-06-25,355.3754554663132,355.3754554663132,343.99239488116035,345.66717529296875,573860
2012-06-26,345.6671249292828,347.373679297788,338.2236790628742,341.2192077636719,1026500
2012-06-27,341.76384999363165,344.6686268645523,341.4960547084728,342.7759704589844,514730
2012-06-28,343.12558691016045,346.48423468823546,339.3130693081302,340.3161315917969,825040
2012-06-29,342.22237555715583,354.06382323768156,342.22237555715583,352.9790954589844,1040430
2012-07-02,352.02142516892366,358.4663822239557,350.39204801039625,355.9383239746094,605310
2012-07-03,355.92473135077364,360.00501674889637,354.2227194637692,357.672119140625,1355040
2012-07-04,357.7355992382764,359.82338900675813,350.6643007791308,351.517578125,1118120
2012-07-05,350.6597340038092,353.5599681582333,342.67163802599373,343.2298889160156,1452820
2012-07-06,342.3085895287491,342.8622973567708,334.06629890924654,337.1753234863281,1431720
2012-07-09,335.31895610386283,336.6624204979008,332.23264743313734,334.3612976074219,747410
2012-07-10,335.7727454543066,339.94835157479827,333.5488008969821,335.2371826171875,1188560
2012-07-11,333.5942954214464,337.8606825253288,333.5942954214464,335.3099365234375,595220
2012-07-12,335.30993419158915,341.03776868147065,334.34770475828753,337.9696044921875,811760
2012-07-13,336.95292063026955,340.579335577393,335.40975236672216,336.6125183105469,348430
2012-07-16,333.32191766765646,339.0996700650654,333.32191766765646,335.2236328125,339110
2012-07-17,335.59132037384813,337.5157237740965,330.41719389415124,332.4777526855469,538510
2012-07-18,333.95737581000844,333.95737581000844,327.6939784384299,332.6774597167969,598460
2012-07-19,333.321939671446,335.4006430824057,328.13872742683617,328.5245056152344,1053770
2012-07-20,328.6970242494252,348.06818201013107,328.6970242494252,337.4294738769531,4206590
2012-07-23,333.83483275061985,334.0481382375833,325.9148000196662,327.0177001953125,1637610
2012-07-24,326.7862237961479,329.1917279586895,322.3383057348804,323.77252197265625,1129990
2012-07-25,323.6045589678816,325.3338014488485,319.0840344013901,320.2822570800781,641710
2012-07-26,322.2429347127732,322.4880420730926,313.17008409993815,314.90386962890625,1221300
2012-07-27,320.34127683496365,322.05691785561737,315.0809417349841,318.2625732421875,633580
2012-07-30,319.52432664521496,326.3096854290067,318.6165870808819,324.6575927734375,468970
2012-07-31,325.0615288520425,333.0223944990979,323.2097324678452,330.6259765625,744190
2012-08-01,329.29161026778206,333.8665976855256,327.79381783845986,329.23260498046875,324300
2012-08-02,328.1478030570233,335.75466389216035,326.33232420193605,331.4429016113281,756250
2012-08-03,329.0555645307165,342.1224644929434,329.0555645307165,341.0604248046875,1126450
2012-08-06,343.5793579168612,344.02868448102305,338.12837846659875,340.22979736328125,1003450
2012-08-07,339.5171895939862,342.0633917078923,337.68810929093246,339.8394470214844,814570
2012-08-08,338.7683875601369,341.1284880642471,337.67908909515467,338.7138977050781,522180
2012-08-09,340.40225618733604,342.0361759362326,338.6639275758442,340.40679931640625,926090
2012-08-10,338.13290650307783,340.7517433818444,335.51861275336387,337.0799255371094,843770
2012-08-13,335.5005697675858,343.5794468614413,335.0466999566724,342.4583740234375,290330
2012-08-14,342.2178263257368,346.48421349070935,341.4916457326416,343.3025817871094,586760
2012-08-16,341.7775449589672,343.6883188426268,335.4097391846534,336.9483642578125,655810
2012-08-17,335.40975597635713,338.6413064835408,332.52769405249364,333.9165344238281,1033540
2012-08-21,333.2765637571183,337.13445676955047,330.9936132383371,335.32806396484375,895170
2012-08-22,334.9559238555381,338.3871785528069,333.04966508994096,335.1419982910156,504670
2012-08-23,335.8635559082031,337.66994833074307,334.2704689336689,335.8635559082031,387880
2012-08-24,335.1238257641556,335.1238257641556,331.42026056457826,333.7349853515625,303450
2012-08-27,334.2978058395098,336.7623156043902,331.5110385340815,332.43695068359375,423870
2012-08-28,331.3249548925961,340.3887215260473,331.3249548925961,338.21923828125,1165820
2012-08-29,338.5868119882294,339.3947133888655,333.2447565054879,336.0678405761719,395020
2012-08-30,335.77282415197425,345.54465283590434,331.3249062928287,335.53228759765625,1127310
2012-08-31,335.9544117666019,341.26920908312417,329.5321433930372,330.4807434082031,770560
2012-09-03,331.3476189031491,334.161617007828,329.5094518814032,331.41571044921875,580650
2012-09-04,331.23420781887853,335.85914265418734,330.0995332047401,335.2464294433594,412670
2012-09-05,333.3219635772393,334.0481441140738,331.01629743467123,331.4474792480469,256670
2012-09-06,330.517094876992,337.64740032280747,329.0737920520029,335.8863830566406,400490
2012-09-07,337.98313470100265,342.72153537836465,336.862089862322,342.26312255859375,527240
2012-09-10,343.12103944331415,343.12103944331415,337.7699242592337,339.3720703125,427150
2012-09-11,337.6790231012775,343.12545895774974,337.6790231012775,342.7759704589844,283050
2012-09-12,341.76847115050987,350.1151426546353,341.76847115050987,349.0621337890625,625690
2012-09-13,350.5599142697278,351.7490507800751,347.7595457123385,349.434326171875,463350
2012-09-14,353.9275676800043,355.56151513423396,350.60069519953174,354.1454162597656,645200
2012-09-17,355.8338542086888,356.3739602740502,350.3874176646783,352.61590576171875,418010
2012-09-18,352.6567965907314,356.2877545993876,351.44951524173814,354.06378173828125,439200
2012-09-20,349.4796799114871,357.4950068748588,349.4796799114871,353.6325988769531,614350
2012-09-21,354.2181688765046,360.23648721458454,353.2060480269838,358.24853515625,1257940
2012-09-24,358.2847971794068,363.0050260299828,356.99579488091945,361.271240234375,773590
2012-09-25,360.37262882135474,364.91132691734157,355.82938759494954,357.3316955566406,836030
2012-09-26,354.2452794817997,359.0109110443351,351.38590608467973,353.39654541015625,908400
2012-09-27,354.01846714438085,356.48297699525943,349.752079664655,351.3224792480469,1049260
2012-09-28,355.28925438663236,360.04582846676453,354.01842455683084,357.1773681640625,822900
2012-10-01,359.2831864540267,359.46474538603326,354.01830984988123,357.61749267578125,720100
2012-10-03,357.6447753332212,359.0880776342476,352.0213231825184,354.74908447265625,746950
2012-10-04,354.4722620497367,358.55708965338283,349.57501759542237,351.65826416015625,807190
2012-10-05,353.55542015425294,353.92759664313945,311.5724717033969,345.9621887207031,1765020
2012-10-08,348.07267461326944,354.73547830514093,346.8381346575563,353.0970153808594,655820
2012-10-09,354.0182959607497,355.65221547669057,350.4781185415427,353.25579833984375,508650
2012-10-10,350.5008432576167,357.16364651029,350.5008432576167,353.6552429199219,866190
2012-10-11,354.10918452094916,356.65084404036395,351.65827678993327,353.5917663574219,512730
2012-10-12,352.74753166369146,356.25139240387625,351.47670206108575,353.9275817871094,463590
2012-10-15,354.1046194565822,355.6523030194616,347.255713163853,351.6446533203125,309520
2012-10-16,352.9290835399081,354.7445624217019,350.6143590464248,352.66131591796875,336440
2012-10-17,353.5645756567041,357.8309628750875,352.6976965240188,354.8172607421875,505580
2012-10-18,355.28926079949457,358.37556978529443,354.1092104438107,356.1697692871094,300500
2012-10-19,354.018359132847,356.1696970367947,351.7490106768672,352.3572082519531,478790
2012-10-22,352.6294875344504,357.6447416344481,348.84420245860656,356.66436767578125,392130
2012-10-23,358.01246950143604,358.01246950143604,353.564551290051,354.9443054199219,385570
2012-10-25,354.9261734873232,355.83391306145955,351.41776889793033,353.6689453125,1313130
2012-10-29,359.16053640253716,359.16053640253716,354.15576597152483,357.754638671875,241760
2012-10-30,356.79454447789414,358.9784381675561,352.39035100232337,353.7871398925781,156350
2012-10-31,354.4150733668023,355.78456496730115,350.42947958428954,352.2630310058594,247300
2012-11-01,351.69887418734345,353.78724065248963,349.5468317477736,352.9364318847656,282210
2012-11-02,355.78908991896975,356.70360232216,353.05466117740116,355.1839599609375,374440
2012-11-05,354.24677053325394,361.2534608567534,353.1730263571542,360.0705261230469,492210
2012-11-06,361.24884557692354,373.9018130413793,359.4380376732493,372.65972900390625,1475370
2012-11-07,373.54699727334577,377.17772206870876,372.341291396479,374.94378662109375,799130
2012-11-08,370.71696796359663,382.16878422272936,370.71696796359663,380.18963623046875,871030
2012-11-09,378.656416368572,381.72752578339674,373.0920299743942,374.3841552734375,415070
2012-11-12,375.8127160598299,378.54259051062763,371.5086040119732,372.1365051269531,388480
2012-11-15,368.55580974186967,373.8062862621156,363.0960606108904,365.3436584472656,1038430
2012-11-16,366.25821486713204,367.5185159959056,358.1641458052433,359.5290832519531,440200
2012-11-19,360.34338670462415,360.34338670462415,350.33384818505124,352.7679748535156,684050
2012-11-20,352.158370534562,357.5180097842558,348.69598631809737,350.329345703125,514810
2012-11-21,350.69789761691305,358.0685648617861,349.06453813891795,356.69451904296875,961050
2012-11-22,357.6135437276476,362.9822911202513,357.4816097963988,361.075927734375,686100
2012-11-23,361.0714038784022,370.1709859093067,361.0714038784022,368.9061584472656,758030
2012-11-26,372.6233272664203,375.0756712709432,368.53306961593694,371.57232666015625,497240
2012-11-27,370.4666867297714,376.1675874829065,370.4666867297714,375.25762939453125,510620
2012-11-29,374.44775784678916,398.056627396904,374.44775784678916,393.0837097167969,2186930
2012-11-30,391.7416296934874,398.19323115787034,390.4085440234231,394.0438232421875,2510700
2012-12-03,393.1291681987362,398.8300686094767,391.736933517928,395.52691650390625,631600
2012-12-04,397.8246937303847,399.244226536492,393.2840104448059,396.0138854980469,832250
2012-12-05,395.9227924466062,401.6919237244433,395.9227924466062,398.36602783203125,1481090
2012-12-06,397.8337235207887,398.9984688690313,394.4668671797633,396.4278259277344,607840
2012-12-07,394.64895767101046,397.37883279134564,391.3731019726631,392.4241027832031,417720
2012-12-10,394.01187497427907,395.4177725205194,391.30474395140124,392.72430419921875,366760
2012-12-11,395.2858562393724,395.2858562393724,389.0162583689557,391.3002624511719,462050
2012-12-12,393.6479852061611,394.92192133393854,389.8215948182276,393.1474914550781,1204090
2012-12-13,394.7354250288108,395.190404238818,390.82714139616917,392.15570068359375,638300
2012-12-14,393.7298957386956,393.7298957386956,387.9152483303845,389.53497314453125,671250
2012-12-17,386.73685337180905,388.92985632987,384.4574032596226,386.6777038574219,407780
2012-12-18,387.64212708982006,393.0063197668879,387.059740611677,390.8724670410156,606600
2012-12-19,390.8725229778889,404.744858682844,390.8725229778889,403.0978088378906,806400
2012-12-20,403.5664517462527,409.25369035598004,401.29155630236176,404.40362548828125,823270
2012-12-21,403.65750377663653,403.65750377663653,394.9583047290329,396.3960266113281,451660
2012-12-24,398.10676078760685,399.0167190979785,394.46692754612013,396.83282470703125,364270
2012-12-26,397.7518862883144,404.3854905228836,397.67454760306674,402.5337219238281,382830
2012-12-27,403.6574595690444,404.5674177611434,394.0210056470828,395.5042419433594,743630
2012-12-28,396.37784929369565,401.1687654027729,396.37784929369565,399.8993835449219,292430
2012-12-31,399.8993109152719,405.83222808026653,398.7254571214836,403.343505859375,379160
2013-01-01,404.47646057356945,405.3682296963438,401.29160655330514,402.4790954589844,299620
2013-01-02,402.7520704482121,405.56839226729886,396.7417863708838,397.8291931152344,614960
2013-01-03,400.1631917265566,402.92944441708386,397.6516984291155,400.081298828125,508860
2013-01-04,401.19153312422736,402.20157352011586,398.5617402755899,400.56365966796875,713090
2013-01-07,403.83486335906287,403.83486335906287,398.5616440011484,399.867431640625,519650
2013-01-08,399.0166308332894,401.018549781161,396.05015851136625,399.8446960449219,672700
2013-01-09,399.92662578495805,401.2005617010912,396.2867930133088,397.119384765625,393240
2013-01-10,398.57080344019556,401.93763214684645,395.8318203487134,396.9874572753906,832720
2013-01-11,397.03753253148415,399.33517148930196,389.91709833268953,391.23199462890625,530530
2013-01-14,392.1919242554754,398.4706293218634,390.8360956310174,397.2467346191406,302470
2013-01-15,397.24684804283845,397.251402277598,389.46671550846145,392.47412109375,535140
2013-01-16,391.10002232499244,394.7398551163641,387.9606832042667,389.3074035644531,421340
2013-01-17,389.0070768918722,394.92180437677786,389.0070768918722,394.30303955078125,1190180
2013-01-18,395.01285696479755,396.5506885318816,389.0071273396449,392.28753662109375,736430
2013-01-21,392.3784982119523,395.74080029543285,389.0617106985409,390.18096923828125,445250
2013-01-22,394.01186576124144,405.3226385224034,392.2829508880572,401.5690612792969,1862370
2013-01-23,401.5690983108585,408.54848995003334,401.30067619188287,404.2489318847656,1239080
2013-01-24,404.38548772361133,407.29736556977366,399.471718156722,400.84576416015625,579610
2013-01-25,402.0923421171697,406.71491764942937,397.8974202887614,400.9002990722656,296880
2013-01-28,400.8411556811561,402.0195360412895,395.4314473237976,400.308837890625,579060
2013-01-29,399.10773330624437,404.2489923710876,397.2878166270273,403.25714111328125,609480
2013-01-30,404.0168662920581,408.5712112976739,403.2661674765609,407.092529296875,702210
2013-01-31,409.25365908898607,415.79626010733904,407.88872192693276,409.5857849121094,1377750
2013-02-01,412.93910279905015,414.4860431569225,409.9408054802788,413.3531494140625,469130
2013-02-04,413.84896796858095,424.67749249528464,413.12101253455774,422.4890441894531,1578080
2013-02-05,420.85571956722134,425.5875139005153,419.9730588932319,422.1205749511719,581760
2013-02-06,422.63005513255536,424.4954581494407,419.74092147260154,420.77825927734375,722520
2013-02-07,419.4953220351635,422.6756217860709,417.98478795540194,418.93115234375,410770
2013-02-08,420.218749049316,421.9431378710907,410.550441715686,411.6196594238281,555190
2013-02-11,412.2110196088647,416.2375730964948,407.21535852243113,412.5295104980469,462880
2013-02-12,413.121064809332,413.121064809332,407.37923020503564,410.345703125,208800
2013-02-13,411.6651066926272,411.74699960274995,405.89142048633767,406.8468933105469,330480
2013-02-14,407.21546636276486,413.83085350953513,405.11346481510725,411.8562316894531,1626580
2013-02-15,410.5686395643416,416.3059199494025,410.5686395643416,413.3394470214844,384090
2013-02-18,410.84609908439137,412.9116940594335,407.97518227134566,409.854248046875,393310
2013-02-19,408.5712255977868,418.48976427327676,407.6794565782247,414.8408508300781,407070
2013-02-20,416.75176394218465,418.37148849273063,412.52046369545104,414.5314636230469,856240
2013-02-21,413.9172902216908,414.9819536732562,407.8569644867376,410.72332763671875,548690
2013-02-22,409.67223484100157,414.2766206775295,407.247216460722,412.87530517578125,684190
2013-02-25,414.75892750955995,414.75892750955995,408.66222436284227,409.67681884765625,477940
2013-02-26,409.2082761134578,409.390251119404,397.669983271152,400.3907775878906,597970
2013-02-27,398.6618087430464,402.5655375399814,394.54880731432263,396.5643615722656,587380
2013-02-28,398.56166701609277,403.53913917386336,384.45731578607126,388.7523193359375,1592310
2013-03-01,391.1910540299968,399.0167006921569,388.56128907458475,396.659912109375,772430
2013-03-04,394.1028869380446,396.7417600634216,389.0071156585155,394.0027770996094,721440
2013-03-05,395.55886007033644,404.93141888265296,390.5540897245958,403.557373046875,785270
2013-03-06,404.2261439870418,407.66123027301035,402.01947892473794,406.13250732421875,591600
2013-03-07,402.6610972032932,419.6818547840034,402.6610972032932,417.2568359375,977840
2013-03-08,417.8664375261751,426.58837880638816,417.8664375261751,424.6410827636719,608210
2013-03-11,424.4955048842882,434.50504519238507,422.9394841210059,432.8443603515625,1244470
2013-03-12,433.2310953212439,434.05005212980905,429.81419791006476,432.4485168457031,787720
2013-03-13,429.95526656603283,439.47797617464727,429.51395015098166,435.9427795410156,1453120
2013-03-14,435.07836324691425,449.97437606604603,434.96006422562186,445.5565185546875,1590670
2013-03-15,444.96952228134205,457.2539569455509,442.2669455444274,455.6433410644531,3093410
2013-03-18,453.1591372282609,457.7089277626812,449.9742838541667,455.20654296875,2528290
2013-03-19,455.4295763511125,455.4295763511125,445.8795684056613,446.7303771972656,2170700
2013-03-20,445.7884722359399,456.7398214148078,442.7901758165436,454.3056945800781,1901160
2013-03-21,454.98820982512666,459.5288923703568,444.5145820255828,447.03515625,1570570
2013-03-22,445.78851872273805,454.9791021399083,443.8776009398063,450.7659912109375,1153710
2013-03-25,452.7041943757787,455.09738883141284,442.057672565988,443.97314453125,1665560
2013-03-26,444.0595985428491,448.3136419906737,443.6046194459814,446.1752624511719,1162070
2013-03-28,445.39261312022205,448.15433913129556,441.06575815408416,447.4491271972656,1029400
2013-04-01,447.8814665750894,453.3412161338119,444.15063215601793,450.8797912597656,688780
2013-04-02,450.8797259012338,452.2401089430479,443.6773990999383,445.00140380859375,520130
2013-04-03,444.969552264764,447.14889211975907,440.49710001197997,444.523681640625,758590
2013-04-04,440.69282094460476,445.58840134572574,434.50511522830124,435.7426452636719,574890
2013-04-05,435.4149877479683,439.50979954497114,430.61951815168857,433.82708740234375,734940
2013-04-08,434.05006448868164,435.68345168798174,419.5817345596697,420.6236267089844,906040
2013-04-09,422.0385996890822,424.72754170607004,410.53674254573673,412.3566589355469,935710
2013-04-10,417.54334842244765,417.54334842244765,407.3472804239975,412.7751770019531,700260
2013-04-11,417.30689081518034,418.38974343680377,410.49583835446947,414.45416259765625,713140
2013-04-12,416.57889286726413,429.3956753395994,413.21206386569025,424.2225646972656,963060
2013-04-15,423.31255961726924,428.1398811336247,420.40068231155226,422.41168212890625,527360
2013-04-16,421.7656264657985,429.4001891071264,421.7656264657985,426.56109619140625,855260
2013-04-17,426.7704570342546,428.31739730410226,422.2206653814374,423.1624755859375,1930760
2013-04-18,423.22157118606526,426.73399656513504,418.1030562286783,423.0850830078125,540750
2013-04-22,424.0495932893164,431.3201497972686,419.7181837425952,422.8711853027344,655860
2013-04-23,427.2026763744684,427.2026763744684,419.97760528593284,423.08056640625,421830
2013-04-25,424.2225256634575,426.63390934926514,422.2206065074735,423.3262023925781,1946230
2013-04-26,427.86231589441684,435.36491609389265,426.970546946466,428.1853332519531,2005270
2013-04-29,428.59037573183923,433.7771493485857,425.5875243346015,428.9316101074219,1219140
2013-04-30,429.1272147011833,429.1818099754854,421.40623215496424,425.9742126464844,494960
2013-05-02,424.95041296385205,432.220968958873,424.95041296385205,430.1690368652344,1284490
2013-05-03,430.2282768496182,431.23379077690714,425.760405995369,427.2481689453125,438070
2013-05-06,428.15811023153486,445.3335726096251,428.15811023153486,441.8712158203125,894460
2013-05-07,444.96958885971384,450.3383370363876,442.6992474455995,445.8795471191406,1010350
2013-05-08,449.42841035331134,449.42841035331134,440.52446482687174,441.65283203125,686830
2013-05-09,443.14967493629365,448.1681080958911,417.6708435231186,425.0369567871094,3269420
2013-05-10,424.67751565781185,424.67751565781185,418.9447621657573,422.10687255859375,1607860
2013-05-13,429.5094301069342,435.774474177917,426.3336567266682,427.6349182128906,745550
2013-05-14,428.8633352432357,435.41504610442047,427.9988915209545,432.1391906738281,908190
2013-05-15,432.5032123331919,441.1478170516651,432.5032123331919,439.0048828125,895580
2013-05-16,436.7799224653257,446.69846098403184,436.7799224653257,442.37615966796875,853000
2013-05-17,442.87662632242933,445.7884756328331,435.5059600262672,437.94464111328125,675110
2013-05-20,441.2341965372646,441.2341965372646,433.65881075238553,434.377685546875,445210
2013-05-21,432.41216459103623,439.05484860189125,429.8642648699592,435.41046142578125,523650
2013-05-22,436.3477172524902,441.46623232633664,433.1810803660924,440.0239562988281,403560
2013-05-23,432.6850955963135,439.52797081243096,432.6850955963135,436.7799072265625,597040
2013-05-24,437.694495332881,439.05487854449007,433.34945001625584,437.23040771484375,505090
2013-05-27,437.41689095379115,440.44248512093355,434.14103608125936,439.1503601074219,785040
2013-05-28,439.5098307586824,443.60464284649623,436.9937828908148,438.75457763671875,663290
2013-05-29,441.6937112709498,442.2396917529841,434.9509175766705,438.1721496582031,339930
2013-05-30,435.9609963417793,450.33832536006014,435.9609963417793,447.1170654296875,693880
2013-05-31,446.7894342949279,448.6002420567789,441.34787477220084,442.521728515625,582840
2013-06-03,440.70189642063923,442.2306196803733,423.5855832379097,427.1617126464844,928510
2013-06-04,427.6803445552795,432.79430508318956,424.05417453782417,425.8877258300781,702350
2013-06-05,427.1344250044566,428.6995544078754,422.4026584560146,425.4282531738281,428150
2013-06-06,425.7171555986079,427.32670272983233,422.3329867555797,423.7132263183594,478640
2013-06-07,421.14071123525844,427.20284942822656,418.20592164247626,419.7466735839844,514400
2013-06-10,420.5124496561587,423.1445743165803,414.9959704488823,416.11944580078125,1006600
2013-06-11,415.4545916016403,416.8302690572749,409.6171425544644,411.75860595703125,1084780
2013-06-12,411.3275017613736,414.53741537601087,407.20965010911397,412.3454895019531,726820
2013-06-13,409.5436910711223,414.75291547539473,405.97152593244067,407.5856628417969,585410
2013-06-14,409.49328630032187,421.40205298379976,409.40156888043674,418.1600646972656,586880
2013-06-17,416.4633792082095,425.0659523814746,414.995984494121,419.6136779785156,609850
2013-06-18,417.48142207551854,422.51642067786287,415.7389028673974,419.60455322265625,637000
2013-06-19,417.5869099234366,423.7086635093676,417.5869099234366,422.84197998046875,538200
2013-06-20,418.75621325743697,421.41585067821734,414.07890442048995,419.4577941894531,957840
2013-06-21,416.3717058112629,422.40176979446005,413.8221180714192,417.9949951171875,882670
2013-06-24,414.5466815691464,418.16013017022095,400.7899060792376,402.908447265625,869780
2013-06-25,401.0649285081144,406.0265409662925,393.87472570389275,400.0010681152344,1410210
2013-06-26,400.7805562608175,415.3627265088189,400.413714667376,412.06109619140625,934730
2013-06-27,418.11416128073915,431.0363527265313,413.41393073620804,416.1973876953125,1677620
2013-06-28,418.3893787827338,426.64344346551985,416.83026648069364,425.2218933105469,1249300
2013-07-01,422.4338640549771,434.73701439080094,421.874435303382,432.1920166015625,1020000
2013-07-02,429.40389732758905,434.2554603602922,427.835633068799,428.9912109375,530990
2013-07-03,427.37711104739327,429.44062714150624,417.0136858589173,419.24224853515625,630880
2013-07-04,422.18164186921683,423.70865166484305,415.211537239855,418.682861328125,303550
2013-07-05,421.87439304574633,430.0780224711693,419.12303830849146,428.18414306640625,353290
2013-07-08,427.95486686575,430.9538332810148,424.62572334713684,428.56475830078125,653300
2013-07-09,429.23889216035604,437.83228646016477,429.23889216035604,436.7821960449219,533050
2013-07-10,438.74932940011337,444.6922652509278,437.4699596215228,438.6392517089844,712580
2013-07-11,441.1338320823913,448.2552679826847,441.1338320823913,447.04925537109375,468740
2013-07-12,449.3375577579451,449.3375577579451,439.45561311124897,442.66552734375,646070
2013-07-15,440.68449385904756,443.70179271301845,438.93738473375373,441.3769226074219,333500
2013-07-16,436.10804744471665,445.60940679147865,436.10804744471665,443.5046081542969,336360
2013-07-17,442.9680976202007,461.525971256959,441.6795476483087,459.6183776855469,1478710
2013-07-18,460.0264245909805,479.56105606604706,459.1184586793974,478.1028137207031,1825930
2013-07-19,478.83662718596946,481.28078330596225,472.32051950879566,473.728271484375,846650
2013-07-22,475.97510780797097,479.1896111863709,455.55548812081145,463.172119140625,1718900
2013-07-23,460.7601899525156,463.6903893941781,449.4796469971954,453.1527099609375,2053240
2013-07-24,450.30506027895575,459.9302118245209,448.9293829053948,457.2797546386719,1079600
2013-07-25,459.27447974222906,469.3811128612762,456.440587685938,465.9327392578125,1638100
2013-07-26,469.10595300669894,474.4848422213059,462.13584918256123,465.4879150390625,1259820
2013-07-29,465.43748723266714,471.1694759916901,463.59866076065634,469.3994445800781,420570
2013-07-30,478.2772043221614,479.1026332015085,460.98951837653317,468.4181823730469,898758
2013-07-31,469.5644582525729,470.98598008519684,454.11101296438954,465.5291442871094,800891
2013-08-01,472.31593220907934,472.31593220907934,445.99462537417463,456.9083557128906,841361
2013-08-02,457.6419197712553,462.36507226343434,451.222093241398,456.22039794921875,986501
2013-08-05,456.8165711049063,458.97180442578383,430.1284264663832,433.61346435546875,1753463
2013-08-06,431.0455251643543,431.0455251643543,398.1668342961943,401.10162353515625,1513183
2013-08-07,399.221464835794,403.0275270277238,377.8526260620398,388.1243591308594,2441631
2013-08-08,388.12446692617124,398.94645142469915,388.12446692617124,395.09454345703125,1000667
2013-08-12,395.69065694976723,403.34857149753344,383.8139651135671,400.6889343261719,1050655
2013-08-13,402.5231237154474,405.18276057623973,395.2778964090742,403.4861145019531,576780
2013-08-14,405.45795685347423,407.1546311003465,394.3608211716953,398.7171325683594,808688
2013-08-16,398.4420178240262,400.78065806596254,379.77865663909864,383.9974060058594,1875723
2013-08-19,383.99734316466555,395.14032200319957,365.15055022659095,391.7928466796875,1450144
2013-08-20,386.01510001231475,388.81232771547,376.93563413089544,383.1720275878906,1339308
2013-08-21,387.9410531817415,392.2056478141075,376.9356332333233,380.7416687011719,1405177
2013-08-22,378.7697708240908,389.316628849459,377.85265273492837,385.4647216796875,715086
2013-08-23,384.27251075580284,390.4172136505294,380.60403809942284,385.2354736328125,986872
2013-08-26,386.56536182534563,398.4420549557221,386.10680267727287,392.3890686035156,813600
2013-08-27,387.665812579447,394.8193222045898,371.4328118301019,376.0184020996094,1618168
2013-08-28,367.39753663215345,369.4610524704651,342.45191174705167,359.51031494140625,2461413
2013-08-29,357.40097812262326,375.5599075102456,357.40097812262326,369.7820739746094,1479215
2013-08-30,374.36759698270305,389.72932422900186,361.1152300435924,386.06085205078125,1514956
2013-09-02,385.1896385017979,392.43486658073414,383.6305263887621,387.3907165527344,533907
2013-09-03,387.023878826779,389.72938870107185,362.26168752743536,365.1506042480469,1313672
2013-09-04,369.59865501696737,375.5599236462733,365.9301820143176,369.873779296875,668024
2013-09-05,376.0184997014078,378.86157200411304,369.46110951157783,371.9831848144531,1025465
2013-09-06,373.08366389638627,391.42602747021505,372.80853963806913,389.866943359375,1558392
2013-09-10,394.1773964452213,412.97831979708377,392.5724395737208,408.8512878417969,1598104
2013-09-11,411.5109224099368,411.5109224099368,398.94639264179057,407.750732421875,875515
2013-09-12,409.53913206667846,414.399875450788,399.4049868784853,402.1563415527344,1740100
2013-09-13,400.7806677164594,408.94301439038486,399.8635494836986,405.687255859375,596005
2013-09-16,412.7031465638217,420.68208525934494,400.32205216690704,404.77008056640625,1263167
2013-09-17,404.49497625982247,407.1087687620072,401.1933730867752,405.09112548828125,463021
2013-09-18,405.36628834460055,411.32755729084465,402.1563742966229,408.5762023925781,618855
2013-09-19,414.53738976552165,446.132120158648,412.7031535276211,439.39129638671875,1571260
2013-09-20,440.4459952953604,450.5801397440344,430.4952576853163,447.69122314453125,1366454
2013-09-23,444.8023520696361,453.92768986924244,439.98748124826375,445.8111877441406,1698587
2013-09-24,445.71953923675244,462.96135383909524,443.0599014932742,445.0775451660156,1854893
2013-09-25,448.9294492166367,449.20457353669633,432.46716301942644,438.2450256347656,1269349
2013-09-26,437.28194011829487,444.16032651689363,436.96097114360765,440.0332946777344,1423622
2013-09-27,443.8852427303788,445.9946035563268,429.3030678333695,430.8621520996094,1022869
2013-09-30,431.04560631932156,431.229041176877,418.57279168775483,421.18658447265625,1184167
2013-10-01,423.7086681272027,425.542904785762,413.62036650512647,416.6927185058594,1194903
2013-10-03,419.12307516593773,437.6488765545601,419.12307516593773,431.779296875,1872476
2013-10-04,429.1655425222621,436.64005146744057,427.3771505467847,428.385986328125,1105813
2013-10-07,430.8621230678313,430.8621230678313,418.3893378254231,425.08428955078125,1246791
2013-10-08,426.4599583760692,432.28366448057045,419.58157195064877,421.5992431640625,1062402
2013-10-09,417.2888011787228,433.0632461768139,416.0048412342799,430.953857421875,1219033
2013-10-10,428.29421198000585,443.42666272448145,428.29421198000585,439.895751953125,1241962
2013-10-11,444.8482360839844,447.4620289298439,436.7317612301163,444.8482360839844,732464
2013-10-14,441.59237662996844,441.59237662996844,429.7156857309237,431.5957946777344,922169
2013-10-15,434.6222690232435,443.3348911141877,431.5957904395735,440.95037841796875,984845
2013-10-17,444.25206724174103,449.3420902366977,441.77586480126223,446.0863037109375,963435
2013-10-18,443.9769106476117,453.6066514099019,436.8233721455467,446.5448303222656,2524634
2013-10-21,449.38789298186805,485.8891841144931,447.7829362212185,473.0495300292969,4416370
2013-10-22,486.07263510065025,487.17318811126273,468.00539577048676,479.83624267578125,3048277
2013-10-23,482.4042351838816,482.7711049016016,472.5452132671008,478.87335205078125,978398
2013-10-24,478.13801680040956,490.3154867141153,476.48373021973674,479.2868347167969,1415249
2013-10-25,475.15115462425354,480.0680735350268,470.64776534373357,472.1182861328125,702992
2013-10-28,475.97826271350914,476.98920004453964,459.5271676729669,460.9516906738281,1054082
2013-10-29,461.3653912553438,478.8274279761636,455.39153658769493,476.98931884765625,1519476
2013-10-30,478.8273643280621,486.54744407945736,475.24302956606476,485.4905090332031,1579868
2013-10-31,486.6391228440968,498.0813570647351,483.9738436428015,495.7837219238281,1791990
2013-11-01,495.3703969365478,500.8387826671125,489.5344230468572,498.86279296875,1033935
2013-11-05,492.0156507068741,506.7205181213049,491.9697092151275,503.8255310058594,1376974
2013-11-06,505.47980198684996,510.7643635530761,497.4840193546803,507.6395568847656,1527805
2013-11-07,507.3179811953282,513.2458927380027,503.228178280173,506.7665710449219,880347
2013-11-08,505.4797367877961,516.2786220737172,502.4009281015684,511.54547119140625,896874
2013-11-11,506.53674704565816,511.4996060912053,501.0683633121444,502.26312255859375,942969
2013-11-12,503.6417196713847,506.3529408775905,485.35251799729537,487.5123291015625,886182
2013-11-13,480.7573209667214,488.75310524552026,476.25398818747715,480.5275573730469,922754
2013-11-14,482.73336013000375,487.328632477743,469.7287449953651,471.6128234863281,1141064
2013-11-18,476.2539852710394,485.16882386994456,473.35894157061784,483.69830322265625,1208180
2013-11-19,485.2606502214463,491.0506808517554,485.2606502214463,488.29351806640625,840508
2013-11-20,488.8449530215596,493.53210701908966,479.1948838899014,481.860107421875,869675
2013-11-21,478.7354795489246,478.7354795489246,465.2253680813273,468.0284729003906,617352
2013-11-22,470.5558642549792,473.221144517713,464.2603358522611,466.9715576171875,654192
2013-11-25,468.85554264655536,477.4487059080685,468.85554264655536,474.5077209472656,559626
2013-11-26,471.93437233227166,474.09412745037406,464.12241095968295,465.684814453125,889816
2013-11-27,465.86869215847,465.9146617090698,459.1596059346938,463.8927307128906,522030
2013-11-28,468.62583263860995,471.65872898497986,459.0217309933913,463.984619140625,1494607
2013-11-29,464.16844554169717,467.61489977959906,461.5491627587449,462.88177490234375,1045856
2013-12-02,465.04149877014345,467.75272030798544,462.2843357339568,464.21435546875,957110
2013-12-03,463.2035101656897,472.8076417838865,461.54922313402597,463.6170959472656,2162803
2013-12-04,465.08743489387314,466.4200748982216,460.44622172218527,461.68695068359375,740212
2013-12-05,466.78772383983346,467.7067782392217,462.37627394169556,463.984619140625,966233
2013-12-06,464.07655282065815,469.5908794858931,460.85986226593775,463.8927307128906,877218
2013-12-09,474.2319603255152,474.46172387218456,462.2842558987096,463.8006896972656,945168
2013-12-10,464.12238473673676,466.87954741834113,456.54018736232473,463.8466796875,1079003
2013-12-11,463.29525061497975,465.1793005987166,458.6540098483319,461.1354675292969,457572
2013-12-12,457.68907111429627,464.5819788118007,455.34549371607005,457.5052490234375,460920
2013-12-13,454.1047058105469,458.8378295393476,450.3825193083817,454.1047058105469,560652
2013-12-16,452.3585531036958,455.94285938645316,444.8682378654378,446.5225524902344,465539
2013-12-17,447.3038336070554,454.38053638496996,442.98426626479954,450.93408203125,706788
2013-12-18,450.3366644750157,458.42433212829405,447.11997401447985,456.90789794921875,879699
2013-12-19,458.1486548904426,459.2515314772098,445.8333305590194,446.6145324707031,879048
2013-12-20,445.8792214973519,452.2666605806334,443.0761168909124,449.9690246582031,848785
2013-12-23,450.2907293890052,452.17477975238063,445.281871524448,447.3038024902344,619218
2013-12-24,449.2338448098565,451.8991253951816,446.6605033346747,447.9471740722656,510114
2013-12-26,447.5794202438977,451.39348977614446,446.61442449925676,450.19873046875,1213677
2013-12-27,450.93399216113767,451.48543035729597,443.4437051346469,445.833251953125,516613
2013-12-30,446.70637253475087,451.0259393624457,444.3168535720063,448.3606872558594,493062
2013-12-31,447.11997942243306,452.72621704520924,447.11997942243306,450.336669921875,608388
2014-01-01,454.380507987179,463.11152513759987,452.1747829481147,459.2974548339844,1866326
2014-01-02,460.8138746691103,464.21438719842854,443.9032791674329,446.2468566894531,952911
2014-01-03,443.903252419461,451.71521441856123,441.14608936095505,449.8771057128906,994043
2014-01-06,451.57743139620464,452.6343384552153,443.53570457085823,450.93408203125,833555
2014-01-07,451.25570634161426,453.5533423209504,444.8223255994731,450.29071044921875,708829
2014-01-08,450.8421451164358,453.09383971732444,448.03904028842936,450.79620361328125,703600
2014-01-09,448.8201827720649,452.0828143890718,446.24681384773163,450.42852783203125,639802
2014-01-10,448.49843541587273,457.68897712521436,448.49843541587273,452.1746520996094,610335
2014-01-13,449.1418888545838,458.9757539388239,448.49853956660775,454.0588073730469,1093710
2014-01-14,452.17483053633737,456.31057593758436,446.7064448424278,447.9471740722656,448596
2014-01-15,446.66049685956494,454.6562824049906,446.66049685956494,453.55340576171875,597708
2014-01-16,454.93192966843657,456.63218592413506,450.9800069528689,455.4833679199219,738459
2014-01-17,457.183643599285,459.5272212085222,448.5904789532225,451.7611999511719,827389
2014-01-20,451.715251564493,452.63430599290496,444.59257974430005,450.336669921875,1396371
2014-01-21,439.3079996362725,443.81136055027775,434.06937837984316,440.4568176269531,1628124
2014-01-22,440.08918247884344,440.08918247884344,429.060530244464,434.3450927734375,2795089
2014-01-23,435.5398814006557,436.0913196587915,430.25531851754073,434.7127380371094,941667
2014-01-24,431.26635537269266,440.73260618964923,427.36037346468214,439.3999938964844,1170322
2014-01-27,435.63176902984657,440.13512980908905,432.41507875220003,437.8374938964844,941676
2014-01-28,436.78052476346636,441.78938155832043,432.87454426847484,438.2050476074219,902422
2014-01-29,439.39992088194685,445.5116271247366,435.40202857213814,443.8113708496094,1046075
2014-01-30,439.30794632996566,441.1460548920157,426.39524490048825,438.8484191894531,2915597
2014-01-31,435.76967199759633,440.1351807366737,429.2443796413016,433.51800537109375,1681719
2014-02-03,430.3472437541414,440.22707903520285,429.7038944238902,431.8636779785156,651775
2014-02-04,427.40625241781515,438.7565802634114,426.48719798573956,437.46990966796875,969792
2014-02-05,434.8965094048785,445.8332500515718,432.04743544297224,445.2358703613281,1254256
2014-02-06,446.24686777939365,448.4985623544024,439.30801804386135,444.8682861328125,978103
2014-02-07,447.5795130676207,451.5314359476488,444.86829124592344,450.79620361328125,596025
2014-02-10,452.9100026574858,454.9319335812171,445.74138946846523,447.5794982910156,2209585
2014-02-11,449.5095517484684,449.64740431099614,441.78949972642977,445.14404296875,1058522
2014-02-12,440.2270971284964,443.9033150585882,435.7237357735973,438.7106628417969,856522
2014-02-13,438.71065467566314,440.91637978319756,428.8767606767882,430.85272216796875,318431
2014-02-14,431.63385414134945,436.96438600551795,431.26623802420625,434.52886962890625,323567
2014-02-17,436.413028187119,437.6537573523997,432.507046622509,434.9425354003906,274976
2014-02-18,435.17224260203534,438.38893288526054,426.11955148121035,434.80462646484375,403429
2014-02-19,433.79368632020413,434.80465179185404,429.65794142943946,430.5769958496094,292623
2014-02-20,428.87671751472277,429.6579193411694,422.94883363776216,424.2355041503906,694901
2014-02-21,424.832878014137,430.89864240108653,423.9597651529977,426.44122314453125,562640
2014-02-24,426.90082467469415,433.6099114538837,426.4872389216364,432.69085693359375,303887
2014-02-25,433.33410044805663,436.4129379482951,432.0474300434632,433.8395690917969,806751
2014-02-26,432.4150582871999,441.054163300266,432.4150582871999,438.5267639160156,604265
2014-02-28,439.0782465057695,443.44375497442974,432.4610435027692,434.7127380371094,673369
2014-03-03,433.33419934769364,437.7916193088779,430.57703583116535,434.6668395996094,431296
2014-03-04,433.3800773738081,438.8484620995234,433.3800773738081,437.1022644042969,1001089
2014-03-05,438.75653796428213,440.1351194794908,433.7936501189935,436.1831970214844,436618
2014-03-06,437.92943542189624,438.5727847411274,434.299159208392,436.13726806640625,437306
2014-03-07,437.3779117123915,445.0979617984613,435.17218712313013,442.0650939941406,930496
2014-03-10,442.9841140539787,450.3365474822605,441.6974438134909,445.6034240722656,993946
2014-03-11,448.13092894933396,449.8771266916877,439.8134698399244,441.7894592285156,535386
2014-03-12,442.0652214311812,455.805097640537,439.85949620606095,454.28863525390625,907392
2014-03-13,457.689092785799,463.38724130446775,451.89906126466354,453.7831115722656,772560
2014-03-14,451.2556135098701,459.38924881294145,451.20967201866006,455.391357421875,711413
2014-03-18,456.3105279437523,463.754874492479,454.1967139577024,460.9977111816406,621330
2014-03-19,462.2842683472184,472.8074502869682,462.2842683472184,471.520751953125,939626
2014-03-20,471.9343882693171,477.6325362112598,471.47486111423495,473.8643798828125,1196743
2014-03-21,474.3699578944612,476.07018612132833,464.07653724588494,468.8096618652344,955311
2014-03-24,466.4201299562956,482.5035827134093,465.08748979463707,481.4926452636719,985612
2014-03-25,482.0440035833319,490.4073756785767,479.7463677225916,482.77923583984375,655035
2014-03-26,483.927998834747,490.0856734614376,481.0789531287025,486.2715759277344,577241
2014-03-27,484.75510193094624,499.96543624484036,484.75510193094624,495.4161071777344,1514253
2014-03-28,498.1274173529565,499.04647162851546,490.68310015877745,496.15142822265625,559627
2014-03-31,496.28936221688326,505.4799059616403,491.6940903445047,503.5958557128906,545531
2014-04-01,503.41202164771823,503.41202164771823,488.93691559395,493.2105407714844,590285
2014-04-02,492.61318898775386,498.86274807688096,478.8273721317533,480.4816589355469,1296369
2014-04-03,481.17098714787784,498.1275544165952,481.17098714787784,495.00274658203125,960789
2014-04-04,499.0465143199146,499.0465143199146,484.80117183011964,487.7421569824219,757681
2014-04-07,488.01788950594613,500.74677058910635,483.8821446796245,495.87579345703125,1064991
2014-04-09,498.44920499716306,505.02046736524824,495.2325141222252,503.3661804199219,620888
2014-04-10,500.241340584107,505.4799623216398,495.7380073038398,497.6679992675781,740700
2014-04-11,496.28939823737835,502.58489872161107,492.0617702458014,499.6899108886719,513869
2014-04-15,499.9655745731992,500.8846289382235,487.8799872352795,491.23455810546875,403358
2014-04-16,494.1296642274558,494.91083809857867,489.39651121168646,491.6022644042969,750909
2014-04-17,494.3593637464444,502.26320882161457,490.039797026217,499.7358093261719,697395
2014-04-21,502.7226892868022,502.7226892868022,489.99380999408,495.5540771484375,1250718
2014-04-22,496.47323069127964,498.12751750095407,491.2346090484501,492.9808349609375,405176
2014-04-23,489.1666258257782,496.3352377753673,485.7661138730724,486.7311096191406,866527
2014-04-24,486.7311096191406,486.7311096191406,486.7311096191406,486.7311096191406,0
2014-04-25,491.2345610512151,491.2345610512151,471.5208335843036,473.2670593261719,512656
2014-04-28,473.3130006775994,476.6675715668546,458.19454506809825,460.03265380859375,1434257
2014-04-29,461.3653058930264,464.0765275748693,454.6562200342249,457.32147216796875,871746
2014-04-30,457.87287372429023,470.50987063205577,457.87287372429023,464.2602844238281,642019
2014-05-02,464.1224422845156,476.5296758901413,464.1224422845156,470.05035400390625,521441
2014-05-05,468.9475303739951,477.6785475980087,466.374189147949,476.6216125488281,507852
2014-05-06,478.82734194769915,481.9980908436298,471.7046703544272,473.083251953125,346381
2014-05-07,468.71777163556897,473.3130439065059,463.20344491044466,464.7198791503906,492771
2014-05-08,463.47910335866976,470.4639221166347,462.2843439074565,463.5710144042969,473377
2014-05-09,463.61693160046076,480.205849736055,462.2842917076281,478.96514892578125,503574
2014-05-12,478.1380337188044,496.2893574399892,476.16204439485,494.63507080078125,896112
2014-05-13,495.6460270474701,506.39897475391086,491.64816284252765,496.61102294921875,1114150
2014-05-14,500.79260917648065,514.6703038605913,498.1273298079294,511.8212585449219,1212854
2014-05-15,518.2547867738449,518.2547867738449,481.1249674231119,486.2257080078125,1907311
2014-05-16,496.2894447518639,505.4799900250466,484.34173589672645,493.07275390625,2066679
2014-05-19,498.1275105328892,498.1275105328892,480.2059488070749,484.7552795410156,885764
2014-05-20,491.6941308508755,492.3374801849339,473.95639118116287,486.0879211425781,1025384
2014-05-21,485.26069296746056,505.0203613364007,485.26069296746056,502.0793762207031,1843991
2014-05-22,505.0203728104148,505.3420193998319,493.30242967423135,494.2674255371094,1296696
2014-05-23,494.91071927203586,498.35717274886065,489.85592083935956,496.7947692871094,495348
2014-05-26,488.93696825915276,495.1405858075537,477.95425634342774,481.2168884277344,687589
2014-05-27,483.42260870375895,486.6392990658562,473.31301042288186,481.354736328125,601376
2014-05-28,480.29782207132257,482.04404792396133,465.5010682049312,468.9015808105469,959457
2014-05-29,468.7177633035334,473.22115248685117,463.203436676433,465.36322021484375,1727396
2014-05-30,465.9605247075444,471.6127310249818,461.1354896883835,466.511962890625,1629445
2014-06-02,463.5250354042788,473.3129579544573,462.60598111698863,468.579833984375,887646
2014-06-03,469.6367309469998,471.1071953379483,465.1793121377472,467.8905334472656,586753
2014-06-04,466.60388563231567,469.5448426036585,463.5709895729572,467.79864501953125,676269
2014-06-05,468.35013465855354,474.23207729460506,466.05249862514944,468.8096618652344,1230823
2014-06-06,470.555920902255,471.3370948174606,462.74395737165116,464.4442138671875,1632891
2014-06-09,466.7876889292719,487.09879524616895,466.05245668367434,485.3525695800781,4290170
2014-06-10,487.0988058165792,496.1055272335078,480.665425362398,492.8428955078125,2579465
2014-06-11,494.4971828705053,503.45796280242973,493.21054043449175,499.6439208984375,1993349
2014-06-12,497.20834778283927,507.7315301332115,495.69188583696615,504.83648681640625,860725
2014-06-13,504.83651182038307,510.0751325083118,496.2893181161953,498.3112487792969,573503
2014-06-16,496.3661295014773,503.40544708692084,493.95790025090866,500.0246887207031,472781
2014-06-17,500.1637802168131,523.3195107824063,500.1637802168131,519.2440795898438,1580095
2014-06-18,518.6882835479464,527.0243452478242,511.51000819527394,516.7432250976562,2003001
2014-06-19,518.3177371130679,527.9505415365729,510.53744726257503,526.0980834960938,1112449
2014-06-20,527.9505974401634,531.4239566338487,515.9096189020544,526.5149536132812,1086913
2014-06-23,526.5149473732154,534.4341949344539,525.4497612867605,531.7481079101562,610166
2014-06-24,531.7481864856925,539.0654201279391,529.4326133751772,537.120361328125,816172
2014-06-25,537.3054488739419,545.5489100255421,530.7292452370724,543.2333374023438,796312
2014-06-26,546.382493081984,546.4750933661526,535.1750886036008,541.65869140625,838466
2014-06-27,542.9555057491976,550.1800813697679,538.6948180008858,541.566162109375,738734
2014-06-30,541.844052401456,553.7924310417865,541.5661949631428,550.1801147460938,785106
2014-07-01,549.5318704978091,554.6261320011359,537.5371889243745,540.7789916992188,696050
2014-07-02,543.2796841499494,552.0325607229538,539.0653529207368,540.964111328125,816714
2014-07-03,541.9366819796653,544.3912119712005,533.785876331097,538.7875366210938,511556
2014-07-04,541.7514332907924,549.1149095468751,540.9178044722546,545.2247924804688,374126
2014-07-07,545.2247815004889,552.4956573114382,540.9640937274329,549.8095703125,713824
2014-07-08,546.8455408367776,559.4422307031775,541.5660250352264,546.567626953125,809330
2014-07-09,546.5676566942402,557.960317503178,543.2332552342019,550.7820434570312,653792
2014-07-10,551.1063048380603,553.699734966085,537.2128685816386,543.6964721679688,525220
2014-07-11,538.3707636170582,546.0121551006551,523.4584949711792,526.885498046875,811989
2014-07-14,529.015861774459,553.7924943535863,526.190817319773,546.0121459960938,672433
2014-07-15,550.6431914104412,551.7546776197115,534.434182411816,539.5284423828125,574018
2014-07-16,537.6759850938848,545.1784180868311,534.4341832888398,537.0739135742188,675645
2014-07-17,537.2128904896774,541.8440360973472,534.7120605550281,536.8887329101562,356143
2014-07-18,538.046453031727,546.4288142425029,535.6845238367432,537.629638671875,925055
2014-07-21,544.5763791252248,551.1062825956919,539.0653049927608,549.8558959960938,593459
2014-07-22,553.7923779593847,565.833355747481,548.9759755376391,559.0718383789062,1929744
2014-07-23,561.2949231817876,564.9998401664858,551.6621164085534,558.8403930664062,1050820
2014-07-24,558.2846220977788,578.9395209078702,555.4133343358418,574.3546752929688,934022
2014-07-25,574.4472076441667,592.7402294559513,572.1779354040472,590.3783569335938,1129698
2014-07-28,592.7865811713837,597.3251260464906,581.20871825788,589.0816650390625,878389
2014-07-30,585.3767771429178,601.1226714648001,578.8931735986133,596.39892578125,641494
2014-07-31,596.4915193515371,597.3714482719945,578.9857673662493,582.27392578125,1019233
2014-08-01,574.3546231934746,584.3579423667861,574.3546231934746,578.4300537109375,508437
2014-08-04,578.985787751905,586.9513919308075,574.9567137802339,583.3853759765625,613756
2014-08-05,583.4317211633382,589.0816959485725,577.9669469684108,586.6735229492188,509925
2014-08-06,581.9035285873932,603.5773157351435,581.3478136482395,593.3887939453125,1057573
2014-08-07,592.7865766893516,594.8705919980251,583.7558436850998,585.3304443359375,467998
2014-08-08,581.6718723594356,581.6718723594356,568.9362222878716,572.36328125,732145
2014-08-11,571.4833536004926,576.9944280413971,564.2124777924965,568.5194091796875,500617
2014-08-12,572.4096744795044,572.4096744795044,561.3412236745645,568.8900146484375,757120
2014-08-13,568.7046606177679,581.6718678631242,565.5091589543691,570.3255615234375,1091498
2014-08-14,574.2620806981995,578.8932265102818,569.8161920251089,572.224365234375,644135
2014-08-18,576.8554748609259,580.1899335559831,571.9927720632718,573.6599731445312,674655
2014-08-19,574.7250935044129,579.4951954591625,567.7783760164467,569.90869140625,640905
2014-08-20,568.7046512276786,573.7063108384609,560.4611898590837,567.3153076171875,1083389
2014-08-21,568.7045387526001,578.4762422406227,566.064809027752,568.6119384765625,827640
2014-08-22,567.7786116292676,573.335987925802,564.1199942608714,565.1851806640625,662770
2014-08-25,570.4646044535342,571.714991299007,557.5899955641996,559.9981689453125,873238
2014-08-26,559.4424221641139,566.852255570261,558.8403505868474,563.1473388671875,780261
2014-08-27,561.7580468394525,573.8453273899172,561.7580468394525,571.9002685546875,1286406
2014-08-28,574.4009444521288,585.2841353440252,574.3082876314016,578.1521606445312,2298792
2014-09-01,580.8382205261273,588.0628524153437,580.8382205261273,583.3390502929688,744728
2014-09-02,583.2928692653841,588.8965449125159,576.1608927451495,578.1986083984375,750353
2014-09-03,583.5242520111345,585.3304098119607,576.7627918260829,580.1434936523438,1140665
2014-09-04,579.1248446733155,589.7764811607095,576.2071998920102,585.7010498046875,1322883
2014-09-05,588.0629385550459,601.9100197951211,588.0629385550459,599.3165893554688,1563632
2014-09-08,602.0490206204928,630.6231707553848,602.0490206204928,626.1309814453125,2284209
2014-09-09,625.0193136629509,630.715644587407,614.1361229866155,616.0812377929688,939947
2014-09-10,614.0897936416285,615.3865367842,603.9938754770428,605.6611328125,788175
2014-09-11,606.6801042859026,615.016166787541,606.6801042859026,608.1620483398438,710191
2014-09-12,606.8191604964197,625.8531616809479,606.8191604964197,622.2408447265625,1101264
2014-09-15,617.7948574709862,620.5272448337757,609.5513952305455,612.654296875,1104474
2014-09-16,613.1636543375586,614.969812360015,595.5653017206196,599.0849609375,896478
2014-09-17,599.4555159272553,605.614905842292,593.851840888035,598.2977294921875,1158609
2014-09-18,593.94436812672,614.923478362455,593.94436812672,610.8943481445312,811042
2014-09-19,613.5341478930737,624.2783823048917,613.1636336585138,620.1103515625,1293093
2014-09-22,618.3458162239916,619.5996304500472,599.6784445843971,606.2259521484375,1317978
2014-09-23,605.9938861002043,610.0803043279645,583.5186992174284,589.555419921875,1416455
2014-09-24,585.0975222892916,595.9172054944944,580.4538911600116,592.3880004882812,1688958
2014-09-25,595.777859083681,597.1709483878518,574.0456432646381,576.4139404296875,1269854
2014-09-26,573.9527519422,585.979766738172,568.3803951272273,582.6828002929688,1411716
2014-09-29,584.1687544495654,588.8588102190472,578.9214289732975,580.918212890625,1331626
2014-09-30,580.4538119803032,593.1773708758999,578.0391467964421,584.6795043945312,2073763
2014-10-01,585.0973630049664,593.920259748692,581.800397137719,586.6762084960938,580366
2014-10-07,580.9182052228865,592.1093439625333,580.639598715644,584.2615966796875,1431462
2014-10-08,580.4538463053458,595.1277082029558,578.9679071327824,590.0197143554688,1066246
2014-10-09,594.3382477065799,610.9624100094152,594.1989161249465,608.4548950195312,1160688
2014-10-10,602.3716800564242,625.218374392962,597.495868401576,615.9775390625,1533600
2014-10-13,614.7239114692608,617.6029400949715,602.7433204836639,608.9193725585938,1041522
2014-10-14,616.5813598493511,616.5813598493511,598.5176235416411,600.0499877929688,784209
2014-10-15,600.0499877929688,600.0499877929688,600.0499877929688,600.0499877929688,0
2014-10-16,600.049768203345,601.3035821519042,577.3424657925043,581.28955078125,1335184
2014-10-17,586.9550010402961,598.099716249922,585.0975485053585,594.4776611328125,1194425
2014-10-20,599.9570540941528,610.1730410833721,599.2605095267061,601.4429931640625,1135010
2014-10-21,605.5295378892607,606.644020768379,592.9917330403266,598.3319091796875,1320367
2014-10-22,603.4863941813443,611.3805684609778,588.3945904114566,598.0997924804688,3318551
2014-10-27,610.637338744882,611.8446711955272,601.071472379858,602.510986328125,1828483
2014-10-28,602.6038435921207,607.0152921006572,598.1923950835841,600.6071166992188,974665
2014-10-29,607.340360965309,607.340360965309,596.242074258556,600.3284912109375,1472338
2014-10-30,598.7033308892039,601.3501777233517,595.4063077328804,598.749755859375,1961313
2014-10-31,600.9785636849191,611.101699620077,600.9785636849191,610.1729736328125,1568966
2014-11-03,613.7951887286456,615.7454911397233,604.2757448611009,607.0154418945312,1127612
2014-11-05,613.7951081598762,617.4171059742924,608.3156014423723,610.45166015625,2038028
2014-11-07,612.9593049190313,613.0057298930201,591.5986018688227,600.0499877929688,1491347
2014-11-10,600.0964546194535,607.3869325889345,597.1709444261237,602.6504516601562,1507972
2014-11-11,602.0466995095285,609.1514769096884,598.5639766045371,603.0218505859375,1412600
2014-11-12,602.743424409665,608.0371761459406,596.2423397087903,598.0997924804688,864869
2014-11-13,599.9571341608229,604.6007652301791,594.3847768775954,598.8426513671875,1113887
2014-11-14,600.7929734585962,626.3329427685003,596.6601307241862,624.2897338867188,5337199
2014-11-17,627.2616734114063,645.4182585682232,626.8901602720813,642.632080078125,2528265
2014-11-18,645.4647066332996,653.4517292500343,634.4128422198435,650.9442138671875,1356980
2014-11-19,649.8296056242897,650.6654250288746,626.9829115883626,634.4127197265625,1515771
2014-11-20,635.9915515899462,644.0714791031372,631.5336781400624,641.3317260742188,647552
2014-11-21,642.4928439124732,647.1364754190463,636.1775164005246,642.8179321289062,1211218
2014-11-24,644.3501621597104,645.2788882673735,632.1838728233002,641.8425903320312,1103930
2014-11-25,639.8458672814909,645.1860424345222,633.7162409209585,642.4462890625,1054109
2014-11-26,644.4430589155658,658.9311632993332,642.7713065994108,654.5197143554688,1470743
2014-11-27,658.8385206435294,666.8255448860073,652.7088924873617,655.4022216796875,1821915
2014-11-28,665.060773577855,695.8016431647695,664.5964105026897,691.6223754882812,3400152
2014-12-01,700.2129032057829,745.0239278528676,699.4234521803165,740.240966796875,3291847
2014-12-02,740.0090138608882,740.0090138608882,712.5187414220948,715.1655883789062,2476843
2014-12-03,719.5770382697302,738.290893609656,717.9053424703078,733.136474609375,1711464
2014-12-04,735.5047035157394,741.8664551222384,722.5025371030839,735.2725219726562,1376036
2014-12-05,738.2443565207517,740.6590215659879,726.0315863438383,728.7249145507812,588459
2014-12-08,737.4086380245254,751.8967447626136,730.1645846554813,736.9442749023438,1413437
2014-12-09,740.1947744443345,744.1882857298175,716.1407434163925,726.078125,1457128
2014-12-10,724.3597820331875,724.3597820331875,709.964530483997,720.3662719726562,1267394
2014-12-11,726.8210131897893,734.1115469854855,710.4754567285727,714.6547241210938,1437194
2014-12-12,719.2983053698563,729.3749600532251,715.1190382631237,719.112548828125,1232250
2014-12-15,715.1191826276881,722.1774791588648,707.3643414381079,712.565185546875,784332
2014-12-16,710.4754207311865,712.3328728115295,698.4019822089572,704.7637329101562,910901
2014-12-17,701.2810374398529,707.3642385867008,667.7540487641945,679.1773681640625,2346032
2014-12-18,684.6568651969751,695.4300648572039,682.7994130703881,691.8544921875,1127699
2014-12-19,702.9992898606414,705.5068618714057,676.112655743733,680.7562866210938,1902149
2014-12-22,679.0845460981296,694.4085269837408,679.0845460981296,692.4117431640625,1029222
2014-12-23,693.7583568419481,697.4732610285181,682.9851573748708,686.5607299804688,669484
2014-12-24,687.3502663140107,690.2293516638041,673.4658543989389,676.5306396484375,2337291
2014-12-26,679.8276139824532,685.3999714741126,670.5403514963541,675.2304077148438,525701
2014-12-29,676.9020066654385,705.1817282217937,676.9020066654385,703.5564575195312,865233
2014-12-30,706.760643226465,708.5252456929943,691.9010239207838,696.4982299804688,732669
2014-12-31,696.3123629132763,703.9279279360114,695.7086683007959,698.6806030273438,648847
2015-01-01,697.5662197488707,700.723911473892,693.7584650377698,695.7552490234375,284935
2015-01-02,697.7055326730044,725.7530742419069,697.7055326730044,719.8092041015625,2080850
2015-01-05,724.3135370940258,731.7433461918081,717.6266975690329,719.7627563476562,1326999
2015-01-06,719.7627943080541,727.1926037976857,696.9161528014164,702.5813598632812,1510720
2015-01-07,708.9895217799625,722.8739315166754,705.1352858216134,716.6979370117188,1427667
2015-01-08,727.9356212018207,764.2488514774861,722.6418702559108,761.8805541992188,2769416
2015-01-09,769.4030964068495,769.913884390024,746.7421584384028,754.5899047851562,1708427
2015-01-12,755.1008878311933,760.0696074218342,743.1667778512036,750.1786499023438,1320557
2015-01-13,755.0542374437099,782.4052294605461,754.2183613703511,774.4181518554688,3835281
2015-01-14,780.1299176342307,789.4171785584476,771.0284132654864,782.591064453125,2320114
2015-01-15,788.4884748373136,789.4172009560854,773.6288569369636,779.5262451171875,1308063
2015-01-16,784.6808318809578,797.7758493416894,780.130050578602,783.3341674804688,1568660
2015-01-19,785.7023777957938,787.5598302255711,770.4248202238856,772.6073608398438,1041563
2015-01-20,775.4863626211167,786.631076814474,775.4863626211167,779.3870239257812,1314139
2015-01-21,784.773488085741,794.8966243930114,779.3868884985897,790.6244506835938,1663391
2015-01-22,795.4538328514478,818.8113148321524,792.0639602184444,805.3447875976562,1995155
2015-01-23,808.7345906346303,817.2324562209158,798.7972110832467,800.6546630859375,1531430
2015-01-27,806.9702369625535,829.1667596571847,803.8125451338017,827.0307006835938,1831293
2015-01-28,829.3988246935813,855.356730288511,827.5413725105444,845.3729248046875,2895714
2015-01-29,848.669864104336,856.7497921805882,805.3912522898402,818.4862670898438,5326269
2015-01-30,825.1732609659059,825.1732609659059,793.2250557626885,796.6149291992188,3291034
2015-02-02,789.41712217077,790.4386981254863,746.2313619578985,750.5034790039062,4808585
2015-02-03,752.0825194006568,767.5922593907947,744.8384658577341,756.63330078125,3048559
2015-02-04,761.3695257525112,764.527216670086,743.7237326265043,746.5563354492188,912365
2015-02-05,754.1256138705962,767.4992927511461,750.4107093687707,753.0575561523438,1668101
2015-02-06,752.2682075903813,756.911838501433,732.5792011905323,740.7984619140625,1668283
2015-02-09,733.6936540299758,763.4128906489116,727.5640841512985,746.3707885742188,1910672
2015-02-10,744.7453847185255,770.7497121125241,742.8414511149454,763.5985107421875,2235687
2015-02-11,770.8425508579114,784.7734403312471,768.9850989281333,780.8263549804688,1227804
2015-02-12,786.6310294213534,789.3243578631256,760.9517293406456,765.0381469726562,1974102
2015-02-13,765.5951928231322,775.4397216291047,756.9580530663803,767.8241577148438,1323475
2015-02-16,774.5574457766512,782.4516163870848,759.6978305099528,774.69677734375,1584956
2015-02-18,779.2940739428807,781.987402397086,761.2768210102566,762.5305786132812,1448399
2015-02-19,767.1277321483688,778.2724449640835,767.1277321483688,774.650390625,1216904
2015-02-20,774.7899025921203,776.5080235439049,764.527488488724,766.8493041992188,699111
2015-02-23,770.3782779822754,773.6288192395846,748.6460651880034,751.8966064453125,1434240
2015-02-24,752.2680643034446,755.5186053220398,741.1233522396899,742.5628662109375,1141027
2015-02-25,747.8101820884385,757.8404114917837,747.6244255525562,755.8436279296875,1537365
2015-02-26,760.4409510746357,761.4625838382318,731.0932277639931,735.458251953125,1600594
2015-02-27,742.1451678556668,751.4324309082216,739.3589889399004,749.6214599609375,1272026
2015-03-02,765.0845299863125,771.3998559654185,748.5532171723481,766.7562255859375,1383141
2015-03-03,770.7032790418892,781.9873230641177,768.2421890550854,778.551025390625,1617826
2015-03-04,784.3092226106373,787.7455206541501,773.0716590281456,777.1580200195312,1600601
2015-03-05,777.3437499313821,781.5694423723957,768.9852149858834,774.4647216796875,694150
2015-03-09,773.164500011942,773.164500011942,751.2001044547421,754.7293090820312,626456
2015-03-10,755.0542518262388,759.697881911271,744.8382656391678,750.3641967773438,691298
2015-03-11,759.6978897075866,761.5089167963221,749.2497219090409,751.33935546875,942306
2015-03-12,756.7259547156517,756.9117112578559,747.8102075392276,750.5034790039062,979686
2015-03-13,754.0328293186271,760.3481561823808,748.1818088729202,750.7822875976562,837992
2015-03-16,755.0543265368116,776.2756954512305,751.3394221012061,772.560791015625,1287189
2015-03-17,779.5260870294127,781.9408084594806,764.3414407409142,772.1427612304688,1384999
2015-03-18,776.2757098622054,776.2757098622054,752.2681621754003,756.1688232421875,1172762
2015-03-19,765.2703668097425,787.4204633692738,763.1343079481125,775.3005981445312,2037801
2015-03-20,776.4149820865832,777.3437081417106,748.1816873367314,752.2216796875,1245311
2015-03-23,757.8405682857529,757.8405682857529,748.0889433261935,753.754150390625,759196
2015-03-24,751.943130429135,761.0910600943017,750.0391965232866,755.3329467773438,755974
2015-03-25,755.7971752178553,759.094141040207,745.3025832025814,750.8749389648438,834390
2015-03-26,745.7668573165618,757.7474434517825,731.8359695709223,736.5724487304688,1516627
2015-03-27,736.4797922381073,736.4797922381073,713.3544898330725,722.688232421875,1557785
2015-03-30,724.4992094448843,752.0359610412102,724.4527844767762,749.89990234375,847421
2015-03-31,750.3177076201665,758.7690909778934,744.8846268745427,753.475341796875,947718
2015-04-01,752.2680498825906,767.034815757964,746.2313309637798,763.1341552734375,898480
2015-04-06,769.9138863160438,772.142851483576,760.6266259262242,765.734619140625,687263
2015-04-07,765.5953458049459,779.0154494261832,762.4841360116405,775.6720581054688,769528
2015-04-08,781.0585528141327,793.1319906103083,780.1298268298115,786.4915771484375,982733
2015-04-09,794.060894218848,794.9896204109168,781.0587275298844,792.3427734375,1019655
2015-04-10,792.2033092423964,800.2832370980345,783.1018054204445,798.193603515625,802074
2015-04-13,798.7043993104702,803.858817527172,791.646104037051,800.6082763671875,805167
2015-04-15,800.2369260917802,801.4906837457931,775.4863510170768,779.2476806640625,1279621
2015-04-16,775.4863390367276,777.2044597486389,752.8253981920951,763.6450805664062,1366075
2015-04-17,763.6450034265024,770.4711172988136,756.9117394862869,758.5834350585938,685338
2015-04-20,759.6979283810417,760.9052609400136,742.9808590523635,751.29296875,920198
2015-04-21,755.4722032485306,758.6763194009278,735.5510184939972,739.7302856445312,652649
2015-04-22,742.9810348475808,748.5533926089375,714.3762763429397,729.4680786132812,1779318
2015-04-23,736.5725776253954,752.2680699060521,729.0499196003097,730.3501586914062,1275295
2015-04-24,736.0155064197102,736.0155064197102,710.5219611379621,716.3729248046875,1123939
2015-04-27,719.7626869007063,719.7626869007063,687.7680632234225,691.7151489257812,1625216
2015-04-28,689.0684867291266,713.8654901720141,677.9701961537287,710.8935546875,2052761
2015-04-29,708.7109765177728,708.7109765177728,696.5446853542328,700.631103515625,1445757
2015-04-30,695.8944076827017,715.9084424285571,693.944105680391,708.107177734375,2260678
2015-05-04,714.9798623584678,725.7995455645361,709.5468366107556,723.8492431640625,1071772
2015-05-05,724.4064257035641,728.9107250355622,713.8654061573696,725.7066650390625,952716
2015-05-06,723.4777418411352,723.4777418411352,696.684012458483,706.621337890625,1616619
2015-05-07,699.6095861872641,718.3234458320619,682.4745727603707,711.1722412109375,1718402
2015-05-08,717.9051868628943,719.2054259166979,699.098485654649,705.2745361328125,1127201
2015-05-11,713.2616772000063,720.8772429029328,698.3092089847654,716.6515502929688,976348
2015-05-12,717.7196045990657,717.7660295726307,700.2595631674249,704.2994995117188,1137027
2015-05-13,704.9494484638582,719.7626392802255,704.903023501537,708.153564453125,839420
2015-05-14,707.6891572918369,745.7669203482218,701.1880757944053,739.6837768554688,1975784
2015-05-15,744.8384596403769,759.6980797828282,729.0501132390223,733.9723510742188,1503598
2015-05-18,740.0554032300189,759.6979837980416,707.6893198705474,712.1007690429688,6759860
2015-05-19,703.9744754482293,723.7563326165787,696.5446656809656,719.5306396484375,3903935
2015-05-20,720.3664240358398,722.502482734476,709.6860738577165,716.2335815429688,1793967
2015-05-21,715.1191296757527,724.2206345346368,711.4506500761413,721.8059692382812,1678041
2015-05-22,719.7627642108243,724.2206383812055,716.2336161878119,720.13427734375,1039136
2015-05-25,720.6450258647811,723.2454475978072,700.6309898236216,707.596435546875,1282826
2015-05-26,707.7822191333197,714.1904526306432,701.6990738191643,709.0824584960938,906103
2015-05-27,707.6892505453573,707.7356755108985,700.6309552348912,705.13525390625,792609
2015-05-28,705.9711158670698,716.0477706398419,704.4386952403632,712.6578979492188,1051538
2015-05-29,713.7260593948349,738.337302822243,713.2616963112989,730.9539184570312,2583950
2015-06-01,731.6502768092327,738.0585084045167,730.2571879132954,733.4613037109375,713447
2015-06-02,732.8578070342396,737.6871945142817,702.1169931053267,705.0889282226562,1014316
2015-06-03,708.6180840595013,712.332988825213,696.5446435709383,708.3394775390625,867736
2015-06-04,709.4539561311934,711.4042584477368,698.2163352700711,705.4603881835938,820596
2015-06-05,704.9030416952652,711.0326106882056,698.4019596242944,704.71728515625,830300
2015-06-08,704.9032449161306,705.8319711940175,691.9010770257145,694.687255859375,795683
2015-06-09,691.715240458122,697.6591106233584,677.970104471578,683.2638549804688,998511
2015-06-10,683.5422641709483,691.9936472088723,682.2420252336075,686.4677734375,803748
2015-06-11,686.5142964407743,690.6935635984678,652.4300396177083,657.9095458984375,1453089
2015-06-12,658.4668618857454,671.2832718379283,651.9657786231217,655.3556518554688,1168519
2015-06-15,663.8070330753673,668.1256324598049,646.7649304510837,648.7616577148438,1244078
2015-06-16,650.9905401129489,655.680595357484,643.6071566327712,654.7054443359375,2765685
2015-06-17,657.538059775201,667.9398031312319,654.7518815558145,659.9992065429688,2215497
2015-06-18,667.707793036693,682.0101442238217,667.707793036693,676.9950561523438,1908157
2015-06-19,681.4993925474836,691.808289168322,677.7380621214171,687.2575073242188,1783890
2015-06-22,691.5757834930602,697.9839583717157,680.291740817809,694.4083862304688,1350579
2015-06-23,696.5446396529557,705.831901514995,688.789798672132,702.5813598632812,980083
2015-06-24,702.3011681977321,709.6800128972633,690.4389084297874,703.9357299804688,2982650
2015-06-25,703.3284828744809,709.6799106274605,695.9495822293096,700.7131958007812,1858338
2015-06-26,695.015609119553,705.1032354615502,694.7354099453836,700.7599487304688,764357
2015-06-29,693.9882318222403,693.9882318222403,679.510684590417,688.1038208007812,1100309
2015-06-30,688.3839150642059,709.3997062296668,688.3839150642059,705.5234375,1348105
2015-07-01,707.4850791241082,715.0974329336796,705.2900618714519,710.6140747070312,1025215
2015-07-02,712.7623229784335,721.5422777049117,710.8942523565438,712.5755615234375,973819
2015-07-03,711.7346955750183,727.0528929290415,708.3721922577812,721.7288818359375,1068877
2015-07-06,714.5369394150019,734.2918070141873,711.7348337702372,731.86328125,652931
2015-07-07,740.6900706323187,773.2879288269235,737.9346548063512,770.20556640625,2464459
2015-07-08,765.7220800457184,779.9194271269525,744.7529774594898,749.3297729492188,1933525
2015-07-09,756.568605023317,761.1454008696472,742.558075300663,744.3794555664062,613555
2015-07-10,752.8323221563453,752.8323221563453,730.1352796767528,742.838134765625,1027281
2015-07-13,752.0851181075044,767.0296805855114,750.3104285096483,763.7138671875,1275702
2015-07-14,768.7109852967372,773.1943429464885,756.8487266127182,768.4307861328125,780973
2015-07-15,771.980143485982,785.0566371445468,768.9445288866724,782.5814208984375,1095558
2015-07-16,796.7320674274932,797.9463018494422,787.671914110049,792.1085815429688,1169553
2015-07-17,795.6112564833729,796.1717118683059,769.4115777417347,770.9527587890625,1089597
2015-07-20,775.2492720073349,799.4874986002052,772.6806750217684,796.0782470703125,1437246
2015-07-21,796.7320975817572,812.3304982328111,757.5959963623635,762.219482421875,4611552
2015-07-22,765.9089848774234,789.2598685627107,765.9089848774234,787.6719970703125,2035530
2015-07-23,790.1938100185045,795.6112029879924,780.9468383742677,790.6608276367188,1188579
2015-07-24,795.7980775866829,799.53421879601,789.2598304703604,792.9959716796875,1132540
2015-07-27,791.127913415429,802.8967356047891,780.8535249295143,796.8722534179688,1153262
2015-07-28,800.4682179430419,801.5890716570117,770.5790896184475,780.0595703125,1009835
2015-07-29,779.358978492292,796.545191631907,771.7465689570797,790.9876708984375,1010065
2015-07-30,792.0618478204317,809.2948086235103,791.594830221481,800.9818725585938,1318726
2015-07-31,807.4735107556488,826.6212342611327,798.7403035701583,824.5663452148438,1842105
2015-08-03,821.9510550213676,829.4233373397436,817.2808785723824,819.615966796875,763822
2015-08-04,825.6871728929781,848.8979263862046,820.2230894053698,845.9557495117188,2178289
2015-08-05,845.3018810899227,865.6638376525016,827.321702956242,862.3947143554688,2003128
2015-08-06,859.3123767520874,863.5155351166356,850.0654055464877,855.6696166992188,923303
2015-08-07,850.9061628220825,863.4222587121945,836.1484164054515,839.370849609375,1416068
2015-08-10,843.9008784421114,855.8098283039121,836.3352154511515,842.6399536132812,732357
2015-08-11,845.3018462685162,847.1232262893445,822.8850017265887,825.126708984375,1091087
2015-08-12,831.2914867109577,836.4286812917558,809.8086730094385,813.8717041015625,721554
2015-08-13,814.6187523285249,828.4424606962285,805.4651625496457,816.673583984375,1251179
2015-08-14,821.9510906084195,840.6317972131562,821.5307633080143,836.1951293945312,880842
2015-08-17,843.9010225465587,847.4036554569622,835.9617212829772,840.6785888671875,577133
2015-08-18,847.1232706995439,854.5488622451387,833.0660517662279,841.8926391601562,622790
2015-08-19,839.2305883782278,843.0601097174851,823.4453714248388,840.3981323242188,618923
2015-08-20,845.3018358437658,853.941661237749,821.5306291687937,824.9398803710938,1404599
2015-08-21,817.2808836169871,834.093518937108,807.006495365802,828.2557983398438,905933
2015-08-24,801.4021765683302,819.3356632499774,771.0460335164995,782.2544555664062,1176140
2015-08-25,793.9298510073254,808.8744129086398,758.2030077119957,795.9380493164062,1329631
2015-08-26,794.8638744104437,810.8358519034663,791.1277339901831,795.7045288085938,1265081
2015-08-27,803.2702122738486,807.9403879266036,794.3968785336143,798.6000366210938,1335712
2015-08-28,809.6684224224285,816.440177890951,793.9299514819401,801.6357421875,1077558
2015-08-31,800.4681719560207,805.8388743932985,789.3064398367507,792.6222534179688,1260477
2015-09-01,788.325674542445,788.4190552547932,749.8434145729368,765.0681762695312,1438466
2015-09-02,775.1559880132563,775.2493687480614,746.4343999542167,752.83251953125,1500676
2015-09-03,761.2387608105552,778.0513960186411,753.2994608511813,772.0735473632812,887079
2015-09-04,769.6449218763493,769.6449218763493,739.7557986966851,759.2304077148438,1101752
2015-09-07,761.2385377060943,765.8620224350609,733.2641775873702,736.0195922851562,874378
2015-09-08,738.9151814972307,747.2281171036008,726.6793438832517,739.288818359375,1489813
2015-09-09,747.2282242787535,768.6176550023285,743.4920831573597,766.9830932617188,1412900
2015-09-10,763.1066929567191,763.1066929567191,747.5082950526255,754.6536865234375,887236
2015-09-11,761.2387638554624,770.4857360604929,757.0822953994842,762.3129272460938,1034469
2015-09-14,767.77697677635,786.8313187116208,764.9748710216918,784.8231201171875,1115176
2015-09-15,784.6829896012813,792.061890869343,769.2714079982811,776.2766723632812,832597
2015-09-16,784.5897059001095,784.5897059001095,764.1343086212589,769.5984497070312,665278
2015-09-18,771.5131537458228,793.8366201021128,769.6450831556392,785.5703735351562,1139255
2015-09-21,783.0017354895255,783.0017354895255,769.6450428706311,774.9690551757812,688544
2015-09-22,776.3699716686451,784.0290707439104,749.189516573262,751.6180419921875,826254
2015-09-23,742.6513203003879,750.9642558868068,734.2450040031474,741.71728515625,1281278
2015-09-24,742.4646437422232,760.3046942307753,733.5445614889595,753.1593017578125,1503108
2015-09-28,756.5685481761326,759.3706539101182,737.9345336433304,742.0443115234375,739132
2015-09-29,731.3495910727892,756.4751617689228,728.5474853598666,751.7115478515625,1366194
2015-09-30,754.7003079461597,789.1662235260035,754.6069272462906,786.0838623046875,1734244
2015-10-01,790.0069162281673,792.9958401014885,780.9935112616132,784.2626342773438,633622
2015-10-05,787.3915749795539,800.4213757893739,786.8311767333372,798.9736328125,882680
2015-10-06,803.1769553970335,807.0998579429909,793.649784194732,797.3859252929688,779669
2015-10-07,798.6000794187305,810.7425367666176,795.9847923148284,807.9871215820312,983606
2015-10-08,807.9405535120122,821.9043929773998,803.2703769021163,816.4869995117188,952597
2015-10-09,818.6819212978171,825.9673850655834,790.3806637716926,797.4793090820312,1362132
2015-10-12,800.4682448128818,807.9405271448574,790.2405469691923,802.56982421875,773525
2015-10-13,805.7922357688299,810.5557928241332,800.7017321648758,808.2673950195312,800729
2015-10-14,806.9131293114838,812.143704258141,803.3170591527896,805.3719482421875,404366
2015-10-15,808.874578066109,820.3165106080372,807.193325910726,812.6574096679688,623054
2015-10-16,814.4319514206635,826.8079170210419,808.5007940784899,824.2860107421875,658119
2015-10-19,824.2859803027038,833.5329506473681,809.8084361727414,821.2503662109375,1247569
2015-10-20,816.3468702933403,830.2640193753933,814.9925076765245,817.7012329101562,1806905
2015-10-21,816.3468885435675,823.3988439707207,792.0152792971281,799.7677612304688,1442218
2015-10-23,806.0723630586732,808.9678493228457,794.3035425545734,801.9625854492188,2540806
2015-10-26,775.2959324213771,788.3257353011977,757.6893911130907,763.7606201171875,3455887
2015-10-27,764.0408897923919,775.1559328753643,764.0408897923919,772.5405883789062,1247705
2015-10-28,776.8484512904292,784.8089236665217,771.322924070851,775.7714233398438,1108455
2015-10-29,778.2534212732198,781.8122100826956,768.3262645160978,776.7081298828125,1500496
2015-10-30,782.5613576256477,786.6820962322282,773.9453613481182,777.9255981445312,810491
2015-11-02,778.25341906441,783.8725773248028,773.1025239923831,777.4105224609375,716702
2015-11-03,779.1899332024124,779.8455130880344,760.5062208478643,762.519775390625,1599110
2015-11-04,762.8007574993846,770.2929687455419,749.7362027066908,751.281494140625,1783909
2015-11-05,755.7767351564178,759.9911035680706,746.5519738308784,754.69970703125,1016171
2015-11-06,757.2282937581979,764.2054258059105,749.2210056920692,750.3448486328125,918564
2015-11-09,740.6987171053529,766.4531918703369,734.4707939795893,764.5801391601562,1163084
2015-11-10,762.9879613111565,764.2054340262969,746.224118264061,747.16064453125,751899
2015-11-13,755.7766925473819,756.7132188082833,742.1970617643125,749.5956420898438,765985
2015-11-16,745.4749620221044,758.5395158163814,744.7257523869516,750.1107788085938,604535
2015-11-17,756.1982423724846,761.6300839831331,749.5488707302995,756.3855590820312,500272
2015-11-18,756.6664031466652,772.1659013163836,755.7766917675217,769.5904541015625,1253226
2015-11-19,774.507334777716,780.8757028817706,767.1087533344095,771.4168090820312,1038035
2015-11-20,769.2627936352283,779.0026337189541,766.5936591478398,776.5676879882812,712339
2015-11-23,784.9964228118935,797.9204754181497,781.9995269649706,796.328369140625,1475762
2015-11-24,796.047342932797,807.0515267909857,792.4885544789502,802.2283935546875,771337
2015-11-26,806.3491781127506,810.9849949243508,797.7331243592466,807.1452026367188,678200
2015-11-27,807.8476666873696,809.158826539232,797.9205095039649,804.56982421875,444323
2015-11-30,804.476133907275,804.476133907275,781.062975178891,785.27734375,1679737
2015-12-01,789.4917539665987,794.1743859592832,778.862202207619,790.9901733398438,720255
2015-12-02,794.1274381740125,812.1555683288326,791.1773576479044,794.6893310546875,980956
2015-12-03,795.1108605333678,795.2981772330731,785.7455971584166,788.9298095703125,540473
2015-12-04,788.0869962652803,788.0869962652803,776.8018641383711,781.7186279296875,779530
2015-12-07,788.555094024396,818.3834319018825,787.618567784462,816.1358032226562,1602605
2015-12-08,818.5708402229012,821.7082377745338,802.790394177768,806.1150512695312,1058074
2015-12-09,811.453136221488,811.453136221488,783.8256133623687,786.6820068359375,751034
2015-12-10,790.8965033576084,806.5365048502908,788.7425041826833,804.6634521484375,636140
2015-12-11,806.3023763773509,808.7373220347539,794.8767434197008,803.9142456054688,780634
2015-12-14,805.4126152893047,822.6447220157199,798.8569312113684,819.8819580078125,889790
2015-12-15,822.7385244630063,824.1433142031253,811.4533916495922,822.7853393554688,861784
2015-12-16,824.1431044431621,827.8423945828112,804.5696828482265,811.5,900351
2015-12-17,816.1826635419675,822.7383475864813,809.1587163514171,820.4906616210938,716229
2015-12-18,818.9924172954385,829.668842169195,812.9049950971305,823.6282348632812,1098597
2015-12-21,823.2067425994786,827.8893748099421,811.687478793946,818.0558471679688,896692
2015-12-22,818.5240283964683,830.6988709241045,818.102580107536,825.0328979492188,663204
2015-12-23,826.9058951809106,827.8424214663727,819.2263682079164,823.1597900390625,350212
2015-12-24,824.6113846972306,827.7955968949415,818.1025156572503,825.828857421875,403140
2015-12-28,826.0162373399936,829.9964743113031,821.0994740224936,825.1265258789062,633270
2015-12-29,827.608222987649,828.8256956281184,822.8319050213136,824.2366943359375,602111
2015-12-30,825.2201011192413,826.9526517607858,819.4604420053088,822.4105224609375,450359
2015-12-31,824.0963625204116,830.652046886134,819.4605457153016,827.4678344726562,526825
2016-01-01,826.0162448324146,829.3877168448687,821.2399832879327,822.9725341796875,294006
2016-01-04,820.5843359712699,835.8028879842348,816.3699677215258,824.892333984375,709103
2016-01-05,825.3607234021849,847.5564110122829,825.3607234021849,843.4825439453125,1372748
2016-01-06,847.0881289034371,854.0184471286974,827.8893377010927,830.1370239257812,1716479
2016-01-07,826.9527885164487,834.9600775845994,813.8414192760972,816.978759765625,990333
2016-01-08,823.2066150359198,825.9693790441846,811.5936660890902,819.0858764648438,886022
2016-01-11,814.7778197321004,827.8891869461802,806.9109765392427,818.3834228515625,801102
2016-01-12,826.0162636416612,829.2941059576996,814.9652638369387,817.493896484375,998419
2016-01-13,824.0964065983602,827.4210638437371,796.0942447311985,813.4199829101562,901426
2016-01-14,808.6904786119615,840.0641103820839,797.0775293609966,832.946533203125,2296682
2016-01-15,836.317909273262,838.1441468231407,818.8048576356708,823.440673828125,1301590
2016-01-18,833.5084778429028,836.3180569816992,788.227450253716,796.328369140625,2335330
2016-01-19,812.8110941171348,813.279357206922,773.5706243285537,791.8796997070312,2443365
2016-01-20,781.0630288690813,801.6666099663473,777.3169232150331,787.0099487304688,2247202
2016-01-21,796.0474415431814,801.6665999540745,787.6187039268419,790.8497314453125,1138753
2016-01-22,798.8569466313709,817.9621063202611,795.2981580668603,814.7310791015625,1774017
2016-01-25,814.7779879127323,826.0163049873908,813.0454368948037,822.8320922851562,1794107
2016-01-27,824.1433142882979,825.8290505444068,800.870653789005,804.0548095703125,969509
2016-01-28,799.7934437321525,810.0952328200374,798.0608929772376,804.4292602539062,1392051
2016-01-29,809.1587370080158,819.4605264838124,804.4761054281083,814.6842651367188,1320575
2016-02-01,818.7112071118455,833.5083094885387,815.9952582951705,831.0733642578125,786217
2016-02-02,833.4148764146202,837.9570066457429,822.2701892539394,826.4845581054688,920875
2016-02-03,820.5843248955346,827.8424034499067,804.5228765849972,808.8777465820312,540771
2016-02-04,810.095324584057,839.0808276877975,810.095324584057,832.8997192382812,1658831
2016-02-05,832.5721115523787,846.1049317719126,830.1371653616378,842.1715087890625,1739178
2016-02-08,845.6832675061211,849.8976359488427,829.7623200558397,832.197265625,783143
2016-02-09,828.731995739175,837.535307069214,822.7382056396013,828.076416015625,636386
2016-02-10,832.1035481232848,832.5718112342151,811.499971242348,820.9120483398438,707101
2016-02-11,819.2264982910941,819.2264982910941,797.9205219137035,801.3856811523438,1004015
2016-02-12,805.4125523803567,817.8215248443564,792.7694483604325,800.6362915039062,1089266
2016-02-15,811.031759817601,816.8382341953829,798.8569181575216,804.1951293945312,703958
2016-02-16,800.7768372746191,805.5531559153171,783.029651661962,786.9630737304688,985215
2016-02-17,790.4281884309287,804.4292678928055,774.6008712721066,801.66650390625,1171983
2016-02-18,807.2856597306663,808.9713956157638,777.8787114421913,782.2335815429688,997874
2016-02-19,781.9526413211506,802.5094049254174,776.3802984345593,800.4490356445312,799360
2016-02-22,801.6665807401539,817.7748458975133,799.7935279814152,815.573974609375,609601
2016-02-23,815.7143369505357,824.0494431661047,811.1722076516731,821.4271240234375,1438921
2016-02-24,823.2065952854806,829.5281476383554,819.4604901874807,825.828857421875,1289097
2016-02-25,824.6115069152754,828.7322459982329,804.195242537428,807.0048217773438,1326303
2016-02-26,812.9048612232973,818.5240192501864,799.9808091936585,807.80078125,536753
2016-02-29,809.2523089080214,813.7944955123518,788.1804683052212,792.3948364257812,890886
2016-03-01,798.4823672945313,819.1328196654,796.0474215753027,816.6041870117188,1161059
2016-03-02,820.3969827202982,825.0327990206144,811.4999834784684,816.5103759765625,808137
2016-03-03,818.8987236840503,839.5959346806993,816.4169058091463,824.3773803710938,1061326
2016-03-04,830.3241560883015,833.6019979858139,803.914161385737,810.8444213867188,1039977
2016-03-08,812.8111951903459,825.8288764085695,803.5863768778161,820.1160888671875,1174011
2016-03-09,820.3970338948517,832.3845590309725,814.637374319877,820.5843505859375,1401934
2016-03-10,814.7779425391607,839.1276281782621,814.7779425391607,837.9569702148438,810951
2016-03-11,842.8737826769266,846.3389418823613,834.960122951808,841.3284912109375,1043602
2016-03-14,841.0006049562435,845.8705530763917,832.1972350020898,842.264892578125,788258
2016-03-15,845.6832169737077,848.9610588999624,820.5375096324218,828.4511108398438,954046
2016-03-16,824.4241812968963,826.0162876145282,807.3793893266117,810.001708984375,1456263
2016-03-17,814.777824123755,820.396981531505,810.1888227096824,817.1659545898438,965277
2016-03-18,815.7144632580691,822.1765180357781,805.3658583653599,819.788330078125,1072444
2016-03-21,817.821635402051,819.4605565150812,798.2950838626474,805.0848999023438,1484160
2016-03-22,805.4125536091601,805.4125536091601,792.3480013364345,799.1846313476562,1746522
2016-03-23,799.1848261058857,802.5095407441258,792.5355111514821,796.0474853515625,917099
2016-03-28,796.0473167562797,803.02444878829,789.210686526931,791.7393188476562,1722071
2016-03-29,793.6123384489006,805.4125459082632,791.3646526656772,801.7600708007812,1101097
2016-03-30,809.158819869285,828.8258745188857,807.1452652193163,825.8757934570312,1470782
2016-03-31,824.6114255995944,828.1233993031702,810.1888973924978,813.2794799804688,1682214
2016-04-01,815.7144804855873,827.8425085909151,810.0953221814386,814.7779541015625,853331
2016-04-04,818.5240142321459,832.1036460472101,810.3294088265037,829.90283203125,662760
2016-04-05,829.2004821524863,829.2004821524863,807.2857419316904,814.637451171875,762479
2016-04-06,814.4970267260635,819.4606052456298,806.0214741840158,808.5032348632812,451307
2016-04-07,809.1587692069618,813.8414009732059,800.7768469131786,803.7737426757812,449770
2016-04-08,805.412559459195,806.7705339276974,795.6726637827204,797.4989013671875,448087
2016-04-11,796.0473952182504,807.1920816157187,789.2575792002124,805.4126586914062,651373
2016-04-12,807.0983155892102,814.7778423168153,804.9443166336813,811.8746337890625,433486
2016-04-13,815.2460814569976,820.39697571089,811.0317134310854,818.8516845703125,692424
2016-04-18,828.1234720784504,830.2774713737305,819.4606028483395,829.01318359375,685762
2016-04-20,828.8257415947292,831.4011888143738,819.6946105432618,829.574951171875,778272
2016-04-21,833.5084879468011,838.1911199015584,828.9194857667252,832.7124633789062,702226
2016-04-22,829.4814243342917,836.973635357456,814.216055806801,816.2295532226562,692414
2016-04-25,815.1525504246099,815.1525504246099,801.666548243944,807.0515747070312,587700
2016-04-26,809.3460939970612,824.1431990940431,804.5229603652226,821.239990234375,694778
2016-04-27,820.1159266454284,834.4447647082144,815.7142424925419,833.3677368164062,553126
2016-04-28,833.3679068651139,837.7227770332761,814.7778826371717,817.6810913085938,1013142
2016-04-29,817.5874828784497,820.3970618574134,806.9579319391158,811.2659301757812,955985
2016-05-02,809.158749352366,812.4365915083073,806.0214090103774,809.907958984375,199724
2016-05-03,814.3096850333957,830.6052668622498,810.4699497510157,816.6510009765625,1073196
2016-05-04,816.6508728879955,823.2065565006285,809.1586630449864,818.1492919921875,469904
2016-05-05,818.6175743305839,819.8819190678967,807.7070777871107,812.0150756835938,402567
2016-05-06,809.1119256108917,833.5084248151285,806.817424694644,832.6187133789062,1249025
2016-05-09,838.1442510792875,855.891436477986,836.9267782816024,849.0547485351562,1355429
2016-05-10,847.509599913857,850.6001256847984,836.7395460240962,841.3284912109375,1034271
2016-05-11,835.3814834182162,860.6676942391713,831.1671149480571,850.2254028320312,2228431
2016-05-12,861.6042218349331,874.6219606596776,858.9819595485112,869.8456420898438,2382775
2016-05-13,869.7989073889114,887.8270408664205,868.7218791479185,883.753173828125,2285317
2016-05-16,888.7165433098346,897.0047772630841,885.0172534109915,892.1817016601562,1913343
2016-05-17,892.9778600350255,910.3035972250076,887.592833611112,908.102783203125,1770437
2016-05-18,907.49391251541,909.3669649664222,891.994414915489,902.10888671875,1273835
2016-05-19,907.3534281417035,907.3534281417035,891.6197986832623,896.0682983398438,1251713
2016-05-20,895.319091796875,901.8747755234211,890.4023290019654,895.319091796875,972841
2016-05-23,898.9717779069733,899.0654076891919,883.753222828901,886.5159301757812,726047
2016-05-24,891.9476194738874,901.3128819330377,881.9267772103914,895.55322265625,490332
2016-05-25,902.0153247151827,922.4784014151581,901.6875062150168,919.9029541015625,815313
2016-05-26,925.8032119361011,936.0581880093315,911.6616853868687,928.8937377929688,1410903
2016-05-27,928.9405922189396,938.2121696136267,923.8365117243446,934.8875122070312,1105534
2016-05-30,930.9071319971825,940.5065264669724,916.3441596239998,922.384765625,1487177
2016-05-31,925.2877876014934,932.3117333575776,918.4511584977748,922.3377075195312,1151373
2016-06-01,926.2714494114136,959.939585829545,926.2714494114136,956.8490600585938,2068760
2016-06-02,943.0820455385839,963.685625480837,933.2953336338071,959.0498657226562,2420319
2016-06-03,958.5346659192991,966.5887692169841,949.1694029401168,960.220458984375,2045789
2016-06-06,952.5410533774885,966.8230820990391,952.0727901407164,961.1571655273438,1574228
2016-06-07,960.2672530693383,971.5991988388541,959.5648583193014,967.1975708007812,755934
2016-06-08,963.68557760314,963.68557760314,947.0622355210645,953.4306030273438,933533
2016-06-09,953.3838445903621,954.3203709602936,932.4993179730941,935.4025268554688,1024252
2016-06-10,931.7968206202652,935.5897405687439,926.7863707960787,929.0808715820312,1313970
2016-06-13,924.3514196731597,933.2484191532966,922.5719969127217,931.75,808571
2016-06-14,931.8437136820712,935.5898190637078,916.484658752949,923.8832397460938,699283
2016-06-15,923.4149439294536,938.3993649262804,923.4149439294536,935.0278930664062,731016
2016-06-16,935.6398447455524,949.9980914196351,928.5313472296339,947.6913452148438,740810
2016-06-17,950.9395811776757,955.5059512295701,935.8751917728808,941.147705078125,365441
2016-06-20,936.7696939460442,938.6998074330048,928.5784203418265,933.5214233398438,627622
2016-06-21,932.1090923645487,933.0506167002706,920.0575923605271,924.6239624023438,712870
2016-06-22,922.6938760392684,931.5912927657215,921.2815894943103,927.8251953125,507154
2016-06-23,928.4371869818258,932.1091551248136,922.9763569601708,926.5541381835938,678141
2016-06-24,917.1388017757746,934.9336341123831,907.2527965812327,931.6853637695312,777600
2016-06-27,913.5139863725528,934.8866002781964,913.5139863725528,917.3271484375,662651
2016-06-28,923.6353490688465,927.4014463127561,918.3157137253907,922.8821411132812,822749
2016-06-29,921.0461523878762,940.8652275368929,921.0461523878762,936.0634765625,711457
2016-06-30,946.0907600022214,949.998109205906,937.8053568660912,944.6314086914062,1039352
2016-07-01,944.1607417506247,951.9753834803057,937.2405597746149,943.8782958984375,1314022
2016-07-04,949.0565631887732,957.5773472281535,939.8296358732109,941.9010009765625,884699
2016-07-05,944.3487898731329,946.0905866885615,925.8478160183,927.4954833984375,523870
2016-07-07,931.497145336436,938.6998300074828,927.4015371688771,929.9436645507812,757053
2016-07-08,934.8396914472413,954.6117057867285,930.3674501085478,951.5988159179688,1200518
2016-07-11,960.3549727957262,972.5947910764561,958.3306721705526,966.7573852539062,1082293
2016-07-12,968.6403275007772,977.2081763668926,957.3419774818757,960.778564453125,1259777
2016-07-13,968.8284732540861,968.8284732540861,947.5971124714232,950.46875,1319911
2016-07-14,951.12796870239,965.5332806553217,949.9981279192781,958.09521484375,754274
2016-07-15,958.6601626823949,971.182425802039,958.6601626823949,965.909912109375,671924
2016-07-18,967.0397529216664,983.7989343352613,965.2979556516241,968.35791015625,721547
2016-07-19,970.7116414721205,976.8315499780068,961.4847139872326,970.4291381835938,541334
2016-07-20,969.0640504459949,975.7959733213693,960.3549491910758,968.405029296875,529012
2016-07-21,969.5818445356548,986.7175421380838,966.52189032578,981.7274169921875,706661
2016-07-22,986.5764538858987,992.3668527207554,981.115680581666,985.8233032226562,502766
2016-07-25,987.9416283034902,1011.5738684605768,985.917327796792,1008.0431518554688,734354
2016-07-26,1009.4082635767738,1012.0915850700563,993.3082196849037,998.7219848632812,562982
2016-07-27,1007.3370798147758,1011.009048330357,990.6720273001191,999.7107543945312,765267
2016-07-28,1011.197348087392,1086.3310517673217,1005.5482008913731,1062.0396728515625,5831636
2016-07-29,1061.5688404125858,1071.1723440381224,1037.7953475341665,1048.99951171875,1152956
2016-08-01,1054.1305866910013,1067.6885596411314,1049.8467200714938,1055.3546142578125,864041
2016-08-02,1063.6399109496315,1075.6914674550337,1053.2361368320105,1057.6612548828125,832931
2016-08-03,1066.2294218735951,1080.0699016036688,1058.3207076646333,1076.5391845703125,1130691
2016-08-04,1084.6833466184096,1087.0841651350263,1051.4003635847537,1061.380615234375,1075876
2016-08-05,1064.8640187830379,1078.3278626945416,1062.7455890374483,1076.4918212890625,543090
2016-08-08,1085.5774515340934,1085.5774515340934,1069.5715394126019,1081.1993408203125,407801
2016-08-09,1086.1425641674014,1087.413599166972,1067.6887082458843,1079.457763671875,541100
2016-08-10,1075.3150331413867,1081.293690311164,1062.133691064695,1063.87548828125,788849
2016-08-11,1063.9226519160327,1080.3993301536705,1053.189249963363,1078.1396484375,651399
2016-08-12,1076.1623930073831,1093.3452133681747,1059.5915864951924,1070.9840087890625,795382
2016-08-16,1069.1007894020515,1080.6815836881212,1061.0037038117705,1063.5928955078125,921462
2016-08-17,1049.7996125277648,1061.7569253702363,1043.3501939484447,1048.4344482421875,742834
2016-08-18,1054.2718482824778,1054.2718482824778,1038.077676090166,1042.596923828125,1263890
2016-08-19,1036.9479063787587,1061.003901500658,1036.9479063787587,1048.387451171875,864966
2016-08-22,1055.4488382498807,1055.4488382498807,1040.3844480518449,1048.7640380859375,827995
2016-08-23,1047.6341442281212,1063.5930516199849,1043.3502772070062,1060.391845703125,684493
2016-08-24,1063.9224573921304,1064.1107162789797,1050.364484506187,1053.4244384765625,417969
2016-08-25,1054.601411447327,1060.6271903308923,1038.3131089971994,1041.2318115234375,554850
2016-08-26,1041.5613432634862,1061.6158584897005,1027.2502186893685,1057.6143798828125,869672
2016-08-29,1057.6145087773034,1058.8855438561964,1039.5842917530265,1046.833984375,452947
2016-08-30,1049.7997757109674,1080.870082974162,1045.0921533983621,1079.17529296875,674826
2016-08-31,1089.3438891101034,1105.255676768937,1081.8116928154786,1090.1912841796875,1668417
2016-09-01,1092.0270746615884,1095.9815461816772,1075.2208867647057,1089.296630859375,621894
2016-09-02,1091.17977488159,1103.466715597251,1083.9772043919163,1099.2769775390625,710106
2016-09-06,1106.2912335138174,1142.9165577629672,1102.1485029295416,1133.7366943359375,1131704
2016-09-07,1137.3616734459315,1138.3031980100423,1102.242761231717,1108.3626708984375,1092266
2016-09-08,1110.0573123535344,1120.4140811710822,1102.5251168498633,1113.44677734375,888245
2016-09-09,1112.7875735647444,1112.7875735647444,1099.7003630387242,1103.2310791015625,575102
2016-09-12,1088.7317742319967,1094.9929348078333,1070.5132991199541,1087.0841064453125,465079
2016-09-14,1082.8471602011803,1110.0101154209558,1082.8471602011803,1095.5577392578125,704633
2016-09-15,1101.5834460368212,1106.761829757507,1092.1682029083013,1104.9259033203125,616127
2016-09-16,1104.9732558792539,1112.1759421098345,1084.636347352829,1087.6021728515625,1136226
2016-09-19,1089.5319602741592,1103.4665669905964,1089.5319602741592,1095.5577392578125,550698
2016-09-20,1095.9344490674334,1105.0671901701223,1094.6162918639054,1096.923095703125,966451
2016-09-21,1097.7234403817185,1107.2328148699287,1097.7234403817185,1102.1485595703125,615798
2016-09-22,1113.164499231008,1127.0048638670237,1106.2913241802446,1122.2972412109375,913747
2016-09-23,1130.770562218253,1133.1243727141277,1115.7061750446542,1121.5435791015625,668223
2016-09-26,1125.1215337396977,1125.1215337396977,1106.1969183761994,1113.8232421875,817715
2016-09-27,1114.953363346247,1132.6540714498478,1114.953363346247,1122.815185546875,532323
2016-09-28,1123.2387104138302,1130.7709062925483,1118.6252174516778,1123.70947265625,566690
2016-09-29,1124.509909925341,1132.9836315280588,1092.1685621280756,1099.0887451171875,1125599
2016-09-30,1098.7589199043293,1110.9516143022927,1088.4021520217693,1092.8272705078125,478253
2016-10-03,1101.5833460894935,1128.887548684874,1097.2523576297608,1123.2384033203125,747111
2016-10-04,1131.7125468684264,1132.6540714498478,1110.4341143147446,1122.815185546875,503642
2016-10-05,1118.5311154828078,1152.4259977701654,1115.7065419588612,1138.0677490234375,1080751
2016-10-06,1139.3385732544261,1150.919368532114,1131.4297458647006,1138.773681640625,746006
2016-10-07,1137.36152897243,1139.2445778614572,1111.7521100545332,1115.329833984375,873434
2016-10-10,1119.472428558443,1147.7181584631976,1119.472428558443,1141.739501953125,570180
2016-10-13,1155.2503722763324,1155.5328755529358,1138.161682413928,1145.45849609375,1391322
2016-10-14,1144.9877965173582,1148.6597646530945,1131.9477066017892,1135.2430419921875,354200
2016-10-17,1137.4558158522577,1137.738319197583,1109.5867114240586,1113.16455078125,365921
2016-10-18,1117.0243515737288,1123.5678988945972,1097.3935946789688,1105.8201904296875,1339044
2016-10-19,1110.9988259619627,1114.9061753278413,1095.2282917798755,1100.924560546875,1201677
2016-10-20,1106.2912546869975,1108.1743036311454,1095.2283421401273,1097.5821533203125,448785
2016-10-21,1104.3140593791582,1104.3140593791582,1077.4806123357678,1086.0484619140625,948987
2016-10-24,1093.2509178619691,1094.0511904968128,1058.3673980440904,1061.568603515625,1287073
2016-10-25,1065.7586020567774,1090.5678643506722,1051.776986346064,1073.1025390625,3014876
2016-10-26,1085.8601310884117,1089.3437253782022,1048.7640469266078,1057.426025390625,1323248
2016-10-27,1066.7471943901073,1068.065351597326,1017.7879233324854,1021.9776611328125,1764517
2016-10-28,1017.7878112470579,1032.8050784928676,1003.7120683409775,1007.3369140625,1732990
2016-11-01,1016.634098739513,1027.1109476222746,1011.8204238709544,1016.2565307617188,983171
2016-11-02,1007.9505132085097,1022.533138788355,996.1049959616671,1003.089599609375,872573
2016-11-03,998.8894052081856,1014.6518577485134,975.4343375317707,978.9266967773438,1075107
2016-11-04,980.8614610567378,995.5858021832765,976.9916494396522,984.4954223632812,976222
2016-11-07,989.1675111623704,1000.1162888149335,970.1959054135477,979.1153564453125,829767
2016-11-08,986.100101799365,1000.4940013470465,981.6167560386117,997.6624145507812,780312
2016-11-09,942.91831051288,998.7005418750869,898.5567883966585,991.951904296875,2005884
2016-11-10,996.7185476565801,1000.4939967007338,951.4131591267355,954.5278930664062,1719037
2016-11-11,943.8623070198422,948.5344369613471,904.2200901250088,908.2786865234375,2665967
2016-11-15,916.4430628219151,916.4430628219151,820.21629494808,840.79248046875,5354021
2016-11-16,865.993631229074,892.799342694282,852.3076283377154,883.1719360351562,3032067
2016-11-17,892.8938397655219,893.9793045804229,865.5218298784181,866.8904418945312,1310176
2016-11-18,873.9220091941347,876.8007773005894,849.3343534956838,857.2156372070312,1335202
2016-11-21,866.4654711914063,866.4654711914063,841.6890892537435,849.4759521484375,1639425
2016-11-22,857.0269812035252,861.6991111800809,844.7567711202148,856.791015625,1678288
2016-11-23,864.4833237584565,893.2711179191792,860.8022385107902,889.165283203125,2371811
2016-11-24,885.5785818528999,911.5347886218365,879.7266255323314,883.5492553710938,2908165
2016-11-25,890.9116587282244,899.7839298896586,886.0979263750614,892.3746337890625,1460489
2016-11-28,896.6689611087182,914.2720116518863,881.0952370473562,883.5492553710938,1335539
2016-11-29,887.6080108266727,912.7147215932777,882.6999160036922,904.7390747070312,2507536
2016-11-30,913.6114225313166,920.1712763037217,899.0759216949994,915.4519653320312,4460941
2016-12-01,912.714825157337,913.6586874377479,883.4550944645993,886.4282836914062,1517103
2016-12-02,883.4551054154107,883.927036561466,851.3637874836544,854.0537719726562,2139914
2016-12-05,858.9145779926623,888.7405996354909,844.9926109317922,885.0123901367188,1881935
2016-12-06,888.0801163312875,891.6667817725375,872.270421823295,881.7090454101562,889147
2016-12-07,883.4550732608468,895.2533514828132,876.0929591720958,879.868408203125,809152
2016-12-08,889.0710078724901,894.3566131315051,877.6030591368924,883.5966186523438,1024529
2016-12-09,889.1181676918801,900.3973321901935,882.5583140624195,888.8822021484375,1600112
2016-12-12,879.0188616616398,884.5404901366269,857.9707459719814,859.1505737304688,1531811
2016-12-13,863.6339090124844,863.6339090124844,844.7566650996433,855.8470458984375,1572248
2016-12-14,857.0269443838109,871.3736624635341,857.0269443838109,863.0204467773438,944657
2016-12-15,858.5842627489142,865.2856612432571,851.08054682914,852.3075561523438,958978
2016-12-16,860.755181302443,860.755181302443,847.5882915324931,849.3816528320312,1041676
2016-12-19,850.7975174197884,851.3638117676945,825.9738923421953,829.0886840820312,1905631
2016-12-20,826.3514010412991,832.4865056749582,811.7687177364614,817.1015625,1811388
2016-12-21,818.5172343942519,827.2951405070851,813.1843904222037,816.9598388671875,1321988
2016-12-22,816.9600133888348,825.2188086265076,803.321191446007,821.443359375,1472349
2016-12-23,825.8794090567792,835.3180308745709,813.1372696027603,824.935546875,1325637
2016-12-26,824.9356368865317,835.3181220189709,811.721564899791,819.0836791992188,1313467
2016-12-27,822.9533696721933,828.5221213726837,814.9305420011946,826.8231811523438,846898
2016-12-28,826.8232472222104,840.037317383296,820.7353248048126,826.5401000976562,1093720
2016-12-29,829.6548302871701,837.2057274911489,827.7671059861754,830.6458740234375,1203203
2016-12-30,835.2709663457398,844.7567710802473,832.9584921545455,841.0285034179688,935476
2017-01-02,842.8689722007861,856.5549745489511,832.7224532185257,853.864990234375,1031421
2017-01-03,858.9145605815808,858.9145605815808,843.2936534466046,846.2667846679688,2068282
2017-01-04,851.2694595367217,863.1621018661032,846.6445110704151,855.70556640625,1408241
2017-01-05,862.5956640078829,868.2588370528399,850.8917500047949,865.0496826171875,2569365
2017-01-06,866.4656511607383,880.1516554546715,863.2564960758874,877.320068359375,1717545
2017-01-09,879.6795150558531,880.6705587817472,855.1390993997885,859.0089111328125,1356124
2017-01-10,863.6339068144604,876.8479775198183,856.9796898738748,871.7510986328125,1735052
2017-01-11,874.4882865267631,887.7967198675248,869.7689757521988,882.1807861328125,1236472
2017-01-12,882.5111898877582,886.6169675672538,874.299576919988,881.142578125,955700
2017-01-13,883.0303688523455,885.5316270067469,875.1019600472532,880.8594970703125,770385
2017-01-16,877.7918547482708,888.6934517451632,874.8659049426209,882.7471313476562,889759
2017-01-17,887.2305416951824,909.4113052375619,884.398954859985,906.2493896484375,1742445
2017-01-18,906.2494011134069,917.8588957628316,906.1077987263429,909.2697143554688,1216887
2017-01-19,910.921423773071,911.5349572719042,900.8221439032635,908.6561889648438,770727
2017-01-20,906.3909525932701,922.9557243894544,900.5862340300305,912.9036254882812,2190366
2017-01-23,913.0922013506886,918.8969185908735,903.9839092140813,910.5437622070312,1206139
2017-01-24,909.4111120725086,924.843234002935,900.0668544576279,918.8025512695312,1748158
2017-01-25,924.0412184881898,926.2592719139785,916.6319222619055,922.814208984375,1128224
2017-01-27,924.7961681280807,934.0460061272157,909.9775201289806,915.1687622070312,1043635
2017-01-30,914.6024178626544,924.0410393060255,908.9392449966318,918.566650390625,572175
2017-01-31,918.1890576207586,922.6252211007467,909.8830824973093,916.2069702148438,603928
2017-02-01,916.2070406777136,944.8532351420669,915.7351095820321,935.367431640625,1241463
2017-02-02,933.904485849221,939.1429096526637,926.8255191935476,933.479736328125,1365514
2017-02-03,934.4236452628635,938.1047311513508,925.9760664430238,930.5538330078125,465754
2017-02-06,934.5180935376312,948.5344840580893,930.1763497532766,936.7833862304688,744278
2017-02-07,936.3112339808671,947.5903979684193,934.6122936667692,943.201416015625,577723
2017-02-08,943.2015017181993,953.2064757814582,925.9288346726667,941.6913452148438,1192386
2017-02-09,942.91833862891,948.5815118338884,935.367441022272,946.5521850585938,493191
2017-02-10,949.431032283695,952.3569821287856,934.8955310193876,937.3023681640625,479738
2017-02-13,939.1429721961077,943.8622836141786,926.4008313673164,929.4683837890625,643641
2017-02-14,932.5359322395253,932.5831138317487,915.5464112068214,925.7401123046875,604108
2017-02-15,926.1175464674433,931.5447537910651,921.209451800848,926.5894775390625,600970
2017-02-16,929.7042614230259,933.998822885509,913.4226385706937,915.4519653320312,932357
2017-02-17,918.377985175343,918.7555531254022,901.9547586970403,906.8628540039062,1142332
2017-02-20,907.0515437594078,924.9377433709035,900.3029062123809,920.9735107421875,1092302
2017-02-21,922.8140086651983,938.151768155411,921.492578650225,935.8392944335938,885074
2017-02-22,939.2373037745391,968.1667048373189,938.1047151593406,963.0226440429688,2809160
2017-02-23,972.1781015537892,972.1781015537892,948.911874429403,952.3569946289062,1580357
2017-02-27,953.3010226822709,961.371034669358,942.9185362966223,945.7029418945312,738246
2017-02-28,946.788203803472,969.1578083504905,942.116131733889,966.7036743164062,1368244
2017-03-01,972.1781214776613,981.6167440162794,968.4499116619313,974.7737426757812,1124115
2017-03-02,979.6346536584498,986.1000870362811,968.7802377686031,970.998291015625,1037442
2017-03-03,969.3937471620352,969.3937471620352,949.5254011795554,956.7931518554688,596208
2017-03-06,962.739427796906,975.7647720247085,958.9639790604476,971.6117553710938,559268
2017-03-07,972.6971760667157,974.6320243263758,963.2113154570674,966.4676513671875,429279
2017-03-08,966.5149130099044,976.6614318720689,958.0201530322782,965.1463012695312,1164247
2017-03-09,970.7622898738465,982.3718412262537,967.4587721154037,973.21630859375,827512
2017-03-10,966.6092867417349,978.9738589117637,966.6092867417349,972.4140625,579487
2017-03-14,990.8665073434807,1017.2946469083322,982.1829066416456,1011.25390625,1640301
2017-03-15,1008.0448601064302,1015.1238268206607,1001.5321876858267,1004.316650390625,619852
2017-03-16,1011.1121952732061,1028.3376772463553,1008.2806091954282,1026.4971923828125,1382416
2017-03-17,1029.0458090792858,1030.8862943636952,1014.6519098924397,1018.85205078125,782439
2017-03-20,1021.0699709544671,1022.2025592821718,1007.2423694312898,1019.0877685546875,423077
2017-03-21,1021.2118033319758,1024.043390326067,1003.7503502017465,1008.7056274414062,1431610
2017-03-22,998.6062630259013,1004.4110389215961,989.6868108278642,998.4646606445312,661176
2017-03-23,1000.4939938208227,1009.932616404038,994.8308202708935,1002.004150390625,466635
2017-03-24,1003.1367560050593,1012.7641040102149,1001.484997214735,1004.5053100585938,435183
2017-03-27,1008.0447993003285,1008.0447993003285,981.5694192991003,984.3538818359375,833514
2017-03-28,986.3360537448648,1002.3344728358077,986.3360537448648,998.4646606445312,452398
2017-03-29,1002.3818060258004,1018.4274658209404,998.4647542675903,1008.1393432617188,1345902
2017-03-30,1008.1391921051634,1014.3686595775043,1002.3816557325081,1010.0269165039062,1171200
2017-03-31,1009.932627080483,1018.8993186293284,1005.2133157389854,1013.2361450195312,937954
2017-04-03,1014.3687976505361,1036.785527936911,1008.5168973049101,1028.6683349609375,790370
2017-04-05,1032.58525233276,1033.1987858095583,1008.7999708523363,1021.778076171875,927397
2017-04-06,1017.8610819408361,1027.8659988308475,1011.348409317955,1025.8839111328125,690411
2017-04-07,1016.5396443069659,1028.7154903881378,1012.8585584846264,1022.1555786132812,837821
2017-04-10,1017.8610545607493,1019.7959030068191,997.7096189405988,999.7388305664062,757492
2017-04-11,1003.9858999892132,1016.3033443993344,997.2373792888818,1012.2919311523438,731062
2017-04-12,1015.1238502560004,1021.1645917017796,1003.4199353080957,1010.3572998046875,719256
2017-04-13,1010.3570097448436,1020.6923675496171,1006.2984723640075,1017.7664184570312,328677
2017-04-17,1018.9465183401817,1019.3712102574326,997.1432086134072,999.8804321289062,506747
2017-04-18,1002.7592886200462,1008.9415172959161,979.0683689245044,982.0414428710938,722855
2017-04-19,985.3922634959032,996.718611352178,975.6704354989067,990.0172119140625,398732
2017-04-20,996.7185287922441,1003.0895989336718,983.9763885093888,999.3613891601562,493562
2017-04-21,1006.0628686974574,1011.3484746394603,995.0196104364622,1005.6380615234375,701515
2017-04-24,1006.2516509610236,1014.0385155239516,1003.9863582264751,1009.885498046875,363436
2017-04-25,1014.3685652322883,1040.088807772952,1009.9324593948608,1036.2662353515625,1060527
2017-04-26,1042.8734167329415,1059.0134380663771,1031.4054674215986,1042.637451171875,1870316
2017-04-27,1042.8736478267451,1047.2626312786629,1030.6977991341164,1043.29833984375,666287
2017-04-28,1044.477825320196,1061.7976726159907,1043.297997640407,1057.55029296875,1012065
2017-05-02,1060.0516742453767,1073.6433137441998,1038.2484792251603,1049.669189453125,1031522
2017-05-03,1053.3503007681952,1060.8539597807285,1050.5187139381733,1056.0875244140625,476101
2017-05-04,1056.087203235393,1071.2833582248566,1054.8601365618686,1069.01806640625,878814
2017-05-05,1071.2836441116192,1094.88020014932,1070.3397818701112,1082.4212646484375,1518367
2017-05-08,1085.441398667417,1107.1502266407654,1079.2119319446597,1101.8173828125,672001
2017-05-09,1106.6310903055216,1110.7841066537574,1094.9744162323534,1099.882568359375,734416
2017-05-10,1101.581676011182,1115.645247436081,1083.6955313715475,1093.2757568359375,1004939
2017-05-11,1093.9364115627784,1112.7192944769556,1087.6125802059132,1100.9681396484375,1003768
2017-05-12,1104.5076258269198,1112.813660217521,1063.7328202418544,1069.3487548828125,2500503
2017-05-15,1078.7404037586941,1085.3474408266845,1071.2838674527313,1083.601318359375,729473
2017-05-16,1084.403651528493,1085.158672399495,1066.187059153912,1078.6932373046875,913600
2017-05-17,1078.8345397855485,1093.9363356180672,1072.746674427588,1090.1136474609375,579709
2017-05-18,1082.7516447969763,1094.6915257624535,1076.0030064062662,1086.7158203125,702003
2017-05-19,1075.8617016187266,1080.5338903589504,1037.1162131782132,1060.0992431640625,1732673
2017-05-22,1061.1370130436546,1073.9735151301377,1042.023804669953,1050.0938720703125,1058940
2017-05-23,1057.0783110492312,1063.3078930728996,1030.178241243987,1037.2100830078125,1374392
2017-05-24,1033.529350237328,1044.9029384890723,1019.843345142861,1029.942626953125,1551698
2017-05-25,1034.0482009961374,1061.8448945942762,1028.856959289232,1050.707275390625,1226634
2017-05-26,1061.7978637019894,1084.3090720576233,1060.9012405910082,1068.8768310546875,915210
2017-05-29,1061.844905498386,1085.4414589539058,1061.844905498386,1082.1851806640625,460152
2017-05-30,1085.4416314477648,1100.6377912445207,1082.6100445831185,1094.361083984375,460978
2017-05-31,1093.9362677785048,1099.5994408645022,1080.2975053500813,1086.5740966796875,1488564
2017-06-01,1085.4416169475614,1096.7679642548403,1069.4903214462977,1095.304931640625,578030
2017-06-02,1096.0127776802744,1108.943759388842,1095.0689154483011,1098.9388427734375,437401
2017-06-05,1099.59941801821,1110.3594697015546,1094.4081761305704,1096.3431396484375,425935
2017-06-06,1096.9093092685584,1099.8824977826234,1076.993842969598,1088.41455078125,787798
2017-06-07,1089.216932240099,1102.4310024752474,1081.6660349628712,1096.2958984375,531046
2017-06-08,1108.849459865542,1108.849459865542,1076.191732590421,1079.1177978515625,1202971
2017-06-09,1080.7222554221082,1092.614896499399,1068.593648786865,1090.8687744140625,559008
2017-06-12,1089.5946545379732,1093.6060692848994,1078.4570333888937,1086.102294921875,649908
2017-06-13,1086.5743629543897,1089.4531893989408,1078.1268404513237,1085.1585693359375,855507
2017-06-14,1086.3853949706308,1088.1315170015732,1063.0248054610538,1085.06396484375,931530
2017-06-15,1085.442101334948,1087.3331154487719,1071.5903998675192,1078.1617431640625,1003963
2017-06-16,1080.4313135716307,1087.1445087803659,1066.957832451231,1082.9842529296875,1184164
2017-06-19,1086.3880598388312,1094.897626887177,1075.940156351006,1091.2574462890625,808994
2017-06-20,1092.1553713209628,1093.8100089629056,1082.1330178305818,1086.813232421875,804319
2017-06-21,1094.8972603065365,1097.166500510013,1087.2386756108606,1092.43896484375,553929
2017-06-22,1093.9517301737471,1107.1888297609835,1093.5735042447277,1099.1993408203125,651018
2017-06-23,1099.6251393415155,1101.0434004842605,1083.646040716246,1090.78466796875,596082
2017-06-27,1093.9518629781626,1104.683346934077,1068.4231678179115,1072.3470458984375,484244
2017-06-28,1063.6957406745228,1067.3359207922674,1039.1125502233783,1048.70947265625,930404
2017-06-29,1051.4038446703833,1065.539128968714,1040.0577600156669,1044.35986328125,460382
2017-06-30,1040.0104027619059,1051.403808545221,1024.26780317906,1042.846923828125,617697
2017-07-03,1046.6764970544034,1062.2300447231423,1044.0290306596398,1059.2044677734375,512386
2017-07-04,1062.5609514047512,1065.0664529469882,1046.487330307549,1048.1419677734375,549148
2017-07-05,1048.1420796291177,1073.150699543649,1048.1420796291177,1065.2557373046875,837353
2017-07-06,1073.1504825073887,1081.6600458048042,1066.390084137441,1070.455810546875,532283
2017-07-07,1073.1503558966162,1073.5285817488793,1051.4510182156403,1054.6656494140625,364301
2017-07-10,1059.2044721572527,1097.6865701691536,1055.2333879670343,1066.2957763671875,70264
2017-07-11,1063.695463935139,1073.1505347256737,1061.4262238617418,1070.07763671875,532133
2017-07-12,1074.0962216022579,1075.4199548181869,1062.8446623944064,1071.9215087890625,373345
2017-07-13,1077.6891338514624,1081.8965946504245,1060.1499294313205,1064.1683349609375,764694
2017-07-14,1066.7684534733858,1067.4302623181702,1051.4512836458073,1056.46240234375,872831
2017-07-17,1059.535163559348,1067.1937474824697,1054.4767239903833,1064.120849609375,1260921
2017-07-18,1057.077047491059,1087.3332778306958,1056.1315402929454,1084.1185302734375,648737
2017-07-19,1092.0136443429753,1094.897487866104,1083.5987214427805,1092.8646240234375,964588
2017-07-20,1093.8573443019861,1094.7555300087504,1072.157883986952,1092.5809326171875,1287749
2017-07-21,1093.0060583240795,1108.606923343411,1085.4420025571308,1093.1005859375,2017663
2017-07-24,1088.846141304981,1096.315671768535,1077.8782801346529,1092.77001953125,2063340
2017-07-25,1096.8355996321964,1101.5158137895407,1077.87813538204,1087.427734375,2963793
2017-07-26,1072.2049560546875,1082.4164779939717,1064.6408999273176,1072.2049560546875,1973462
2017-07-27,1074.6161463621117,1090.1696920721242,1074.1433928096087,1086.1986083984375,1033335
2017-07-28,1085.4420938448407,1093.8571296769576,1076.932530391353,1090.406005859375,616845
2017-07-31,1091.2569987450518,1100.5702202225448,1083.6456207282374,1098.3955078125,777721
2017-08-01,1098.6793935055018,1099.6249007288284,1078.35098820398,1085.63134765625,1176561
2017-08-02,1087.3333465589506,1089.2243610747053,1073.1507376907903,1082.133056640625,848781
2017-08-03,1080.7144593092382,1086.2929734777026,1065.6808755055222,1083.6455078125,997619
2017-08-04,1081.660182338632,1096.7409752519734,1078.492756461783,1094.2354736328125,529318
2017-08-07,1096.7882952660632,1097.4974256293817,1080.1473924905247,1087.0023193359375,576280
2017-08-08,1083.5511031864678,1088.7513920761062,1077.02708131398,1084.8275146484375,600256
2017-08-09,1085.2532515389248,1095.7483587737959,1077.9727765714395,1092.5809326171875,530763
2017-08-10,1091.1152849192842,1097.0720263162557,1083.5512274848352,1088.373291015625,649594
2017-08-11,1073.765239682971,1086.1513605146354,1060.102591838324,1081.565673828125,843233
2017-08-14,1086.813130741103,1100.2866074220767,1082.6056701554376,1091.115234375,511994
2017-08-16,1091.4462216794336,1092.3445227773984,1067.4776370576917,1079.107421875,857454
2017-08-17,1079.1072113438179,1080.52547187809,1070.313949863996,1073.1031494140625,494638
2017-08-18,1070.2669161504036,1080.1947425599947,1061.8046721876715,1077.8782958984375,357491
2017-08-21,1079.580185608028,1079.580185608028,1067.0048934654153,1072.630615234375,456594
2017-08-22,1077.972627858448,1080.3363956221137,1064.5936792324305,1067.9029541015625,568911
2017-08-23,1070.1251034055156,1082.1329987710612,1053.2950289479793,1079.107421875,513036
2017-08-24,1078.2566211637236,1082.6059319551512,1069.3688288570097,1073.7181396484375,483362
2017-08-28,1069.8412260129835,1096.5518001489681,1064.7354648643836,1092.91162109375,751938
2017-08-29,1092.0610163983565,1092.0610163983565,1077.216596801679,1088.9407958984375,578071
2017-08-30,1087.2385352599522,1097.1190373596341,1081.9437190809122,1090.50048828125,674280
2017-08-31,1083.881988596973,1110.0252817316466,1081.943768386692,1104.872314453125,1131097
2017-09-01,1110.214610843593,1152.573383492026,1102.4614972532422,1149.642333984375,1523879
2017-09-04,1149.6418739511844,1149.6418739511844,1127.0442357382049,1131.819091796875,682612
2017-09-05,1135.7903638016157,1156.4024640217108,1134.9867058786401,1140.6124267578125,714964
2017-09-06,1133.048383671337,1147.3255174633725,1132.7174792777544,1140.328857421875,370400
2017-09-07,1151.6276933452052,1152.3841452224606,1128.8882005235523,1133.3321533203125,832839
2017-09-08,1129.8811402449498,1140.2817197785853,1125.1536040932972,1138.3433837890625,477517
2017-09-11,1140.2815350184667,1173.3742827180074,1134.2302666411674,1170.5850830078125,843302
2017-09-12,1174.3198136342346,1191.291619845909,1168.6940925784463,1187.8878173828125,1461215
2017-09-13,1181.9310728731036,1193.2298353687302,1180.9382443546308,1186.56396484375,913364
2017-09-14,1189.4480568577933,1193.2300856554334,1173.3744344678232,1178.1492919921875,754072
2017-09-15,1163.4465432000513,1181.5530281303543,1159.3808163047458,1177.629150390625,912016
2017-09-18,1181.883922252108,1192.2845007679266,1180.7493598540868,1187.5096435546875,419287
2017-09-19,1193.2300163805828,1193.2300163805828,1181.127478763423,1185.004150390625,464997
2017-09-20,1188.029790610896,1188.4080165725975,1167.701385916798,1169.8760986328125,473176
2017-09-21,1170.537593455895,1179.2835326638651,1158.1986817032655,1162.12255859375,772766
2017-09-22,1151.6748322462165,1163.162649809221,1139.241392277416,1147.1363525390625,896125
2017-09-25,1139.4780821946908,1147.3257230964505,1127.0446388087234,1131.724853515625,917093
2017-09-26,1122.3168601144923,1124.9170044829125,1100.5701981240684,1110.0252685546875,740276
2017-09-27,1109.1744510668875,1114.3275344549068,1090.0279306495754,1096.788330078125,786410
2017-09-28,1092.0607748116013,1101.5158464549918,1061.8045455527517,1068.423095703125,2353175
2017-09-29,1068.4229576331754,1082.5582417460305,1065.5864365067157,1070.0302734375,791548
2017-10-03,1079.107305110891,1096.7882418071677,1073.6233177345161,1086.1986083984375,834092
2017-10-04,1091.1151540653045,1103.5012735451157,1085.0166796574936,1091.1624755859375,626750
2017-10-05,1087.0022035616482,1098.2064390250719,1085.0638679410174,1090.406005859375,327057
2017-10-06,1092.060761014965,1105.959669987814,1090.1697467101772,1094.2354736328125,344962
2017-10-09,1106.0543493145256,1106.0543493145256,1089.9807271966404,1095.464599609375,363972
2017-10-10,1093.0059634968832,1103.359217762332,1091.1149497192068,1099.62451171875,316767
2017-10-11,1106.243258181451,1111.6799237665307,1092.0606523073297,1097.35546875,602214
2017-10-12,1093.479217656583,1098.6795079264587,1083.5987123111688,1095.6539306640625,658884
2017-10-13,1095.6536801358297,1112.9563909172884,1091.2570490111232,1110.26171875,417081
2017-10-16,1116.6438330232888,1120.425861246907,1102.4612271847202,1107.236083984375,689380
2017-10-17,1106.2433974813841,1134.6086128014194,1106.2433974813841,1131.9139404296875,979278
2017-10-18,1132.5289037376465,1132.5289037376465,1106.2437496720975,1115.367919921875,523048
2017-10-19,1110.9709981239394,1118.771432791618,1107.3308183626953,1114.2802734375,77085
2017-10-23,1119.9060138024813,1126.9027905218304,1095.8429005065893,1110.1673583984375,698954
2017-10-24,1110.9708083362373,1166.7557255207803,1110.9708083362373,1156.2606201171875,2345084
2017-10-25,1156.2607640323156,1164.9121778917497,1129.8810903864826,1136.2159423828125,1015698
2017-10-26,1128.935516972349,1138.059683890846,1116.3602259342108,1126.2408447265625,808543
2017-10-27,1128.8412027040185,1129.8812376633814,1114.3748946653307,1120.000732421875,346755
2017-10-30,1120.4259433597076,1133.4739878547812,1115.2729756947183,1118.1094970703125,280643
2017-10-31,1120.0994419509832,1126.59068884708,1114.5558257164353,1119.0096435546875,279632
2017-11-01,1122.9423145474766,1126.3064496089207,1112.5183774504114,1114.3662109375,260543
2017-11-02,1114.7927269690542,1120.0520077038552,1104.9373450101223,1116.68798828125,245949
2017-11-03,1120.5258674837842,1121.1418505701981,1106.1693550164268,1111.049560546875,258595
2017-11-06,1106.8326521893418,1111.6655456002015,1094.5134531495632,1101.478515625,314729
2017-11-07,1097.356555051473,1103.6583235160874,1073.1919676993032,1081.6732177734375,758497
2017-11-08,1087.0272349102208,1117.6357551023402,1085.0846612350927,1110.812744140625,691775
2017-11-09,1116.1666183125471,1135.68778447434,1112.1391884817926,1132.987060546875,884722
2017-11-10,1132.3239907604716,1132.3239907604716,1099.251654904133,1116.8775634765625,1130647
2017-11-13,1121.994928723485,1127.2068984092782,1107.6382981807358,1113.4188232421875,363501
2017-11-14,1113.4186719352574,1114.4137304656333,1092.0496685339815,1094.5609130859375,547558
2017-11-15,1094.5135737677413,1127.680651760703,1090.7704783795707,1119.6732177734375,829732
2017-11-16,1121.0473565111167,1126.7331419203024,1113.4663092988692,1117.778076171875,429230
2017-11-17,1123.8902105095312,1131.3765175093215,1104.9375931316301,1109.9600830078125,454013
2017-11-20,1111.5709330207765,1114.8402130233314,1098.9200849237047,1105.2691650390625,255840
2017-11-21,1107.4015224851917,1113.4663837962846,1095.4613954625574,1099.5362548828125,421268
2017-11-22,1101.6208879624726,1114.8877201615906,1094.513656427231,1112.802978515625,731572
2017-11-23,1113.939786416951,1116.2141230253696,1096.4560478650142,1098.8724365234375,482632
2017-11-24,1103.0420343592777,1103.0420343592777,1088.022112267476,1098.8724365234375,406704
2017-11-27,1097.3562603862679,1099.2515216304582,1086.0794328478214,1095.934814453125,373156
2017-11-28,1096.882643467539,1113.3714424098255,1089.917580270887,1109.6756591796875,445227
2017-11-29,1104.9375660352428,1114.7455221522666,1088.1171185248434,1093.423828125,516698
2017-11-30,1090.0123866904346,1097.3565257878925,1081.5784489784803,1086.6956787109375,1433116
2017-12-01,1087.1216828152521,1093.565616601778,1071.0593918233617,1074.3760986328125,397188
2017-12-04,1085.46346814307,1085.46346814307,1058.5034227600916,1062.2939453125,455769
2017-12-05,1063.2415687184698,1065.2789977120444,1050.0221676778901,1056.608154296875,702853
2017-12-06,1056.418801913199,1056.5608539830343,1041.4461898553473,1046.5159912109375,723473
2017-12-07,1049.974846305437,1090.722967597074,1048.8850478330519,1084.4686279296875,986078
2017-12-08,1084.9896087940701,1093.091896692072,1070.9173175248345,1076.0345458984375,593327
2017-12-11,1082.1945214352481,1082.8578168148238,1064.5686092829444,1066.8902587890625,551772
2017-12-12,1072.575662067947,1072.575662067947,1043.3412814498465,1058.8824462890625,1060836
2017-12-13,1059.3565490181848,1077.9300905193063,1051.8702421770813,1058.0772705078125,646677
2017-12-14,1063.241582423352,1070.396240055606,1056.9872433093167,1064.6156005859375,543059
2017-12-15,1069.8750220145585,1075.2764705402376,1057.5558233554007,1060.1143798828125,897594
2017-12-18,1061.3461366086085,1080.2513183959297,1051.8698318174602,1077.5980224609375,622558
2017-12-19,1088.827781066987,1089.3015964634478,1071.7229989837163,1078.1195068359375,459494
2017-12-20,1077.9298070977302,1082.146716995131,1066.0844246021506,1076.0345458984375,458160
2017-12-21,1081.1989192960145,1084.089238449262,1071.2014874213883,1078.3087158203125,460388
2017-12-22,1077.4561778304865,1082.6681470284352,1073.1918393958013,1078.40380859375,377780
2017-12-26,1082.1943149338747,1095.0820699797075,1080.4885333153104,1090.486083984375,820589
2017-12-27,1089.7753249807872,1096.4087400024093,1082.1942792417904,1088.8751220703125,611258
2017-12-28,1085.9848139585117,1093.8975073993952,1078.7354157559953,1084.4686279296875,536350
2017-12-29,1085.131925283692,1111.0970304091531,1082.2417209650814,1097.8302001953125,965848
2018-01-01,1102.0945665183124,1103.9898280256525,1078.4985376164107,1083.7579345703125,591349
2018-01-02,1085.9849516226618,1089.775475014015,1074.660809262032,1082.9051513671875,516171
2018-01-03,1088.8275191098992,1088.8275191098992,1075.8450266413183,1082.099365234375,593809
2018-01-04,1088.8275998147776,1116.30888823482,1085.8899679812523,1110.6705322265625,729965
2018-01-05,1116.3089985053919,1129.5758287083422,1106.3114480457084,1123.1793212890625,1151320
2018-01-08,1127.6807786970573,1128.4862418320351,1112.0448687403334,1120.0997314453125,928875
2018-01-09,1121.1418063444269,1134.5033754628787,1113.5607610939496,1130.57080078125,699621
2018-01-10,1123.8900799055618,1126.8277121222436,1109.7703584643177,1115.740478515625,1102382
2018-01-11,1118.1096790367533,1127.6332998088612,1108.7281103521009,1126.6856689453125,475476
2018-01-12,1124.8376835184654,1130.0970803737664,1114.4137454235174,1127.396240234375,390841
2018-01-15,1127.3490874557892,1144.9275706849992,1120.526075786292,1140.9949951171875,723833
2018-01-16,1140.9947673653955,1140.9947673653955,1121.9947259463722,1126.4959716796875,557253
2018-01-17,1124.6480225062994,1133.7452529702637,1116.6879024712453,1131.2340087890625,506648
2018-01-18,1132.4187242350226,1141.0421407568613,1119.1518939929388,1126.022216796875,500762
2018-01-19,1121.141758898146,1132.418586366514,1116.2141259648995,1127.585693359375,722692
2018-01-22,1129.575911126169,1131.186837211606,1103.1369887285541,1114.413818359375,942542
2018-01-23,1114.4137028435734,1116.1667965024976,1095.6505687185443,1108.6331787109375,1841634
2018-01-24,1108.7276934422775,1110.291306914694,1085.0843585582688,1090.7701416015625,1122469
2018-01-25,1087.8801330916083,1100.5784086517137,1083.568366780882,1090.2017822265625,1563047
2018-01-29,1093.565851211654,1103.2790660946,1087.5009914662992,1091.718017578125,1538762
2018-01-30,1090.723030932209,1091.6706617149478,1064.6157565967244,1067.695556640625,1404578
2018-01-31,1068.9274565040007,1080.1095453164749,1065.1369336085966,1069.2117919921875,961596
2018-02-01,1067.0321359361449,1096.7403343473427,1067.0321359361449,1092.6181640625,1103162
2018-02-02,1087.8797602620216,1087.8797602620216,1065.089201591786,1078.3087158203125,872105
2018-02-05,1062.4835480318648,1080.2990523593498,1055.9449884149128,1074.7080078125,1263378
2018-02-06,1051.8701479730776,1067.9798709600527,1033.0122726351608,1052.1070556640625,1055719
2018-02-07,1056.6083910030552,1066.274179340297,1048.600956642724,1062.388916015625,854461
2018-02-08,1068.9274211362067,1072.0546486924757,1051.8700686712673,1065.184326171875,1185917
2018-02-09,1043.341314207419,1082.4310773418931,1043.341314207419,1071.5333251953125,666922
2018-02-12,1078.4037681368118,1089.7753368693616,1076.4137667441314,1084.4686279296875,646362
2018-02-14,1084.0893934225946,1084.0893934225946,1067.9796734154409,1079.493408203125,691596
2018-02-15,1075.5610391366824,1080.2044535424834,1064.1894686788496,1075.9874267578125,471072
2018-02-16,1076.98232496327,1086.9324476312106,1070.8227252164497,1083.9473876953125,734476
2018-02-19,1085.0373467501904,1085.7954977176485,1053.3391404021952,1061.67822265625,443677
2018-02-20,1065.089490236759,1076.5084865633253,1054.4760725557571,1067.4112548828125,662281
2018-02-21,1073.0497555416387,1073.9026464307751,1056.608383649075,1068.16943359375,720563
2018-02-22,1063.9047315246494,1067.4110338320843,1043.3411956471305,1059.545654296875,1559398
2018-02-23,1058.5509783506177,1058.5509783506177,1041.351457057235,1044.099609375,1140118
2018-02-26,1051.8701385400755,1051.8701385400755,1038.0347526461458,1046.9425048828125,1170283
2018-02-27,1046.942500960117,1054.7130268545898,1041.3987685194897,1052.2017822265625,610498
2018-02-28,1046.1843110461866,1065.1369253767334,1041.6830651426817,1059.2142333984375,1006756
2018-03-01,1061.3465700359445,1065.326573402541,1049.9749996427024,1060.30419921875,736217
2018-03-05,1052.1069626880612,1056.46604068145,1042.3937482160482,1048.0321044921875,529677
2018-03-06,1054.3339726605038,1054.3339726605038,1042.393848081631,1043.9100341796875,702294
2018-03-07,1047.795164306187,1051.8225945720394,1037.8924702764714,1049.2640380859375,669686
2018-03-08,1056.418736453084,1070.8226766287416,1049.5957260981086,1068.54833984375,751329
2018-03-09,1073.665386681589,1080.2988003680598,1065.5157872880077,1069.9696044921875,1158526
2018-03-12,1071.864821153908,1074.6129727028556,1061.3461458793636,1072.243896484375,527293
2018-03-13,1066.2740573745057,1083.1419307384017,1066.2740573745057,1080.5833740234375,711550
2018-03-14,1080.2517636226476,1084.5161025362154,1071.8652535614835,1077.456298828125,1360578
2018-03-15,1072.8601228655261,1102.80522992607,1072.8601228655261,1100.009765625,1146702
2018-03-16,1099.1570231272551,1099.1570231272551,1059.8303436724254,1063.9525146484375,1946844
2018-03-19,1062.4362110942275,1065.1369355265504,1040.4037967250172,1044.810302734375,855444
2018-03-20,1044.288885103649,1058.5033436123192,1034.9547471518006,1048.55322265625,720303
2018-03-21,1048.553521339268,1057.5560142924746,1042.3939208976003,1045.758056640625,612237
2018-03-22,1044.7627484973311,1051.8699780789455,1042.3936719701262,1049.121826171875,478426
2018-03-23,1037.513594624069,1061.3465332152693,1035.8079285308138,1054.3814697265625,828523
2018-03-26,1053.7655048569247,1060.398920804765,1043.3415655103183,1059.02490234375,479675
2018-03-27,1060.3988034281567,1078.403787579305,1057.9349866272,1071.8651123046875,672158
2018-03-28,1071.6280352438177,1071.6280352438177,1056.60811344825,1061.725341796875,699839
2018-04-02,1061.725704769487,1093.5186526949674,1053.2917664549748,1089.917724609375,428944
2018-04-03,1085.084774698228,1096.1245817991157,1079.3041338452424,1091.7655029296875,561118
2018-04-04,1096.3139266539758,1097.0719617705688,1067.0321163123763,1076.5084228515625,607619
2018-04-05,1091.4810552645422,1096.2192086288132,1077.9773181763692,1083.047119140625,549137
2018-04-06,1083.0472893690016,1092.4288576403246,1075.5609827412754,1083.6158447265625,395626
2018-04-09,1085.037368841247,1110.1495874214154,1080.251786576628,1096.8353271484375,837112
2018-04-10,1098.3039218893518,1106.5482622623597,1092.5233980675534,1096.1717529296875,546269
2018-04-11,1096.408890406869,1097.9250766271418,1081.4362767473885,1095.319091796875,419140
2018-04-12,1089.3015645471423,1108.6332552918473,1084.9424861629402,1104.1793212890625,360744
2018-04-13,1108.7278691093613,1115.2191159767526,1097.2141334869425,1101.3363037109375,639579
2018-04-16,1099.2515650856842,1126.259038883048,1094.513411787901,1117.1143798828125,550645
2018-04-17,1118.2043415510734,1125.2168325912332,1107.7804027739026,1114.413818359375,432543
2018-04-18,1117.256549863893,1122.942333832666,1106.8326125878093,1110.907470703125,465763
2018-04-19,1110.623038073364,1124.837496751777,1101.7152874993792,1103.9896240234375,620949
2018-04-20,1103.9896339996387,1104.889836786382,1082.4310381425644,1098.635498046875,727517
2018-04-23,1100.1045325292446,1119.5309624048336,1085.4162562818478,1116.9722900390625,554353
2018-04-24,1115.8348762954388,1120.5256008419676,1101.0518641271615,1108.8223876953125,484112
2018-04-25,1105.8851853741078,1107.5909671495779,1095.508673993177,1102.14208984375,280574
2018-04-26,1103.0420159759278,1115.408641549776,1089.3488001070457,1095.1766357421875,1638937
2018-04-27,1104.226839905753,1136.3041208086893,1103.2792090626672,1119.7205810546875,803227
2018-04-30,1127.3962533029555,1143.79031149517,1120.4786182572138,1138.767822265625,505974
2018-05-02,1137.393759084366,1166.1543279823522,1134.6930346977897,1158.2890625,2011978
2018-05-03,1156.3939103955236,1165.5858828756216,1138.1045897021313,1143.553466796875,641515
2018-05-04,1148.5281731258472,1148.5281731258472,1116.4034758410246,1128.106689453125,743905
2018-05-07,1129.575741552664,1156.8675507068438,1118.2041736846843,1151.608154296875,728801
2018-05-08,1155.1617457335676,1159.8998989154115,1141.8949168244044,1146.538330078125,627060
2018-05-09,1134.8826643183638,1164.7330356066047,1134.8826643183638,1158.526123046875,729538
2018-05-10,1167.4810977967998,1173.1668823639918,1144.2641441474316,1153.929931640625,1904962
2018-05-11,1172.219175928335,1224.2441244951078,1165.443593287656,1219.0794677734375,4723019
2018-05-14,1217.7054751502437,1236.6580895494694,1202.1643082073633,1229.40869140625,1553283
2018-05-15,1223.3911251035668,1254.1416923179092,1221.3063840196528,1245.8026123046875,1368261
2018-05-16,1236.8001827205287,1262.2440428818443,1232.725324599356,1254.378662109375,736281
2018-05-17,1244.3811806552108,1260.3487335804728,1235.2839497739028,1240.8748779296875,751423
2018-05-18,1236.6579800360198,1247.4609924224228,1220.1691838333593,1239.83251953125,939743
2018-05-21,1236.6581114914522,1245.8500833671383,1223.249113430569,1233.5308837890625,692442
2018-05-22,1230.0244779984585,1233.8150002727218,1212.0194971957076,1219.4583740234375,708573
2018-05-23,1213.9149618814295,1224.4810676281693,1203.1119484528238,1211.640625,509522
2018-05-24,1210.2193158371188,1234.6682376429565,1196.8577442036183,1225.855224609375,774173
2018-05-25,1231.919807543848,1241.396113755724,1212.9671951200967,1224.67041015625,773652
2018-05-28,1226.7079339932836,1262.1493451020306,1223.9124697156228,1252.6256103515625,657272
2018-05-29,1256.5585065770488,1260.3490299754712,1221.4961651416409,1231.4462890625,769331
2018-05-30,1222.4436857092962,1232.82019630533,1216.1419179924098,1226.092041015625,478025
2018-05-31,1232.1095116475917,1243.0072657746985,1219.6008314422954,1236.3265380859375,1400776
2018-06-01,1238.5535104193789,1241.3964029452077,1223.201937050941,1225.3341064453125,368820
2018-06-04,1227.1816311662164,1229.5507076742595,1198.752713069702,1217.18408203125,939794
2018-06-05,1209.413710372076,1225.570860472172,1204.0122615213672,1206.9024658203125,524237
2018-06-06,1204.3437534796121,1204.3437534796121,1179.8475255887695,1196.66796875,1211557
2018-06-07,1203.63318468178,1229.0770464319212,1190.224186829987,1223.2017822265625,701247
2018-06-08,1208.2292082186343,1221.0696511730887,1205.3863159640023,1211.8775634765625,442333
2018-06-11,1212.0197459400422,1228.034728971092,1208.4187027694215,1216.0946044921875,373098
2018-06-12,1211.5931882929253,1224.338773995771,1208.418533140279,1220.263916015625,401090
2018-06-13,1222.4436741455293,1225.049658722196,1214.815200295526,1219.0322265625,566241
2018-06-14,1219.1273991522055,1227.8868679260477,1209.1779108635176,1224.5068359375,507824
2018-06-15,1223.364219683795,1225.030409538078,1207.3687505930063,1220.79345703125,1048699
2018-06-18,1227.6488538816536,1227.8868810320018,1210.1300323711737,1220.65087890625,512049
2018-06-19,1212.0340742766912,1225.9824865145772,1204.4172065671753,1208.416015625,572488
2018-06-20,1213.9384045690188,1213.9384045690188,1199.6567762799714,1210.4156494140625,484907
2018-06-21,1211.082252593775,1218.6039344828698,1186.3274266759777,1192.9921875,1179247
2018-06-22,1201.0848887500988,1212.5578428176073,1180.8049309402693,1206.9879150390625,646452
2018-06-25,1207.2735124989993,1211.1771338923706,1189.4691310046544,1193.4202880859375,936253
2018-06-26,1194.8961913889382,1218.5560648421213,1192.991974350868,1213.5574951171875,1262632
2018-06-27,1217.8896579086245,1223.459469603226,1202.5130817967895,1206.46435546875,857951
2018-06-28,1206.464405295652,1212.4626195898002,1190.1357199727872,1207.654541015625,729637
2018-06-29,1207.5114910651034,1210.2249767889548,1192.182568907889,1203.8934326171875,622680
2018-07-02,1205.845375045338,1235.7891398822958,1200.6087784699337,1231.1239013671875,1437438
2018-07-03,1236.4081782248056,1245.929264020814,1226.411038138997,1229.9814453125,1399979
2018-07-04,1233.9325669914997,1237.6933489274586,1221.317129867551,1228.029541015625,619316
2018-07-05,1232.7901477644277,1266.304320895446,1217.0803573172286,1258.1162109375,1733903
2018-07-06,1261.5436038211149,1271.4455542204687,1246.3575216459162,1259.7822265625,1662920
2018-07-09,1266.3043232378232,1302.3892591523693,1261.781807797688,1297.819091796875,1391869
2018-07-10,1297.5337225052883,1309.6254559432555,1290.1072285009895,1304.8172607421875,796987
2018-07-11,1294.867743401354,1318.4324321139889,1292.3446322741513,1294.6773681640625,784238
2018-07-12,1304.388776902956,1312.9577542694717,1281.5381705922473,1292.8682861328125,953054
2018-07-13,1294.3916415841545,1308.5780829677237,1293.629908214545,1302.294189453125,655594
2018-07-16,1304.388573705577,1328.096097304623,1286.3937007942927,1294.4390869140625,1234066
2018-07-17,1300.0090012335972,1317.2421422641348,1288.2980199048566,1310.33935546875,1166581
2018-07-18,1319.622350031407,1332.9042168050385,1311.5770798848844,1326.287109375,1085504
2018-07-19,1328.1913595274357,1341.044824297056,1327.1915991112367,1335.8082275390625,848175
2018-07-20,1335.8081340816268,1337.474323842598,1315.3378027325498,1329.57177734375,575194
2018-07-23,1356.8497124710557,1394.2676205940386,1329.7146219736148,1364.561767578125,1975242
2018-07-24,1373.8925896022292,1405.5025458670905,1357.2306905599291,1397.457275390625,2171087
2018-07-25,1383.4135590429635,1419.2128130314495,1353.2793037652932,1380.7000732421875,4310816
2018-07-26,1378.748455905558,1388.0315148598543,1354.1364715638783,1365.180908203125,1732715
2018-07-27,1368.1798689516875,1384.3657129128417,1357.0877820511196,1366.1328125,630981
2018-07-30,1365.5617748394147,1382.3188631421954,1358.658987412128,1361.7056884765625,750392
2018-07-31,1361.5151142539924,1386.8411763512238,1357.706680367967,1381.8902587890625,1221636
2018-08-01,1388.1742656542951,1390.0308308367912,1362.276959588554,1368.370361328125,1121286
2018-08-02,1368.370396659803,1374.7495938428992,1347.090793266462,1350.4708251953125,836564
2018-08-03,1355.8025166275788,1357.9447607725313,1339.6166719768282,1344.234375,1002287
2018-08-06,1351.994069273285,1352.850990167661,1327.90567774656,1330.4764404296875,795996
2018-08-07,1331.9997877857863,1369.1320191822451,1331.9997877857863,1356.04052734375,1915936
2018-08-08,1362.419545399501,1378.3198263115805,1349.137678959402,1357.4686279296875,1063862
2018-08-09,1363.3241723074739,1365.2759249806602,1346.3765946680599,1349.470947265625,903734
2018-08-10,1351.9941079947969,1370.9410909220962,1341.7589413321602,1350.6611328125,997053
2018-08-13,1346.2816397874979,1353.5176423293512,1330.0957926330511,1332.238037109375,875198
2018-08-14,1340.4736570806185,1348.8521426254254,1324.906705459901,1328.28662109375,729379
2018-08-16,1333.9041253602904,1342.473102610999,1320.5746051925216,1328.0010986328125,1050412
2018-08-17,1335.8082325231771,1337.8552890537762,1323.4308219581014,1333.57080078125,537229
2018-08-20,1338.6645757075482,1362.4672886468716,1331.0477075669646,1341.6160888671875,1259905
2018-08-21,1348.6140055617063,1357.6590360918965,1328.5721918582658,1336.0938720703125,1520772
2018-08-23,1342.4729007844708,1344.3771176650162,1324.0971613975382,1327.9532470703125,859955
2018-08-24,1328.1913463317412,1343.4250822036463,1318.7179133260724,1326.76318359375,919355
2018-08-27,1330.5715786521548,1339.6166090615968,1329.6194701880029,1332.761474609375,785772
2018-08-28,1334.8560548609569,1351.660792348514,1333.9039464052787,1340.0926513671875,1290318
2018-08-29,1346.0432770125665,1346.0432770125665,1324.3828104859274,1327.2391357421875,743529
2018-08-30,1327.3344918251405,1331.714167862508,1307.768731070672,1312.6719970703125,1062266
2018-08-31,1316.7662280276543,1325.3352056503938,1298.866539392697,1306.721435546875,1006329
2018-09-03,1317.7181221074306,1321.0505017514886,1290.1069764852375,1296.390869140625,817733
2018-09-04,1294.8676403371014,1299.2473164639919,1240.121398190496,1248.5,1789240
2018-09-05,1251.5466118629834,1266.3042934787127,1240.0736580526955,1258.02099609375,1222703
2018-09-06,1264.3524437725612,1268.1608777957165,1245.3579255717477,1251.546630859375,726455
2018-09-07,1259.44911545309,1259.44911545309,1247.2620806940422,1252.9747314453125,912914
2018-09-10,1251.6419661491752,1254.8791586956572,1219.1750855157732,1231.171630859375,1121083
2018-09-11,1232.9804837985598,1250.4041155033003,1225.0779369107968,1235.6939697265625,1676544
2018-09-12,1241.0735990847847,1241.0735990847847,1218.699046281952,1229.1722412109375,1111171
2018-09-14,1236.5984734582853,1272.5405666351141,1235.4083379226288,1270.0174560546875,1498792
2018-09-17,1266.256771929792,1266.256771929792,1239.6453833468543,1245.9769287109375,965321
2018-09-18,1243.4540617973764,1267.9708627861073,1223.4597774958872,1230.2197265625,1088372
2018-09-19,1241.7401894684947,1256.0218207668943,1225.3639654026817,1229.505615234375,929673
2018-09-21,1230.2193541858107,1261.4009071699868,1153.8602999325547,1242.2635498046875,1867297
2018-09-24,1237.7413646731122,1253.593998473191,1195.8485800226376,1211.03466796875,1691456
2018-09-25,1210.8916155563986,1242.358731195106,1196.9432030311511,1228.124755859375,1262738
2018-09-26,1237.7411031499855,1241.0734830430815,1212.9862810869856,1220.6031494140625,1338324
2018-09-27,1232.79016037772,1251.070597504551,1215.3188760253063,1225.8397216796875,1901166
2018-09-28,1231.0763814860884,1252.0227700341889,1224.411621493511,1231.362060546875,1549540
2018-10-01,1236.7888583326292,1245.262646657649,1208.2256052533535,1218.5084228515625,1143818
2018-10-03,1204.322007232877,1208.2256286511383,1186.469973712618,1191.8017578125,1236645
2018-10-04,1169.1891233722547,1179.8526910371215,1155.8596056790857,1166.047119140625,1557441
2018-10-05,1162.952845047702,1180.6145036688715,1134.770457559797,1151.5751953125,1344685
2018-10-08,1152.0512683553027,1193.944041750041,1143.5774795828945,1188.041015625,1050759
2018-10-09,1193.9440423358612,1195.7530717054485,1133.9612076730548,1143.8631591796875,1088738
2018-10-10,1148.1478401980119,1181.4239909075302,1124.3451240326337,1167.237548828125,803576
2018-10-11,1143.4821224902762,1163.0003435652561,1133.4373329595849,1160.667724609375,781348
2018-10-12,1174.8065825789256,1205.3215871832333,1174.8065825789256,1200.799072265625,1000950
2018-10-15,1194.8963730190546,1196.9909655896463,1182.042906058292,1190.4215087890625,728514
2018-10-16,1196.800252383939,1221.4598830565726,1192.5634165163208,1206.892578125,908616
2018-10-17,1220.793584659021,1220.841236578083,1194.8962775632633,1198.7047119140625,698043
2018-10-19,1203.4651431164214,1225.3636386003434,1162.0007714821913,1176.23486328125,1449043
2018-10-22,1185.3751511260741,1187.4222077644229,1133.9612891495217,1142.9111328125,1949683
2018-10-23,1080.83362559607,1133.0092228523956,1064.4574043268724,1083.927978515625,8272850
2018-10-24,1104.4458749460691,1141.5781069485663,1095.0676293389931,1130.0576171875,2370198
2018-10-25,1123.9641127231632,1151.051553744691,1118.7275158405055,1142.577880859375,1995349
2018-10-26,1142.5303288770783,1144.4345460918735,1112.3960682081063,1133.294921875,1440249
2018-10-29,1140.309693365376,1158.3476419471285,1132.3881786789648,1141.502685546875,1186190
2018-10-30,1140.309376576785,1152.9073239123313,1121.9373020856326,1141.740966796875,1075337
2018-10-31,1150.6168811951325,1178.6283095757874,1129.8588207498913,1174.285888671875,1561884
2018-11-01,1176.7673568280084,1188.0292483688957,1158.4430455613788,1162.2606201171875,1200280
2018-11-02,1185.3570594818189,1232.6473172725491,1184.6412641560448,1190.1290283203125,2235848
2018-11-05,1194.9007366902104,1203.156264281865,1176.2900622769043,1187.3133544921875,756887
2018-11-06,1185.5479340985219,1197.7642213638915,1178.67634532622,1182.0167236328125,815046
2018-11-07,1192.992176258238,1196.8097512222644,1182.68467725411,1193.8988037109375,100134
2018-11-09,1202.3454640980406,1249.2061805966557,1199.529932232646,1236.5126953125,2026920
2018-11-12,1235.9397681160528,1254.9322249190027,1216.9950775965215,1220.4786376953125,1100286
2018-11-13,1219.190233860245,1236.5125035034903,1219.190233860245,1226.300537109375,1632176
2018-11-14,1252.1645939071982,1276.9310649979318,1242.6206564536374,1260.32470703125,1631802
2018-11-15,1259.7996687628722,1271.109210670457,1253.500693719685,1258.17724609375,1065640
2018-11-16,1259.799646898723,1269.1527514845277,1253.3097233285973,1261.0404052734375,1113304
2018-11-19,1268.3893737290255,1269.200585167048,1245.483922284709,1252.307861328125,784645
2018-11-20,1256.9363860330673,1270.3456628725598,1245.1972980132848,1247.249267578125,867729
2018-11-21,1268.389119369873,1281.2734332235173,1253.834616683349,1263.8079833984375,1374789
2018-11-22,1269.3435962541207,1270.0116252298426,1249.0627305244966,1254.455078125,691593
2018-11-26,1269.2960218798678,1295.6373846715317,1263.235644387344,1287.9544677734375,2149117
2018-11-27,1285.3775643584518,1285.3775643584518,1265.573893810886,1278.505859375,1130756
2018-11-28,1291.199237284884,1292.7740101627703,1258.9884504773086,1263.8558349609375,1205630
2018-11-29,1275.069897839908,1293.2033769259547,1270.0115649672853,1288.7177734375,3556169
2018-11-30,1291.1036068154378,1299.6453822602566,1280.9392924767594,1284.56591796875,1030541
2018-12-03,1283.65957773719,1297.021090070514,1274.1634066444058,1277.6468505859375,710748
2018-12-04,1275.5950144201263,1292.9171677971726,1265.9555443331174,1268.8187255859375,830261
2018-12-05,1267.912183333358,1281.7508936520132,1263.2356303388372,1268.8665771484375,864628
2018-12-06,1263.6174048082942,1264.5240323267983,1227.9230530032605,1236.035400390625,896350
2018-12-07,1246.9154450764142,1263.617335844755,1239.1848789356968,1258.5113525390625,1037026
2018-12-10,1221.6239088444554,1246.6767429125546,1204.7311873312194,1216.08837890625,1074399
2018-12-11,1210.1712073977046,1275.4994093345988,1195.0440906058607,1263.2354736328125,1746513
2018-12-12,1262.6629029620372,1276.215247307161,1252.0213895873148,1270.20263671875,986580
2018-12-13,1277.408286778307,1281.941657157143,1255.9821933785406,1259.9906005859375,1175211
2018-12-14,1272.0160953044895,1289.3860157548497,1259.7998081394533,1279.7943115234375,1869410
2018-12-17,1278.8876372839852,1283.6118397906048,1269.3436996923135,1274.9268798828125,665295
2018-12-18,1277.40804853274,1298.9296704974854,1267.0052516482272,1293.871337890625,1581385
2018-12-19,1307.519241820657,1342.6409731657031,1307.519241820657,1336.3896484375,3334213
2018-12-20,1326.5117802089687,1366.2622997145254,1325.700568893168,1360.7745361328125,2578234
2018-12-21,1368.5051440369818,1368.5051440369818,1319.2584526224994,1324.8892822265625,2098064
2018-12-24,1324.69822327231,1325.6048505270494,1289.4810786181217,1295.1597900390625,1649577
2018-12-26,1305.5627027831135,1312.1958083282673,1285.9499838404788,1300.8385009765625,1790087
2018-12-27,1298.0231191977343,1321.596595550148,1292.5353557571036,1309.9052734375,2174090
2018-12-28,1319.926598567041,1319.926598567041,1297.021147832689,1303.701904296875,1705033
2018-12-31,1312.2913189389853,1315.1544999984885,1304.9425341541812,1310.4302978515625,698593
2019-01-01,1310.5734357636754,1316.776995067034,1296.6393104752215,1308.998779296875,664707
2019-01-02,1304.6562262563853,1323.6009184577244,1299.5024768242397,1320.212890625,1233780
2019-01-03,1318.781304030065,1330.2816785861462,1315.154561251193,1324.98486328125,1636293
2019-01-04,1324.6985763880416,1337.4874764347805,1318.399600694319,1322.6466064453125,1202397
2019-01-07,1322.78980226708,1341.305065224262,1320.6424162244386,1332.333740234375,1074373
2019-01-08,1337.1056398444468,1348.2720000855736,1331.8564742347792,1337.34423828125,1232440
2019-01-09,1338.5373775901196,1349.5129068894325,1333.43139378194,1338.0601806640625,973687
2019-01-10,1326.607347437896,1336.1512851892476,1325.3189391420926,1332.667724609375,1004783
2019-01-11,1335.912606824023,1342.068399704114,1328.89783629707,1339.634765625,473391
2019-01-14,1339.968558147042,1346.2675323419808,1322.264511009022,1325.2708740234375,1360800
2019-01-15,1325.271125873388,1349.9421807854546,1325.271125873388,1341.829833984375,1355920
2019-01-16,1345.6951248819482,1348.5105397121838,1324.4120986460352,1326.36865234375,1189597
2019-01-17,1326.6072446482895,1334.7195911083688,1320.6900503021923,1326.2254638671875,853829
2019-01-18,1327.5615928404707,1340.6845057819203,1319.9264434927181,1336.58056640625,1092189
2019-01-21,1331.570071759996,1359.8202190791167,1331.570071759996,1357.2432861328125,2513582
2019-01-22,1358.9610993848037,1366.73943069167,1312.5298264518337,1342.7840576171875,5483768
2019-01-23,1363.8285483602256,1364.257978908561,1326.6071953958808,1332.8585205078125,2702265
2019-01-24,1336.1510211421066,1349.0353345602625,1332.8106435892512,1337.9166259765625,1562800
2019-01-25,1344.1681846699014,1349.226401657576,1291.581112194155,1309.5714111328125,1613548
2019-01-28,1312.291288082044,1327.5615867069987,1304.5129564193312,1316.5860595703125,1590764
2019-01-29,1314.2000508326942,1336.1511046955497,1310.5733083758398,1329.7567138671875,1061762
2019-01-30,1330.424930051447,1352.1851548486693,1309.5236829573264,1326.9891357421875,1313152
2019-01-31,1336.151176385037,1350.4670818463053,1327.6093993944016,1348.176513671875,1256050
2019-02-01,1347.9855461229658,1402.6245798114244,1343.9770230946012,1390.7423095703125,2077539
2019-02-04,1378.144405295557,1386.5431158625986,1368.6004689707954,1380.38720703125,735159
2019-02-05,1379.0512064890065,1400.0002192645777,1377.2856013469784,1384.2049560546875,786962
2019-02-06,1391.3628147011714,1408.8759155747275,1386.0659996348395,1402.3861083984375,1088914
2019-02-07,1400.143485768385,1409.4488254172581,1390.5517813752092,1405.297119140625,697412
2019-02-08,1401.0497739828809,1412.5024969309698,1379.0987216657104,1382.7254638671875,1018518
2019-02-11,1381.8665799842413,1390.837903535455,1361.9197295307126,1371.55908203125,728051
2019-02-12,1372.8953905489282,1390.4562586087502,1369.7936109039617,1385.8751220703125,947583
2019-02-14,1352.9963299930519,1358.2454956452286,1332.8108787754163,1335.3876953125,915441
2019-02-15,1336.9149183411512,1340.875559517356,1309.5237456273414,1330.043212890625,1113223
2019-02-18,1337.7734905850596,1337.7734905850596,1283.6594189310035,1317.1109619140625,1460282
2019-02-19,1309.476060468823,1333.2403728967852,1308.4739003771215,1315.011474609375,697530
2019-02-20,1317.0633495886932,1335.0059983437666,1313.2457746623493,1333.192626953125,843469
2019-02-21,1335.1967394704534,1343.6431001185856,1326.8935611729269,1334.051513671875,677142
2019-02-22,1335.1967394704534,1343.5476840525596,1321.0716666046094,1334.051513671875,801380
2019-02-25,1336.1033796786664,1341.6866758839508,1327.8956173683735,1334.48095703125,711217
2019-02-26,1333.1927953189115,1342.8321499246333,1315.72734122396,1338.0601806640625,1147218
2019-02-27,1339.968885746456,1365.5943357950373,1331.3793416070557,1341.59130859375,1462017
2019-02-28,1350.2764095243388,1350.4672416851542,1337.5351589532693,1341.1141357421875,1230935
2019-03-01,1344.7406531627596,1353.2824297309937,1324.793802572494,1328.8499755859375,783876
2019-03-05,1329.9476101095804,1345.4565076081672,1319.640111632342,1339.8255615234375,1214257
2019-03-06,1343.7860573398534,1345.6948443531203,1323.314363223812,1330.13818359375,720335
2019-03-07,1334.8147124048294,1341.4000507893697,1328.5157386686608,1331.808349609375,746742
2019-03-08,1330.1862641909445,1331.0452418505122,1317.063350373814,1319.30615234375,524331
2019-03-11,1325.8435579996255,1358.1021086575345,1321.8351514340725,1355.048095703125,1342007
2019-03-12,1357.1480693854473,1379.4331427234588,1356.3845076959228,1362.9698486328125,1333909
2019-03-13,1373.7542688739861,1373.7542688739861,1352.375827412429,1363.1605224609375,708227
2019-03-14,1372.0362827713159,1380.9598400645773,1355.2389778952127,1369.3162841796875,1113700
2019-03-15,1368.6004990008903,1390.551553029496,1363.4945162557324,1367.2166748046875,1667627
2019-03-18,1380.053167465424,1393.9872909455698,1371.0818441826582,1379.67138671875,1148000
2019-03-19,1376.2357092978552,1393.2716134666916,1374.3269219063186,1387.593017578125,886660
2019-03-20,1395.3237811977604,1399.1413565225148,1382.439464476714,1389.7406005859375,764625
2019-03-22,1392.4606526623566,1412.4075077934497,1386.3525086098134,1404.1519775390625,1380404
2019-03-25,1398.2821403810383,1408.3032739000182,1385.302409790415,1391.0765380859375,848078
2019-03-26,1393.8919761407847,1424.193975622106,1393.8919761407847,1417.3223876953125,1630147
2019-03-27,1425.864178175466,1428.679592970207,1396.7551705219507,1404.915283203125,1387002
2019-03-28,1406.2990441331883,1440.1322524450825,1406.2990441331883,1428.727294921875,1353947
2019-04-01,1428.4887172358458,1435.4080713029643,1422.046560000942,1424.671142578125,707570
2019-04-02,1424.9097753948104,1453.9710165770603,1416.845195336931,1450.0103759765625,1326634
2019-04-03,1451.8714841919514,1460.079247096122,1424.9098609029306,1429.300048828125,1606692
2019-04-04,1436.1717763062447,1455.4504836523822,1434.453820937397,1449.72412109375,1409222
2019-04-05,1450.6784012798582,1454.161961530927,1434.453708633965,1445.3814697265625,1129222
2019-04-08,1444.9520050376489,1444.9520050376489,1418.2289824874151,1428.10693359375,925518
2019-04-09,1397.900503515667,1407.635389838113,1371.6546749308268,1378.955810546875,2642226
2019-04-10,1383.6801020772953,1384.825327973328,1341.257230088287,1345.552001953125,2608319
2019-04-11,1345.408817608335,1366.6440784643069,1343.7863948408215,1358.2454833984375,1494450
2019-04-12,1367.407384725586,1378.9078738226945,1360.7743960283924,1373.038330078125,1510649
2019-04-15,1381.9144158331828,1385.2547940358284,1361.9199129071776,1366.262451171875,791389
2019-04-16,1376.9513097165627,1398.0911503869472,1374.5653258147838,1392.460205078125,1463057
2019-04-18,1397.2322014778183,1412.407082704329,1393.700991832163,1402.5767822265625,1425676
2019-04-22,1393.3668356255728,1393.3668356255728,1369.5547628312534,1377.52392578125,737603
2019-04-23,1382.9162666752652,1388.5472119727037,1360.8697987680227,1365.7371826171875,601653
2019-04-24,1370.5094224084735,1392.8422594168726,1365.737453667497,1383.918701171875,1154712
2019-04-25,1383.8709825634066,1393.4149203741888,1372.5136732679466,1381.9144287109375,1161847
2019-04-26,1383.8708485561367,1392.794406244475,1370.5093369149051,1382.6778564453125,704193
2019-04-30,1389.5973259080813,1409.6395950317556,1388.9292968718837,1396.4212646484375,1525776
2019-05-02,1398.1865879511688,1405.7263204974001,1364.8782288693187,1371.081787109375,774788
2019-05-03,1377.9538047171466,1389.5973623886493,1366.8827435175754,1372.9432373046875,1020007
2019-05-06,1369.5074063233017,1382.534905656143,1344.3115019250672,1348.36767578125,1161960
2019-05-07,1361.728795610164,1361.728795610164,1313.579569983943,1324.5074462890625,2863939
2019-05-08,1318.9723293187055,1331.3794496379119,1300.457064926335,1322.5035400390625,1414591
2019-05-09,1321.7875485774439,1330.0908439228856,1285.138922580807,1292.43994140625,2628463
2019-05-10,1254.168789335444,1288.431547872078,1254.168789335444,1279.8897705078125,3476379
2019-05-13,1279.889849905449,1283.8982572573436,1263.2833745131798,1271.729736328125,862130
2019-05-14,1269.3437919768392,1273.8771626624707,1242.7161808595517,1260.0384521484375,2167873
2019-05-15,1265.526020760974,1268.3892018034196,1242.3342077159102,1246.390380859375,996276
2019-05-16,1252.1646242224965,1254.073411759421,1236.7511415612018,1244.9112548828125,726485
2019-05-17,1245.4836564497514,1270.0592918164803,1241.666082023852,1259.799560546875,860934
2019-05-20,1278.8878029901741,1315.53655139142,1274.1158335760317,1311.2894287109375,976630
2019-05-21,1320.8808367186061,1320.8808367186061,1291.0082683042804,1295.8280029296875,1166297
2019-05-22,1298.452776953638,1311.0984949210292,1286.5706206345947,1306.0401611328125,840075
2019-05-23,1325.6524419238942,1325.6524419238942,1295.7798816925472,1305.37158203125,1527569
2019-05-24,1328.5159847304985,1336.580564617013,1313.3888684061405,1321.3580322265625,980933
2019-05-27,1323.6487026308382,1327.275328944581,1300.5523041978468,1304.5130615234375,782730
2019-05-28,1307.4714116932212,1325.5094732885022,1297.9752423668588,1302.1268310546875,1562891
2019-05-29,1298.7389261912579,1304.608353939281,1285.663663277634,1296.30517578125,582768
2019-05-30,1302.7473897546365,1328.516019442091,1292.1536430726437,1311.9095458984375,1032259
2019-05-31,1318.0178052811607,1362.874312774437,1318.0178052811607,1343.118408203125,2559888
2019-06-03,1366.643980598948,1398.1389719726737,1364.782959528118,1392.698974609375,2867897
2019-06-04,1388.6429684236778,1388.6429684236778,1352.4237705907938,1356.6707763671875,1493226
2019-06-06,1369.5071964136368,1395.1804103042505,1359.915609608108,1363.399169921875,1985857
2019-06-07,1363.8286230380727,1374.1837715778668,1348.606089837049,1353.664306640625,878470
2019-06-10,1363.8286019859893,1376.235720128619,1353.8074681015578,1357.720458984375,800967
2019-06-11,1362.8741433241626,1367.980126092713,1345.217860655047,1360.4881591796875,743047
2019-06-12,1364.7353237193797,1374.2316116251766,1356.1935460859656,1360.4405517578125,874293
2019-06-13,1371.1875150191452,1380.6870180806895,1364.6625730634798,1371.6192626953125,1572720
2019-06-14,1372.1470947481641,1373.8262957382406,1353.9157697130486,1355.594970703125,546091
2019-06-17,1359.6727396638366,1367.3490854064694,1342.305030847478,1345.2315673828125,962166
2019-06-18,1348.1583318369942,1353.3398890654223,1320.3796002507754,1324.2177734375,1177437
2019-06-19,1326.0887817018006,1339.9062280344492,1316.4933491279814,1325.273193359375,692212
2019-06-20,1310.3044023130544,1348.0624078035253,1305.6505235950344,1335.7322998046875,991210
2019-06-21,1324.1218078243112,1338.2271654425824,1316.4934849935603,1327.0484619140625,1242165
2019-06-24,1329.9271873196255,1341.44170842196,1312.8952915224224,1320.4757080078125,757055
2019-06-25,1315.5340297308517,1316.925320838109,1305.3148688744232,1307.95361328125,1388994
2019-06-26,1304.9788101476477,1314.1424949686614,1297.3024642056027,1304.9307861328125,960174
2019-06-27,1306.0344778271235,1314.2386206211381,1303.2038716942297,1306.3223876953125,2113899
2019-06-28,1309.776583424449,1316.397455514263,1295.4793650581548,1303.2037353515625,1131371
2019-07-01,1312.6553208041412,1318.8923526646872,1296.3911076512668,1299.0777587890625,739182
2019-07-02,1301.140738929268,1304.9789122004458,1286.4596793143119,1291.305419921875,1171118
2019-07-03,1301.1885648622183,1315.5336884267233,1294.903510234765,1297.3023681640625,1378288
2019-07-04,1301.1408982515136,1311.0721493803985,1296.4871360167165,1304.691162109375,902077
2019-07-05,1308.72126332907,1317.884832496505,1296.7748777506586,1303.7315673828125,966162
2019-07-08,1303.05984828944,1303.4436890496022,1278.7833550731718,1286.0279541015625,866416
2019-07-09,1290.4901206963423,1290.4901206963423,1239.0105867349766,1267.5570068359375,2037332
2019-07-10,1264.4864233827277,1286.1240582112328,1258.9690484661642,1269.427978515625,1115080
2019-07-11,1263.7185595070464,1282.9094260143668,1258.0093235738202,1278.54345703125,757323
2019-07-12,1278.5435671206105,1314.142721262368,1271.8267632646962,1306.85009765625,1050985
2019-07-15,1307.713405827857,1311.695533470666,1292.5526937888033,1298.4058837890625,666533
2019-07-16,1297.3024751549606,1319.3719699246087,1290.585672398981,1316.78125,782642
2019-07-17,1321.2912423231644,1348.0145021928909,1319.8519272443812,1339.4266357421875,1599926
2019-07-18,1338.5627675617932,1338.898584256339,1321.4828517036497,1328.9193115234375,802222
2019-07-19,1333.8611024255501,1342.7849018646987,1309.7765893013764,1313.710693359375,842552
2019-07-22,1312.4634622692404,1352.956145443279,1304.0674578205674,1347.3907470703125,1279369
2019-07-23,1351.9966309498443,1385.5326254397212,1345.1358723132073,1371.5233154296875,2262423
2019-07-24,1372.6267311843724,1433.0779608695284,1338.7068979540525,1423.3865966796875,7400250
2019-07-25,1421.371600385046,1443.0092324837378,1400.0217610101085,1435.3328857421875,4194809
2019-07-26,1427.8963620703416,1468.8689312813917,1425.4975038190537,1464.69482421875,2420636
2019-07-29,1463.2077567913936,1476.0176377787227,1445.648065686226,1452.029052734375,1634196
2019-07-30,1449.9660853240346,1465.2228496207022,1441.9058969095906,1447.711181640625,1436383
2019-07-31,1446.031863233097,1463.3036439485554,1434.6612976884387,1459.5614013671875,1249734
2019-08-01,1453.7080495342475,1469.4924894240164,1433.2218242097347,1443.82470703125,2263295
2019-08-02,1447.9507390341719,1487.29201159905,1443.6327944843683,1482.6861572265625,3044783
2019-08-05,1471.1717454145848,1488.2516630619355,1460.1369974292772,1463.6873779296875,1443728
2019-08-06,1468.101369852121,1506.3391500784533,1462.3921335998446,1502.5009765625,2056715
2019-08-07,1500.0542166907826,1511.2808274131476,1489.1153987041068,1496.1199951171875,1583322
2019-08-08,1502.4048732083227,1506.1950222675976,1477.984543868684,1502.548828125,1579565
2019-08-09,1505.7153282886231,1517.9015987106106,1497.8471199309247,1511.760498046875,1154542
2019-08-13,1509.8415867767594,1529.512227087483,1504.5640979129068,1509.6976318359375,1612748
2019-08-14,1510.8009230435193,1511.7604663417367,1489.6909704827333,1506.195068359375,1113095
2019-08-16,1507.4426344783212,1536.0849806504277,1497.8472007769954,1532.822509765625,1682359
2019-08-19,1534.3096485602944,1544.432876646457,1518.1892751936425,1522.267333984375,1322246
2019-08-20,1520.8763334353423,1534.7897131418486,1518.6693366981556,1530.61572265625,1024331
2019-08-21,1521.116155798019,1530.4717038308409,1514.687261951246,1524.8583984375,704009
2019-08-22,1521.0680770597853,1529.4161745139838,1502.932801384705,1506.6749267578125,985590
2019-08-23,1506.3871967131295,1519.293008501553,1492.7137033572874,1516.46240234375,984637
2019-08-26,1525.673858210318,1535.2692912808232,1513.3437501410692,1532.91845703125,1153556
2019-08-27,1535.2692507357647,1542.4178013318037,1521.3558731509718,1534.741455078125,1581449
2019-08-28,1534.5014820205504,1541.7460802383002,1526.2494336933282,1538.291748046875,565676
2019-08-29,1538.0037409190404,1554.3639987597173,1524.714091490046,1549.902099609375,861692
2019-08-30,1550.6219809651272,1556.8590124479697,1530.5675024631762,1550.8138427734375,1181516
2019-09-03,1542.9454413251149,1544.4806869946135,1509.8892254578777,1512.959716796875,1289263
2019-09-04,1515.119045966233,1518.5733788194739,1465.9904701758282,1473.0430908203125,2381389
2019-09-05,1474.818113828729,1483.3580729825203,1453.9480461802093,1458.2659912109375,1506173
2019-09-06,1462.3439876667883,1477.1688847835446,1458.265928646064,1470.4041748046875,801338
2019-09-09,1468.628999279268,1482.494352683055,1462.53580580718,1478.2723388671875,812836
2019-09-11,1482.4943684810682,1501.6852340924736,1480.2394651980778,1498.27880859375,1541300
2019-09-12,1506.4828844002182,1506.4828844002182,1474.9619124427786,1477.9844970703125,753116
2019-09-13,1477.6969757753263,1490.314996105217,1466.1824538861679,1485.565185546875,547381
2019-09-16,1448.9104095569985,1465.1746219374043,1441.3299939217075,1459.7532958984375,1811073
2019-09-17,1465.6065640315746,1480.8633270124785,1457.1625355386159,1468.9649658203125,1353034
2019-09-18,1479.7596378978976,1497.7989806150354,1472.898880273532,1485.133056640625,1057300
2019-09-19,1491.034423828125,1500.2460164928075,1482.4944646507115,1491.034423828125,879908
2019-09-20,1495.9281151233356,1655.4522005237554,1479.7118087299636,1603.39697265625,3962166
2019-09-23,1629.1605367543314,1746.3687719933089,1629.1605367543314,1729.816650390625,4253004
2019-09-24,1729.8645657436628,1730.008403521426,1681.119723262133,1694.4573974609375,2028042
2019-09-25,1711.8253498459244,1711.8253498459244,1658.330807663239,1680.9281005859375,1794074
2019-09-26,1690.5233734047688,1707.9870139985726,1681.0238716421354,1699.3031005859375,1674004
2019-09-27,1698.391598088163,1709.3304148581312,1665.1434001568673,1704.436767578125,1115289
2019-09-30,1696.4725578196524,1698.3916444235208,1666.7747394774894,1690.8592529296875,1041807
2019-10-01,1697.3842113332332,1727.082149155665,1685.9177148210474,1694.6495361328125,1317945
2019-10-03,1693.5939543942313,1696.7124701742773,1662.1208867459886,1678.1932373046875,1010826
2019-10-04,1682.9428775383813,1690.4272443778007,1647.6316401780603,1654.6363525390625,1231811
2019-10-07,1655.164222226591,1672.4360021874172,1648.3514880017271,1655.356201171875,562559
2019-10-09,1655.8839523648128,1706.0681176384912,1655.8839523648128,1701.7021484375,1777552
2019-10-10,1693.5937902681558,1720.4610005386987,1685.4376728645982,1706.6435546875,1599166
2019-10-11,1715.2798183107907,1728.9054053456503,1692.6826407307603,1717.8226318359375,1442236
2019-10-14,1717.5826833480942,1733.2232875966506,1712.497056483241,1725.9306640625,881724
2019-10-15,1734.5665862481785,1751.1667341976622,1723.3399751336995,1730.1527099609375,1204392
2019-10-16,1735.3340016885345,1740.6114896671284,1685.4857757252423,1694.2655029296875,1403020
2019-10-17,1700.310824699007,1743.1544589170123,1684.9581310222666,1738.98046875,1722055
2019-10-18,1741.571287315519,1750.638925677762,1714.4161619884171,1743.25048828125,1682488
2019-10-22,1748.9596707727767,1751.166667398092,1703.1894984282812,1708.1790771484375,2135313
2019-10-23,1691.0990123645295,1727.17781439442,1690.7151716460935,1695.896728515625,3369253
2019-10-24,1706.0678435503787,1722.3320542613376,1682.1272870866621,1718.0621337890625,1497854
2019-10-25,1724.2991968897657,1735.2380132179192,1712.8327020603076,1723.6275634765625,1202154
2019-10-27,1729.0971235301051,1734.422635996344,1715.7594474860687,1720.077392578125,124919
2019-10-29,1719.5972916457924,1746.3685695169318,1700.8382929500772,1740.8511962890625,1050123
2019-10-30,1759.2125436240667,1759.2125436240667,1734.218267047987,1750.84912109375,1133258
2019-10-31,1755.6558948231436,1763.8271014743027,1733.7377876900696,1739.601806640625,1297114
2019-11-01,1745.7542636496257,1750.560855785225,1693.8430685851545,1698.0247802734375,1527660
2019-11-04,1706.340087858635,1720.7598632489896,1697.8804393569205,1716.8184814453125,821893
2019-11-05,1711.1468226502784,1728.258337816158,1699.2264505284193,1724.4610595703125,1251974
2019-11-06,1719.7986032673368,1744.7928814590364,1711.7235053049465,1728.06591796875,1136777
2019-11-07,1739.9862184387482,1760.077795480462,1728.642614937178,1756.280517578125,1380635
2019-11-08,1755.3673317028272,1756.1364333329793,1721.528972247929,1725.4222412109375,1077136
2019-11-11,1720.711659342088,1724.5569325760478,1699.6107694101058,1705.33056640625,860384
2019-11-13,1705.1385843173584,1717.8760536575728,1688.748057962838,1701.9661865234375,983760
2019-11-14,1709.2241434461396,1730.3731485956419,1698.120868803275,1703.31201171875,1116800
2019-11-15,1711.963727501462,1714.9919037159377,1688.3634328677917,1692.5931396484375,729613
2019-11-18,1692.5933515556828,1697.159614202841,1667.4068550517875,1671.7327880859375,1273055
2019-11-19,1680.3363025097117,1680.3844153648538,1652.0255250597834,1654.7652587890625,1187377
2019-11-20,1662.9846141449448,1681.201549686234,1649.0934937704221,1656.8321533203125,1374382
2019-11-21,1661.0619553630572,1667.743070774898,1644.8156522192019,1653.803955078125,913095
2019-11-22,1643.8543722027746,1647.651532731356,1611.1695484279824,1617.658447265625,1275334
2019-11-25,1618.8601893499197,1651.5450150256308,1601.700679339859,1644.52734375,1320689
2019-11-26,1651.5449266272008,1661.9752072633964,1622.3208252940296,1644.142822265625,2714721
2019-11-27,1647.699802172579,1664.0422156130305,1638.6633853887586,1648.99755859375,883771
2019-11-28,1651.7854471838002,1660.7257558189788,1635.9236925622185,1648.276611328125,691147
2019-11-29,1648.6612096161484,1653.8523529295273,1612.4675450140692,1640.153564453125,1890290
2019-12-02,1640.2014169071658,1675.0973219743275,1632.655090891919,1671.01171875,1476972
2019-12-03,1672.693854860296,1683.2202433868567,1658.2740802494313,1669.2811279296875,1374317
2019-12-04,1664.2343802796,1667.3106695929496,1644.0948065799748,1653.756103515625,853421
2019-12-05,1650.9681176894571,1670.9154729678198,1640.9703836224232,1649.47802734375,971984
2019-12-06,1656.255432155455,1679.9999487975658,1646.5941356616725,1650.2471923828125,1031777
2019-12-09,1658.2742650944238,1665.8687040390369,1644.8158072907588,1659.572021484375,751290
2019-12-10,1659.2354857891032,1665.00339593669,1642.8930737042745,1646.882568359375,686580
2019-12-11,1651.5451586429533,1674.2322514386733,1646.9788958352967,1670.9637451171875,827804
2019-12-12,1673.0305021616605,1686.1525221693253,1661.2543514224503,1682.93212890625,802332
2019-12-13,1683.2683076075366,1689.7090931415944,1668.4159871268391,1676.490966796875,960033
2019-12-16,1676.539324556237,1684.2298719165867,1661.2063426959157,1664.4747314453125,707437
2019-12-17,1668.0796139046256,1681.297741691973,1663.321134840555,1677.8851318359375,873024
2019-12-18,1681.5860465485014,1713.0692210658449,1666.5895044465663,1709.656494140625,1476506
2019-12-19,1709.99318316344,1737.8714162140911,1706.916893934997,1733.3531494140625,2554245
2019-12-20,1735.1315674499224,1739.024953838188,1725.5664964839953,1729.652099609375,1419128
2019-12-23,1726.3357337051614,1744.4084503053366,1717.106982630197,1737.6312255859375,659899
2019-12-24,1741.9088942349672,1755.3673514751933,1729.459868227132,1733.6895751953125,896574
2019-12-26,1729.7964055986104,1749.311099309373,1727.5373307588604,1739.601806640625,1161570
2019-12-27,1740.9476439772943,1755.367420156013,1730.949909023695,1742.1492919921875,930468
2019-12-30,1739.9860881975765,1748.1091807307319,1729.123144685482,1732.583984375,562492
2019-12-31,1735.1798782134972,1735.1798782134972,1712.204342782975,1715.9053955078125,928396
2020-01-01,1720.9521044512355,1732.8244802368501,1714.2228758400556,1723.8360595703125,397285
2020-01-02,1721.721203585383,1730.2769605625572,1714.4152074306985,1721.384765625,411266
2020-01-03,1710.9545423141344,1710.9545423141344,1679.47136458432,1683.653076171875,1318628
2020-01-06,1670.7235312398532,1670.7716441068567,1628.4736278003538,1641.114990234375,1871804
2020-01-07,1644.8156983240817,1673.174589674497,1644.8156983240817,1657.6973876953125,1033650
2020-01-08,1630.3959565975374,1668.8486914229509,1629.434638226902,1661.92724609375,1006057
2020-01-09,1694.8043476464336,1706.340168503925,1673.6553427410329,1703.9849853515625,1781733
2020-01-10,1703.456164123294,1727.7775660019001,1691.920343598757,1723.2113037109375,1256612
2020-01-13,1729.4119377581414,1738.0156911761476,1724.9417833765146,1735.083740234375,823821
2020-01-14,1735.1796701313478,1751.1856445748226,1734.987453395361,1748.7823486328125,775629
2020-01-15,1747.1961398415237,1773.6323950523308,1740.0823604242016,1770.98876953125,1252925
2020-01-16,1764.9324364449553,1776.5163698871106,1758.0109910341198,1764.1634521484375,1031569
2020-01-17,1764.595988769028,1767.7683863514549,1744.792853679052,1759.2607421875,862204
2020-01-20,1766.9031323951995,1790.215102449924,1762.6733081733157,1777.2373046875,1091453
2020-01-21,1768.777849489313,1771.277371358348,1724.4610920544324,1740.7073974609375,2101561
2020-01-22,1744.7931634587521,1748.3499951446026,1698.5056519336677,1710.426025390625,3415306
2020-01-23,1710.1855521009861,1719.7987367670962,1689.132654212516,1707.397705078125,1885275
2020-01-24,1714.6554176205582,1730.2768400716845,1711.386911914945,1717.68359375,1195596
2020-01-27,1717.8760716860284,1735.900792639645,1711.1468425300116,1719.173828125,969054
2020-01-28,1724.6052844623928,1724.6052844623928,1704.417597186077,1710.2816162109375,873291
2020-01-29,1717.8760903587308,1734.0742829620942,1712.1081795908783,1727.441162109375,873805
2020-01-30,1730.3732173000346,1738.928975010818,1716.9147589432566,1735.1798095703125,1005975
2020-01-31,1739.9861787570535,1753.4446353883236,1719.5100513715354,1726.1912841796875,1169614
2020-02-03,1700.3800696442643,1800.4532937794943,1696.7270127058614,1795.4063720703125,2854532
2020-02-04,1797.6654719744306,1823.3807400895728,1783.293808322354,1818.1416015625,1830049
2020-02-05,1815.9303414736996,1816.8916598122246,1793.9642409080898,1801.0299072265625,1344016
2020-02-06,1805.356101076425,1809.5859258478908,1773.632591313101,1784.9761962890625,995386
2020-02-07,1784.9760791254305,1803.9140049532164,1779.0158345459913,1786.802490234375,632858
2020-02-10,1794.78151836533,1800.3090993672586,1766.1341820594364,1797.184814453125,747711
2020-02-11,1807.2786769530453,1821.2177944082682,1800.3091182254338,1805.4521484375,1093021
2020-02-12,1807.2784720615166,1842.5588080607924,1805.5480521169795,1820.448486328125,1616826
2020-02-13,1815.9302552894962,1828.379280243191,1795.7906839925954,1801.55859375,638878
2020-02-14,1803.9139769642488,1826.1685213860933,1797.665407366451,1804.4427490234375,771464
2020-02-17,1807.1822901325193,1820.256195502993,1798.2419830303936,1808.624267578125,676579
2020-02-18,1807.1822126734585,1807.1822126734585,1789.0132741678942,1791.560791015625,683421
2020-02-19,1797.7614548989866,1819.535339384154,1779.7367355153106,1811.989013671875,723351
2020-02-20,1810.1624931618096,1813.0464482757159,1767.912597682457,1770.98876953125,1401879
2020-02-24,1773.8728092003953,1781.3230269331161,1743.8316086652308,1748.590087890625,1310832
2020-02-25,1767.287641304372,1772.2384541734532,1749.791577289684,1755.46337890625,897257
2020-02-26,1755.367307102813,1773.6323557528422,1749.5993970028035,1755.9921875,1909619
2020-02-27,1759.0685411283328,1780.3617682517888,1740.4189397406717,1772.47900390625,1643273
2020-02-28,1749.5994610832677,1770.8445739267345,1714.1749020579448,1728.40234375,2964119
2020-03-02,1744.8888313635216,1766.3742720035398,1700.812410563413,1717.68359375,1219296
2020-03-03,1718.0697549524311,1754.698311185018,1705.4741011352733,1737.85595703125,1392463
2020-03-04,1741.2342532161072,1792.774807282072,1741.2342532161072,1783.6055908203125,3050469
2020-03-05,1789.4447222603194,1816.469777396937,1787.6108556692136,1809.1826171875,2062439
2020-03-06,1775.932161557132,1818.7862003239013,1771.1062589442051,1812.078125,1393659
2020-03-09,1822.261201502933,1849.1897671865827,1783.6539726575318,1802.13720703125,3420741
2020-03-11,1809.665332840165,1838.6690572224736,1787.0318947230498,1817.290283203125,3194186
2020-03-12,1800.0134034730515,1809.5205260613159,1751.8026825602985,1779.16552734375,6254349
2020-03-13,1722.8474773605976,1779.5518411112614,1611.7069008453152,1735.105224609375,3878300
2020-03-16,1715.1259141404976,1715.1259141404976,1619.7178360653163,1624.7850341796875,2867336
2020-03-17,1639.8418975828936,1717.8285399578806,1611.8516591897776,1671.3067626953125,2643189
2020-03-18,1671.6928257626153,1697.318418227756,1552.0104294609037,1561.855224609375,3676437
2020-03-19,1486.3779026197242,1596.3601684810692,1381.366221852145,1545.4468994140625,4906644
2020-03-20,1553.9407613512192,1696.2084049295897,1515.8644339230877,1682.261474609375,3128629
2020-03-23,1523.6341552448175,1592.5480774322293,1438.8430584436946,1446.27490234375,2155326
2020-03-24,1502.352035572811,1542.3587276572337,1402.6488241350908,1471.7557373046875,3910566
2020-03-25,1396.182038410676,1549.4526463787877,1395.6511419548642,1537.677490234375,2196415
2020-03-26,1549.1148209119485,1592.5479467319099,1519.1942231248643,1560.648681640625,2622118
2020-03-27,1606.8329120488697,1607.267196245517,1496.2231071250305,1548.294677734375,2102479
2020-03-30,1535.7470574493113,1563.1099025090637,1504.7647853229278,1539.4146728515625,1844011
2020-03-31,1568.4185148251154,1631.15525541812,1546.0263714644955,1608.4735107421875,2789174
2020-04-01,1592.5963709665305,1597.3739680329882,1529.0874373753845,1547.3775634765625,1559455
2020-04-03,1558.863205124702,1559.7318912518792,1464.4203044566298,1467.9432373046875,2925847
2020-04-07,1486.3781909267436,1578.0703520553413,1484.4478296398258,1567.2603759765625,2733586
2020-04-08,1567.2603951507026,1629.031957087798,1544.2890484273835,1552.9273681640625,2382213
2020-04-09,1582.896054726768,1620.4416005644475,1562.578957628082,1593.850830078125,1489539
2020-04-13,1588.687211314437,1644.3298944970531,1547.0396463359882,1622.32373046875,2586159
2020-04-15,1644.3298626765522,1676.277315222471,1625.1710523800634,1658.3731689453125,2508270
2020-04-16,1632.1203652095053,1691.2859820520362,1626.0879865681336,1682.40625,1821296
2020-04-17,1701.613357567838,1721.5925483875003,1666.9633512831074,1695.098388671875,1398686
2020-04-20,1697.028722007138,1697.4148177956597,1646.2602480437026,1670.1966552734375,1431055
2020-04-21,1650.4588436334461,1692.8784843286971,1640.8070375303266,1665.9017333984375,1594930
2020-04-22,1657.3115929580251,1758.559061966742,1652.6304905886684,1749.8724365234375,3727805
2020-04-23,1744.081393721097,1781.1443533774348,1738.3386161159967,1758.2213134765625,2573552
2020-04-24,1751.8511357749637,1778.6348980459504,1750.837648993507,1763.9158935546875,2744768
2020-04-27,1775.9321873640693,1795.042809116921,1754.7947100483125,1786.886962890625,1770889
2020-04-28,1782.8816585911904,1799.0967407213618,1743.4058640619721,1760.8756103515625,1934910
2020-04-29,1782.5918986468537,1782.688393133398,1694.760472672225,1705.95654296875,2931120
2020-04-30,1732.4992389259035,1734.4296001949017,1680.3794846629514,1697.463134765625,2926333
2020-05-04,1658.1803115617502,1690.0312721447174,1613.299412558478,1618.4149169921875,2942397
2020-05-05,1622.4687410213317,1633.9544148043221,1523.2964250546797,1562.7723388671875,5867890
2020-05-06,1558.7666271677208,1581.6413596458776,1522.0897653520099,1554.568115234375,3937921
2020-05-07,1553.8927042363375,1571.989843332633,1491.397250557131,1538.7877197265625,5256213
2020-05-08,1555.678219395743,1580.9659053074986,1515.333621082279,1523.441162109375,5644426
2020-05-11,1527.8808307998586,1543.323719803521,1500.855775043449,1514.9473876953125,3767646
2020-05-12,1485.412838141422,1489.9974456665498,1459.3529637880638,1470.3077392578125,4504073
2020-05-13,1524.7924239375227,1524.7924239375227,1479.9597124664926,1508.866943359375,2940514
2020-05-14,1499.2150957656497,1503.3653017164334,1464.1789923281888,1469.3909912109375,2592264
2020-05-15,1475.761168535878,1505.6817677671481,1457.4227367489702,1498.877197265625,2860493
2020-05-18,1503.7513171290161,1504.2822135666145,1445.9369778422981,1448.83251953125,2871905
2020-05-19,1457.4227640138379,1464.1307223228944,1431.3145806166226,1451.5833740234375,3164137
2020-05-20,1451.5832015836356,1461.2833129753972,1440.6767323570598,1447.819091796875,2057402
2020-05-21,1450.6664618592122,1528.3635012335747,1448.73610063252,1519.48388671875,3845743
2020-05-22,1514.175449586887,1568.4185549437495,1501.2420053236779,1561.5657958984375,5203736
2020-05-26,1568.4185069336702,1599.2559806035754,1563.5926038354128,1573.099609375,3552636
2020-05-27,1574.2097742334206,1579.8560579528626,1540.380142441518,1563.0618896484375,2260057
2020-05-28,1565.523212632807,1599.2562334959102,1559.0082424199393,1586.37109375,3138915
2020-05-29,1581.93116034974,1639.842002095307,1576.2365706807773,1624.49560546875,3532977
2020-06-01,1647.0806346776724,1652.2926332942495,1622.9511205452716,1634.2919921875,2529255
2020-06-02,1634.29212870037,1672.658059375604,1621.5034851419587,1649.7833251953125,2440552
2020-06-03,1663.9714324684621,1683.2750453741287,1646.453380192589,1656.7808837890625,3088817
2020-06-04,1656.6841562152183,1659.7244986003286,1570.3488006288255,1576.86376953125,4388930
2020-06-05,1592.5479747376928,1601.5723896972272,1564.5577376059393,1581.4967041015625,2884206
2020-06-08,1599.304294753662,1607.9909203739292,1572.2792372683857,1577.346435546875,2046505
2020-06-09,1582.896088620643,1635.9810184219452,1579.759251859657,1584.874755859375,3671930
2020-06-10,1590.617533205857,1616.773902329912,1571.2174278757589,1578.987060546875,2069280
2020-06-11,1578.9870788498051,1588.6871905372388,1551.0451489631487,1554.519775390625,1888420
2020-06-12,1524.985296914503,1585.7433665212088,1522.5723454953343,1580.33837890625,2391556
2020-06-15,1572.2792223829676,1593.1754062689802,1546.3158402664392,1561.855224609375,1681166
2020-06-16,1581.9309472828159,1583.1374229900175,1551.6725601101768,1565.2332763671875,1497691
2020-06-17,1551.5762117061936,1566.1504160574448,1535.023339880873,1539.8492431640625,1812788
2020-06-18,1539.8490704636383,1556.0640329846372,1532.0311315856663,1542.16552734375,1417273
2020-06-19,1542.165700145826,1573.2444701584168,1535.6507307141883,1566.005615234375,2714342
2020-06-22,1576.1400573486267,1615.2298750599675,1567.453431190551,1594.623291015625,2034739
2020-06-23,1602.0550587191221,1630.1900978860501,1583.8614272534094,1625.2677001953125,2334863
2020-06-24,1625.3641900441767,1750.5963774896825,1625.3641900441767,1686.411865234375,11545923
2020-06-25,1679.4141492284637,1686.1704130471987,1624.5436587788565,1630.18994140625,4054785
2020-06-26,1650.4588823331203,1650.7966719906701,1612.5272363304862,1628.0184326171875,2129986
2020-06-29,1628.259634713264,1648.9627109786668,1615.7605933589832,1633.0372314453125,2753482
2020-06-30,1649.3970408366256,1658.180160146532,1623.0958712417519,1628.69384765625,1960731
2020-07-01,1638.8766595198645,1638.8766595198645,1621.5517148702136,1629.224853515625,1661296
2020-07-02,1640.8071269463248,1644.6678495979631,1602.2963949322507,1627.7288818359375,2038399
2020-07-03,1636.3672253559616,1660.1106447341094,1631.1552265120029,1636.6085205078125,1988941
2020-07-06,1649.4454935284841,1652.3893417618058,1633.230528623701,1649.3489990234375,1236670
2020-07-07,1649.4454164574315,1688.969634569615,1646.453380021345,1684.964111328125,2983260
2020-07-08,1689.0660290898352,1700.4552071567991,1621.5516940836026,1627.5357666015625,2725937
2020-07-09,1635.0158510495523,1662.0409064388011,1633.1819844413035,1657.456298828125,1904661
2020-07-10,1648.4800648915302,1651.42391268207,1636.1740129413863,1644.18505859375,1156043
2020-07-13,1648.5285269080352,1672.561548317455,1640.8070818171311,1646.2603759765625,1289791
2020-07-14,1646.2603274000487,1658.180284343427,1623.5302769564387,1629.6109619140625,1347120
2020-07-15,1640.8070609968909,1653.933493920886,1605.3849792198005,1613.4442138671875,1611341
2020-07-16,1621.3104483955533,1638.0080023862718,1587.8186102765476,1634.2437744140625,1442725
2020-07-17,1635.9812018542978,1681.8272827322205,1630.9140034414745,1658.0838623046875,2308792
2020-07-20,1666.8669318585469,1696.1601401312241,1660.351962669175,1690.6103515625,1848600
2020-07-21,1699.6830334690353,1710.0587248999225,1659.1454483437092,1664.212646484375,2088461
2020-07-22,1664.2127264968487,1675.9396948930384,1632.120470063025,1636.705078125,1300409
2020-07-23,1632.5995436811481,1680.9013053285196,1629.701437982306,1669.11572265625,2375218
2020-07-24,1665.4445854771661,1668.3426909043308,1624.871109496864,1653.9005126953125,3971563
2020-07-27,1658.8755776996634,1727.2709161812243,1658.8755776996634,1717.7554931640625,6470525
2020-07-28,1718.576545781691,1731.7629492709293,1691.5759102899945,1699.8837890625,2534092
2020-07-29,1709.8821449608704,1719.445916136171,1671.240740554975,1681.0460205078125,1530981
2020-07-30,1692.4935566045722,1717.6104701158272,1669.4052932920763,1684.1373291015625,2113975
2020-07-31,1694.4256291157371,1710.751646504488,1652.3065207567672,1657.2332763671875,1678643
2020-08-03,1670.2748247569903,1676.0710358319134,1639.8447166136443,1647.572998046875,1437425
2020-08-04,1660.614364349072,1676.070926204561,1650.5193445568893,1655.73583984375,1815396
2020-08-05,1659.648560412463,1682.7850574929932,1654.3353665345417,1658.00634765625,1416803
2020-08-06,1673.2211814897737,1692.5901149459335,1661.676991018655,1668.8740234375,1914507
2020-08-07,1668.874081349373,1755.1892989754676,1667.0868219709396,1744.9010009765625,5166075
2020-08-10,1748.5236399041135,1762.3379898642017,1716.6444796185688,1721.812744140625,1892614
2020-08-11,1738.8633310491123,1775.3795081708304,1719.5426273707888,1728.768310546875,3039662
2020-08-12,1729.1546828825728,1744.659595225779,1711.8143979734664,1736.206787109375,1679096
2020-08-13,1745.0458717992788,1753.353750281888,1727.2708019305874,1741.32666015625,1192375
2020-08-14,1756.9280330714566,1767.844277143722,1734.5160653615044,1741.32666015625,1868376
2020-08-17,1758.1840320834845,1779.9198236889122,1740.6504699369295,1774.3167724609375,1634180
2020-08-18,1768.810320670202,1820.0101824918954,1768.810320670202,1810.4464111328125,2586298
2020-08-19,1825.806464204856,1837.7853238511486,1808.9491977235498,1821.6524658203125,1947114
2020-08-20,1804.5053451783826,1816.1461161242908,1793.9756561849063,1811.2193603515625,1538879
2020-08-21,1823.7776679532476,1906.228739207563,1816.8704934826424,1891.4967041015625,5688228
2020-08-24,1891.4969118012373,1928.2062492110674,1874.108278291318,1895.5059814453125,3996329
2020-08-25,1897.534667990529,1948.348096632388,1897.29315918717,1932.6500244140625,3544399
2020-08-26,1932.9880412008222,1940.76467154919,1889.0817895542266,1904.4417724609375,2245810
2020-08-27,1913.6189182343128,1940.764480463824,1903.1374611755336,1915.16455078125,3116305
2020-08-28,1926.2741932034996,1929.1722988101246,1886.9566076433064,1891.593505859375,1842536
2020-08-31,1909.851704333885,1916.517371196375,1817.3538284158428,1834.5975341796875,2738522
2020-09-01,1859.617728681854,1920.4779452568966,1842.9536217624973,1912.073486328125,3068285
2020-09-02,1910.7691447272757,1929.1721611861924,1859.6176315890937,1877.9239501953125,2569603
2020-09-03,1883.9618012044198,1920.3330500950194,1878.9384653305501,1910.817626953125,1931667
2020-09-04,1891.4969357783546,1925.9843455071791,1884.7346893276658,1889.9029541015625,1930422
2020-09-07,1898.2591422018463,1935.5964257592605,1881.93312395888,1914.7783203125,2855392
2020-09-08,1919.995092995679,1933.9542554329253,1885.7008410201586,1893.7672119140625,2401034
2020-09-09,1893.767102052123,1926.1776305466358,1891.4969428914128,1911.83203125,2776804
2020-09-10,1917.62830912484,1999.4030982264335,1913.71581921521,1986.6998291015625,5081252
2020-09-11,1992.9306157111712,1999.6445131751204,1953.3231725487096,1966.79931640625,2599475
2020-09-14,1980.3719562801728,1984.2360966826707,1936.9003767520715,1962.21044921875,2142458
2020-09-15,1975.5419100701424,1979.937417235339,1940.8129930994753,1949.0242919921875,1997383
2020-09-16,1958.1532244830062,1958.1532244830062,1926.4189937884864,1943.75927734375,1717740
2020-09-17,1932.0703118208228,1975.5418938367911,1932.0703118208228,1939.750244140625,2416918
2020-09-18,1957.4770870585246,1974.9139508990681,1946.560842607714,1959.5057373046875,3021436
2020-09-21,1967.2339307815782,1987.1342305557293,1895.6507523809169,1905.5526123046875,2518361
2020-09-22,1922.6031207990648,1927.9163141584397,1860.9217996573448,1871.693115234375,1974860
2020-09-23,1874.1082135373467,1922.4099716182063,1862.8056493161114,1880.435791015625,2732912
2020-09-24,1875.6055673778305,1878.9383414307354,1842.9535325781414,1853.1934814453125,1906183
2020-09-25,1859.8591769065483,1888.5987226865611,1843.1950705299023,1860.197265625,1939316
2020-09-28,1872.176222452066,1891.4969265021389,1864.447940832037,1879.51806640625,1137313
2020-09-29,1893.428842089922,1922.3615468695205,1887.6326313488305,1893.3804931640625,1965383
2020-09-30,1899.3218110291807,1935.9345692317308,1891.6418782460785,1918.932373046875,2518982
2020-10-01,1938.8326539783814,1979.7443391976692,1924.3904748516181,1971.146484375,2014003
2020-10-05,1971.1463530111096,1973.3199320747508,1942.6966653255788,1959.1192626953125,1554873
2020-10-06,1980.3720224188844,2026.6450109448158,1975.6384266828948,2019.013427734375,3152378
2020-10-07,2009.3532697446558,2046.835483676889,2003.5087094586422,2033.504150390625,2429595
2020-10-08,2033.0211030308203,2036.3538773415105,2001.6733075807174,2017.7093505859375,1427493
2020-10-09,2022.8773642862263,2037.271191975456,1975.6865763880755,1980.9515380859375,1636939
2020-10-12,1997.6638851414732,2015.5838833819857,1971.9191441149287,2007.276123046875,2182836
2020-10-13,2006.4549199189387,2042.1982189256794,1984.2844613533593,1994.5242919921875,2619233
2020-10-14,1999.6925844947991,2014.6661280018857,1985.2020585201992,2000.996826171875,1530471
2020-10-15,1999.692748587063,2051.858646376291,1995.8769569369802,2019.4481201171875,4001883
2020-10-16,2018.965285373018,2019.0136343042934,1985.733767741072,1991.1917724609375,2017706
2020-10-19,2009.3049785906178,2009.3049785906178,1986.6514990629935,1999.7896728515625,1338404
2020-10-20,2007.3244095140958,2059.3938473115727,1997.1329270269275,2046.5455322265625,2377713
2020-10-21,2057.6548638231593,2071.0345449531164,2010.560650390587,2042.4881591796875,2895432
2020-10-22,2042.3922358748528,2044.952371495241,2006.262602002232,2028.577880859375,2755686
2020-10-23,2041.7153465397837,2057.075211514337,2024.8097309426953,2048.236083984375,3070714
2020-10-26,2044.4685220693634,2044.4685220693634,1999.7410488104701,2009.7877197265625,1278139
2020-10-27,2014.1835191418443,2132.3780276620428,2014.1835191418443,2123.15234375,4964874
2020-10-28,2128.328258583099,2146.4690686397635,2080.291251827972,2089.385986328125,3166047
2020-10-29,2091.756321881449,2160.6913995567743,2090.885657488935,2153.144775390625,4795796
2020-10-30,2138.2937739514236,2169.979723909606,2124.1680346011794,2139.648193359375,3006197
2020-11-02,2126.5866848899,2153.5801156605767,2095.7232146562756,2102.25390625,1772571
2020-11-03,2122.619781429969,2122.619781429969,2077.001786142026,2084.64501953125,1781465
2020-11-04,2089.821433936971,2141.9219377803183,2085.951394244495,2098.96435546875,2189957
2020-11-05,2118.846618543889,2172.7368711437002,2112.702836376597,2165.577392578125,2671841
2020-11-06,2161.3684876184034,2174.9620476579553,2130.9403514086507,2137.277587890625,2395965
2020-11-09,2175.929860038254,2175.929860038254,2142.212044068719,2152.903076171875,1691773
2020-11-10,2152.9028635116606,2165.8192144477484,2117.8790543048217,2128.27978515625,1879561
2020-11-11,2133.3591885314668,2150.7743655807035,2087.2090165926816,2110.816162109375,2387398
2020-11-12,2101.4310035204676,2130.2144162068093,2091.7559068191763,2101.237548828125,1626054
2020-11-13,2109.6552245333364,2134.8589033270086,2101.4313908215577,2109.123046875,1560060
2020-11-14,2120.781793542824,2122.136212978665,2109.510397198309,2113.622314453125,146991
2020-11-17,2134.713809184371,2149.710213058034,2111.106661440834,2116.572998046875,1699293
2020-11-18,2114.009180443577,2138.1969285035725,2095.7233373936115,2124.409912109375,1817170
2020-11-19,2104.3342387667585,2123.6844386634643,2086.6287586195735,2091.46630859375,2669522
2020-11-20,2093.0624630840493,2118.8949280302336,2090.3533883470013,2096.158447265625,2196113
2020-11-23,2090.3535488240714,2125.5708144839796,2069.310208628558,2115.218505859375,4002609
2020-11-24,2121.652632872359,2158.514859195905,2119.814458313863,2136.165283203125,2954306
2020-11-25,2125.8613929115922,2136.9393354065346,2080.1465444350547,2084.306884765625,1682365
2020-11-26,2089.8216639599714,2106.7046667349846,2048.3637647077344,2085.2744140625,2247478
2020-11-27,2099.496461762893,2171.672794056194,2094.6589123118265,2143.32470703125,10036402
2020-12-01,2201.0849809262577,2201.0849809262577,2134.5202538218273,2157.595458984375,2235498
2020-12-02,2168.1894629633885,2250.3793732758,2163.351913960793,2240.607666015625,3305952
2020-12-03,2263.9728750176923,2343.1636446379057,2240.9945178460384,2333.052978515625,4334658
2020-12-04,2322.023641722194,2365.561585004485,2297.8358954542546,2359.5146484375,2789953
2020-12-07,2360.7243004611673,2398.263734120034,2357.821770583551,2392.216796875,1762501
2020-12-08,2390.2814963073024,2403.4879112164613,2349.0654824010394,2359.65966796875,2090950
2020-12-09,2370.3995638126744,2449.8322314344514,2367.4970337345367,2440.3505859375,2022370
2020-12-10,2434.2063276453378,2469.0851045178556,2419.742102820986,2443.978271484375,2372909
2020-12-11,2434.254818725619,2454.475680407323,2413.9371115740933,2439.0439453125,2171653
2020-12-14,2447.800140688777,2470.923533700429,2439.092551255497,2465.3603515625,1280339
2020-12-15,2452.637510402142,2456.120640403258,2421.1934397559608,2445.332763671875,1283286
2020-12-16,2457.4749102239944,2503.818535504288,2455.1529811701544,2498.545654296875,1920875
2020-12-17,2485.5327487661657,2518.766805849827,2473.9226308272036,2491.38623046875,1750663
2020-12-18,2493.273541481477,2550.3566376970016,2491.870699070427,2516.9775390625,4402604
2020-12-21,2511.1236226546307,2517.7511602167915,2456.604579344886,2471.649169921875,1383048
2020-12-22,2458.4429037338928,2528.6842240382593,2415.0984086026706,2516.300048828125,1993090
2020-12-23,2519.395564531589,2563.9010161323777,2519.395564531589,2556.693115234375,1339307
2020-12-24,2571.6412290250637,2571.6412290250637,2528.1032849670773,2562.2080078125,1143202
2020-12-28,2568.0131331905914,2602.117856914795,2544.11568607802,2596.69970703125,1226254
2020-12-29,2597.7640003574115,2624.3220990411605,2586.15388192006,2609.1806640625,1562853
2020-12-30,2606.471774989192,2653.734729980462,2593.2653588086637,2645.55908203125,1614643
2020-12-31,2645.5592509848148,2681.937721488402,2636.513174204892,2674.681396484375,1526325
2021-01-01,2669.360220071806,2701.2880516275764,2660.6526296475054,2685.37255859375,1246698
2021-01-04,2690.742339412214,2700.4174400735665,2655.8151315413256,2664.232421875,1360486
2021-01-05,2664.23197239197,2713.478368174995,2643.237054740593,2703.07763671875,1299589
2021-01-06,2710.285639068279,2730.748379792516,2689.6776301281193,2714.2041015625,1697884
2021-01-07,2709.9952527118867,2739.8430278615247,2691.128809503075,2701.529541015625,1142806
2021-01-08,2726.4429232988878,2757.2097856438136,2698.4335586777356,2752.275390625,1660967
2021-01-11,2752.5652467587083,2780.0908519846084,2732.828142284656,2756.7255859375,1517995
2021-01-12,2757.0161273129397,2757.4030367645414,2624.031711187127,2632.158935546875,6674890
2021-01-13,2670.3275486473026,2673.2300785914845,2590.991730172999,2615.856689453125,2862676
2021-01-14,2624.854192805389,2647.7357060108557,2561.9660532800112,2577.349365234375,2124950
2021-01-15,2574.4471320624175,2575.366455481915,2496.7078492871674,2506.721435546875,2570436
2021-01-18,2507.7857158017055,2534.7309615910676,2472.3747582016704,2504.109130859375,2395168
2021-01-19,2530.0380999850013,2589.636797512003,2505.8503552432708,2559.11181640625,2558693
2021-01-20,2567.771165401393,2619.194219916156,2559.111999406332,2609.615966796875,2065439
2021-01-21,2638.3511666980517,2725.427060738858,2607.4392715552613,2628.095703125,5015712
2021-01-22,2660.6524162838273,2678.8900736933865,2505.8508211545864,2512.28466796875,4945564
2021-01-25,2527.958355938343,2546.002321227285,2419.7422783163365,2432.271484375,3520087
2021-01-27,2442.962598671745,2442.962598671745,2351.581332074017,2357.434814453125,2700415
2021-01-28,2341.373978710361,2374.2208928642103,2323.0397131848817,2362.368896484375,3035457
2021-01-29,2376.2040219842675,2403.2942958505373,2322.023474251727,2329.134765625,2768673
2021-02-01,2347.759831587894,2387.5727731144902,2299.674396212918,2368.27099609375,1797359
2021-02-02,2380.0746399553664,2438.1252409298877,2346.3086348719203,2383.60595703125,2679428
2021-02-03,2422.499851899948,2422.499851899948,2359.1279509830465,2373.9306640625,2409356
2021-02-04,2376.2041218068357,2376.2041218068357,2320.0885521550454,2323.76513671875,3478562
2021-02-05,2341.3741026349007,2345.1472969945953,2293.7726598560866,2299.529296875,3303319
2021-02-08,2316.2187201308197,2355.7897808911025,2296.287921539371,2338.326416015625,3666313
2021-02-09,2353.4681234270392,2450.170702675178,2344.90556526745,2425.402587890625,7178572
2021-02-10,2446.8326057542345,2471.987863860051,2394.587069688308,2429.030517578125,4473123
2021-02-11,2442.913966746869,2457.475037339728,2414.033939233918,2424.095947265625,1446286
2021-02-12,2436.189639544711,2441.027188471527,2384.1375658504785,2405.326171875,1376085
2021-02-15,2413.937185079214,2435.7061576901488,2368.9963977530006,2376.929931640625,1634576
2021-02-16,2391.684453435874,2394.683828584978,2343.308958827543,2370.64111328125,1615849
2021-02-17,2356.8537863241168,2375.2848945795463,2304.60825904107,2310.558349609375,3178784
2021-02-18,2345.2440095998177,2399.03765479845,2317.4280998324934,2390.47509765625,4253843
2021-02-19,2390.6205741433632,2390.6205741433632,2322.0242036117397,2337.939697265625,2244567
2021-02-22,2349.839497396894,2368.464061606833,2302.6733932288657,2309.494384765625,2002642
2021-02-23,2297.8360281050923,2322.0237757693562,2239.7854337108583,2295.126953125,3267268
2021-02-24,2295.901034729826,2331.0701147220357,2270.939231611169,2284.629638671875,1708526
2021-02-25,2297.836096403535,2308.7205831759725,2260.29666367112,2296.626708984375,2839515
2021-02-26,2262.0861969835605,2283.3229885549163,2186.572014463606,2203.213134765625,3933813
2021-03-01,2225.2726726106634,2292.90151717749,2225.2726726106634,2285.548583984375,2545806
2021-03-02,2308.4788902713267,2324.4912282229975,2282.356119928776,2312.73583984375,2033586
2021-03-03,2327.8286137150903,2339.1484313031865,2298.609864558528,2324.055419921875,1591567
2021-03-04,2302.6734058944035,2355.886446786921,2273.648110862121,2338.568115234375,2149984
2021-03-05,2321.056242036614,2345.147143979533,2299.8678697836112,2309.54296875,1953642
2021-03-08,2305.5761888958073,2335.085242089816,2283.371882996438,2305.285888671875,1593838
2021-03-09,2322.0236574658693,2364.594091186077,2318.2986500319666,2343.986083984375,1800442
2021-03-10,2366.529107592438,2366.529107592438,2337.068479721215,2352.935546875,1056102
2021-03-12,2363.4330693555125,2384.573017499928,2319.121071723772,2323.329833984375,1279203
2021-03-15,2324.490734272069,2348.6784794493847,2266.9239007500582,2278.485595703125,1524449
2021-03-16,2301.8994932565124,2399.4245378427845,2298.1747218885725,2388.39501953125,4230564
2021-03-17,2380.0743158051923,2380.0743158051923,2332.763176937818,2344.22802734375,1623187
2021-03-18,2388.636960488666,2388.636960488666,2312.3487088128513,2326.426025390625,1851739
2021-03-19,2315.2511477773455,2354.919052941939,2278.8244952010514,2332.908203125,3738079
2021-03-22,2312.348375806073,2358.885690739773,2312.348375806073,2346.888427734375,1489853
2021-03-23,2351.0494025427374,2354.8710199677207,2320.282535959119,2331.989501953125,1745466
2021-03-24,2331.988989571431,2389.749279157971,2331.698689380855,2364.15869140625,4132092
2021-03-25,2371.3182044961413,2388.781804418984,2314.2835464439895,2324.152099609375,2272545
2021-03-26,2346.2117367797237,2432.2717035530995,2330.828422349803,2423.757568359375,3084607
2021-03-30,2456.604597360513,2499.513521722856,2439.5763278345307,2494.2890625,2332884
2021-03-31,2494.288890965324,2499.029594889356,2448.76750391362,2454.95947265625,1616044
2021-04-01,2449.735426667973,2481.227925780939,2449.735426667973,2468.84375,1219588
2021-04-05,2474.890549847126,2474.890549847126,2403.77856571352,2429.078857421875,1268939
2021-04-06,2443.9298429464247,2534.875767426616,2423.128381496168,2526.748779296875,3372846
2021-04-07,2520.3632058376784,2581.364750249454,2515.6225019684325,2543.196533203125,1937977
2021-04-08,2544.5510442880404,2572.0282310433513,2542.6160244824982,2564.530029296875,897483
2021-04-09,2549.388689815481,2568.7388885996593,2525.345973342747,2545.3251953125,1185017
2021-04-12,2494.433816626687,2525.200676711065,2471.987635630947,2517.654052734375,1427691
2021-04-13,2515.5258226177343,2540.6810808439113,2480.985765295025,2487.177734375,1200230
2021-04-15,2505.8505640840144,2509.285271365282,2454.572540957971,2503.625244140625,1209829
2021-04-16,2503.5286461237074,2605.9878473655917,2497.8201961382024,2577.156005859375,2760777
2021-04-19,2563.9012408939693,2563.9012408939693,2483.452887007421,2488.338623046875,1552036
2021-04-20,2515.5258204067977,2520.0730698404523,2446.639160566584,2470.681640625,1489287
2021-04-22,2472.617020676111,2473.923253756533,2407.1650587979093,2429.65966796875,1690758
2021-04-23,2444.9942141939805,2481.6627426922887,2415.0980183756537,2436.141357421875,1614593
2021-04-26,2447.800267018976,2491.338216432357,2447.800267018976,2474.793701171875,1103980
2021-04-27,2462.3127182053872,2496.0787195433604,2451.6701092072503,2490.709228515625,866331
2021-04-28,2503.9160758738494,2535.1182758147042,2491.338444889939,2529.603515625,1065561
2021-04-29,2544.5511551898135,2556.1612745290827,2486.500558493468,2528.538818359375,1295346
2021-04-30,2510.6883660885155,2521.137520980986,2442.0435811244406,2453.9921875,1384907
2021-05-03,2428.449632514996,2510.784812148586,2424.192683817872,2498.25537109375,1034774
2021-05-04,2520.3631629090814,2532.8923682430795,2488.0000056212884,2503.093017578125,1058140
2021-05-05,2531.9737655668,2531.9737655668,2463.377398461098,2484.22705078125,1220186
2021-05-06,2496.031048038315,2497.9660682554245,2445.865554426344,2466.231689453125,1518119
2021-05-07,2471.9880791935516,2505.850929593463,2458.9266940393,2468.746826171875,1416102
2021-05-10,2504.883005560729,2504.883005560729,2459.5550745340774,2473.874267578125,1526814
2021-05-11,2450.702175848105,2478.759958358802,2439.3823591113382,2473.19677734375,1168363
2021-05-12,2493.272934171713,2504.8346298727256,2447.799970296637,2473.148681640625,2085630
2021-05-14,2534.8761530793836,2743.1326767245505,2517.0256411514965,2684.3564453125,10543708
2021-05-17,2691.612746426085,2732.441620068348,2658.2820750788615,2692.33837890625,2134352
2021-05-18,2706.125576857705,2752.566058691516,2698.3854965520695,2730.119873046875,1328605
2021-05-19,2714.010248275005,2756.4356510413554,2707.7214340483397,2724.36279296875,1219067
2021-05-20,2722.5726872523837,2752.565492264759,2688.226087964019,2703.3193359375,1211975
2021-05-21,2715.800662131785,2761.273633674426,2704.190541737919,2740.47216796875,1328308
2021-05-24,2753.5330713474837,2756.4356009378007,2716.9611512677957,2727.603759765625,813091
2021-05-25,2744.728915478756,2827.6928946829066,2731.038744006014,2819.7109375,2730112
2021-05-26,2844.334201349192,2852.1224674261225,2815.840844551667,2846.02734375,1250531
2021-05-27,2854.1541775705687,2868.666825931097,2807.9555802895534,2853.525390625,2415085
2021-05-28,2862.039495712857,2867.506068715811,2835.916726774399,2845.156494140625,711383
2021-05-31,2842.5441009393367,2892.8061932632645,2840.705926603194,2880.7607421875,2093635
2021-06-01,2868.6668205977057,2885.695089125788,2820.3881716248284,2835.771484375,1194073
2021-06-02,2824.016069467309,2838.431870979703,2783.670721908356,2809.358154296875,2067842
2021-06-03,2824.742429639935,2846.41456022418,2809.6976011570755,2839.980712890625,1404434
2021-06-04,2857.0569982279376,2892.8548678298453,2813.5190487121035,2829.869873046875,1509084
2021-06-07,2834.804091534045,2845.446700751408,2809.600410645775,2837.803466796875,802415
2021-06-08,2832.8686792503204,2848.5907134162417,2813.034728456389,2831.175537109375,762931
2021-06-09,2835.5778240297072,2868.6666125892143,2824.7417613014145,2847.91357421875,1340352
2021-06-10,2863.422214992349,2877.3261462283176,2839.7466256659854,2868.8671875,1344559
2021-06-11,2878.006230179704,2889.2849981950353,2857.19911792614,2874.360107421875,878445
2021-06-14,2873.2426713097398,2887.7298405417955,2835.7118114276586,2868.1865234375,746823
2021-06-15,2887.7294680756554,2965.5134268117004,2878.9301102680797,2957.929443359375,2262031
2021-06-16,2945.0952991181675,2957.929605537738,2922.2462599866794,2935.08056640625,859505
2021-06-17,2934.351099210728,2988.799868810765,2917.384521159133,2975.528076171875,1533864
2021-06-18,2976.7433632365132,2992.5432289519567,2932.503739233272,2962.790771484375,2293860
2021-06-21,2940.428225083247,2993.8560373977457,2937.36557647953,2983.5498046875,720491
2021-06-22,2999.5437401178715,3007.1763855908434,2920.9818987358226,2927.399169921875,1199238
2021-06-23,2946.0673538306787,2946.0673538306787,2900.8554290936736,2904.598876953125,1009007
2021-06-24,2904.598992609972,2965.221723723057,2893.0284861877267,2958.950439453125,985596
2021-06-25,2946.2617082303623,2968.916332601158,2902.3138211280357,2920.690185546875,786964
2021-06-28,2940.2337434850065,2954.6724862836027,2893.806441483879,2900.32080078125,891695
2021-06-29,2906.2029467850707,2940.08767629472,2890.6948186161912,2918.356689453125,1242734
2021-06-30,2915.926071163237,2946.067354326311,2902.9457784628585,2909.800537109375,924522
2021-07-01,2924.6770219046234,2943.0533882945856,2913.9817269442005,2937.900390625,848235
2021-07-02,2948.935487017735,2954.6235335924466,2916.6551936551064,2921.759765625,805542
2021-07-05,2936.3444841330866,2965.513469074806,2923.80191555927,2931.28857421875,863343
2021-07-06,2919.815251287989,2945.581186738915,2913.0091551311407,2919.3291015625,762630
2021-07-07,2980.098103154048,2983.987301331085,2927.8370026501234,2955.887939453125,1234865
2021-07-08,2965.513401935856,2974.264097220257,2935.177705758827,2944.41455078125,907391
2021-07-09,2938.288952819538,2954.9637935205883,2923.7044609954833,2927.204833984375,547082
2021-07-12,2950.8318196929304,2958.561791044797,2908.1966267025937,2916.315185546875,765566
2021-07-13,2936.344235945921,2937.4138602544995,2902.6541561369277,2910.918701171875,703484
2021-07-14,2919.8153955432776,2924.433818163601,2901.5361174862264,2918.79443359375,470744
2021-07-15,2926.6212463871097,2927.593545804514,2888.7988940011955,2900.95263671875,635535
2021-07-16,2911.0643885871264,2922.731981326954,2882.8677061325416,2906.49462890625,1062548
2021-07-19,2906.4951295477363,2916.606950046227,2882.8682027043083,2899.3486328125,837836
2021-07-20,2913.0090151303734,3091.4259558100875,2897.014737406032,3071.54248046875,6755922
2021-07-22,3043.297615103454,3077.3280996173908,3004.4056328018128,3020.691650390625,1982572
2021-07-23,3019.962523275993,3042.908888526324,2992.786797240431,2998.328857421875,815329
2021-07-26,2994.6339367851338,3032.6022815010356,2966.6803248604288,2976.4033203125,1136884
2021-07-27,2994.0985876011755,2996.1405112310413,2937.608136582271,2944.75439453125,904289
2021-07-28,2946.408117799786,2948.9846167274313,2901.3419374594973,2920.88525390625,996594
2021-07-29,2920.884879095844,2955.741672028039,2907.4670991808866,2914.4189453125,762683
2021-07-30,2924.676752921794,2925.308652614758,2870.1306586891224,2876.499267578125,1067423
2021-08-02,2902.8973424883893,2904.0640543566956,2878.638281228283,2891.667236328125,832285
2021-08-03,2936.34453815401,2980.0980163715367,2911.2591631670657,2943.150634765625,2433031
2021-08-04,2956.3737417564944,2968.7218970417166,2928.565883107873,2934.983154296875,659295
2021-08-05,2949.956579501827,2955.7903762971505,2897.5010707927713,2905.61962890625,693694
2021-08-06,2912.0367840084,2917.8705805706873,2879.4160907553855,2884.277587890625,744159
2021-08-09,2911.6967158995494,2931.4831064447562,2890.695188309919,2909.655029296875,825462
2021-08-10,2914.9539362556898,2924.9686687023773,2878.5413670158496,2894.681396484375,724335
2021-08-11,2904.647656312239,2918.3085128208268,2870.763158539588,2890.2578125,987941
2021-08-12,2891.6189432120127,2902.557313457855,2876.062149973481,2893.077392578125,438552
2021-08-13,2898.3276371190927,2918.8432525998196,2890.7438905222552,2905.91162109375,572250
2021-08-16,2897.4524466401454,2901.487394525788,2878.0064570653794,2889.090576171875,461742
2021-08-17,2891.619123951909,2959.680098624617,2890.744149228682,2931.775146484375,2036757
2021-08-18,2963.5690283397685,2963.5690283397685,2909.655065768928,2918.40576171875,1375320
2021-08-20,2918.356757733708,3037.5121011147357,2918.356757733708,3026.719482421875,3931334
2021-08-23,3071.5426105574847,3076.209695371102,2966.4856080033414,2992.202880859375,1578949
2021-08-24,3007.127763286072,3007.127763286072,2950.491320759571,2961.575439453125,763704
2021-08-25,2942.178031675559,2984.9592059629763,2929.1493144573237,2953.894287109375,797870
2021-08-26,2979.1255379141853,2999.057676793833,2942.3725709434702,2955.449951171875,1319516
2021-08-27,2956.2279974788557,2973.2432389025603,2936.8306697313947,2952.67919921875,634375
2021-08-30,2972.027751288953,3027.983633428987,2963.6174557996264,3022.635986328125,1051747
2021-08-31,3022.6363497532548,3121.0816832192836,3017.0942895670296,3112.67138671875,2283290
2021-09-01,3140.576080121475,3240.674267212219,3125.942925018687,3211.26220703125,2423168
2021-09-02,3221.1797445678894,3227.062204317065,3176.1622279570797,3210.144287109375,847517
2021-09-03,3210.1442256352398,3252.293267866037,3195.462407769972,3246.313720703125,832039
2021-09-06,3249.425038840637,3254.9670987024147,3214.324930753022,3223.707763671875,664394
2021-09-07,3241.160160933402,3300.567751259659,3231.777566353093,3243.833984375,1285818
2021-09-08,3252.3417812796843,3268.4333852515615,3205.6714059429355,3244.174560546875,702598
2021-09-09,3213.449861563548,3265.9540347933303,3213.449861563548,3253.654541015625,591745
2021-09-13,3253.8977716616837,3280.5386844025024,3238.097903961168,3273.78125,610920
2021-09-14,3291.136346542259,3294.734044445775,3263.8635365969717,3269.35693359375,569412
2021-09-15,3268.7249602324387,3290.2126353832036,3254.237556181154,3259.439453125,587855
2021-09-16,3257.2032878080468,3277.621577074903,3242.618795474578,3249.522216796875,516746
2021-09-17,3259.148216540214,3288.317204158414,3194.05280664783,3211.55419921875,1545695
2021-09-20,3208.539478581717,3223.1726325792415,3174.5576607454673,3180.92626953125,689288
2021-09-21,3180.9264661630173,3242.6188217580857,3180.3916539642273,3217.533447265625,922057
2021-09-22,3236.2988098742467,3237.708596640632,3197.1637559167766,3225.603515625,825945
2021-09-23,3247.480350158535,3247.480350158535,3223.172862507648,3228.666259765625,694716
2021-09-24,3237.757210275399,3407.909616220803,3228.8607651442303,3353.072021484375,2775975
2021-09-27,3365.7115069680376,3373.8787265133888,3322.978760861135,3335.61865234375,902449
2021-09-28,3330.0287036526083,3334.6957890660105,3257.2035607820735,3286.080810546875,961271
2021-09-29,3271.7879177998316,3288.025272472042,3218.3114436604583,3231.0,973387
2021-09-30,3237.659766369571,3254.9667436422724,3130.804154314728,3154.771240234375,2077896
2021-10-01,3158.02848605544,3162.841320663003,3082.1891320183945,3089.82177734375,1512332
2021-10-04,3114.080774382592,3141.0134220910354,3089.967700171896,3112.9140625,921241
2021-10-05,3119.6713667860668,3169.69612471436,3103.239364080966,3164.591552734375,909337
2021-10-06,3171.6409426925247,3189.142333547358,3111.99027391118,3123.26904296875,786378
2021-10-07,3130.8046191047297,3226.089977077482,3130.8046191047297,3199.692138671875,1177283
2021-10-08,3215.3946881896886,3236.7852787975426,3173.6831314555034,3215.29736328125,882436
2021-10-11,3234.2573461556317,3251.7103141567054,3206.4010571217646,3214.47119140625,460197
2021-10-12,3189.1421413055746,3242.6186101384424,3189.1421413055746,3231.194091796875,564524
2021-10-13,3250.397340905672,3265.8568085391703,3200.226590019537,3231.4375,770144
2021-10-14,3249.424807568433,3260.0714392200052,3198.865235457853,3206.44921875,648597
2021-10-18,3162.4040344323016,3192.9828053680853,3142.471895245257,3151.708740234375,1576121
2021-10-19,3170.571156636228,3178.544201965804,3088.120353826449,3095.558349609375,1042069
2021-10-20,3101.6353516168692,3130.7556736651095,3049.7630792335344,3081.800537109375,1205540
2021-10-21,3105.5245163705968,3106.9343031307085,2839.551948089408,2918.843017578125,5103543
2021-10-22,2892.5912109699566,2919.7669363840087,2831.4820882509407,2899.7861328125,2855592
2021-10-25,2868.2839199677587,2868.2839199677587,2778.103128924705,2837.218994140625,2161537
2021-10-26,2837.2188960760736,2940.233991250299,2817.7242416148697,2887.535400390625,1988263
2021-10-27,2945.289798675563,3057.882135925425,2945.289798675563,3008.9267578125,4609951
2021-10-28,3020.608273580394,3064.0241369329437,2980.696917081265,3033.55517578125,1791065
2021-10-29,3042.0234154800637,3061.200283559634,3001.4307025555136,3017.78466796875,1118903
2021-11-01,3044.944263473543,3058.815892551068,3009.5593461669246,3038.908935546875,750393
2021-11-02,3037.156538084709,3056.4308482618685,2998.21863375029,3020.94873046875,881916
2021-11-03,3019.7320242135293,3098.3864035320394,3012.820450894596,3086.461669921875,879227
2021-11-04,3094.5898474593455,3105.2977708069557,3061.4926298394594,3075.3642578125,263595
2021-11-08,3080.9617973604804,3096.5369596852092,3012.966384273338,3054.6787109375,787824
2021-11-09,3056.6252679791105,3071.2269810427047,3037.156317227651,3061.638427734375,668840
2021-11-10,3048.8379954219413,3053.3644318653087,2998.705442176657,3025.767333984375,872975
2021-11-11,3007.952607311898,3024.1604122201093,2970.961604374082,2982.15625,958143
2021-11-12,3006.979712772599,3044.9441701368373,2994.130251657864,3039.9794921875,682344
2021-11-15,3042.99706918756,3095.5632373693034,3042.99706918756,3084.563232421875,696377
2021-11-16,3080.9617937771213,3123.7934901203103,3037.254089617432,3068.014892578125,1400107
2021-11-17,3085.829027570186,3153.8729227363265,3081.0105092701147,3144.479248046875,1616452
2021-11-18,3163.558973921504,3173.4393726104017,3128.6607802361445,3141.169677734375,1609821
2021-11-22,3154.9439344576467,3220.5057308432424,3129.683014664626,3174.65625,2146970
2021-11-23,3174.656000591814,3200.9878058286126,3087.3377979883385,3100.966064453125,1482618
2021-11-24,3101.4530189558036,3123.696155781228,3066.3601826669897,3073.17431640625,1056213
2021-11-25,3072.6874287203327,3089.0901162670048,3030.3424570272123,3060.7626953125,728825
2021-11-26,3018.6608297969156,3083.24916931582,3008.9263543702887,3059.64306640625,1029110
2021-11-29,3047.8646220339338,3094.4926698628688,2990.3337702916037,3060.8115234375,876651
2021-11-30,3033.4088996782884,3104.3246583863956,3033.4088996782884,3060.1787109375,2340489
2021-12-01,3072.103403153863,3114.7891784974818,3041.1479574099894,3054.82470703125,1741820
2021-12-02,3076.094345772075,3109.1915634164584,3068.5501270443115,3096.1474609375,939320
2021-12-03,3100.4306751521126,3102.8155742936847,3023.52831303688,3027.860107421875,1216263
2021-12-06,3032.289362120654,3032.289362120654,2947.842780366572,2957.6259765625,1107363
2021-12-07,2959.2806369545597,2987.5106167149816,2936.3558989623216,2949.886962890625,2056459
2021-12-08,2951.395731620396,3040.0769044932244,2950.519723829319,3025.9619140625,1171484
2021-12-09,3068.695889922888,3098.5321992287622,3028.3952573568804,3094.297607421875,1287243
2021-12-10,3099.4571315924068,3204.589471483104,3094.297811825409,3195.974365234375,2554394
2021-12-13,3197.8730514644403,3252.2886814210765,3184.0986242715094,3192.762451171875,1265832
2021-12-14,3187.0675838999714,3217.2444608397695,3162.731392819489,3209.943603515625,863179
2021-12-15,3191.1072892378893,3225.9567623168427,3179.7667192836384,3214.275390625,811946
2021-12-16,3236.71332632081,3236.71332632081,3183.757871022595,3211.014404296875,502930
2021-12-17,3188.0412262502546,3205.855366740775,3141.997102382251,3157.572265625,1019403
2021-12-20,3141.315925638116,3188.041418179371,3096.537328619413,3153.435302734375,948872
2021-12-21,3160.784491975417,3208.483426409293,3153.970358484863,3184.488037109375,712026
2021-12-22,3188.72254694903,3198.4083039218103,3154.943959676345,3193.005859375,619865
2021-12-23,3202.6426820789766,3220.0672994805386,3163.704777129688,3181.12939453125,1051596
2021-12-24,3192.9084581926654,3212.3774122060354,3174.4129518799637,3197.5810546875,651404
2021-12-27,3193.005502117236,3197.5319383008487,3140.536534962085,3185.509765625,640701
2021-12-28,3188.965573427623,3285.3856044009967,3186.0939505791002,3278.76611328125,1211648
2021-12-29,3282.659764511744,3296.0933881676133,3257.3501283356195,3278.035888671875,598421
2021-12-30,3273.9478644205274,3299.9875894999145,3261.3417646707285,3276.332763671875,691223
2021-12-31,3299.987609481514,3314.5893245677157,3272.146910987241,3293.124755859375,570671
2022-01-03,3293.173599084045,3349.5361263639684,3293.173599084045,3331.52734375,696276
2022-01-04,3342.8189942857416,3380.2480062562436,3324.3722101511667,3367.447265625,790886
2022-01-05,3377.86339851803,3446.004735087558,3360.3900604578967,3433.1552734375,1024506
2022-01-06,3398.451617286694,3443.619730164431,3360.4871595058344,3421.32763671875,1312743
2022-01-07,3421.327391161484,3486.889179763833,3403.70813282007,3481.340576171875,964364
2022-01-10,3484.9421111558145,3494.676586326641,3433.349392750435,3459.145751953125,657511
2022-01-11,3456.323046455195,3469.367148865242,3402.247986263793,3444.78759765625,734344
2022-01-12,3462.455634101739,3487.3272675312387,3440.1637793778405,3449.70361328125,594543
2022-01-13,3465.473711573237,3465.473711573237,3358.394467676311,3364.478515625,1153984
2022-01-14,3370.0759744399766,3370.0759744399766,3257.156039998891,3275.0673828125,1558978
2022-01-17,3275.0668489462428,3308.7482293093044,3232.819320251898,3288.9384765625,1103159
2022-01-18,3289.328156905349,3306.2660500645666,3262.022904222004,3284.1201171875,558543
2022-01-19,3280.518612783461,3280.518612783461,3180.9835895914402,3193.297607421875,1495218
2022-01-20,3194.8549080729,3275.553616141667,3136.4480541776,3218.60693359375,3075678
2022-01-21,3212.425851916752,3236.6646024859047,3155.673808386387,3187.89501953125,1441694
2022-01-24,3181.226954568169,3183.173849889202,3051.758415719464,3071.373291015625,1575665
2022-01-25,3017.687631268928,3073.1254258665845,2930.8074309170725,3063.537109375,2699779
2022-01-27,3056.7227089576063,3059.5456117544045,2989.7007509070045,3034.187255859375,1834684
2022-01-28,3046.8909378889193,3085.828841248522,3020.6078531211874,3028.24951171875,892060
2022-01-31,3056.625316304326,3108.6560404785882,3053.1208100504214,3068.550048828125,944530
2022-02-01,3109.1918228453756,3127.05468245127,3058.1832605770337,3111.382080078125,1008915
2022-02-02,3119.704785625001,3158.0098044891974,3107.3905314048066,3112.793212890625,667265
2022-02-03,3127.541435453209,3155.5280559105013,3105.49270317633,3117.952880859375,899753
2022-02-04,3103.3508551277114,3162.5365149528584,3091.7182041904553,3150.708984375,705765
2022-02-07,3148.129791731825,3164.8730442675433,3059.6434928345234,3090.404296875,860393
2022-02-08,3094.5898797419495,3137.9082973728136,3082.1297030940354,3130.9482421875,799206
2022-02-09,3144.235732140532,3172.46571239814,3137.17823707613,3142.629638671875,472725
2022-02-10,3134.501518175897,3161.758053116557,3091.669820412003,3152.753662109375,728666
2022-02-11,3144.1868781054236,3144.1868781054236,3097.9968392203864,3130.8994140625,587840
2022-02-14,3056.6255399469273,3098.1917059680864,3037.1565874631888,3059.98388671875,681236
2022-02-15,3056.625566247541,3183.1737584807192,3049.6655107379615,3177.917236328125,676844
2022-02-16,3192.908502564683,3197.873180970339,3137.4219828554797,3166.4794921875,624320
2022-02-17,3186.0940886849758,3207.461216602982,3150.465810411871,3179.134033203125,636735
2022-02-18,3150.2227324545333,3185.120928151723,3144.284843979204,3171.9306640625,423801
2022-02-21,3149.103226441985,3191.39948035979,3119.0722706258034,3165.31103515625,547472
2022-02-22,3037.1568432683944,3150.85558288135,3037.1568432683944,3141.461669921875,1147209
2022-02-23,3150.952302966834,3209.359156401232,3144.235609885116,3151.244384765625,935896
2022-02-24,3046.890659319286,3112.8904470112366,2970.4750309625565,2987.55908203125,1823450
2022-02-25,3022.5547772533755,3058.0368944982074,3001.1876501116594,3036.377685546875,1239456
2022-02-28,3007.953220727618,3105.784708974584,2934.9446474089864,3090.35546875,1678348
2022-03-02,3024.5015550217345,3028.589987223328,2911.6790783994174,2948.52392578125,3014206
2022-03-03,2948.5730121525403,2969.9888610357875,2786.0072501751633,2795.644287109375,4406840
2022-03-04,2787.7591396849334,2787.7591396849334,2591.3660965806903,2665.4453125,6979253
2022-03-07,2579.538773554582,2655.5164084274707,2530.331186101302,2636.5341796875,3233760
2022-03-08,2618.5741026975593,2664.2774210104167,2567.9548263628853,2651.087158203125,2611102
2022-03-09,2676.981044591894,2813.2637159529354,2594.286714036942,2798.61328125,4076068
2022-03-10,2920.3428361935285,2959.280740676109,2814.431688469288,2835.458251953125,3971987
2022-03-11,2839.546480228273,2861.887053787241,2805.8166179586647,2854.148193359375,1265493
2022-03-14,2871.670438343163,2893.427087405378,2839.838749151455,2884.130615234375,1214217
2022-03-15,2918.395986192812,2951.4932055158793,2887.2456621240426,2907.833984375,1857685
2022-03-16,2962.200986642731,2969.0151197043474,2930.8073021802834,2961.2275390625,1287234
2022-03-17,3030.829425093446,3079.30716826331,2994.8118600610205,3053.316162109375,2867519
2022-03-21,3034.528400572554,3034.528400572554,2949.6438132005205,2964.878173828125,1259015
2022-03-22,2943.70551445848,2981.3778886892746,2896.006582511236,2970.134521484375,1515772
2022-03-23,2978.749913913887,2998.12142776792,2925.21029127818,2936.697021484375,948403
2022-03-24,2890.6526321688943,2958.258520082342,2872.2058477828186,2945.019775390625,1243917
2022-03-25,2945.0198168337092,2983.1789155474485,2911.5817964253606,2966.046142578125,1083275
2022-03-28,2966.0464392448457,2977.3872476107235,2916.1085244125966,2947.064208984375,680332
2022-03-29,2987.5109354551137,3005.714359573215,2932.7057834379484,2961.81201171875,1120936
2022-03-30,2996.2719963644513,3012.1879611939657,2974.758707305211,2999.727783203125,849545
2022-03-31,3032.289061252153,3046.1606885789083,2984.687572015154,2998.169677734375,1464862
2022-04-01,3027.4222013650833,3038.1301255499757,3005.6655512534408,3031.4619140625,637392
2022-04-04,3041.975130308145,3059.545907598646,3011.3602498111395,3035.209716796875,873264
2022-04-05,3027.4220629960223,3073.1741006040006,2998.2186347356105,3057.404296875,805874
2022-04-06,3053.705296102172,3080.9618304633004,3030.3425523640617,3070.25390625,736379
2022-04-07,3070.253847284816,3123.744747409598,3061.9795423698124,3071.227294921875,1025244
2022-04-08,3083.8820833333334,3134.5013599537037,3067.528115662822,3121.116455078125,678898
2022-04-11,3099.457387912934,3136.4483994520956,3066.3601670621047,3073.6123046875,672652
2022-04-12,3070.935263187497,3078.1389184140994,3031.461913329294,3045.576904296875,794265
2022-04-13,3034.4306293988375,3039.005785313124,2984.6876026137534,2998.85107421875,1121350
2022-04-18,2974.855777940832,2976.802673083463,2932.997532374256,2941.320556640625,1032504
2022-04-19,2949.546428304707,2977.971052623412,2891.1395683382775,2911.776611328125,749782
2022-04-20,2911.8738196618638,3007.4663253422877,2900.873814377737,3001.138916015625,838182
2022-04-21,3007.7584287461236,3090.1119527480464,3004.1080002622234,3074.390869140625,1069035
2022-04-22,3038.6168759241878,3089.0415123306707,3030.585932715354,3080.377685546875,681191
2022-04-25,3050.784968780166,3071.324809485169,3012.9179498403673,3047.475341796875,1096774
2022-04-26,3046.891086400625,3065.094509576891,3023.3337012514503,3042.656494140625,1703441
2022-04-27,3013.793828333634,3079.9882664236493,3004.0106322313554,3064.75390625,963536
2022-04-28,3105.2981793981453,3181.227100399103,3085.8292252953356,3161.466064453125,2001838
2022-04-29,3162.7311134726756,3190.961092632635,3135.7666636687472,3151.244384765625,1088970
2022-05-02,3110.165232467651,3126.227118644714,3070.3025988507457,3115.032470703125,595522
2022-05-04,3093.6165252692645,3109.873052933362,2999.6301103635874,3018.51513671875,1120002
2022-05-05,3022.311527178127,3043.9220170177437,2988.484222058733,2994.8603515625,724601
2022-05-06,2939.8118055195814,2971.3514132705213,2924.139203811018,2936.161376953125,923941
2022-05-09,2921.170538592087,2958.1128301750196,2896.0068212334145,2925.45361328125,998324
2022-05-10,2969.9884368308353,3055.4084582441114,2955.386723768737,3004.39990234375,2460016
2022-05-11,3008.3423138912076,3026.983977690921,2899.900348264076,2972.568115234375,1883969
2022-05-12,2961.227792976585,2996.271908869799,2908.6616191367643,2959.232177734375,1254245
2022-05-13,2992.76731503181,3033.506193634113,2954.705655084811,2982.6435546875,1121729
2022-05-16,3007.855645362667,3007.855645362667,2905.9357291341043,2920.245361328125,733044
2022-05-17,2919.2721100709086,2975.4402305172703,2872.644061939677,2969.015380859375,1179081
2022-05-18,2949.5459036494694,3045.7225634849033,2945.652113677655,3017.78466796875,1379763
2022-05-19,2920.829682561889,2990.1391079175864,2920.78096264762,2965.99755859375,772390
2022-05-20,2998.2188249581677,3042.023970128011,2988.484348253758,3027.37353515625,778957
2022-05-23,3060.4704472673357,3103.3508603568985,3046.939621076196,3089.917236328125,813294
2022-05-24,3090.452915961245,3099.116504952508,2988.484274982604,3004.886962890625,691307
2022-05-25,2958.3071090380076,2958.3071090380076,2751.254862363511,2762.69287109375,3381427
2022-05-26,2774.325614312212,2784.060090151904,2646.3659769310816,2764.737060546875,3212196
2022-05-27,2791.84781905872,2792.8212666943746,2707.157874756729,2759.578125,1879534
2022-05-30,2803.529222705696,2807.4230132927873,2742.202020959009,2768.485107421875,2525482
2022-05-31,2768.484636125318,2801.5818504812464,2736.3608692504463,2783.718994140625,2408221
2022-06-01,2783.7193326163565,2861.838502469761,2756.852321467245,2776.75927734375,1770795
2022-06-02,2793.9894755784876,2841.493769757654,2772.37898467619,2831.3212890625,1164197
2022-06-03,2827.8653466604173,2841.9316172903245,2780.16641310229,2810.245849609375,1228489
2022-06-06,2794.8657476928456,2795.74175554742,2733.1490217756486,2742.64013671875,1193698
2022-06-07,2725.6534811276456,2729.547271814971,2658.4855917712857,2671.82177734375,1403598
2022-06-08,2698.2992677632888,2701.3170503422275,2628.308481414059,2633.370361328125,1743575
2022-06-09,2623.8736124315806,2641.1051168407053,2578.5922114707746,2630.53125,1857501
2022-06-10,2609.1879673259405,2678.701042628057,2596.460221143863,2652.021728515625,1592920
2022-06-13,2614.0343803076057,2626.811127784254,2587.159301218744,2605.027099609375,1674206
2022-06-14,2562.1932032114582,2610.5097812751437,2530.8633665653874,2580.207763671875,2296040
2022-06-15,2594.5020628307893,2627.3984864837917,2572.081744389475,2605.41845703125,928842
2022-06-16,2638.51054894235,2668.3717980196284,2584.7113955414443,2601.7958984375,1280628
2022-06-17,2594.600073025084,2601.3554733742226,2506.386906977046,2526.163818359375,2043251
2022-06-20,2545.549289806498,2617.363247112692,2534.1433664844026,2604.97802734375,1595360
2022-06-21,2618.9291186051482,2653.2451227024567,2584.7111158429834,2622.258056640625,1042074
2022-06-22,2631.706016369741,2651.238161654453,2571.3472295741108,2610.509521484375,1871760
2022-06-23,2618.929270972894,2709.9815996692782,2618.929270972894,2700.435791015625,1612872
2022-06-24,2716.884149968086,2726.4789598167517,2668.9103397524336,2703.079345703125,2215583
2022-06-27,2721.6814735304606,2768.4314627122685,2707.093614402077,2761.871826171875,1295734
2022-06-28,2721.7794713059325,2726.4789944576078,2647.6648766733892,2669.39990234375,1838358
2022-06-29,2649.818776719566,2662.056993866802,2621.9156416238675,2641.301025390625,1066354
2022-06-30,2657.993745875806,2669.840195518941,2623.873504138171,2638.755126953125,1291447
2022-07-01,2648.2520907688227,2721.779392264444,2628.7689454064866,2715.07275390625,1477191
2022-07-04,2717.0311500879375,2739.402708129595,2687.3169002980735,2731.864013671875,653147
2022-07-05,2726.674961617523,2753.4032774489715,2702.1985256963603,2708.660400390625,1073043
2022-07-06,2771.2708335042553,2808.9155408558863,2746.402633364842,2801.474609375,2085735
2022-07-07,2840.6367644401344,2870.596013534885,2816.552098193376,2830.84619140625,1469087
2022-07-08,2819.685021466792,2827.517479859755,2781.0122581515357,2819.4892578125,1274148
2022-07-11,2813.8108820601155,2878.9671978548995,2791.6353282353266,2871.624267578125,1081885
2022-07-12,2858.847180640691,2862.0291167150344,2824.971704053546,2832.6083984375,1115524
2022-07-13,2887.2402109875734,2906.7723578952287,2864.770891942596,2879.603515625,2153712
2022-07-14,2890.275419984235,2892.96782780986,2851.406650333982,2877.596435546875,882479
2022-07-15,2888.170413477331,2922.486424152736,2878.8693679063254,2915.77978515625,1668006
2022-07-18,2932.032358471089,2961.648846940494,2925.8152479251085,2954.648681640625,823390
2022-07-19,2920.968533203042,2959.6902982751258,2915.779481566593,2955.8720703125,638171
2022-07-20,2969.481082217521,2980.936005945761,2937.172188147894,2943.487060546875,867436
2022-07-21,2918.5700604980784,3020.3430277172906,2918.5700604980784,3001.887939453125,1184060
2022-07-22,3001.8880611031504,3027.9798458222535,2984.1670261308636,3003.16064453125,1268141
2022-07-25,3005.216778353302,3051.917769911651,2987.740507634355,3039.92431640625,985844
2022-07-26,3031.1616849465177,3083.8350204297426,2989.062217100038,3043.39990234375,2876310
2022-07-27,3053.631079516396,3126.1303289693437,3031.161759627024,3119.325927734375,1976407
2022-07-28,3131.025416021636,3211.3081189965496,3115.3604983679943,3203.8671875,1332572
2022-07-29,3216.5948555424993,3284.101049650748,3206.412754924189,3263.932373046875,1836550
2022-08-01,3270.1004372313223,3284.7372963050025,3245.085474993422,3254.925048828125,1076122
2022-08-02,3261.240381348652,3333.445868627086,3255.953566704768,3325.02587890625,1650536
2022-08-03,3332.71120320629,3375.7897263969708,3300.6470751495904,3367.614501953125,1169005
2022-08-04,3382.643260561719,3404.133522327624,3339.4667343310307,3388.028076171875,981434
2022-08-05,3402.2242754879544,3418.8192496880374,3379.2654285423546,3401.147216796875,792478
2022-08-08,3392.433625226258,3404.133312434131,3364.579492183974,3386.020751953125,724644
2022-08-10,3368.9361104579193,3377.6008630226447,3324.8785327274322,3340.20068359375,1089295
2022-08-11,3377.74780270208,3405.112407385104,3319.0043626550873,3333.885986328125,1410533
2022-08-12,3327.8161100544044,3362.866412858455,3312.1511916193144,3356.06201171875,548472
2022-08-16,3397.3291524687143,3435.9529188029155,3382.9370566024095,3427.679931640625,911189
2022-08-17,3444.2749609192147,3471.3948033172546,3431.204687938074,3449.904541015625,817912
2022-08-18,3451.1772075481495,3468.506475082643,3441.925163265364,3461.310546875,599877
2022-08-19,3446.2821075360025,3464.394669748905,3391.454892188839,3409.616455078125,581829
2022-08-22,3389.5943504732504,3412.5531961937627,3263.393721960402,3279.59716796875,2336567
2022-08-23,3263.198106299142,3313.081029845526,3247.386425907591,3286.303955078125,831446
2022-08-24,3269.660132475847,3314.109242061104,3232.847479257242,3308.088134765625,1182154
2022-08-25,3304.3185390770213,3333.837022415041,3281.0169264625883,3292.080322265625,615392
2022-08-26,3308.5774918756365,3313.619541526457,3236.4207752552147,3253.946044921875,1384783
2022-08-29,3178.999131003234,3278.226686400928,3168.914792760579,3273.2333984375,1031166
2022-08-30,3261.2400731673224,3338.340840432986,3261.2400731673224,3320.571044921875,1426459
2022-09-01,3245.575076526154,3401.6367206430705,3245.575076526154,3374.3701171875,1417762
2022-09-02,3415.931399050534,3415.931399050534,3353.2717230576322,3359.195068359375,740821
2022-09-05,3353.3206920914126,3377.748127118222,3334.2290722424837,3353.075927734375,518438
2022-09-06,3348.376201126574,3362.621533647429,3313.1301358515575,3324.14453125,540937
2022-09-07,3320.9624709771815,3363.0619362637435,3315.0391263115616,3329.1376953125,682921
2022-09-08,3377.7480123924643,3411.6722555145498,3355.6212196567326,3377.894775390625,1143090
2022-09-09,3410.741960383252,3410.741960383252,3361.5443297286356,3369.7685546875,702805
2022-09-12,3369.768603394127,3381.3212887912036,3351.313276912535,3360.320556640625,641280
2022-09-13,3360.1248391723075,3386.55938773223,3343.1380984681027,3350.530029296875,776044
2022-09-14,3309.21381670047,3376.2792446424764,3309.21381670047,3366.92919921875,816678
2022-09-15,3367.9573135700743,3386.3146390437487,3318.1233896286108,3324.291259765625,590182
2022-09-16,3340.935200360432,3348.3761318199904,3240.239295485315,3252.967041015625,1598265
2022-09-19,3251.1068291741053,3272.1078014290742,3163.628194722058,3246.799072265625,1013563
2022-09-20,3265.743649552351,3338.585417597969,3264.1770622497443,3322.13720703125,708184
2022-09-21,3333.690189075947,3353.1733342174825,3277.883921593618,3285.765380859375,605378
2022-09-22,3285.7659061246827,3367.9577338293075,3246.2118404851803,3364.04150390625,829396
2022-09-23,3363.062061657831,3365.950233090109,3311.8573134666462,3324.14453125,513370
2022-09-26,3299.4229573918324,3395.3705686156895,3283.7580412736515,3366.0478515625,1429914
2022-09-27,3382.4964169601176,3426.7007611681156,3359.194803978639,3397.96533203125,1455383
2022-09-28,3378.72673937679,3507.8643015239986,3348.3759631030493,3495.870849609375,1843428
2022-09-29,3488.8220851704614,3488.8220851704614,3301.773118899654,3313.91357421875,2624894
2022-09-30,3330.7531083748613,3340.4456805394857,3216.448162636247,3272.4501953125,2159720
2022-10-03,3277.883851474623,3282.2896093395084,3216.9375343437105,3233.728271484375,934543
2022-10-04,3260.2606948625103,3297.8076366141054,3242.6866647482866,3267.848388671875,994382
2022-10-06,3267.8486626224326,3296.2413257086587,3242.3441709066847,3259.23291015625,922770
2022-10-07,3248.5123457236327,3289.2412278272004,3218.4063316696843,3273.674072265625,774544
2022-10-10,3211.30814078415,3229.9102306240584,3191.9227572507107,3209.301025390625,734377
2022-10-11,3221.5884760916183,3289.632967533152,3205.434028483197,3229.61669921875,1411316
2022-10-12,3265.1562990078564,3269.562057132455,3138.857899436038,3180.174072265625,1812549
2022-10-13,3162.4533725655983,3189.9647418211725,3127.0113038084673,3141.795166015625,779890
2022-10-14,3167.2501990372634,3178.0198287712387,3113.4020503673873,3118.786865234375,845765
2022-10-17,3118.787099852871,3150.6064628242157,3103.7097127021316,3130.6337890625,1067773
2022-10-18,3150.6067840947326,3181.9366215997143,3144.7324395625487,3158.29248046875,1015424
2022-10-19,3174.1037343275816,3177.7261984952183,3129.409864648067,3145.46630859375,943543
2022-10-20,3131.0251147171043,3173.9568711412808,3036.839854193746,3075.120849609375,2284352
2022-10-21,3074.23994214647,3098.471610480268,3008.300336948282,3027.63671875,1738731
2022-10-24,3084.0305403965094,3092.8420562262136,3050.742591706515,3056.274169921875,178709
2022-10-25,3068.365509130839,3069.344566408801,3015.3984147820684,3020.293701171875,1016316
2022-10-27,3057.596471706857,3057.596471706857,2969.4812996115584,2979.71240234375,2005709
2022-10-28,2994.6429095999406,3007.2728938478017,2976.334583487317,2989.453857421875,715736
2022-10-31,3021.8090447437175,3052.2036198206333,3001.2682426872248,3047.007080078125,814364
2022-11-01,3049.7526118735773,3102.5998608536715,3049.7526118735773,3097.697509765625,939335
2022-11-02,3096.3247417304074,3098.236610653347,3061.1259590031564,3070.734375,787012
2022-11-03,3044.360296080639,3087.2558719110825,3044.360296080639,3079.951416015625,563798
2022-11-04,3086.520216932025,3122.797614653272,3064.8517295711013,3119.218994140625,609757
2022-11-07,3123.778451009944,3135.5440948932205,3036.957755980071,3042.938720703125,1669943
2022-11-09,3084.559415593866,3084.559415593866,3019.848378903086,3026.221435546875,1391333
2022-11-10,3025.7312614658267,3025.7312614658267,2974.256572150546,2985.678955078125,1375007
2022-11-11,3030.339161123892,3037.4966413683255,2988.4731319853636,2995.728515625,810288
2022-11-14,2996.316897606867,3017.83817038106,2981.658916155726,2993.571533203125,811702
2022-11-15,3008.5729827279606,3034.555444530891,2982.5905209250304,3019.162109375,873840
2022-11-16,3019.1618598880236,3032.5942534205064,2991.4145060413725,3022.838623046875,770953
2022-11-17,3031.6140463994348,3036.075233960608,3000.238998053774,3011.612548828125,706271
2022-11-18,3034.5554191726146,3054.0178493548046,2996.0719619181637,3035.045654296875,1258576
2022-11-21,3044.3598780093525,3049.6054891681674,3006.3175875368415,3034.849365234375,612194
2022-11-22,3043.3793966509274,3058.576684230853,3012.298540249083,3043.232421875,764079
2022-11-23,3050.2429361374025,3053.9687709477416,3029.6530609657902,3040.2421875,488341
2022-11-24,3057.057134760106,3059.3122641850264,3031.613979924718,3054.458984375,571872
2022-11-25,3054.458747478368,3058.870863213038,3015.1908695652855,3047.4482421875,898769
2022-11-28,3047.448183118411,3097.305185702836,3036.221847841205,3089.657470703125,914689
2022-11-29,3095.344515859737,3107.110158618786,3066.0773837475576,3073.8232421875,877720
2022-11-30,3078.5785590942314,3137.4558477163414,3072.107598822154,3113.14013671875,2547283
2022-12-01,3128.6804388334203,3134.56326009102,3099.511450097822,3117.258056640625,761717
2022-12-02,3111.1789998498994,3112.3066842326307,3072.793686276127,3082.05908203125,932259
2022-12-05,3068.872026815023,3106.8161793998393,3051.71379663315,3095.24658203125,926122
2022-12-06,3063.969427635125,3107.110117176228,3063.969427635125,3099.95263671875,958365
2022-12-07,3117.8954374418877,3171.527112972417,3114.365648744791,3163.4873046875,1832282
2022-12-08,3166.918957315765,3177.6059874598245,3140.102999807401,3158.535888671875,851312
2022-12-09,3171.821055537596,3179.027607162434,3143.3874201092835,3163.92822265625,847879
2022-12-12,3163.977385717271,3166.918796364049,3080.5392746212974,3104.511962890625,1323816
2022-12-13,3122.7976169079116,3122.7976169079116,3081.274607791191,3116.424560546875,886601
2022-12-14,3116.914595984684,3132.602118329999,3063.9692080692475,3084.510009765625,1103870
2022-12-15,3080.637469977629,3099.462450563822,3055.8315252251828,3069.460205078125,799124
2022-12-16,3054.1648826880255,3056.1258232226564,2990.7285042672324,2996.218994140625,1192821
2022-12-19,3002.199921693059,3027.6921483305573,2981.610046332003,3020.77978515625,655594
2022-12-20,3014.99486006727,3028.3291108261815,2959.058988698629,3021.9560546875,739257
2022-12-21,3024.7507537011406,3051.664614477863,2990.483365970526,3009.700439453125,616324
2022-12-22,3013.9655552684394,3033.084725186375,2978.7176975763073,3028.2314453125,663202
2022-12-23,3018.8191244424993,3026.564983800769,2976.7079709493487,2998.18017578125,1230858
2022-12-26,2998.1799373100534,3011.9065210645344,2969.6483961296713,2996.3662109375,536884
2022-12-27,3000.238697142803,3067.891138352886,2996.6110054162027,3051.8115234375,729041
2022-12-28,3049.213358491797,3082.4023716850147,3044.3600787046175,3062.69482421875,972274
2022-12-29,3040.4379664213466,3063.9692502633693,3032.153041443154,3054.3115234375,596265
2022-12-30,3069.6072401703727,3069.6072401703727,3011.318331587777,3027.593994140625,836220
2023-01-02,3027.5938105298005,3027.5938105298005,2962.0004504253325,2987.73779296875,1015990
2023-01-03,2987.4927029908467,3000.1897442215864,2965.92235856492,2969.10888671875,860367
2023-01-04,2975.727079138349,2990.434132247764,2942.9303985788747,2957.931640625,836382
2023-01-05,2980.1885318867226,2987.10089533832,2936.9006247556717,2945.676025390625,1113920
2023-01-06,2951.215623459469,2964.4519726012304,2894.3483456652334,2920.232666015625,1045526
2023-01-09,2934.8415633422305,2958.7158696239976,2893.367625077742,2925.8701171875,808263
2023-01-10,2925.86991024407,2926.7034056228504,2894.543936741822,2902.534912109375,864325
2023-01-11,2916.8005857839357,2916.8005857839357,2877.679922114787,2882.974365234375,890426
2023-01-12,2881.6020845579997,2882.435580025277,2839.441863518192,2859.002197265625,1558620
2023-01-13,2867.875264835709,2867.875264835709,2815.665227963059,2852.334716796875,1507864
2023-01-16,2867.8755027255625,2872.3857616583846,2839.4418652626423,2859.100341796875,644073
2023-01-17,2867.8754626252894,2887.337892710443,2854.295854001931,2883.46484375,716489
2023-01-18,2890.3769578833944,2902.1916711760464,2872.1403565461846,2887.729736328125,893808
2023-01-19,2897.1912905666795,2915.5262747562615,2788.0651490934492,2810.174560546875,2379947
2023-01-20,2792.3789915761067,2792.3789915761067,2726.6874914231576,2733.354736328125,3171005
2023-01-23,2745.3166726099107,2745.3166726099107,2713.7946501359547,2730.0703125,1402260
2023-01-24,2740.4140427153134,2771.887229974605,2730.0700348584523,2755.70947265625,1061471
2023-01-25,2756.003470410871,2756.1016131756755,2713.0590690035433,2720.8046875,857953
2023-01-27,2712.5691549487933,2718.6970941593763,2633.396180348064,2669.477294921875,1801498
2023-01-30,2670.8012015510544,2721.785659143072,2643.593149663007,2712.177001953125,1171912
2023-01-31,2706.0977071193925,2725.658039410463,2664.9670307860656,2672.61474609375,1961805
2023-02-01,2696.097176166808,2723.7463896996014,2651.97601434662,2690.165283203125,1176872
2023-02-02,2687.4687991040164,2687.4687991040164,2641.3867000314553,2652.80908203125,1308570
2023-02-03,2652.8092438905146,2709.9216361193708,2647.2696827109266,2706.489990234375,1278409
2023-02-06,2706.490000528804,2711.0002594581447,2664.9181573986393,2700.4111328125,1120284
2023-02-07,2708.05860029939,2720.3144773825697,2694.478992742187,2704.185791015625,732250
2023-02-08,2713.9416559012093,2729.6291799237597,2690.704558817331,2711.588623046875,811956
2023-02-09,2727.6188540096823,2765.269050952799,2712.127377946386,2759.63134765625,946372
2023-02-10,2774.7305060516337,2775.661904813422,2738.453110742831,2749.82666015625,700072
2023-02-13,2759.533236368192,2773.750053539035,2725.7070162030814,2736.2470703125,467228
2023-02-14,2749.9739184271402,2749.9739184271402,2711.000226205916,2722.765869140625,524746
2023-02-15,2722.7660969482313,2743.650162779186,2700.2152794365966,2731.7373046875,817717
2023-02-16,2742.3752299517687,2778.99588874647,2735.610081122099,2751.150390625,788964
2023-02-17,2748.208942321943,2790.2712581852675,2731.0997849381024,2778.260498046875,840526
2023-02-20,2789.4375278492944,2796.3008187789765,2757.180156228826,2770.367431640625,646218
2023-02-21,2781.59402537967,2783.2607768858825,2750.2189782128917,2762.082763671875,631934
2023-02-22,2755.072286402238,2758.9941673385915,2725.707250765813,2741.345703125,580270
2023-02-23,2750.2191450751748,2750.758451605597,2647.3679080903985,2653.103515625,1790570
2023-02-24,2659.1335030036053,2708.058873506539,2657.0744196968576,2685.017822265625,1429040
2023-02-27,2686.880600902729,2704.7741831220746,2671.83052605688,2696.195068359375,561317
2023-02-28,2696.293098202993,2783.554947563017,2674.183446923206,2773.55419921875,1815923
2023-03-01,2772.7697546459253,2797.5756988402995,2761.053183507711,2785.417724609375,816598
2023-03-02,2775.7111754881735,2793.359639337975,2756.101771210617,2778.554443359375,604523
2023-03-03,2781.6430793961367,2796.3010612783155,2755.7585220216065,2773.603271484375,679295
2023-03-06,2787.4770186676315,2827.6763003297397,2774.9760225410005,2808.606201171875,1050267
2023-03-08,2813.9494790149884,2813.9494790149884,2771.789260339851,2803.70361328125,580250
2023-03-09,2806.105971000863,2816.351837660565,2781.447238947444,2797.821044921875,774224
2023-03-10,2788.457294669596,2788.457294669596,2752.1798966728397,2774.9267578125,489978
2023-03-13,2768.357723632843,2793.800878495444,2718.0595524282803,2729.8251953125,813217
2023-03-14,2728.5996687219335,2732.5215497713184,2686.5375902163287,2691.979248046875,1060450
2023-03-15,2718.059248992859,2810.370655440186,2711.1959580765933,2772.18115234375,2170346
2023-03-16,2794.340266339216,2843.363779783764,2773.456201737314,2836.74560546875,1755487
2023-03-17,2866.8457910058796,2866.8457910058796,2799.2914900317023,2806.742919921875,1848073
2023-03-20,2858.07064169443,2858.07064169443,2775.760216028558,2799.389404296875,1074367
2023-03-21,2802.3305964439164,2830.6172553438596,2779.632808763368,2783.65283203125,691891
2023-03-22,2769.8283493348454,2797.428490057934,2759.876672430527,2784.388427734375,731807
2023-03-23,2762.082545530617,2767.8672236460898,2713.696248050466,2743.159423828125,1016581
2023-03-24,2743.159421897433,2760.660670377068,2718.6967396333175,2743.845703125,784111
2023-03-27,2743.845695810577,2764.9258038898797,2732.080054091897,2748.9931640625,791560
2023-03-28,2736.4924404479502,2755.7097529052667,2711.0002142022868,2730.0703125,558581
2023-03-29,2730.0700889817,2739.188509343699,2701.1952906458673,2716.392578125,1087648
2023-03-31,2702.2248427376876,2720.8047044666428,2693.8417749629193,2707.71533203125,1967803
2023-04-03,2693.3026904171006,2727.3249600287777,2655.7506321759633,2722.765869140625,1035295
2023-04-05,2706.09758879295,2756.640872429163,2698.4989452012305,2753.650390625,668643
2023-04-06,2752.6213369962534,2769.828638892929,2732.374720747736,2754.974609375,627554
2023-04-10,2755.1211430249746,2755.1211430249746,2701.293427118472,2722.12841796875,1215461
2023-04-11,2735.512018415604,2735.512018415604,2696.3422795031374,2700.01904296875,1246379
2023-04-12,2701.734574453279,2751.3952918889822,2697.273387388423,2732.3251953125,2235399
2023-04-13,2732.2760919552593,2758.3566934349,2727.6679301706113,2754.8759765625,602597
2023-04-17,2769.8283446130977,2790.026126698081,2751.1994106139296,2787.574951171875,754555
2023-04-18,2792.379386273629,2802.6252529309004,2774.829063829458,2798.8505859375,717724
2023-04-19,2780.9568236059717,2796.987368191003,2745.953845010205,2754.8271484375,799624
2023-04-20,2764.9259924745097,2795.320568987527,2758.2096757862987,2788.310302734375,761101
2023-04-21,2791.4967757466907,2830.6174406073587,2791.4967757466907,2825.813232421875,894930
2023-04-24,2825.813219495764,2841.402599707852,2796.300971141061,2834.637451171875,782967
2023-04-25,2834.5883679991553,2845.079351073713,2808.2135764755735,2841.402587890625,636120
2023-04-26,2840.373029216028,2859.492197652924,2831.6469403964343,2853.168212890625,569221
2023-04-27,2858.560812311972,2862.972928125864,2837.333728645285,2843.314453125,599461
2023-04-28,2862.9238561655616,2862.9238561655616,2791.0065120371614,2845.667724609375,1080665
2023-05-02,2854.0998727043097,2876.405571253982,2836.5004793055764,2842.922607421875,663800
2023-05-03,2861.011945365899,2904.544725002139,2840.422071872861,2872.4833984375,1237193
2023-05-04,2890.4262200728544,2927.831063365797,2865.080969035857,2924.595703125,1008540
2023-05-05,2912.977229396251,2965.9226250163783,2893.4168950000076,2954.10791015625,1326561
2023-05-08,2956.1176683524873,2976.4133537233706,2934.5473238404625,2960.480712890625,941879
2023-05-09,2957.1469470078696,3014.7495664352946,2951.95040750841,2975.53076171875,1025850
2023-05-10,2983.5217298006505,2997.2973839047636,2959.941373753768,2982.001953125,751851
2023-05-11,2992.4442054157716,3094.5110124647167,2972.295494368145,3078.431396484375,3229605
2023-05-12,3077.6960585376078,3117.650220495367,3025.7311362367177,3069.950439453125,1998170
2023-05-15,3072.989750305678,3106.1296919899423,3060.096662516319,3070.832763671875,810281
2023-05-16,3070.832756558483,3103.874555394056,3061.3713145997417,3076.813720703125,822404
2023-05-17,3074.754455451016,3086.4710261168784,3015.485081504103,3032.054931640625,835371
2023-05-18,3044.99731224012,3063.969507177611,3032.8395769846866,3048.3310546875,498067
2023-05-19,3062.9888249137816,3066.861634228253,3008.1315665290426,3024.211181640625,633262
2023-05-22,3010.043433907762,3044.9482678480454,2986.51214973389,3024.65234375,659425
2023-05-23,3026.7116218632204,3066.861830197087,3024.7506813890623,3059.655517578125,581204
2023-05-24,3054.1648151127733,3071.9602543217666,3037.4968209371978,3040.928466796875,439465
2023-05-25,3040.928434998082,3067.8913664707397,3025.731146349857,3062.5478515625,500313
2023-05-26,3062.0082912918338,3075.685802067177,3050.9780020580733,3067.302734375,568249
2023-05-29,3085.735608470344,3093.3833235155194,3055.1940590442605,3076.126953125,535712
2023-05-30,3085.441654077151,3093.38355864554,3066.4696988545093,3082.990478515625,506026
2023-05-31,3090.393006854284,3156.4768421254707,3075.1957187157363,3130.59228515625,2349066
2023-06-01,3172.164296123505,3186.4299457602147,3144.367870740695,3177.40966796875,1104861
2023-06-02,3176.135259056342,3186.479268156154,3156.1337615356397,3174.02734375,781973
2023-06-05,3176.674375637722,3176.674375637722,3132.602288035808,3137.259521484375,492565
2023-06-06,3145.103508025883,3175.645061181831,3132.602512085635,3150.005859375,577698
2023-06-07,3154.1725971533633,3166.18335696534,3143.6325426244857,3161.8203125,470038
2023-06-08,3157.113780133668,3183.5864733211242,3130.6410869462115,3149.51513671875,561161
2023-06-09,3168.071152384744,3196.7926942437552,3127.3574216077814,3139.201416015625,1239045
2023-06-12,3143.790659614642,3160.7178450834117,3110.1832795109544,3153.216552734375,1029156
2023-06-13,3168.2683768219918,3229.46234547089,3163.481332887787,3220.431396484375,1598821
2023-06-14,3222.5534416908013,3247.1296334199333,3210.7094474181245,3227.685791015625,741615
2023-06-15,3233.410435035481,3261.046421659716,3230.794982688074,3251.52197265625,806994
2023-06-16,3248.955707562106,3278.812443387656,3243.823358192042,3273.7294921875,984671
2023-06-19,3275.7033089304964,3301.4638506868446,3260.306020710608,3266.672119140625,516915
2023-06-20,3271.903325843176,3283.599366245303,3234.496141370281,3275.55517578125,866290
2023-06-21,3275.555312026165,3289.669453584717,3257.0984688957597,3272.9892578125,742456
2023-06-22,3281.7732927651227,3283.5993382019014,3200.2964369574242,3205.82373046875,871640
2023-06-23,3222.553290316352,3261.19422342919,3210.7586947671803,3254.828125,1260659
2023-06-26,3252.1633868091217,3272.2489232326866,3228.8701019767163,3265.142333984375,592801
2023-06-27,3232.4232806803875,3301.0197441940627,3230.7948279332772,3282.76025390625,914141
2023-06-28,3287.6954494360393,3311.630188147785,3280.292952927252,3304.72119140625,713110
2023-06-30,3309.4091595086675,3404.7534028707387,3300.2794145860744,3318.341552734375,1436363
2023-07-03,3321.253301262935,3336.008895522463,3293.8146671037434,3315.03515625,474224
2023-07-04,3315.035462245957,3342.9675987310256,3287.6956218993346,3304.178466796875,473663
2023-07-05,3307.780860229807,3355.798289365977,3297.31856917629,3330.531005859375,632406
2023-07-06,3365.6683459324954,3365.6683459324954,3324.0170145955226,3355.2060546875,693995
2023-07-07,3340.9933527042426,3369.6163385915165,3293.7653296035687,3300.230224609375,620761
2023-07-10,3301.5133013065574,3328.2116857630735,3251.1269290379764,3299.687255859375,548838
2023-07-11,3306.398794949799,3355.7487679813835,3301.513195813005,3348.445068359375,772158
2023-07-12,3363.6944427882145,3370.011143477199,3318.539213692686,3362.460693359375,1025127
2023-07-13,3380.473522033502,3380.473522033502,3340.352085961591,3354.367431640625,750126
2023-07-14,3354.3672841050393,3394.2913667006064,3342.967391397195,3385.16162109375,832843
2023-07-17,3385.1614046743152,3427.8491314042994,3380.4731572299816,3415.412841796875,817694
2023-07-18,3415.018361012379,3477.199331169541,3410.675659483313,3467.7734375,962485
2023-07-19,3474.238307486118,3484.10830267784,3437.225825517161,3468.957763671875,620289
2023-07-20,3464.41756278361,3489.043151543888,3449.513774292752,3480.16015625,589848
2023-07-21,3489.9807580620577,3491.9547570192008,3459.4331723935993,3471.968017578125,857975
2023-07-24,3460.42005195317,3521.6140175039677,3453.0175561204123,3497.6298828125,680246
2023-07-25,3501.7755463348644,3501.7755463348644,3306.4484351636606,3356.193115234375,2555630
2023-07-26,3355.650447824678,3368.6293952550586,3321.2534178239885,3329.1494140625,959076
2023-07-27,3345.9282329142497,3369.6162204039083,3307.4352532435546,3325.595947265625,874078
2023-07-28,3331.1232967416404,3354.8112846295808,3320.7598020406663,3346.619140625,553750
2023-07-31,3279.996703374186,3343.9543194242783,3279.947305205653,3333.44287109375,933890
2023-08-01,3328.162128161068,3340.993120944607,3294.6041470348887,3299.48974609375,698667
2023-08-02,3297.762579624948,3328.1128133150632,3287.349687027364,3319.180419921875,857218
2023-08-03,3326.188266380988,3336.008863069105,3274.8148949635793,3292.975830078125,711067
2023-08-04,3294.7521668185223,3329.445342583958,3279.7992213144535,3296.232666015625,519248
2023-08-07,3272.9397184851814,3306.4483030948527,3272.890320317174,3299.539306640625,360358
2023-08-08,3299.539286036437,3316.2688791528,3289.323744956236,3304.523681640625,500258
2023-08-09,3289.224965653864,3313.307655117688,3260.059084596522,3287.695068359375,643222
2023-08-10,3266.968176590156,3276.838171081365,3188.0082206604848,3195.805419921875,1253219
2023-08-11,3195.8053478107636,3206.711739670787,3138.6581773828148,3143.938720703125,919023
2023-08-14,3143.939101574262,3168.169747665514,3111.2693202011,3160.96484375,815534
2023-08-16,3153.364683921929,3167.133520059794,3135.598692483839,3152.52587890625,597686
2023-08-17,3181.98764489705,3182.0864412353726,3120.8924712116154,3141.8662109375,873392
2023-08-18,3133.624663194375,3144.0869544380685,3113.9834692362597,3122.42236328125,592652
2023-08-21,3118.819776474237,3146.0610603956316,3111.1705299744517,3140.9287109375,353330
2023-08-22,3157.0167400714968,3157.0167400714968,3129.7754571139194,3138.3623046875,377068
2023-08-23,3144.5803467878536,3154.450341598864,3124.1001075550075,3127.60400390625,370811
2023-08-24,3143.593253223684,3190.8704305668193,3129.67646457,3183.66552734375,1167742
2023-08-25,3182.9743215893027,3222.553094573948,3174.387474859879,3216.92724609375,1363431
2023-08-28,3222.5040130703314,3229.4624078331117,3189.0448259528634,3217.322265625,707315
2023-08-29,3218.6052919897993,3246.2412773242713,3212.7326932995575,3242.984130859375,533163
2023-08-30,3258.3814805527013,3259.911377963059,3233.805048550849,3251.8671875,599080
2023-08-31,3257.147621108233,3259.07222186482,3178.1382660220233,3213.76904296875,1601967
2023-09-01,3198.96422355296,3221.7637677630373,3175.276235199626,3217.17431640625,650131
2023-09-04,3217.1743164788686,3223.7871650343213,3174.2892357565547,3193.486328125,696213
2023-09-05,3202.813594359975,3206.613639078943,3178.138605189251,3181.395751953125,597022
2023-09-06,3167.281245484292,3188.0082340025747,3153.4632531387697,3183.369384765625,754106
2023-09-07,3183.3696079528313,3211.449696173211,3159.6322212445616,3204.14599609375,923108
2023-09-08,3208.2913514739607,3220.6288455260465,3189.982462107329,3195.953857421875,395918
2023-09-11,3199.8524278712516,3222.553416717963,3199.8524278712516,3217.026123046875,359345
2023-09-12,3217.6184736228283,3237.1611125455306,3200.839481582464,3214.509521484375,554905
2023-09-13,3202.813219145064,3241.947650998492,3183.3693781497504,3235.137451171875,880907
2023-09-14,3239.3322274515854,3251.3735726692544,3181.34600918139,3198.125,1102554
2023-09-15,3192.9435704554585,3197.8785682459616,3143.5935925504286,3155.092041015625,1568607
2023-09-18,3158.398553872476,3187.9097439735474,3148.5285583916248,3164.61669921875,673602
2023-09-20,3164.6166173688275,3186.034458814985,3153.463474570594,3172.56201171875,901084
2023-09-21,3168.2683474406663,3218.802672888753,3139.2012607953316,3202.023681640625,845739
2023-09-22,3192.8939662184057,3240.911636201007,3179.2733250023402,3232.275390625,896521
2023-09-25,3229.758325017836,3291.4457901957016,3228.6231310785665,3280.0458984375,1422084
2023-09-26,3279.7995259098757,3281.674728680356,3217.9641000882293,3249.9921875,834560
2023-09-27,3245.2543586953525,3265.9813482125674,3229.1662186386557,3258.875,516326
2023-09-28,3239.135081815565,3246.2414301857248,3113.983494142889,3129.134033203125,2104381
2023-09-29,3153.463418991276,3153.463418991276,3093.2564491764188,3119.954833984375,1550585
2023-10-03,3124.9391937390174,3185.8370143137695,3120.8923994277266,3125.679443359375,1219145
2023-10-04,3123.8040978112185,3147.5414845759096,3110.3810488539953,3128.689697265625,892584
2023-10-05,3168.2683867872806,3190.0811720674083,3133.0325529219535,3164.567138671875,1002610
2023-10-06,3172.9566035503085,3175.17735239796,3148.52836622614,3154.20361328125,814257
2023-10-09,3099.2277683366933,3121.879358231062,3091.973225765075,3111.81201171875,700012
2023-10-10,3109.048309398798,3123.75450501532,3099.2277129322842,3110.52880859375,847367
2023-10-11,3127.8013718914876,3143.593363671312,3111.0717787930703,3122.767578125,1025317
2023-10-12,3144.580464082789,3147.047962877581,3109.0978796070176,3118.0302734375,992531
2023-10-13,3109.0483648556287,3130.762353435573,3087.5811261459116,3107.864013671875,854688
2023-10-16,3083.3863925327432,3087.3343904745266,3055.8492032754734,3071.591796875,853011
2023-10-17,3096.2173551358214,3096.2173551358214,3051.605027029462,3073.072265625,792640
2023-10-18,3069.5687168213917,3074.701066482545,3049.828725073344,3056.19482421875,481985
2023-10-19,3047.5583083179304,3070.45664852731,3036.109258696578,3061.47509765625,568124
2023-10-20,3052.2958727473874,3074.6021572420873,3024.7092856478225,3065.472412109375,711434
2023-10-23,3055.79964039822,3068.4824385225847,3024.1662604014077,3032.062255859375,374476
2023-10-25,3053.1840951092972,3067.594383904267,3012.322413023109,3021.008056640625,669290
2023-10-26,3011.4345525843314,3015.2837546077903,2901.778801488348,2921.81494140625,1834111
2023-10-27,2894.6721512998847,2935.977935359751,2892.895504025266,2916.7314453125,1708185
2023-10-30,2935.336812185588,2953.0534068230254,2900.8906225113137,2928.526611328125,878885
2023-10-31,2930.4015557129533,2973.5827844305154,2927.4405571723205,2956.75439453125,1152306
2023-11-01,2958.97483619647,2969.7824315542553,2891.9082744082175,2896.399169921875,1029990
2023-11-02,2922.5549633265027,2923.4925646728157,2895.8565782410674,2916.978271484375,900125
2023-11-03,2923.6523737189145,2949.2601893991286,2908.821536517094,2944.267333984375,715997
2023-11-06,2964.1899019609345,2999.8333945231516,2950.199575863177,2995.136962890625,620959
2023-11-07,2995.136983199001,3004.678058341163,2968.342508095771,2999.141357421875,757998
2023-11-08,3023.513349272575,3064.0014866238585,3011.846375710147,3060.34326171875,783400
2023-11-09,3065.0393980136646,3076.3107366643426,3039.3821003625912,3045.462646484375,849702
2023-11-10,3035.3779154408185,3050.2087521612134,3005.815210799758,3041.755126953125,364232
2023-11-13,3063.0620634313027,3063.0620634313027,3030.4342235045006,3050.802001953125,405941
2023-11-15,3050.900849704392,3083.6771441197307,3043.979792477224,3081.056884765625,700017
2023-11-16,3083.82543450331,3105.4783603964793,3062.666869853248,3094.998046875,675454
2023-11-17,3114.475839176124,3191.8433739112133,3110.1747997956645,3133.16259765625,1430175
2023-11-20,3133.162402494666,3136.128569775788,3096.6786414917847,3104.9345703125,406431
2023-11-21,3121.2977396730585,3121.2977396730585,3091.7350355997664,3097.91455078125,409069
2023-11-22,3104.588537718441,3121.396819610547,3086.000507113236,3097.66748046875,489889
2023-11-23,3112.4982584278137,3135.6342670975414,3080.0186295382773,3087.730712890625,792460
2023-11-24,3082.8365228127454,3104.390719966833,3075.9154658340126,3100.78173828125,756329
2023-11-28,3105.725243951585,3124.362757588959,3100.7816319933745,3112.84423828125,647883
2023-11-29,3112.84423828125,3134.2499815053798,3106.5657545394015,3112.84423828125,620725
2023-11-30,3112.844434818703,3118.381135729091,3073.2955366559986,3084.715087890625,1793116
2023-12-01,3111.4599130242404,3154.6177906807293,3104.8355212118618,3137.611572265625,960196
2023-12-04,3154.0247019517265,3168.311693468369,3130.7897237398565,3158.5234375,1018189
2023-12-05,3160.9458336612506,3211.0245317497165,3144.1375511550755,3189.865966796875,1005550
2023-12-06,3228.1786864197975,3251.9080243904177,3196.4900847274034,3215.869140625,1229158
2023-12-07,3246.9644999055135,3262.7345745797843,3210.233557735869,3215.127685546875,1071725
2023-12-08,3218.291642217353,3232.9247830615814,3191.3984392910347,3195.551025390625,895852
2023-12-11,3193.5736274660244,3208.4044647452783,3149.575476870904,3196.539794921875,910426
2023-12-12,3191.5961605550815,3220.318596832585,3173.799155942321,3188.3828125,1019030
2023-12-13,3203.460839576125,3218.2421923948523,3154.321380530462,3207.069580078125,1052079
2023-12-14,3218.2916193715696,3221.8511167958486,3181.7088882143503,3204.795654296875,923107
2023-12-15,3213.347834133187,3288.8368867299773,3205.4380548491667,3276.527099609375,1631687
2023-12-18,3275.6374454804145,3298.1803654019927,3258.8291639913814,3294.47265625,911936
2023-12-19,3298.3285214370694,3316.076040667027,3262.9322103871496,3298.427490234375,780448
2023-12-20,3298.4275118235264,3322.0578813523684,3245.6295892140197,3259.966064453125,979762
2023-12-21,3243.009552229848,3282.5584492082608,3234.9515610254202,3265.70068359375,1585879
2023-12-22,3272.572378086064,3313.0112715854293,3249.930730277332,3303.618408203125,930563
2023-12-26,3312.1706181805675,3353.647475366744,3307.4741866918366,3345.194091796875,600190
2023-12-27,3342.9201431857036,3371.4941259087655,3316.1751521930273,3366.05615234375,837182
2023-12-28,3366.6000993450584,3381.3814523848346,3335.0104638709604,3358.9375,779250
2023-12-29,3371.5436843393086,3384.347592282428,3345.7379308455934,3364.029296875,615676
2024-01-01,3364.62262571973,3373.323431889153,3350.9287227098425,3357.800537109375,283951
2024-01-02,3357.7014667802177,3360.5686653529883,3307.276621431045,3353.10400390625,552394
2024-01-03,3353.104022944824,3360.667653235218,3327.0510894782315,3335.55419921875,379131
2024-01-04,3333.972224042068,3362.8923567684114,3325.864747931293,3341.83251953125,777127
2024-01-05,3341.832495611715,3342.2773724499325,3310.242860675742,3317.707763671875,416956
2024-01-08,3317.1639376514686,3338.421471082022,3257.6923767251064,3261.2021484375,545884
2024-01-09,3272.6713392729052,3277.6149515678794,3225.459841855902,3230.650634765625,670704
2024-01-10,3254.874294749036,3255.8630171958007,3221.4554277709294,3249.782470703125,691087
2024-01-11,3249.782556993819,3271.880359433376,3233.8145442221867,3251.1171875,537469
2024-01-12,3257.7909660025066,3257.7909660025066,3207.415605798031,3240.83447265625,673004
2024-01-15,3245.18471594215,3250.128328098965,3221.851011394371,3236.978271484375,728116
2024-01-16,3238.016584339055,3282.558579607885,3236.9783774746666,3259.718994140625,748215
2024-01-17,3256.95073471425,3267.085139875336,3157.0402823853005,3205.73486328125,2239241
2024-01-18,3221.2083171645063,3221.2083171645063,3014.219413268319,3128.169677734375,1979174
2024-01-19,3141.9624023703154,3165.4445616974303,3113.091753706655,3130.147216796875,936201
2024-01-23,3052.729871289691,3073.937918331695,2987.4741933836467,3020.250244140625,2365225
2024-01-24,3020.547116101284,3020.547116101284,2942.5370105415172,2965.62353515625,2665932
2024-01-25,2976.1040428600445,2981.986893128375,2909.1180972335696,2915.940185546875,2001961
2024-01-29,2906.893298796886,2954.7473657171245,2906.893298796886,2942.4873046875,1862723
2024-01-30,2956.280196502577,2971.1110336087772,2917.769504427608,2920.78515625,1273188
2024-01-31,2932.5509116778594,2938.3842778265357,2914.8033912214687,2924.492919921875,1771244
2024-02-01,2927.607178010001,2939.323635611675,2887.0200731106834,2896.314208984375,3006472
2024-02-02,2916.7312403628976,2928.9420592291744,2891.0739409497114,2903.185791015625,1881911
2024-02-05,2916.7311535092867,2931.561989883063,2879.1597013623873,2884.449462890625,923435
2024-02-06,2897.9454804933644,2913.7650395816936,2869.915102678804,2897.89599609375,1471312
2024-02-07,2923.6522349495817,2969.0839824773043,2902.938548251666,2947.52978515625,1134012
2024-02-08,2965.920310039249,2965.920310039249,2886.8719946905335,2896.5615234375,1633654
2024-02-09,2896.956804151015,2925.629755454899,2877.7262006057017,2918.362548828125,1144765
2024-02-12,2918.36262721481,2931.512684546918,2887.1191415113612,2920.488525390625,614469
2024-02-13,2931.5124975440904,2947.6287213040705,2912.4795909159634,2938.087646484375,717118
2024-02-14,2936.4067999668127,2947.184019842841,2902.93868881508,2942.83349609375,750339
2024-02-15,2946.3929078102583,2990.391056936955,2933.984392756614,2982.53076171875,1068730
2024-02-16,3000.772501091283,3000.772501091283,2966.1672168941845,2973.97802734375,1179473
2024-02-19,2973.9781050779775,2984.6563556153674,2953.8082640308176,2964.288818359375,560700
2024-02-20,2964.288795283284,2983.074521335063,2938.58201226506,2977.685791015625,729371
2024-02-21,2978.081671307528,2992.6158438625653,2949.8535954948256,2967.947265625,927130
2024-02-22,2949.3588958733,2993.060377330201,2899.033022666253,2983.370849609375,2615821
2024-02-23,2965.1787557139146,2971.111090670328,2932.748609674723,2952.27587890625,1650523
2024-02-26,2887.069520053798,2896.956744437544,2815.6838082806153,2836.100830078125,3524491
2024-02-27,2822.8025342027813,2837.63337063467,2817.9578908566223,2827.30126953125,1296180
2024-02-28,2818.00718942636,2827.152872073002,2754.0863796996205,2762.836669921875,2472196
2024-02-29,2753.591923071,2805.994211014541,2745.43496315526,2790.07568359375,2284424
2024-03-01,2800.9516314873786,2813.8545072740894,2783.3030812209054,2799.814697265625,978174
2024-03-04,2827.746105475302,2828.6853434916175,2796.106988211243,2799.814697265625,971299
2024-03-05,2802.039495659674,2802.880006318806,2773.3665438692256,2788.5927734375,736381
2024-03-06,2796.057612101889,2806.9830434827286,2746.4237932490837,2795.4150390625,1723066
2024-03-07,2793.140890711192,2861.3627390152883,2793.140890711192,2838.17724609375,1564364
2024-03-11,2862.8953113630896,2863.8840338037608,2820.924092034058,2844.40625,866546
2024-03-12,2847.5207894940118,2867.1962706164873,2833.1348288946233,2843.714111328125,663186
2024-03-13,2846.1366542876626,2854.689007265278,2803.028257198741,2827.89453125,955841
2024-03-14,2827.746268651677,2865.3672069718673,2808.9605416921027,2859.632568359375,1381741
2024-03-15,2862.3515653036043,2864.27952585251,2817.859053925828,2835.211181640625,1356226
2024-03-18,2833.67852516248,2833.67852516248,2785.4783060062796,2814.3984375,940424
2024-03-19,2807.971876693855,2807.971876693855,2769.4116995139043,2783.352783203125,1199135
2024-03-20,2783.352705149501,2805.0551149583043,2766.000577627664,2793.0419921875,818910
2024-03-21,2812.9153553783804,2813.3107478013635,2774.3551800322443,2789.334228515625,1167680
2024-03-22,2789.3342356270264,2822.950798835004,2776.3326320000438,2809.454833984375,1652689
2024-03-26,2788.197476824573,2812.075028874362,2778.3102517294506,2782.90771484375,1372390
2024-03-27,2786.1703425623086,2810.7896760715403,2785.9231619531033,2798.578857421875,1156231
2024-03-28,2803.077747083018,2835.656104892092,2787.2087028210626,2814.645751953125,1864623
2024-04-01,2828.685604991314,2853.8980288918906,2820.1827362729296,2838.622314453125,558086
2024-04-02,2841.6376768660216,2859.7805881685695,2823.7911891751805,2841.785888671875,562473
2024-04-03,2812.915477665092,2852.0195003332974,2812.915477665092,2836.990966796875,816676
2024-04-04,2837.633330954643,2910.0572478509594,2819.0947856740163,2885.388671875,1831347
2024-04-05,2891.0243834125095,2894.732092522563,2847.520596521213,2850.931640625,1155672
2024-04-08,2875.2048127107105,2876.144050737263,2841.390554043638,2859.38525390625,570695
2024-04-09,2860.3740186822292,2883.559511620839,2812.9153415661744,2824.92822265625,1017670
2024-04-10,2850.783518294711,2866.4053814461986,2825.7687917696016,2864.081787109375,740495
2024-04-12,2857.407750851178,2860.3739180665943,2812.915242619931,2822.30810546875,1766311
2024-04-15,2798.2822110653965,2821.3194922743446,2780.633660282893,2812.322021484375,884519
2024-04-16,2795.760878394349,2809.4052961851175,2788.1972483712457,2798.08447265625,911249
2024-04-18,2822.802507386956,2826.955093270974,2768.5217431168207,2776.035888671875,1732434
2024-04-19,2758.5356152534014,2790.273702220383,2734.954488439051,2776.87646484375,1337807
2024-04-22,2814.497457085461,2814.497457085461,2782.314492667595,2809.801025390625,676040
2024-04-23,2819.836622368816,2845.493923442846,2811.9268422219184,2842.478271484375,929062
2024-04-24,2850.437223761471,2850.585676955362,2827.746092728402,2835.40869140625,718441
2024-04-25,2832.689944771123,2837.5345884358703,2797.1454193960503,2829.179931640625,1594152
2024-04-26,2837.633523891472,2845.7409999679826,2805.0551663807055,2812.074951171875,625507
2024-04-29,2812.0749359204046,2841.5389140073958,2806.983111719661,2835.853759765625,566219
2024-04-30,2822.8025942287427,2879.159773868336,2822.8025942287427,2843.466796875,1290649
2024-05-02,2842.6760564073575,2954.3027261796315,2842.6760564073575,2941.8447265625,2493406
2024-05-03,2949.40867382262,2963.2013042888416,2876.4409057398443,2896.709716796875,1594445
2024-05-06,2916.731312331985,2925.6298146407944,2878.368831878764,2899.08251953125,768806
2024-05-07,2913.765000107278,2934.4786867304765,2871.249935633368,2880.1484375,629534
2024-05-08,2867.295134352044,2872.238746652651,2789.186060002454,2811.234619140625,1652877
2024-05-09,2796.1071480113183,2821.764447856518,2673.3078653895586,2679.536865234375,3547959
2024-05-10,2668.561873801872,2761.106391026622,2639.987891752547,2739.9970703125,2478584
2024-05-13,2739.9970304385297,2862.3514309858524,2723.0405373418457,2846.779052734375,2748823
2024-05-14,2846.531839775123,2855.4303415319746,2809.949110330288,2833.82666015625,999330
2024-05-15,2833.8267050570607,2841.8354533200463,2774.503359071429,2781.96826171875,1230520
2024-05-16,2789.2355102611323,2805.598915053308,2755.124585804481,2782.314453125,1534319
2024-05-17,2782.858370375779,2806.192075917212,2754.6797798819634,2778.211181640625,1325150
2024-05-21,2783.2536382029134,2834.617720122482,2769.411524194089,2819.638671875,921822
2024-05-22,2819.638731641434,2862.3514932108474,2804.6101986764775,2853.205810546875,933846
2024-05-23,2852.464140440029,2888.305327646598,2844.851026193612,2871.002685546875,1181894
2024-05-24,2877.380243351153,2877.380243351153,2834.667478557918,2842.330078125,755822
2024-05-27,2855.331641173289,2865.6145001136465,2823.3466127948745,2839.90771484375,817091
2024-05-28,2843.417700908236,2888.058425271138,2831.7012427170625,2878.368896484375,1084544
2024-05-29,2863.340257701523,2888.7503767662306,2848.6083895327797,2867.443359375,1758297
2024-05-30,2842.824055010166,2878.0226686882456,2842.576874412391,2851.1787109375,1344426
2024-05-31,2851.178837337331,2873.2273959137883,2823.3958817481166,2848.70703125,2520363
2024-06-03,2916.731096273999,2916.731096273999,2827.795564175241,2834.123291015625,952701
2024-06-04,2847.520650693118,2864.328932311793,2744.4463354727163,2825.422607421875,2683847
2024-06-05,2832.1956134151183,2993.1596853839724,2832.1956134151183,2928.348876953125,2410576
2024-06-06,2926.6184464846833,2928.348710768923,2849.7452761420536,2872.041015625,1689408
2024-06-07,2872.0409700394675,2909.909087479518,2856.2708955194557,2894.6826171875,1600180
2024-06-10,2894.9795266952315,2918.6098982714516,2882.1261339879097,2904.421875,876867
2024-06-11,2910.0119721393103,2915.3529149289507,2890.0461953150266,2897.4833984375,855430
2024-06-12,2904.0223565358783,2913.0069564701594,2860.7464360299437,2900.827880859375,1701770
2024-06-13,2923.9879956641967,2923.9879956641967,2900.029063641001,2905.0205078125,726380
2024-06-14,2905.0205818161035,2926.3341464604987,2900.12906389257,2916.600830078125,982815
2024-06-18,2916.6008965404594,2922.9898478991777,2900.029203602155,2913.506103515625,741098
2024-06-19,2913.0069998462563,2915.00357763916,2877.7173898675364,2886.751953125,1018294
2024-06-20,2880.0634196200804,2919.495830391308,2867.48488223935,2910.51123046875,1129752
2024-06-21,2919.9950329036874,2922.9898996041015,2875.171958776641,2885.903564453125,1722379
2024-06-24,2878.0667641413866,2894.987711460704,2866.486515953649,2891.094482421875,892125
2024-06-25,2871.0788567100476,2889.9963824907354,2851.1130788469736,2853.558837890625,1217792
2024-06-26,2855.3056833822648,2868.9324722436054,2839.183416150813,2858.450439453125,960622
2024-06-27,2855.8549500625513,2898.032655783129,2840.131900001034,2875.920654296875,1628022
2024-06-28,2860.097609379526,2926.9829635953824,2857.302351802051,2912.05859375,1206712
2024-07-01,2884.3561606446665,2933.9710701119193,2883.0583363331825,2922.790283203125,1104110
2024-07-02,2922.7901808939437,2930.9761008233318,2907.017168119054,2920.593994140625,1064295
2024-07-03,2924.686746481987,2943.9038065250325,2911.010238208911,2920.5439453125,925189
2024-07-04,2934.969300452944,2963.3705702790794,2917.998389531958,2929.8779296875,968666
2024-07-05,2932.1240818011665,2941.857398365891,2908.115429253143,2930.876220703125,817429
2024-07-08,2930.8760771430766,2930.8760771430766,2885.7534707926598,2893.190673828125,828260
2024-07-09,2903.9722448704574,2908.214972400275,2885.054720276194,2900.029052734375,685431
2024-07-10,2895.087800526693,3009.3419174659725,2889.3976024875383,2991.32275390625,2299950
2024-07-11,2993.868299220322,3024.8152539638468,2967.912788790269,3016.87890625,1968980
2024-07-12,3019.8239320419407,3046.7777324271087,2965.816404892139,2994.01806640625,1879930
2024-07-15,2993.8684407799815,2993.8684407799815,2927.5321914619267,2951.441162109375,2425341
2024-07-16,2953.9368368971186,3010.7893406572043,2936.4667812547737,2969.3603515625,2085611
2024-07-18,2870.0804088800546,2952.838456050443,2837.136877230301,2926.53369140625,5384611
2024-07-19,2919.9950033235214,2974.9008922749035,2912.2582644258264,2941.009033203125,2164746
2024-07-22,2931.9743839137263,2968.262281489786,2912.158252539429,2929.279052734375,1616347
2024-07-23,2929.279119992241,2942.2568754794843,2881.0617181681373,2892.142822265625,1906312
2024-07-24,2896.0360603609356,2921.9915714155322,2881.2613360929754,2907.81591796875,1476148
2024-07-25,2887.1014477989784,2903.7228604131305,2880.313034567769,2896.435302734375,1239922
2024-07-26,2897.233904161355,2959.377386198566,2895.7364708592536,2945.101806640625,1359780
2024-07-29,2947.996963840532,2960.026393336161,2930.9760900498586,2949.64404296875,854408
2024-07-30,2968.411897006057,3027.6104745861635,2964.917886029255,2999.907958984375,2144591
2024-07-31,2999.9080787348225,3092.6989823496406,2999.9080787348225,3079.172119140625,3549501
2024-08-01,3082.7159549735493,3123.595834453124,3057.559124810954,3094.046630859375,1675122
2024-08-02,3064.7468798337263,3123.6958872930177,3054.763990974333,3101.384033203125,1348780
2024-08-05,3064.69686422285,3139.6184925756274,3050.0720297831476,3088.106689453125,2019141
2024-08-06,3096.392419626358,3129.635486456738,3080.7692969040027,3096.4423828125,885743
2024-08-07,3096.4426018214294,3113.163940930161,3054.8140033520276,3096.14306640625,1907105
2024-08-08,3074.7297726959237,3084.4131261575667,2985.282990910166,3000.25732421875,1280109
2024-08-09,3033.7998571256285,3047.526329003048,2960.9247700673295,3035.397216796875,1665414
2024-08-12,3014.8324435804616,3078.722932451041,2998.560285951661,3047.9755859375,1736881
2024-08-13,3049.672675754675,3054.564437618665,3007.8444681605442,3018.37646484375,502260
2024-08-14,3029.606999593386,3029.606999593386,2988.9267296424537,3020.67236328125,454671
2024-08-16,3048.7741693339535,3048.7741693339535,2997.861437626019,3042.93408203125,514229
2024-08-19,3048.7242788370145,3082.56641813055,3033.1511185299382,3071.0361328125,542858
2024-08-20,3090.7022616444547,3101.0346486710737,3072.7330624488472,3097.889892578125,668282
2024-08-21,3095.693677210704,3165.1746776130585,3078.7727302027056,3146.1572265625,1186536
2024-08-22,3161.5809012869286,3193.1766470329335,3150.6496867321375,3181.1474609375,1540888
2024-08-23,3184.5415629179583,3193.126944871401,3143.3621461560883,3149.251953125,779284
2024-08-26,3149.6014630653935,3172.013000008875,3136.124562985716,3165.923583984375,472874
2024-08-27,3148.6031508807127,3198.168096651306,3144.609995331086,3160.7822265625,1003501
2024-08-28,3147.554836137908,3160.083410169998,3113.463368800865,3120.15185546875,538366
2024-08-29,3120.151945046598,3138.5703264367567,3087.4080205069413,3110.5185546875,849866
2024-08-30,3124.6941458790916,3161.3312988932234,3105.377158634332,3121.44970703125,1567031
2024-09-02,3142.613446109343,3178.5518463825124,3134.227916868087,3145.558349609375,702358
2024-09-03,3159.534231257093,3169.117901658295,3142.114139656311,3149.45166015625,577471
2024-09-04,3150.1005175102996,3246.4353931052115,3150.1005175102996,3226.1201171875,2379110
2024-09-05,3234.455989925114,3251.426900983363,3211.4953455521886,3232.708984375,1482119
2024-09-06,3232.459281494063,3280.2772197008926,3219.831025088551,3268.09814453125,2131256
2024-09-09,3268.0982451472332,3308.329335601139,3252.4251585360626,3275.13623046875,1272289
2024-09-10,3284.370457580748,3304.336235438381,3265.3030422375577,3289.411865234375,928920
2024-09-11,3309.327542625557,3377.161221338422,3309.327542625557,3361.687744140625,2561892
2024-09-12,3364.2336095100864,3387.1942543227665,3334.5844777791576,3377.4609375,1643536
2024-09-13,3349.808232928117,3363.9339228080153,3315.2173776952886,3352.303955078125,1029400
2024-09-16,3354.2505827779646,3389.0907666396956,3324.900987667804,3330.092041015625,1019280
2024-09-17,3330.0919911828646,3344.1677177198103,3296.1501703174345,3307.13134765625,586834
2024-09-18,3307.131498417973,3319.1609283411776,3245.9863036303323,3269.046630859375,410510
2024-09-19,3288.363513027726,3314.319023452353,3269.396024640499,3288.2138671875,963456
2024-09-20,3298.3463564062636,3319.1108132056943,3260.4613433392087,3301.291259765625,1504277
2024-09-23,3311.2742071030652,3319.2105548474315,3267.5990691922334,3271.841796875,522775
2024-09-24,3271.841893911838,3292.1072072480697,3235.554238770848,3242.841552734375,1057933
2024-09-25,3246.435348086332,3246.435348086332,3201.2627775140973,3239.19775390625,740636
2024-09-26,3244.4388639714957,3280.227617852453,3221.5781460806606,3271.442626953125,951080
2024-09-27,3285.3187920610626,3332.2383701518465,3271.4426739020873,3305.0849609375,1315996
2024-09-30,3305.0848662554413,3352.254015218839,3299.494351111373,3323.403564453125,1088162
2024-10-01,3311.324244455426,3323.2537479331136,3238.499118755315,3271.7421875,968660
2024-10-03,3186.8375534821475,3220.3799127019206,3121.150098224486,3143.9111328125,1741363
2024-10-04,3129.635483545438,3151.3482656083133,3049.3231958781344,3067.242431640625,1551818
2024-10-07,3069.7381925150776,3093.2479435145215,3032.8015053205872,3057.010009765625,909812
2024-10-08,3052.76748282999,3093.69732808703,3040.438517318291,3082.76611328125,817718
2024-10-09,3090.2531625058464,3141.3155407540926,3066.4938386381064,3073.581787109375,1225598
2024-10-10,3084.7624692737722,3089.7039502719617,3037.792930752045,3053.865478515625,1161933
2024-10-11,3053.965284990248,3058.757120346331,3020.822143005221,3032.0029296875,976017
2024-10-14,3031.8032393509247,3049.7724386621912,3012.0370713639586,3033.949462890625,716011
2024-10-15,3069.7381910080535,3091.5009365213987,3042.434893673683,3061.851806640625,1242322
2024-10-16,3082.7159786196157,3098.2394190311365,3060.853550224121,3076.826171875,764001
2024-10-17,3077.624612288031,3079.7211163717902,3031.803251352067,3050.62109375,674481
2024-10-18,3051.769161835095,3063.7486286136427,2975.499987500823,2987.030029296875,899318
2024-10-21,3001.904642827151,3051.769123928912,2995.415765069369,3043.982421875,806970
2024-10-22,3048.77430229705,3052.7174947096696,2990.1248293894037,3001.705078125,541838
2024-10-23,2994.816689579249,3021.3213082008206,2966.964527197655,2984.584228515625,624689
2024-10-24,2984.584215209229,2997.162752583924,2945.9504843053396,2966.91455078125,571259
2024-10-25,2970.40853178219,3010.390049758112,2946.9487433443205,2952.9384765625,1047769
2024-10-28,2982.7872979549684,3016.52951141925,2957.9799650974296,2996.713623046875,504961
2024-10-29,3014.8324497985677,3022.818760923862,2936.067553814503,2987.72900390625,613459
2024-10-30,3000.856315133159,3000.856315133159,2958.4790017428677,2991.522216796875,812725
2024-10-31,2989.0765727678768,2991.372685980249,2914.005296304471,2930.626708984375,1031171
2024-11-01,2952.93842525918,2960.675163864913,2924.9863373933053,2934.819580078125,112249
2024-11-04,2957.081209670205,2957.081209670205,2880.5624670622037,2910.3115234375,1146008
2024-11-05,2890.046395004524,2913.805719811659,2867.784503562677,2882.359619140625,935417
2024-11-06,2885.553872345962,2902.874281091014,2855.106062933559,2892.34228515625,1817087
2024-11-07,2895.0377068155326,2899.979187949834,2820.1660419840964,2837.985595703125,1112489
2024-11-08,2837.9857340959034,2842.128535596117,2757.673196058693,2764.711181640625,2060410
2024-11-11,2560.660927214945,2594.3032135532935,2501.7119204096407,2538.74853515625,8854840
2024-11-12,2530.6622106413092,2530.6622106413092,2465.7734360094805,2470.615234375,3445898
2024-11-13,2465.773560632653,2493.7256495790957,2446.9059980829534,2466.272705078125,1803766
2024-11-14,2478.5516240398592,2497.469149144104,2461.97993151692,2478.90087890625,1206967
2024-11-18,2515.687884925493,2515.687884925493,2466.572122583425,2479.449951171875,945471
2024-11-19,2488.0,2503.199951171875,2472.35009765625,2483.699951171875,941508
2024-11-21,2454.699951171875,2465.949951171875,2425.0,2428.14990234375,1377572
2024-11-22,2430.0,2493.949951171875,2422.949951171875,2472.199951171875,3805843
2024-11-25,2505.0,2507.949951171875,2450.050048828125,2459.699951171875,1857124
2024-11-26,2459.89990234375,2518.0,2457.60009765625,2505.0,1152258
2024-11-27,2517.5,2517.64990234375,2480.0,2491.89990234375,864653
2024-11-28,2500.0,2506.0,2453.300048828125,2458.050048828125,1506133
2024-11-29,2458.050048828125,2491.5,2455.050048828125,2479.60009765625,1030854
2024-12-02,2479.60009765625,2486.0,2461.35009765625,2479.050048828125,914624
2024-12-03,2494.0,2494.0,2463.5,2469.39990234375,1341985
2024-12-04,2478.89990234375,2479.10009765625,2453.199951171875,2459.449951171875,1005012
2024-12-05,2465.0,2466.89990234375,2423.89990234375,2452.199951171875,3190834
2024-12-06,2468.0,2468.0,2427.0,2429.699951171875,1735948
2024-12-09,2438.14990234375,2439.0,2387.0,2391.85009765625,2301281
2024-12-10,2399.89990234375,2404.64990234375,2385.050048828125,2388.89990234375,1657888
2024-12-11,2399.75,2428.0,2392.64990234375,2417.300048828125,1337700
2024-12-12,2413.0,2415.0,2380.699951171875,2389.550048828125,1089028
2024-12-13,2389.550048828125,2412.0,2354.0,2407.64990234375,1150861
2024-12-16,2419.949951171875,2419.949951171875,2386.14990234375,2402.25,987775
2024-12-17,2388.0,2399.89990234375,2350.5,2356.0,1258218
2024-12-18,2356.800048828125,2372.699951171875,2341.0,2345.449951171875,855682
2024-12-19,2325.0,2325.0,2265.35009765625,2291.85009765625,2784409
2024-12-20,2297.0,2318.0,2276.0,2282.35009765625,1719502
2024-12-23,2300.0,2302.550048828125,2266.050048828125,2279.199951171875,855647
2024-12-24,2282.10009765625,2295.0,2277.14990234375,2284.0,601558
2024-12-26,2284.0,2287.449951171875,2256.5,2262.39990234375,1267334
2024-12-27,2270.25,2290.800048828125,2260.050048828125,2271.39990234375,821790
2024-12-30,2280.25,2298.800048828125,2256.800048828125,2288.25,1076940
2024-12-31,2280.0,2297.64990234375,2273.0,2281.35009765625,685486
2025-01-01,2280.0,2323.199951171875,2280.0,2304.64990234375,1067328
2025-01-02,2314.0,2347.949951171875,2294.0,2343.25,1342922
2025-01-03,2344.0,2348.949951171875,2322.14990234375,2335.949951171875,1355319
2025-01-06,2335.949951171875,2340.0,2256.699951171875,2267.14990234375,1190987
2025-01-07,2272.0,2316.0,2272.0,2292.60009765625,740798
2025-01-08,2287.050048828125,2338.0,2272.699951171875,2334.35009765625,1439632
2025-01-09,2341.89990234375,2361.39990234375,2321.300048828125,2350.199951171875,1362304
2025-01-10,2335.60009765625,2348.89990234375,2316.0,2320.75,1214334
2025-01-13,2291.75,2301.89990234375,2246.39990234375,2252.64990234375,1181928
2025-01-14,2269.0,2286.35009765625,2237.0,2239.949951171875,1316807
2025-01-15,2249.0,2253.75,2220.0,2229.699951171875,1308999
2025-01-16,2239.0,2239.85009765625,2207.800048828125,2215.60009765625,1936087
2025-01-17,2225.64990234375,2269.050048828125,2212.5,2261.0,878848
2025-01-20,2272.25,2286.89990234375,2251.0,2280.550048828125,555716
2025-01-21,2280.550048828125,2315.0,2255.0,2260.35009765625,1410294
2025-01-22,2270.0,2270.0,2244.89990234375,2262.10009765625,835523
2025-01-23,2262.10009765625,2301.800048828125,2246.199951171875,2276.35009765625,1142465
2025-01-24,2283.0,2296.550048828125,2255.050048828125,2262.39990234375,543202
2025-01-27,2255.300048828125,2277.75,2246.199951171875,2251.5,1097939
2025-01-28,2260.0,2267.050048828125,2234.10009765625,2241.800048828125,897501
2025-01-29,2241.800048828125,2246.800048828125,2212.050048828125,2223.14990234375,1281088
2025-01-30,2223.14990234375,2259.25,2215.0,2249.85009765625,1155718
2025-01-31,2255.0,2305.0,2234.85009765625,2300.800048828125,1292909
2025-02-03,2351.14990234375,2364.449951171875,2277.699951171875,2292.25,1070382
2025-02-04,2304.64990234375,2418.60009765625,2263.75,2354.35009765625,5373733
2025-02-05,2269.0,2295.550048828125,2237.25,2275.199951171875,3474642
2025-02-06,2287.199951171875,2298.89990234375,2260.25,2263.39990234375,1285954
2025-02-07,2266.0,2276.300048828125,2243.199951171875,2271.0,1336756
2025-02-10,2271.050048828125,2278.0,2254.0,2270.14990234375,1181518
