Date,Open,High,Low,Close,Volume
2010-01-04,15.258426625832143,15.44622248217596,15.141054954389313,15.241994857788086,7048998
2010-01-05,15.33667767701169,15.404754052279662,15.187222595301165,15.289337158203125,4961484
2010-01-06,15.266642193322857,15.312417984221462,15.110536713834803,15.186046600341797,1252251
2010-01-07,15.257640570159172,15.297547547418759,15.049108920392255,15.099578857421875,1266012
2010-01-08,14.926655947480963,15.168834316804253,14.926655947480963,15.111712455749512,2553705
2010-01-11,15.1254095596652,16.09960197870339,15.004125313311695,15.87229061126709,13219272
2010-01-12,15.868758547400752,16.119153418960085,15.36796880428209,15.429394721984863,4437576
2010-01-13,15.429007423478032,15.970485909848687,15.306940130065405,15.752564430236816,5629338
2010-01-14,15.884408842067527,16.421191551073548,15.743562002494071,16.198575973510742,14958207
2010-01-15,16.393031002734062,16.948593589246766,16.052650587918407,16.19780158996582,10269072
2010-01-18,16.056556914633983,16.737317480944892,16.040906770911594,16.42823600769043,7632207
2010-01-19,16.455623362438065,16.745142149058864,15.994740529837788,16.090986251831055,5140080
2010-01-20,16.25531001906175,16.43058663508335,15.76704081786389,15.886368751525879,5129487
2010-01-21,15.88401831741706,16.099591936289855,15.446217700605098,15.65475082397461,4840110
2010-01-22,15.422750538854359,15.718921335122326,15.101149727946346,15.605069160461426,6182253
2010-01-25,15.571421202762215,15.571421202762215,15.180179330352134,15.27838134765625,4688145
2010-01-27,15.33706762172475,15.375408414298018,15.156705287583685,15.184091567993164,8576469
2010-01-28,15.297550499706382,15.493171410548417,15.208346737883772,15.342151641845703,9076815
2010-01-29,15.414917827878016,15.508817198035604,14.705206379332193,15.198952674865723,10304019
2010-02-01,15.512725854074821,15.806157092449464,15.336667702067365,15.675874710083008,11437866
2010-02-02,15.767038023926341,15.921970308701189,15.062803723912875,15.156310081481934,11954349
2010-02-03,15.384330507439122,16.23321602299877,15.305838110266691,15.572317123413086,40411404
2010-02-04,15.657476784987134,15.894520535469203,15.39374571491586,15.611166000366211,13308174
2010-02-05,15.384329502990292,15.438488201187248,15.110001119824144,15.28700065612793,6843474
2010-02-08,15.784637502436633,15.784637502436633,15.309764351943388,15.38864803314209,5905647
2010-02-09,15.283859735814854,15.43848792232956,15.195949859015274,15.300342559814453,5846148
2010-02-10,15.68809429039401,15.689663871719135,15.266594267440109,15.502068519592285,11379159
2010-02-11,15.55701151741635,15.639427120707612,15.416118274520427,15.489507675170898,2024451
2010-02-15,15.541314582496033,15.75324065635309,15.50599233507381,15.647276878356934,4534398
2010-02-16,15.753237380010436,16.326226304424566,15.707320839327632,16.234390258789062,12084732
2010-02-17,16.232036900935167,16.44435720156262,16.051506916239372,16.143342971801758,9184626
2010-02-18,16.318379616169675,16.38862986004211,16.114301457190745,16.277563095092773,9209079
2010-02-19,16.20848467182332,16.352908313712387,15.933765095058384,16.12135887145996,4575087
2010-02-22,16.271280497620882,16.420415879421554,16.013045162983385,16.070343017578125,2187207
2010-02-23,16.084471917276808,16.084471917276808,15.792483928993558,15.935338020324707,20759805
2010-02-24,16.23753658208702,16.23753658208702,15.713997424954878,15.849787712097168,11403711
2010-02-25,15.931022294131395,15.931022294131395,15.541312662325355,15.677886962890625,5417082
2010-02-26,15.816033568238284,15.988714174871134,15.659050255395117,15.703398704528809,5411934
2010-03-02,15.922392855884047,16.0122651028707,15.673574921625669,15.715959548950195,3810213
2010-03-03,15.892172727185164,16.199074050619178,15.7057556696326,15.771688461303711,7203240
2010-03-04,15.97301346365379,15.97301346365379,15.768935348833724,15.845856666564941,3898818
2010-03-05,15.86313040028225,16.828575597852648,15.86313040028225,16.15276336669922,20534184
2010-03-08,16.443963069781347,16.585247587215886,16.25558371320196,16.37449836730957,5240466
2010-03-09,16.443576558130353,16.67944210593963,16.22144447707656,16.41924285888672,6486975
2010-03-10,16.37450530209111,16.561707922774843,16.22576410055407,16.283061981201172,6560631
2010-03-11,16.012262980106794,16.40432777102555,16.012262980106794,16.241458892822266,12597156
2010-03-12,16.364684245278536,16.40353692610185,16.102915530992615,16.37096405029297,2359467
2010-03-15,16.420417755951615,16.428267143483936,16.036593673420857,16.156293869018555,4801203
2010-03-16,16.130000453170247,16.404721650838248,16.090754991256347,16.313671112060547,2053260
2010-03-17,16.334077600900795,16.843878725691752,16.290121919614595,16.522064208984375,10743381
2010-03-18,16.467512003802785,16.742231664693847,16.370574442698523,16.494197845458984,5569542
2010-03-19,16.56091588937048,17.542843686443675,16.483209031844396,17.42118263244629,36711774
2010-03-22,17.392927484553702,17.675496556698118,17.181785471023417,17.381938934326172,9176409
2010-03-23,17.131549297311874,17.648806999197767,17.131549297311874,17.27872085571289,10196010
2010-03-25,17.30736951324474,17.423537775018318,17.112319060729853,17.3458309173584,5242149
2010-03-26,17.425105865676098,17.502027185189416,17.06443722898466,17.12409019470215,5299074
2010-03-29,16.994187160668584,17.268122747376626,16.943169112430173,16.99732780456543,5691114
2010-03-30,17.04873920037299,17.425106626425798,16.884300771720568,17.177858352661133,4473711
2010-03-31,17.076211538273594,17.42510609995859,16.917265906626778,17.287353515625,6365898
2010-04-01,17.38429416107686,17.38429416107686,16.877237926914177,17.1558837890625,4974651
2010-04-05,17.299523311927334,17.299523311927334,16.33957103476387,16.501264572143555,19198377
2010-04-06,16.56955037888809,16.56955037888809,15.67553248004867,15.752453804016113,38550699
2010-04-07,15.847429225081141,15.953392995542995,15.400027462095071,15.575064659118652,15113736
2010-04-08,15.541317448289362,15.808187807433963,15.431428955871924,15.543672561645508,8405892
2010-04-09,15.580557279951723,15.69044573262581,15.42357398786517,15.447120666503906,5893470
2010-04-12,15.5413132768219,15.61744907639361,15.22734666336877,15.328208923339844,8165817
2010-04-13,15.266591744025474,15.500103610390239,15.086847292504883,15.189277648925781,8958312
2010-04-15,15.235194818231966,15.305836337154952,14.842737324239787,14.899643898010254,13402719
2010-04-16,14.905530512158709,15.023266867709523,14.717149675434463,14.829000473022461,6678342
2010-04-19,14.81134102254927,14.834887701103822,14.480106084753334,14.703414916992188,11590227
2010-04-20,14.842738754027435,15.02719343825971,14.725000901634196,14.903177261352539,9550332
2010-04-21,14.989518065962542,15.035043330893,14.795644406314208,14.894935607910156,4585779
2010-04-22,14.874136647644319,14.949095634802912,14.727356353521193,14.848626136779785,10984050
2010-04-23,14.770134237304212,14.99972291428479,14.764641444110428,14.840384483337402,4839912
2010-04-26,14.905529375034218,14.984020272746786,14.765421684946473,14.865105628967285,5580927
2010-04-27,14.773668914656982,14.952629349373622,14.536623594963366,14.597062110900879,5962176
2010-04-28,14.522100479605772,14.552319732090941,14.324694906085746,14.407896041870117,5580234
2010-04-29,14.316847528259613,14.552321774789906,14.14181179518337,14.265435218811035,4119390
2010-04-30,14.316847675538392,14.625320053267842,14.059787607786406,14.278779029846191,11105820
2010-05-03,14.269751677500471,14.505225907505151,14.167712597475909,14.307820320129395,5234229
2010-05-04,14.440862490413226,14.44243207156748,13.947935454813507,14.111591339111328,4031082
2010-05-05,13.971483590823615,14.269751437865741,13.61905704232371,14.15515422821045,5903667
2010-05-06,13.987179713485256,14.395334467174356,13.987179713485256,14.106094360351562,3651219
2010-05-07,13.904368738612519,14.199103064034023,13.744244843263887,13.989923477172852,6516081
2010-05-10,14.33254720021865,14.33254720021865,13.987969988127896,14.133177757263184,5387580
2010-05-11,14.713621444033603,14.713621444033603,14.050367427631622,14.136709213256836,2408373
2010-05-12,14.599414876475718,14.599414876475718,13.976193358950706,14.139847755432129,2680722
2010-05-13,14.316840034548907,14.371784243669666,13.987961793259199,14.128067970275879,5616765
2010-05-14,14.128467332703226,14.348242789667937,13.752885374909008,14.008767127990723,3146715
2010-05-17,13.814495026058086,14.010723720167686,13.539775447158492,13.949893951416016,9473607
2010-05-18,14.010729293040656,14.481677753373141,13.908690212946084,14.276031494140625,2968812
2010-05-19,14.137096744079516,14.293294484121782,13.80272416919822,14.013080596923828,2839716
2010-05-20,14.042122588259584,14.167708312231653,13.688910609019432,13.77054214477539,3390849
2010-05-21,13.539779492831851,13.688913404201603,13.382796194210787,13.608851432800293,2203245
2010-05-24,13.885531585679527,13.885531585679527,13.594721905385052,13.726980209350586,2546181
2010-05-25,13.804296561395079,13.81371552995983,13.225814785198665,13.288215637207031,4831596
2010-05-26,13.461289468925708,13.500534925625432,13.257211315524955,13.329423904418945,2653794
2010-05-27,13.415372274355926,13.484836988998897,12.92872502388008,13.047246932983398,8434107
2010-05-28,13.265060072796985,13.491899364950967,13.045283154308388,13.409090995788574,2258487
2010-05-31,13.438519654765997,13.673208220034674,13.308615024495992,13.490715980529785,2895255
2010-06-01,13.49268426993507,13.49268426993507,13.301557031456216,13.386327743530273,5321547
2010-06-02,13.386328853220487,13.623766902001524,13.127699236265475,13.341981887817383,7669530
2010-06-03,13.542134178517257,13.563325744865665,13.35924909344038,13.415762901306152,1962576
2010-06-04,13.25406794863575,13.499355337428954,13.25406794863575,13.468743324279785,1064052
2010-06-07,13.46128744802306,13.46128744802306,13.049992040715372,13.261918067932129,2202453
2010-06-08,13.150462019872505,13.343551623349905,13.006038324147605,13.073540687561035,6897924
2010-06-09,13.21325221674985,13.297630149156863,13.077069227757166,13.150067329406738,3040983
2010-06-10,13.068830346215925,13.372592461019279,13.068830346215925,13.292531967163086,9751203
2010-06-11,13.382799468496493,13.785854338237828,13.304701306935279,13.572357177734375,6296598
2010-06-14,13.633967191088793,13.908686812087616,13.633967191088793,13.85962963104248,5217498
2010-06-15,13.863555980495098,14.103347640521559,13.754453057670984,14.026426315307617,4243635
2010-06-16,14.065673316735213,14.513075088427316,13.979725779810668,14.407504081726074,5697945
2010-06-17,14.411036702776492,14.473830326946018,14.20499618875495,14.259549140930176,5337090
2010-06-18,14.15986191809016,14.323909073543776,13.932237096867288,14.054683685302734,3164337
2010-06-21,13.932237677481657,14.222656127127083,13.893776270929347,14.139847755432129,3150972
2010-06-22,14.10492074975115,14.249345950412051,13.751708619244383,14.03153133392334,2051379
2010-06-23,13.816068551299995,14.112766789074737,13.816068551299995,13.964418411254883,2295216
2010-06-24,14.029959084725974,14.072737950269458,13.470708009723646,13.585305213928223,12183732
2010-06-25,13.539777470292966,13.8066477041628,13.305872879392247,13.424787521362305,5671314
2010-06-28,13.308621998256168,13.740719229651287,13.308621998256168,13.682634353637695,10157598
2010-06-29,13.806649968549339,13.806649968549339,13.42989123205507,13.535069465637207,2286009
2010-06-30,13.419685262251262,13.798799069859673,13.345511820462276,13.637499809265137,7159977
2010-07-01,13.524080922413555,13.641033237098824,13.406344558272355,13.49032974243164,2068506
2010-07-02,13.453441916774926,13.657518615885184,13.429893750261037,13.526045799255371,2242548
2010-07-05,13.539779758342075,13.775253969823707,13.539779758342075,13.73679256439209,2829222
2010-07-06,13.783104456021285,14.128074388609846,13.736009609970546,14.051937103271484,8640126
2010-07-07,14.128465641400021,14.19086649100155,13.776823173788951,13.885533332824707,4617954
2010-07-08,13.914184108419093,14.199108289678435,13.914184108419093,14.135923385620117,5451435
2010-07-09,14.169672009813414,14.332149565399863,14.097852199269624,14.156721115112305,5012964
2010-07-12,14.324692014970921,14.324692014970921,14.104915138659363,14.146122932434082,2162952
2010-07-13,14.175555707096041,14.363935007665944,14.019750759538928,14.254439353942871,1838034
2010-07-14,14.348241639855216,14.398868410674604,13.826273674524204,13.968343734741211,4393125
2010-07-15,14.120611835806825,14.120611835806825,13.869438934982767,13.973833084106445,4562118
2010-07-16,13.973837795859813,14.230505056115023,13.892990291543915,14.105703353881836,2565090
2010-07-19,14.112767533801522,14.243849045377074,13.932237548433328,14.101778984069824,2060190
2010-07-20,14.000134288039783,14.214415478888876,14.000134288039783,14.056255340576172,1775664
2010-07-21,14.01935976454311,14.246199003050892,13.932233956491821,14.142197608947754,2834964
2010-07-22,14.222653089549215,14.27524219690291,14.089217974675597,14.208916664123535,1768833
2010-07-23,14.219908858388623,14.872565607528607,14.167712503373709,14.496199607849121,17664372
2010-07-26,14.717150500346815,14.717150500346815,14.27838368586718,14.3431396484375,6027021
2010-07-27,14.505225607012086,14.505225607012086,14.115123183874502,14.255230903625488,2965446
2010-07-28,14.412997874945079,14.412997874945079,14.010728615053875,14.070383071899414,1562616
2010-07-29,14.089221436884817,14.166142770328207,13.931845359741013,13.962848663330078,3654288
2010-07-30,14.045263098918655,14.24620057300391,14.007587229894238,14.208524703979492,3733488
2010-08-02,14.167710885899586,14.347849576425428,14.065671818202185,14.245810508728027,1676565
2010-08-03,14.24620198578635,14.332543762642148,14.097069557887794,14.229719161987305,898227
2010-08-04,14.324695747038826,14.340393040768758,14.018578510480173,14.095107078552246,1771506
2010-08-05,14.316842996439282,14.316842996439282,13.814497108095857,13.870226860046387,2932578
2010-08-06,13.869445224680828,13.869445224680828,13.699118241535492,13.732478141784668,8646363
2010-08-09,13.719523499374722,14.305069031379627,13.719523499374722,14.07901382446289,8360550
2010-08-10,14.272891508739816,14.283881541767737,13.908298089373039,13.972270011901855,2762595
2010-08-11,14.049191156376535,14.049191156376535,13.72816066129997,13.770153999328613,1387188
2010-08-12,13.736009656726006,13.8380487372058,13.542527280363199,13.584129333496094,3453120
2010-08-13,13.589230842879521,13.728160268668297,13.52957786505727,13.584129333496094,4616370
2010-08-16,13.618270078543969,13.696762467063037,13.524473163809374,13.625726699829102,5046624
2010-08-17,13.731300802111274,13.731300802111274,13.500535316476032,13.52133560180664,2953368
2010-08-18,13.540171151676297,13.69283697840129,13.398493873350777,13.543703079223633,6419655
2010-08-19,13.68812923973613,13.727374697777305,13.516232681023281,13.672431945800781,1923273
2010-08-20,13.540563639283619,14.204992859394775,13.540563639283619,13.900053977966309,13444794
2010-08-23,13.759554933067474,14.002485761532297,13.539779500580257,13.59001350402832,4102758
2010-08-24,13.665362860777993,13.735613085871593,13.461286238486693,13.5299654006958,3638745
2010-08-25,13.382793810524849,13.572742723206465,13.084526040911522,13.146926879882812,8037216
2010-08-26,13.186565354615741,13.406342234331241,13.12612686090746,13.234838485717773,12267486
2010-08-27,13.257210488198021,13.343550783976312,12.990338731450965,13.098657608032227,9642402
2010-08-30,13.186962662673087,13.2995975371509,13.029586568958985,13.122206687927246,3038013
2010-08-31,13.108075826527298,14.120615602521088,12.888298923879669,13.031938552856445,2107710
2010-09-01,13.108077449398072,13.406345292984637,13.038219972967877,13.307052612304688,3988116
2010-09-02,13.374947733880525,13.657516801700227,13.2277761591242,13.537034034729004,5109291
2010-09-03,13.618273226795017,13.814502020254027,13.49268745112081,13.606500625610352,3058209
2010-09-06,13.673215652685956,13.870622717566627,13.515448292817137,13.701081275939941,5555484
2010-09-07,13.662621221255076,13.813717505703728,13.501320435178792,13.55234146118164,2757447
2010-09-08,13.586873430247593,13.683025453408895,13.406343464018606,13.432245254516602,2435004
2010-09-09,13.437738747331707,13.618268703062022,13.38279452555838,13.414976119995117,9073746
2010-09-13,13.596118588492441,14.221027114040037,13.58385704530178,14.066777229309082,16000677
2010-09-14,14.156959515521516,14.313185580750245,14.003895552366455,14.060453414916992,7718139
2010-09-15,14.15933045818302,14.475343445124793,14.025251080522748,14.364205360412598,11009097
2010-09-16,14.33414834083978,14.665586505597137,14.172382259218354,14.291828155517578,14981868
2010-09-17,14.31753120851701,14.618120487627188,14.31753120851701,14.544159889221191,9009297
2010-09-20,14.544163096859437,14.665585108552829,14.289057527988026,14.351152420043945,7033455
2010-09-21,14.554838671992721,14.633546158756012,13.994002645263931,14.174357414245605,10783971
2010-09-22,14.712254847389747,14.712254847389747,13.882471299828696,14.053332328796387,8366193
2010-09-23,14.088536526734984,14.230524923470218,13.914114550716047,14.026045799255371,15785550
2010-09-24,14.101592100754234,14.101592100754234,13.922028858684786,13.955648422241211,3305511
2010-09-27,13.975020650435106,14.198881608512515,13.974230498460948,14.053332328796387,5273235
2010-09-28,14.107125807198777,14.15933410323626,14.001127417123534,14.041471481323242,7543404
2010-09-29,14.00151805354985,14.277981588413525,13.882865323424149,13.932700157165527,15792282
2010-09-30,13.94575557540435,14.04067838231059,13.676806626722515,13.761051177978516,9958113
2010-10-01,13.834610888979205,14.06835840167907,13.803760614669317,14.009031295776367,3988413
2010-10-04,14.071922858748911,14.483651836616755,14.064804021718782,14.34640884399414,8900694
2010-10-05,14.346406089352238,14.467828093108228,14.200858312698056,14.264139175415039,15213132
2010-10-06,14.302109560565622,14.809552937780095,14.301715231404483,14.747456550598145,22000176
2010-10-07,14.79254773649902,15.254110120431363,14.760115649582257,14.830121040344238,22062546
2010-10-08,14.94086313306845,15.108560588513168,14.633946557699081,14.81074047088623,7460739
2010-10-11,14.832493268998793,15.045277175511883,14.812717063391252,14.898147583007812,4826547
2010-10-12,14.919506070567495,14.949563215458499,14.532298706636448,14.638297080993652,4394511
2010-10-13,14.815878245895515,14.815878245895515,14.578175462826698,14.617330551147461,12548646
2010-10-14,14.633946390001762,14.790172448670683,14.420369331747294,14.558403968811035,4223439
2010-10-15,14.594395965538876,14.594395965538876,13.779641528658038,13.86111831665039,9279765
2010-10-18,13.874562351717715,14.080228925728925,13.64516582345124,14.057289123535156,15074730
2010-10-19,14.143116654270557,14.236851997881699,13.961575842183901,14.043448448181152,3353229
2010-10-20,13.961968684722196,14.04067618439379,13.748393149451724,13.953268051147461,7980786
2010-10-21,14.032764822763943,14.080226215811122,13.929931555549903,13.990050315856934,1205523
2010-10-22,14.040674815012803,14.12768711695787,13.93784155137923,14.039093017578125,1757745
2010-10-25,14.079830575893263,14.096047361133419,14.001123080135253,14.069942474365234,2606769
2010-10-26,14.0802290596862,14.0802290596862,13.923209861290704,13.963948249816895,592119
2010-10-27,13.961570828245309,14.032763658746084,13.842918102305058,13.911341667175293,5087610
2010-10-28,13.803372011577183,13.961575701383484,13.467185436560532,13.657031059265137,11169972
2010-10-29,13.819190600299738,13.819190600299738,12.656385488786528,12.915050506591797,11695464
2010-11-01,13.130210271880607,13.170551346663192,12.856515915435784,12.980311393737793,22997106
2010-11-02,12.972798538572643,13.297117941910141,12.933246116738726,13.240954399108887,4735071
2010-11-03,13.367120397891798,13.85874135894613,13.104105812589026,13.759864807128906,15311934
2010-11-04,13.802183566078533,13.906202828308896,13.597308637215225,13.727431297302246,1683396
2010-11-08,13.848855344430268,13.848855344430268,13.724268225052242,13.813258171081543,886446
2010-11-09,13.842922267008579,13.842922267008579,13.64516617060826,13.77766227722168,8780706
2010-11-10,13.708446306744172,13.779637653396188,13.526509711994713,13.629738807678223,4128498
2010-11-11,13.77924302511607,13.77924302511607,13.447409049552725,13.486169815063477,838134
2010-11-12,13.541144294183542,13.724265364534277,13.370283274938362,13.4339599609375,6561423
2010-11-15,13.447409151070959,13.55024243363353,13.218802784743191,13.479841232299805,7582905
2010-11-16,13.486958251590167,13.518600176528036,13.249255460114886,13.414183616638184,5603400
2010-11-18,13.407860078228413,13.797043612857019,13.19586629302848,13.524139404296875,5385798
2010-11-19,13.643978911176475,13.643978911176475,13.30542043431554,13.348530769348145,8801991
2010-11-22,13.407855510715146,13.565268998047186,13.249650377845365,13.52176284790039,1474704
2010-11-23,13.447014156502435,13.645166074381793,13.289204804637231,13.389664649963379,6855651
2010-11-24,13.518603462647752,13.637256228994243,13.355257063930708,13.522953033447266,27935325
2010-11-25,13.605615090032964,13.621434561862483,13.431588950538542,13.51978874206543,12666258
2010-11-26,13.447411407147161,13.645167523149533,13.210104366678591,13.568041801452637,6773976
2010-11-29,13.495664311667177,13.636070913487057,13.218804856126027,13.520976066589355,2920005
2010-11-30,13.605616632465022,13.748000857099694,13.457299545094983,13.540356636047363,3462327
2010-12-01,13.636471108136782,13.748005078261276,13.494876992189205,13.660201072692871,825462
2010-12-02,13.763818008517859,13.91411269144226,13.684716172734968,13.74997615814209,3046428
2010-12-03,13.87060746328928,13.914113625256803,13.62934520492144,13.77766227722168,15716052
2010-12-06,13.842927915447092,14.181486562325397,13.777667899031636,14.084981918334961,4776354
2010-12-07,14.19097124573863,14.288661812844818,13.962760715712195,14.095256805419922,2765961
2010-12-08,13.92202742977725,14.159335997014418,13.827896246292731,13.886035919189453,855459
2010-12-09,14.100794857778414,14.100794857778414,13.705284180677612,13.797041893005371,5362236
2010-12-10,13.56606230027749,13.764212696243256,13.368306233457927,13.589792251586914,2336697
2010-12-13,13.5581558543463,13.699748439727983,13.407861139079774,13.608780860900879,622908
2010-12-14,13.542727664017661,13.842921204113802,13.526510876699591,13.724662780761719,1113750
2010-12-15,13.547078698827477,13.842526877724316,13.060204596214454,13.6918363571167,2218194
2010-12-16,13.684719713522714,13.748002094725406,13.547872516387487,13.666526794433594,544005
2010-12-20,13.547078255491453,13.858741719588844,13.526511896330168,13.637255668640137,1585485
2010-12-21,13.605611506489748,13.999936122163042,13.605611506489748,13.901849746704102,1451637
2010-12-22,13.922023557532238,14.04858679700796,13.79625047010687,14.005082130432129,5590530
2010-12-23,13.922024771496549,14.079438309099105,13.922024771496549,14.034746170043945,729828
2010-12-24,13.863489132733665,14.001126460755708,13.684717591157202,13.78240966796875,966141
2010-12-27,13.905412530456047,13.91253136731119,13.615501409657584,13.669291496276855,409959
2010-12-28,13.724267280296495,13.739692422284849,13.503177063696091,13.64516544342041,826551
2010-12-29,13.624994372999463,13.659799900635587,13.479446564680574,13.526512145996094,4208193
2010-12-30,13.573973719825588,14.040678778337703,13.502782359473523,13.880891799926758,2297592
2010-12-31,13.985305319274088,14.293805162597684,13.700536922515898,14.00666332244873,4090977
2011-01-03,14.159330172992005,14.198881086706237,13.85083035741325,13.874956130981445,1927233
2011-01-04,13.922023329222455,14.00112516588868,13.733363701178266,13.921233177185059,3721608
2011-01-05,13.803367401170236,13.985302479882865,13.77370309898613,13.908574104309082,968121
2011-01-06,13.908577270964003,14.019319543318986,13.773706234934098,13.889591217041016,1109691
2011-01-07,13.776076561063258,14.040674369825462,13.776076561063258,13.865462303161621,2070684
2011-01-10,13.729407117536155,13.866254252522877,13.369094875571616,13.487749099731445,588852
2011-01-11,13.573971249907329,13.573971249907329,13.138908202867954,13.314120292663574,2481435
2011-01-12,13.368309292824016,13.372263040887903,12.99059416280829,13.246491432189941,2245419
2011-01-13,13.431587407109982,13.645164442142809,13.226316676744803,13.256375312805176,1604889
2011-01-14,13.36830765410886,13.645165579609557,13.14682011877137,13.427633285522461,2170476
2011-01-17,13.370286867084388,13.44701527040356,13.223155758591949,13.392830848693848,1843281
2011-01-18,13.320848369180066,13.526513478520702,13.320848369180066,13.360003471374512,4304421
2011-01-19,13.526513621823709,13.526513621823709,13.337063807241961,13.412606239318848,383823
2011-01-20,13.151564579834117,13.486957922835181,12.847810173657841,13.460854530334473,1036827
2011-01-21,13.486965851979727,13.79546583194919,13.448996715594056,13.743257522583008,1454013
2011-01-24,13.75591090530281,13.799021247409494,13.541938005371799,13.566855430603027,428274
2011-01-25,13.702908764443034,13.977394727133888,13.487355594858455,13.537190437316895,1872189
2011-01-27,13.526509807051417,13.835009627834081,13.38808085988104,13.579509735107422,2826648
2011-01-28,13.558152423143559,13.635276635426733,12.87114737425383,13.334291458129883,7377975
2011-01-31,13.293558642048941,14.080232121910903,12.933246232872849,13.853999137878418,4929804
2011-02-01,13.752743374428963,13.97739297279391,13.525718839318914,13.659796714782715,3291156
2011-02-02,14.089635927683524,14.089635927683524,13.52644697416054,13.82768726348877,1142955
2011-02-03,13.780054784310664,14.627814645494913,13.562161272368899,13.71734619140625,3571425
2011-02-04,13.867370114552203,13.867370114552203,13.335536448861285,13.448253631591797,801108
2011-02-07,13.613361734578042,13.613361734578042,13.320455327942891,13.360541343688965,1620531
2011-02-08,13.454608822992856,13.454608822992856,13.283152023357216,13.337525367736816,968319
2011-02-09,13.430791776832443,13.430791776832443,12.817595901276759,13.156937599182129,2422035
2011-02-10,13.08946357513469,13.176779256293734,12.796161487640566,12.951346397399902,2219679
2011-02-11,13.018027318146682,13.319663247823534,12.819581720353506,13.130743026733398,701019
2011-02-14,13.3355389833352,13.6213002760274,13.256161346102607,13.520092964172363,1125630
2011-02-15,13.795931921679383,13.803869984456517,13.216469826616844,13.378402709960938,958914
2011-02-16,13.478420352947312,13.478420352947312,13.065654518757711,13.127171516418457,1504701
2011-02-17,13.097403120180378,13.406978569036077,13.097403120180378,13.29267406463623,929709
2011-02-18,13.177578543115285,13.414920081380883,13.09700928524713,13.31728458404541,1103949
2011-02-21,13.353400118441717,13.353400118441717,13.033902044101113,13.191071510314941,976635
2011-02-22,13.25616214320441,13.29624816718187,13.101771595276862,13.152175903320312,1186713
2011-02-23,13.018820416608943,13.319267739574176,13.018820416608943,13.262115478515625,1093356
2011-02-24,13.27203561544492,13.45460657435102,12.898958632106273,13.329585075378418,4367187
2011-02-25,13.796330596394364,13.796330596394364,13.218457251342535,13.355781555175781,2249577
2011-02-28,13.430794373519118,13.53398621374149,13.097406158351045,13.172021865844727,6235713
2011-03-01,13.295848510199567,13.49429407746578,13.21210464868766,13.458574295043945,1037223
2011-03-03,13.256162968825318,13.494297408552832,13.256162968825318,13.298630714416504,892089
2011-03-04,13.375231174639817,13.573675295522417,13.295852027407507,13.337525367736816,1255122
2011-03-07,13.279973203448838,13.45460609282047,13.146617941903429,13.307756423950195,654192
2011-03-08,13.295452406011838,13.399041432362338,13.114470261538585,13.177576065063477,1182258
2011-03-09,13.255765823818704,13.287913785962658,13.1105034402296,13.139476776123047,1090881
2011-03-10,13.139473745133348,13.374433505452084,13.057714397569244,13.329188346862793,1273833
2011-03-11,13.1767818757289,13.438334766096297,13.028742091415426,13.113676071166992,922383
2011-03-14,13.145429370440631,13.273228302618124,13.111296894647545,13.161701202392578,313335
2011-03-15,13.121216729826637,13.293467904326087,12.986274152477082,13.223615646362305,1415997
2011-03-16,13.279973320390923,13.279973320390923,13.09740386529018,13.173606872558594,1361646
2011-03-17,13.174005047126046,13.174005047126046,12.859270416001538,12.90014934539795,3267990
2011-03-18,13.245841801523913,13.245841801523913,12.859270392988979,13.150588035583496,3922776
2011-03-21,13.16169983679316,13.360542621852726,12.962461347681494,13.106532096862793,931986
2011-03-22,13.342682815428466,13.342682815428466,13.038665171815705,13.19543743133545,704682
2011-03-23,13.152969933757843,13.256954671794071,13.057716166518892,13.235126495361328,338481
2011-03-24,13.335139726014612,13.715759020228827,13.248221241624105,13.460161209106445,14271642
2011-03-25,13.494693012559127,13.532000112496215,13.34347709917009,13.363322257995605,4771998
2011-03-28,13.434369168733824,13.573678033902127,13.33554354192203,13.413333892822266,4612410
2011-03-29,13.478419604547284,13.478419604547284,13.295850139925335,13.372847557067871,1443717
2011-03-30,13.454610425092836,13.454610425092836,13.337131251720887,13.398648262023926,2985048
2011-03-31,13.225998350600205,13.489929977583907,13.19345318848228,13.361735343933105,6096222
2011-04-01,13.446274117243853,13.454609385209721,13.29585258299053,13.373642921447754,1024749
2011-04-04,13.09740797166741,13.422859666312952,13.057719142751463,13.387932777404785,4271850
2011-04-05,13.335543969333386,14.017799498082969,13.33514676623411,13.815783500671387,5113548
2011-04-06,13.815778506112347,14.27974303480903,13.815778506112347,14.242833137512207,3975741
2011-04-07,14.242434187108215,14.564709637016469,14.242434187108215,14.506365776062012,4844268
2011-04-08,14.557963915892689,14.613528863895215,14.176948842594362,14.513511657714844,4412232
2011-04-11,14.486128885766785,14.796100123788516,14.312290362858292,14.567093849182129,4290660
2011-04-13,14.644484443674575,14.786570668204828,14.455564249297048,14.654009819030762,2197503
2011-04-15,14.59487739929015,14.828645618626881,14.486923612718488,14.609561920166016,1832094
2011-04-18,14.566298070357496,14.883412904629013,14.436117430628663,14.49962043762207,2236410
2011-04-19,14.446837903543045,14.756411952260551,14.320229061925714,14.51550006866455,1099989
2011-04-20,14.565501228349559,14.804032794018312,14.565501228349559,14.770694732666016,1372833
2011-04-21,14.920326628602457,14.99454663210129,14.68497111091378,14.861984252929688,1403226
2011-04-25,14.899289779947729,14.899289779947729,14.486523960942149,14.540501594543457,871101
2011-04-26,14.62146764494819,14.62146764494819,14.351185251429177,14.473823547363281,730521
2011-04-27,14.596457055360316,14.76354753968547,14.486518810217397,14.55200481414795,2747844
2011-04-28,14.65758512502005,14.712357170472256,14.414688745248258,14.519466400146484,1855755
2011-04-29,14.923107225399123,14.976290464684126,14.224975660703308,14.535344123840332,9748035
2011-05-02,14.684963344067791,14.796091691282246,14.407138728835527,14.49604320526123,1126521
2011-05-03,14.398809159253938,14.584950431638815,13.986439098641675,14.084867477416992,990495
2011-05-04,14.288076248926561,14.438100533176522,13.83562017878493,14.296411514282227,956736
2011-05-05,14.486521273756205,14.59526942782237,14.081692094598598,14.158689498901367,1267893
2011-05-06,14.065815451763322,14.478582677865466,13.988422346308546,14.247591972351074,2032866
2011-05-09,14.328167674135033,14.407148127864335,14.153139026623373,14.230134963989258,888228
2011-05-10,14.28807764406682,14.461916132662134,14.153927972753216,14.203142166137695,806157
2011-05-11,14.28807692213032,14.359120785813548,13.777278467068593,13.936430931091309,1752795
2011-05-12,13.930873764045087,14.026127514633634,13.53398263696653,13.633999824523926,2284227
2011-05-13,13.62924067164744,13.827686297564323,13.526048826260313,13.644322395324707,2665080
2011-05-16,13.644322156365108,13.772121101244272,13.5101739588147,13.64987850189209,809127
2011-05-17,13.5736726982416,13.692740646867142,13.506597863767004,13.572879791259766,1024155
2011-05-18,13.57327929816734,13.803078469523735,13.529224239630565,13.649480819702148,1655775
2011-05-19,13.534382820591377,13.716159392530749,13.494693998918462,13.512157440185547,623601
2011-05-20,13.494295787821347,13.67289622144638,13.494295787821347,13.657417297363281,1486386
2011-05-23,13.653054775179115,13.66734209272365,13.335541176277596,13.39150333404541,1792791
2011-05-24,13.382771261526372,13.565739463852282,13.2958527468653,13.514936447143555,901890
2011-05-25,13.514933930258149,13.653052638934016,13.391104035770404,13.647891998291016,734184
2011-05-26,13.644719252930638,13.644719252930638,13.264099844586307,13.304980278015137,1563111
2011-05-27,13.359355928474397,13.491916819829381,13.344274204267998,13.393885612487793,1362933
2011-05-30,13.533984912877719,13.533984912877719,13.152969846451018,13.220837593078613,1587069
2011-05-31,13.216471839874577,13.37006948092434,13.137094197769544,13.188294410705566,1878822
2011-06-01,13.353003773102982,13.613365087572767,13.268862689713561,13.576850891113281,3128796
2011-06-02,13.478025814275403,13.597489489815413,13.241081480468972,13.303790092468262,1295613
2011-06-03,13.475645297705135,13.476041001867603,13.060496172737249,13.12558650970459,1674981
2011-06-06,13.137091694935597,13.35141338621816,13.137091694935597,13.297435760498047,568062
2011-06-07,13.295856067646207,13.38872815428359,13.192266990975458,13.319668769836426,718542
2011-06-08,13.319662385768183,13.37483012648284,13.097404110041628,13.180355072021484,18875142
2011-06-09,13.281960653529067,13.414920240401855,13.113678477155634,13.34347915649414,1059498
2011-06-10,13.406979779409934,13.466512256666906,13.145031183738945,13.365304946899414,1768041
2011-06-13,13.414916558582082,13.414916558582082,13.21726389664148,13.324424743652344,1661517
2011-06-14,13.41293157454407,13.4149175892194,13.160907061684243,13.29188060760498,7286499
2011-06-15,13.176780596646646,13.399040351891262,13.176780596646646,13.333155632019043,1354815
2011-06-16,13.335538622841783,13.375228939264208,13.232346797901515,13.329585075378418,432729
2011-06-17,13.343477443878532,13.343477443878532,13.091848617641702,13.131537437438965,817443
2011-06-20,13.212900925836944,13.213296629915453,12.400463495253343,12.729089736938477,2437380
2011-06-21,12.728691164551094,13.036282104061188,12.502066666757727,12.543343544006348,1914363
2011-06-22,12.621136188156429,12.8433944794228,12.398876398010946,12.454837799072266,1772199
2011-06-23,12.406816520348011,12.493735784996698,12.271873910443515,12.299259185791016,418473
2011-06-24,12.50167165253048,12.502068855514878,12.293701415976095,12.344900131225586,3229776
2011-06-27,12.184556659280032,12.43817002844879,12.168681279559042,12.35998249053955,6867135
2011-06-28,12.454439695033747,12.652885267559485,12.382999378857216,12.625896453857422,3853674
2011-06-29,12.699324915846898,13.018028613590527,12.637013507553549,12.68265438079834,2036925
2011-06-30,12.858874546930277,12.898960573446804,12.549696228517037,12.761239051818848,1713690
2011-07-01,12.503654875066001,12.970399032498259,12.503654875066001,12.882288932800293,2318976
2011-07-04,12.97833646360129,13.200596243414374,12.906896890717828,13.17519474029541,5908617
2011-07-05,13.248224633534788,13.248224633534788,12.94301535392326,13.041048049926758,1354320
2011-07-06,13.054936546888824,13.056921062720196,12.939044719422188,12.978336334228516,895158
2011-07-07,13.057714120809335,13.256159687947179,12.986273057133007,13.230360984802246,3754872
2011-07-08,13.236714207220796,13.33434969630272,13.05017569899648,13.255764961242676,7868916
2011-07-11,13.057319356914961,13.48199229040888,13.057319356914961,13.277990341186523,2336004
2011-07-12,13.254174868202139,13.33513980637343,13.248221321459143,13.257746696472168,1305513
2011-07-13,13.256159888163426,13.37522782979604,13.224804840566398,13.337919235229492,990396
2011-07-14,13.406978691269396,13.494294383113312,13.272431826189417,13.431188583374023,2635479
2011-07-15,13.256157152318119,13.645110149689,13.09819483484916,13.532790184020996,1445400
2011-07-18,13.533985946148704,13.69274273557337,13.533985946148704,13.622096061706543,1269279
2011-07-19,13.692742260460223,13.692742260460223,13.534382679521345,13.67845344543457,2108700
2011-07-20,13.692742029055966,13.811808490821472,13.573674068411327,13.696313858032227,1748241
2011-07-21,13.573676594951294,13.763788464174565,13.573676594951294,13.643927574157715,840213
2011-07-22,13.732034449865393,13.890394037390537,13.594312930343067,13.772120475769043,2476188
2011-07-25,13.771722643321192,13.838398776312433,13.756243719991446,13.80228328704834,19610316
2011-07-26,13.804267561890661,13.930876382834578,13.716554654281753,13.774104118347168,6726357
2011-07-27,14.138055029760912,14.138055029760912,13.692742519736772,13.787996292114258,1279971
2011-07-28,13.732825378463115,13.849908800335069,13.716552050874414,13.79156494140625,6585084
2011-07-29,13.891189419041279,14.011447505198692,13.597490010448691,13.933259963989258,8435790
2011-08-01,14.026132831188201,14.057883593793113,13.512159586084241,13.643927574157715,8552313
2011-08-02,13.764180120312746,13.969770856769784,13.494294970345326,13.524855613708496,1842390
2011-08-03,13.494297475624691,13.494297475624691,13.113678074288988,13.163290977478027,16491816
2011-08-04,13.399045231915531,13.45183126851567,13.240685623235692,13.267674446105957,2399463
2011-08-05,13.018027583676055,13.295850826701635,12.851332738533227,13.2633056640625,1224729
2011-08-08,13.010088800027285,13.118836971828802,12.82751933607525,12.858475685119629,3843675
2011-08-09,12.54175467269815,13.216468981294964,12.31155836127921,13.017627716064453,1287198
2011-08-10,12.862046511304598,13.240284113753532,12.859269088639229,12.948569297790527,2484504
2011-08-11,12.946588677701083,13.240288097747134,12.85967016102276,12.985087394714355,1934163
2011-08-12,12.94301535392326,13.25814721392044,12.938649118777729,13.041048049926758,602514
2011-08-16,13.24028182649028,13.24028182649028,12.86006127289442,12.929119110107422,831600
2011-08-17,13.089070713777351,13.21567954266786,12.248059325776103,12.391336441040039,9925443
2011-08-18,12.415146717770364,12.764014514588522,12.384984029467251,12.656059265136719,4686165
2011-08-19,12.763621068619425,12.763621068619425,12.422691233777662,12.494528770446777,2302542
2011-08-22,12.621135613755103,12.978336476279432,12.303622070534539,12.880305290222168,1099890
2011-08-23,12.701306597109468,12.962460767657282,12.652489609623908,12.741789817810059,1856547
2011-08-24,13.237507911721861,13.237507911721861,12.577478010993874,12.601290702819824,790515
2011-08-25,12.613199498275723,12.851333943028173,12.14526512697725,12.408801078796387,3277098
2011-08-26,12.682257630929758,12.682257630929758,12.168680187252773,12.356806755065918,2236707
2011-08-29,12.35918911368735,12.459602785030281,12.263935334326328,12.406418800354004,1095138
2011-08-30,12.383395910900177,12.609227501472708,12.160740444763809,12.236944198608398,2053161
2011-09-02,12.437376205325394,12.859271741533346,12.31156178049838,12.636219024658203,5800905
2011-09-05,12.54255148679099,12.894196021591085,12.54255148679099,12.770367622375488,2763585
2011-09-06,13.079148938087581,13.079148938087581,12.622723751946195,12.684242248535156,1644786
2011-09-07,12.819187165240125,13.016838397933993,12.702103698761665,12.853716850280762,1760913
2011-09-08,12.985879356348555,12.986275060431806,12.670350316328603,12.698529243469238,1085139
2011-09-09,12.84061461423308,12.84061461423308,12.66082407803627,12.745758056640625,1342242
2011-09-12,12.70051212123235,12.770365873949007,12.4909538608402,12.535406112670898,818730
2011-09-13,12.666884311633561,12.706970614965632,12.461649402206108,12.488506317138672,1941192
2011-09-14,12.466461879759462,12.658870115495068,12.463254823524956,12.605557441711426,1091475
2011-09-15,12.665682668895036,12.827225328637423,12.643635958385731,12.785136222839355,453123
2011-09-16,12.662877681002524,12.939464875056553,12.4343925418347,12.500934600830078,4579740
2011-09-19,12.426377254023452,12.808789786481181,12.426377254023452,12.581106185913086,646965
2011-09-20,12.819208551769854,13.228076761531424,12.442409386747736,12.686126708984375,455796
2011-09-21,12.686928810644405,12.8673111394624,12.58952195948601,12.729820251464844,1284030
2011-09-22,12.402326054374486,12.901785922975527,12.380279339092416,12.752670288085938,1704483
2011-09-23,12.426376682564339,12.706973295923985,12.225951935867151,12.328569412231445,12173733
2011-09-26,12.225949014329101,12.506544046803652,11.873199394792223,11.963391304016113,3510837
2011-09-27,11.825100459258046,12.185866677302144,11.825100459258046,12.140170097351074,1794177
2011-09-28,12.551042543264735,12.551042543264735,12.145782466415001,12.217935562133789,2140974
2011-09-29,12.264831020363413,12.377871213161278,12.025523517533244,12.142971992492676,2149389
2011-09-30,11.908075982380137,12.345003112739327,11.908075982380137,12.298905372619629,1793583
2011-10-03,11.95337259583903,12.262027337439697,11.723684704485612,11.937338829040527,1322838
2011-10-04,11.8166827900906,12.145781880800175,11.809868268302655,11.923710823059082,2115531
2011-10-05,12.009492944465697,12.169832896945262,11.983837250172103,12.043564796447754,1352439
2011-10-07,11.633493381967899,12.40793805864543,11.501614261845688,12.179452896118164,2203344
2011-10-10,12.241983084875146,12.241983084875146,12.074427484471864,12.193881034851074,565983
2011-10-11,12.265632803334595,12.3931036128939,12.201898155471538,12.267236709594727,1320759
2011-10-12,12.266035061370014,12.386290195758447,12.266035061370014,12.34420108795166,9888813
2011-10-13,12.354223939298,12.502539512504026,12.346207433631545,12.442811965942383,5031180
2011-10-14,12.450427969477044,12.450427969477044,12.282070754906115,12.338190078735352,152460
2011-10-17,12.34620892849957,12.34620892849957,12.217936496220533,12.265637397766113,1962972
2011-10-18,12.18586647602015,12.386291981197026,12.177849970516478,12.195086479187012,429165
2011-10-19,12.34299860688235,12.346205662839022,12.177848471155613,12.251203536987305,577566
2011-10-20,12.385888984699589,12.385888984699589,12.17183522472816,12.201498031616211,245619
2011-10-21,12.26603546123641,12.305318680264467,12.160210939524763,12.203903198242188,1531629
2011-10-24,12.203902133119087,12.26803870589718,12.133352205829834,12.201898574829102,513909
2011-10-25,12.181458322028508,12.26643964993107,12.129749545958896,12.257620811462402,1204632
2011-10-28,12.460850082984402,12.722604759505508,12.460850082984402,12.602750778198242,951390
2011-10-31,12.827227614507544,12.98756831922435,12.47447866966398,12.554247856140137,2843280
2011-11-01,12.58671660984832,12.787142101067777,12.460849685963186,12.738638877868652,1018512
2011-11-02,12.61116701796753,12.731021742588625,12.466460448819356,12.529794692993164,1422531
2011-11-03,12.482494827542263,12.570681677492134,12.346606330746763,12.435595512390137,4673691
2011-11-04,12.731027331228633,12.731027331228633,12.436000769510136,12.543028831481934,1321947
2011-11-08,12.650451343927935,12.762289574057835,12.506546336907554,12.6745023727417,375804
2011-11-09,12.528191789493595,12.727013361863712,12.528191789493595,12.668088912963867,3698739
2011-11-11,12.540216687836136,12.74665433937797,12.506544495537788,12.697349548339844,2183445
2011-11-14,12.731024078737422,12.731024078737422,12.454838008303451,12.518172264099121,187506
2011-11-15,12.514966078606083,12.586317602046188,12.189876348424072,12.295300483703613,353529
2011-11-16,12.346609288216992,12.346609288216992,12.073630245530525,12.15500259399414,307494
2011-11-17,12.256414613225596,12.256414613225596,11.945354414250984,12.051178932189941,1159290
2011-11-18,11.945356102033974,12.185465995090642,11.900461097961513,11.983436584472656,4593204
2011-11-21,11.945354785789714,12.000672527618512,11.865184441642912,11.971811294555664,1451340
2011-11-22,11.945355873510335,12.105696576404249,11.865185522063378,12.044365882873535,11446182
2011-11-23,11.945355523905153,12.0247242981906,11.747335510974212,11.853560447692871,7787835
2011-11-24,12.02552682690133,12.25801987374329,11.801450694744588,12.02392292022705,13863366
2011-11-25,12.00107415468845,12.225951852816413,11.872801742416863,11.977023124694824,3015837
2011-11-28,12.10569271952641,12.169828526100234,11.944951658883715,12.045965194702148,1431936
2011-11-29,12.001876239238202,12.185866047212054,11.946157327060304,12.090063095092773,220671
2011-11-30,12.041559025230901,12.153797659624322,11.898054433142187,12.074830055236816,4273236
2011-12-01,12.105693841018322,12.3061185389729,11.803051343609548,11.923306465148926,879516
2011-12-02,12.02552495218378,12.135759268370814,11.977422897790046,12.07282543182373,322938
2011-12-05,12.077634257501327,12.185864252764132,11.945353993198601,12.013898849487305,4096323
2011-12-07,12.129747436125804,12.306121147153457,12.04155982369524,12.241985321044922,530244
2011-12-08,12.185864825628572,12.438400988502565,12.097677978614374,12.226350784301758,3763584
2011-12-09,12.169831128343295,12.306120030298665,11.970207223938075,12.264832496643066,533412
2011-12-12,12.07522963604678,12.306119487193083,12.07522963604678,12.251604080200195,839223
2011-12-13,12.105297749169736,12.2255529211141,11.817085745541556,11.934535026550293,5232150
2011-12-14,12.025525790230379,12.13736326371882,11.905270645865583,12.037550926208496,1709433
2011-12-15,11.624677350282235,12.049579458038618,11.435875786134847,11.975822448730469,2250369
2011-12-16,12.041559427655944,12.105696008571806,11.640708446140314,11.785816192626953,438372
2011-12-19,12.027930239259254,12.096877025060898,11.192557603226856,11.26992130279541,6148296
2011-12-20,11.279944183947904,11.328046246153075,10.983313791126953,11.11719799041748,2848329
2011-12-21,11.231842049598818,11.326443023633615,10.982913311598367,11.155279159545898,759627
2011-12-22,11.047450628270358,11.28796170164681,11.02380000561702,11.160090446472168,2133351
2011-12-23,11.223422725613641,11.263908684825417,11.023798062759202,11.215405464172363,1196316
2011-12-26,11.223825170604716,11.303995528810857,11.152874816111947,11.27072525024414,234036
2011-12-27,11.303995328228291,11.303995328228291,10.983313901094029,11.080320358276367,985644
2011-12-28,11.006963806649,11.143654645875484,10.763247209518617,10.870674133300781,2078010
2011-12-29,10.903943073061011,11.135635246205615,10.582460910594447,10.804131507873535,3265713
2011-12-30,10.63858458406945,11.199375244529762,10.341954899813379,10.825380325317383,6083154
2012-01-02,10.86305793499461,11.023398636615108,10.750820049393655,10.842615127563477,1220472
2012-01-03,11.062681869767067,11.275934836613413,10.831390819968359,11.131227493286133,910008
2012-01-04,11.036227080826492,11.4450953762811,11.036227080826492,11.3416748046875,2594493
2012-01-05,11.223822808523915,11.368128968775297,11.191755277523601,11.313212394714355,2890008
2012-01-06,11.295575410002881,11.400197186310058,11.064685555026132,11.274730682373047,1299870
2012-01-09,11.223822388492104,11.656740853045035,11.223421979596662,11.52886962890625,2407680
2012-01-10,11.528872160665655,11.72088000040342,11.464335164164039,11.578978538513184,1932183
2012-01-11,11.623073380428389,12.109304644797987,11.560539939157811,11.791831016540527,2196909
2012-01-12,11.90527070348903,11.90527070348903,11.648725889657934,11.73971939086914,1283535
2012-01-13,11.91328743315391,12.262428125306398,11.91328743315391,12.187067985534668,10851489
2012-01-16,11.96138906997502,12.158205569217444,11.929320781573166,12.02993392944336,6820110
2012-01-17,12.225951439976566,12.306121032637018,12.065610740822198,12.112911224365234,2515392
2012-01-18,12.025526519051132,12.249601888554816,11.82510025707378,12.021918296813965,863973
2012-01-19,12.200299776595694,12.266840340286421,11.881623385007629,11.975822448730469,1795959
2012-01-20,12.145779658391218,12.201898972170357,11.632690087124763,11.765372276306152,4376097
2012-01-23,11.903262189337743,11.90446492966863,11.720875587619426,11.74372386932373,21287376
2012-01-24,11.941346762502603,11.941346762502603,11.624674757467774,11.678388595581055,4397778
2012-01-25,11.744928693875206,11.756553419664813,11.313212204045016,11.470746994018555,4678839
2012-01-27,11.470346885064357,11.82109149250487,11.408215376771585,11.498806953430176,7253235
2012-01-30,11.374944530619498,11.695625168392585,11.066690194706881,11.129222869873047,4742397
2012-01-31,11.144052212249878,11.463530039374453,11.1436518033905,11.266311645507812,6508854
2012-02-01,11.191623992987042,11.447987957175524,11.029730132449334,11.129046440124512,8898516
2012-02-02,11.0620311221325,11.441532399192987,11.0620311221325,11.398333549499512,2880009
2012-02-03,11.497647074739483,11.771371099317276,11.345443322468867,11.547708511352539,3248586
2012-02-06,11.386621724543582,11.900965814787947,11.386621724543582,11.8573637008667,3207006
2012-02-07,11.707986583773554,12.127859068340987,11.707986583773554,11.968791961669922,10230858
2012-02-08,12.144008107991997,12.466178908409363,12.031369120836397,12.394720077514648,20086308
2012-02-09,12.425000683954256,12.794004436641085,12.403199243330882,12.473043441772461,4753683
2012-02-10,12.819841380105395,12.819841380105395,12.314783325310074,12.366864204406738,4707351
2012-02-13,12.370498030705782,12.515434388270192,12.366864711327748,12.410062789916992,3108402
2012-02-14,12.55580852973051,12.55580852973051,12.265127702555096,12.343853950500488,4160277
2012-02-15,12.426614787675708,12.475061584371828,12.127859287269171,12.243324279785156,33524568
2012-02-16,12.321647571978083,12.566305060605888,12.232828690901433,12.240096092224121,2533410
2012-02-17,12.27320194588113,12.52593265496926,12.041061319779983,12.08789348602295,4326300
2012-02-21,12.312766102482783,12.312766102482783,11.974445057932353,12.02733325958252,9758232
2012-02-22,12.030965814352461,12.256243802416007,11.982518254829786,12.071338653564453,9610128
2012-02-23,12.192455752388948,13.225987942791189,12.192455752388948,12.295405387878418,13890393
2012-02-24,12.29540693583071,12.475063388190227,11.724540447144555,11.852117538452148,32773851
2012-02-27,11.910657960904546,12.110905261412363,11.788732867417112,12.050346374511719,11494494
2012-02-28,12.111710794743924,12.680153726249827,12.111710794743924,12.634532928466797,7401141
2012-02-29,12.634531033790152,13.266357985830027,12.634531033790152,13.064093589782715,12570624
2012-03-01,12.838414740890244,13.80735078190355,12.75807385768468,12.86707878112793,5155821
2012-03-02,13.20176487019314,13.403626797626096,12.419348643237464,12.759688377380371,4220568
2012-03-05,12.918756099930553,12.951457500004139,12.515434766535089,12.581241607666016,2027718
2012-03-06,12.5154357776144,12.789968688446931,12.378170084539674,12.6022367477417,2105631
2012-03-07,12.475467108906354,12.571956672825106,12.370094741805323,12.433883666992188,2223342
2012-03-09,12.500900447901152,12.829935408571073,12.479099769117994,12.590124130249023,1796751
2012-03-12,12.636551105938523,12.837605700611334,12.523508830372444,12.654315948486328,1561923
2012-03-13,12.677327032308103,13.007574100912606,12.654315756328069,12.936115264892578,3389463
2012-03-14,12.960338240244543,13.242137756176614,12.943382241777448,13.164621353149414,7436286
2012-03-15,13.161390761085103,13.314805863275682,13.039870497176045,13.157353401184082,6704280
2012-03-16,13.30673396519646,13.443999656890451,12.636552662730514,12.850123405456543,11282040
2012-03-19,12.56388158813103,12.909065236238568,12.273200781796573,12.616769790649414,2161368
2012-03-20,12.838009927386292,12.838009927386292,12.402392013794284,12.635340690612793,1831797
2012-03-21,12.580031899154974,12.903414127958053,12.5154356517236,12.850123405456543,1035639
2012-03-22,12.919160206761624,12.989408457996449,12.434692137354467,12.573976516723633,2613105
2012-03-23,12.761706027995507,13.71853066349989,12.475869159296172,12.547327995300293,2324718
2012-03-26,12.557826572352138,12.596180737684168,12.328915990436753,12.365653991699219,1136916
2012-03-27,12.378575373282569,12.596181976205706,12.37817133222545,12.403202056884766,4529151
2012-03-28,12.434689919981698,12.435093198601708,12.152083088328022,12.192051887512207,1479060
2012-03-29,12.127859958164446,12.127859958164446,11.934071998318496,12.015625,2981781
2012-03-30,12.055190575811753,12.321647990432314,12.030967174482612,12.312362670898438,2634192
2012-04-02,12.340215221841376,12.507357015702727,12.242514329885799,12.29903507232666,1328976
2012-04-03,12.313574497712136,12.337797899958316,11.990595546982545,12.264320373535156,1392138
2012-04-04,12.23282735612497,12.312764950244802,12.09556168901298,12.196087837219238,3437874
2012-04-09,11.990594895949048,12.193667422777997,11.966370732676591,12.127053260803223,5187006
2012-04-10,12.074165534258494,12.296617552959166,12.030967451867845,12.157332420349121,4392432
2012-04-11,12.139970243797718,12.139970243797718,11.99059326038365,12.061244010925293,7434999
2012-04-12,12.043483511840241,12.176308570097147,11.951434579323267,11.99261474609375,5162949
2012-04-13,12.09556224670722,12.12705228421083,11.999071929403385,12.091524124145508,1417482
2012-04-16,12.08829585443341,12.192456859909912,11.966370767442095,12.010376930236816,662508
2012-04-17,12.063263422310849,12.14400833497344,12.006741907212897,12.116150856018066,477378
2012-04-18,12.041059590637161,12.814189689595052,12.040655549672447,12.287734985351562,16954443
2012-04-19,12.353541651644454,12.559844978090997,12.321647571174772,12.345870971679688,1857636
2012-04-20,12.345871684643628,12.34990904535118,12.08748898511698,12.113327026367188,2106819
2012-04-23,12.192456867771842,12.273201029600706,11.869477171090407,11.881993293762207,3838923
2012-04-24,12.103232890868995,12.112114930859406,11.829104061062818,11.865842819213867,8158788
2012-04-25,11.95022056383288,12.273199456782882,11.86947565001003,11.990188598632812,4847139
2012-04-26,11.738266522550397,11.950221072727288,11.385008176580815,11.81699275970459,17491716
2012-04-27,10.909826200138845,11.885626409494895,10.909826200138845,11.803670883178711,2177307
2012-04-30,11.789540830253904,11.923577251028586,11.708796659770282,11.881186485290527,3306204
2012-05-02,11.900967925017891,12.014413487171327,11.7487633967125,11.77177619934082,1774080
2012-05-03,11.796805037644116,11.860593189493747,11.563453106422712,11.67286205291748,6763086
2012-05-04,11.573143707944848,11.690224115936823,11.4657541851358,11.509355545043945,2475693
2012-05-07,11.473424671697268,11.750378760922246,11.126625617510847,11.510566711425781,2750121
2012-05-08,11.565875475057561,11.566278753656945,11.30426277760776,11.42053508758545,1115829
2012-05-09,11.321220214305974,11.426187769973998,11.313952813327091,11.382988929748535,728046
2012-05-10,11.312742193122814,11.701123901724797,11.312742193122814,11.562646865844727,1150776
2012-05-11,11.44960305843421,11.498049853806997,11.223518521588801,11.303455352783203,3145725
2012-05-14,11.332523273255788,11.384603386975815,10.828675846006618,10.982090950012207,3957129
2012-05-15,10.837558445688874,11.102401191202034,10.755198890436635,10.788304328918457,2977920
2012-05-16,10.78749884079873,10.819796202859187,10.585636897383893,10.6486177444458,1019106
2012-05-17,10.675264393191714,11.043460921205245,10.416881653851636,10.506507873535156,2893275
2012-05-18,10.283651197556148,10.551724026453924,9.932008201892382,10.004274368286133,6286500
2012-05-21,9.971975000419814,10.326040673339193,9.971975000419814,10.167780876159668,2417778
2012-05-22,10.262652510870938,10.294950620584641,10.070884056774554,10.147591590881348,687456
2012-05-23,10.155264229555371,10.212997102290501,9.836322716844997,9.949769020080566,2505789
2012-05-24,9.9723809128301,10.10924333598534,9.907381381915958,10.066852569580078,1066923
2012-05-25,10.112067927853607,10.112067927853607,9.955826803263806,10.025671005249023,933966
2012-05-28,10.052719487288025,10.303028191614619,10.038588726851048,10.27396011352539,950499
2012-05-29,10.215017510291965,10.335327202028461,10.202502911648315,10.276787757873535,1017126
2012-05-30,10.29535923235879,10.29535923235879,10.093093997470348,10.133870124816895,397089
2012-05-31,10.01234832116755,10.125390603235482,9.995795600555335,10.048279762268066,1370457
2012-06-01,10.05393450207666,10.22753571415381,9.806451707417116,9.853283882141113,1032867
2012-06-04,9.849243423231908,10.125390178609509,9.608624066479127,9.99740982055664,1752003
2012-06-05,10.012348219708448,10.085018420803184,9.689369294062464,9.722070693969727,3671811
2012-06-06,9.891634683213331,10.172626132749587,9.753561679698159,10.019211769104004,4560534
2012-06-07,10.295358618380796,10.44029651886413,10.135080881195103,10.328868865966797,1902384
2012-06-08,10.281629976348109,10.617932290071845,10.254983859044946,10.471784591674805,3082761
2012-06-11,10.568278027797271,10.593712794055643,10.288497123638459,10.359956741333008,1611918
2012-06-12,10.191598684594592,10.39507597135923,10.15768669286537,10.197654724121094,6334119
2012-06-13,10.071694691006481,10.295357287593514,10.071694691006481,10.179085731506348,4589442
2012-06-14,10.109646437791275,10.24650885855175,10.014367462965563,10.062006950378418,1769130
2012-06-15,10.068467027802177,10.068870306495565,9.939679329077599,9.982473373413086,1356894
2012-06-18,10.014770069134569,10.157688510896499,9.952597310828603,9.991353988647461,1147410
2012-06-19,10.15768741202777,10.16172477199795,9.903744635912503,10.101569175720215,753984
2012-06-20,10.111661156535526,10.212996133136295,10.111257115658658,10.178276062011719,1839321
2012-06-21,10.25457881667902,10.400323211432372,10.141535810969186,10.36035442352295,2498760
2012-06-22,10.349861825245299,10.487936369541368,10.254179571427951,10.376508712768555,2175723
2012-06-25,10.38377086380693,10.544454114620462,10.35147351209722,10.458056449890137,1165230
2012-06-26,10.479052686326868,10.495605407624913,10.383773719197851,10.453214645385742,547965
2012-06-27,10.254176733119463,10.481070107201608,10.254176733119463,10.446752548217773,1861299
2012-06-28,10.608648246192839,10.698678490209899,10.445139716786786,10.60541820526123,1439955
2012-06-29,10.621162520413947,10.900135264741875,10.621162520413947,10.823832511901855,3630825
2012-07-02,10.818990958337757,11.062032351816724,10.749954056769539,10.936071395874023,1595781
2012-07-03,10.738647858139414,11.08544617243135,10.738647858139414,11.042652130126953,1132956
2012-07-04,10.870664030119203,11.083427439338681,10.870664030119203,11.016813278198242,2566575
2012-07-05,10.878738807332438,11.113706938146425,10.878738807332438,11.018831253051758,1908423
2012-07-06,10.496414102981241,11.299823763850167,10.496414102981241,10.972000122070312,2450151
2012-07-09,11.020444082083168,11.020444082083168,10.779421474769405,10.80647087097168,598257
2012-07-10,10.883986663368207,10.908614103151644,10.715230191147183,10.75439167022705,1624392
2012-07-11,10.884391632211942,10.884391632211942,10.566256617369563,10.640542984008789,1936737
2012-07-12,10.640542649528804,10.957061490459596,10.617529847648285,10.773366928100586,3101472
2012-07-13,10.730975491833036,10.86016720516604,10.688180693909773,10.788304328918457,1191762
2012-07-16,10.779018894940604,10.892869256380433,10.739454135237334,10.805665016174316,3666069
2012-07-17,10.755603130747254,10.82786928694521,10.579579256070831,10.720479011535645,3177801
2012-07-18,10.779826622401192,10.803241939735308,10.561411988091862,10.646193504333496,1185822
2012-07-19,10.686564857367522,10.737838414470646,10.642156184467224,10.698273658752441,2523609
2012-07-20,10.663150735407411,10.722499023384088,10.514985085336827,10.576754570007324,547371
2012-07-23,10.53718811764801,10.616721671859231,10.33532544971369,10.504082679748535,842193
2012-07-24,10.714423110929264,10.714423110929264,10.293742519164292,10.32967472076416,2363328
2012-07-25,10.335729428829978,10.336133469772772,10.062408690833829,10.153650283813477,8168094
2012-07-26,10.174240776023229,10.198060898206851,9.93927416912733,10.080981254577637,1497375
2012-07-27,10.051912551201962,10.327251983996861,9.898497434653487,9.990949630737305,1119294
2012-07-30,9.892443858155877,10.051511013777207,9.128598125853092,9.254963874816895,13564089
2012-07-31,9.243255813080127,9.511731167704225,9.051486504669022,9.383347511291504,46945602
2012-08-01,9.487910363918015,9.899304879125328,9.4487496458701,9.862969398498535,7482024
2012-08-02,9.242042850704363,10.534765806461822,9.242042850704363,10.430201530456543,6091767
2012-08-03,10.263059091016332,10.512560468428866,10.173432138380123,10.26871109008789,2840409
2012-08-06,10.335327934622125,10.492780441802623,10.133466742837411,10.247316360473633,12175515
2012-08-07,10.012351081708946,10.658309117646079,10.012351081708946,10.288497924804688,2860605
2012-08-08,10.416476158407713,10.416476158407713,9.980050146418113,10.319581031799316,2694186
2012-08-09,10.319580993816553,10.33411579639335,10.136291232800119,10.184334754943848,397386
2012-08-10,10.066849503114764,10.286877990230229,10.053122784642156,10.183525085449219,2237499
2012-08-13,10.214209733199803,10.25458257676034,10.029304564432184,10.21905517578125,669141
2012-08-14,10.21299975706692,10.214210355444528,10.134273507786487,10.161726951599121,884367
2012-08-16,10.165759839839579,10.213399308104211,10.093089658336224,10.122965812683105,351846
2012-08-17,10.093092051451414,10.22147645038513,10.093092051451414,10.171010971069336,654390
2012-08-21,10.171818290665026,10.181507650496194,10.012347894419305,10.171010971069336,2271357
2012-08-22,10.327253901798322,10.337751345409371,10.060796459666719,10.209770202636719,2502126
2012-08-23,10.21299920390429,10.214209802216331,10.101570795291162,10.154458999633789,4602213
2012-08-24,10.142344702803573,10.169394860564953,9.826633234372176,9.90414810180664,1344717
2012-08-27,9.93967942429136,10.012349635663178,9.813716962238628,9.932008743286133,2732202
2012-08-28,9.969555580656198,10.19806291326204,9.829059828072014,10.07452392578125,1197108
2012-08-29,10.02042260087561,10.23843321335431,10.02042260087561,10.172223091125488,3954852
2012-08-30,10.098343771173969,10.1496165853116,9.919897118559456,10.083406448364258,2604393
2012-08-31,10.012349929220951,10.164149676645588,9.923126992447777,10.020423889160156,1930896
2012-09-03,10.164954846445236,10.164954846445236,9.95784497235379,10.070483207702637,257796
2012-09-04,10.130640951395115,10.130640951395115,9.972381121209187,10.020423889160156,2299869
2012-09-05,10.034552228682069,10.052719587082832,9.788280882035552,9.84883975982666,561033
2012-09-06,9.947349246246024,10.052720853049896,9.869833598468734,9.942100524902344,2064447
2012-09-07,10.035778540450988,10.100946388031506,9.978757635177221,10.026411056518555,3350655
2012-09-10,9.979163630345653,10.019486107616594,9.872859616710702,9.906664848327637,2407284
2012-09-11,9.92988053339525,9.97794156328533,9.73722879760473,9.795064926147461,868428
2012-09-12,9.795063751017953,9.861452890645136,9.612187904907218,9.672468185424805,3020094
2012-09-13,9.750672987742604,9.905445684719265,9.571461767897304,9.586124420166016,2392830
2012-09-14,9.644773431091464,9.77388627293188,9.531545318848567,9.617077827453613,1575288
2012-09-17,9.620334535790168,9.864712773095683,9.54865099117096,9.740079879760742,8697051
2012-09-18,9.775109352696177,9.897298104241777,9.73438002521009,9.784884452819824,3757050
2012-09-20,9.696906179142697,9.905441853786735,9.53072874861235,9.84679126739502,9880200
2012-09-21,9.846792848226864,10.100945430059998,9.707496529552786,9.973868370056152,14562108
2012-09-24,10.019485553448273,10.03577712850765,9.612189255178675,9.654141426086426,5708340
2012-09-25,9.672877626649706,9.832131004132782,9.504256765355787,9.639886856079102,7846839
2012-09-26,9.652918449822348,9.734378631304589,9.61218912816846,9.65821361541748,4000590
2012-09-27,9.734380749324359,9.85656950995925,9.57105427276437,9.669620513916016,24282324
2012-09-28,9.840276192741769,9.921735614833153,9.05012202880858,9.844756126403809,6001479
2012-10-01,9.855344485755145,10.149819503181428,9.826833655276836,10.098907470703125,2040588
2012-10-03,10.117645591998599,10.26386447927697,9.938435164600408,10.03781509399414,3138894
2012-10-04,10.060216511309088,10.182405266838924,9.978757853680776,10.066326141357422,1814670
2012-10-05,10.10338836016944,10.141674292203527,9.946172315082437,9.970202445983887,625086
2012-10-08,9.965724032193014,10.166113589294012,9.96246540904843,9.982015609741211,3618054
2012-10-09,10.08465270049669,10.086689243530714,9.986901711212568,10.043923377990723,4620528
2012-10-10,9.949022794111094,10.053697869569973,9.938025616209163,10.02152156829834,493812
2012-10-11,10.098095347823026,10.182405010198117,9.978757602172768,10.109091758728027,1490049
2012-10-12,10.08220947750161,10.182403858635737,10.036591835687709,10.132307052612305,1370358
2012-10-15,10.116827262306714,10.344506273987335,10.052067819868435,10.28544807434082,2024451
2012-10-16,10.345325746088175,10.469551064490062,10.019488757105968,10.093616485595703,4446288
2012-10-17,10.174257217300402,10.393789303872627,10.08587371999311,10.381570816040039,3796452
2012-10-18,10.426376597973098,10.65487016225309,10.386054113795756,10.61617660522461,5145030
2012-10-19,10.630021802024297,10.785202064627466,10.434926682806525,10.57300090789795,4385106
2012-10-22,10.518015145975248,10.622282598637323,10.263861836140977,10.587254524230957,2083455
2012-10-23,10.54897173401628,10.589701829722799,10.394199062323624,10.432891845703125,613503
2012-10-25,10.431670314942522,10.581555433515115,10.431670314942522,10.538788795471191,821205
2012-10-29,10.467918333556515,10.47565611996651,10.133527675031937,10.18281078338623,6270759
2012-10-30,10.100943709783818,10.157964599938595,9.621148693220018,9.832128524780273,7763877
2012-10-31,9.89566820458439,10.05206979118972,9.840275463270157,10.019078254699707,2098503
2012-11-01,10.060217299524833,10.064290386542849,9.940472694267315,10.02478313446045,1010295
2012-11-02,10.01948615251221,10.15796647151474,9.930288177872958,9.981200218200684,12601512
2012-11-05,9.87286128087106,10.010120311780588,9.75393037214232,9.774295806884766,8975043
2012-11-06,9.734788289461138,9.954321226995383,9.620337309008718,9.811359405517578,11978208
2012-11-07,9.823985440326824,9.95432037279248,9.70831238983539,9.883450508117676,13350942
2012-11-08,9.775518391963454,9.883451356239073,9.736010369426321,9.811359405517578,8319366
2012-11-09,9.77551765657668,9.978758230185758,9.530731750888876,9.55476188659668,3229083
2012-11-12,9.645182322934435,9.693650208661243,9.573090380624473,9.619114875793457,569349
2012-11-15,9.607709972450664,9.833351724737629,9.548651759095304,9.616670608520508,3418866
2012-11-16,9.653328962159462,9.783256280569066,9.589790037366622,9.767778396606445,1193445
2012-11-19,9.75107811201862,9.815837566172663,9.702609464105338,9.760445594787598,6010884
2012-11-20,9.773884401437977,9.856566656586995,9.728675149906218,9.773477554321289,11551617
2012-11-21,9.571462922482066,9.897300704319584,9.422392990978576,9.82846736907959,1099197
2012-11-22,9.7188990287707,10.043921388297347,9.7188990287707,9.887519836425781,2807046
2012-11-23,9.897297439470464,9.897297439470464,9.571459765117929,9.705867767333984,1096821
2012-11-26,9.710347001468751,9.848420452833343,9.705866299589667,9.744967460632324,3183246
2012-11-27,9.552320407668953,9.827245365277484,9.552320407668953,9.693244934082031,2472129
2012-11-29,9.6138177933041,9.954317285377378,9.6138177933041,9.866340637207031,410058
2012-11-30,9.803212168986517,9.892002529933302,9.628481684666845,9.663102149963379,946836
2012-12-03,9.669209537849968,9.78325363236587,9.621149279116455,9.649660110473633,3064149
2012-12-04,9.709943023985868,9.814209741232103,9.623188426880201,9.767778396606445,1521036
2012-12-05,9.70301755003997,10.003194627557397,9.70301755003997,9.839461326599121,1801800
2012-12-06,10.010526540700054,10.010526540700054,9.65332852750941,9.717272758483887,480744
2012-12-07,9.77551658795931,9.871637889370353,9.654549151828705,9.74415397644043,1756260
2012-12-10,9.849643329496288,9.897296743776883,9.65454820104496,9.790992736816406,5901885
2012-12-11,10.263866593417465,10.36161761593525,9.702205830320493,9.760855674743652,4320261
2012-12-12,9.970612030254847,9.970612030254847,9.530731725820123,9.590197563171387,7289073
2012-12-13,9.677357494742987,9.757186446569229,9.563721004506407,9.683058738708496,1330362
2012-12-14,9.683061425684057,9.69365176039199,9.474118813330195,9.624411582946777,2735172
2012-12-17,9.628480411715602,9.687131771371885,9.476967155166037,9.53235912322998,4678839
2012-12-18,9.421983608336486,9.676949904332815,9.421983608336486,9.565351486206055,548856
2012-12-19,9.571461895820661,9.95432132532194,9.556393165176,9.727049827575684,3020292
2012-12-20,9.465564656552688,9.764927310789608,9.465564656552688,9.671249389648438,571131
2012-12-21,9.677357358046489,9.750670601447998,9.57756905468323,9.652104377746582,878031
2012-12-24,9.693650953404633,9.750265016848461,9.571461419854376,9.718496322631836,751212
2012-12-26,9.722161898072843,9.938028589435742,9.652920956558152,9.88956069946289,1116819
2012-12-27,9.93761969506945,10.08465303096834,9.897704834651641,10.02803897857666,1703097
2012-12-28,10.34369370186025,10.36161420402925,9.954318667349916,10.33880615234375,3488562
2012-12-31,10.338807303882735,10.801495632674929,10.30459368436925,10.653240203857422,2959605
2013-01-01,10.711889153524913,10.833670269984813,10.46751091906061,10.551414489746094,1414017
2013-01-02,10.548973496889488,10.792536572003502,10.509058627078403,10.750992774963379,25872957
2013-01-03,10.747324962775071,10.821045829959543,10.589702050170375,10.618618965148926,828927
2013-01-04,10.64835085017284,10.777056835329796,10.555079791786412,10.731846809387207,685377
2013-01-07,10.732661900066288,10.873993999156603,10.589701643135164,10.607622146606445,576774
2013-01-08,10.601512015202061,10.792941683688126,10.545712426050903,10.745695114135742,1469754
2013-01-09,10.746101842935955,10.8748078281054,10.732253657592983,10.813713073730469,2032371
2013-01-10,10.777059144853277,10.988852749272835,10.548973192263992,10.586443901062012,8990289
2013-01-11,10.560783397696806,10.809641598832535,10.439409111994419,10.513943672180176,3935646
2013-01-14,10.670754858578631,10.704153248632075,10.524535190284274,10.605587005615234,389466
2013-01-15,10.573002825645858,10.752620097534438,10.542455445591639,10.584406852722168,1450449
2013-01-16,10.749766730664561,10.749766730664561,10.465474406627601,10.50376033782959,966438
2013-01-17,10.589292373722746,10.67115862902107,10.448367912908397,10.570556640625,1108701
2013-01-18,10.527387185892938,10.669941396957148,10.439411268309733,10.627581596374512,406098
2013-01-21,10.654868135862454,10.72777376367599,10.44348142319764,10.50253963470459,880506
2013-01-22,10.548971807596164,10.589701903586779,10.345323634905085,10.36650276184082,643203
2013-01-23,10.332695708536892,10.508240630131995,10.080579696611716,10.146968841552734,2784276
2013-01-24,10.256126000518524,10.256126000518524,9.76696336857811,9.81991195678711,2959506
2013-01-25,9.819913266641501,10.573411323834756,9.655365466397955,10.01785945892334,10024146
2013-01-28,10.017856590206065,10.752618697379313,10.017856590206065,10.60925006866455,7889310
2013-01-29,10.580740111903914,10.609250176171145,10.372611259142403,10.45366382598877,5239872
2013-01-30,10.50849798937608,10.601388897234337,10.360364437647535,10.419290542602539,380259
2013-01-31,10.402103813399641,10.510135783063571,10.246195347319999,10.422155380249023,832491
2013-02-01,10.489673992798194,10.59852424465286,10.324763581773317,10.404150009155273,247896
2013-02-04,10.541235612906068,10.55801324863779,10.327627326063137,10.389418601989746,405009
2013-02-05,10.389418964657558,10.475761241622564,10.181130710244137,10.4548921585083,1415304
2013-02-06,10.393510689340248,10.525685673664775,10.392692399958996,10.42051887512207,6175521
2013-02-07,10.394329086547241,10.712694657362428,10.379188801086805,10.641491889953613,2371644
2013-02-08,10.647629094189627,10.653766650314118,10.393919229777191,10.42542839050293,1569249
2013-02-11,10.434840784980446,10.516682858332073,10.352998711628818,10.43852424621582,1389762
2013-02-12,10.557193977620566,10.557193977620566,10.381234717599673,10.43852424621582,1100385
2013-02-13,10.55760087158763,10.55760087158763,10.311665199924882,10.318622589111328,1008414
2013-02-14,10.37345888622438,10.37345888622438,10.023994492709367,10.071871757507324,583902
2013-02-15,10.003534043513335,10.193407309079355,9.902868998898196,9.972843170166016,714285
2013-02-18,10.107474133533515,10.143075519636758,9.854583287359059,9.876679420471191,819720
2013-02-19,10.060822824260034,10.060822824260034,9.832075018504515,9.8705415725708,610038
2013-02-20,9.912690399156743,10.02481459860414,9.861948726258044,9.940107345581055,461835
2013-02-21,9.983075876917146,9.983485408032994,9.8234839191717,9.894686698913574,839520
2013-02-22,9.943789528884926,10.025631599262178,9.74982404617385,9.869722366333008,636669
2013-02-25,9.78706224863752,9.984710424637749,9.633199121615368,9.6614351272583,1538460
2013-02-26,9.787880898432292,9.787880898432292,9.196572974067786,9.361075401306152,1768239
2013-02-27,9.451102346392526,9.477291471823044,9.229719896285703,9.327521324157715,916641
2013-02-28,9.370896623515957,9.452738701007389,9.175704076170506,9.226855278015137,905058
2013-03-01,9.299283279426382,9.575499560905387,9.248132087571012,9.521893501281738,1123056
2013-03-04,9.575910223553308,10.43238648192539,9.460923174455614,10.11033821105957,5863275
2013-03-05,10.132027455785444,10.230237650689643,9.706449686967185,10.1598539352417,2214333
2013-03-06,10.05836685304531,10.307985259870737,9.988391916569492,10.186859130859375,831699
2013-03-07,10.08333063116445,10.270339509249924,10.06859910376713,10.19095230102539,381447
2013-03-08,10.295298292826521,10.295707823779006,10.067368818671184,10.105425834655762,2385603
2013-03-11,10.225733218322805,10.292025463843135,10.067369139351957,10.123022079467773,20933253
2013-03-12,10.123021332189913,10.188903269181395,9.862763650107354,9.975706100463867,257994
2013-03-13,9.98471009745112,10.066142636151291,9.78460705991302,9.87954330444336,462330
2013-03-14,9.661435259321559,9.98348351340565,9.534580315810812,9.630334854125977,1069200
2013-03-15,9.542763349997529,9.739184467970906,9.37089554788334,9.46910572052002,1773783
2013-03-18,9.411815522464527,9.613964634638094,9.329973466939643,9.434731483459473,415503
2013-03-19,9.496933859438391,9.532944001891483,9.289055126008936,9.348798751831055,518661
2013-03-20,9.359031033332178,9.411818818325672,9.182661446228863,9.247316360473633,453222
2013-03-21,9.41058715889477,9.410996689819205,9.166289599271614,9.234217643737793,613503
2013-03-22,9.21539763489499,9.410999712324244,9.045575151088546,9.345525741577148,2643300
2013-03-25,9.722815729919905,9.722815729919905,9.256316667591438,9.315242767333984,507078
2013-03-26,9.205577294364453,9.328340032679211,9.16629321810373,9.26204776763916,305019
2013-03-28,9.28087061075405,9.613966936997594,9.125370899827558,9.45560359954834,3851892
2013-04-01,9.354526552570269,9.608236398622479,9.16629066384118,9.288643836975098,456687
2013-04-02,9.248133718123478,9.534580597557422,9.248133718123478,9.48220157623291,600633
2013-04-03,9.494067860534525,10.096833378797527,9.49365832952069,9.967523574829102,10642104
2013-04-04,9.938877760299473,9.943788268445669,9.493657324777802,9.656113624572754,750123
2013-04-05,9.640973952415605,9.910643953577036,9.501843125878054,9.610283851623535,2056923
2013-04-08,9.684349309012662,9.780104601079806,9.57754595350309,9.703581809997559,2704977
2013-04-09,9.698263671198655,9.902869240948492,9.575500947508807,9.71176815032959,195624
2013-04-10,9.679439148417012,9.821026379866327,9.53457953243189,9.793608665466309,2125233
2013-04-11,9.771921197084923,9.771921197084923,9.452737371568581,9.510845184326172,666270
2013-04-12,9.58450229564729,9.648338902772116,9.428184321212148,9.50961685180664,140877
2013-04-15,9.53458060514952,9.616421908452876,9.329975801490939,9.364349365234375,357984
2013-04-16,9.36475536084507,9.52639335531381,9.364346602615198,9.484654426574707,462924
2013-04-17,9.494068256146749,9.567316358173466,9.37089600335315,9.491613388061523,762498
2013-04-18,9.534170218592488,9.57468210825855,9.424093690980705,9.540718078613281,245916
2013-04-22,9.583686323588456,9.61642253797277,9.493659802281224,9.574274063110352,261261
2013-04-23,9.636470267393342,9.742456095288585,9.534986188754955,9.667980194091797,165033
2013-04-25,9.667982987578432,9.731001313784308,9.586140915177289,9.6614351272583,205029
2013-04-26,9.679438637103212,9.878315382073804,9.65734173612868,9.800564765930176,437778
2013-04-29,9.714224200953472,9.877499609211364,9.370897291166415,9.747370719909668,180378
2013-04-30,9.495706564292398,9.861949459228793,9.495706564292398,9.620924949645996,215919
2013-05-02,9.655707121398502,10.050186020675174,9.584913875700135,9.765785217285156,965943
2013-05-03,9.821027166926463,9.943789890608034,9.691307824511265,9.825528144836426,4205025
2013-05-06,9.895502278066004,9.895502278066004,9.741230403580573,9.822254180908203,2041875
2013-05-07,9.82102636609117,9.902868432771932,9.698262879720025,9.814069747924805,1021680
2013-05-08,9.861538286582686,10.37755044396959,9.843123299947619,10.208137512207031,3898422
2013-05-09,10.272383511470746,10.36936663375812,10.13775444522709,10.194634437561035,1505097
2013-05-10,10.17294650445332,10.769983216212019,10.164762065893498,10.649675369262695,8096220
2013-05-13,10.299800067851608,10.411104399411855,10.149210900052559,10.215093612670898,333234
2013-05-14,10.247013117687926,10.357909480899181,10.147984654270156,10.201591491699219,266805
2013-05-15,10.182768762604441,10.6394476977313,10.01744878898384,10.491722106933594,813285
2013-05-16,10.245786072955696,10.639445831436872,10.245786072955696,10.62021255493164,1114245
2013-05-17,10.5273226201169,11.048654842126561,10.48394555757852,10.827272415161133,1902384
2013-05-20,10.762208552865676,10.88169734051033,10.480672205179598,10.494175910949707,522522
2013-05-21,10.475758129821303,10.71310060854084,10.239235485617725,10.308801651000977,647559
2013-05-22,10.547783521169626,10.547783521169626,10.25478953447047,10.303485870361328,414711
2013-05-23,10.208138437697425,10.352180550395273,10.148394812918319,10.24496841430664,340560
2013-05-24,10.109108047597559,10.312076229829474,10.109108047597559,10.249876976013184,94842
2013-05-27,10.311669911619658,10.688552876021758,10.164764154564525,10.481901168823242,338184
2013-05-28,10.687733364799316,10.687733364799316,10.287934477042805,10.572335243225098,480348
2013-05-29,10.35463600275092,10.687733890095407,10.35463600275092,10.512591361999512,477576
2013-05-30,10.638626045423782,10.638626045423782,10.271155460836093,10.366909980773926,394713
2013-05-31,10.770390457744998,10.966810773919093,10.557602039456365,10.722513198852539,12070773
2013-06-03,10.794945837125168,10.844050929086913,10.598935000336244,10.674638748168945,520641
2013-06-04,10.68609360403127,11.207836075881152,10.68609360403127,10.859189987182617,2499156
2013-06-05,10.884970631406118,11.007733341880625,10.844458743774535,10.946761131286621,934956
2013-06-06,10.862056625865149,11.166508975422119,10.862056625865149,11.006098747253418,6853473
2013-06-07,11.048654296955219,11.08834789641096,10.79740007127044,10.858781814575195,4603995
2013-06-10,10.85223419543177,11.293770444295733,10.851415906104222,11.06911563873291,11281347
2013-06-11,10.966815262894114,11.187788209039388,10.720471477641459,10.7789888381958,713097
2013-06-12,10.778576153924474,11.08957476662002,10.745839173172312,11.04169750213623,1653993
2013-06-13,10.823587281357723,11.048652345898066,10.550235429089831,10.793715476989746,6139188
2013-06-14,10.8440513173322,10.99832321782703,10.72128858303261,10.85305404663086,1510443
2013-06-17,10.869421372707711,10.86983090375101,10.275659312430134,10.59361457824707,485694
2013-06-18,10.483942947781316,10.999547015991812,10.483942947781316,10.872692108154297,692505
2013-06-19,10.762207083698115,10.975813796956476,10.655812485330392,10.883333206176758,315909
2013-06-20,10.769572973908012,10.827271252923934,10.605070560460533,10.73397159576416,258093
2013-06-21,10.786353286910622,10.838322781299146,10.287526656137024,10.462668418884277,5976135
2013-06-24,10.454891964549665,10.459392942292755,10.161079727981402,10.235555648803711,15081561
2013-06-25,10.406197779697361,10.410289226957682,10.1573976058625,10.296119689941406,2470050
2013-06-26,10.115659250237842,10.318627499554411,10.115659250237842,10.234739303588867,87318
2013-06-27,10.45120797010456,10.45120797010456,10.089876449629177,10.18563175201416,96624
2013-06-28,10.483948225831917,10.513002527693688,10.247834212377443,10.445483207702637,1223343
2013-07-01,10.4512082239349,10.606299163263198,10.248649549612473,10.32680892944336,495297
2013-07-02,10.4102886471537,10.556785631918238,10.363639196682927,10.434022903442383,700623
2013-07-03,10.292434566825968,10.434429775130292,10.15862302380693,10.181129455566406,311949
2013-07-04,10.222051552530552,10.35299793280235,10.075554584512716,10.215503692626953,785367
2013-07-05,10.377142214746542,10.377142214746542,10.223279090137712,10.306349754333496,247797
2013-07-08,10.204455732382607,10.286297027715829,10.115657046068039,10.221233367919922,808434
2013-07-09,10.238828531375884,10.361182488900084,10.110337017584934,10.204864501953125,8138889
2013-07-10,10.148395152833489,10.28670769907145,10.034634379757193,10.071463584899902,2054745
2013-07-11,9.968342537380275,10.246195440431991,9.968342537380275,10.058777809143066,1827441
2013-07-12,10.140210225689648,10.186042157561056,9.984710518476076,10.024813652038574,325413
2013-07-15,10.025631990119493,10.140210274954539,9.984710566985491,10.064506530761719,1707354
2013-07-16,10.148801424893337,10.148801424893337,9.963838700480904,10.014171600341797,78309
2013-07-17,10.076781907886591,10.189314849946559,9.830847713965417,9.937241554260254,454212
2013-07-18,9.88568235259891,9.984710823723393,9.789108749667546,9.848034858703613,231462
2013-07-19,9.919235897955938,10.025630500516181,9.748186399144451,9.8316650390625,1774278
2013-07-22,9.784606186232487,9.943788561047361,9.674528894324517,9.743684768676758,247896
2013-07-23,9.821029106576159,9.926605456143635,9.739187017057972,9.873407363891602,242352
2013-07-24,9.94378866817868,9.94378866817868,9.674528998554916,9.749414443969727,15026121
2013-07-25,9.93560451130213,9.93560451130213,9.657342106387901,9.715041160583496,3126024
2013-07-26,9.665526206724694,9.812433482210787,9.260818383358405,9.539081573486328,2319570
2013-07-29,10.066551388305095,10.066551388305095,9.25836284752064,9.31769847869873,219483
2013-07-30,9.307471107165759,9.323839216348752,9.208033085986022,9.250590324401855,509355
2013-07-31,9.182659456044078,9.329974712028207,8.79759290817167,9.02961540222168,5694975
2013-08-01,9.044346029588297,9.321789347787682,9.044346029588297,9.142556190490723,1529550
2013-08-02,9.051712621050354,9.247724210919575,9.051712621050354,9.173248291015625,2434311
2013-08-05,9.142150781608,9.452740748677959,9.12537314049735,9.285374641418457,1483713
2013-08-06,9.190845234044463,9.764556526694271,9.138056680097996,9.342252731323242,1598751
2013-08-07,9.313606938745242,9.526395391827451,9.166700435844035,9.287008285522461,469062
2013-08-08,9.312788726214078,9.575500557870257,9.215805598920406,9.460103988647461,11141856
2013-08-12,9.575500947508807,9.901641420536576,9.460104373590386,9.71176815032959,396594
2013-08-13,9.820617598986004,10.049774939897182,9.609465715047154,9.88322639465332,371646
2013-08-14,9.959748921612638,10.06655229464929,9.791972560658454,9.856627464294434,292347
2013-08-16,9.85335381749613,9.960157185227988,9.64097335694426,9.749005317687988,313137
2013-08-19,9.739186530626178,9.803022383659748,9.618060367821045,9.709723472595215,298683
2013-08-20,9.616422427576884,9.711359457221908,9.391358058642894,9.669620513916016,364122
2013-08-21,9.812840609503331,9.812840609503331,9.575498879820053,9.728134155273438,225126
2013-08-22,9.699491224328293,9.821026114575217,9.58368435908932,9.60373592376709,1607364
2013-08-23,9.7166761854658,9.764962973273606,9.534577869728711,9.658568382263184,6663789
2013-08-26,9.55913525369052,9.72240913786703,9.543994191990315,9.639749526977539,4038606
2013-08-27,9.550949071810468,9.710131479070629,9.289055500493292,9.433915138244629,874170
2013-08-28,9.338158174190545,9.517800861509224,9.18265849600903,9.249768257141113,3201561
2013-08-29,9.190842918398364,9.632788639414533,9.190842918398364,9.514936447143555,1078902
2013-08-30,9.518210599341373,9.657342189343613,9.469105514093524,9.570999145507812,220374
2013-09-02,9.476880155024851,9.734273473385604,9.476880155024851,9.662252426147461,2671911
2013-09-03,9.575090157584654,9.738774282784096,9.575090157584654,9.629106521606445,129888
2013-09-04,9.759645588272535,9.780106686491623,9.559541765670478,9.736729621887207,270666
2013-09-05,9.742457148669883,9.780104634253028,9.591867206337309,9.633606910705566,100584
2013-09-06,9.693361767980107,9.867227659821218,9.668464457480766,9.802080154418945,391941
2013-09-10,9.709957936748959,10.0402635015072,9.709957936748959,9.965985298156738,345510
2013-09-11,9.776351168351901,10.033624392308743,9.776351168351901,9.9427490234375,2590929
2013-09-12,9.834445748223887,9.954783395590008,9.76805318490657,9.803324699401855,2565585
2013-09-13,9.86432281973113,9.917438125683354,9.710789277804617,9.789630889892578,6399855
2013-09-16,9.792951606359201,9.950634843641222,9.59460289004348,9.726973533630371,7690221
2013-09-17,9.568458915586135,9.713278582725373,9.553105249266139,9.57219409942627,154836
2013-09-18,9.602071516307872,9.634852911233125,9.502482270066512,9.534849166870117,1310463
2013-09-19,9.553103911897965,9.702487738084391,9.544390051257949,9.561403274536133,847638
2013-09-20,9.560986025477542,9.560986025477542,8.663022910488552,8.999966621398926,18833760
2013-09-23,9.244795314629625,9.244795314629625,8.838553461723981,8.99167251586914,860607
2013-09-24,9.12860566366354,9.293343157693268,8.699955953937286,8.948929786682129,1453122
2013-09-25,8.96221015481536,9.195415885609908,8.891253405026891,9.08752727508545,1931193
2013-09-26,9.087528411529215,9.242306259599374,8.97258548310853,9.164295196533203,1951983
2013-09-27,9.159311807221627,9.159727088800137,8.971337343134978,9.046030044555664,2094444
2013-09-30,9.062628068589502,9.14561935037305,8.846850892662308,9.021547317504883,1163250
2013-10-01,8.929844314668387,9.186702325779587,8.89747819781222,8.998727798461914,6088599
2013-10-03,9.13732355117117,9.16180558531828,9.037734287605872,9.0609712600708,839223
2013-10-04,8.968019528792329,9.295005267877007,8.921544808037572,9.004120826721191,6540633
2013-10-07,9.029433444569163,9.095827587767737,8.921545606354082,8.961795806884766,5647950
2013-10-08,9.086281509276851,9.086281509276851,8.92154475457204,9.013665199279785,1707750
2013-10-09,9.004532053169816,9.02942935587632,8.92154156651483,8.987934112548828,3696759
2013-10-10,9.037316444443773,9.212428968272896,8.96345429123831,9.119894027709961,1168596
2013-10-11,9.195415539636258,9.195415539636258,8.967189279705904,9.04146671295166,1986831
2013-10-14,9.120723418618333,9.162218673988058,8.830253496829176,9.037732124328613,1964556
2013-10-15,9.087527364859211,9.087527364859211,8.903286475229537,8.968019485473633,3137508
2013-10-17,9.04602964127743,9.04602964127743,8.846850418952062,8.919882774353027,830313
2013-10-18,9.012834078311016,9.419491187407154,8.888347527995986,9.050180435180664,2185029
2013-10-21,9.212014506981243,9.317828284013945,9.014495560993582,9.128608703613281,1238589
2013-10-22,9.054331551357544,9.295006109115048,9.021134871499516,9.136907577514648,5888025
2013-10-23,9.212012452415491,9.212012452415491,8.971752454080562,9.071342468261719,2642112
2013-10-24,9.070514987992029,9.11574543875605,8.869676899140885,8.959722518920898,2404809
2013-10-25,8.971338769037885,9.000801042840468,8.746433200072953,8.847681999206543,1524798
2013-10-28,8.838966663559056,8.979636649487373,8.821954221366008,8.894571304321289,932085
2013-10-29,8.946441196060821,8.963039140998694,8.838552595089025,8.91780948638916,985842
2013-10-30,9.046030875225972,9.046030875225972,8.838552261799911,8.943120956420898,653004
2013-10-31,8.972169823334317,8.972169823334317,8.723195927018601,8.86137580871582,2375703
2013-11-01,8.921129221965977,8.969678782339425,8.83855320609992,8.87341022491455,4802292
2013-11-05,8.863449304548373,9.02901659529311,8.805355325871224,8.91822338104248,968220
2013-11-06,8.921129170542812,8.921129170542812,8.813655844393164,8.859301567077637,1607364
2013-11-07,8.818634779532083,8.929842499762175,8.797057372680042,8.879218101501465,734184
2013-11-08,8.850587356381446,8.979638097026058,8.797058331500589,8.93191909790039,672408
2013-11-11,8.979636076734245,8.996234803356872,8.815313854601309,8.85971450805664,518067
2013-11-12,8.859716026561795,8.879633875082623,8.78045913058499,8.801207542419434,360657
2013-11-13,8.788760260571522,8.921546205230994,8.75556357851904,8.860962867736816,445104
2013-11-14,8.860962294936517,8.986278645024399,8.755563012532079,8.91947078704834,466290
2013-11-18,8.896646130774187,8.921543438705406,8.788757535222171,8.845191955566406,4938318
2013-11-19,8.903700096099218,8.913243737298808,8.838551816334029,8.870503425598145,3643299
2013-11-20,8.865939743735316,8.880047565529186,8.807430481364205,8.865525245666504,294327
2013-11-21,8.7970562432067,8.92154277358201,8.788756879998296,8.853489875793457,304722
2013-11-22,8.913244490221777,8.913244490221777,8.788757944764802,8.815730094909668,8023356
2013-11-25,8.813654516526379,8.880047074032435,8.813654516526379,8.850171089172363,441837
2013-11-26,8.820296366950105,8.870090992518863,8.755562570160354,8.817806243896484,457875
2013-11-27,8.763861752978121,8.83855368977478,8.763861752978121,8.79041862487793,293931
2013-11-28,8.785023274117286,8.863449599455723,8.730663693868518,8.789172172546387,599445
2013-11-29,8.838552991500263,8.846852356116553,8.697468494325047,8.767596244812012,375210
2013-12-02,8.764276129070998,8.837308505216445,8.672571748424325,8.756807327270508,438372
2013-12-03,8.67257037092477,8.830252798998677,8.67257037092477,8.779213905334473,264132
2013-12-04,8.772158596965479,8.830251786521123,8.676719057970383,8.743111610412598,435699
2013-12-05,8.797057059450497,8.797057059450497,8.672570517524578,8.72651481628418,511731
2013-12-06,8.6443536640862,8.763030969551897,8.6443536640862,8.682944297790527,585090
2013-12-09,8.763445404963186,8.79705736009456,8.69746812315031,8.712821006774902,515394
2013-12-10,8.672571421138306,8.723610320983116,8.672571421138306,8.690414428710938,2430252
2013-12-11,8.679210283060188,8.738963828310153,8.647673950917248,8.67008113861084,693495
2013-12-12,8.704521649416234,8.704521649416234,8.647672733103622,8.668835639953613,642411
2013-12-13,8.697471575840567,8.697471575840567,8.328160689272758,8.50119686126709,1244727
2013-12-16,8.672570756506,8.797057301862269,8.324008429508444,8.371312141418457,15019587
2013-12-17,8.444341380266515,8.444341380266515,8.299108045307204,8.334794044494629,1593207
2013-12-18,8.473391610327287,8.473391610327287,8.265913790043939,8.2879056930542,1136223
2013-12-19,8.357205007492336,8.46509361686966,8.260935665671997,8.346415519714355,656568
2013-12-20,8.506589330202093,8.506589330202093,8.216120946062745,8.25429630279541,2474604
2013-12-23,8.299112595724802,8.34060785703653,8.232719237365579,8.278364181518555,2461338
2013-12-24,8.327741977202761,8.42359759576805,8.257615014306005,8.329816818237305,1455399
2013-12-26,8.35720661501189,8.415300613320337,8.282514667279798,8.360111236572266,1624986
2013-12-27,8.365505936731523,8.398702618951624,8.274216040064319,8.347662925720215,1365804
2013-12-30,8.422353231314021,8.422353231314021,8.257615697552149,8.304920196533203,1214730
2013-12-31,8.258031485528146,8.788759130642218,8.258031485528146,8.543105125427246,1107612
2014-01-01,8.548495998348683,8.681281865803342,8.465090235297005,8.508660316467285,1242054
2014-01-02,8.492479955481382,8.67257115227368,8.427746948942069,8.47546672821045,1185822
2014-01-03,8.444760499438354,8.548084928416662,8.340607074230066,8.422768592834473,605682
2014-01-06,8.506587680719194,8.631074218861642,8.43604543969684,8.518621444702148,754182
2014-01-07,8.54808311876923,8.614475673291357,8.365502614395696,8.476710319519043,763488
2014-01-08,8.473392246238133,8.548084173119593,8.381271811309212,8.455549240112305,391446
2014-01-09,8.506587924478126,8.506587924478126,8.34890549401272,8.399114608764648,545292
2014-01-10,8.399115957377788,8.423598771582759,8.050138302938507,8.219855308532715,3008709
2014-01-13,8.216120160889728,8.423598006047571,8.216120160889728,8.346000671386719,500742
2014-01-14,8.315709840655142,8.465093709011164,8.238942281681561,8.348906517028809,380556
2014-01-15,8.266329916696636,8.37380323800141,8.249316689815354,8.306995391845703,598257
2014-01-16,8.258030227085833,8.33977645580456,8.25761494546229,8.264668464660645,3479949
2014-01-17,8.233133627842648,8.373803629761564,8.183753504347658,8.270479202270508,652014
2014-01-20,8.257613793906241,8.382100319829684,8.216118546448467,8.347243309020996,597069
2014-01-21,8.284170976125093,8.338529768051579,8.258029392340685,8.274212837219238,335115
2014-01-22,8.299109914988447,8.373386549783044,8.241015941076943,8.304088592529297,356202
2014-01-23,8.275455022791157,8.423594544536568,8.25221728175169,8.334794044494629,531531
2014-01-24,8.29911119924447,8.348905817859821,7.934779136533353,8.06673526763916,4754673
2014-01-27,8.066736189166031,8.06715068729753,7.743071131191439,7.865898132324219,7581420
2014-01-28,7.785811791299194,7.9671472880094605,7.785811791299194,7.925652027130127,23056704
2014-01-29,7.97576117888586,7.99246406541133,7.830026660678646,7.8663554191589355,8881389
2014-01-30,7.867605932389987,7.923979241266273,7.725628680831044,7.807474613189697,1418373
2014-01-31,7.803300639143311,7.803300639143311,7.750268991883879,7.754444122314453,378675
2014-02-03,7.758619106752786,7.804969751236206,7.5874119705732666,7.629586696624756,1888623
2014-02-04,7.632095140487668,7.803719435635107,7.457964189787603,7.700995445251465,1397682
2014-02-05,7.700158476229173,7.700158476229173,7.608708545123098,7.670927047729492,775863
2014-02-06,7.698905848867729,7.699323756121729,7.53312677223141,7.583236217498779,13178385
2014-02-07,7.658399252194504,7.812903483657773,7.558180376489047,7.642531394958496,8048304
2014-02-10,7.59325492889301,7.850483832622041,7.59325492889301,7.75318717956543,3056427
2014-02-11,7.750267133277036,7.808727618833185,7.683454023349806,7.7715630531311035,487773
2014-02-12,7.758618069757993,8.01751709289165,7.704332714406989,7.950286865234375,716958
2014-02-13,7.975757848141446,8.301469913150202,7.830440509393156,7.99246072769165,1029105
2014-02-14,7.912288060114886,8.12274771842409,7.825431956028363,8.091012001037598,554697
2014-02-17,8.067625081541527,8.117734510019822,7.850484487636908,7.931077480316162,1166913
2014-02-18,7.858838877533744,7.917300165136646,7.783674702831867,7.841300964355469,269874
2014-02-19,7.850902030400993,7.934000104741638,7.727298503975376,7.8337812423706055,272250
2014-02-20,8.009164351000859,8.009164351000859,7.766969026763927,7.791188716888428,239085
2014-02-21,7.896419478393951,7.896419478393951,7.696815964304822,7.756113052368164,1192851
2014-02-24,7.817078843760156,7.850485396112898,7.700157093281678,7.745672702789307,239382
2014-02-25,7.743170573060769,7.928992669284472,7.741499732279411,7.8851470947265625,260271
2014-02-26,7.808730697174003,7.867191994280779,7.722291685088636,7.796620845794678,9164430
2014-02-28,7.850486464313705,7.910199886408943,7.729387991246405,7.768640518188477,14835942
2014-03-03,7.767388674052171,7.900596211075688,7.6834547655919625,7.735234260559082,10444995
2014-03-04,7.6922244942653855,7.850486752492467,7.666751865563435,7.711432456970215,3772098
2014-03-05,7.726047321103072,8.101033075893435,7.726047321103072,8.086418151855469,3780117
2014-03-06,8.01751711898193,8.235911474159604,8.017099211791539,8.199581146240234,7806249
2014-03-07,8.435097696162302,8.435515603422278,8.034221339786937,8.162001609802246,8801199
2014-03-10,8.159496159755406,8.334880035104277,8.059277252987126,8.237584114074707,5418369
2014-03-11,8.23716372670892,8.334876727782786,8.101032441945943,8.27850341796875,1009800
2014-03-12,8.151559685776991,8.222130805821626,8.101450248024626,8.15782356262207,3593007
2014-03-13,8.184549381205033,8.617997256017851,8.101034166593895,8.331120491027832,11308473
2014-03-14,8.326528272617814,8.440109164898587,8.234659635101794,8.405867576599121,1165032
2014-03-18,8.405865715623236,8.683973490786352,8.32360265586129,8.546172142028809,10673586
2014-03-19,8.501907307466105,8.638872807123905,8.435094214727327,8.580828666687012,1584000
2014-03-20,8.495227079505266,8.681467801375497,8.46850231062215,8.501073837280273,419661
2014-03-21,8.560370487824109,8.617996739415478,8.101033680980665,8.270570755004883,3121569
2014-03-24,8.35659125234333,8.968344299415758,8.35659125234333,8.83471965789795,9114633
2014-03-25,8.787952934790912,9.01553421948846,8.785864975224559,8.851425170898438,4521528
2014-03-26,8.894435200686837,9.07817011229547,8.686480590322445,9.022632598876953,6591519
2014-03-27,9.011355114089527,9.562559734349252,8.902785188049537,9.29739761352539,4353525
2014-03-28,9.520383975127324,9.700360833025874,9.195090535704246,9.581350326538086,5565780
2014-03-31,9.487396488045226,9.964272021202278,9.412232321939593,9.587198257446289,3295611
2014-04-01,9.56256063631797,9.702032053471259,9.353771812083394,9.426012992858887,1723986
2014-04-02,9.521219993221852,9.729591678075659,9.199265861932988,9.270672798156738,3538854
2014-04-03,9.23851904439423,9.431440792569273,8.927840500414439,9.097795486450195,2290662
2014-04-04,9.020541076032597,9.704535188020818,8.644302444876116,9.491151809692383,40951845
2014-04-07,9.57968179352914,9.637308050549283,9.10322493886459,9.305749893188477,5336694
2014-04-09,9.211793923681814,9.562560008491209,9.130783792655102,9.486560821533203,6257295
2014-04-10,9.537505637908906,10.496684737781706,9.362122589072527,10.165544509887695,17269659
2014-04-11,10.355126363477899,10.355126363477899,9.904975609104541,10.053215980529785,14943852
2014-04-15,10.10541533591172,10.614025852164879,10.07200877353637,10.241127967834473,15661899
2014-04-16,10.272863342740294,10.492509869362285,10.022733242613016,10.062403678894043,7472421
2014-04-17,10.063654703488268,10.280796128005086,9.92167822476892,10.127961158752441,5620626
2014-04-21,10.139235521274475,10.31420062625049,10.031499848148952,10.230267524719238,4842486
2014-04-22,10.239039559844848,10.464532071865207,10.155941459086774,10.236117362976074,4471434
2014-04-23,10.24738886746739,10.398135078869602,10.08035768115101,10.31754207611084,8229969
2014-04-24,10.31754207611084,10.31754207611084,10.31754207611084,10.31754207611084,0
2014-04-25,10.234026976170293,10.43947567644212,10.105413274840293,10.378927230834961,3806154
2014-04-28,10.390201945765684,10.39771875637513,10.147171544463694,10.36723518371582,3372039
2014-04-29,10.272444612303081,10.606507806853351,10.152181168381318,10.43989372253418,6217299
2014-04-30,10.364313122287216,10.539696186255375,9.86321786530249,10.110424995422363,11550726
2014-05-02,10.110422995410431,10.295410793391591,10.064072357623134,10.1242036819458,5228487
2014-05-05,10.023984224260516,10.347607586578912,9.955501068269129,10.27578353881836,3672306
2014-05-06,10.173060474850207,10.339256647324103,10.155522565676568,10.290817260742188,2044152
2014-05-07,10.188093298332598,10.330905591795814,10.172225440948719,10.246136665344238,2963268
2014-05-08,10.156778320978749,10.314205594831014,10.063658313965927,10.107503890991211,6098103
2014-05-09,10.030249455653419,10.303345513687864,10.030249455653419,10.19310474395752,8359362
2014-05-12,10.23903743812143,10.63156188485823,10.232773561403901,10.409409523010254,9321048
2014-05-13,10.443653815812935,12.305220916193345,10.322973238235543,11.191954612731934,37588716
2014-05-14,11.204064444795112,11.550236715843896,10.957275244018087,11.073779106140137,13671702
2014-05-15,11.073778522347284,11.232876584849064,10.91301040802276,11.1180419921875,6781797
2014-05-16,11.232876429018258,13.341649574736394,11.15019546036861,11.825003623962402,22700304
2014-05-19,11.880125092432689,12.560780121703944,11.875949962275138,12.189552307128906,34206777
2014-05-20,12.27682385403368,12.987125758278234,12.27682385403368,12.554931640625,14847327
2014-05-21,12.560778208341757,12.805896553709047,12.30313210889731,12.600029945373535,11505186
2014-05-22,12.640119986800487,13.487806280874732,12.640119986800487,13.181720733642578,23555070
2014-05-23,13.9471398097202,14.364718978143653,13.537912476986538,13.615163803100586,22072446
2014-05-26,13.813515072179857,14.531750940311996,12.74493101379685,13.61015510559082,46164294
2014-05-27,13.571320654995088,13.646485612555262,13.04725943089729,13.198005676269531,10926630
2014-05-28,13.437694870180636,13.662770239815105,13.196751642042196,13.268157005310059,10289070
2014-05-29,13.395937086841883,13.418485152621626,13.112817561355506,13.178794860839844,15533100
2014-05-30,13.947139347305455,13.947139347305455,13.277759293864332,13.425999641418457,38155590
2014-06-02,13.529561328876989,14.028985673826561,13.529561328876989,13.968018531799316,29024721
2014-06-03,13.988898999334173,14.489993427528752,13.738769692470468,14.301247596740723,17543988
2014-06-04,14.401887018676332,14.606918652935246,14.197691199037168,14.4824800491333,20015028
2014-06-05,14.364719222815765,15.032427681078477,14.364719222815765,14.90548324584961,12223629
2014-06-06,15.048715582257476,15.575699781796178,15.048715582257476,15.342690467834473,18763866
2014-06-09,15.450429463586827,15.993281610705818,15.450429463586827,15.745240211486816,10082556
2014-06-10,15.826246460926393,15.900157685404608,15.249987131100985,15.417853355407715,6980688
2014-06-11,15.66756124015908,15.66756124015908,15.048710208429565,15.152687072753906,6457671
2014-06-12,15.247480513779937,15.247480513779937,14.757242279233271,15.10216236114502,9332631
2014-06-13,15.116359335104846,15.450423274127598,14.574341642750834,15.209897994995117,10167201
2014-06-16,15.433722029946445,15.566512442924864,14.840758996931974,15.246647834777832,6068601
2014-06-17,15.13306516618398,15.303437263232226,14.631969186092558,15.192778587341309,11520729
2014-06-18,15.24163778678073,15.49677884551309,15.118451341174012,15.21198844909668,8879409
2014-06-19,15.29174012115553,16.59416879588757,15.29174012115553,16.344038009643555,31455468
2014-06-20,16.399999992642446,16.661403310666017,16.152374996095066,16.27931785583496,11060478
2014-06-23,16.432988730834694,16.53654929411729,16.076794579150484,16.272220611572266,6464700
2014-06-24,16.293937199866587,16.911120034887986,16.211257790534326,16.77290153503418,12502314
2014-06-25,16.828435772907202,17.78886696901772,16.627998012919207,17.62601089477539,16562997
2014-06-26,17.780518043939747,18.24820671133876,17.47150954460514,17.654409408569336,20747430
2014-06-27,17.772164553705018,18.081173024290898,16.911950676068212,17.071048736572266,12951576
2014-06-30,17.195906054169832,18.04776656032215,16.48685785065397,17.96592140197754,16894548
2014-07-01,17.947543283047604,18.607319274942622,17.912885378183326,18.31960678100586,15306489
2014-07-02,18.515451238211984,18.7062849823753,18.122927626467277,18.23233413696289,9436185
2014-07-03,18.36847113731013,18.54051331453358,17.914144419021206,18.135461807250977,7847532
2014-07-04,18.26824775373554,18.45699355979513,18.156335365260542,18.258642196655273,7678539
2014-07-07,18.373482477770047,19.358969414313083,17.86153025489496,18.975631713867188,23519034
2014-07-08,19.083360042018356,19.165203605034037,17.7888635341992,17.900775909423828,19511514
2014-07-09,17.95130931530621,17.95130931530621,16.15864167115943,16.374113082885742,30887901
2014-07-10,16.385802693411467,16.525692809042994,14.744300858130936,15.317636489868164,70510770
2014-07-11,15.458777990211624,16.11354249023467,14.699620253272759,14.81612491607666,16231149
2014-07-14,14.840756429341651,15.191524032865548,14.219399468085097,15.024909973144531,9536967
2014-07-15,15.241635688485982,15.659213301053295,15.082955533366905,15.513062477111816,9713583
2014-07-16,15.508885347947363,15.858400866269406,15.224932375461304,15.510974884033203,8163540
2014-07-17,15.641677957884689,15.68427138284387,15.325989224678027,15.358142852783203,4138101
2014-07-18,15.28339263577155,15.644598493083603,15.057899378440741,15.450840950012207,7872975
2014-07-21,15.450431857997481,15.734384944616675,15.158961169472715,15.2366304397583,4732893
2014-07-22,15.216579799678453,15.759433363356838,15.158118525358605,15.395303726196289,7659432
2014-07-23,15.325149969554761,15.759432805113965,15.325149969554761,15.421610832214355,5285016
2014-07-24,15.533942223521782,15.533942223521782,15.166890339869877,15.259175300598145,2663991
2014-07-25,15.25833957913093,15.395305922678245,14.867485903723518,15.01865005493164,3996432
2014-07-28,15.0328462243812,15.141416940775358,14.467026669908774,14.550541877746582,7417377
2014-07-30,14.416918288863604,14.706717248335451,14.40647849286489,14.589378356933594,6019200
2014-07-31,14.494169745056716,15.153944356519643,14.494169745056716,14.717575073242188,27799002
2014-08-01,14.615269498768377,14.930123998667069,14.207294217491405,14.644083023071289,6694578
2014-08-04,14.511708361628646,14.865814553700126,14.511708361628646,14.747221946716309,2518065
2014-08-05,14.615266740211029,14.907571538832423,14.53174995702755,14.79023265838623,3346200
2014-08-06,14.725929126424369,15.327242547319868,14.725929126424369,14.942652702331543,6360354
2014-08-07,15.093396662594603,15.659214685151893,14.67080570319563,14.809025764465332,11110176
2014-08-08,14.6737291231386,15.199879061985753,14.502521202844925,14.946825981140137,9095526
2014-08-11,14.748892649273657,15.241636823551927,14.748892649273657,15.076274871826172,4212747
2014-08-12,14.962695389068887,15.233286408688292,14.882938179422057,14.945573806762695,3686661
2014-08-13,14.941397471335778,15.032846610496946,14.414829641000157,14.52924633026123,2829717
2014-08-14,14.532164553810839,14.781877455063253,14.531746646703416,14.707130432128906,2830707
2014-08-18,14.615268881701853,15.442075536614784,14.615268881701853,15.214077949523926,4020786
2014-08-19,15.16688821824412,15.356051939015687,15.117196687189672,15.208645820617676,2030490
2014-08-20,15.14142123287149,15.31930940141532,14.915927899977765,14.966873168945312,3377385
2014-08-21,14.884188162606554,15.149768987352033,14.744715965790993,14.85078239440918,1944756
2014-08-22,14.999441959743319,15.19570224472693,14.999441959743319,15.095067024230957,5631714
2014-08-25,15.102160853049785,15.19611583886741,14.782294732529211,15.082117080688477,4926141
2014-08-26,14.966034457797722,15.099242787516678,14.622784367962417,14.753068923950195,2053755
2014-08-27,15.283806175881558,17.703675774842356,15.283806175881558,17.390491485595703,106898022
2014-08-28,17.8556785092857,18.45699331331657,17.0906749850207,17.17753028869629,92926152
2014-09-01,17.32118169639923,17.763816483068307,17.1625015094624,17.626850128173828,24929982
2014-09-02,17.730406217800862,17.75295585871358,17.21093654747911,17.326189041137695,9251352
2014-09-03,17.371291250825536,17.53748744688176,16.821339495420382,16.918216705322266,8049591
2014-09-04,17.06228152999382,17.06228152999382,16.471825875297665,16.571208953857422,8240661
2014-09-05,16.66140371836691,18.12293088599836,16.66140371836691,17.369199752807617,46720476
2014-09-08,17.454809577974157,17.747114465798486,17.163756835131494,17.45731544494629,11611017
2014-09-09,17.53497889892326,17.61515399941404,17.170849266188785,17.224300384521484,6017517
2014-09-10,17.24601184459459,17.529966337868935,17.012584689384493,17.081485748291016,6064542
2014-09-11,17.387158550392826,17.997659583323532,17.387158550392826,17.68739891052246,26918199
2014-09-12,17.809070692680116,18.033894608731977,17.444468593727134,17.662555694580078,12434796
2014-09-15,17.616243902471606,18.26376998115653,17.49246426416702,18.053260803222656,14625666
2014-09-16,18.263770543581547,18.85319657794681,17.278588005711775,17.561511993408203,26234604
2014-09-17,17.825912715657516,18.102942589132123,17.483203263610022,17.82801628112793,11977812
2014-09-18,17.76696470750157,18.21913734035471,17.65918364140403,17.806961059570312,9094338
2014-09-19,17.901692946031893,18.00568506940557,17.691605134071054,17.8044376373291,4871097
2014-09-22,17.766965879433563,18.17956353640176,17.515196339285406,17.70128631591797,9048798
2014-09-23,17.72991873714221,18.019579525199045,17.406155704662407,17.55014419555664,11394702
2014-09-24,17.539619194218155,17.842752035818307,17.539619194218155,17.686553955078125,5888619
2014-09-25,17.699612187146872,17.881491953252976,16.93335920382999,17.26554298400879,4983264
2014-09-26,16.840729358216503,17.158176929413774,16.537594935511457,16.939247131347656,12882276
2014-09-29,17.034395564008523,17.26805983593761,16.899668814250838,17.006187438964844,9137898
2014-09-30,17.059654350655222,17.177539848931193,16.634847115864105,16.75736427307129,5137110
2014-10-01,16.856733313053045,17.68192904137724,16.856733313053045,17.299644470214844,18088092
2014-10-07,17.270166073991273,17.515198835106016,16.75694543363037,16.855884552001953,16197291
2014-10-08,16.925774290186137,17.051236138068788,16.638638425848622,16.67821502685547,5780907
2014-10-09,17.008714278416203,17.44699359780676,16.798624878058817,17.22174835205078,10495089
2014-10-10,17.181334431235257,17.219225643079643,16.799892628009204,16.896726608276367,4961880
2014-10-13,16.80705040613468,16.92493595141735,16.689166450848845,16.857572555541992,2757942
2014-10-14,16.874407177884923,17.051233836397984,16.75652167887874,16.9127197265625,4627656
2014-10-15,16.9127197265625,16.9127197265625,16.9127197265625,16.9127197265625,0
2014-10-16,16.778417992255044,17.092919311125947,16.66937443841538,16.706003189086914,6340059
2014-10-17,16.7030598229911,17.084924628563744,16.68074739531952,16.840734481811523,4066524
2014-10-20,17.009134642592176,17.081551029838995,16.844937301619694,17.009977340698242,5334318
2014-10-21,17.05544731490585,17.892432605348564,16.7758925393217,16.903459548950195,21855042
2014-10-22,17.025979990678685,17.497520574624104,17.025979990678685,17.417526245117188,6008211
2014-10-27,17.943790050396778,18.886870732716492,17.186799318909987,17.308895111083984,26462700
2014-10-28,17.446995469346312,17.817491693231652,17.16491259309384,17.228487014770508,8396784
2014-10-29,17.362793063031198,17.43015645507885,16.96787921176856,17.177967071533203,4372533
2014-10-30,17.23606326145765,17.379630395121474,17.017554828139627,17.193119049072266,3010689
2014-10-31,17.244906646728072,17.657504382734054,17.21038305236863,17.54509162902832,7010883
2014-11-03,17.59856238853375,17.766970056892124,17.472256239765823,17.577510833740234,4101075
2014-11-05,17.61118537615766,17.901265812364258,17.279001849358757,17.38509750366211,6987915
2014-11-07,17.472255851228066,19.156329317369202,17.472255851228066,18.79130744934082,52978068
2014-11-10,19.159699012193197,19.905742964609573,19.021604616803348,19.19843292236328,37516743
2014-11-11,19.29947597684232,19.577348556337586,19.200536847097048,19.340736389160156,9700713
2014-11-12,19.18158789591226,19.998362623843025,19.18158789591226,19.434619903564453,14722191
2014-11-13,19.53524030442655,19.653124203292364,18.896135022804923,19.094013214111328,6043059
2014-11-14,19.190010982737753,19.45104070521816,18.702470361405194,18.907085418701172,4894263
2014-11-17,19.029185062257945,19.36431504795842,18.907510557073582,19.20222282409668,12171159
2014-11-18,19.3163221511907,19.64471695713854,18.903302933478628,19.064973831176758,7040286
2014-11-19,18.99634175099281,19.32473644943974,18.735310434534185,18.856563568115234,5518656
2014-11-20,18.827934804836964,19.06623236028101,18.441020270301586,18.505855560302734,5297688
2014-11-21,18.364818619471997,18.775732645076566,18.364818619471997,18.45365333557129,9924057
2014-11-24,18.609422681148253,19.65860078899981,18.572372588448328,19.39798927307129,22573782
2014-11-25,19.566402508382,19.611028942380766,18.949189686141988,19.1988525390625,10817433
2014-11-26,19.18327596069578,19.473777885123074,19.05318084636694,19.385364532470703,14719320
2014-11-27,19.38536195440009,19.67839034450371,19.30284273023238,19.405149459838867,11748429
2014-11-28,19.509983768846663,19.653129564372087,19.41736011233001,19.54913902282715,11135223
2014-12-01,19.49356595133579,19.602609513394967,19.240535470261804,19.416521072387695,8713386
2014-12-02,19.552085076232935,21.46350889651661,19.398834854552703,21.176795959472656,70537401
2014-12-03,21.53928950626426,22.633936808060188,21.48076810035643,22.172922134399414,38939670
2014-12-04,22.297124969245605,25.134786933853118,22.123664302236662,24.670825958251953,94107420
2014-12-05,24.587462874728434,26.446257723105017,23.998036893897034,24.37148094177246,65482956
2014-12-08,24.166443032233648,24.907433784925193,23.509655304394503,23.695323944091797,30783456
2014-12-09,23.82962801315466,25.050581426830487,23.644802069485237,23.95425033569336,30555261
2014-12-10,24.157604651055184,24.70534892297291,23.434717489030362,23.67932891845703,19423602
2014-12-11,23.871732942896983,24.587465124392157,23.24020538922295,24.350852966308594,25527249
2014-12-12,24.753342842415424,25.143205174709955,23.24062350563581,23.563966751098633,24526161
2014-12-15,23.442292592084964,23.819523998465375,22.752243711857272,22.873075485229492,14519538
2014-12-16,22.65077614585506,22.839392627819706,21.81968671000624,22.335012435913086,19666251
2014-12-17,22.175029414083728,22.861289397380155,21.996095976937248,22.32785987854004,14211054
2014-12-18,22.75182326623124,23.59807024246691,22.717299673897436,23.451555252075195,21166596
2014-12-19,23.883512724721424,24.163910090171324,23.39176356540705,23.561012268066406,10738035
2014-12-22,23.779109219889982,23.822053436864575,23.046537386781036,23.311779022216797,7773084
2014-12-23,23.17284657999681,23.35809551306911,22.82213781358715,23.04233169555664,5598945
2014-12-24,22.89496994815479,23.240204294976355,22.650779877963757,22.961490631103516,6491331
2014-12-26,22.964438276963172,23.21494381092833,22.903390362468233,22.960227966308594,5058801
2014-12-29,23.156006017947046,23.47598015634002,22.945496800056763,22.993494033813477,8350848
2014-12-30,23.071799356857934,24.1411849352212,23.04695884055442,23.650699615478516,21703671
2014-12-31,23.644381367341825,25.252670651566717,23.644381367341825,24.819442749023438,39987783
2015-01-01,24.84007443682655,25.538963745624052,22.002410915092504,24.750398635864258,16552206
2015-01-02,24.638409481248598,24.991643129449603,24.29275375691924,24.62662124633789,10896534
2015-01-05,24.52220921003718,24.654829245627333,24.090665022963904,24.161396026611328,7117209
2015-01-06,24.15802039007955,24.536937150198245,23.515126103842068,23.84183692932129,14174127
2015-01-07,23.92225445838105,27.617953326054714,23.92225445838105,27.054630279541016,106931187
2015-01-08,27.012530174582842,27.49248970048688,26.280799471623315,26.47783660888672,53019450
2015-01-09,26.650454746072636,27.947192383609888,26.532569217206227,26.963693618774414,41711868
2015-01-12,27.104313723914167,27.526174817740856,26.679927715391386,27.0718936920166,30037887
2015-01-13,27.214620844785568,28.864588969265032,27.164097111822027,28.064655303955078,67516218
2015-01-14,27.997713429994494,28.250325736307364,27.500912619572016,27.695003509521484,20496861
2015-01-15,27.888246028718758,28.10717582662464,27.416707127070474,27.539222717285156,11048400
2015-01-16,27.76193726677602,28.368206054524844,27.572479661851318,27.736255645751953,21368655
2015-01-19,27.8415159703269,28.06507586307946,27.281983419768114,27.37460708618164,11937024
2015-01-20,27.56827693132369,27.63311382025732,26.44836905519327,26.636564254760742,17753967
2015-01-21,26.74433703946621,27.313555745405296,26.380999015478302,26.53635597229004,18738423
2015-01-22,26.67571091124044,27.36617951275892,26.523301818492456,27.016313552856445,38991249
2015-01-23,27.273557120575866,27.618793027163118,26.78475726392378,27.085784912109375,28132434
2015-01-27,28.814489774649644,30.094386254176214,28.300847694312115,28.66713523864746,58023207
2015-01-28,28.799139313267215,29.05936517869388,28.495050824920906,28.749370574951172,19361529
2015-01-29,28.679784866394858,28.679784866394858,27.954355154433436,28.229766845703125,11334510
2015-01-30,28.303151458027674,28.48914631941949,27.870001262804397,28.1563777923584,8474994
2015-02-02,28.258022763399463,29.506436815909087,27.92061278514101,28.874217987060547,20583486
2015-02-03,29.0737145266528,30.600490361851193,28.22428493359767,30.37274169921875,44045100
2015-02-04,30.704244691667984,30.98007691106952,29.81938798007726,29.973752975463867,22104819
2015-02-05,29.953508706833308,29.97037968569913,29.354608070743325,29.454986572265625,7194330
2015-02-06,29.52331108458239,29.973332334366525,28.629177887387275,28.75528335571289,8053254
2015-02-09,28.755272714028145,28.785217415780636,27.794079643838923,27.87843132019043,8275806
2015-02-10,27.751912082118086,28.747267951130574,27.535548792586,28.164817810058594,10634481
2015-02-11,28.721966457846168,29.69117491919685,28.721966457846168,29.508974075317383,31994127
2015-02-12,29.675144975539894,31.286272371488234,29.203194029548296,31.10365104675293,44479017
2015-02-13,31.337304569327564,31.46341002532554,30.387076098183112,30.540176391601562,20106603
2015-02-16,30.74640742954693,31.58529232110369,30.40900072414347,30.876733779907227,16078788
2015-02-18,31.125161564019198,34.96319127182552,31.05008634747021,33.68567657470703,109588149
2015-02-19,33.56378202353547,33.95180492670304,32.10448715294697,32.366825103759766,37016100
2015-02-20,32.47563438052381,33.22636724223485,32.165216102905795,32.27614212036133,24559821
2015-02-23,32.50685777869908,32.880539184533326,31.253805140470817,31.41871452331543,20875833
2015-02-24,31.78394697518082,32.18462309585537,30.926929433079856,31.20444679260254,31191039
2015-02-25,31.530471473868076,31.927350391833677,31.126004438692583,31.264339447021484,21727827
2015-02-26,31.404361722374823,31.876736289386745,30.53553197736819,30.761598587036133,34231131
2015-02-27,31.547772861959633,34.45792792853816,31.52246639010216,31.78522491455078,161824707
2015-03-02,31.70802303206031,31.71645851794922,30.581920707561476,30.721099853515625,24964632
2015-03-03,30.88981121780934,31.093944911283522,30.40900437496053,30.705501556396484,19086210
2015-03-04,30.898247187233633,31.606805824555767,30.671339586119466,30.888967514038086,26097885
2015-03-05,31.03279029277434,31.16817541424178,29.961938867172677,30.217947006225586,24376671
2015-03-09,30.189687026697094,30.196434141985975,28.92440221680089,29.05514907836914,17811090
2015-03-10,29.18590075059425,29.363042838725217,27.66756047409269,27.970808029174805,32164803
2015-03-11,28.089319041261163,29.143723220083995,27.79408650831224,28.298511505126953,38426553
2015-03-12,28.5616932470411,29.00032593797847,28.42757279302892,28.554101943969727,20495079
2015-03-13,28.797877889394368,28.97501677285379,27.934110007630306,28.082992553710938,22500522
2015-03-16,28.17367974138582,28.23947529674548,27.374442456395766,27.531757354736328,11763873
2015-03-17,27.73503350576979,28.485769539268208,27.62537536187436,28.39424705505371,27175302
2015-03-18,28.422086451780814,28.603866757094476,27.65912077798442,27.789443969726562,12434202
2015-03-19,28.00201507723058,28.190542511503498,27.301468143739143,27.368528366088867,16199865
2015-03-20,27.49885075860283,27.510662990666177,26.57181990535982,26.918930053710938,15232635
2015-03-23,27.11083062720089,27.416607515489392,26.697926543690016,26.888561248779297,20835441
2015-03-24,27.07708936457053,27.54946397007229,26.894888550176034,27.420825958251953,23075019
2015-03-25,27.49884979539889,27.49884979539889,26.756552338532117,26.913022994995117,11144727
2015-03-26,26.903324884749033,27.085525704874474,26.360097575503463,26.665874481201172,11206899
2015-03-27,26.90838358859153,26.99231477894466,25.99737959719834,26.161865234375,17418456
2015-03-30,26.739681982315943,27.614414709285676,26.739681982315943,27.397207260131836,44026785
2015-03-31,27.574767617323978,28.485351096070715,27.2554933353793,28.262237548828125,36140247
2015-04-01,28.300197573329744,30.324650883388912,28.258020135367218,29.474380493164062,57692745
2015-04-06,29.599220366493753,30.44274361571817,29.599220366493753,30.315793991088867,23404095
2015-04-07,30.4933598692027,30.56843189200425,29.447811680978283,30.249160766601562,16399251
2015-04-08,30.365985835327,31.419969487183227,30.093106716133857,31.062314987182617,21605661
2015-04-09,31.328455238235033,31.674297597511632,30.71268356103588,31.163122177124023,13617351
2015-04-10,31.201073636998625,31.201073636998625,30.36682999023034,30.655315399169922,10212444
2015-04-13,30.779310037910825,30.889812375999604,28.93283979678827,29.04840087890625,22594671
2015-04-15,29.169018210320843,29.253373069141336,27.671767250353824,28.046289443969727,31522194
2015-04-16,28.247897008416565,28.641399090883198,27.675988201590805,27.828664779663086,19918404
2015-04-17,27.920188694558096,28.088471569067334,26.993578448845756,27.0720272064209,13110966
2015-04-20,27.144574784133894,27.697080188592174,26.14921736593656,26.320451736450195,18779310
2015-04-21,26.57097399295593,26.791978674288238,26.149213942112244,26.38624382019043,11051964
2015-04-22,26.579411311589773,26.9876755658843,26.402272428450065,26.808427810668945,12318372
2015-04-23,27.13360273124959,27.49884528393646,26.866206088917153,26.956884384155273,15151257
2015-04-24,27.034916486766786,27.138668538983985,26.168195498865934,26.27996253967285,12249567
2015-04-27,26.40227403312354,26.45288537321146,25.094813086849154,25.13488006591797,12447864
2015-04-28,24.968287110330916,25.460904747333213,24.664619031248126,25.156814575195312,12513897
2015-04-29,25.211216352091053,25.72745357241766,24.892365731493406,25.31876564025879,14457663
2015-04-30,25.30569555139001,26.23357070983347,24.985156512770512,26.01889419555664,11784564
2015-05-04,26.30779729293821,26.78101128193668,26.149214579756684,26.433902740478516,9386982
2015-05-05,26.510246250010486,28.376118774667987,26.191394001106776,27.604293823242188,30648519
2015-05-06,27.73503753198976,28.342373562218917,25.74432286472267,26.514883041381836,32678316
2015-05-07,26.250433586773205,27.203613326290693,24.985148801512228,25.348285675048828,35901459
2015-05-08,25.740107830876365,26.486624668905858,25.740107830876365,26.190547943115234,20133630
2015-05-11,26.528802700148702,26.98388427983846,26.27616808210952,26.394683837890625,11096118
2015-05-12,26.511925787395192,26.865362489295233,25.989363628324007,26.494632720947266,18304902
2015-05-13,26.764983882403783,26.907536599824248,26.579406359926654,26.725759506225586,15410835
2015-05-14,26.721967660874352,26.950563663371707,26.444448692500195,26.515304565429688,7010487
2015-05-15,26.781012159455837,27.413654661083076,26.49927704739851,26.633819580078125,10490337
2015-05-18,26.824032034973445,27.077087107737025,26.529220024085507,26.698347091674805,6051672
2015-05-19,26.81560301022699,27.034919370844435,26.58574228750218,26.8716983795166,8670123
2015-05-20,27.119271158701974,27.204887556526174,26.739686864196088,26.824459075927734,5335011
2015-05-21,27.034915819174376,27.538499833468343,26.824455476132865,27.15933609008789,12054933
2015-05-22,27.22301654180644,27.279532397627957,26.790290042562685,26.948028564453125,4779918
2015-05-25,27.065702508006257,27.37063520127707,26.908384481591373,27.099864959716797,5633595
2015-05-26,27.096065098834014,27.98809237215872,27.096065098834014,27.823183059692383,16580421
2015-05-27,27.667555644778577,28.114620567665284,27.42462124294202,27.938325881958008,8275707
2015-05-28,28.004961202361272,28.44359056864641,27.945912797356872,28.14287567138672,8401536
2015-05-29,28.274892854971004,30.603017490779735,26.851869334578595,30.19222068786621,84869631
2015-06-01,30.240302473559286,30.830347055263672,30.040389678508703,30.437265396118164,22627737
2015-06-02,30.155948626865193,30.24030032032749,28.93368210794878,29.294710159301758,23190651
2015-06-03,29.379485771613513,29.379485771613513,26.676416794733832,27.450769424438477,24557346
2015-06-04,27.751909168183694,28.139928888012037,27.015514612219366,27.91808319091797,18543294
2015-06-05,27.819384835793397,28.637604753981346,27.43136518644703,28.025203704833984,15275700
2015-06-08,28.047144034986854,28.46047025412281,27.62538232683934,27.757814407348633,8058699
2015-06-09,27.64899474238323,28.038702786479018,27.144569805388226,27.293872833251953,8142849
2015-06-10,27.330148489822143,27.988097488300905,27.330148489822143,27.592906951904297,6222150
2015-06-11,27.794085409721347,27.947182507600793,26.896155114118493,27.051361083984375,8519544
2015-06-12,27.144571265254758,27.498849007590227,26.76540755986562,27.408170700073242,8975538
2015-06-15,27.414499842506444,27.912177736554945,27.224707722247963,27.568864822387695,7584984
2015-06-16,27.297249112233256,27.583205151155685,27.18253220789821,27.50138282775879,5414607
2015-06-17,27.65911989926348,28.142459326349126,27.444865520663242,27.85734748840332,13570920
2015-06-18,27.870005771147234,28.611462335760486,27.870005771147234,28.41323471069336,12617847
2015-06-19,28.576028636647642,28.890661480690373,28.511077296046153,28.729549407958984,11836044
2015-06-22,28.932840488392713,29.01550380826149,28.430100710813225,28.71942710876465,7175916
2015-06-23,28.713525515999223,29.044185182088462,28.47016741785133,28.63254737854004,7694577
2015-06-24,28.72196742145183,28.958151584740087,28.0682360597891,28.360515594482422,7587063
2015-06-25,28.274895916704114,28.58151702311108,28.044614711742692,28.417451858520508,6584886
2015-06-26,28.465116124566226,29.395944448839778,28.299783062636312,29.04714584350586,15173235
2015-06-29,28.564647182960723,28.662916811303376,27.621165731124496,28.114625930786133,9170766
2015-06-30,28.24072428062226,28.63254115034765,28.106183371357062,28.395509719848633,11378862
2015-07-01,28.50264022932257,29.083825519137076,28.47648958311866,28.789016723632812,9997515
2015-07-02,28.8468000938006,29.312424357160197,28.679781898585055,28.818540573120117,9492714
2015-07-03,28.888141110147615,29.135293318662512,28.684427851871288,28.831201553344727,6734277
2015-07-06,28.646043692792,28.764137349436552,26.90838716926791,28.54229164123535,8270658
2015-07-07,28.629174270667566,29.649836493078702,28.59501181749015,29.125587463378906,14410341
2015-07-08,28.882229064090453,29.341106240721395,28.461732084367807,28.75654411315918,8962668
2015-07-09,28.932838487381066,29.226382608894014,28.747684641563236,28.91132926940918,5673393
2015-07-10,29.05852794516316,29.27025297130865,28.679784707444586,29.010868072509766,4535784
2015-07-13,29.101542656928167,29.236507269309723,28.85987295199032,29.100698471069336,4255911
2015-07-14,29.143721539374962,29.70888010784278,29.05936666144797,29.441062927246094,9681408
2015-07-15,29.649839644460062,29.945072207835153,29.52331049283997,29.716899871826172,6866046
2015-07-16,29.925661951436417,31.023084321841317,29.692004076337117,30.858598709106445,24660603
2015-07-17,31.252520209331003,31.36217834264128,30.67049078410405,30.776775360107422,14044833
2015-07-20,30.906679416151334,31.03615839907909,30.603011460742596,30.815156936645508,5303826
2015-07-21,30.956453364523487,31.420813002989686,30.47227287600421,30.581510543823242,12587157
2015-07-22,30.60301420965094,31.033211314857333,30.198123566070088,30.89192008972168,5129982
2015-07-23,31.184622487266175,31.96825629432318,31.053455124077242,31.70633888244629,18236295
2015-07-24,31.87674721635534,31.96109893634877,30.844696165279746,30.968692779541016,13132845
2015-07-27,32.97330842025397,33.13231159869884,30.915113529788545,31.054292678833008,40279536
2015-07-28,31.362180378353912,31.7923774534485,31.109125336632037,31.645606994628906,12994542
2015-07-29,31.832024731425605,33.33602623619136,31.425869399662933,33.14792251586914,27314100
2015-07-30,33.53003581703442,33.580645549762515,32.98216562985139,33.12472152709961,14478750
2015-07-31,33.22806238085195,33.867452040818186,33.0112786023516,33.61566162109375,19211247
2015-08-03,33.622835047399846,35.03995267081808,33.58065760031868,34.78816223144531,20486565
2015-08-04,35.00619837688578,35.09055324132125,34.33180226072808,34.808815002441406,16490925
2015-08-05,34.921859333904145,35.02308202224567,33.93493891897623,34.11081314086914,10469547
2015-08-06,34.19642775316117,34.247040687496344,33.10828470663893,33.57939147949219,10861389
2015-08-07,33.65656192332953,34.11206544837435,33.23691240123865,33.44694900512695,12000879
2015-08-10,33.61665205067532,33.93780542632462,33.116894280350685,33.242469787597656,5712597
2015-08-11,33.218276682255194,33.45500482034006,32.16190977009194,32.32566833496094,11398761
2015-08-12,32.429188455949074,32.45421767589869,31.506459073551063,31.648578643798828,10953360
2015-08-13,31.903140774108564,32.56071966090385,31.694412173199474,31.8865966796875,12544983
2015-08-14,32.03040013304787,32.731250337686866,31.80724882290851,32.61967468261719,11867130
2015-08-17,32.794044955142674,32.794044955142674,32.038890418088734,32.17082977294922,7882083
2015-08-18,32.24251537924488,32.47160751688699,31.39869341994587,31.49626922607422,12560724
2015-08-19,31.81786083774371,31.818287017129975,30.85864639608282,30.926950454711914,26581401
2015-08-20,30.957917113805184,31.22052369543488,30.503126080845785,30.7381591796875,13040478
2015-08-21,30.54555541131861,30.629554407758302,30.07888577503683,30.38688850402832,15330051
2015-08-24,29.773426248566984,29.773426248566984,26.481295074398712,26.919540405273438,20647935
2015-08-25,27.237297222969353,28.532936860366362,25.047350702846376,28.291969299316406,29554767
2015-08-26,28.042509066488897,28.823115669437854,27.291171045488543,28.55245018005371,13196007
2015-08-27,28.806150922534304,29.408576189194154,28.806150922534304,29.018695831298828,12168684
2015-08-28,29.213430718450645,30.333433356646438,29.213430718450645,29.487489700317383,16223328
2015-08-31,29.569784603320823,29.61221026792846,28.49220476584011,28.58596420288086,12774465
2015-09-01,28.34838961034798,28.34838961034798,27.244931293301235,27.332326889038086,12255012
2015-09-02,27.6606934082535,28.636455067883045,27.42651266073027,27.78754425048828,18747630
2015-09-03,28.000089463985088,28.50918153360575,27.74639418570967,28.009000778198242,7975539
2015-09-04,28.0026356985037,28.0026356985037,27.25045159782277,27.38960075378418,15925536
2015-09-07,27.389175863227543,27.533419935018408,26.558082953887773,26.780811309814453,16773471
2015-09-08,26.897053183640985,27.96529881892463,26.77826291547764,27.750629425048828,13866336
2015-09-09,28.42390789912252,28.763726625251014,28.066692725463618,28.433238983154297,23537052
2015-09-10,28.04251430205962,29.484942323698615,27.787966672661693,28.865123748779297,37580499
2015-09-11,29.400093149974964,29.76451813272821,28.212209595076665,28.3662109375,54376938
2015-09-14,29.272814443270555,29.272814443270555,27.440080213828256,27.862628936767578,14214090
2015-09-15,27.872817546924324,28.380637521830266,27.203363432426737,27.68445587158203,11272899
2015-09-16,27.97081810900451,28.611000395208205,27.292452715348293,27.404451370239258,10171392
2015-09-18,27.961904630663614,28.379361704155322,27.48335971694527,27.688268661499023,13291344
2015-09-21,27.872816037117833,28.407363518819206,27.746817550566664,28.05227279663086,9001212
2015-09-22,28.280087482967993,28.342453861026087,27.669177038700628,27.854997634887695,9080445
2015-09-23,27.72009053408167,29.40009602099571,27.567361306018498,29.08318519592285,22769439
2015-09-24,29.524828658197602,30.291012811508345,28.83119114396876,29.827739715576172,45326292
2015-09-28,30.087365097305433,30.711003211535946,29.839184544309024,30.116640090942383,11624745
2015-09-29,29.756458720146917,30.061913970284216,29.06282135711024,29.224458694458008,9061635
2015-09-30,29.527365925955408,29.653364398142745,28.63645248989862,28.90245246887207,7614486
2015-10-01,29.018265153840762,29.39245051987018,28.78790406349655,29.12135887145996,7382925
2015-10-05,29.42300173218405,30.28845981541912,29.42300173218405,30.13318634033203,9730083
2015-10-06,30.800096816410253,31.223917758114013,29.85318718854437,30.25409698486328,18573786
2015-10-07,30.240090889466764,30.927364225884038,29.811178314928874,30.638456344604492,10532973
2015-10-08,30.665195509434284,30.80010212455111,30.291009977649946,30.62955665588379,5093979
2015-10-09,30.723735915976018,31.155192867616506,30.621917497159586,30.737735748291016,7844793
2015-10-12,30.87645907051903,31.003729665728144,30.545548473393044,30.719913482666016,4172223
2015-10-13,30.54809468521244,30.747915108047543,30.051730359959855,30.24136734008789,4650525
2015-10-14,30.151009141308972,30.508644141874083,29.99064392669114,30.19682502746582,3386955
2015-10-15,30.466646001051277,30.466646001051277,29.963917725528855,30.114099502563477,2798169
2015-10-16,30.291004287709594,30.495916441885782,29.71191308074893,30.329187393188477,6246306
2015-10-19,30.46664775291675,30.634648965703832,30.16373671807009,30.255374908447266,2439591
2015-10-20,30.489547105626976,31.945551712494453,30.240091244294074,31.733003616333008,15788388
2015-10-21,31.971009091852526,32.04482783852176,30.545551373581528,31.314279556274414,10940028
2015-10-23,31.53827968753495,31.635009577700792,30.69955236016395,30.94773292541504,4580829
2015-10-26,31.156461895982805,31.156461895982805,30.41827763194725,30.57227897644043,8727213
2015-10-27,30.451372377911056,31.25828375636598,30.443736396961167,30.960464477539062,7597887
2015-10-28,30.965547831507898,31.278638987624973,30.545546562271227,30.851001739501953,8467767
2015-10-29,30.839555858035393,31.563740402935526,30.698282193364786,31.010101318359375,31515660
2015-10-30,31.945549085057745,32.29682010508051,31.43645396289235,31.660457611083984,23721390
2015-11-02,31.665553030082254,31.865373453833367,31.118277897497123,31.33464241027832,3293103
2015-11-03,31.589192032596504,32.20010250593678,30.67282632258609,32.02064895629883,11755029
2015-11-04,32.20010127546116,32.58191950561925,31.649009741177952,31.973556518554688,7079688
2015-11-05,31.817008667424027,31.95319057867224,31.43645938909189,31.571369171142578,3305280
2015-11-06,31.605737141159107,32.12374053303275,31.46191923007586,31.679555892944336,8562015
2015-11-09,31.272271568157304,33.091005799607835,30.92736120242183,32.849185943603516,11813043
2015-11-10,32.91282998415289,32.91282998415289,31.5637352787912,31.803010940551758,5994417
2015-11-13,32.20010311703302,32.20010311703302,31.146283331610565,31.455554962158203,3767379
2015-11-16,31.436459509963175,32.167007742561836,31.185731495927598,31.77755355834961,4003890
2015-11-17,31.82719671667275,32.30192532875731,31.775013771921806,31.922651290893555,4960758
2015-11-18,31.945564489475657,32.020655383289935,31.18828849466269,31.323198318481445,4275975
2015-11-19,31.4657363564407,31.88191809583562,31.323190585906495,31.764827728271484,2664156
2015-11-20,31.81828247031654,32.25101149899903,31.53319093213727,31.89082908630371,8867463
2015-11-23,32.12373954141993,32.17973886712973,31.631191569715657,31.8411922454834,4149420
2015-11-24,31.971007075174867,32.40373608487171,31.76737027112408,31.94809913635254,6782490
2015-11-26,31.948094479763267,32.87082381389837,31.76736564087691,32.56536865234375,15326388
2015-11-27,32.60100462481241,33.0146420273122,32.30318543866415,32.45209503173828,3939540
2015-11-30,32.12373906784242,32.45337757490875,31.77119261996599,31.916282653808594,7236141
2015-12-01,31.951930054668804,32.22302507797446,31.43647395973048,31.511568069458008,4438302
2015-12-02,31.689729381297518,31.689729381297518,30.850999045162297,31.015180587768555,6123315
2015-12-03,30.80010305262079,31.567562491283674,30.775922977364953,31.141197204589844,5696559
2015-12-04,30.8764631768762,31.538281254789833,30.81282466645257,31.20482635498047,3926439
2015-12-07,31.54846054546343,31.54846054546343,30.87645911259543,31.1513671875,3788235
2015-12-08,31.001196250510098,31.30919901727222,30.802651104532696,30.923561096191406,3471864
2015-12-09,30.851004193084435,31.17936733308894,30.167547178314244,30.47809410095215,6490077
2015-12-10,30.520096475028172,30.704641742574754,30.000824185535553,30.34064292907715,7385664
2015-12-11,30.418275981048758,30.787369695212572,29.629184157676583,29.80990982055664,6885648
2015-12-14,29.80736288051994,30.483183872575726,29.47645229894318,30.19045639038086,3628944
2015-12-15,30.26555463827661,30.357189613047815,29.812461873382617,29.96900749206543,4976697
2015-12-16,30.347004481289854,30.942642936530255,30.087365151854485,30.417003631591797,6116022
2015-12-17,30.545551229450126,30.965552562860513,30.54427910016726,30.66391372680664,10445721
2015-12-18,30.672824692860665,31.805554869205416,30.54682301252327,31.40082550048828,32125863
2015-12-21,31.13100684157893,32.170829955438265,31.13100684157893,32.01810073852539,13544388
2015-12-22,31.9455506000574,32.55646093040182,31.843729007311403,32.33373260498047,12566730
2015-12-23,32.45210410593065,32.63283299722605,31.894648674983006,32.38337707519531,5534331
2015-12-24,32.70919802575534,33.966657952946086,32.43301775639062,33.527565002441406,20373309
2015-12-28,33.72610198454831,33.766826135687616,33.175007351973605,33.26791763305664,9020814
2015-12-29,33.36210938242536,34.34720216866869,33.29465448073223,34.20083999633789,21020076
2015-12-30,34.440109144708885,35.02429205684345,34.26192452850746,34.426109313964844,16273092
2015-12-31,34.639917907515546,35.19101250647052,34.49100832280056,34.90082931518555,19482474
2016-01-01,35.051014805969494,35.12356141269714,34.66156065247693,35.019195556640625,7632504
2016-01-04,34.91992644138472,36.065384228873036,34.74556143209391,34.874107360839844,14444199
2016-01-05,35.101920838236225,35.43283140346213,34.592828893409944,34.77482986450195,8738796
2016-01-06,34.74556182726448,35.12738002598458,34.1855590253668,34.450286865234375,5917362
2016-01-07,34.440108826614065,34.440108826614065,32.70537632480371,32.93319320678711,14032953
2016-01-08,33.218283480746734,33.59883276445843,32.76010227133209,33.04137420654297,6597558
2016-01-11,32.887378008929105,34.030288443398675,32.355374821472736,33.86992645263672,10047939
2016-01-12,34.16011491180853,34.86139157617489,33.96920574936642,34.111751556396484,16810035
2016-01-13,34.36373335911694,34.61828090883328,32.951003750820696,34.10282516479492,17194683
2016-01-14,33.65102051017327,33.850840975286395,32.83647309549764,33.28702163696289,5554494
2016-01-15,33.43464942683953,33.72738015066539,31.640098001419567,32.06137466430664,6103053
2016-01-18,31.869194294478554,32.137741779094576,30.47046395020832,31.441556930541992,7673622
2016-01-19,31.563731202217404,32.14918937512063,31.06863905762204,32.02445983886719,5920530
2016-01-20,31.194641256044026,31.528096103903717,29.951181485746243,30.873910903930664,8477106
2016-01-21,31.080093230414196,31.55991339530832,29.599905379675956,29.834089279174805,16178118
2016-01-22,30.288458485683936,30.851005574218394,29.495547055415283,30.383913040161133,11598576
2016-01-25,30.83573326812823,31.2837342453859,30.545550015861032,30.784822463989258,7404012
2016-01-27,31.053366553411934,33.56446607364804,30.380089826630954,30.698272705078125,37507305
2016-01-28,30.749192510081773,31.5382844853148,30.44373724182805,31.253192901611328,12522939
2016-01-29,31.334644425172026,31.591736316788236,30.977009454943268,31.348644256591797,5345769
2016-02-01,31.691014317783424,31.780105038822168,31.105559177039435,31.397014617919922,6798957
2016-02-02,31.53828472022659,31.69101395766922,30.927374179168797,31.137374877929688,5510934
2016-02-03,30.889186434655553,31.56373211760095,30.513728890244646,30.952821731567383,7856574
2016-02-04,31.24870906515901,31.54331763997617,30.61996181596638,31.141578674316406,8496345
2016-02-05,31.144131715301665,31.637694441938237,30.965579991688156,31.524187088012695,3783747
2016-02-08,31.526739851952772,32.02412688067198,31.246163130026712,31.37752342224121,4560798
2016-02-09,30.863547204800764,31.221922137777685,30.62250706978856,30.839317321777344,4598781
2016-02-10,30.91455996867305,30.91455996867305,30.169752829163432,30.306215286254883,6421965
2016-02-11,30.0983384747918,30.363611711734368,28.1980618379222,28.671218872070312,13682889
2016-02-12,28.695441454369806,29.537174429385637,27.768258505556666,28.706920623779297,14815482
2016-02-15,29.07805897813913,30.210573459141877,29.051279589328818,29.621362686157227,4469619
2016-02-16,29.972072408704804,30.12383828094021,28.108783087529368,28.47353172302246,5975376
2016-02-17,28.28734138639939,28.71331027199025,27.54763622659598,28.570470809936523,11192577
2016-02-18,29.052549340564525,29.333126003752817,28.69544914208706,29.1992130279541,7631679
2016-02-19,28.822985390280873,29.072955210145885,28.634232472569092,28.816608428955078,5712927
2016-02-22,29.049999392925727,29.945297868934666,28.77325016455845,29.524431228637695,8107869
2016-02-23,29.728480750825753,29.728480750825753,28.427622568741175,28.490114212036133,8421996
2016-02-24,28.542408086858472,29.02449484710058,27.598646624180134,27.828210830688477,9448065
2016-02-25,28.057770265129097,28.261826589328898,26.909952638765958,27.21348762512207,8384673
2016-02-26,27.394588824660744,27.50809617175724,26.783696135736367,26.929086685180664,8811000
2016-02-29,26.999229602911033,27.514472676232426,26.14474406049367,26.27100372314453,12762288
2016-03-01,26.144744460973524,26.61534881128795,25.711123918924006,26.50949478149414,19493628
2016-03-02,26.833427384097796,27.420090046099535,26.680385159942343,26.801544189453125,12335598
2016-03-03,27.037491190036544,27.73638496896942,26.922709095496398,27.42392349243164,16994406
2016-03-04,27.673893867176126,28.30519379424506,27.165027748594834,28.071802139282227,14022426
2016-03-08,28.185313495035548,28.427631646243423,27.53360784052088,27.703229904174805,6107805
2016-03-09,27.700670736256903,28.03226307352936,27.244095101615503,27.930234909057617,5204232
2016-03-10,27.958294774710367,28.090929779775625,27.394585567572445,27.64710807800293,5288217
2016-03-11,27.647106151697628,28.184029517269973,27.47110718321524,27.72107696533203,7105395
2016-03-14,27.828207541773747,27.98125139834416,26.897200112929106,27.412443161010742,10004445
2016-03-15,27.49661391673109,27.49661391673109,26.69696839263555,27.12548828125,6046491
2016-03-16,27.292557222281584,27.292557222281584,26.680388254653096,27.167573928833008,9017316
2016-03-17,27.420093410800913,27.95574206381326,27.292557405615668,27.64710807800293,12100539
2016-03-18,27.90472975356988,28.254175006232394,27.7402067325376,28.13046646118164,13588113
2016-03-21,28.185314484952194,30.68500679040021,28.107519393471794,30.023099899291992,30386136
2016-03-22,30.353409739357744,30.659494268227174,30.04094824878535,30.389122009277344,21158181
2016-03-23,30.468187610777093,31.169634035012933,29.96697647184318,30.651838302612305,9746913
2016-03-28,30.92222240253821,31.088020219322097,29.53974122089555,29.7833309173584,10003983
2016-03-29,29.858570519752035,30.432477711691327,29.627728397699716,30.10088539123535,8062098
2016-03-30,30.50645256196955,31.019146137073292,30.200368043608155,30.861000061035156,12866271
2016-03-31,31.09311426939424,31.858327183491102,30.531960915219702,31.228302001953125,26654034
2016-04-01,30.812535070884405,31.0918369749896,30.3929432342369,30.58552360534668,7250529
2016-04-04,30.991085861800627,31.091839285398688,30.665870456029626,30.75897216796875,6463941
2016-04-05,30.66587559824444,30.66587559824444,29.845825820663688,30.1251277923584,8653590
2016-04-06,30.25138040001412,30.53450978244215,29.72210865380473,29.884078979492188,6180009
2016-04-07,29.97080302678133,29.97080302678133,29.158401917171595,29.393068313598633,11185977
2016-04-08,29.58820421012222,30.03075128672573,29.195394873074875,29.7833309173584,5622408
2016-04-11,29.894281174789096,29.970801495623625,28.88802498815128,29.349702835083008,8720118
2016-04-12,29.458109338165205,30.429931265317837,29.33312603459322,30.190162658691406,9551091
2016-04-13,30.514098339319105,30.98853005325336,30.225866800400983,30.456708908081055,8398434
2016-04-18,30.531963781530916,31.029350777457214,30.17613828208566,30.765352249145508,7556703
2016-04-20,30.765352835020053,31.13903126694339,30.40825257852825,30.561296463012695,6570828
2016-04-21,30.65949099553262,30.838042693198762,29.51677554306394,29.82541275024414,6347979
2016-04-22,29.384141696298094,30.060080399525877,29.384141696298094,29.827966690063477,7199775
2016-04-25,29.965701409599173,30.260309963782998,29.747616392633567,29.894283294677734,5381013
2016-04-26,29.843267614511863,30.449059685307905,29.783325461384504,30.387845993041992,7310721
2016-04-27,30.44651794005061,31.169645001094803,30.428665012244934,30.92987632751465,9726387
2016-04-28,31.06760421841652,31.437458331518144,30.04987525702289,30.19271469116211,16132512
2016-04-29,30.349577462554603,30.756415309970997,29.97079695482807,30.14552116394043,5478495
2016-05-02,29.847094771699304,30.58297235297872,29.847094771699304,30.28199005126953,3579312
2016-05-03,30.473295113387074,30.58170025516056,29.868777746417244,29.99376106262207,4534959
2016-05-04,29.919782784981127,30.192710907741514,29.078049707969644,29.25149917602539,5203704
2016-05-05,29.30252192978397,29.63921331526213,29.097187610486667,29.243854522705078,7493508
2016-05-06,29.2515008475316,29.447905457454468,28.95051857742304,29.13289451599121,4345869
2016-05-09,29.199213169069708,29.613702810059888,29.089533287773964,29.396892547607422,7226010
2016-05-10,29.455560458392224,29.94529568247681,29.453010958209145,29.834341049194336,6585249
2016-05-11,29.48617521376484,29.784608064863978,29.2055952887068,29.52315902709961,2995509
2016-05-12,29.511675436537267,29.810108242980256,29.50019947464461,29.589473724365234,2950497
2016-05-13,29.562686653405883,29.580542785030076,29.231094339667575,29.305065155029297,3763254
2016-05-16,29.333123143906107,29.345877065210853,28.39063661590719,28.944141387939453,11061171
2016-05-17,29.078064462690104,29.333136583739723,28.695459492074175,28.888036727905273,7111038
2016-05-18,28.8255403596613,29.48617569699863,28.6954548192735,29.329307556152344,6377085
2016-05-19,29.33312251283621,29.37903598635411,28.371505123568312,28.511795043945312,5153676
2016-05-20,28.64443730704105,28.797477959146477,27.930236894024347,28.060325622558594,17118783
2016-05-23,28.20571619477862,28.695451447377707,27.86264785230915,28.023340225219727,5337123
2016-05-24,28.055222046417402,28.449306041210193,27.598643190581743,28.284786224365234,6896406
2016-05-25,28.33834750653997,28.732434702614064,28.134291178031443,28.291162490844727,9635175
2016-05-26,28.36641670359664,28.950528523281303,28.363863991864324,28.66994857788086,12716385
2016-05-27,28.92501713130325,30.736019785120796,28.92501713130325,30.176137924194336,27444186
2016-05-30,30.48094449249425,30.582972664533134,29.843267614511863,30.387845993041992,10446975
2016-05-31,30.503900115025143,30.506452826215334,29.97080411170376,30.053701400756836,4653825
2016-06-01,30.200359101075556,30.608471671379167,29.441523385873815,29.498912811279297,6768168
2016-06-02,29.634112061109146,29.81776278938346,29.243855467635388,29.701705932617188,3668346
2016-06-03,29.97080319083146,30.009064958891482,29.0780542904233,29.162229537963867,5763450
2016-06-06,29.256613073541484,30.45672152591189,29.256613073541484,30.260316848754883,13310682
2016-06-07,30.378910518921728,31.195135739356314,30.35595538870581,31.051021575927734,19364730
2016-06-08,31.37369207189498,33.1655635732926,31.37369207189498,32.88370895385742,41726619
2016-06-09,32.7255634114995,33.515006093620215,31.883830294298782,32.18098831176758,25260246
2016-06-10,32.26644180740592,33.00614691929583,32.01137296145356,32.284297943115234,15447861
2016-06-13,32.13125485502849,32.243487461890375,31.577753165953286,31.77925682067871,7603332
2016-06-14,31.9629042947212,32.18991575202799,31.40812475669244,31.712934494018555,7024908
2016-06-15,31.88383707787994,32.61843998133987,31.781808896843838,32.1274299621582,8456415
2016-06-16,32.31746113212529,32.71536947556057,32.08789689731982,32.37612533569336,13936791
2016-06-17,32.59802256996965,32.67837033556667,32.011361543667086,32.07257843017578,6652965
2016-06-20,31.90933854008476,33.19744620435318,31.755023139154765,32.77020263671875,14185578
2016-06-21,33.05716357724733,33.25866723289454,32.57762950912015,32.742149353027344,12154956
2016-06-22,32.72556982836467,32.87606099151329,31.934849030304377,32.25751495361328,8904258
2016-06-23,32.24347839238445,32.62098095810014,32.02539341308887,32.50619888305664,5525520
2016-06-24,30.659500681121287,32.061116056344126,30.09962195004816,31.837928771972656,10806411
2016-06-27,32.01137421276561,32.3659217527444,31.80731463268635,32.07769012451172,6742791
2016-06-28,32.123594724713875,32.322552037792796,31.73206026996897,31.855772018432617,10660155
2016-06-29,32.01901477430934,32.643937588478146,32.01901477430934,32.409271240234375,9329430
2016-06-30,32.64903929865327,32.82759098249621,32.164406353266905,32.31999969482422,10950225
2016-07-01,32.39397455858328,32.72429216456266,32.3875975972578,32.4386100769043,7899738
2016-07-04,32.643946279747134,32.897740364602676,32.425861253819704,32.508758544921875,10511523
2016-07-05,32.62226775393249,32.948757936360664,32.39397829189379,32.51386260986328,5635905
2016-07-07,32.85310784189883,32.878612480056475,32.26771811729608,32.39142990112305,5829021
2016-07-08,32.46539769265353,32.46539769265353,31.88383863777424,32.09554672241211,4411572
2016-07-11,32.28939682376709,32.57252298879863,32.025398331716474,32.08916473388672,6797505
2016-07-12,32.18992047943256,32.36846898717442,32.094269263788156,32.184818267822266,4329402
2016-07-13,32.26644636067727,32.5929365845818,31.651727690091338,31.789464950561523,8253366
2016-07-14,31.883834555437588,32.70005993915194,31.526734344583836,32.62226486206055,13721796
2016-07-15,32.68985384127135,32.79953370944474,31.855772447847066,31.95142364501953,10370745
2016-07-18,32.13125292397038,32.25878894788935,31.63259121258248,31.706562042236328,5091273
2016-07-19,31.831530376165965,32.11848388673597,31.432344318291545,31.668285369873047,5785461
2016-07-20,31.705282595661828,32.26643914803938,31.628762269278614,31.87490463256836,6440181
2016-07-21,31.910613259413704,32.18864039820034,31.52035353857654,31.566267013549805,8993292
2016-07-22,31.559894184941633,31.794560590340833,31.28696922118644,31.529287338256836,9319200
2016-07-25,31.563728147377688,31.934853900137078,31.27294698919306,31.72442054748535,8267259
2016-07-26,31.89658846349918,31.95908011735604,31.144129484130648,31.28059196472168,4663791
2016-07-27,31.37369533873954,31.581575945911112,30.89161179478875,31.096942901611328,6979368
2016-07-28,31.577755762393124,31.857057735842574,31.02680352848432,31.146684646606445,15301506
2016-07-29,31.22065204773164,31.65044836583618,31.16963956309755,31.524187088012695,10115787
2016-08-01,31.526741185443527,32.08789786398898,31.508888258149344,31.646625518798828,10576599
2016-08-02,32.01009467244013,32.03815523139814,31.373695708801094,31.61728858947754,9098661
2016-08-03,31.603263155036153,31.933580858471256,31.188773390419698,31.540771484375,12184260
2016-08-04,31.72569254661763,31.751197182329197,31.297170997640855,31.397924423217773,4116882
2016-08-05,31.58794817383696,32.31745194774552,31.542037908689665,32.12232208251953,14064567
2016-08-08,31.62876328920247,31.934847815562968,31.297170916239217,31.688705444335938,15772878
2016-08-09,31.753751259023588,32.03687745196978,31.590506170853647,31.67085075378418,8674182
2016-08-10,31.67978459971354,31.80731743342577,31.37370001907961,31.422163009643555,5608812
2016-08-11,31.42215567447625,31.46551644250133,30.64801633461621,30.89160919189453,7988772
2016-08-12,30.99109262006457,31.42471325565273,30.87886320998284,31.341815948486328,3440019
2016-08-16,31.396651736182672,31.702736283452406,31.068886802202574,31.521635055541992,4589079
2016-08-17,31.577751872753513,31.843025137886006,31.43108496079495,31.640243530273438,4400286
2016-08-18,31.796384110725697,32.06737780213674,31.52797332285946,31.640243530273438,3674847
2016-08-19,31.744761149146864,31.99768420576777,31.62087927486679,31.73443603515625,2686464
2016-08-22,31.718962486457542,31.9254323477028,31.48797290778006,31.54862403869629,3929574
2016-08-23,31.574427087035648,31.59894679942286,31.290528649534785,31.502161026000977,4007025
2016-08-24,31.537009531321857,31.826067341076232,31.446679371890575,31.693153381347656,3262083
2016-08-25,31.667336876624926,31.78605945909866,30.996311590204456,31.120193481445312,6525288
2016-08-26,31.205355889750738,31.636362783253038,31.15115716520166,31.46602439880371,3269310
2016-08-29,31.513774503385566,31.718954485417253,31.23116915515121,31.355051040649414,2505591
2016-08-30,31.387322359447527,31.63121347312216,31.384739455475508,31.459585189819336,2959242
2016-08-31,31.583458596084455,32.0802759799678,31.294400854668513,31.498291015625,5384808
2016-09-01,31.533135993998442,31.848003308511224,31.376992164051433,31.61056137084961,2819487
2016-09-02,31.615722832717132,31.82219266311757,31.293113316599555,31.46086883544922,3834435
2016-09-06,31.482819405697867,31.68283691761867,31.244087569300937,31.312480926513672,3371247
2016-09-07,31.589916240046147,31.589916240046147,31.102130814082035,31.22730255126953,7576635
2016-09-08,31.22859080531945,31.312471817282244,30.970505130701408,31.038898468017578,12228117
2016-09-09,31.12535832289253,31.43506310604616,31.12535832289253,31.259565353393555,5343129
2016-09-12,30.844038420476164,31.527968430462487,30.482714637642133,30.967920303344727,6735102
2016-09-14,31.073735344409307,31.073735344409307,30.71241155594194,30.770483016967773,4491300
2016-09-15,30.96533578409478,31.56409818670961,30.789838083657735,31.467315673828125,12278871
2016-09-16,31.66605946643235,31.848012893066464,31.11504312467606,31.277639389038086,11109549
2016-09-19,31.564101731382294,32.002850905148684,31.513775728733965,31.888004302978516,11196603
2016-09-20,32.054479754209765,32.35385945592222,31.809295553211022,31.949954986572266,14822676
2016-09-21,32.106089512484594,32.38998798053074,31.880262514739616,32.13835144042969,12498651
2016-09-22,32.493220909373875,32.51386789220613,32.157706626115996,32.424827575683594,12518682
2016-09-23,32.51903013693062,32.9061635366859,32.402890441897576,32.55387496948242,26270244
2016-09-26,32.33835818882136,32.906151687985975,32.25964300941977,32.65193557739258,26825238
2016-09-27,32.72420206652309,33.141014388443466,32.72420206652309,33.0274543762207,28611264
2016-09-28,33.24168010760539,33.24168010760539,32.957781612052145,33.05972671508789,13159707
2016-09-29,33.1513353020355,33.52556382697915,31.647975316134318,31.804119110107422,56855667
2016-09-30,32.097049500219086,32.3744922648318,31.80411906467823,32.12543869018555,12572670
2016-10-03,32.12673198337697,33.03519915605715,32.12673198337697,32.851959228515625,8482584
2016-10-04,33.10617803907197,33.10617803907197,32.58742056435829,32.77195358276367,5913831
2016-10-05,33.001657856737665,33.001657856737665,32.69969528471008,32.85325622558594,11828124
2016-10-06,32.88034216318453,33.17714205528639,32.66484035324817,32.83259582519531,11703417
2016-10-07,32.8338949694051,32.937129885037095,32.52290039523908,32.71517562866211,5227035
2016-10-10,32.903582811098254,32.906165714940904,32.3383719737421,32.36418151855469,5917692
2016-10-13,32.47903284866941,32.47903284866941,32.004148899014346,32.10867691040039,6919506
2016-10-14,32.209320892332244,32.902286235231784,32.033823171260444,32.76420974731445,11869308
2016-10-17,33.031341392076044,33.03392104729023,32.5964648055165,32.64162826538086,9585906
2016-10-18,32.699679003824386,33.15778194350443,32.396423506418444,33.08035659790039,13391037
2016-10-19,33.1642424252412,33.277802442268445,32.71904089366328,32.842926025390625,10091697
2016-10-20,32.8287270794749,33.06616897133168,32.78098073569143,32.92938232421875,5921520
2016-10-21,32.93068329679526,33.03262840310338,32.45451277379406,32.62485122680664,3518658
2016-10-24,32.85067746243345,33.035207262405386,32.62743009593044,32.73970031738281,3416358
2016-10-25,32.751302190833954,32.8803466285136,32.51902285279752,32.7319450378418,2114409
2016-10-26,32.73195387825863,32.77712058077251,32.39385989439283,32.50483703613281,2585253
2016-10-27,32.31385152022649,32.751307655959735,32.31385152022649,32.503543853759766,5722596
2016-10-28,33.55137520943998,34.26111474547895,33.13972543381435,33.58234405517578,41732625
2016-11-01,34.32563273121077,34.67921426974125,34.067547123600306,34.33079528808594,16200723
2016-11-02,33.964314346834016,33.964314346834016,33.54492236552015,33.59912109375,6853242
2016-11-03,33.628805816915985,34.17853215486534,33.57976963756426,33.689456939697266,9568119
2016-11-04,33.884304658106295,34.03141641396004,33.19521214059155,33.54750061035156,10960587
2016-11-07,33.83528004602458,34.16563182262408,33.52041269671926,33.60300064086914,5020323
2016-11-08,33.751398257480716,34.27402523241187,33.751398257480716,34.04948806762695,5196807
2016-11-09,32.751311329515104,33.89722066768868,31.07890547707967,33.64558410644531,11724603
2016-11-10,33.96432176683387,35.71802561035938,33.92431762545477,35.18765640258789,10143276
2016-11-11,34.76181045089827,35.05603077767057,33.52944057877474,33.6055793762207,6715071
2016-11-15,34.00044227267459,34.00173209960824,32.700972501903316,33.27521514892578,7809153
2016-11-16,33.757847156760334,34.16949695855429,33.09714375042568,33.71526336669922,7524561
2016-11-17,33.46234215408823,34.19660155952262,33.13843953716442,33.93206024169922,5736522
2016-11-18,33.738493843996444,34.0417462154837,33.568155415422055,33.75526809692383,8050416
2016-11-21,33.75527289645056,33.91270657641862,32.71259844188697,32.987464904785156,7109982
2016-11-22,33.16424175828526,33.77332929423361,32.9035732290346,33.55653762817383,7614024
2016-11-23,33.783671538083766,33.84690559238971,33.0739315768601,33.39912414550781,13912536
2016-11-24,33.138443750125056,33.912707395847704,33.091990465551646,33.512672424316406,9225579
2016-11-25,33.845589852734626,34.09851615379004,33.46620202561876,33.6739616394043,6715170
2016-11-28,33.52556847437369,36.00320954666259,33.52556847437369,35.747703552246094,27132633
2016-11-29,36.128384399129814,36.82909201600823,35.8109374315912,36.32065963745117,29433657
2016-11-30,36.32066388588837,37.29365188596727,36.28453247250421,37.14009094238281,21258600
2016-12-01,37.14137156788325,37.60593026377261,36.76972591074569,37.00716781616211,17914479
2016-12-02,37.04717760991853,37.551737268714895,36.450994725509055,36.6239128112793,10175220
2016-12-05,36.87295535942667,37.112976883595614,36.62390179771979,36.943931579589844,7455624
2016-12-06,37.2678385925654,38.11952742016705,37.03555923068585,37.59819030761719,19838346
2016-12-07,37.8588580738151,38.06661771859833,37.42398162967347,37.64206314086914,14647974
2016-12-08,38.3853574068006,38.855078714302074,37.733689229031405,38.203407287597656,15582831
2016-12-09,38.816362605053094,39.203495961303275,38.391808014655616,38.93379211425781,15616491
2016-12-12,38.71312869288665,39.35834772103044,38.369872195905636,38.86153030395508,10948938
2016-12-13,38.713134129541345,39.074458005660816,37.90015946944206,38.03307342529297,10120506
2016-12-14,38.12727825260157,38.40343129572148,36.674243709592446,36.77360916137695,11504262
2016-12-15,36.183872240713235,37.7478836577925,36.183872240713235,37.14524841308594,11336952
2016-12-16,37.3968869713593,37.55045116451611,36.967172993457645,37.292362213134766,6757773
2016-12-19,37.55173733282009,38.00984371486166,36.99684841567521,37.152992248535156,10815618
2016-12-20,37.34785038340695,37.44592274581323,36.33872456653436,36.44325256347656,7061934
2016-12-21,36.645844694741015,37.03555768568427,36.17096412416452,36.48970413208008,7208388
2016-12-22,36.46776887447953,36.49099876211692,35.40961012984047,35.983856201171875,11355597
2016-12-23,36.13870781008626,36.39034435550715,35.492198903797856,35.74383544921875,9659529
2016-12-26,35.8741708040132,35.951596186074696,34.7282615039739,35.001834869384766,6534099
2016-12-27,35.09990139519896,35.64188547730244,34.33080051429294,35.41347885131836,9690318
2016-12-28,35.61607308904377,35.745117526638666,34.86761924971502,35.07408905029297,6700254
2016-12-29,35.256057858924,35.61350906107233,34.86763454863196,35.2973518371582,15370938
2016-12-30,35.550267975789225,35.96449746587376,35.332183201073555,35.48832702636719,12502347
2017-01-02,35.74512159673708,35.74512159673708,34.91924230038698,35.241851806640625,8992995
2017-01-03,35.40961517370957,36.79038364688033,35.274118306308644,36.729732513427734,20316219
2017-01-04,37.00974825433514,37.43043009402752,36.77746890147054,36.963294982910156,18360375
2017-01-05,37.16460526037903,37.47302017913007,36.702629420353254,36.951683044433594,7328706
2017-01-06,37.044597346524995,37.36849672971294,36.34905222294277,36.43292999267578,16340709
2017-01-09,36.551646253644606,38.84217488037624,36.16064663712727,37.531089782714844,31377258
2017-01-10,37.91177252325434,39.435776665831554,37.76466072612061,39.01509475708008,45535479
2017-01-11,39.822904121720434,39.96227043593671,39.198332113173684,39.42673873901367,28558068
2017-01-12,39.524810678570056,40.47457507565215,39.48609961887665,40.026790618896484,23395680
2017-01-13,40.13261344206948,40.184229277752394,39.22930545273275,39.452552795410156,10845780
2017-01-16,39.45255395373296,39.706770155496805,38.98283586480561,39.477073669433594,8161494
2017-01-17,39.79451135268952,39.85386938914903,38.893783202062096,39.09251403808594,6088005
2017-01-18,39.0925216508249,39.45255241662628,38.77765433469555,39.02154541015625,11967153
2017-01-19,39.100263463415914,39.28092702207236,38.25502689080914,38.455047607421875,13663023
2017-01-20,38.37761490758294,38.66280319025082,37.57754512168129,38.065330505371094,10197726
2017-01-23,38.196947202334016,39.22929616082196,38.00596183278011,39.08218765258789,14906034
2017-01-24,39.43577940394213,39.585470866215815,39.037034279657014,39.22801971435547,11601744
2017-01-25,39.513197596336305,39.564813423758316,38.96863063608494,39.086063385009766,12168948
2017-01-27,39.15188916900611,40.505558391179996,39.11059519129381,39.76742935180664,23096865
2017-01-30,41.03591717433618,41.939225141481224,40.67201368309771,40.904293060302734,63852426
2017-01-31,40.87977711523247,40.90042409904829,39.64224466466114,39.745479583740234,47114397
2017-02-01,39.99583168421215,40.615241282178225,39.82807613644724,40.47845458984375,25770492
2017-02-02,40.44094982972216,40.84045900847747,39.853966156894,39.96903610229492,16414002
2017-02-03,39.97680084194866,40.583175626190545,39.69623845150729,39.93413543701172,15787497
2017-02-06,40.0673065216429,40.47845300528919,39.64193823549276,39.7427864074707,11405427
2017-02-07,39.821643643214266,40.65945052657454,39.821643643214266,40.46939468383789,18650082
2017-02-08,40.752545464510725,41.06413603573583,39.99101995736831,40.479740142822266,13352130
2017-02-09,40.77581784257688,40.888299952363894,40.210816184992105,40.451297760009766,11168817
2017-02-10,40.452590100566155,40.56636776479444,39.853972388316734,39.9224967956543,6972207
2017-02-13,40.08023354613475,40.108677149383375,39.23079258081835,39.47515106201172,7557297
2017-02-14,39.64064128805784,39.909566459970364,38.97091458413242,39.04331588745117,18594774
2017-02-15,39.37559210441492,39.894048140860804,39.330338853255455,39.42213439941406,23131218
2017-02-16,39.532041811274084,39.64064703716485,39.252774950597306,39.4699821472168,12281841
2017-02-17,39.670381992338726,40.00007456009111,39.332935628822135,39.503597259521484,7979565
2017-02-20,39.51134398956778,39.94964166612117,39.33162980042999,39.714332580566406,11227029
2017-02-21,39.821656022996116,40.59740349894499,39.69495208844855,40.341407775878906,11338899
2017-02-22,39.14933439640319,39.50876280573817,38.97349708894012,39.060123443603516,42311049
2017-02-23,38.99419737537669,39.92250788008939,38.80155360184549,38.928260803222656,44609301
2017-02-27,39.01746550744661,39.303197117782965,38.74078324747976,38.9954833984375,77749914
2017-02-28,39.05623634859396,39.40273845049188,39.05494404975554,39.19070053100586,25550052
2017-03-01,39.22690798144631,39.432481187253146,39.207513730022036,39.33422088623047,13325367
2017-03-02,39.347154134888065,39.60702671220909,38.78732166419384,38.875240325927734,12683550
2017-03-03,38.78732351864835,39.01617116096736,38.433067511565646,38.652862548828125,16429677
2017-03-06,38.78474192992675,39.66262984785499,38.782154076069,39.56565856933594,15495249
2017-03-07,39.82164332339427,39.85267477501379,39.41825723846883,39.575992584228516,11109087
2017-03-08,39.612199512320004,39.64452326805668,39.04719783991614,39.33939743041992,8635242
2017-03-09,39.37301192640389,40.33623059239746,39.201054746735494,40.19530487060547,27252786
2017-03-10,40.33881580588152,40.67238523904004,40.08023227609594,40.53662872314453,23827617
2017-03-14,41.11455227048118,41.20635106668631,40.493955820124505,40.64651870727539,16393608
2017-03-15,40.72410491011127,41.16239942121854,40.473278420253635,40.588348388671875,12442188
2017-03-16,41.2179907105201,43.00220982091188,40.85597769201158,42.704837799072266,30188881
2017-03-17,42.91170760592729,43.05392888038208,41.58001114571172,41.7868766784668,20305566
2017-03-20,41.79980868065749,42.20061026744191,41.23092680398277,42.01960372924805,11478343
2017-03-21,42.01960191093591,42.12303467902257,40.5715399025609,41.24385452270508,14300866
2017-03-22,40.90769994762869,40.9594179627107,39.640647640064486,39.76993942260742,20921224
2017-03-23,40.015579145249006,40.77839355307476,39.75699567282064,40.649105072021484,10892574
2017-03-24,40.73961401849881,40.778399266184294,40.10608800296847,40.222450256347656,6134990
2017-03-27,40.20952974013581,41.373149278774655,39.963875677537594,41.06285095214844,15834465
2017-03-28,41.1145553028479,41.47657155316998,40.778398053654804,40.959407806396484,12604670
2017-03-29,41.323495257592334,41.323495257592334,40.32226412185639,40.47829818725586,10068646
2017-03-30,40.595326365617304,40.95941131672088,39.8021460872939,39.90616989135742,24407532
2017-03-31,40.04920339674726,40.998424358669006,39.841155773966186,40.76436996459961,17963398
2017-04-03,41.4015010851655,41.97363020180268,41.14144001486747,41.58354187011719,16554813
2017-04-05,41.73959276865221,42.10367445719821,41.66157245788153,41.96064376831055,14952531
2017-04-06,42.09066194154637,43.377957504864284,41.73958371428651,43.03988265991211,32088790
2017-04-07,42.89685446012306,44.028112860668244,42.64979671078925,43.59901428222656,24437493
2017-04-10,43.58601111339572,45.094357837411955,43.20892606927284,44.70426940917969,26679721
2017-04-11,44.99034182052233,46.29064117123286,44.99034182052233,45.92655944824219,28558572
2017-04-12,46.264635160270046,46.290641933415564,44.47022346719993,45.41944122314453,13919162
2017-04-13,45.497450232978245,45.497450232978245,43.82006288849629,44.19715118408203,14012512
2017-04-17,44.21015501987933,44.99033183819183,44.093127842380014,44.496219635009766,8772819
2017-04-18,44.80829320829245,46.13459910230194,44.366191243622616,44.70426940917969,12658522
2017-04-19,45.3154106434964,47.408893367877035,45.263400378728015,46.472679138183594,42584797
2017-04-20,46.84976517346565,47.46090462135992,46.03057811463874,46.31664276123047,25164770
2017-04-21,46.83675684516135,47.55192002303981,46.680722790311826,46.94078063964844,17237962
2017-04-24,47.20084404948988,47.65594940008025,46.94078291379185,47.2658576965332,8938535
2017-04-25,47.51291290132015,47.56492316141452,46.65471578278438,46.87576675415039,10220826
2017-04-26,46.927784565539866,47.226855885815226,46.08259069446548,46.75874710083008,10616304
2017-04-27,47.148830940657334,47.21384786205297,46.52468813783366,46.6937255859375,9521120
2017-04-28,47.17484240738921,47.98102612288423,46.9407880145801,47.57793426513672,14299025
2017-05-02,47.14882702980966,47.92900710550697,47.14882702980966,47.61693572998047,8068744
2017-05-03,47.746969903936076,47.837990319470364,46.26462666572984,46.51168441772461,11362962
2017-05-04,46.56369786816832,47.40889164854336,46.10859251757795,47.2658576965332,8101486
2017-05-05,46.82376342881551,47.291872240532946,46.49868859262571,46.68073272705078,11472865
2017-05-08,46.68072864150237,47.5129191017099,46.68072864150237,47.03180694580078,6032136
2017-05-09,47.03180231355938,47.35687708928111,46.82375471899846,47.135826110839844,5079927
2017-05-10,46.91477572996358,48.111051050807305,46.91477572996358,47.837989807128906,8149076
2017-05-11,48.30609569180058,48.60516697998203,47.08381686580201,47.2658576965332,15243901
2017-05-12,47.408897580467325,47.408897580467325,46.14760844416958,46.65472412109375,7175988
2017-05-15,46.81074867505313,47.0578064072158,46.49867730094549,46.79774856567383,5182042
2017-05-16,46.810759156203346,47.616946175145415,46.65472507109382,47.486915588378906,5923694
2017-05-17,47.57793055985845,47.70796113171062,46.6807264889797,46.82375717163086,6199492
2017-05-18,46.29063588410463,46.68072760902086,45.39343179169868,45.49745559692383,9948081
2017-05-19,45.77052531150543,46.12160694664382,44.470225869152706,45.27641296386719,9595324
2017-05-22,46.68072794370893,46.94078582175507,45.419435613328,45.67949676513672,6467049
2017-05-23,45.75751750467828,45.900551477126164,44.27517733117423,44.7432861328125,6969454
2017-05-24,44.73028456497651,45.15938322599918,43.039896693981255,43.37797164916992,9802204
2017-05-25,43.963104986770574,45.14637707886578,43.42998253972824,44.730281829833984,13634989
2017-05-26,44.730278805727394,45.61448278702244,44.34018708081117,45.49745559692383,16167171
2017-05-29,45.77051746722241,45.8485345037391,44.509228402858355,44.87331008911133,8203582
2017-05-30,45.13336852104728,45.198382168597206,44.05412036488664,44.24916458129883,12844893
2017-05-31,44.717277844498504,45.48445467727537,44.35319286959606,44.89931869506836,13470012
2017-06-01,45.094360022176,46.01757414857237,44.78228860971825,44.91231918334961,14179136
2017-06-02,45.250391175392735,45.523452396279716,44.63925181881563,44.75627899169922,9192975
2017-06-05,44.93832686355868,44.964333633564515,44.158146679721746,44.22316360473633,8791081
2017-06-06,44.379189795671074,44.91231211729726,43.859070856738455,43.98910140991211,10209972
2017-06-07,44.31418270754053,44.8343017233695,44.04111817812876,44.613250732421875,6827393
2017-06-08,44.9383220868613,44.96432885410275,43.96309777916677,44.041114807128906,10178609
2017-06-09,44.0671297319548,44.2621739748473,43.58601754397463,43.75505828857422,12007531
2017-06-12,43.92409230072728,44.132139913265526,42.93586777805195,43.065895080566406,13142731
2017-06-13,43.156917943313424,43.534006308473316,42.870853278330685,42.92286682128906,13319423
2017-06-14,42.93587075001572,43.79406802957987,42.93587075001572,43.169921875,17473391
2017-06-15,43.1699191595998,44.06712654044148,43.06589535267342,43.41697692871094,19151632
2017-06-16,43.481981119639045,44.26216113871789,43.481981119639045,44.14513397216797,22207561
2017-06-19,44.47021302170891,44.47021302170891,43.63802266662715,43.859073638916016,12413695
2017-06-20,44.145136044897484,44.145136044897484,43.57300684130367,43.651023864746094,6717635
2017-06-21,43.69003614376301,44.31418222979137,43.5730122310053,44.028114318847656,7135689
2017-06-22,44.197155149952955,44.197155149952955,42.97487301766007,43.27394104003906,9751797
2017-06-23,43.58600907588943,43.58600907588943,42.2597065176427,42.98787307739258,9145884
2017-06-27,43.091892160057206,43.104895542136966,41.02441661085069,41.752586364746094,9581484
2017-06-28,41.557547604771905,42.12968016721203,40.98541831609431,41.5445442199707,11784554
2017-06-29,41.778595548015446,42.259707655476845,41.38850712751551,41.60955810546875,7076104
2017-06-30,41.661571779367726,42.311721382625755,41.16745952134715,42.01265335083008,8591533
2017-07-03,42.324727855272876,42.59779241091876,41.882625830903585,42.233707427978516,10894996
2017-07-04,42.28571537120477,42.70181056873663,42.259708602918444,42.4937629699707,10296468
2017-07-05,42.46776259448534,44.24917083629969,42.27271835050198,44.10614013671875,14784669
2017-07-06,44.470220662307725,45.094363535855415,44.210162768544244,44.730281829833984,17489016
2017-07-07,44.548233522702006,44.70427086332794,43.716043102730275,44.262168884277344,10662973
2017-07-10,44.71727495978383,45.289407519504294,44.4702171972605,44.91231918334961,2278960
2017-07-11,45.21138280971696,45.575467725688405,44.26216528001114,44.496219635009766,17347773
2017-07-12,44.678264877954874,44.756285186517616,44.02811528250721,44.327186584472656,6511470
2017-07-13,44.808298355658145,45.14637656005205,44.574243962326776,45.0163459777832,8588639
2017-07-14,45.211392975962234,45.75751883584031,44.84731125188548,45.05535888671875,14834658
2017-07-17,45.10735917844253,45.75750871189021,45.09435579492211,45.48444747924805,5949296
2017-07-18,45.51046055182176,45.874542245788625,44.73028034883712,45.17238235473633,10553010
2017-07-19,45.25039465101403,45.406428711002185,44.73027566144962,45.15937423706055,4820290
2017-07-20,45.25039843417345,45.36742562582979,44.45721486267215,44.87331008911133,10397821
2017-07-21,44.899310607889795,45.133364958615175,44.08012365411311,44.600242614746094,7562362
2017-07-24,44.79529488420519,45.224393513236095,44.6002506480571,44.89931869506836,7285782
2017-07-25,45.05535604824447,45.10736631679469,44.45721668045922,44.89931869506836,9441366
2017-07-26,44.899313874161315,45.78351780844128,44.80829345864939,45.64048385620117,13393868
2017-07-27,46.01757151510878,46.68072445629195,45.82252730270486,46.14760208129883,37764926
2017-07-28,46.14760925209431,46.52469435150149,45.627486906513205,46.26463317871094,6569801
2017-07-31,46.537689346452424,46.628709758388666,45.92654995647895,46.48567581176758,16658911
2017-08-01,48.09805366759491,48.7612066941021,46.758747502674986,47.05781555175781,29153430
2017-08-02,47.57793409166276,47.57793409166276,47.07081842493383,47.34387969970703,14308899
2017-08-03,47.31786695019364,47.33087033317777,46.74573446770205,46.9667854309082,7276546
2017-08-04,46.65472403649733,46.91478193050055,46.264632284848325,46.537696838378906,8845141
2017-08-07,46.680729725486025,47.43490316600259,46.55069914461848,47.278865814208984,5944758
2017-08-08,47.20084207623253,47.79897808006527,46.628709565872605,47.29186248779297,10737771
2017-08-09,47.070816592829175,47.460905048397095,46.290636407930734,46.6157112121582,7223907
2017-08-10,46.394656505893906,46.394656505893906,44.21015674605836,44.40520095825195,12330222
2017-08-11,43.88508116093939,44.83429871025486,41.8956223761135,44.50922393798828,12930030
2017-08-14,45.07180988731626,46.56330028593417,44.666229800563734,46.11846923828125,5945438
2017-08-16,46.34088335228367,46.6287171355207,45.59513817566244,45.86988830566406,6269561
2017-08-17,45.752137332917655,48.38187249817441,45.69980272156321,47.92395782470703,26626620
2017-08-18,47.71462425458852,48.538868002068035,47.09970906310024,47.75387191772461,13600478
2017-08-21,47.8716280971651,48.85287251442741,46.589469515828796,46.864219665527344,19677741
2017-08-22,47.073538831620546,47.60995203800849,46.35395781024299,46.62870788574219,7591950
2017-08-23,47.021210640818914,48.015538579310636,46.62871424398021,47.897789001464844,10218766
2017-08-24,48.1202040038047,49.55936293384989,47.92395580742828,49.17994689941406,21204341
2017-08-28,49.78178346899811,50.05653031291477,49.245370140804546,49.41545104980469,14316997
2017-08-29,49.062204309148036,49.66403593023559,48.17254217865334,48.44729232788086,9450404
2017-08-30,48.77436795780265,50.579856016870735,48.77436795780265,50.200443267822266,16054206
2017-08-31,50.68452654762213,50.946193035126754,49.4547026206756,49.716365814208984,19380999
2017-09-01,49.92569568276399,50.920023683812644,49.794862444262904,50.749942779541016,10242157
2017-09-04,50.73685810913761,50.84152403904594,49.67711515706935,50.16119384765625,9781609
2017-09-05,50.161199591439406,50.540615689534626,50.0041990316138,50.344364166259766,4331424
2017-09-06,49.768695984262244,51.155520338643115,49.768695984262244,50.6321907043457,7678727
2017-09-07,50.68452169971315,51.534932761805614,50.632190383600395,50.77610397338867,7797820
2017-09-08,50.94619039781403,51.07702363479355,49.036033043443624,49.23228454589844,10831124
2017-09-11,49.58552979975081,50.37052592442999,49.32386662083846,50.23969268798828,9218018
2017-09-12,50.57985889961863,51.80968607891483,50.44902566029416,51.69193649291992,20454624
2017-09-13,51.796598878932095,52.11059665542786,50.74993962394619,50.985435485839844,19274115
2017-09-14,50.98543599206156,51.22093515026433,49.3761961363039,49.76869583129883,21851544
2017-09-15,49.690200020767065,49.91261555373182,48.931371136646966,49.74253463745117,13158420
2017-09-18,50.13502716528228,50.8284410182818,49.74253074673679,50.46210861206055,8670192
2017-09-19,50.488271017898164,50.81535243292949,49.78177687429532,49.93877410888672,6527172
2017-09-20,50.23968536408309,50.422853185987826,49.74252309084583,50.09577178955078,3679826
2017-09-21,50.37052300548817,50.47518892978199,49.02294964195153,49.245365142822266,7126359
2017-09-22,49.088361675751656,49.088361675751656,47.0997059390452,47.335205078125,7359891
2017-09-25,47.36137008666992,47.74078278594036,45.55588226447746,47.36137008666992,15014148
2017-09-26,47.37446371127301,48.12020890991865,47.2174631617823,47.76696014404297,11293223
2017-09-27,47.910870162657524,48.303366539087506,46.07921491603306,46.27546310424805,13886829
2017-09-28,47.78004231375453,47.93835056489658,46.657499783959565,47.07485580444336,16193742
2017-09-29,47.146816412965094,47.95274579957205,46.61432947150995,46.858985900878906,11087949
2017-10-03,47.204384197248146,47.40586984786205,46.12501560593955,47.06047058105469,12084912
2017-10-04,47.31951058594804,47.56416698712923,46.93093729831928,47.34829330444336,7194519
2017-10-05,47.664913617650804,47.73687041965866,47.04607523846948,47.132423400878906,5632314
2017-10-06,47.4922129223486,48.45644722328246,47.29073058732238,47.83761215209961,14234925
2017-10-09,48.06787691128726,48.12544564915043,47.39147306364464,47.866397857666016,8180193
2017-10-10,48.03908076060206,48.03908076060206,47.40585446686035,47.56415939331055,6092373
2017-10-11,47.86638919632201,48.18300237440757,47.62173281008071,47.75125503540039,11937174
2017-10-12,47.78004041970098,48.931365623341776,47.708083623839364,48.74427795410156,17344374
2017-10-13,48.91698208442029,49.622168631027876,48.528408762870974,49.21920394897461,7833861
2017-10-16,49.2335938395164,49.665341229686945,48.55719003411204,49.420684814453125,8306547
2017-10-17,49.3918990725031,49.3918990725031,48.93136569638831,49.176025390625,3679266
2017-10-18,49.19041436445645,50.08269176708777,48.931363323587966,49.69411849975586,10262934
2017-10-19,50.03952253354765,50.03952253354765,49.37751009676417,49.5933837890625,1513617
2017-10-23,50.0251270927868,50.62957074673686,49.737293330555396,50.16904067993164,8494290
2017-10-24,50.08269867123629,50.58640287597381,49.809259528147734,50.37052917480469,4764408
2017-10-25,50.77349052377979,50.903016053568656,48.77306190263188,49.33433151245117,8386635
2017-10-26,49.3343376415019,50.025136160902456,48.71549922268892,48.88819885253906,10685091
2017-10-27,49.47824349550608,50.068299059857054,49.176021681261815,49.60776901245117,5783406
2017-10-30,49.953169543549826,50.87422972396275,49.809255949092204,50.514442443847656,7391871
2017-10-31,53.53666975934054,55.37878997277,52.169467663591924,53.133705139160156,75144498
2017-11-01,53.52228098003926,53.82450281275185,53.16249041740495,53.47910690307617,14100363
2017-11-02,53.60863126642429,53.72376543687664,53.01857893651555,53.32080078125,8766645
2017-11-03,53.50789165536999,53.50789165536999,52.47169729900598,52.673179626464844,7825704
2017-11-06,52.658785208238356,53.392754383795854,51.88163866261323,53.14809799194336,9703422
2017-11-07,53.53667598420456,53.96842337117395,51.061322542128764,51.967994689941406,13384689
2017-11-08,52.37095354223337,52.52925848430006,51.003751439316524,51.44989013671875,9024780
2017-11-09,51.63697951678542,53.24883466289479,51.49306264350094,53.04735565185547,8723295
2017-11-10,53.01857360317495,53.24883533297462,52.11190157223508,52.37095260620117,5964225
2017-11-13,52.52926900196759,52.6587945471999,51.34916090951137,51.507469177246094,6147795
2017-11-14,51.521849257382065,51.521849257382065,50.22660718173887,50.50004959106445,9238092
2017-11-15,50.45687918304007,51.40672212332575,50.12587131356405,50.78788375854492,9654879
2017-11-16,50.96058101465423,51.95359798917911,50.94618965525364,51.73772430419922,9771558
2017-11-17,52.09751735921024,52.529264749739525,51.262805298324125,51.43550491333008,10201404
2017-11-20,51.43550246281578,51.881641192176154,51.16206334023353,51.73772430419922,6510531
2017-11-21,51.83845828212605,51.88163235297215,50.97496368932224,51.075706481933594,9066429
2017-11-22,51.133279998727716,52.2414311289332,51.11888863950239,51.910423278808594,9406272
2017-11-23,52.42851869370558,54.08354795511419,52.42851869370558,53.8532829284668,31021161
2017-11-24,54.1842922881199,54.5296914848357,52.98978975228437,53.14809799194336,11278188
2017-11-27,53.22005553493273,53.96841937369918,52.414129554530824,53.62302017211914,7129203
2017-11-28,54.687989797612815,54.687989797612815,53.55105612843846,53.69497299194336,20069670
2017-11-29,53.89645434585807,55.66662097426449,53.82449755794461,54.40016174316406,26750220
2017-11-30,54.11233328647674,54.285032888300044,53.26323322428977,53.47910690307617,16002063
2017-12-01,53.76693948428383,54.37138646737222,52.90344473529215,53.10492706298828,10760892
2017-12-04,53.24884029998054,53.39275718850052,51.176454892736565,51.88164138793945,11866296
2017-12-05,51.52185041538905,52.543653398643684,50.759098488262254,52.41413116455078,11439243
2017-12-06,52.38534265499157,52.38534265499157,51.30597428580945,51.565025329589844,8780127
2017-12-07,51.52185239874417,53.004185526000846,51.435504239358224,52.75952911376953,4550679
2017-12-08,53.1912745873434,53.45032564413514,52.98979226204484,53.277626037597656,4826619
2017-12-11,53.42154457256252,53.93964344009589,52.4717015897083,52.78831481933594,4514526
2017-12-12,52.558044723616185,52.860269857577336,52.111905996312586,52.19825744628906,3302022
2017-12-13,52.09751609897729,52.658789010676706,51.680160078630024,51.99677658081055,4752969
2017-12-14,52.011165618896484,52.21264794020738,51.44989273225093,52.011165618896484,4593927
2017-12-15,52.16947437307605,52.87466419607114,51.579422019184214,51.79529571533203,8831664
2017-12-18,51.73772688239586,53.263237406646,49.507033124433995,52.51487350463867,9356181
2017-12-19,52.52926178540411,53.39275651773388,52.52926178540411,52.98979187011719,6707226
2017-12-20,53.39275247080583,53.79571708787964,53.11931337135244,53.450321197509766,8328321
2017-12-21,53.277626671580826,53.76693948428383,52.91783609484394,53.10492706298828,4412676
2017-12-22,53.248836906622124,54.45773078762089,53.13370603831985,54.256248474121094,11938740
2017-12-26,54.486507506294146,54.529684871124935,53.536664771485015,53.69497299194336,9328047
2017-12-27,53.78132274424708,54.06915318590604,52.572428960132434,53.032958984375,9960756
2017-12-28,53.032972232225795,53.23445787388072,52.03995514875889,52.255828857421875,23326452
2017-12-29,52.457295286466696,53.363963928920185,52.313378426373774,52.42851257324219,15759831
2018-01-01,52.673178057390494,52.93222581527199,52.15508254162749,52.2270393371582,8166816
2018-01-02,52.52926334247649,52.86027120353444,52.02555916501033,52.28460693359375,11789442
2018-01-03,52.38534175367659,52.84587510471201,52.03994585786353,52.097511291503906,8387208
2018-01-04,52.12629562143933,52.35656065709749,51.72333427951573,51.824073791503906,13893633
2018-01-05,52.097509239724324,52.81708701380198,52.03994380835107,52.4716911315918,10396050
2018-01-08,52.83148162431609,53.30640302071549,52.58682524720035,52.97539520263672,12205740
2018-01-09,53.24884577795402,53.24884577795402,52.48609376646346,52.54365921020508,7031151
2018-01-10,52.572439045081474,52.88905555621625,51.579422019184214,51.79529571533203,11870301
2018-01-11,51.83846708048802,52.097514843502346,51.37793699202456,51.5218505859375,11858856
2018-01-12,51.752122907731604,51.83847107072598,50.67275440044561,51.23402404785156,9999291
2018-01-15,51.37793648926274,51.80968385471873,51.17645416578521,51.40671920776367,8986140
2018-01-16,51.37793161520867,51.46427976251991,49.67972503298887,49.85242462158203,13604358
2018-01-17,49.79485920646027,50.888622242274,48.06786979365885,50.67274856567383,14795268
2018-01-18,50.71592371589946,51.205236514826794,48.65792641822178,49.247982025146484,9535365
2018-01-19,49.43507751674796,49.909999000036,48.96015603345992,49.72290802001953,5545041
2018-01-22,49.90998874139324,50.62956649865373,49.60776693977619,50.485652923583984,7885137
2018-01-23,50.65835834409213,50.98936621435302,50.02513191171432,50.2841796875,13850478
2018-01-24,50.31295367498707,50.34173639019292,49.60776727053179,49.953163146972656,10449144
2018-01-25,51.32036880410737,51.66576470495907,50.48565682826194,50.91740417480469,45728052
2018-01-29,51.37793398599514,51.43549942019227,50.22660553822758,50.557613372802734,10870470
2018-01-30,50.93179089366754,51.21962133381847,50.37051807670416,50.94618225097656,10192740
2018-01-31,49.29115619059183,49.50702987214766,48.21178778281265,48.74427795410156,43235283
2018-02-01,48.931375329847995,49.2767746064425,46.36967665533,46.49919891357422,41361114
2018-02-02,46.4703975797517,46.4847889360156,43.23229301081941,43.70721435546875,39743727
2018-02-05,43.17473220825195,43.69282767716271,42.13853797645977,43.17473220825195,57654582
2018-02-06,40.29642381365781,43.26109031990218,40.29642381365781,42.94447708129883,41933931
2018-02-07,44.11018324626452,45.93791531682385,43.92309230250879,45.434207916259766,53579583
2018-02-08,46.16116485531061,46.16116485531061,44.925356301724456,45.63776397705078,21077784
2018-02-09,44.48918405160693,45.88492182802778,44.48918405160693,45.448753356933594,8938587
2018-02-12,45.943070212539624,45.972150990490725,45.28881759880693,45.87037658691406,6431490
2018-02-14,46.49555879877361,47.29520211267822,46.17570346983259,46.69910430908203,15063036
2018-02-15,46.88811458675125,47.14981502588117,45.419679723158914,45.63776397705078,10960020
2018-02-16,46.03030421009636,46.03030421009636,44.67818285663124,45.2742805480957,7547409
2018-02-19,45.361514683845755,45.361514683845755,43.98031249904345,44.547332763671875,10100100
2018-02-20,44.518253385146124,44.83811198037527,44.19839478991699,44.70726013183594,8543745
2018-02-21,44.73634292984223,44.998043330510534,43.631383094364075,43.86400604248047,11911635
2018-02-22,43.689537459972875,43.98031530960245,42.264722336316765,42.61365509033203,24507504
2018-02-23,43.28244896543185,44.11116971143784,42.57004136259394,43.89308547973633,34034544
2018-02-26,44.47464590541728,45.57960582477724,44.285639121780505,45.12889862060547,19477392
2018-02-27,45.50690457970738,45.59414026348107,44.25655750416111,44.44556427001953,10397679
2018-02-28,44.343786323332324,45.128890776169555,43.95123409691371,44.88172912597656,6432813
2018-03-01,45.02711935660619,45.056200135937964,44.51825729766626,44.576412200927734,4595199
2018-03-05,44.46010462429282,45.710455073331715,44.02393617255378,45.23066711425781,9187710
2018-03-06,45.783146322550834,45.92853690812844,43.951236923996674,44.19839859008789,10445304
2018-03-07,44.05301518835771,44.0820926424783,42.78812596790421,43.137062072753906,7936389
2018-03-08,43.84946978391972,43.84946978391972,42.16295081938784,42.817203521728516,9916260
2018-03-09,43.25337005397295,44.009397139834896,42.84627905815516,43.1661376953125,9234141
2018-03-12,43.54414828553115,43.864006925443014,42.93351511424706,43.66046142578125,14156727
2018-03-13,43.61684349821157,44.25655742469875,43.500530362622506,44.06755065917969,12466362
2018-03-14,43.67500139916003,44.12570859105595,43.38422353178563,43.95124053955078,6788655
2018-03-15,43.922160829200976,44.86719467309649,43.616844250527734,43.99485778808594,9095664
2018-03-16,44.05301149509925,44.60548973247512,43.20975208549299,43.384220123291016,10796703
2018-03-19,43.413293699025495,43.5296068230734,42.599111813792405,43.19520950317383,6301965
2018-03-20,42.88989933861015,43.66046522459688,42.80266697160855,43.471458435058594,6695130
2018-03-21,43.61684672114625,44.19840245896066,43.035287655630526,43.137062072753906,7860561
2018-03-22,43.267914071701526,43.369688496952676,41.436007694196626,41.69770812988281,19364409
2018-03-23,40.970754342330295,41.0434479703192,40.142033672452875,40.694515228271484,24617190
2018-03-26,40.69451571252867,42.162946981584454,40.6218187559737,41.56685256958008,14150625
2018-03-27,41.88670986383394,42.017558402017514,41.4360026880215,41.59593200683594,8877729
2018-03-28,41.42146558199651,42.39557360405344,40.91260348041762,41.13068771362305,23399328
2018-04-02,41.52323918032443,42.264727614649,41.31969366185312,42.09025955200195,7534800
2018-04-03,42.133866860609686,42.846274361346104,41.79946953366557,42.67180633544922,9860166
2018-04-04,42.83174290145513,43.253372649012526,41.58139238609862,41.799476623535156,11741064
2018-04-05,42.16295532042606,42.5118914633384,41.7704029915751,42.177494049072266,10456299
2018-04-06,42.17747953740938,42.5700317311981,41.741311172688704,42.10478591918945,5684175
2018-04-09,42.16294829856884,42.32287761474403,41.799473487543736,42.04663848876953,7065069
2018-04-10,42.162951379406536,42.72997172671363,42.06118028839575,42.30834197998047,6792945
2018-04-11,42.45372446307639,42.54096014465907,42.01755603826601,42.13386917114258,5636949
2018-04-12,42.59911837677397,43.36968420709318,42.424650327673284,42.83174133300781,13782747
2018-04-13,42.773579626936026,42.94804764830471,41.31968388579798,41.435997009277344,14176671
2018-04-16,41.6104724090438,41.639549863144495,40.33104446240539,40.43281555175781,17572878
2018-04-17,40.709048851750985,40.95621383154185,40.08387702289431,40.40373229980469,10461405
2018-04-18,40.67997985747237,40.85444792100658,40.21473390651548,40.33104705810547,13714419
2018-04-19,40.12749668655073,40.15657413900691,39.32785343320097,39.58955383300781,15710562
2018-04-20,38.9498464292809,39.06615624867838,37.94665759847066,38.47005844116211,24909216
2018-04-23,38.51367102148866,40.389193143427136,38.51367102148866,39.90940856933594,26176191
2018-04-24,40.1565651348997,40.28741696931343,39.34238333788179,39.48777389526367,9272688
2018-04-25,39.48777712897988,39.48777712897988,38.32466255777671,38.615440368652344,8935848
2018-04-26,38.64452215121006,38.80445146259409,37.97573078179626,38.10658264160156,15748587
2018-04-27,38.17928783137521,39.16793812292396,38.09205212252271,38.73176956176758,13382757
2018-04-30,38.25196332377273,38.659054231295805,38.03387914672112,38.15019226074219,13847460
2018-05-02,38.38282356917237,38.45551720154693,37.743109621172756,37.88850021362305,9106338
2018-05-03,37.801262458170555,37.932114316984276,36.89984815525669,37.481407165527344,14574378
2018-05-04,37.699494323738875,38.47005682804023,37.51048754744198,37.68495559692383,7078263
2018-05-07,37.77217699522655,38.36827460474241,37.32146993936586,38.17926788330078,7313223
2018-05-08,38.35374450683594,38.62998362596897,38.150199017027106,38.35374450683594,8788539
2018-05-09,38.32465885804209,38.600897918091775,38.237423193810386,38.48458480834961,6669102
2018-05-10,38.49913443728037,38.61544757997214,37.61225878717269,37.74311065673828,6999927
2018-05-11,37.80126935657306,37.97573742426326,37.0743229568491,37.17609405517578,7212126
2018-05-14,37.36509973559349,37.36509973559349,36.1729074094252,36.56545639038086,9882675
2018-05-15,36.08565902507662,37.17607987251831,34.68992167143141,34.951622009277344,37511736
2018-05-16,34.74808153106502,35.85304125928637,32.68355265097014,35.37325668334961,28314477
2018-05-17,35.416879069670735,36.856236377629116,34.47184847691405,36.46368408203125,22246566
2018-05-18,36.26013596303125,36.783536767722666,35.18425357320899,35.31510543823242,11526891
2018-05-21,34.893468477038155,35.32963683300113,33.94843482065139,34.10836410522461,9176997
2018-05-22,33.73035425668992,34.73354291397104,33.38142153115361,34.05021286010742,16655865
2018-05-23,33.97752471968807,34.51546428357868,33.75944048314027,33.96298599243164,8386623
2018-05-24,34.06475120722797,34.22468050716306,33.48319223418272,33.744895935058594,7425024
2018-05-25,33.8466703404452,34.66085231732322,33.59950866768604,34.44276809692383,8685510
2018-05-28,34.60269111206867,36.46367785252034,34.5299974874146,35.940277099609375,21852888
2018-05-29,35.91119902470142,36.21651892662836,35.475030588549565,35.70765686035156,13140726
2018-05-30,34.428230622117226,34.95163143901952,33.933907258631585,34.73354721069336,25204605
2018-05-31,34.864396455040456,34.864396455040456,33.105184034112796,33.26511001586914,27125460
2018-06-01,33.14880751324186,33.64313094842063,32.04384748464725,32.39278030395508,20689938
2018-06-04,32.567243652541805,33.26511251761103,31.985684601133492,32.59632110595703,24504603
2018-06-05,32.61086289224832,33.2505769105057,32.276468818898756,32.85802459716797,17626572
2018-06-06,32.85802555088671,33.99206633960097,32.78533190841848,33.78852081298828,19982229
2018-06-07,34.80623885965291,35.547723791712635,33.80305023138318,35.387794494628906,32471313
2018-06-08,34.748090520470754,35.082487934269835,34.31192200629036,34.47185134887695,10464249
2018-06-11,34.39914709755981,35.24240640862011,34.39914709755981,34.58815383911133,6191661
2018-06-12,34.54454052535478,35.43141616766736,34.45730816487863,35.300567626953125,10322559
2018-06-13,35.47502522767155,35.54772217451184,34.45730124891332,34.66084671020508,8779887
2018-06-14,34.53000688701517,34.58816513027083,33.570437469568525,33.773983001708984,11821971
2018-06-15,33.87574178141637,34.631768719414794,33.55588653451741,33.977516174316406,21030120
2018-06-18,34.00660410720453,34.13745265995009,32.97433777481514,33.23603820800781,9619353
2018-06-19,33.13425928757841,33.49773405922678,32.78532324057991,32.988868713378906,10429416
2018-06-20,32.91618624007159,33.20696415926717,32.30554961482916,32.49455642700195,10259367
2018-06-21,32.68355411023841,32.68355411023841,31.418665024329265,31.79667854309082,16149600
2018-06-22,31.782141042845787,32.07291889203349,31.171504564620633,31.89845085144043,17661147
2018-06-25,31.825758895906816,32.27646608333182,31.21512238554677,31.811220169067383,18864450
2018-06-26,31.665826368234246,31.75306204814344,30.604482777862398,30.822566986083984,19411377
2018-06-27,30.82256471101242,30.82256471101242,29.60129523173629,30.357318878173828,26922588
2018-06-28,30.022927196871894,30.677179895995515,29.455910187585545,30.168317794799805,24051936
2018-06-29,30.430019561373356,31.782144528485173,30.357325923029183,31.593137741088867,19270500
2018-07-02,31.65129321458553,31.65129321458553,30.18285840001142,30.706262588500977,18396411
2018-07-03,30.53178656496602,31.360507151555225,30.328241099352866,31.24419403076172,18868143
2018-07-04,31.0697311927051,31.186044332887853,30.197394288288653,30.342784881591797,13058145
2018-07-05,30.32824691107704,30.72079919339052,29.659455489532377,29.732149124145508,10440048
2018-07-06,29.80484624096608,32.6399415822293,29.746691326481127,32.21831512451172,53028897
2018-07-09,32.48000777972728,32.74170815986385,31.127886375937603,31.33142852783203,22921557
2018-07-10,31.549511624048456,32.901636308031165,31.345969479305623,32.799861907958984,26831130
2018-07-11,32.85801992114885,32.916178152860525,31.316894998661567,31.49135971069336,23040108
2018-07-12,31.694903818970335,32.203765862253725,30.560866601758267,30.822566986083984,17688438
2018-07-13,31.229654637958756,31.607668112818097,29.877533356001017,30.182849884033203,21314028
2018-07-16,30.28462579525936,30.56086488947583,29.223282264353102,29.368669509887695,15895158
2018-07-17,29.717609430135138,30.371862103466103,29.31051843414682,30.255552291870117,24264597
2018-07-18,30.299167774841333,30.546329446503375,28.787116964937283,28.947046279907227,24044445
2018-07-19,29.04881553719069,29.426829047836357,28.118323813479112,28.467256546020508,19658436
2018-07-20,28.61265063744663,30.299169589440595,28.423643858926482,30.139240264892578,27581040
2018-07-23,30.008387713011768,30.35732044176255,29.121508846838925,29.892074584960938,16157148
2018-07-24,29.906620636446064,31.27328109156412,29.79031080760283,31.084274291992188,22493088
2018-07-25,30.967955832374184,30.967955832374184,29.237820988906563,29.368669509887695,31127565
2018-07-26,29.47044325564144,29.804837240653,29.00519742485104,29.136049270629883,32172804
2018-07-27,29.339592335080166,29.993844929204755,29.19420508818633,29.804838180541992,17262075
2018-07-30,29.95023473317942,31.636753755381974,29.848463640040304,31.345975875854492,42168243
2018-07-31,31.520443553678877,34.7917074830617,31.17151073116576,33.83213806152344,77121654
2018-08-01,34.515458712623044,35.44595041765429,33.87574483348886,34.05021286010742,80280801
2018-08-02,34.02113234511619,34.55907177371462,33.148795618318346,33.977516174316406,22892568
2018-08-03,34.02113125281972,35.053397233774966,33.90481814005416,34.748077392578125,28213677
2018-08-06,34.922545397876256,35.06793595690811,34.311909043183,34.748077392578125,29598678
2018-08-07,34.54453906582818,34.719007107110365,33.74489914547826,33.87574768066406,13025202
2018-08-08,33.90482668381902,35.416877564594415,33.46865822451267,35.169715881347656,40606014
2018-08-09,35.47503603394272,35.79489471099274,34.646318540207524,35.24241638183594,38338101
2018-08-10,35.315106630022086,36.17290482555445,34.83532198824666,35.22787094116211,43808427
2018-08-13,35.082482114535516,35.09702084074963,33.8757478725574,34.12290954589844,14906724
2018-08-14,33.91935999654329,34.37007043840709,32.94525214583625,34.19560241699219,28673466
2018-08-16,34.02114082998912,34.399154393264915,33.23603624898575,33.395965576171875,14290698
2018-08-17,33.64312180262008,34.42822625611198,33.468653776544016,34.18106460571289,11741781
2018-08-20,34.195647672077456,34.57495183153206,33.97681886301712,34.268592834472656,9578118
2018-08-21,34.42906986537292,35.1584982222331,34.29777456423217,34.60413360595703,14753664
2018-08-23,34.604140464454964,34.66249394319422,33.84553188458954,33.90388870239258,13224216
2018-08-24,33.84552635435339,34.41448269628705,33.612112477535355,34.28318405151367,10920258
2018-08-27,34.429065934494695,34.69165984585812,33.933054842023495,34.06435012817383,15681402
2018-08-28,34.195649061942625,34.26859422730265,33.55375097333852,33.58292770385742,8750094
2018-08-29,33.61210208709699,34.00599122152854,33.40785832989217,33.495391845703125,8680368
2018-08-30,33.553760265432686,33.7580007746884,33.20363606318269,33.320343017578125,12692523
2018-08-31,33.32033696876088,34.254005790685284,32.9848011967219,33.11609649658203,29239140
2018-09-03,33.33492992373211,33.69964581833703,32.67844331688139,32.80974197387695,23274777
2018-09-04,33.086920731874834,33.086920731874834,31.365466704142985,31.84688949584961,20666517
2018-09-05,31.919830178448947,31.919830178448947,26.113570743697853,27.557842254638672,435838635
2018-09-06,27.63079037459085,27.674557149168933,26.142755099102505,26.624177932739258,144894588
2018-09-07,26.551232856398986,27.35360642453992,26.28863890253606,26.799240112304688,64860561
2018-09-10,26.799237674088367,27.16395183672303,26.449110208083823,26.53664207458496,32605425
2018-09-11,26.667941034005185,26.813828045594796,25.719683806330778,25.82180404663086,47399022
2018-09-12,25.8218044820236,25.85098121702084,24.873545568828572,25.57379722595215,56999529
2018-09-14,25.705095608144404,26.11357490249975,25.705095608144404,25.90933609008789,22618239
2018-09-17,25.894745234132525,25.909335270551242,25.325790577876027,25.41332244873047,22569123
2018-09-18,25.413323152472525,25.544620127624253,24.421299150891564,24.508831024169922,33779469
2018-09-19,24.72766117742804,24.771426281610804,24.012819455720926,24.100351333618164,23632947
2018-09-21,24.304587735216916,24.40670796398885,21.736995319844265,23.38550567626953,37031124
2018-09-24,23.516808259299214,23.604338467649022,22.52478420554934,22.670669555664062,21786213
2018-09-25,22.4956088022793,22.874911402863635,21.66405841743377,22.233013153076172,26192304
2018-09-26,22.962440675721403,25.179905890534453,22.83114203127905,24.567184448242188,142002327
2018-09-27,24.800599944712477,25.077783912119493,23.779399281198657,23.93987464904785,45255255
2018-09-28,24.100350435684977,24.304590919991682,23.006206176564515,23.429275512695312,22137960
2018-10-01,23.50221801424002,24.465065254975652,22.78737634975201,24.129526138305664,29322090
2018-10-03,24.14411293357752,24.727657588510244,23.677278545256513,24.333765029907227,30933705
2018-10-04,23.969051340663313,24.362942237424672,23.48762690746854,23.998228073120117,24482433
2018-10-05,23.92528297720916,24.289998786727494,23.22503142774669,23.516803741455078,20945433
2018-10-08,23.049970805811558,23.26879965314225,21.94123820194028,22.51019287109375,29928747
2018-10-09,22.510191461117802,22.97702753050514,21.824528227638115,22.145477294921875,28296093
2018-10-10,22.466427753629834,23.866932709466987,22.364307513645272,23.764812469482422,26090592
2018-10-11,22.904085831332747,25.238259683774384,22.670668613041745,24.771425247192383,42896796
2018-10-12,25.092371792369644,25.500852717676082,24.74224600047761,24.961074829101562,23021736
2018-10-15,25.22367314261629,25.705097651038695,24.596364949113998,25.457090377807617,17167395
2018-10-16,25.5446253915908,25.821809435836162,25.311208127769422,25.675922393798828,13062003
2018-10-17,25.850981484637536,26.0406336031462,24.756837215597777,24.946489334106445,11772090
2018-10-19,24.771422747184182,25.15072694077524,23.98363929757468,24.246234893798828,22909692
2018-10-22,24.479651045532083,25.09237244953892,24.14411361082306,24.713069915771484,18668121
2018-10-23,24.610951517843013,25.530032022888733,24.53800801110561,25.39873504638672,21949755
2018-10-24,25.675915451308637,25.792624051662578,24.508829447769205,24.713069915771484,20489004
2018-10-25,24.45047651343594,24.858957486204897,23.925286929808948,24.31917953491211,27339909
2018-10-26,24.275416270463236,26.551235189324586,23.79399175337196,25.748863220214844,72418194
2018-10-29,25.967690369644536,26.55123342945207,25.10696331297113,25.209083557128906,39264528
2018-10-30,25.20908231083028,26.551232116799603,25.20908231083028,26.215696334838867,53536695
2018-10-31,25.967688403935888,27.251484707863,25.967688403935888,27.149364471435547,34635969
2018-11-01,27.23689907640409,28.73952270125357,27.193132302379055,28.447751998901367,58131714
2018-11-02,28.681164187257412,28.85622791352285,27.587020071926986,27.71831703186035,20519661
2018-11-05,27.732905615998504,28.21433003225642,27.149362639734377,27.747495651245117,12621051
2018-11-06,27.93715083923209,28.22892321188619,27.63079009837504,27.7912654876709,12935340
2018-11-07,27.995507849920816,27.995507849920816,27.76208893450075,27.849620819091797,1471155
2018-11-09,27.864204675466297,28.958348881820513,27.805851208210907,28.78328514099121,26676957
2018-11-12,28.797875431468164,28.972935824630213,27.572432644956045,27.732906341552734,13179546
2018-11-13,27.718318785432427,27.805850654102763,27.047243908179066,27.60161018371582,11296545
2018-11-14,27.849620014076862,28.57905180807351,27.484905786610327,27.951740264892578,16517217
2018-11-15,27.92256211894004,28.433163347263367,27.441139296186403,28.21433448791504,8838150
2018-11-16,28.30186417323873,28.31645254098825,26.726297082847243,27.091012954711914,17977203
2018-11-19,27.134777340502687,27.572435039543056,26.95971359307389,27.397371292114258,10805367
2018-11-20,27.41195916744254,28.01009223581162,26.930536374952165,27.10559844970703,21194664
2018-11-21,27.26607541894037,27.76208660749446,26.930537947409164,27.499492645263672,10910604
2018-11-22,27.514078975523937,27.645375946915475,27.193129895715973,27.353605270385742,10296039
2018-11-26,27.659961983667042,28.05385284088471,27.163949234039833,27.98090934753418,20503503
2018-11-27,27.718317153354082,27.8642024795271,27.018065584285868,27.178539276123047,13761777
2018-11-28,27.32442954390776,27.426549791556706,25.748862393797893,25.880159378051758,29465751
2018-11-29,25.9676897670824,26.0260449064749,24.362944302934086,24.74224853515625,80182452
2018-11-30,24.727660531396264,24.91731098076517,24.14411580701477,24.290002822875977,35208714
2018-12-03,24.552594679640162,25.223669552688264,24.04199350687247,24.85895538330078,30724905
2018-12-04,24.800603423317938,25.209084413830812,24.362945696206072,24.47965431213379,14637795
2018-12-05,24.231646376089664,24.47965195233728,23.633514985810432,24.129526138305664,16503828
2018-12-06,23.793992215179568,24.508833985539315,23.77940384612575,23.86693572998047,21612813
2018-12-07,24.012816648574518,24.085760149883594,23.341741779031878,23.370920181274414,21818304
2018-12-10,22.78737914097326,23.42927738008966,22.40807654669454,22.656082153320312,60029283
2018-12-11,22.320543234688895,23.28339053166024,21.8828855242048,22.97702980041504,49626948
2018-12-12,23.16667991155664,23.896109974864412,23.122914808961465,23.40009880065918,24321090
2018-12-13,23.66269067411983,24.844366705107255,23.53139370835045,24.625537872314453,51720444
2018-12-14,24.771422155776953,24.771422155776953,23.706454769389516,24.0419921875,29710962
2018-12-17,24.15870596405118,24.65471714575079,24.144115926767363,24.435888290405273,24032520
2018-12-18,24.30459164176133,24.68389588660411,24.1732946606741,24.610952377319336,26882103
2018-12-19,24.69848344276183,25.47168032724989,24.6255416004756,25.282028198242188,35638596
2018-12-20,25.048609641492998,26.53664484948831,24.917310993245817,26.346994400024414,62658462
2018-12-21,26.595000942378594,27.659968516999392,25.675918719385898,25.792627334594727,113350500
2018-12-24,25.79262816440039,26.069812177896303,25.442502307509592,25.661331176757812,33134253
2018-12-26,25.602977041241566,26.113576609954574,24.873546939396473,25.880159378051758,37833786
2018-12-27,26.33240538499161,26.405348895790308,24.99025547129859,25.136140823364258,74696946
2018-12-28,25.38414412577617,25.748858283716487,25.26743552845401,25.646738052368164,22391712
2018-12-31,25.209085069582393,26.171932428180924,25.17990833222444,25.661331176757812,31537269
2019-01-01,25.792620339709508,25.894740559013986,25.413317860529506,25.515438079833984,10478028
2019-01-02,25.45708861888755,26.332404025142285,25.31120327435564,26.17193031311035,30694161
2019-01-03,26.28863864974606,26.507467499038132,25.77803911441897,25.90933609008789,39807891
2019-01-04,25.938513074208277,26.8867703172379,25.821804464765684,26.799240112304688,34527270
2019-01-07,26.988893077768473,27.193133580735445,26.565825372516084,26.667943954467773,24057507
2019-01-08,26.69712130384801,26.799241551285064,26.274051945827612,26.507469177246094,14104692
2019-01-09,26.580411382351,27.0910125944525,26.317815757756666,26.945125579833984,18285609
2019-01-10,26.813823848258817,27.134772886171536,26.697115258975224,26.95970916748047,17549421
2019-01-11,27.01807083628877,27.10560104728859,26.770063563194007,26.857595443725586,22185702
2019-01-14,26.813827341941824,27.00347945031247,26.17192918248085,26.726295471191406,15934200
2019-01-15,26.843003415342267,26.88676851487507,26.186516905161085,26.317813873291016,22043667
2019-01-16,26.405349176674083,26.624178041866223,25.7926276863234,25.938514709472656,17562354
2019-01-17,26.026047755133725,26.08440123138162,25.296617615312314,25.442502975463867,23812968
2019-01-18,25.646740310571737,25.74886055091178,25.106962374354826,25.194494247436523,11667606
2019-01-21,25.354968881017548,25.55921103867403,25.004843045460028,25.23826026916504,9151740
2019-01-22,25.369555592868053,25.500852555300103,24.610948880499986,24.8443660736084,19554852
2019-01-23,24.917312039245655,25.019432286873872,24.392124102336805,24.47965431213379,11639016
2019-01-24,24.494240273990194,24.59636050462505,24.04199258430357,24.158702850341797,13418628
2019-01-25,24.27541713555271,24.508834383265278,23.356334844461156,23.443866729736328,17708478
2019-01-28,23.443865462721103,23.66269432931659,23.064562873070418,23.254213333129883,13648203
2019-01-29,23.32715491998753,24.041994934786928,23.225034679368814,23.881521224975586,26089251
2019-01-30,24.027408225436375,24.698481468486147,23.925286315335274,24.508831024169922,23315919
2019-01-31,25.559210996745147,25.675917938874523,24.319179702240433,24.40671157836914,87060927
2019-02-01,24.552594567387146,25.150727605542034,24.290000633753767,24.68389320373535,29213256
2019-02-04,24.654713968112706,24.654713968112706,23.823163757161947,24.158702850341797,11287905
2019-02-05,23.808585471794387,24.275420022742342,23.122920346866024,23.283395767211914,15855786
2019-02-06,23.34174607091731,23.98364432577582,22.845734845501436,23.8961124420166,18884961
2019-02-07,23.92528613334739,24.217058485545348,23.502218476528025,23.823165893554688,16189332
2019-02-08,23.764596952228793,23.96959062403042,23.28139877990243,23.42782211303711,10374135
2019-02-11,23.383893975695905,23.398536140413547,22.227144530430188,22.476064682006836,24270603
2019-02-12,22.505352291614475,23.41317997433736,22.30035861957606,22.7542724609375,26343552
2019-02-14,21.992867077616438,22.388212237346252,21.231462763991587,21.817157745361328,53580390
2019-02-15,21.963580281905625,22.32963939470799,21.714658476539356,21.99286460876465,30063423
2019-02-18,22.124650116858284,22.34428596297522,21.91965811274586,22.05143928527832,12307260
2019-02-19,22.11000634403186,22.54927800434831,22.007509511578796,22.25642967224121,17095686
2019-02-20,22.783558182085873,23.06176437558891,22.344286479693704,22.695703506469727,37576563
2019-02-21,22.607844255938026,22.82748004640933,22.2710694889279,22.681055068969727,14611077
2019-02-22,23.076403493551926,23.20818465172187,22.842125506652398,23.003190994262695,31188135
2019-02-25,23.003191549234774,23.808524033780632,22.578563735040074,23.691383361816406,66028140
2019-02-26,23.281399063968024,23.58888957542228,22.666418041059515,23.339967727661133,45772245
2019-02-27,23.427822093346148,24.2331529384427,23.3399674232638,23.618173599243164,42834909
2019-02-28,23.720670942826708,24.364936302970587,23.44246476089201,24.159942626953125,71638554
2019-03-01,24.306364344892376,24.979913992285894,24.306364344892376,24.892059326171875,34016796
2019-03-05,25.12634157574838,26.693076858936177,24.935990058893474,26.40022850036621,59932653
2019-03-06,26.605222093097694,27.498407656649345,26.37094407731581,26.971282958984375,51195621
2019-03-07,27.161631214616946,27.161631214616946,26.03416770107106,26.16594886779785,34017735
2019-03-08,25.770607304361175,26.063455685895512,25.41919025193318,25.53632926940918,36310506
2019-03-11,25.697392841654846,26.941995355194972,25.56561167504046,26.83949851989746,42558603
2019-03-12,27.000564313424782,27.439835963479005,26.56129266337056,26.70771598815918,45229077
2019-03-13,26.736999769309215,27.630186891686957,25.755959659274147,27.410551071166992,63010848
2019-03-14,27.674116183321587,27.732684847680993,26.693075974105028,27.293413162231445,45891693
2019-03-15,27.249486081078313,27.952320092488133,27.044492408828333,27.805896759033203,63556005
2019-03-18,27.99624907773152,28.157314581635916,27.35198371073691,27.630189895629883,35936859
2019-03-19,27.65947471830814,28.40623526194949,27.366626362022867,28.318382263183594,48370725
2019-03-20,28.30374105440755,28.596587744913037,27.249488276659726,27.381269454956055,54651846
2019-03-22,27.52768921694071,27.64482821303269,26.51736474726425,26.663789749145508,41619885
2019-03-25,26.50272741743543,27.26413186878995,26.35630406452872,26.88343048095703,30160203
2019-03-26,27.01520512977712,27.308051764735904,26.854137972430333,27.059131622314453,20409297
2019-03-27,27.413234501824085,27.796843652745636,27.014873101036336,27.177169799804688,27294354
2019-03-28,27.413232221426842,27.501757532620054,27.044378728014962,27.280445098876953,49917378
2019-04-01,27.67881093853562,28.78537321853294,27.398482728125654,28.298484802246094,65733300
2019-04-02,28.446024980665207,30.039477315233572,28.34274741370021,29.759145736694336,106871754
2019-04-03,30.11324574142976,30.157507553984725,28.54930472576894,28.69684410095215,61986711
2019-04-04,28.71160447460596,29.213245157597544,28.35750318251767,28.72635841369629,37349862
2019-04-05,28.96241943178518,29.021435177175054,28.416513656050117,28.564056396484375,20317581
2019-04-08,28.593567479867957,28.75586417487351,27.87061438678497,28.032909393310547,20624223
2019-04-09,28.077171637594677,28.431271220560536,27.501759604215152,28.26897621154785,27228855
2019-04-10,28.195205688476562,28.564059198789376,28.003401120182723,28.195205688476562,21749289
2019-04-11,28.15094096912402,28.180448843437684,27.413232291923286,27.531267166137695,53425362
2019-04-12,27.60503695846324,27.796841519202076,27.147658150916694,27.72307014465332,41529546
2019-04-15,27.92963013880155,28.254221840332683,27.752581194271826,28.032909393310547,20654934
2019-04-16,28.04766349599229,28.224714130041516,27.708317854464596,27.782089233398438,13209351
2019-04-18,27.782090679996408,27.900123879348484,27.19192299475595,27.295202255249023,16277727
2019-04-22,27.118152308318848,27.118152308318848,26.144377182930594,26.380443572998047,22971246
2019-04-23,26.35093745360909,26.51323416290346,25.93782039920175,26.08536148071289,24354744
2019-04-24,26.114871047799216,26.321429575002888,25.81978719629681,26.08536148071289,20413533
2019-04-25,26.129621331042355,26.439459078495325,25.56896327357122,25.686996459960938,48818151
2019-04-26,25.819784482551697,26.129622240792227,25.53945628829594,26.01158905029297,21338169
2019-04-30,25.967323441711308,26.041094812967923,25.170599048363133,25.716503143310547,22789725
2019-05-02,25.613224804490624,26.336179540621828,25.45092980816395,26.041095733642578,24345006
2019-05-03,26.041095478828755,26.350933219853204,25.81978304787984,26.100112915039062,26423517
2019-05-06,25.864045111759058,26.100113170430376,25.73125798958635,26.041095733642578,11389035
2019-05-07,26.262406635696443,26.365685877694155,25.50994406927876,25.583715438842773,18255918
2019-05-08,25.583716872065747,25.76076749354601,25.259125191671842,25.642732620239258,15589908
2019-05-09,25.627980356817442,26.882083578055973,25.45092973543983,26.54273796081543,29622102
2019-05-10,26.587002542149683,26.778807120547178,26.203395073834734,26.468969345092773,20809257
2019-05-13,26.46896660250733,26.705032972161103,25.495191561325615,25.642732620239258,18117831
2019-05-14,25.642732748391285,26.498474609022765,25.377158503323525,26.29191780090332,17664834
2019-05-15,26.29191686451956,26.498473665282507,26.129620185051763,26.262407302856445,14422137
2019-05-16,26.40994941920092,26.45421291923553,25.56896318030187,26.336179733276367,12642906
2019-05-17,26.262408254446907,27.265691175350458,26.159129006083315,27.132904052734375,20954694
2019-05-20,28.062421468558693,29.537835662739067,28.062421468558693,29.301769256591797,51849138
2019-05-21,29.4788180157202,29.4788180157202,28.195206803519543,28.608322143554688,25111281
2019-05-22,28.918155288442513,30.172260184952204,28.564057426376504,29.832916259765625,45689826
2019-05-23,30.68866011183136,31.765714577722104,29.90669118920073,30.290300369262695,77956989
2019-05-24,30.42308124952322,33.19686535268429,30.39357337502658,32.99030685424805,108593046
2019-05-27,32.901785001999514,34.74605783925405,32.296866726246236,33.34440994262695,68298933
2019-05-28,33.329652821083265,33.84604735787382,32.91653584086696,33.270633697509766,35917173
2019-05-29,33.432931208442724,33.53620876758336,32.459154480318155,33.108341217041016,32644272
2019-05-30,34.22965537893414,34.22965537893414,32.85751891656215,33.462440490722656,105093189
2019-05-31,33.59522439943972,33.91981435709103,32.35587355685974,32.946041107177734,49922292
2019-06-03,33.049325518512084,33.25588403516879,32.65096242374843,32.81325912475586,31057965
2019-06-04,32.695226652719256,33.69850795237311,32.695226652719256,33.388671875,28189440
2019-06-06,33.34441341183708,33.3886786120735,31.33785040765074,31.529651641845703,41677017
2019-06-07,31.780466565287174,32.459154420888154,30.96898652282907,31.9575138092041,39082830
2019-06-10,32.03128638172164,32.31161455726668,31.38210303306601,31.780466079711914,15825306
2019-06-11,31.883742757311325,32.79850031950326,31.736200016746324,32.591941833496094,23772855
2019-06-12,32.45915766815826,32.72473531452193,31.50013815982742,31.57390785217285,20186847
2019-06-13,31.647681035024224,32.53293085418574,31.632927096502204,32.473915100097656,18529365
2019-06-14,32.38538910409466,32.931294977349964,32.11981482543865,32.695228576660156,24943608
2019-06-17,32.754241584786286,33.12309340538044,32.00178062889272,32.1640739440918,32924067
2019-06-18,32.26734962223312,32.66571263030204,32.09029902120701,32.4001350402832,23424801
2019-06-19,32.6214592179893,33.04933025112291,31.293584296600958,31.75096321105957,32430930
2019-06-20,31.86899266636487,32.739488524511984,31.765711722419294,32.636207580566406,16063953
2019-06-21,32.68047432176308,33.43293878822225,32.14932571470054,32.90178680419922,33804483
2019-06-24,33.00505985287201,33.993590505195634,32.901778918111184,33.860801696777344,42151767
2019-06-25,33.919821438411184,34.023102385334134,33.24113013348924,33.6099853515625,33003267
2019-06-26,33.595233065494746,34.03785799817067,33.49195211349157,33.75752639770508,21223506
2019-06-27,34.08211556711126,34.40670556802631,33.81654131600625,33.91981887817383,51050244
2019-06-28,33.934575968530645,34.2591693765639,32.96080249835116,33.196868896484375,20912469
2019-07-01,33.41817915882778,34.06736255525576,32.40014056214575,32.70998001098633,33367893
2019-07-02,32.754236942938896,33.30013931607349,32.754236942938896,33.078826904296875,14009295
2019-07-03,33.255885549939315,33.59523290596084,32.72473698403457,33.37392044067383,25226940
2019-07-04,33.40342236468766,33.77227753340134,33.152602065667814,33.521453857421875,12187362
2019-07-05,33.71326209273092,33.8608048517251,31.63292641340893,31.987024307250977,30916248
2019-07-08,31.89849450655446,32.38538112698818,29.7296322406668,29.8624210357666,53678784
2019-07-09,29.803411879696444,31.8985051691591,29.50832969712218,31.67719268798828,71879163
2019-07-10,31.7066982426819,31.7066982426819,30.48210440441326,30.644397735595703,24602505
2019-07-11,30.83620313360626,31.632929379127237,30.437840010845772,31.514894485473633,28447611
2019-07-12,31.39685813237129,31.60341663172635,30.777182634306108,31.293577194213867,58318251
2019-07-15,31.205055665465324,31.205055665465324,29.862427017992047,30.349313735961914,30095892
2019-07-16,30.364067195793616,31.0427584779878,30.246032314257253,30.408329010009766,23451318
2019-07-17,30.54112483565044,30.806699158829165,30.128007720945426,30.48210906982422,16754862
2019-07-18,30.629643124973434,30.65915100272341,28.298485324643934,28.490291595458984,43257153
2019-07-19,28.770619688019295,29.493572820682722,27.678811331138146,29.080455780029297,63753267
2019-07-22,29.036191122576206,30.02471843409246,28.268974560064567,29.655866622924805,41161548
2019-07-23,29.788653191071305,30.216520719464455,28.99192712539124,29.168977737426758,30391386
2019-07-24,29.257505877992216,29.567345341193505,28.283732426696886,28.800127029418945,24861369
2019-07-25,28.977182879342113,29.58210122206043,28.682100678578042,29.257511138916016,40596891
2019-07-26,29.47881574094703,29.47881574094703,28.873894183232284,29.109960556030273,21059481
2019-07-29,28.93292162446975,29.0066913318706,27.191927825643432,27.36897850036621,41593818
2019-07-30,27.560776211686115,29.626359582540175,27.5165127098547,29.036191940307617,114516858
2019-07-31,28.74111251956598,30.54112011471281,28.623077629198217,30.3050537109375,68598411
2019-08-01,29.90668740989925,30.03947622528183,28.534550951105267,29.139469146728516,38784582
2019-08-02,28.623077153055963,29.10996389168321,27.811598692517183,28.13619041442871,41095086
2019-08-05,28.01815707870056,28.01815707870056,26.91159477947479,27.295202255249023,70443657
2019-08-06,27.265693489360427,28.829634596190665,27.265693489360427,28.608322143554688,42197172
2019-08-07,28.59356541037697,29.036190272385777,27.79684099645709,27.988645553588867,33700071
2019-08-08,28.09192696075998,28.741110366756025,27.590284623952133,28.623075485229492,31400160
2019-08-09,28.549306105965144,29.18373558080348,28.4755330378472,28.81488037109375,17455608
2019-08-13,28.814878860209816,29.050945236497302,27.560775603002583,27.811595916748047,22317750
2019-08-14,27.73782686432439,28.32799454295601,27.17717044004044,28.047664642333984,21367104
2019-08-16,28.04766043738705,28.475529660800117,27.752578330790445,28.357498168945312,16438485
2019-08-19,28.446026568686207,29.036194258026974,28.150944412495907,28.873897552490234,20751876
2019-08-20,29.099118442474378,29.234255045298006,27.62764607265369,28.033052444458008,27155040
2019-08-21,28.10813352866002,28.618643571940375,27.477501655783993,27.61263656616211,25750647
2019-08-22,27.88290480896652,28.288309492174385,27.657679412184343,28.01803970336914,35013807
2019-08-23,28.168190075027933,30.315340513289772,27.867888965958656,30.000022888183594,51949131
2019-08-26,30.615639893953755,31.53155630023027,30.09011510117222,30.69071388244629,51918060
2019-08-27,30.630653053000003,31.471495425801326,30.555575631856993,31.126148223876953,27645471
2019-08-28,30.991018700382263,31.39642170094891,30.85588207574863,31.14116668701172,26066439
2019-08-29,31.006025964135333,31.93696054152665,30.25527582021761,31.441465377807617,60333249
2019-08-30,31.231257526219668,31.53156039249788,30.2252522031895,30.900928497314453,26464308
2019-09-03,30.405430661566132,31.17119568874616,30.150175652506125,30.285308837890625,20432799
2019-09-04,30.300324905781785,32.1922205104345,30.300324905781785,31.982009887695312,51820020
2019-09-05,32.13216216382636,32.86790115988668,31.891925347699118,32.387420654296875,46413759
2019-09-06,32.28230661310866,32.882908833244095,32.117143837821615,32.747772216796875,29489361
2019-09-09,32.942970275878906,33.30333231992396,32.657685662399075,32.942970275878906,30785802
2019-09-11,32.94297097830086,33.43846622192758,32.192220713310896,32.41744613647461,28361922
2019-09-12,32.582608775212265,33.09312225223443,32.1471761666746,32.43246078491211,26803833
2019-09-13,32.462481220522676,32.97299111678756,31.651668555082722,32.627647399902344,22195425
2019-09-16,33.33336313892687,34.0540838167594,32.642672059753956,32.822853088378906,53785869
2019-09-17,33.01804034029011,33.76879042178384,32.267286822129996,32.44746780395508,55784604
2019-09-18,32.74777371819197,33.15318014945348,31.72675367748438,32.10212707519531,34163946
2019-09-19,32.34237563750788,32.34237563750788,31.21624839994378,31.321352005004883,20922834
2019-09-20,31.65168091443799,33.318351280496096,31.14117081882901,32.462493896484375,63740280
2019-09-23,33.10813361468125,34.72975579827104,32.55257579823525,33.768795013427734,60392520
2019-09-24,33.783811229473024,34.00903663766951,33.18320899539339,33.58861541748047,33511350
2019-09-25,33.483507922333885,33.49852615689125,32.40242872755621,32.717742919921875,18553128
2019-09-26,32.65768257347313,33.57359895906632,32.222246576715705,33.33335876464844,24021438
2019-09-27,33.16819189017563,33.408432079763436,32.38741213318195,32.477500915527344,18383574
2019-09-30,32.53755965769157,32.70272585972724,31.561584115662686,32.522544860839844,23611185
2019-10-01,32.612644021510576,33.39342393402029,31.726757071995895,32.177207946777344,30449868
2019-10-03,31.891923669496347,32.192223110520835,31.321350951215592,31.65167999267578,20914977
2019-10-04,31.83185663235393,32.282307449965856,31.306331824029016,31.516542434692383,26160762
2019-10-07,31.561580573516178,31.90692429901471,31.081100254851755,31.336355209350586,18641931
2019-10-09,31.531561590932977,32.027056871457,31.24627695012634,31.65167999267578,20174292
2019-10-10,31.561585120221977,31.966991521455434,31.20122311097739,31.72675132751465,13718334
2019-10-11,31.741767542235536,31.951978150903784,31.231254100231524,31.546571731567383,18654189
2019-10-14,31.711737714596275,33.078104942625735,31.681704682148496,32.717742919921875,33280899
2019-10-15,33.01804189338123,33.378400437315435,32.47749892248011,33.183204650878906,25630197
2019-10-16,33.33336768094341,33.81384819830222,33.078112620888284,33.61865234375,31470330
2019-10-17,33.61864553765115,34.08411115940065,33.528556747635264,33.994022369384766,24550347
2019-10-18,33.91895120074226,36.33636830070465,33.90393296448928,35.000030517578125,77943672
2019-10-22,35.075099654598134,35.45047299210606,34.429453115151354,34.63966369628906,28561275
2019-10-23,34.63967097597062,35.00002959317586,34.024053899216476,34.2192497253418,32842875
2019-10-24,34.36940385195994,34.89492873816698,33.81384592834983,34.819854736328125,21415911
2019-10-25,34.83485283506087,35.210229574648295,34.429449942839256,35.045066833496094,22725063
2019-10-27,35.07510382988578,35.270299638225644,34.9099376171879,35.03005599975586,2065533
2019-10-29,35.22524310662021,36.156174088227466,35.04506557727642,35.64566421508789,27978864
2019-10-30,36.00603612121539,36.66669755515208,35.345374687278685,35.84086990356445,28093326
2019-10-31,35.99102033417151,36.15618311061793,35.330358918385,35.480506896972656,23706222
2019-11-01,35.67570848223242,36.561595446005654,35.465497841506526,36.15618896484375,25696773
2019-11-04,36.351387191143004,36.66670489126095,35.75078826679327,35.885921478271484,32659980
2019-11-05,34.624655664316464,34.80483325191873,33.5135433574332,33.8138427734375,62888307
2019-11-06,33.76880280367613,33.78381760461145,32.47750930323294,32.85288619995117,50423022
2019-11-07,32.897924081618775,33.1081346897122,32.34236968380061,32.702728271484375,26145681
2019-11-08,32.627656811055964,33.87390232160221,32.627656811055964,32.867897033691406,40157721
2019-11-11,32.77780241121316,33.07810524510141,32.357381193103194,32.687713623046875,22302711
2019-11-13,32.672690470708986,32.9129306143907,32.192210183345544,32.762779235839844,26958765
2019-11-14,32.86789748636832,33.30333354026726,32.672701658413565,32.822853088378906,17998971
2019-11-15,32.94297018728266,33.738768267130645,32.912940589804194,33.4084358215332,16088199
2019-11-18,33.348372253986895,33.72374904658319,32.89792147753803,33.00302505493164,17733186
2019-11-19,32.95797725323015,33.633653347966074,32.91293286758102,33.46849060058594,11950386
2019-11-20,33.618643953015045,33.85888415173391,33.15317835320556,33.27330017089844,20834538
2019-11-21,33.21323836069149,33.43846376732216,32.94296856006808,33.15317916870117,12233283
2019-11-22,33.09312245720383,33.27330348334722,32.43246098578956,32.867897033691406,17271447
2019-11-25,32.53755968822501,32.71774068728149,31.50152495781701,32.05707931518555,33287655
2019-11-26,32.41744453101447,32.672699539736314,30.810837050235513,30.97599983215332,31860954
2019-11-27,31.081099495749196,31.38139882841358,30.810829752684626,30.94596290588379,12796782
2019-11-28,30.94597511359432,31.606636655409762,30.705734865358487,31.321352005004883,22439826
2019-11-29,31.39642121148715,31.651676221444987,30.825851997856,30.96098518371582,14661717
2019-12-02,31.021047814098363,31.111136604671575,30.25527934755778,30.96098518371582,20186343
2019-12-03,30.855884909366186,30.99102154640995,30.16519379744044,30.33035659790039,26022180
2019-12-04,30.390416948524244,30.570597972138785,30.06008449911972,30.405431747436523,18411348
2019-12-05,30.570595947544305,31.021046758415125,30.46548892545207,30.64566993713379,19073526
2019-12-06,30.780805513851913,31.231256359778207,30.480506095456793,30.82585334777832,24794031
2019-12-09,30.870893993308,31.531555382821086,30.645668597716423,30.78080177307129,18155055
2019-12-10,30.885910315282405,30.900925113285275,29.35437686232068,29.939964294433594,35565381
2019-12-11,30.240264791467958,30.240264791467958,28.99401932854936,29.56458854675293,39852759
2019-12-12,29.819840965599017,29.8648887939963,29.324345783230076,29.669692993164062,32591919
2019-12-13,29.969998705443846,30.390419990403426,29.579607021314587,30.030057907104492,28292490
2019-12-16,30.15017543220834,30.72074463966361,29.879902190080017,30.34537124633789,19226304
2019-12-17,30.345371510269537,30.465489897445057,30.030053870599666,30.090116500854492,12393666
2019-12-18,30.13515824154468,30.255276618139394,29.92494764583717,30.16518783569336,13404162
2019-12-19,30.10512396394249,30.270290161586715,29.879898580488224,30.06007957458496,10160163
2019-12-20,30.075095955405235,30.15017337828951,29.579600773036294,29.669692993164062,10121097
2019-12-23,29.63966134564251,30.04506427980285,29.579598724162057,29.68470573425293,22862667
2019-12-24,29.684709588596053,29.969994190170734,29.579602564857797,29.909934997558594,11035944
2019-12-26,29.90993111397159,30.24026006711457,29.534554335551636,29.68470573425293,22525710
2019-12-27,29.81984247374365,30.55557788588528,29.77479807973503,29.939964294433594,17607090
2019-12-30,30.07509863830138,30.270294456546367,29.90993585388933,30.015039443969727,9577833
2019-12-31,30.090112752393534,30.630652300680058,29.909931757409147,30.04506492614746,22468632
2020-01-01,30.120147779441538,30.315343606167808,29.84987451987147,30.07509994506836,15438294
2020-01-02,30.225249604343944,31.17119564745051,30.000024192334426,30.97599983215332,26262750
2020-01-03,30.991020137988595,31.201227329020885,30.135162827830847,30.315343856811523,21950223
2020-01-06,29.87990268377338,30.300323915511626,28.723747733160295,29.114137649536133,36402729
2020-01-07,29.53455838676256,29.72975420084899,28.61864194604956,28.933956146240234,33298260
2020-01-08,28.543570444868315,29.17420065656338,28.36339112081277,28.6636905670166,20424309
2020-01-09,29.129152297973633,29.204226290158996,28.768791980483275,29.129152297973633,41681037
2020-01-10,29.129150173038397,29.609630561308425,29.129150173038397,29.189212799072266,23088681
2020-01-13,29.489515528967786,29.804829745592645,29.294319704707743,29.429452896118164,28538664
2020-01-14,29.68471451225507,30.09012100296384,29.41444466400508,29.985013961791992,21417702
2020-01-15,30.090120279723568,31.42645468821017,29.879906202432537,31.186214447021484,39241374
2020-01-16,31.831854610333792,32.20723141338808,31.33635942976887,31.75678062438965,54250446
2020-01-17,31.711735022548055,32.71774014247264,31.44146524679717,32.61263656616211,33279852
2020-01-20,32.732760092179106,32.732760092179106,31.126152544696065,31.531558990478516,28115967
2020-01-21,31.231254100231524,31.831856330236082,31.186209706231253,31.546571731567383,17126625
2020-01-22,31.54657458762279,31.54657458762279,30.030055795647417,30.315343856811523,46807380
2020-01-23,30.36038765150048,31.396422533381223,30.075099596006257,30.375402450561523,64975338
2020-01-24,30.43546182258758,31.126152893386276,30.42044702343982,30.585613250732422,20621760
2020-01-27,30.540570986497784,31.081110666907446,30.330356910411556,30.52555274963379,24177363
2020-01-28,30.510534292635878,30.645670914875403,29.849872853169323,30.090116500854492,32134050
2020-01-29,30.300320711053985,30.3753981323533,29.939962148150833,30.19521713256836,28345554
2020-01-30,30.40543287974593,31.066094366491072,30.120148253121325,30.255281448364258,33639177
2020-01-31,28.903927498350903,29.729755176589666,26.997018844690842,27.222244262695312,169747995
2020-02-03,25.525543096414474,26.2612801735131,24.24926645709376,25.075092315673828,76345218
2020-02-04,25.39041256698639,26.15617936944239,25.36038296800128,25.48050308227539,44426844
2020-02-05,25.52554421296393,26.471491924897364,25.39040931649728,26.096115112304688,45829710
2020-02-06,26.38139938484026,26.426443774074492,25.720738032738403,26.126144409179688,31688880
2020-02-07,26.156176365789676,26.426446162286496,25.885906569292853,26.291311264038086,30367869
2020-02-10,26.381400503743027,26.381400503743027,25.78080003014711,25.975994110107422,37802355
2020-02-11,26.220190529405482,26.61700284400544,26.037045309373337,26.159141540527344,40352259
2020-02-12,26.067571885051752,26.143882693148043,25.48761428468632,25.640235900878906,23629242
2020-02-13,25.640236299007526,26.098097661489803,25.380780246092414,26.00652503967285,25245033
2020-02-14,26.02178422215314,26.174404078687584,25.228157824289873,25.35025405883789,28646769
2020-02-17,25.365520624924102,25.502878686756755,24.57189238632984,24.72451400756836,36810129
2020-02-18,24.648200128093087,25.60970818781038,24.28191142661042,25.273944854736328,45656493
2020-02-19,25.411301432376025,25.914948149511964,25.01448738539432,25.853900909423828,29175999
2020-02-20,25.83863888031263,26.586479841818136,25.594448158921956,26.418598175048828,38155335
2020-02-24,26.159139481462336,26.159139481462336,24.80081748851465,25.01448631286621,25592289
2020-02-25,25.09079663110394,25.579181508028043,25.09079663110394,25.182369232177734,17040831
2020-02-26,25.060271378947693,25.243414822551728,24.205596153455613,24.51083755493164,19537644
2020-02-27,24.571889837502983,24.64820064020657,23.549332766325183,23.640905380249023,42868818
2020-02-28,23.366189591462287,23.366189591462287,22.236798080331578,22.57256317138672,52332150
2020-03-02,23.198307044743576,23.47302490044491,21.977344619190184,22.267322540283203,27625068
2020-03-03,22.40468098122976,22.93885314324836,22.053654059503952,22.740446090698242,57863331
2020-03-04,22.801493322486845,22.9541131798564,21.53474379049326,22.847280502319336,61044003
2020-03-05,23.35092332763816,23.35092332763816,22.17574485971946,22.3131046295166,46784883
2020-03-06,21.641576914172667,22.02312740797004,21.107404825574573,21.82472038269043,29644698
2020-03-09,21.3363367799055,21.519482006259278,20.649544800982333,21.27528953552246,51248196
2020-03-11,21.214242020347914,21.41264907160003,20.634284425351492,21.015836715698242,36373143
2020-03-12,20.1916785052479,20.37482368646361,19.04702548915444,20.039058685302734,71924844
2020-03-13,18.31445385566855,21.53474509240995,18.31445385566855,21.33633804321289,65882406
2020-03-16,20.90900005141022,21.3515995800997,19.840657505795818,20.115373611450195,41016261
2020-03-17,20.14589804841294,21.794198099187614,20.100112615125656,21.27528953552246,37733433
2020-03-18,21.33633764472113,24.46505620442965,20.49692577421455,22.83201789855957,98464686
2020-03-19,21.076882528558684,22.129963215110262,19.199650068825388,19.703298568725586,60526506
2020-03-20,19.8406542146046,21.977340697999725,19.68803437529142,21.763671875,55460706
2020-03-23,19.855915153454372,20.649541426976626,17.44451271568345,18.14656639099121,24523071
2020-03-24,18.924935900969434,19.382797267497747,17.093490434856182,17.841331481933594,27422100
2020-03-25,17.64292122660831,19.337008325066492,17.276632549088152,19.138601303100586,18227226
2020-03-26,19.30648260580393,20.893735259317697,18.650216058883586,20.557971954345703,37021584
2020-03-27,22.587823409908903,23.427235205793316,20.985308869928154,22.328369140625,47228853
2020-03-30,22.175750101526166,23.167783608609234,21.5805306959173,22.160490036010742,46529544
2020-03-31,22.877801257084265,23.137255506074517,22.16048574676905,22.72517967224121,21484521
2020-04-01,22.526776093679487,23.274615278332817,20.57323293555131,21.076881408691406,28985310
2020-04-03,21.901028763047822,21.946814188473734,20.908995492734846,21.351594924926758,27952953
2020-04-07,22.22153179819282,22.282579031592277,20.908995320880344,21.061616897583008,37884333
2020-04-08,21.061618334193508,21.76367204578634,19.87117973568429,20.26799201965332,50097555
2020-04-09,20.573235509925972,21.809461512104168,20.466402824409197,21.412649154663086,29167602
2020-04-13,22.282582681021093,22.435204282720036,21.397385425537767,21.519481658935547,29985114
2020-04-15,21.97734365866616,22.358894181650555,21.0310956369652,21.244766235351562,34458015
2020-04-16,21.519478328314722,22.038386803292013,21.427905730788723,21.67209815979004,70586814
2020-04-17,22.129960537312908,22.313105741770418,21.565264861271384,21.763671875,59145438
2020-04-20,22.0689163508262,23.595120194732313,21.8094603175463,22.999900817871094,104546547
2020-04-21,22.877802045178182,23.51880678515318,22.068913905412995,23.16777992248535,62019870
2020-04-22,23.183043617769293,23.71721573336385,22.862540348412555,23.381450653076172,31721535
2020-04-23,23.411973973491563,24.1445531149605,23.106734265598263,23.198305130004883,39150099
2020-04-24,22.923588447424493,23.717214811191955,22.38941809920183,22.755706787109375,72877884
2020-04-27,22.954114520955425,23.152521569749446,22.328371497238987,22.48099136352539,21745512
2020-04-28,22.664135816766418,22.740444873970116,22.191012675694033,22.35889434814453,14137194
2020-04-29,22.572561599551292,22.61834877722637,22.023127693666016,22.328369140625,29327631
2020-04-30,22.618350760559682,22.725183442430804,21.77893714446745,22.00786781311035,51318042
2020-05-04,21.534743404479023,21.580528836888483,20.45113737143228,20.588497161865234,36058335
2020-05-05,20.939522947958203,20.939522947958203,19.886440591948496,19.962751388549805,25048227
2020-05-06,19.932229750887892,20.10011317078699,19.15386513727019,19.42858123779297,31888788
2020-05-07,19.35226933161274,19.64224894757149,19.092815080798463,19.12333869934082,26103246
2020-05-08,19.382794471459487,19.45910527040693,18.161830421311635,18.22287940979004,39644082
2020-05-11,18.467069621105885,18.924930865815966,18.116042783268295,18.3602352142334,43531365
2020-05-12,18.22287797881015,18.680739243336042,17.62765868424691,18.482332229614258,40166454
2020-05-13,19.657509165811597,20.329041005272842,19.001242628946567,20.054323196411133,84071691
2020-05-14,19.672775461882782,19.993276996958567,19.30648499904925,19.42858123779297,33954891
2020-05-15,19.245435954550572,21.00057031410602,19.001243499882182,20.68006706237793,100684062
2020-05-18,21.672101022645347,21.916293483904155,19.535414366727373,19.68803596496582,128706990
2020-05-19,20.008537609759117,20.34430090692716,18.818097273991427,19.016504287719727,63288999
2020-05-20,19.108080037973284,19.596465001517004,18.83336218602814,19.291223526000977,50209938
2020-05-21,19.657510960097994,19.962752415605273,19.04702979568572,19.230175018310547,61140009
2020-05-22,19.077554203313163,19.398057482811243,18.7723144818313,19.245437622070312,34434273
2020-05-26,19.398056779161248,19.932228892281355,19.337009535720263,19.840656280517578,32415078
2020-05-27,19.855920056187745,20.481664842991172,19.59646575268509,20.34430503845215,48061671
2020-05-28,20.4358732025761,21.48895374590147,20.20694257374006,21.26002311706543,70314837
2020-05-29,21.061616266354964,21.504215681644133,20.75637486869989,21.122663497924805,40149138
2020-06-01,21.36686121437493,21.672102687701102,21.122668734354942,21.183717727661133,47417268
2020-06-02,21.24476305462539,21.48895374590147,20.954783443018766,21.26002311706543,21847401
2020-06-03,21.458431664102175,22.64887206723867,21.214239208741407,22.465726852416992,72952329
2020-06-04,22.465725259703955,22.832013916776983,21.88576778268781,22.221532821655273,30651105
2020-06-05,22.404679752557968,22.69465940935201,22.236798080331578,22.57256317138672,28620174
2020-06-08,22.954109823832653,23.62563989264083,22.633606598273925,22.78622817993164,45790467
2020-06-09,22.99989763920815,23.244090080756727,22.14522234718602,22.29784393310547,35356647
2020-06-10,22.48099201282035,22.755709875993173,21.901034408258795,22.419944763183594,28261539
2020-06-11,22.542041191740996,22.801495498004783,21.458435035882257,21.565269470214844,31884348
2020-06-12,20.57323526316432,22.053653736257743,20.57323526316432,21.946819305419922,42305706
2020-06-15,21.962082757069037,22.145226247182823,21.19897993288808,21.656841278076172,27797562
2020-06-16,22.23679970127611,22.25206151380898,21.122669920351626,21.565269470214844,31937172
2020-06-17,21.717886594743305,22.221535077626875,21.56526674211915,21.870508193969727,35644017
2020-06-18,21.96207799621581,23.579854165638224,21.870505397708456,23.4577579498291,100177014
2020-06-19,23.640905743658305,24.877131684127612,23.335666021356463,24.434532165527344,85894965
2020-06-22,24.999227388228594,25.304468850610927,24.480318823441188,24.816083908081055,68067777
2020-06-23,24.983965659681555,25.563923217503344,24.57188977143345,25.426565170288086,66445521
2020-06-24,25.670754109101836,26.128615367868704,25.045011203868093,25.182369232177734,69841656
2020-06-25,25.0144881776205,25.930210780761747,24.72451028481364,25.548660278320312,60786960
2020-06-26,25.93021200730172,26.388073330529906,25.57918510926693,26.037046432495117,46124379
2020-06-29,25.930210533864415,27.07486377689203,25.731805252581267,26.72383689880371,69975135
2020-06-30,28.41792285430415,28.753687907930882,26.861193810525474,27.059600830078125,186678036
2020-07-01,27.059603529944678,27.25801056929335,26.72383844281705,27.074865341186523,35384595
2020-07-02,27.456415668203984,27.624297326601862,27.013816187061106,27.181697845458984,27362040
2020-07-03,27.77691495755244,29.898341332945147,27.62429512150064,29.669410705566406,205331484
2020-07-06,29.974653461211663,31.607691638746097,29.60836302244312,31.195615768432617,132074268
2020-07-07,31.042995291710092,31.561903795985696,30.432512438136044,31.14982795715332,93081504
2020-07-08,30.82932824321238,32.172388654684596,30.6919719355966,31.607694625854492,68150529
2020-07-09,31.31771952263078,31.424552215942022,30.37146963013399,30.47830581665039,54329937
2020-07-10,30.478299621357603,30.981946345288023,30.020438328110963,30.432514190673828,36404634
2020-07-13,30.737757160352352,30.93616420763949,29.822034476383923,30.066226959228516,32371863
2020-07-14,30.310415614367535,30.56986987629982,29.16576415056001,29.638885498046875,57521871
2020-07-15,30.371465831097215,30.401992947144223,29.119979828539908,29.333648681640625,37963695
2020-07-16,29.455741135089927,29.53205368012061,28.738427314912364,28.829999923706055,36942912
2020-07-17,28.81473674869578,30.050962617291937,28.70790407472295,29.913602828979492,30369327
2020-07-20,29.91360173724247,30.493560997256424,29.3946932104751,29.532052993774414,34037145
2020-07-21,29.791507844841178,30.76827767760201,29.486268145404534,30.295154571533203,42519072
2020-07-22,30.493566330308926,30.50882814298863,29.455745602064212,29.88308334350586,26700693
2020-07-23,29.913601805629536,31.592428856262867,29.7762455152206,31.287185668945312,63984771
2020-07-24,31.424547542190904,31.943456104650345,30.89037716867117,31.180355072021484,68255931
2020-07-27,31.36350319156628,31.36350319156628,29.989919110183816,30.340944290161133,34955964
2020-07-28,29.669415341270195,30.279894780861884,29.104717842462478,29.47100830078125,64748145
2020-07-29,29.47100716610071,30.585136816286123,29.45574186215419,29.69993782043457,52234014
2020-07-30,29.852555651336555,30.02043906114754,28.982620220887256,29.1962890625,36716154
2020-07-31,29.24207401323868,29.532053649686148,28.61633105589743,29.25733757019043,44032875
2020-08-03,29.303123137601137,30.27989297733331,29.013143499804244,29.54731559753418,31139499
2020-08-04,29.89834383345532,30.829324736572513,29.577838832397564,30.646183013916016,51828114
2020-08-05,30.814066419555584,31.21087697851577,30.17305991064451,30.646183013916016,34169139
2020-08-06,30.64618384474899,30.936161740020996,30.096748182270698,30.234107971191406,20002308
2020-08-07,30.310417496868155,30.753016998595566,30.020439597075757,30.27989387512207,23311572
2020-08-10,32.18764550777973,34.76692947653093,31.86714055442709,33.057579040527344,197460327
2020-08-11,33.39335181412367,33.68332971058184,32.12660056699896,32.30974578857422,64308066
2020-08-12,32.340271103812384,33.9427857634207,32.15712587264477,33.77490234375,86740731
2020-08-13,33.88173589017032,35.22479615698271,33.46966002529762,34.934818267822266,89867817
2020-08-14,35.1026998232797,36.15578225019199,33.439137968862994,34.53800582885742,102780930
2020-08-17,35.072176122487924,35.08743793348104,33.54597057074397,33.8206901550293,45730728
2020-08-18,33.88174052647945,34.55327075177649,33.48492641762098,34.09540939331055,44837076
2020-08-19,34.385381864191565,35.13322103279414,34.12592760133779,34.27854919433594,50101056
2020-08-20,33.8817360984196,34.49221550111967,33.46966023101414,34.15645217895508,34004268
2020-08-21,34.33959675347128,34.64483644910066,33.82068822294001,34.217498779296875,29551281
2020-08-24,33.88173450087034,35.10269674190567,33.75963653016465,34.9806022644043,53662929
2020-08-25,35.14848056114763,35.3926764913747,33.9733038029991,34.3090705871582,43986726
2020-08-26,34.3701194198026,34.553264629378965,33.75963655228281,34.12592697143555,36546204
2020-08-27,34.14119105061546,34.38538351521482,33.51544633180259,33.668067932128906,27418104
2020-08-28,34.78219154691807,35.0263839691605,33.82068366601328,34.202232360839844,48606249
2020-08-31,34.3395982098894,34.52274343231639,32.05029166256344,32.38605499267578,42730581
2020-09-01,32.6607708691589,33.17968291155753,31.867146234697653,32.95075225830078,34287075
2020-09-02,32.950753959340965,33.48492434678104,32.43184189015418,33.27125549316406,17392587
2020-09-03,33.42387215287997,33.683326402461404,32.90496365371712,33.103370666503906,26656869
2020-09-04,32.202903459433955,33.118625898909876,32.15711803610094,32.477622985839844,29954895
2020-09-07,32.63024329230141,33.01179549921148,31.958716717809956,32.23343276977539,19157754
2020-09-08,32.38605625170832,32.53867785853152,31.01247226991362,31.332977294921875,30300756
2020-09-09,30.920904018711948,31.577172442428424,30.432519027389223,30.844594955444336,34565667
2020-09-10,31.02772823915231,31.34823320381359,30.218841909663084,31.012466430664062,23708142
2020-09-11,31.134565512307518,31.363496141074485,30.92089669257807,31.210874557495117,14088816
2020-09-14,32.35553181774446,33.469661485248785,31.86714688000099,32.6760368347168,53551527
2020-09-15,32.7997517936802,33.093572307137066,32.150254561721745,32.41314697265625,26941557
2020-09-16,32.47499806130781,32.629638549556205,31.639925266790907,31.99560546875,14635695
2020-09-17,31.701786691002717,32.44407531500413,31.670858588251736,32.02653884887695,21721305
2020-09-18,32.165716617190256,32.35128878072488,31.60900366608103,32.134788513183594,27984618
2020-09-21,32.072926811865635,32.10385491057507,29.41307138841944,29.784212112426758,40827702
2020-09-22,29.79967765714861,29.87700144729639,28.144999516702526,28.516143798828125,48561300
2020-09-23,28.779034230200075,29.536783253472123,28.56253400362321,29.02646255493164,48748803
2020-09-24,28.51614612475271,28.74811043512787,27.727467115527716,27.974895477294922,30841869
2020-09-25,28.423357101365077,29.196570209328815,28.253250783932117,28.85635757446289,19431048
2020-09-28,29.07285546627353,30.40278495884341,29.026463317822174,30.139892578125,21869313
2020-09-29,30.526501998492677,30.712070599010985,29.320286627905716,29.691429138183594,27336762
2020-09-30,29.691429151956925,29.830609141904393,29.041928431359032,29.614107131958008,14189412
2020-10-01,29.768748945704324,30.18628536964962,29.382142391132533,29.72235679626465,12637821
2020-10-05,29.815142563994595,29.90793040693928,29.258429664303673,29.753286361694336,11784675
2020-10-06,29.87700129205549,30.00071369245842,29.273892721608696,29.614107131958008,19176597
2020-10-07,29.645039757899493,29.830611915250667,29.041931131381805,29.119253158569336,13131330
2020-10-08,29.38214413081326,29.474930204933415,28.63985907734634,28.933679580688477,13561056
2020-10-09,28.825429645753253,29.088323819116944,28.392430913251694,28.70171546936035,12672492
2020-10-12,28.77903730365299,29.38214413081326,28.63985907734634,28.933679580688477,21410115
2020-10-13,28.93368329492147,29.057397486380548,28.145004218277716,28.29964828491211,19966965
2020-10-14,28.43881959954672,28.995534210334533,28.191391276918125,28.315105438232422,22321728
2020-10-15,28.37696186013042,28.593462086592307,27.170748335267895,27.34085464477539,15857307
2020-10-16,27.124357118852085,28.253250437107695,27.124357118852085,28.14499855041504,21800793
2020-10-19,28.268717659053443,28.43882577388453,27.356326184926807,27.85118293762207,22512567
2020-10-20,27.572817567935118,28.175926070532533,27.54188947131378,27.820247650146484,14685903
2020-10-21,27.835714113203622,28.70171328195467,27.572819959875535,28.577999114990234,28952280
2020-10-22,28.56253416662551,29.428533308128127,28.34603393881311,28.794498443603516,28783392
2020-10-23,29.02646094589613,29.150175101404017,28.500674457677455,28.639854431152344,17663049
2020-10-26,28.639854598840152,28.68624674377216,27.54188947131378,27.820247650146484,18531900
2020-10-27,27.804783748776185,27.974891831413505,27.433641254495235,27.74292755126953,12329295
2020-10-28,27.742928639836087,27.851178759467217,27.124357791763252,27.294464111328125,13325832
2020-10-29,27.10889470832056,27.495503075917824,26.70682405892622,26.799610137939453,16816755
2020-10-30,26.876926119633747,27.789320943315598,26.737747908130302,26.907855987548828,27632397
2020-11-02,27.170750216617087,27.712000820248914,26.985178075444146,27.41817855834961,14246079
2020-11-03,27.480040140729674,27.95943283706789,27.480040140729674,27.650146484375,10505982
2020-11-04,27.913035227377712,27.943965097388602,27.18621425269596,27.495500564575195,10174500
2020-11-05,27.65014549376805,28.902753142088322,27.541895362691125,28.73264503479004,21741264
2020-11-06,28.48521554736465,28.918214257967623,28.299643407286887,28.593463897705078,20163741
2020-11-09,29.227498154248156,29.351212314166606,28.376961313843502,28.779033660888672,24865398
2020-11-10,28.763570575919733,29.768747937720004,28.469748330176255,29.505855560302734,31640469
2020-11-11,29.675964367328106,30.124428886676082,29.227499847980127,29.598642349243164,24266727
2020-11-12,29.722355672137397,29.84606806596427,29.072854986064335,29.150177001953125,32573475
2020-11-13,29.04192568067371,30.07803109389094,28.68624725396186,29.907926559448242,23221539
2020-11-14,30.062572945812267,30.062572945812267,29.81514107002093,29.87700080871582,2843181
2020-11-17,30.170822063409503,30.232678264186873,29.614107407677647,29.737821578979492,13608048
2020-11-18,29.737821990588277,30.402786776631583,29.59864376716569,29.86153793334961,31608804
2020-11-19,29.846069362199547,33.48017772059965,29.598642794052893,31.88735580444336,127231584
2020-11-20,32.5213875666543,33.990493322668335,32.32035140876405,33.51110076904297,111976335
2020-11-23,33.57297114787564,33.727611672616035,32.32036166051006,32.7842903137207,32719695
2020-11-24,32.78428177222716,33.681210740017875,32.78428177222716,33.3100700378418,32900253
2020-11-25,33.402856578264576,34.14514157210498,32.75335588134396,33.047176361083984,37300935
2020-11-26,33.21728481021747,33.80492931565383,33.047176724499835,33.68121337890625,28747059
2020-11-27,33.85132398915599,35.19671764658776,33.727608043182045,34.36164474487305,42740469
2020-12-01,34.361640037614144,34.88742477211301,34.11421171905621,34.57814025878906,32351613
2020-12-02,34.63999976082494,35.567856928878236,34.50082330931347,35.11939239501953,48411381
2020-12-03,35.28950318584805,36.124576116772985,35.21218292909369,35.5678596496582,48553872
2020-12-04,35.84621209514116,36.49571279755274,35.38228352763204,35.79981994628906,46007778
2020-12-07,35.830747480462996,36.10910390867989,35.366818920270156,35.552391052246094,26587011
2020-12-08,35.73796293115146,35.89260696328533,34.36164130969256,34.99567794799805,36642735
2020-12-09,35.79981902707824,37.8874975272652,35.505998552398474,36.170963287353516,147504747
2020-12-10,36.1245668753087,36.1245668753087,34.77917351499748,35.38227844238281,38748615
2020-12-11,35.38227857919036,36.00085109585582,35.057530043149804,35.45960235595703,41079909
2020-12-14,35.7688957563256,36.88232514793576,35.62971929455837,36.66582489013672,75008775
2020-12-15,36.310140000951925,36.897784494185096,36.248283803609695,36.57303237915039,32266752
2020-12-16,36.80500212930883,37.33079050335205,36.29468134639426,36.52664566040039,38725125
2020-12-17,36.49571250185521,37.377177480879496,35.815283705721896,37.207069396972656,56242236
2020-12-18,37.56275238117913,37.94936072594688,36.66582328659429,37.500892639160156,97760322
2020-12-21,37.330789886840556,38.104003074259985,33.75853738644464,34.62453842163086,86979072
2020-12-22,34.624538993418106,35.289503832167675,32.89254043393804,34.717323303222656,73882653
2020-12-23,35.01114222481294,35.86167909783623,34.794641994216,35.707035064697266,39047973
2020-12-24,35.9235461434713,36.54211538383441,35.35136552571608,35.53693771362305,28256172
2020-12-28,35.93899802846824,36.04724637005533,35.22764116527138,35.44414138793945,28341882
2020-12-29,35.629711893738666,35.938996395139554,35.243103612367264,35.49053192138672,20782080
2020-12-30,35.56785055061428,35.660638374476804,35.07299395499273,35.38227844238281,18996630
2020-12-31,35.78435801510636,37.34625189538297,35.69157371190934,37.09882354736328,112170381
2021-01-01,37.42357337879234,39.588572380038286,37.299860970461125,39.09371566772461,201696168
2021-01-04,39.8978578629845,40.76385882248029,39.24835714336266,40.609214782714844,105614565
2021-01-05,40.207141529157845,41.21231891705121,39.89785699584314,40.67107009887695,64361523
2021-01-06,40.825708407793705,41.877277797234235,40.09888755579956,41.1813850402832,74098809
2021-01-07,41.567995094920626,41.75356721265339,40.60920994937738,40.74838638305664,46011027
2021-01-08,41.15046417075231,41.36696441356252,40.68653558465817,40.85664367675781,19906347
2021-01-11,41.073143231431,41.92368013818514,40.06796582489912,41.62985610961914,42426342
2021-01-12,41.73810196368793,42.04738645801545,41.25870940470813,41.583457946777344,32608233
2021-01-13,41.614387798395924,42.58864054470452,40.96489068684859,41.459747314453125,38455479
2021-01-14,41.676247935863216,43.60928602351883,41.614391736432545,43.037105560302734,94302666
2021-01-15,42.89793146662249,43.145359817422786,40.94942922213906,41.2741813659668,44817729
2021-01-18,41.39789141565859,41.83089188979055,39.68135710845142,41.30510711669922,53634528
2021-01-19,41.61439468354147,42.74328810056947,41.47521822496606,42.387611389160156,64391526
2021-01-20,42.48039119755644,42.975247854645986,41.722642162606455,41.90821075439453,39771243
2021-01-21,42.21750544427693,42.61957786856383,40.91850386096289,41.413360595703125,31082454
2021-01-22,41.28964400874749,41.90821309490862,40.485499241446135,40.933963775634766,30823161
2021-01-25,41.36696238090698,41.67624690994097,39.866928344674,40.423641204833984,22702206
2021-01-27,40.51642890971225,41.56800206007075,40.45457270660126,41.04221725463867,55897923
2021-01-28,40.51642167103444,41.66078246110187,40.16074502719724,40.57828140258789,49918659
2021-01-29,40.45457095002398,42.140177188068094,39.279285444475555,40.22260665893555,77617473
2021-02-01,40.207140310232255,41.6917138120233,38.846282741712955,41.351497650146484,47400000
2021-02-02,41.67624711228032,42.3102837623976,40.64014163431502,41.289642333984375,32215686
2021-02-03,41.506146360706786,43.67114535131633,41.49068230974136,43.021644592285156,63440358
2021-02-04,43.22267819937136,43.856714869371466,42.38760887889006,43.59382247924805,55032168
2021-02-05,43.91857511420863,44.28971942826592,42.89793355979282,43.36186218261719,29863140
2021-02-08,44.11162644507017,44.67395454273458,43.58053840003213,43.97104263305664,31927191
2021-02-09,44.189733271655975,44.36155357323165,42.92448959979172,43.0963134765625,48306774
2021-02-10,43.393103861378485,44.470903785255445,43.22127995970623,43.68988800048828,33662136
2021-02-11,43.51805849705372,43.89294270550753,42.04975099042548,42.29967498779297,35392794
2021-02-12,42.44026346901535,42.7995276906035,41.909175363087506,42.565223693847656,24806265
2021-02-15,42.90887180877941,43.09631572273571,42.11223964345924,42.51836395263672,23422254
2021-02-16,42.51835558104234,43.25251106408691,41.409319494287374,41.59675979614258,48715293
2021-02-17,41.26874182689476,43.658641782729646,41.26874182689476,43.4555778503418,46231716
2021-02-18,43.53367827123104,44.95512211527204,43.06507033198247,44.220970153808594,43649379
2021-02-19,43.86170265273595,44.58023459206685,41.549902995690495,42.29967498779297,51636933
2021-02-22,42.330917561061604,42.65894528508457,40.37838554502001,40.70641326904297,28665003
2021-02-23,41.00319360085958,42.36215730381274,40.690785932818436,41.92478942871094,32119296
2021-02-24,42.37778589738724,43.4087221148453,42.23720206082684,42.59646987915039,22656720
2021-02-25,42.83076972650614,44.67395800048842,42.815149698983966,44.2678337097168,59326020
2021-02-26,43.53367665325621,44.47089249692073,42.487117054393636,42.83076477050781,38633409
2021-03-01,43.33061476553898,45.923578482316664,43.09631079369043,45.59555435180664,62059455
2021-03-02,46.22036688112755,47.96983860792721,45.76737892152373,47.32940673828125,106691166
2021-03-03,47.75115319644593,48.11041740255461,47.079481291326516,47.76677322387695,39659358
2021-03-04,47.329410573861274,48.40721046255216,46.87642257754726,47.735538482666016,30333900
2021-03-05,47.1107240122914,47.798015983737244,45.22067198461416,45.923583984375,29141961
2021-03-08,46.23598805989482,47.07948388848235,45.048848033672385,45.31439208984375,34685358
2021-03-09,45.62679951512457,46.048543851533545,43.50243992891017,43.73674392700195,37113744
2021-03-10,44.17411759215212,44.564625497983435,43.439965446338036,43.65864944458008,24247668
2021-03-12,44.4396534652069,44.830161298842555,43.50243752463741,43.75236511230469,39599325
2021-03-15,44.158484832236084,44.158484832236084,41.67486499164192,42.83076477050781,30156603
2021-03-16,42.955731149741574,43.283758887284506,42.330919305770216,43.0650749206543,29273370
2021-03-17,42.9557364480571,43.25252416628762,41.50305221745974,41.81545639038086,35855832
2021-03-18,41.971652969167764,42.33091716930247,40.003500944024935,40.550209045410156,45353232
2021-03-19,40.112835933100754,40.628303913306624,39.05065634720251,39.97225570678711,56393928
2021-03-22,40.206559659171106,41.22187559443688,39.784811829841,39.97225570678711,38945382
2021-03-23,40.398669520973655,40.98301501553404,39.84591329793405,39.98805236816406,38253711
2021-03-24,39.95646422962011,40.0196391597063,38.40874531532451,38.67722702026367,32029023
2021-03-25,38.74040026182555,38.961503491253715,36.59254290077121,37.666473388671875,60718449
2021-03-26,37.90337128552028,39.24577994205101,37.88757845513445,38.66143798828125,36092943
2021-03-30,39.16681410758201,40.09860551930602,38.81936823927244,39.73536682128906,42697440
2021-03-31,39.73537021732076,40.1144017774395,39.32474938034041,39.51426696777344,24134520
2021-04-01,39.798534430199474,40.11439460965058,39.261571040708596,39.83012008666992,30019032
2021-04-05,40.06701568094122,41.693702274369585,39.482670198473436,41.50418472290039,61276776
2021-04-06,41.78846292745179,42.625497347435584,40.68295040677117,41.36205291748047,61173012
2021-04-07,41.677913242468016,42.46756556164264,41.37784225249926,41.47260284423828,38346498
2021-04-08,41.80425891652477,42.214879742825545,40.90405311069124,41.07777786254883,25322349
2021-04-09,41.377845211070415,41.55156996272435,40.746124756460645,41.030399322509766,15591087
2021-04-12,40.39867025074225,40.58818780955685,38.06129545977138,38.503501892089844,35499102
2021-04-13,38.566675380435214,39.86170535690883,38.42453631294877,39.67218780517578,19430589
2021-04-15,39.482672080735256,40.967223292394884,39.293158134977986,40.58818817138672,42679908
2021-04-16,40.509223647965406,40.904047979342465,39.67218926972211,40.43025588989258,21451458
2021-04-19,39.19840197970376,39.940679476839854,38.58247435685312,38.977298736572266,30034584
2021-04-20,39.43529108268662,40.31970389888008,39.05625960056555,39.26156997680664,26634339
2021-04-22,38.88254709181807,40.01964912480518,38.70882231662961,39.81433868408203,23128215
2021-04-23,39.75115265332591,40.74611520872932,39.593220769306846,40.08280563354492,27613263
2021-04-26,40.43025676693435,40.96722379744013,40.335499792887546,40.85667037963867,16704927
2021-04-27,40.76192097317477,41.0935740586579,40.540817711270165,40.80929946899414,19097265
2021-04-28,41.1883306835754,41.235709174814936,40.493435301154065,40.682952880859375,19394331
2021-04-29,41.06197732948747,41.456805251079935,40.79349564411335,41.01459884643555,16660074
2021-04-30,40.47763656677498,43.099285795194234,40.36708315526061,41.6147346496582,53187741
2021-05-03,41.37784532408005,41.962190903149335,40.6987463757319,41.14094924926758,19524450
2021-05-04,41.504189408917036,43.351979418559125,41.23570768683394,41.94639587402344,52932507
2021-05-05,42.199084073723625,43.746803061448986,41.85163459337908,43.54149627685547,51816273
2021-05-06,44.12583716174816,45.19976762191075,43.39935617374728,44.97866439819336,61565505
2021-05-07,45.08921528227766,45.294525681698744,43.36777155370439,43.557289123535156,32525013
2021-05-10,43.904731639251025,46.08417448914161,43.79418184055399,45.7209358215332,67119504
2021-05-11,45.08921413868793,47.300242757977024,44.67859696500715,46.92121124267578,70482693
2021-05-12,48.15306500055982,49.1480275953419,46.052586403382904,46.38424301147461,136024881
2021-05-14,46.68431187156299,46.96858639151821,45.02603962128649,45.27872848510742,47657991
2021-05-17,45.64197377904096,47.09493947561985,45.452459814691125,46.79486846923828,51486270
2021-05-18,47.5371461414396,48.958522676195216,47.158114567686575,48.83218002319336,97548693
2021-05-19,48.73740822179522,49.87450621222955,48.342580321660535,49.005889892578125,83953914
2021-05-20,49.25859116795434,50.12721132156629,48.3267996910971,49.52707290649414,67499931
2021-05-21,50.06403300352761,50.221964915725444,49.35334482075792,49.77975845336914,58163772
2021-05-24,50.01665790715987,50.537828553595055,49.337555337813576,49.54286575317383,74623869
2021-05-25,49.85871322931328,49.85871322931328,47.00016820585821,47.12651443481445,53594838
2021-05-26,47.37920731834996,48.705826569162426,47.06334352639653,47.30023956298828,45070683
2021-05-27,47.63189940045587,47.67927788802516,44.91549301760052,46.92121124267578,360249207
2021-05-28,46.905419972496254,47.25286584096614,45.610386247410744,45.752525329589844,44625315
2021-05-31,45.97362894730649,46.178939350072405,45.389287013450996,45.92625045776367,29061186
2021-06-01,48.32678975821154,48.32678975821154,46.1157577515996,46.415828704833984,74882883
2021-06-02,46.194727546497006,47.69506792001468,46.11575979043255,47.4897575378418,24742749
2021-06-03,47.774040406460465,47.99514727026633,47.12652710505434,47.75825119018555,26792298
2021-06-04,47.88459473222643,48.38997256386637,47.6476986477235,48.26362991333008,23574183
2021-06-07,48.32679377745966,48.72161811417632,48.13727621616732,48.42155075073242,16889640
2021-06-08,48.5163112136162,48.57948252896844,46.8264496099693,48.31100082397461,31918326
2021-06-09,48.45313873870354,49.11644842775329,47.237072782819155,47.60031509399414,31016931
2021-06-10,47.679276308881924,48.31100029979042,47.41079460680118,48.02672576904297,17381064
2021-06-11,48.010934195073546,48.958518470170354,47.42659224564584,48.658451080322266,25835898
2021-06-14,48.32679281789142,48.43734261784792,46.605349201055866,47.93196487426758,26533281
2021-06-15,48.010932279337034,48.295210442320496,47.39500469394919,47.60031509399414,22951029
2021-06-16,47.37921132244924,47.85300343567373,46.826451447189356,47.284454345703125,19709055
2021-06-17,46.81065997879043,47.300241283154875,45.6893510675451,46.163143157958984,22419540
2021-06-18,46.289485805563125,46.43162487864136,44.37852461446611,46.17893600463867,34091544
2021-06-21,44.85231123157285,47.379203277980594,44.85231123157285,47.12651443481445,23199468
2021-06-22,47.37920851936281,48.010928889789824,47.063344719402565,47.821414947509766,28261329
2021-06-23,48.99010507405441,53.69643691762102,48.168863485887165,53.2226448059082,363893778
2021-06-24,53.36478181284844,54.80195092158034,52.68567933046741,54.05967712402344,169690515
2021-06-25,54.05967571790926,55.56001610279257,53.96491874761012,55.27574157714844,71399592
2021-06-28,55.63899072507899,55.939058116133396,54.64402434042969,54.88092041015625,38881053
2021-06-29,54.78615654058064,55.544223145453905,54.5018820155965,55.165191650390625,49605246
2021-06-30,55.54422891770191,56.507606005942435,55.212575873212266,56.223331451416016,43091670
2021-07-01,56.160160328747736,58.71863855796724,55.93905709339558,58.32381057739258,87835578
2021-07-02,58.57650099629177,58.57650099629177,56.93402132584965,57.060367584228516,40351092
2021-07-05,57.265669395428766,57.48676898858221,56.41284221999321,56.602359771728516,22985568
2021-07-06,56.381261397475036,57.549948849498264,56.34967573860237,57.18670654296875,41588856
2021-07-07,56.88664414413476,57.928985437081685,56.50760897501919,57.77105712890625,17834940
2021-07-08,58.05533036181672,59.192432228237756,56.57078261066139,57.060367584228516,44887437
2021-07-09,57.060363838580955,57.70788068892953,56.91822475907865,57.12353515625,18512454
2021-07-12,57.17091545159436,58.418570703476355,57.17091545159436,58.07112121582031,18021216
2021-07-13,58.11849835083433,58.37118723835446,56.90243240187865,57.376224517822266,15530661
2021-07-14,57.202497458824794,58.32380638502818,57.107740485376695,58.16587448120117,18423249
2021-07-15,58.165875834184064,58.24484359530783,56.681328193817734,56.83926010131836,14669931
2021-07-16,57.01297708478488,57.23408390808379,56.44442804264859,56.7444953918457,21219636
2021-07-19,56.69712091773616,59.30297750554605,56.11277900613946,58.750221252441406,45407127
2021-07-20,58.95553261706364,58.98711827607519,56.934017907601365,57.23408889770508,21901098
2021-07-22,57.51836158661172,58.35539236763584,57.48677231387304,58.27642822265625,14278368
2021-07-23,58.18167383095664,58.49753403964063,57.360432227732446,57.69208526611328,12770211
2021-07-26,57.692082740560735,58.43435654805959,56.91822327505089,58.308013916015625,13753260
2021-07-27,58.30800911319053,58.51331948809743,57.42359630274436,57.818424224853516,14436747
2021-07-28,57.80263197848619,60.51903813321637,57.64470008510485,59.997867584228516,48274629
2021-07-29,60.313734589200315,60.55063063453929,59.366150407844444,59.6346321105957,27425199
2021-07-30,59.524083734412685,59.524083734412685,57.64470804129288,58.32381057739258,28756776
2021-08-02,58.434359901773064,59.06608394248988,57.94477855975739,58.055328369140625,21084204
2021-08-03,58.05533128875713,58.40277717903893,57.34464306274018,57.56574630737305,17656980
2021-08-04,57.644706329345134,58.37118733399926,55.21257442744858,55.417884826660156,38353227
2021-08-05,55.5916027416001,56.570776192388806,54.99146802294391,55.78112030029297,33065568
2021-08-06,55.87588794387424,56.791886580953786,55.27574953467663,55.402095794677734,23813595
2021-08-09,52.11713026439096,54.612433361305925,51.28009587932344,54.05967712402344,110821485
2021-08-10,54.05967968767207,55.023056748777144,52.96995999022377,53.45954132080078,32690748
2021-08-11,53.45953562045452,54.54925881645351,52.21188414586624,54.40711975097656,27235548
2021-08-12,54.29657491650611,55.03884873792973,53.69643655879835,54.912506103515625,17966661
2021-08-13,55.0230561341526,55.46526258590829,54.50188553556444,55.11781311035156,27821241
2021-08-16,55.00726325290611,55.449469704244734,54.47029982545789,55.0704345703125,12560913
2021-08-17,54.99147159939059,55.749538268717224,54.422922501082375,55.60740280151367,18039039
2021-08-18,55.62319049570424,57.43939104551731,54.72298482753997,54.9914665222168,34210602
2021-08-20,54.296576968384194,55.24416122128705,53.791199182135614,54.02809524536133,15542163
2021-08-23,54.454511220617164,55.875887661011184,53.42795915939001,55.32312774658203,26688300
2021-08-24,55.27575083585599,56.365474250558705,55.08623324876674,56.11278533935547,14925912
2021-08-25,56.002225690736054,57.02877766736972,56.002225690736054,56.83926010131836,16571559
2021-08-26,56.96560739548909,57.54995297071987,56.66553999996366,57.26567840576172,21301485
2021-08-27,57.32884449690185,58.75022080674239,57.265673180396995,58.529117584228516,28167945
2021-08-30,58.40277432617546,58.987119877999326,58.023742792996394,58.13429260253906,13619223
2021-08-31,58.086915758664055,59.19243195915154,58.007951606753224,58.955535888671875,21603702
2021-09-01,59.12925493184085,60.75594160746415,58.9239445419373,59.966285705566406,26940252
2021-09-02,60.2505641737615,60.787531234241804,59.93470396122671,60.0610466003418,25664589
2021-09-03,60.64538964426045,63.03013939172919,60.1873903669014,62.730072021484375,52170660
2021-09-06,63.56710829559764,64.08827526081583,61.51400440384837,61.735111236572266,36365391
2021-09-07,61.73511405682933,62.54055920677538,61.07180075784898,61.37186813354492,15882570
2021-09-08,61.908840547051334,62.98276744401555,61.35608065385191,62.256282806396484,19285563
2021-09-09,62.14572536764475,62.93537395278354,61.75089384558252,62.240482330322266,11581218
2021-09-13,62.38262864000801,62.7458673205719,61.79828312467048,62.06676483154297,10518984
2021-09-14,62.11443420157633,64.83164123993794,61.876082579370674,64.32315826416016,29010315
2021-09-15,64.78396621341376,66.35708833122698,64.41849567585449,66.0392837524414,35238519
2021-09-16,66.07107591836613,66.42065298103404,65.06999614503059,65.32423400878906,12378501
2021-09-17,65.41957364416315,65.89627686280139,63.78289210857765,65.24478149414062,16039149
2021-09-20,64.35494885467115,65.45136795660791,63.894131761228465,64.06892395019531,12243591
2021-09-21,64.06892212500125,65.86450993165275,64.06892212500125,64.97466278076172,20777913
2021-09-22,64.9587582479575,65.73737255432434,64.76807986538711,65.45135498046875,9672642
2021-09-23,65.78505000590823,66.96091465499866,65.64203757285162,65.92806243896484,19379646
2021-09-24,66.1028575037137,66.89735812413757,64.70452739211329,65.308349609375,17282355
2021-09-27,65.49903150079841,66.64312380244648,64.43439944890527,64.83164978027344,10315860
2021-09-28,65.14945204916403,67.51707499468364,64.87932066979488,66.84969329833984,29934006
2021-09-29,67.02449604478468,67.50119940990002,64.73631843744778,65.19712829589844,27378225
2021-09-30,65.46725585748348,65.95985270021673,64.10070532154492,64.49796295166016,34237251
2021-10-01,63.56044370831911,64.91110803792166,63.290312297181764,64.1166000366211,22069932
2021-10-04,64.19604961967372,65.4990333622,64.11659664157604,65.40369415283203,16627587
2021-10-05,65.72148964351257,65.9916210027465,65.00643476190847,65.4195785522461,18733530
2021-10-06,65.43546599711821,66.26175359314617,62.92483075032586,63.337974548339844,15618651
2021-10-07,63.87823451970987,64.76808154257598,63.719335863453146,64.54561614990234,7587423
2021-10-08,64.5138418482709,64.72041375574727,63.36975687910544,63.60810852050781,9881742
2021-10-11,63.60810591204225,67.0562614559706,63.60810591204225,66.29353332519531,21749220
2021-10-12,66.32531247850066,67.27871899668499,65.00643540138955,66.81790924072266,18331041
2021-10-13,67.0880474157999,67.99378079049178,65.81683617115034,66.30943298339844,16863453
2021-10-14,66.51598101905296,67.58062007968955,66.43653533691614,66.91323852539062,15404877
2021-10-18,65.22890293130551,70.39319383190575,65.14945722594679,69.01074981689453,40084623
2021-10-19,69.66224810567287,69.66224810567287,65.3878114907424,65.73738861083984,15424062
2021-10-20,65.73737954820493,66.80201881560969,64.46617564799594,65.08588409423828,16082943
2021-10-21,65.41958784273923,65.78505844997274,64.52974067162818,64.95877075195312,15707487
2021-10-22,65.18124179109209,65.75328437205967,63.56044599211523,64.0212631225586,10288875
2021-10-25,64.35494348960782,64.35494348960782,61.57417675111491,63.97357940673828,13207770
2021-10-26,63.973578720186225,65.86450561024365,63.910019252709226,65.53080749511719,9505146
2021-10-27,65.61025545003837,66.65900113105425,65.48313652480353,65.80093383789062,9492999
2021-10-28,65.80092211792415,66.05516719702383,63.52863900145936,63.655757904052734,11429706
2021-10-29,62.861282298046596,69.55101538504759,58.30082076548421,65.73738861083984,95295024
2021-11-01,66.00751327309929,66.3570976313673,62.384572572399904,63.7352294921875,23954010
2021-11-02,64.19604123246886,64.7045242232468,62.68647848932972,63.75111770629883,19613109
2021-11-03,64.18015587636957,65.54670636065312,63.385647920086825,63.67167282104492,25307715
2021-11-04,64.25960153692411,64.29138126964342,63.97357666853569,64.14836883544922,1434759
2021-11-08,64.05303263882786,67.7872059626908,64.05303263882786,67.51707458496094,35893830
2021-11-09,67.51706778629809,71.25124073414675,67.51706778629809,70.17071533203125,51756600
2021-11-10,70.20249287936791,70.36139880338148,69.58277723310842,69.82112884521484,15949584
2021-11-11,69.8370265513176,71.50548793650266,69.7575735845278,70.96522521972656,23431827
2021-11-12,71.66438429504268,72.45889211568606,70.58385889618586,71.06056213378906,23132022
2021-11-15,71.42603336289311,71.82329091399089,70.15482956634,70.75865173339844,8602539
2021-11-16,70.6950987700242,71.18768828614631,68.86773132437703,69.21731567382812,8030718
2021-11-17,69.18552139243351,69.21730111989102,67.70773860696261,68.47046661376953,18084606
2021-11-18,68.50224913251807,69.12196475406135,66.22996579410636,66.37297821044922,28766142
2021-11-22,66.70667765986421,66.86557632425635,63.79878482104316,64.51383972167969,17243226
2021-11-23,64.67274292077218,67.26283104719117,64.41849779459871,67.05625915527344,17089326
2021-11-24,67.4058389768556,67.67597034295794,65.78505078024158,66.21408081054688,11478315
2021-11-25,66.2140721439917,67.56473607163376,65.3560121956899,67.26282501220703,9875469
2021-11-26,66.2617593530335,66.8496953685385,62.47991265083436,62.98839569091797,22881369
2021-11-29,62.36867306837741,63.97357498722491,60.001050310397076,62.68647766113281,14850591
2021-11-30,62.68648534431637,65.2447940810754,62.67059183946914,64.752197265625,32274063
2021-12-01,64.83164259877222,65.5625837094354,64.03713475012951,65.4195785522461,14136084
2021-12-02,64.86341295445696,65.72148014312664,64.2754770859723,65.43545532226562,13228377
2021-12-03,65.41958262352296,66.67490030171749,65.34012965153975,65.67382049560547,12481431
2021-12-06,65.67381933534348,67.11982266596814,65.67381933534348,66.05518341064453,14751723
2021-12-07,66.5477879555754,68.23213584665925,66.16642383577218,66.86558532714844,23275224
2021-12-08,67.07215159535906,67.6759738243064,66.19819798641343,66.40476989746094,9462426
2021-12-09,65.49902287459284,66.531882328821,64.89520070469679,66.02339935302734,12294123
2021-12-10,65.97572944554209,67.00858895184744,65.18122884738223,65.32423400878906,18276354
2021-12-13,65.72149469536765,67.1833843029804,65.53080901460035,66.40476989746094,27024840
2021-12-14,66.54777731193653,67.66008248237145,66.30942568442087,66.67489624023438,19438713
2021-12-15,66.57956279326574,66.84969417618214,65.5943764660562,66.10285949707031,14031681
2021-12-16,66.42065238656781,66.99269484881921,65.3242334241358,65.8486099243164,23209956
2021-12-17,66.02340498748654,66.15052392380477,63.655774792027856,63.97357940673828,12549333
2021-12-20,63.84645695269823,63.84645695269823,60.9067844318586,62.05087661743164,16835343
2021-12-21,62.09854415391705,64.0212507411764,62.09854415391705,63.40153503417969,10884186
2021-12-22,63.71934148729407,64.89520619520358,63.71934148729407,64.6409683227539,8943987
2021-12-23,64.95875303363982,66.65899393377792,64.95875303363982,66.38886260986328,8703837
2021-12-24,66.16641862658629,66.32531729986295,64.32316492091702,64.8475341796875,9183225
2021-12-27,64.83164437810551,65.92806334810639,64.0371365076572,65.76915740966797,8676960
2021-12-28,66.3570900466644,66.45242924059053,65.30834436564851,65.80093383789062,10372101
2021-12-29,65.75326519445996,67.66007809082146,65.75326519445996,66.64311218261719,24965061
2021-12-30,66.67489873432811,67.50118634700165,65.14944971594866,66.72256469726562,42195855
2021-12-31,66.73845820085458,67.69186474658107,66.29353466125458,66.72256469726562,12683187
2022-01-03,66.65900837457589,67.437622787119,66.57956267462824,67.13571166992188,8974341
2022-01-04,67.53296138996866,69.61455923284107,67.11981761232553,68.69293975830078,31336737
2022-01-05,68.56581526888318,68.93129309600734,67.56474280479802,67.78720092773438,11957511
2022-01-06,67.05625234272716,67.73952741212815,66.92912615559861,67.34226989746094,8820915
2022-01-07,67.34227406733028,67.99376944876846,65.9439441136392,66.11873626708984,12974964
2022-01-10,66.40476092151906,67.2151549519728,66.10284984785476,67.00858306884766,9408897
2022-01-11,67.05627719275428,67.42174784064201,66.27765537598319,66.88148498535156,10022118
2022-01-12,67.05625674968255,67.35816782536664,66.35708813322334,66.92913055419922,7794744
2022-01-13,67.34227834528187,67.46939727444344,65.86450260899244,66.59544372558594,12144687
2022-01-14,66.45243608058367,70.58386704119495,66.22997793852494,69.9482650756836,27463650
2022-01-17,70.55209091757727,70.8063288072281,68.58171817712193,68.8041763305664,28842888
2022-01-18,69.37621150863075,69.43977824822652,65.97572917728513,66.21408081054688,17939775
2022-01-19,66.46832492212644,66.86557521346485,65.14944784479478,66.15052032470703,30378717
2022-01-20,66.42065131477659,67.62830295907753,65.92806182914455,67.48529052734375,20278191
2022-01-21,67.18338098263109,67.26283395185031,65.14944898106776,65.76915740966797,17723898
2022-01-24,65.7691573795966,66.34120711945002,61.98731097434197,62.70236587524414,20025537
2022-01-25,62.3845600801407,65.30833875274418,61.71717123218785,64.89519500732422,29718342
2022-01-27,64.16426163293468,65.56258440503166,62.9725034842837,65.11766815185547,23800311
2022-01-28,65.70560078915298,67.05626495479532,65.26067723530485,65.81683349609375,24666333
2022-01-31,68.23212050494712,69.83702232923991,65.99161680650515,66.64311218261719,53776260
2022-02-01,67.26284231463232,67.51708020947981,64.62508051209662,65.91217803955078,29395494
2022-02-02,66.59545017170613,67.43762406979164,66.2617593134001,66.97681427001953,30206025
2022-02-03,67.0562675866615,67.19927275958105,65.9598485261487,66.08696746826172,11555226
2022-02-04,66.56366717508115,66.61134041275278,64.94287892905301,65.08588409423828,17933076
2022-02-07,65.1176684077762,65.40368600022782,63.433313489902986,64.22782135009766,18325029
2022-02-08,64.25960237664324,64.79986511384614,62.41634875917772,63.40153503417969,26278878
2022-02-09,63.849833720805684,65.08264094506282,63.43356000939098,64.87450408935547,15305202
2022-02-10,64.98657199306848,65.56294809291654,64.20205906146698,64.93853759765625,12104241
2022-02-11,64.31413229546013,65.21072066940565,63.993927396922686,64.1540298461914,11505933
2022-02-14,63.081320823420945,63.84982718568587,61.752452262315195,62.729095458984375,31961610
2022-02-15,62.8251522839227,63.84982247194938,61.6723928256282,63.705726623535156,10746255
2022-02-16,63.961901856804566,64.47423698303217,62.937224275329605,63.721744537353516,13420629
2022-02-17,63.80179778664936,65.53093357266226,63.54563386517806,64.36216735839844,19166469
2022-02-18,64.04193878173828,64.554273822935,63.721733961626924,64.04193878173828,10616886
2022-02-21,63.401531492591346,64.63433856079043,63.03329222873154,63.44956588745117,10470885
2022-02-22,62.4408937444338,64.07396034152691,61.91254478883497,63.19338607788086,20409699
2022-02-23,63.20940941112591,64.21806575540849,63.20940941112591,63.721744537353516,10145349
2022-02-24,62.66505436610958,63.001280518930805,59.87923130809133,60.15140914916992,24915339
2022-02-25,61.75245630983333,64.41020093526453,61.448257992462466,64.0899887084961,22461840
2022-02-28,63.097348462092974,67.72437956383791,62.82517059310924,67.3881607055664,35587689
2022-03-02,66.45953467743918,70.31805826122257,66.45953467743918,69.1653060913086,51608091
2022-03-03,69.8057299373494,70.43014047719792,68.09260809459798,68.86111450195312,28625697
2022-03-04,68.52488783167533,71.96713770233616,68.06057979289501,68.81307220458984,46128378
2022-03-07,68.1406415650489,69.93381827176601,66.13932801455138,68.60494232177734,38244033
2022-03-08,69.30939882207895,69.72567245607596,66.6676685001142,68.20467376708984,20461842
2022-03-09,68.65297005158773,72.15926823714302,68.26871689046862,71.23065948486328,30245265
2022-03-10,72.15927001088535,72.52750927354225,69.05323148859426,69.40546417236328,37328694
2022-03-11,69.88577671979716,70.06189305643107,68.55690823485682,68.78105163574219,29348391
2022-03-14,69.16531530381609,69.19733579452203,66.98788529070859,67.18001556396484,28491564
2022-03-15,66.60363497779049,67.29208647576579,65.08263611872503,65.8191146850586,23328489
2022-03-16,66.89183051927009,67.21204278742641,66.15535183023819,66.9238510131836,23656146
2022-03-17,67.30809721302772,67.82043239095523,66.28342685717271,67.05193328857422,36269526
2022-03-21,67.24404786687381,68.652971263162,66.25139812505937,66.89181518554688,38413833
2022-03-22,67.01990578141454,67.45219339947572,65.64301002301748,67.18001556396484,19632078
2022-03-23,68.49287511621797,68.49287511621797,66.2353902960055,66.41150665283203,33279774
2022-03-24,66.41150658920279,67.42751853661773,65.87931583108153,66.92757415771484,15609300
2022-03-25,67.12110752646876,67.15336128974172,66.10509552733745,66.44376373291016,22413369
2022-03-28,66.44375111506787,66.70178855466278,65.6535229913269,66.13733673095703,13461477
2022-03-29,66.44376463268162,67.2823772539614,66.28249581413294,66.89532470703125,12104067
2022-03-30,68.34675908877287,68.34675908877287,66.97595581812816,67.2339859008789,22181898
2022-03-31,67.79843606100913,68.49190296443284,66.68566290133735,67.99195861816406,21738033
2022-04-01,68.04034902471933,69.9917348711476,67.81457268787655,69.37889862060547,45845880
2022-04-04,70.15300012505324,71.07224338062336,69.60467880954691,70.7819595336914,29426580
2022-04-05,71.41090955954549,72.15275334220117,70.15299090754891,70.5077896118164,29299197
2022-04-06,70.31427580144565,71.28190348395367,70.05624569006395,70.95936584472656,27765654
2022-04-07,71.60443535580161,76.7328640842495,71.459289753598,75.58783721923828,162897504
2022-04-08,76.9909053476043,78.1198018066229,75.78137079065112,77.28119659423828,86792331
2022-04-11,78.00691351213794,80.05505318127618,77.74887604081894,78.68424987792969,53098242
2022-04-12,78.68424788891059,79.47447608982942,76.58772393989304,78.18431091308594,34166946
2022-04-13,78.71649824508017,80.71626082672326,78.71649824508017,79.70025634765625,35185764
2022-04-18,79.34546363723283,82.66765273319476,78.78101173998483,82.23221588134766,58066713
2022-04-19,82.24834794501056,83.69978937933429,80.00667826965454,80.7323989868164,39192846
2022-04-20,81.50649750976811,82.441871380517,80.82916111961784,81.70002746582031,31402827
2022-04-21,82.07094374676556,83.44174700459817,81.24846179206601,81.57100677490234,32102493
2022-04-22,81.42586890819281,82.78054910605861,80.90980131601724,81.16783142089844,14025423
2022-04-25,80.63563251500636,80.63563251500636,78.29719432182621,79.28095245361328,15988692
2022-04-26,79.68413228845826,81.7322793670283,79.66800909889527,80.79690551757812,16455561
2022-04-27,79.84540495911963,80.29696502492207,78.32945594621614,79.5067367553711,13818495
2022-04-28,80.6356419127884,80.6356419127884,78.53911036542797,79.55512237548828,9256521
2022-04-29,79.90992587613559,80.58726233456142,76.36195260914344,76.9425277709961,21932493
2022-05-02,75.79749493840995,77.21668252376851,75.37818867655261,76.8134994506836,13942155
2022-05-04,77.0876767400466,77.36183745006441,73.79774083741867,74.57184600830078,16041333
2022-05-05,75.74911295858786,76.8941399286458,74.829869697652,75.76524353027344,18857412
2022-05-06,74.91050808896067,75.5555981390929,73.29779772845697,73.58808898925781,16795458
2022-05-09,72.57206859959328,73.26553552503913,71.44317221551492,72.73333740234375,23472795
2022-05-10,72.57206594343158,73.99125350293063,71.63669215688876,71.89472961425781,13234959
2022-05-11,72.53981162040265,72.63657289775956,69.5885446753372,70.63681030273438,17541396
2022-05-12,70.95936235491685,71.97536694213477,69.71757404893076,70.4110336303711,23454804
2022-05-13,71.08838104072326,72.79785267924095,70.02399206434634,70.55618286132812,12118287
2022-05-16,70.57230902391748,73.39455379961439,69.76595020982712,73.16877746582031,15258537
2022-05-17,73.79772793475611,75.44269928967324,72.94299218722419,75.07177734375,17055900
2022-05-18,75.63622958106966,76.5232265628712,74.82987808432179,75.1846694946289,18878982
2022-05-19,74.0235158723763,74.44282217536511,72.31403689729986,73.37843322753906,11176905
2022-05-20,74.50732246533457,76.87800704535749,74.03963187188023,75.78136444091797,17729133
2022-05-23,76.20067047345108,77.47471244519348,74.28153853905532,74.63633728027344,15413691
2022-05-24,70.95936135321844,75.26530131486115,70.66907011387522,74.71697998046875,36815832
2022-05-25,74.82987042761283,75.94263626515458,72.73333903279634,73.00749969482422,12376107
2022-05-26,73.28166030836117,74.03963477139703,71.7979651435412,72.89461517333984,11313504
2022-05-27,74.18477592246806,75.03951900021826,73.28165589695877,74.47506713867188,11187723
2022-05-30,75.44269774401747,75.89425777509493,73.86224132645262,74.3944320678711,8326164
2022-05-31,74.63634600090727,76.10391808588417,74.07190144565045,75.71686553955078,13674072
2022-06-01,75.91039600174842,79.89379897778846,75.71687339969884,79.37773132324219,34360020
2022-06-02,80.0550521240327,80.49048896693057,78.74875636016434,79.26482391357422,26049855
2022-06-03,79.66800472030168,79.97441912928579,77.97465649413827,78.13592529296875,11056728
2022-06-06,77.70049977889869,79.13581061719076,76.86188721769642,78.50685119628906,13057254
2022-06-07,79.34545997333498,80.16794192340537,78.1036717626611,79.28095245361328,28241430
2022-06-08,79.65187278324962,80.78076912052813,78.71649900124892,79.11967468261719,24623397
2022-06-09,79.08743314630814,79.81315391437799,78.41009671574164,79.20032501220703,6650814
2022-06-10,78.37783178659491,79.81314254496851,77.89401801013445,79.57123565673828,9887892
2022-06-13,78.37783988418093,78.37783988418093,75.74911760166584,75.95877075195312,13056528
2022-06-14,75.49107307373302,78.18431001329893,75.49107307373302,77.84563446044922,11702244
2022-06-15,78.4100846171233,78.58748398404514,77.03928139419865,77.45858764648438,9599067
2022-06-16,77.79726046878595,78.66812678473458,74.53957891547314,74.9588851928711,12906030
2022-06-17,74.18478791953953,76.97478653674409,73.79773536281157,75.70073699951172,20333781
2022-06-20,75.79750207496828,76.20067780360094,72.1527677973313,73.26554107666016,12914700
2022-06-21,74.13640396043064,74.95888595177082,73.62033639434976,74.26541900634766,12811437
2022-06-22,73.91061842055136,74.16865588841937,72.58819208535466,72.84622955322266,11056173
2022-06-23,73.15265224153084,73.63646608887221,72.58820029216145,73.18490600585938,9004842
2022-06-24,73.84610313165332,75.442689955915,73.63645001806697,75.31367492675781,9668958
2022-06-27,75.79749718426956,77.82951365143738,75.70072851911799,77.42633056640625,14977953
2022-06-28,77.23281011380324,77.57147830386079,75.7329843518747,76.26518249511719,9497565
2022-06-29,75.76523761356728,76.66835023229113,75.53945392207724,76.15228271484375,20182623
2022-06-30,75.95876216087528,77.15216601933868,74.7653509199996,75.5072021484375,19573899
2022-07-01,75.15241259287443,75.95877143837495,73.29779536887774,74.12027740478516,15324042
2022-07-04,73.76547532446422,75.03952475333753,73.20103080205539,74.08802032470703,13538427
2022-07-05,74.76534764081823,75.76523628211393,73.57194383469711,73.92674255371094,14922519
2022-07-06,74.12026944116879,74.73309825905089,72.29790617619709,74.52344512939453,21103464
2022-07-07,74.66860193994258,76.71674921288313,74.53958688154384,76.32969665527344,19351467
2022-07-08,76.79737699455015,78.20043402210884,75.29755130378393,76.12003326416016,21179418
2022-07-11,76.05553374918752,76.89414636917434,75.41045109357405,75.71686553955078,10090566
2022-07-12,75.31367498339657,76.37806373956754,74.24927884481374,74.91049194335938,12953874
2022-07-13,74.7976094440518,75.89425198627403,74.50731823821084,75.29754638671875,12866319
2022-07-14,75.47495161086924,76.7489936131413,75.36205975733783,76.57159423828125,16879224
2022-07-15,76.60385121617684,79.57124161639501,76.57159745415792,79.18419647216797,24300105
2022-07-18,80.55500432217423,84.11910059282243,80.36148173923044,82.07095336914062,114055476
2022-07-19,81.7967856714819,83.42562644336824,81.29684130145989,82.2967300415039,30352653
2022-07-20,83.24823012734387,83.37724517632073,81.6032661056501,82.21609497070312,16157313
2022-07-21,82.24834369448848,87.05422779860179,82.05482113287823,86.66717529296875,56209248
2022-07-22,87.03810262950391,87.11874072638612,85.60279175244361,86.05435180664062,28925541
2022-07-25,86.98972325345662,88.50567218515931,86.45752511720636,87.10260772705078,27481563
2022-07-26,87.32839723801627,87.4090353380063,84.82868996245793,86.08660888671875,16387791
2022-07-27,86.52203699904288,88.32827725650333,86.37689137435176,88.10250091552734,26434413
2022-07-28,88.37665767315426,89.31203152340203,87.45740701248323,87.8444595336914,26787639
2022-07-29,88.37665725561138,89.11850115054375,87.73156726250792,88.76370239257812,14660187
2022-08-01,89.08624993079626,92.8277454208567,88.02186100894473,91.66658782958984,24181113
2022-08-02,92.21491191805553,92.58583385745642,90.0216192775375,90.95699310302734,32577612
2022-08-03,91.27953013996365,91.63432147689126,88.376647634266,89.29589080810547,15700254
2022-08-04,89.74745042229362,92.73097100135894,89.00559922884362,91.65045166015625,39839988
2022-08-05,91.89236641498435,91.92462017551668,86.1994927832843,89.07012176513672,80363784
2022-08-08,89.32955392004612,91.972632550725,89.11875578246247,91.40509796142578,21774303
2022-08-10,91.38888192001843,93.49685576247853,91.04836415340473,93.20498657226562,28967340
2022-08-11,93.56172446397679,94.7778647621339,92.63746080646992,93.22120666503906,23053884
2022-08-12,93.39958027584231,94.74544030389423,93.14013353335683,94.40492248535156,13774848
2022-08-16,94.85895034748354,95.78321407408423,94.09683619851495,95.26432800292969,18326535
2022-08-17,95.75078157794154,95.8967199052431,94.24277198977643,94.48600006103516,12973041
2022-08-18,94.38869477299997,95.50754528906886,92.99419371746903,93.6427993774414,16134525
2022-08-19,93.88604510409228,94.76166773468728,91.89157174677764,92.4591064453125,17598678
2022-08-22,92.42666835141429,94.12926487367719,91.71319537377099,93.75631713867188,18811092
2022-08-23,93.17255292020819,97.16149881527309,93.0428332749891,96.78854370117188,30535758
2022-08-24,97.29123142402571,97.58310808739054,94.53464405943434,95.36161804199219,20796507
2022-08-25,95.84807601809152,97.06421643397142,95.68592643688487,96.22103118896484,22580238
2022-08-26,96.48046367714198,99.85322668619047,96.48046367714198,99.02625274658203,31345068
2022-08-29,97.87498846273468,100.95587533408079,97.50204067924281,100.16133117675781,27834195
2022-08-30,100.95586632526972,101.13423457695332,98.3127947346336,99.39920806884766,25458348
2022-09-01,99.51270375815706,104.03674703618358,99.23704579247116,103.71244049072266,33768936
2022-09-02,104.10161105166037,106.92305806938249,103.93946148376763,105.25289154052734,37018653
2022-09-05,106.32309102461062,106.66360882051407,105.18802923068873,106.33930969238281,24073551
2022-09-06,106.84198603538873,108.25270591819802,105.33396898322829,105.60963439941406,28364094
2022-09-07,105.8528663660177,106.93927971060879,105.64206819589927,106.77713012695312,14016204
2022-09-08,107.3446583965653,107.474378055747,106.07986945134859,106.4203872680664,13824843
2022-09-09,106.69604525519338,107.92840428561466,106.27444894012115,106.4203872680664,16733637
2022-09-12,106.97168982692702,110.19851419214969,105.73933837378749,109.79313659667969,39074646
2022-09-13,110.4255497424023,110.78228624372596,108.65809332799977,108.90132141113281,18851928
2022-09-14,108.64186968240695,110.08502686835268,108.0094752106801,108.93374633789062,48838458
2022-09-15,111.54439486149013,111.54439486149013,105.65827257333503,108.0905532836914,25552945
2022-09-16,108.33378105860169,110.42554394833677,106.48524623923738,107.9932632446289,27675466
2022-09-19,109.30669938505267,110.66877813900219,107.02035688167244,107.5068130493164,18503444
2022-09-20,108.47971657560086,109.06346244482462,107.02034819117574,107.21492767333984,13735873
2022-09-21,107.40952018335221,107.55545851395674,104.73401133895261,105.51233673095703,16931740
2022-09-22,105.65827649174977,108.96617986505682,104.68536417152605,107.02035522460938,20701188
2022-09-23,107.55545240623783,107.99325995045794,103.2259884320626,103.76109313964844,15215768
2022-09-26,102.15579307444911,102.15579307444911,96.80477534197796,97.9722671508789,41567351
2022-09-27,98.50736488973288,99.09111075268132,95.78320763233167,97.0479965209961,28782718
2022-09-28,96.31831795668582,98.21549397764903,95.92915155110235,96.4642562866211,24892912
2022-09-29,97.19394381464673,97.97226922951681,95.68592672531712,96.31832122802734,74476855
2022-09-30,96.65882656786542,98.6046509876422,93.64280020175762,98.21548461914062,28502920
2022-10-03,98.7019475870046,100.20996458627911,95.442692941803,95.78321075439453,21407465
2022-10-04,97.53445292046935,99.6748568982599,97.14528653648976,99.28569793701172,14768228
2022-10-06,100.16131417495497,102.15578727659052,99.62621688571647,101.81526947021484,20520361
2022-10-07,102.35037964235005,103.61516870835247,101.18288775275735,103.37194061279297,20045623
2022-10-10,102.25307621110623,102.73953233715596,101.13422563664558,101.62068176269531,11511957
2022-10-11,102.15578956642386,102.54495596360418,99.77215744563328,100.25861358642578,11739022
2022-10-12,99.86944777671232,100.6477731529197,98.26414101810778,100.45319366455078,6659580
2022-10-13,100.4531912575567,101.57204184569807,98.31278724585874,98.65330505371094,7795689
2022-10-14,100.20996895411751,100.79371486153687,97.72903956917038,98.06956481933594,7476515
2022-10-17,97.77768390924768,99.96673653408159,97.24257918741786,99.04247283935547,9943468
2022-10-18,99.57757244065232,104.00432637564296,99.28570320423218,103.0800552368164,21766333
2022-10-19,103.76109441510908,106.24201623407154,102.44766434357231,103.03141021728516,22878764
2022-10-20,103.90703972921108,106.19338221831896,103.66381164690743,105.07453155517578,25579790
2022-10-21,105.609632900367,105.99879188132033,99.9180900197776,100.74507141113281,19880033
2022-10-24,101.76661762944521,102.49630180091263,101.52338957228939,101.9612045288086,3728536
2022-10-25,102.15578867311288,102.64224480965152,100.74506884624348,102.20443725585938,13217298
2022-10-27,102.78818480082525,105.95014973956549,102.35036981720681,104.9285888671875,29990758
2022-10-28,105.07452640360765,105.60963112753349,101.08558753394294,102.49630737304688,20059496
2022-10-31,103.03140954234375,104.2961910233143,102.30172534929986,103.95567321777344,12793983
2022-11-01,104.39348999054326,107.4095165560109,103.8583852706417,105.56098175048828,26521676
2022-11-02,105.56099237979483,107.26358903108184,103.90704431620894,104.19891357421875,19881462
2022-11-03,103.9070348215902,109.16075521302554,103.61515816751862,106.9717025756836,34173239
2022-11-04,107.60409362722102,108.38242639820703,105.65826912248744,105.99878692626953,22356935
2022-11-07,106.43661200169969,107.31223459653349,105.85286607938787,106.67984008789062,15333789
2022-11-09,107.21493207337559,108.18784436958674,104.73401017167622,105.12317657470703,17033165
2022-11-10,105.12317568614823,105.56098324664995,101.86391358320456,103.80973815917969,12937603
2022-11-11,105.07452161991168,105.51232915756879,103.80973274243134,104.39348602294922,11075218
2022-11-14,104.3934834939175,104.73400128414936,102.593589960477,103.71244049072266,10547759
2022-11-15,103.80973569439716,104.49077873345728,102.59359536328786,104.15026092529297,11675691
2022-11-16,105.99878103366686,106.82576234039087,104.44212300096281,105.36639404296875,27372424
2022-11-17,105.26911199284677,108.33378734181194,105.17182224360211,107.6041030883789,26985734
2022-11-18,107.8473318767886,108.38243663522502,103.51787491391987,104.442138671875,23962357
2022-11-21,104.19890166382639,104.29619140537568,101.66933126988744,102.93412017822266,16407321
2022-11-22,102.3503684606595,104.87994631631013,102.20443755745254,104.53942108154297,11999335
2022-11-23,105.07452019923211,106.14472216115954,103.46921354497537,104.00431823730469,21024176
2022-11-24,104.10162353515625,104.49078996749769,103.1773597532361,104.10162353515625,12820212
2022-11-25,104.39348164897575,105.07451721740357,103.76108723673222,104.24754333496094,8834584
2022-11-28,104.1988994209151,105.80420610148387,104.05296110036679,104.49077606201172,11289089
2022-11-29,104.97723172759513,104.97723172759513,102.39901281817325,103.2746353149414,8717535
2022-11-30,103.61516099365643,103.66380957823915,101.32881855017376,102.25308227539062,27869373
2022-12-01,102.7881800107641,103.4692156121245,101.03693500336402,101.32881164550781,19098551
2022-12-02,101.71797722220427,103.56650453204327,101.47474916325375,103.2746353149414,13020973
2022-12-05,103.46921906254626,104.68535940748153,102.15578897456248,104.53942108154297,17476086
2022-12-06,104.34484721721978,105.46369787938671,102.64225064257982,102.83683013916016,13880227
2022-12-07,103.37193488885408,104.2475574689296,102.59360205706874,102.83683013916016,11943855
2022-12-08,102.15578571096319,102.64224183339635,101.42610152731345,102.44766235351562,15789329
2022-12-09,103.12869966132124,104.00432218072781,101.66933126988744,102.93412017822266,12630851
2022-12-12,103.12869923460865,103.66380394501287,101.1828747207481,101.71797943115234,19335542
2022-12-13,102.25307871203448,102.54495536389567,101.57204308800051,102.30172729492188,7421330
2022-12-14,102.30172057276373,102.7881766787467,102.00984394008151,102.59358978271484,6168426
2022-12-15,102.39901823916678,102.78818463863631,99.96673752089677,100.45319366455078,10186774
2022-12-16,99.48029168913803,99.6262300319082,95.19947569669709,96.75613403320312,38364152
2022-12-19,96.75612970855053,98.11820847563794,95.10218169170075,97.72904205322266,22872344
2022-12-20,98.02091030197188,98.84788423932808,96.3183138451138,98.55601501464844,10478941
2022-12-21,99.09112049563224,99.43163833060532,95.7832170500391,96.51290130615234,11606766
2022-12-22,96.80476328920165,97.19392965129238,94.17790333486846,95.588623046875,14577136
2022-12-23,96.26967613486929,96.46426306269557,93.39958760970563,93.9346923828125,23099245
2022-12-26,93.98332723143383,97.1452922244663,92.0861512047071,96.5615463256836,12096095
2022-12-27,97.09664679653571,98.21548996057055,95.73456814406937,97.53445434570312,10240049
2022-12-28,96.90205819957615,98.16684708824057,96.56154039808384,97.0479965209961,9470020
2022-12-29,95.83186477133687,97.09665377294479,95.63728527388889,96.22103118896484,11367064
2022-12-30,96.70748306421741,98.60465905971587,96.56154473624099,97.19393920898438,9236774
2023-01-02,97.68039266966943,98.45871802627056,97.19393653826941,97.53445434570312,6973552
2023-01-03,97.58310322511639,98.16684910002786,97.09664709223492,97.63174438476562,8833881
2023-01-04,97.97226449468798,98.16685140605048,95.78321184529864,96.07508850097656,8927128
2023-01-05,96.31831292899602,97.43716350312155,95.63727732182296,97.2425765991211,10448282
2023-01-06,97.09664227274268,97.77767785588023,96.02643289533917,96.26966094970703,7215940
2023-01-09,97.19394712511043,98.94518493526499,96.8047806930542,97.2912368774414,11920266
2023-01-10,97.2912302592786,97.38852000499152,95.6372823139636,96.4642562866211,10397112
2023-01-11,97.63174001465572,98.02090638808767,96.85341469052302,97.48580169677734,11130194
2023-01-12,97.72902710691679,97.77767568580312,96.22101765694349,96.70747375488281,9299447
2023-01-13,96.80476905490005,97.38851492143858,94.76165481064945,97.2425765991211,11684608
2023-01-16,97.72904370554092,100.2099731954931,97.48581561526059,99.3343505859375,16485682
2023-01-17,99.57756619778384,100.20996063781143,98.75059227900836,100.1126708984375,11762030
2023-01-18,100.30725722711556,101.18287978673948,99.33434492147383,99.9180908203125,13005273
2023-01-19,99.23705193069677,100.20996420452713,99.09111360507589,100.06402587890625,4842895
2023-01-20,100.1126748602835,100.59913099913548,98.84788593017572,99.04247283935547,7912700
2023-01-23,99.57757313363457,99.72351146422615,98.36143274992449,98.79924774169922,9725869
2023-01-24,98.79924466489666,99.0911138942586,97.43716599301283,97.92362213134766,10169994
2023-01-25,97.48580975070445,98.16685281615847,96.12373846525998,96.4642562866211,9232812
2023-01-27,96.90205078206355,97.24256855749042,89.94572727235415,91.74562072753906,24624255
2023-01-30,90.43219961702754,90.43219961702754,84.64337412579316,86.5405502319336,62828817
2023-01-31,87.85397766280386,93.64280248360704,86.63783737080895,92.37801361083984,59004021
2023-02-01,94.37249649735702,94.6157245811131,86.63784640300666,88.48637390136719,44092961
2023-02-02,87.12429845677694,90.96729902957541,85.90815809541898,90.57813262939453,24502896
2023-02-03,90.87000799696833,91.84292027226194,89.21605267533026,91.30781555175781,15906920
2023-02-06,90.96729617648656,92.42666456434462,90.67541952982235,91.9402084350586,7015869
2023-02-07,91.94020436600093,92.52395021076265,91.210520204366,91.89155578613281,10315670
2023-02-08,92.37801376381334,93.69145121952783,91.79426790723538,93.49686431884766,11577350
2023-02-09,93.74008379902126,94.08060156563496,92.9617585357229,93.20498657226562,6577385
2023-02-10,93.54765862745366,94.62460555012471,93.35184534273243,94.23298645019531,10685751
2023-02-13,94.23300363978134,95.16309263595264,92.47072110338746,92.66653442382812,13582939
2023-02-14,92.81338991400726,93.1560538781653,91.14901035028879,92.6175765991211,9624926
2023-02-15,92.07910940153496,92.81339254678001,91.44272918175304,92.66653442382812,11575131
2023-02-16,93.8903308792553,96.33794113434791,92.27490661699143,95.7015609741211,32927840
2023-02-17,95.50575699903203,96.58270403831581,94.1840414599647,94.42880249023438,20383244
2023-02-20,94.67356805033782,94.72252324653965,92.2259576305306,92.91129302978516,17505922
2023-02-21,93.93928012859642,94.18404115808158,92.61757206327937,93.54766845703125,11933886
2023-02-22,93.6945136458809,94.13508795502007,92.81337996662937,93.00918579101562,14589841
2023-02-23,93.1071016242402,93.69452664843286,91.68749052664843,93.40081787109375,16196352
2023-02-24,93.6455686315755,93.89032965389038,93.00918847965409,93.35185241699219,8061923
2023-02-27,93.35186267344667,93.69452664843286,91.19796842823548,93.40081787109375,13928820
2023-02-28,93.1560538781653,94.13509804405349,92.42177075374914,92.6175765991211,10965145
2023-03-01,93.20500522804167,95.06519070944573,92.81339352207408,95.01624298095703,14285091
2023-03-02,95.16307547535222,95.5057468569514,94.18403145824153,94.67355346679688,10048980
2023-03-03,95.2120405180156,95.65260738350679,93.59661622869149,93.84137725830078,7938348
2023-03-06,94.33089957202928,95.21204077490287,93.89033270534941,94.42880249023438,8289319
2023-03-08,94.2329939721431,94.3798520800284,92.51966680901323,94.08613586425781,14292676
2023-03-09,94.13508813329376,94.8693711804029,93.25394698286011,93.44975280761719,7884249
2023-03-10,92.32386802293426,93.49871803663605,91.5895848969921,92.91129302978516,9620249
2023-03-13,92.07910580321338,92.9112918414009,89.97415937519969,90.41472625732422,11482697
2023-03-14,90.90424599773326,91.00214891685324,89.28882168895487,90.80634307861328,14285446
2023-03-15,91.54062607339856,92.274909170244,90.26786571772756,90.65948486328125,8318506
2023-03-16,90.75738238635498,90.75738238635498,87.77130245176113,89.97415161132812,12278142
2023-03-17,91.14900229424681,92.71547132731553,90.95319646618081,91.44271850585938,13158718
2023-03-20,91.05109133278562,91.39375523637202,89.82728634175355,90.70842742919922,6579446
2023-03-21,91.05109916139759,91.49166600824411,90.41471901744211,91.14900207519531,5886671
2023-03-22,91.54061332919844,91.98118013816483,90.5615693363728,90.70842742919922,6096408
2023-03-23,90.36577332347647,90.80634018021111,88.94615489825014,90.16996002197266,9969670
2023-03-24,92.58434602568182,93.12635426956903,89.87431984323405,90.21923828125,16650432
2023-03-27,91.74670342108989,92.3872565703431,90.02214129844349,90.41632843017578,15959308
2023-03-28,90.41633144082674,91.1554295179997,88.69176926075647,88.98741149902344,14999850
2023-03-29,88.8888557768894,90.71197031442232,88.5932210680825,90.21923828125,36103221
2023-03-31,92.87999211094821,97.01893835411788,92.87999211094821,96.13202667236328,64455094
2023-04-03,97.51166263319715,97.56093884203007,94.40745695756401,95.1958236694336,24154016
2023-04-05,93.66836395486834,97.01893581720495,93.66836395486834,96.82184600830078,24875169
2023-04-06,96.18129003111132,97.5609412084652,96.13202133957721,97.3145751953125,11440418
2023-04-10,97.46239666157649,99.08841385800027,97.31457554944814,98.44786071777344,10870304
2023-04-11,98.9405967490602,99.48259749080171,97.36385569904814,98.5464096069336,8458648
2023-04-12,98.69422470495934,99.6304125317225,98.05367157788741,99.33477783203125,8938731
2023-04-13,99.33478181734071,100.32024589283617,99.03913958729437,99.4333267211914,9153834
2023-04-17,99.53186878555165,100.0246008092425,98.54640473816994,99.92605590820312,8323162
2023-04-18,99.92605695024186,102.34044088410684,99.72895962761375,101.45352172851562,19758227
2023-04-19,101.50279688031505,101.6013417813544,99.77823479739708,99.92605590820312,11271768
2023-04-20,100.02460544680176,101.798443821729,99.8767843291421,101.35498046875,13241812
2023-04-21,101.20716503862069,101.99553936478019,100.7144329643947,101.30571746826172,5625649
2023-04-24,101.30571559507406,101.69989523237048,100.0246092183768,100.32025146484375,5994078
2023-04-25,100.32024829751954,100.5173381099452,99.28550798604881,99.67969512939453,5696053
2023-04-26,99.33478892538969,100.41879798230374,98.940601763286,100.17243194580078,4576455
2023-04-27,99.72896052146326,100.61587968500375,99.67969182923522,99.97532653808594,5362153
2023-04-28,100.46805654811226,101.94625261808052,99.778234722858,101.7984390258789,11812226
2023-05-02,102.48826280227726,103.57227177052559,101.995530769574,102.78390502929688,13598952
2023-05-03,102.63608960925386,105.00120500112688,102.1433575492176,104.80410766601562,16034319
2023-05-04,105.39538254272105,106.67648888078881,104.95192670488692,105.69102478027344,15414305
2023-05-05,105.493935112535,106.38084678942207,104.26210498519804,104.75483703613281,9315810
2023-05-08,104.75483136166828,105.93738521245623,104.45918913972429,105.74029541015625,6721354
2023-05-09,105.64175298336143,106.57794842907786,105.05047600203747,105.9866714477539,10063354
2023-05-10,106.33157951381448,107.02140138692714,105.69102633535583,106.47940063476562,10360986
2023-05-11,106.67648951811802,107.41558759792022,105.93739143831581,107.02140045166016,9435021
2023-05-12,107.0706703719162,107.0706703719162,105.05046606511826,105.74029541015625,6855025
2023-05-15,105.54319685042148,107.02139290580132,105.34610705043508,106.085205078125,7833289
2023-05-16,106.13447526511325,107.51412643994962,105.8388405609659,106.87357330322266,9051577
2023-05-17,107.2184913878826,108.154679225719,106.38084093261484,106.67648315429688,9456088
2023-05-18,106.92285408422426,107.66195215393088,105.69102396804657,106.2330322265625,7220608
2023-05-19,106.23303064206293,106.28229933487856,104.16355006295588,105.44465637207031,9255095
2023-05-22,106.9721295611314,109.68215579809839,106.03593416817348,108.8445053100586,27946526
2023-05-23,109.33723435564889,109.43578677635949,106.18375237375632,106.33157348632812,15214733
2023-05-24,106.33157902683006,107.71123028523131,105.74030206422795,107.21849822998047,10722681
2023-05-25,106.43011784282209,109.14014399159764,106.43011784282209,108.0068588256836,11158044
2023-05-26,107.95758845903086,109.38650830790776,107.51412513047,109.09086608886719,7958341
2023-05-29,109.38651547435668,110.17488976445253,108.59814118426084,109.82997131347656,10330215
2023-05-30,109.82997097722412,110.96325619633184,109.3865151394619,109.63288116455078,7803617
2023-05-31,108.94305725160976,110.81543299225534,108.59813880818047,110.5197982788086,15741522
2023-06-01,110.56907409063996,111.80090427221346,110.3719842689861,111.25890350341797,9185292
2023-06-02,111.75162870603833,111.85017361080715,110.37197748379208,111.65308380126953,9939324
2023-06-05,111.70234754495564,116.92530996971422,111.70234754495564,113.96891784667969,35214281
2023-06-06,114.5601994273915,116.77749360985713,114.21528850270681,116.33403778076172,18999553
2023-06-07,117.0238596301311,117.27022565040505,115.79202952876129,116.33403778076172,11262532
2023-06-08,116.77750417750715,116.97459400416403,114.70803092363006,115.84131622314453,11188999
2023-06-09,116.28476209886644,119.68461018673219,115.00365578021001,118.60060119628906,19873573
2023-06-12,119.19187377243415,122.09899722938012,117.0238558710626,117.36876678466797,24331332
2023-06-13,118.15714678793007,120.67007572533043,117.17168269048027,120.32516479492188,16552079
2023-06-14,120.5715256748248,121.35989992654461,119.33969560557139,119.63533782958984,8660080
2023-06-15,119.63533693117951,120.96571189228382,118.3049619700752,120.17733764648438,13948239
2023-06-16,120.5222641491477,125.40030850603168,119.88171097135118,123.3801040649414,32649860
2023-06-19,124.51339058320418,124.51339058320418,122.641007243612,123.03519439697266,10053869
2023-06-20,123.18300469632968,124.90756676207829,122.09899575870077,123.33082580566406,15471361
2023-06-21,124.31629491715822,124.46411603252587,119.98025147117461,121.0149917602539,14141162
2023-06-22,121.75408525579535,125.49884409997142,121.01498722514947,121.65553283691406,25032998
2023-06-23,121.95117613421226,122.09899724534648,117.76295392354236,118.30496215820312,12413343
2023-06-26,119.24115070372994,120.7686229970018,118.25568664832721,119.63533782958984,17369553
2023-06-27,120.32515363430213,120.81788563732424,116.18620781631382,116.67893981933594,19093714
2023-06-28,117.41804807984143,120.62080637923265,116.3833077757173,118.99478912353516,61890385
2023-06-30,119.63534414754287,124.8582994059056,118.99479097400462,123.92211151123047,27973500
2023-07-03,124.1684736772017,124.1684736772017,120.9164392163535,121.95117950439453,15492508
2023-07-04,122.19754611673517,122.39463592565477,119.78316212424578,120.27589416503906,7595425
2023-07-05,120.76862942060605,121.95118334259095,119.29043325887767,119.98025512695312,15615891
2023-07-06,120.52224854233718,123.28154319312029,120.1280614440843,122.98590850830078,16906327
2023-07-07,122.5424608945497,124.06993327643312,121.85263902314756,122.246826171875,22837962
2023-07-10,122.3946357984569,122.83809914580657,120.71934986889848,121.21208190917969,9068813
2023-07-11,121.65553856492704,126.77994881128458,121.6062698716606,125.54812622070312,46215137
2023-07-12,126.43504780147616,126.63213761526946,124.7104856160542,125.79449462890625,18031857
2023-07-13,125.8930373020856,126.92777760237719,123.18301105879218,123.67574310302734,12374030
2023-07-14,124.16847263003497,125.64666873277348,122.29608939620068,125.3017578125,9577719
2023-07-17,125.94231096071886,126.38576678414273,124.56265976113075,125.3017578125,9411535
2023-07-18,125.84376414635959,126.4350486285965,123.42938007837208,125.25248718261719,8994063
2023-07-19,125.8930400232982,125.8930400232982,124.85829970064043,125.0553970336914,8975718
2023-07-20,125.15393635583303,125.40030237228152,123.72501646782945,124.16847229003906,10187180
2023-07-21,124.5133946082467,124.80903686244783,122.93665346232862,123.13374328613281,9926528
2023-07-24,123.52791914357417,125.8930344051785,123.1830082242451,124.16847229003906,13121674
2023-07-25,124.71048450414982,125.35103015251423,123.52792307645024,125.20321655273438,7151050
2023-07-26,125.20321256652039,125.49884727516208,123.82356137071001,124.16847229003906,12681896
2023-07-27,124.36556638945498,126.92777906377363,124.16847657688943,125.40030670166016,11597763
2023-07-28,127.37123650713816,129.78562057473061,126.13940636683702,128.25814819335938,37245053
2023-07-31,128.4059760120659,129.0957978788298,126.97705606584304,128.80015563964844,16197160
2023-08-01,129.0957954870712,131.31308968436824,128.15960761116574,128.5537872314453,17079508
2023-08-02,128.553781056693,128.8001470667813,121.90189878430807,123.52791595458984,20816954
2023-08-03,123.72501577661076,124.66120362648714,121.70481144562183,122.83809661865234,12415922
2023-08-04,124.46411001216838,126.18867206488689,123.67573578067092,125.74520874023438,10589274
2023-08-07,126.58285931939483,127.32195738669802,124.75975225707917,126.68141174316406,8339894
2023-08-08,126.82923395623168,128.11034036730263,125.74522488759193,127.27268981933594,12505272
2023-08-09,127.91325334851942,130.47545118986096,127.12487899849509,129.78562927246094,13111006
2023-08-10,129.68707592387221,131.21453318272447,127.22341578122258,127.51904296875,11116731
2023-08-11,128.3074092742115,131.31307746946538,127.66686369159437,130.13052368164062,10967883
2023-08-14,130.03197771905639,130.03197771905639,127.56831760677042,128.60305786132812,8529502
2023-08-16,128.8494254769708,129.98270312793855,127.56831919523235,129.3914337158203,7062446
2023-08-17,130.13392805376546,130.28243532704784,126.96596926865583,127.41146087646484,7162118
2023-08-18,126.96596130519949,128.30245115081934,125.4809793016299,125.8769760131836,8997702
2023-08-21,125.9264844893739,128.40145476277362,125.87698961571184,127.95596313476562,5063202
2023-08-22,128.401445350347,132.3613974975035,128.05495860108195,131.9654083251953,20596242
2023-08-23,132.6088885066451,134.04436807383553,131.470408358257,132.06439208984375,19426832
2023-08-24,133.69789892605817,134.14339055985,132.26241917005342,133.0543975830078,17543374
2023-08-25,135.87585190143508,136.56884047462862,131.71790535625595,132.06439208984375,33919926
2023-08-28,134.73737514653652,135.03435946680077,133.252393121142,133.54937744140625,13346571
2023-08-29,133.94540250491158,134.48989901995193,132.75741972138218,133.20291137695312,11118400
2023-08-30,134.14339711782972,134.14339711782972,132.9059119045656,133.20291137695312,12555619
2023-08-31,133.2028992528442,133.69789329309555,130.8764212212551,131.8664093017578,14954352
2023-09-01,132.70789130008527,137.01432993519254,132.5593840399671,136.4698486328125,23415545
2023-09-04,138.10333180075963,140.92480376167725,137.80633236708113,139.142822265625,28262276
2023-09-05,139.88530208965275,140.47928580340297,137.80632132648324,138.3013153076172,11695197
2023-09-06,139.09333033159234,139.34082736065213,136.37086301193486,136.9153594970703,10151022
2023-09-07,137.06383682534653,139.58830926950938,136.22235608130438,138.4498291015625,18438943
2023-09-08,139.142813214117,142.85526812854908,138.79631137969628,141.8652801513672,16579557
2023-09-11,142.90477972883082,145.67673415819658,141.6177922546146,143.2512664794922,19902175
2023-09-12,143.15227149780392,143.4987582357794,132.26240344794664,132.806884765625,48752780
2023-09-13,133.6483875330139,135.57886122062033,131.96541085935752,134.48988342285156,19282289
2023-09-14,136.61835683592062,137.31134547982646,134.14338660338584,135.4303741455078,13197189
2023-09-15,136.12336652522959,136.81635518815403,133.74740107919718,134.3413848876953,9651337
2023-09-18,143.54827394621097,143.54827394621097,137.60834536912637,138.49932861328125,51859825
2023-09-20,138.59832690547063,138.69733175281064,134.88587172050268,135.52935791015625,19080613
2023-09-21,135.62835298492377,136.6183409629159,133.2523878801497,133.8958740234375,9531884
2023-09-22,132.80689505181735,135.52936227514286,132.707905307308,134.68788146972656,12604969
2023-09-25,134.93537665710053,135.47987311557318,132.2624118953482,135.2323760986328,14984591
2023-09-26,135.23237520646092,136.91535188934856,134.53937147878455,136.2718505859375,12315581
2023-09-27,136.02435446802676,136.17286174180245,134.34137777403598,135.2323760986328,8713378
2023-09-28,135.52934462466933,136.61833741458383,133.25238441924014,133.6978759765625,22012674
2023-09-29,134.63838380851644,137.2618462741421,134.39088677945665,136.9153594970703,8504659
2023-10-03,136.51934794517337,139.1923278020442,135.82635932177016,137.80633544921875,19010910
2023-10-04,136.61834303075034,137.75682318026608,135.18286346213807,137.4598388671875,14912053
2023-10-05,138.10331902554154,139.93480277545564,136.71734193794302,137.55882263183594,15996620
2023-10-06,137.60833740234375,139.09331946064242,137.26183554633326,137.60833740234375,4987359
2023-10-09,134.8363760226281,136.222368424429,133.6978957515234,134.39088439941406,10489249
2023-10-10,136.02435551163597,139.58831862532864,135.1333722862224,138.548828125,15593722
2023-10-11,138.54882022984555,139.09331666146778,136.12335260463928,136.370849609375,10778916
2023-10-12,136.56884820283932,137.3113392388526,135.82635716682603,136.81634521484375,7567439
2023-10-13,134.935372339969,136.81634356612835,134.935372339969,136.0738525390625,8303230
2023-10-16,135.62836384684084,136.51934705598185,135.18287224227035,136.02435302734375,7785480
2023-10-17,136.12335136524584,137.50932853673925,136.12335136524584,137.162841796875,6076896
2023-10-18,137.3608484476618,137.5588430458419,135.03437037749177,135.67787170410156,6806231
2023-10-19,134.6383689267792,135.82635151375302,133.697883341509,135.62835693359375,7775836
2023-10-20,135.33135423447018,135.52934880983673,132.1633957105519,132.85638427734375,8982112
2023-10-23,132.9554011427974,134.53937299500535,130.0844266692632,131.3714141845703,19333777
2023-10-25,131.17341631618166,133.30188457626312,127.95595516125644,129.8864288330078,10225867
2023-10-26,128.6984472628564,128.89644185282626,125.72848309525203,127.55996704101562,18167694
2023-10-27,127.95594238087207,131.51990503891642,127.95594238087207,130.87640380859375,8761931
2023-10-30,132.163390585113,132.60888213891556,129.49042615628045,130.62890625,9052085
2023-10-31,131.17341776949826,132.31189799452406,129.44093866688226,131.91590881347656,8098744
2023-11-01,132.41090707858024,133.20290057202985,130.72793034626199,131.0744171142578,10431945
2023-11-02,132.36138851694582,133.6483758986549,131.96539937150501,133.40087890625,4885035
2023-11-03,133.7968737568299,135.62835762112837,133.400884594504,134.5888671875,9154983
2023-11-06,135.57886196428012,136.6183524497757,134.63837632731517,136.2718505859375,7070089
2023-11-07,136.1728526787513,137.5588298389654,135.33135683475254,136.6678466796875,8587321
2023-11-08,136.37086129781875,139.7368148083153,136.32135887142505,138.99432373046875,9755483
2023-11-09,138.54882374436096,138.54882374436096,136.2223609044418,136.56884765625,5481774
2023-11-10,136.12335191614878,137.7073387808531,135.6778603310814,137.41033935546875,5781314
2023-11-13,137.75681518991175,142.75625728566212,137.6578254599666,141.96426391601562,20245049
2023-11-15,143.05327754622036,143.94426077572683,141.0733013864111,141.6177978515625,11440473
2023-11-16,141.81580376577483,142.90479678299874,140.77631317770116,141.1723175048828,11453235
2023-11-17,141.4197918083911,145.0332419651147,140.3803013874375,144.6372528076172,13496261
2023-11-20,144.934232005724,145.28073383581437,141.71677112009266,142.40977478027344,7741502
2023-11-21,142.70675679468306,143.1027610378622,140.8257857341384,141.41978454589844,9972235
2023-11-22,141.81578678443705,142.0137813713093,138.74681781685155,140.4298095703125,7445272
2023-11-23,140.42981951946038,141.12280817561938,137.70735221553443,137.95484924316406,13138745
2023-11-24,138.5488199483664,140.72679056441214,135.97486016795537,138.94482421875,19614754
2023-11-28,140.23180169642245,140.38030896801703,138.99431662989554,139.88531494140625,8595693
2023-11-29,140.62780836580572,141.2217921441989,139.09332383608987,139.58831787109375,14680789
2023-11-30,139.58830446713358,144.88474617549218,139.34080747339752,144.43923950195312,27591484
2023-12-01,146.46871835433726,148.79519614552785,145.2807358016939,145.97372436523438,34466616
2023-12-04,150.47819543432794,155.92313013754375,150.08220622559298,152.01268005371094,51416976
2023-12-05,152.16115655440922,153.54714885423277,148.44870145741152,150.47817993164062,29109123
2023-12-06,151.0721787396591,155.5766121710468,150.32968772050486,154.5866241455078,26688698
2023-12-07,160.18006272032144,160.18006272032144,156.6656022706143,158.7445831298828,51346222
2023-12-08,159.73458916748484,160.724577287256,155.72513426120767,157.16061401367188,22869782
2023-12-11,158.20009467802913,161.61555045667544,157.55659337676485,159.6355743408203,22941648
2023-12-12,160.82355294747364,161.17005480144795,158.3980852877093,159.19007873535156,16306341
2023-12-13,158.5960663298731,162.25901871815145,157.80407294986279,161.21954345703125,16804086
2023-12-14,161.4670490677264,162.70453406945325,160.97205506703568,162.3580322265625,13887946
2023-12-15,164.3380163357948,168.4959631254967,163.59552529813308,167.35748291015625,39766631
2023-12-18,170.030446387179,172.6044213414157,167.75347086704943,170.97093200683594,35901409
2023-12-19,171.1689213233773,172.65390334216664,169.38695498564468,171.3174285888672,14732129
2023-12-20,172.01042277930563,174.53489531468048,164.48650759662348,165.57550048828125,24511237
2023-12-21,163.34802567446712,170.1294497524509,162.40754006299966,168.9414520263672,22646625
2023-12-22,170.22842454751716,173.4953877953957,167.70395226024664,173.04989624023438,19640046
2023-12-26,176.2178765585329,182.652799017131,176.2178765585329,180.12832641601562,52736391
2023-12-27,182.1578011153142,183.04878431749245,177.30686571497694,178.39584350585938,26206240
2023-12-28,179.68283641767724,182.4053036361269,178.98984778327574,180.87081909179688,20453485
2023-12-29,181.11830416688727,183.34577719871675,179.28683540432732,182.3557891845703,19305150
2024-01-01,182.94978969928647,185.12776032901235,182.60328784877666,183.09828186035156,18008785
2024-01-02,184.13778464993413,184.3357792466334,177.95035909046052,180.32632446289062,22790965
2024-01-03,180.52432250976562,182.8507853063042,178.7918434649733,180.52432250976562,18738690
2024-01-04,180.6728213852956,185.77125386417168,180.6728213852956,185.0287628173828,25403124
2024-01-05,185.82075115604886,186.76123676813435,182.2073008705555,184.08827209472656,22023938
2024-01-08,184.8802665883227,185.6227576187979,181.36580602286972,181.76181030273438,11472441
2024-01-09,183.0487817990188,184.83076328487675,182.35579319507923,182.80128479003906,11550790
2024-01-10,182.55377784940939,184.1377646631121,180.22731515517967,183.7417755126953,8701594
2024-01-11,185.1277652674381,185.77125145724358,181.9598065300547,182.50430297851562,10942508
2024-01-12,183.494295255583,183.64278742403036,181.26682209275785,181.66281127929688,8853157
2024-01-15,183.04879041803838,187.99873083070594,182.25681203682706,186.76124572753906,24570393
2024-01-16,187.00872955700865,188.3452194165637,183.2467871935555,184.9297637939453,16471601
2024-01-17,184.43477631906995,186.6127470029403,181.95980619966755,183.79127502441406,16350370
2024-01-18,183.7912775444619,187.10774359234222,178.19785104032593,186.3157501220703,24831623
2024-01-19,188.09773053257746,191.76068331648176,188.09773053257746,189.92921447753906,22303305
2024-01-23,193.29517294625757,193.54266996667533,182.5537962177198,185.22677612304688,26628471
2024-01-24,184.92977214867034,188.29572550151644,182.1578025666694,187.35523986816406,14742783
2024-01-25,188.84022597728043,190.07771107542771,186.41475820611552,187.8007354736328,12592882
2024-01-29,188.09772531333275,191.7606779955992,185.6722576660224,188.98870849609375,28919512
2024-01-30,190.07769460559967,190.424196445465,185.12775464191216,186.01873779296875,20894159
2024-01-31,186.3157481208251,187.2067464300678,182.99929721458628,184.0387725830078,23757415
2024-02-01,185.82074850829446,186.51373710174528,179.7323282219516,181.5637969970703,27835431
2024-02-02,183.14780500756078,185.8702723792948,182.00932469451644,182.75181579589844,27710061
2024-02-05,185.12776207820755,185.12776207820755,177.00986323288024,179.73233032226562,23880364
2024-02-06,180.57381147648186,181.71230677993253,178.89083483879244,181.26681518554688,12134363
2024-02-07,182.30628113724543,182.30628113724543,177.85133521105246,179.8808135986328,14192151
2024-02-08,180.37580851227744,185.2267587203122,179.93031693858492,182.9497833251953,29094709
2024-02-09,184.34103610095312,184.53978351149757,175.39726615535432,179.52133178710938,21081134
2024-02-12,180.1175934805085,181.9560411896919,172.5650703919435,173.55882263183594,19640568
2024-02-13,173.65821054587929,175.79477187777076,170.67695371247362,175.4966583251953,13961795
2024-02-14,176.14259501746778,181.01197521773017,174.2047810668922,180.46542358398438,23449380
2024-02-15,181.8566572345822,185.13604261084777,181.4591624098342,184.78822326660156,17335763
2024-02-16,187.81917395254249,189.21042102754936,185.68261269518428,187.12355041503906,29843059
2024-02-19,188.76322407387076,191.29729517248293,187.1235390377743,187.5707244873047,25343215
2024-02-20,187.9185584324437,190.25386714538323,185.08635842604525,189.4588623046875,17809897
2024-02-21,190.10480372112372,191.34699400267385,185.83166611990012,187.5210418701172,17870782
2024-02-22,188.56448769722425,194.77543920240294,187.52104481166307,193.5332489013672,31992371
2024-02-23,195.07356399623492,205.70670972722147,194.72574465353617,204.017333984375,76179371
2024-02-26,204.36513926328422,205.60732954609887,201.53295451654017,202.97389221191406,27013630
2024-02-27,202.278274766638,207.69422152982008,201.8310892840736,204.06703186035156,28877205
2024-02-28,204.91170958891354,207.69421890356637,200.1913864320143,204.36514282226562,38996363
2024-02-29,204.16639243895273,204.6135779093633,198.50200776568929,203.81858825683594,24059731
2024-03-01,204.66327966486662,206.75016552468898,203.52047060472265,204.3154754638672,12949604
2024-03-04,206.65076608742288,211.61952706650712,205.060771672189,208.29046630859375,34272251
2024-03-05,209.68172663895686,212.41454535107596,208.53891760654403,209.43328857421875,24964592
2024-03-06,210.47671862778273,212.1164036895579,204.31545803115569,209.13514709472656,26236957
2024-03-07,210.12891302177442,215.44549369529778,209.83078431012203,213.85548400878906,41484038
2024-03-11,215.09767364710544,215.09767364710544,210.57609783135544,211.2220458984375,22800967
2024-03-12,209.68171973911316,210.02953908368352,200.24107358972182,202.97389221191406,34719550
2024-03-13,202.82483735072637,204.31546570412183,187.0241677066609,189.11105346679688,41620003
2024-03-14,187.81918424833447,195.91825940847522,185.08636542990632,194.03013610839844,34622781
2024-03-15,195.52075702255746,195.52075702255746,177.98103571082103,187.6701202392578,88781999
2024-03-18,188.8129280435982,190.8004325493203,185.88136193034933,188.7135467529297,22999225
2024-03-19,188.81291966815178,191.2476095469711,183.39697316299325,184.2416534423828,27819341
2024-03-20,185.7322876053826,186.7757304901567,181.3597838144173,186.2788543701172,16235947
2024-03-21,188.81293833651065,196.26608063926767,188.81293833651065,195.62014770507812,43152810
2024-03-22,195.96919300707083,198.4125717593192,192.22932291151602,196.96649169921875,31321524
2024-03-26,196.46783272693546,199.95837797842924,195.4206661079734,198.86134338378906,25723863
2024-03-27,199.45972639755246,203.39905295039026,197.46512913357694,198.9112091064453,37817130
2024-03-28,199.9583745913825,201.90310386933095,198.46242665179608,200.95567321777344,17425093
2024-04-01,204.4462266844481,212.175291351787,203.19960335100635,210.52975463867188,45840349
2024-04-02,213.1725847235632,222.04853655017143,212.02569737231224,220.4029998779297,93873385
2024-04-03,221.1011137965127,224.84098383778513,218.25882169568774,220.9016571044922,47658754
2024-04-04,222.89624764702617,223.2951610188744,217.66042974927723,219.70489501953125,18279026
2024-04-05,219.75477123353423,225.38950271436528,218.1590872511832,223.8935546875,25365958
2024-04-08,224.94071856023817,225.0903072740415,221.50004118463139,222.9461212158203,16422350
2024-04-09,224.1927348704394,228.28165011930344,220.60245371856766,227.53367614746094,29048035
2024-04-10,228.3813894803407,232.2209953468415,225.8881428702933,228.13206481933594,37218693
2024-04-12,230.6751782157193,234.76409350457246,229.9272042365617,232.86923217773438,57174716
2024-04-15,229.37868969662378,237.35707890346288,225.38949509320423,233.81666564941406,51676313
2024-04-16,231.87193578249156,236.3099117249221,229.37868916117446,232.81936645507812,32508661
2024-04-18,234.9635648367669,236.75869020833747,228.5808444328876,230.52557373046875,18623078
2024-04-19,227.93261582692577,233.86653991559857,225.09030850851408,232.66978454589844,27227241
2024-04-22,235.36248793211627,235.51207664673996,231.67248586821998,232.66978454589844,17549094
2024-04-23,233.61721350883641,235.46222213584883,231.1239668331818,233.71694946289062,19202860
2024-04-24,234.6145064533387,238.50396508540973,233.46761909755534,235.8611297607422,33392337
2024-04-25,235.76138987121712,239.401538998576,234.81395921692925,236.95816040039062,16197834
2024-04-26,237.85572305492263,240.99720764975234,237.25733779039822,238.30450439453125,20473627
2024-04-29,239.5012677690911,239.5511357457419,234.21559703064474,234.76409912109375,19876408
2024-04-30,235.6616754067952,236.65897406258566,232.57004348681693,233.11856079101562,14514418
2024-05-02,234.06599200893336,236.75869534224773,230.12666535301332,234.11585998535156,19171145
2024-05-03,236.45951680983043,237.35707951086883,230.52557764800287,233.46762084960938,15782582
2024-05-06,234.46491440069502,235.2128883744732,229.37868529197561,231.22369384765625,32422021
2024-05-07,231.8719347380098,235.16302330683743,224.840976254053,226.78570556640625,26418769
2024-05-08,226.58625716837756,232.0215319336435,223.99328972959347,230.97438049316406,18952985
2024-05-09,233.86654084124228,237.55654291974358,224.69139601379928,225.58895874023438,35229412
2024-05-10,227.28435322458918,227.88273849365723,222.54718470010397,226.4865264892578,18478580
2024-05-13,227.7830019698844,228.0821946036657,220.40299816364973,224.1428680419922,32874369
2024-05-14,225.1401760287493,231.27355679698948,225.1401760287493,230.3261260986328,23191411
2024-05-15,231.17382643265174,233.86652970126326,228.92990450588056,232.2209930419922,33045920
2024-05-16,234.1158548603702,239.35167270069797,226.88543974753662,237.25733947753906,55556781
2024-05-17,240.34897840807548,248.97560577843277,237.2074936984834,247.52952575683594,82231249
2024-05-21,282.23552312963085,282.23552312963085,270.317791869359,273.409423828125,127035921
2024-05-22,276.2517158873798,283.7314554872186,263.58601132426406,282.8338928222656,85801218
2024-05-23,285.5266033112293,292.50769415439026,282.4350017145134,287.7206726074219,70631009
2024-05-24,287.2220260508387,299.0898745124388,285.2274286477078,296.3971862792969,63609206
2024-05-27,300.934870080835,302.3809653091319,288.8675502308308,293.65460205078125,49890427
2024-05-28,294.9012388096629,294.9510915707833,284.27998326889127,288.3190612792969,33893805
2024-05-29,284.6290430963615,293.15596524853925,284.23012970310464,291.3608093261719,31645904
2024-05-30,292.20849548914174,295.49956875916195,288.8675390270675,289.8648376464844,42769599
2024-05-31,293.405270601578,296.3971665066853,285.52658703668425,295.1505432128906,51397345
2024-06-03,322.12747038913767,322.12747038913767,308.4644664369665,317.7892150878906,67256146
2024-06-04,311.15718749860054,311.15718749860054,229.42856388983793,254.85968017578125,268052657
2024-06-05,263.78548112335164,263.78548112335164,229.37867923769707,259.6466979980469,193487058
2024-06-06,266.27873673617256,280.7395670083617,266.27873673617256,272.9107666015625,95502477
2024-06-07,273.259837554249,283.78132642470865,267.97416673911704,282.43499755859375,60109827
2024-06-10,288.11957247963875,291.2112043664474,280.340655221988,282.6344299316406,42363741
2024-06-11,286.22470661220564,289.71525181479353,284.57916996087056,285.4268798828125,32269277
2024-06-12,287.1222883011832,292.20851773444224,285.2772796277771,289.71527099609375,33990756
2024-06-13,293.10606764137333,302.1814914586784,286.2745657903456,300.087158203125,49511492
2024-06-14,304.1760919422851,309.6612345838673,300.68554662491465,308.763671875,67366844
2024-06-18,312.15447149404093,320.1328605418119,311.40649752081237,317.3902893066406,64859245
2024-06-19,319.03584990788534,319.03584990788534,303.2785425298329,308.4644775390625,58698689
2024-06-20,308.96310088902396,312.5035292578345,301.43350846777196,311.05743408203125,39505506
2024-06-21,311.8553161579437,313.15179229594054,303.2785412373324,304.1262512207031,37620968
2024-06-24,303.9766283563614,311.05745513815975,296.64650733735266,308.91326904296875,39139609
2024-06-25,310.06014343628897,314.0992212199504,308.3647539965375,308.8634033203125,29124110
2024-06-26,309.16257221258456,310.65852014264544,305.0237890264438,306.0210876464844,24238007
2024-06-27,305.2731130751422,307.31756306810945,300.38635593367667,303.67742919921875,39996580
2024-06-28,305.17337486411,308.9630974105894,301.9321543794421,305.0736389160156,24256902
2024-07-01,310.1100431826542,311.6558439948121,305.02381372163063,306.8189392089844,39495237
2024-07-02,308.16529241193047,308.16529241193047,302.1815003262619,305.27313232421875,23974162
2024-07-03,306.17068136970266,314.59786702119794,304.9240580742234,313.6504211425781,44919849
2024-07-04,316.54258957550445,317.6396241919237,312.2043343040656,316.49273681640625,35591681
2024-07-05,316.79191618614317,325.9171929223467,313.6504314651734,323.17462158203125,63125211
2024-07-08,327.56275582558345,334.8928766010483,324.72044856818906,333.6961364746094,70983243
2024-07-09,337.0869366348225,338.4332958711314,327.81207155827497,333.89556884765625,52225572
2024-07-10,339.08153106554107,339.5801803759316,323.2743418391345,332.9481506347656,46779965
2024-07-11,334.59368896484375,337.2864074286312,332.1004424002771,334.59368896484375,31919433
2024-07-12,335.98991811009444,336.5883034031726,327.2137019287493,332.2001953125,24517961
2024-07-15,335.09234053897507,335.1421932965473,330.1058473761927,330.5047607421875,22021426
2024-07-16,332.3497779791178,333.49666534948216,323.6234147163502,325.2689514160156,26585927
2024-07-18,325.61800180954504,325.8174737090581,311.4563491279993,312.7029724121094,48043715
2024-07-19,309.0628459287165,316.0439364873167,304.17608862472423,305.4725646972656,43313606
2024-07-22,305.17339046886065,313.84990099938415,296.4968799383371,311.45635986328125,39386992
2024-07-23,316.14366251821997,316.14366251821997,280.34064814971424,300.63568115234375,76513131
2024-07-24,301.68284788080797,305.6720425635294,298.4914799605748,299.2893371582031,24099148
2024-07-25,297.14513598258424,302.58039520012665,292.60740900081373,300.63568115234375,27820556
2024-07-26,302.9793080353076,309.6612209513075,301.1841826966018,309.0628356933594,24512844
2024-07-29,311.9550117067675,324.72045293995683,310.01029756194487,320.48193359375,51391698
2024-07-30,324.32154951549285,325.66787841280114,316.742073306094,317.24072265625,41111245
2024-07-31,319.0358339396379,319.7339551728331,314.59787318190746,315.19622802734375,25709971
2024-08-01,316.84180338673934,316.84180338673934,307.21784675911044,310.3094787597656,28141436
2024-08-02,304.47528042498544,307.8661203474079,300.88502945912325,302.13165283203125,26155604
2024-08-05,289.06702899713383,296.64650506558957,284.2301243035368,289.4659423828125,50390560
2024-08-06,291.21119800165906,301.7825694955963,285.5764668670793,286.4740295410156,39171936
2024-08-07,294.70175274785265,300.18689535398863,289.0171382365286,299.3890686035156,22199473
2024-08-08,300.18690735016764,301.88232730660036,296.34730128540474,297.4443359375,21963656
2024-08-09,301.6828444158994,304.1760910639647,299.83783580930316,301.3836669921875,15551076
2024-08-12,298.19230468977423,302.829737454945,297.44433068135504,300.5858154296875,15361379
2024-08-13,301.184209628716,301.8324477014847,294.60203207298076,295.3500061035156,14746085
2024-08-14,296.1499938964844,297.04998779296875,290.6499938964844,293.70001220703125,16641055
2024-08-16,296.5,303.8999938964844,296.0,303.29998779296875,21353408
2024-08-19,304.79998779296875,305.54998779296875,301.1000061035156,302.1499938964844,12232725
2024-08-20,302.1499938964844,304.5,297.79998779296875,303.1499938964844,14183642
2024-08-21,303.0,306.75,302.54998779296875,305.3999938964844,11862616
2024-08-22,306.3999938964844,306.8999938964844,303.5,304.5,13074829
2024-08-23,305.5,309.20001220703125,304.1000061035156,306.0,21891698
2024-08-26,308.70001220703125,308.8999938964844,305.79998779296875,306.70001220703125,15280637
2024-08-27,306.6000061035156,307.45001220703125,299.6000061035156,300.8999938964844,16873099
2024-08-28,301.04998779296875,304.5,299.5,299.95001220703125,14005947
2024-08-29,299.3500061035156,301.04998779296875,292.1000061035156,296.20001220703125,19185385
2024-08-30,296.79998779296875,302.1499938964844,294.3500061035156,299.29998779296875,28684991
2024-09-02,301.95001220703125,301.95001220703125,295.04998779296875,296.8999938964844,11713172
2024-09-03,300.0,301.3500061035156,296.75,297.1499938964844,13971488
2024-09-04,297.1499938964844,301.8999938964844,295.29998779296875,298.95001220703125,17937646
2024-09-05,299.0,299.5,290.0,290.6000061035156,26342723
2024-09-06,290.3500061035156,290.3500061035156,282.04998779296875,283.6000061035156,30062372
2024-09-09,282.0,284.5,275.75,281.54998779296875,29170063
2024-09-10,282.5,288.3500061035156,282.29998779296875,285.75,19982334
2024-09-11,286.45001220703125,290.45001220703125,284.3500061035156,288.04998779296875,21650737
2024-09-12,290.8999938964844,292.5,289.0,291.70001220703125,16102095
2024-09-13,293.0,294.0,289.6000061035156,289.95001220703125,12330463
2024-09-16,290.8999938964844,292.20001220703125,288.3999938964844,290.3999938964844,9184637
2024-09-17,290.5,290.8500061035156,283.8999938964844,284.29998779296875,15946216
2024-09-18,284.8999938964844,286.0,280.3999938964844,282.8500061035156,10450571
2024-09-19,284.0,284.8500061035156,267.1000061035156,272.70001220703125,44560220
2024-09-20,274.0,279.3999938964844,272.8500061035156,277.3500061035156,38501362
2024-09-23,280.0,286.70001220703125,278.6499938964844,286.29998779296875,19445968
2024-09-24,286.29998779296875,293.3999938964844,284.54998779296875,291.79998779296875,25346532
2024-09-25,294.0,295.0,287.6499938964844,289.8500061035156,19263084
2024-09-26,290.6000061035156,291.8999938964844,289.04998779296875,290.5,18343882
2024-09-27,292.3500061035156,294.8500061035156,289.20001220703125,293.45001220703125,208588855
2024-09-30,293.45001220703125,294.6000061035156,283.6000061035156,285.1000061035156,32695169
2024-10-01,285.1000061035156,286.6000061035156,282.54998779296875,283.95001220703125,13883476
2024-10-03,275.04998779296875,286.29998779296875,275.04998779296875,278.70001220703125,27321529
2024-10-04,278.70001220703125,281.8999938964844,273.54998779296875,277.20001220703125,17451235
2024-10-07,277.3999938964844,278.8999938964844,265.0,267.3500061035156,21704629
2024-10-08,267.0,281.5,265.54998779296875,280.25,29190708
2024-10-09,282.0,286.6000061035156,278.5,282.3999938964844,18984175
2024-10-10,283.95001220703125,289.6000061035156,283.3999938964844,286.8999938964844,19155691
2024-10-11,287.20001220703125,288.6499938964844,284.1499938964844,285.8999938964844,9677338
2024-10-14,286.1000061035156,289.20001220703125,284.6499938964844,285.70001220703125,11386559
2024-10-15,287.1499938964844,289.45001220703125,285.75,288.8500061035156,14701531
2024-10-16,288.1499938964844,291.04998779296875,284.75,285.70001220703125,11835439
2024-10-17,286.04998779296875,287.8999938964844,281.70001220703125,284.54998779296875,11695551
2024-10-18,282.8999938964844,287.79998779296875,277.79998779296875,287.1499938964844,10095514
2024-10-21,286.29998779296875,287.45001220703125,281.1000061035156,282.29998779296875,8393942
2024-10-22,282.0,282.1499938964844,270.6499938964844,271.6499938964844,15240897
2024-10-23,271.0,274.70001220703125,266.29998779296875,268.6499938964844,13503954
2024-10-24,269.0,273.1499938964844,268.3500061035156,271.3500061035156,10700271
2024-10-25,271.0,276.0,257.45001220703125,272.3500061035156,40406841
2024-10-28,276.70001220703125,277.95001220703125,267.3999938964844,270.04998779296875,24479817
2024-10-29,271.20001220703125,284.5,270.8500061035156,283.6499938964844,34271117
2024-10-30,283.45001220703125,294.75,282.04998779296875,288.54998779296875,40787587
2024-10-31,287.95001220703125,288.45001220703125,283.75,284.8999938964844,18720310
2024-11-01,286.6499938964844,290.25,286.0,288.6499938964844,5265231
2024-11-04,289.0,289.0,280.29998779296875,284.1499938964844,15157659
2024-11-05,282.5,287.20001220703125,277.1499938964844,286.3500061035156,18761867
2024-11-06,287.5,304.29998779296875,287.20001220703125,301.8500061035156,52804364
2024-11-07,301.0,302.0,296.1000061035156,300.3500061035156,24357284
2024-11-08,300.3500061035156,304.5,295.75,297.75,22935845
2024-11-11,297.5,303.79998779296875,294.3999938964844,299.75,20155408
2024-11-12,300.0,300.8500061035156,287.29998779296875,290.1499938964844,14292965
2024-11-13,288.0,288.8500061035156,279.45001220703125,281.54998779296875,20001842
2024-11-14,282.0,284.45001220703125,275.5,280.95001220703125,20541591
2024-11-18,283.0,286.70001220703125,277.25,278.04998779296875,12999925
2024-11-19,280.0,285.20001220703125,277.0,279.0,13160982
2024-11-21,278.45001220703125,278.45001220703125,270.25,275.45001220703125,14858108
2024-11-22,276.0,283.5,275.5,280.8500061035156,13268900
2024-11-25,290.0,299.0,287.95001220703125,292.3500061035156,49366681
2024-11-26,294.0,301.0,293.1499938964844,297.8999938964844,27347402
2024-11-27,298.8500061035156,307.95001220703125,297.45001220703125,307.3500061035156,39464505
2024-11-28,308.0,309.5,304.3500061035156,305.75,27772319
2024-11-29,305.70001220703125,310.6000061035156,305.0,308.0,23241947
2024-12-02,307.79998779296875,309.3999938964844,303.29998779296875,306.8999938964844,15549685
2024-12-03,309.0,312.75,307.79998779296875,312.1000061035156,21405136
2024-12-04,316.0,320.8500061035156,311.20001220703125,312.8500061035156,41441172
2024-12-05,314.0,315.3999938964844,310.6000061035156,314.5,17911694
2024-12-06,314.5,315.8500061035156,313.1000061035156,313.75,8359798
2024-12-09,313.6000061035156,317.1000061035156,313.25,314.6000061035156,11830104
2024-12-10,317.54998779296875,318.29998779296875,314.0,314.8500061035156,15811501
2024-12-11,314.8999938964844,316.5,313.0,314.1000061035156,9281006
2024-12-12,313.54998779296875,316.0,312.1000061035156,312.95001220703125,10978047
2024-12-13,313.0,316.3500061035156,308.1499938964844,315.6499938964844,15557064
2024-12-16,315.79998779296875,317.3500061035156,314.0,316.20001220703125,10543307
2024-12-17,315.54998779296875,318.6499938964844,310.0,310.6000061035156,18053073
2024-12-18,310.20001220703125,310.6000061035156,301.6499938964844,303.79998779296875,16598070
2024-12-19,295.0,300.45001220703125,295.0,298.5,13349532
2024-12-20,298.0,302.1000061035156,289.3500061035156,290.8500061035156,14964305
2024-12-23,294.0,295.29998779296875,288.0,294.3500061035156,10201072
2024-12-24,296.25,297.3500061035156,291.5,292.45001220703125,10685518
2024-12-26,293.0,296.0,292.5,295.20001220703125,9172485
2024-12-27,295.8500061035156,296.1499938964844,291.3500061035156,292.04998779296875,9495184
2024-12-30,292.04998779296875,292.5,282.8500061035156,284.8999938964844,25876258
2024-12-31,284.5,294.0,284.25,293.1499938964844,15725947
2025-01-01,293.1499938964844,294.6000061035156,290.25,293.8999938964844,6954271
2025-01-02,294.45001220703125,297.79998779296875,291.3500061035156,296.79998779296875,13361957
2025-01-03,296.5,297.25,291.5,291.95001220703125,8167968
2025-01-06,292.54998779296875,292.54998779296875,280.54998779296875,282.1499938964844,12638091
2025-01-07,282.1499938964844,288.20001220703125,281.04998779296875,287.0,13247733
2025-01-08,287.0,287.0,280.1000061035156,282.1000061035156,10996122
2025-01-09,281.25,284.1000061035156,279.6000061035156,281.25,12715512
2025-01-10,280.0,281.0,270.0,271.0,15317565
2025-01-13,265.0,268.8999938964844,258.29998779296875,259.6000061035156,19429753
2025-01-14,263.0,271.0,261.20001220703125,269.8999938964844,18938129
2025-01-15,272.0,272.20001220703125,266.29998779296875,267.8500061035156,11376064
2025-01-16,273.3999938964844,278.04998779296875,271.3999938964844,276.1499938964844,17234302
2025-01-17,275.45001220703125,283.8999938964844,274.04998779296875,282.1499938964844,12741720
2025-01-20,283.20001220703125,287.79998779296875,280.70001220703125,285.79998779296875,10483849
2025-01-21,285.79998779296875,286.8999938964844,278.25,279.0,13020489
2025-01-22,279.0,279.29998779296875,266.29998779296875,270.3500061035156,21272549
2025-01-23,268.79998779296875,276.95001220703125,267.1000061035156,273.95001220703125,11978782
2025-01-24,273.95001220703125,276.70001220703125,268.79998779296875,270.1499938964844,10164897
2025-01-27,267.0,267.0,261.79998779296875,262.95001220703125,13710372
2025-01-28,263.5,265.70001220703125,252.6999969482422,258.25,29049716
2025-01-29,259.0,268.0,259.0,267.20001220703125,14361301
2025-01-30,268.8500061035156,280.5,267.8999938964844,278.75,46735932
2025-01-31,283.8999938964844,294.20001220703125,281.6000061035156,292.6499938964844,50252116
2025-02-01,295.95001220703125,299.6000061035156,269.29998779296875,281.79998779296875,61832253
2025-02-03,277.8500061035156,277.8500061035156,263.29998779296875,274.1499938964844,41786023
2025-02-04,276.0,286.0,275.8999938964844,284.5,29035155
2025-02-05,285.6499938964844,291.79998779296875,285.0,288.95001220703125,18818511
2025-02-06,288.95001220703125,289.95001220703125,279.0,279.75,16834939
2025-02-07,280.75,282.29998779296875,273.1000061035156,277.04998779296875,26682639
2025-02-10,278.8999938964844,282.20001220703125,272.0,273.45001220703125,21789085
2025-02-11,273.79998779296875,274.0,262.75,265.04998779296875,23839025
2025-02-12,264.95001220703125,265.75,254.0,259.1499938964844,27997028
2025-02-13,259.1499938964844,265.5,258.6000061035156,261.54998779296875,18016813
2025-02-14,262.20001220703125,264.5,248.1999969482422,250.35000610351562,25683310
2025-02-17,248.9499969482422,250.0,242.60000610351562,248.5,24947159
2025-02-18,249.0,249.75,240.5500030517578,244.60000610351562,21180375
2025-02-19,240.6999969482422,254.0,240.25,253.39999389648438,21516255
2025-02-20,252.0,260.95001220703125,250.25,260.25,18922988
2025-02-21,259.5,262.5,254.39999389648438,256.1000061035156,16594628
2025-02-24,251.0,258.45001220703125,250.5,256.3500061035156,15409569
2025-02-25,256.3500061035156,258.54998779296875,255.35000610351562,256.6499938964844,14770656
