Date,Open,High,Low,Close,Volume
2010-01-04,307.60870704371587,308.97383444183885,305.78853717955184,307.19915771484375,635013
2010-01-05,308.10923321733355,311.61306565333314,300.783060847724,301.6931457519531,1664976
2010-01-06,302.14815616399784,317.5285838597978,300.64652178597197,313.88824462890625,3580916
2010-01-07,314.8894024371595,318.89377078626677,309.88393505737804,311.2945556640625,1555841
2010-01-08,313.97925681512265,315.34438401866663,309.6108608732154,310.429931640625,913410
2010-01-11,312.8871916205463,315.0714176979159,310.33896489506606,311.5220642089844,741426
2010-01-12,311.522040399638,313.4332241844723,306.28905238860335,309.1103210449219,1083070
2010-01-13,308.42775683507557,314.61635061415967,306.6986011370911,311.1125183105469,957815
2010-01-14,313.47869178648585,313.9792272712538,309.42880368761246,310.1568603515625,750438
2010-01-15,310.61198317849676,321.2599882321713,308.20026360909196,318.7117614746094,2637077
2010-01-18,318.0746389578797,326.1743881577412,314.0702713755016,316.7550048828125,1472491
2010-01-19,317.52859997960024,319.8948261545215,310.33893518831246,311.6585693359375,717425
2010-01-20,312.1590915124692,316.4365012519573,310.7029502539041,311.7495422363281,713101
2010-01-21,311.74954270096845,316.6640229276485,305.7884982638889,307.15362548828125,764069
2010-01-22,305.60647983091934,306.6985927543154,294.2759401752153,300.60101318359375,1541620
2010-01-25,295.7775999024782,302.7852649172951,291.2271752885939,297.5522766113281,527544
2010-01-27,296.6876127252168,297.46119027630243,282.1262574994393,285.3115539550781,1479710
2010-01-28,287.6777984459308,298.50780154482214,285.9486429551133,289.27044677734375,2473512
2010-01-29,289.49799536808075,294.63996919860574,275.7557086244866,288.6789245605469,2282638
2010-02-01,290.31715678557276,298.4169088966583,288.0419439580996,296.7332458496094,964639
2010-02-02,296.733156153156,300.2369884030456,283.2639113954339,285.53912353515625,1101300
2010-02-03,290.1806254231359,297.59781306875504,287.58687746093756,291.8642883300781,668662
2010-02-04,291.68220188301694,291.8642299671054,282.6723671923618,284.9930725097656,883457
2010-02-05,282.1263682129695,284.85662338922407,277.21191445042973,281.67132568359375,1380008
2010-02-08,283.49140314766055,289.4069540961671,277.07531668986735,288.26934814453125,790303
2010-02-09,288.4968836272811,293.866378430296,286.08516444505057,292.5012512207031,837918
2010-02-10,293.95745551519343,296.3236820740585,283.26395674645187,284.1740417480469,930007
2010-02-11,284.8565463626147,289.1794492227503,283.35491197644245,284.0374755859375,536129
2010-02-15,284.856521809516,289.3614523533165,283.94643707530025,288.2238464355469,722606
2010-02-16,288.4969134190286,294.4124652714692,287.9053637885019,293.50238037109375,770797
2010-02-17,293.9574696178736,296.59671069439935,288.5424524891604,290.1351013183594,906159
2010-02-18,290.3170978858036,295.55008632731887,288.5879420424554,289.4070129394531,565791
2010-02-19,289.406990209953,290.3170750848271,284.94757987778735,287.72332763671875,510660
2010-02-22,288.6333737403547,291.59114918638653,283.1273720964055,284.67449951171875,756896
2010-02-23,284.44705907991164,284.81111530318566,277.894463664836,282.03533935546875,816336
2010-02-24,281.21624485497176,281.67128732237467,274.8911434486367,275.8922424316406,1128945
2010-02-25,277.120847854862,281.9442866424085,274.6636075526256,276.2562561035156,1838444
2010-02-26,277.57588683659014,290.3170750848271,276.0742523477652,287.72332763671875,1066163
2010-03-02,283.03638386526967,291.1816542531415,283.03638386526967,286.9497375488281,699176
2010-03-03,287.5868467186391,292.95634241594655,287.17729737811686,291.72772216796875,1130913
2010-03-04,291.7276441835669,292.9562641031109,286.85871317885517,289.63446044921875,1419352
2010-03-05,292.137294438506,296.2326770708215,290.9996881517517,292.4103088378906,1365247
2010-03-08,292.5922745359758,295.6865574211415,289.45247074489595,292.68328857421875,841443
2010-03-09,293.04733839562465,294.7310010187641,285.76665918082654,286.17620849609375,915288
2010-03-10,286.6767468610423,291.2271714143922,286.2217044057073,287.76885986328125,852963
2010-03-11,288.0418814226657,291.63672801905045,287.6778530040213,289.6800231933594,1038962
2010-03-12,290.36260110060863,292.41029230096154,286.7677821019205,287.58685302734375,462648
2010-03-15,287.67780096832445,292.1372107806647,284.9475466619631,286.1306457519531,370546
2010-03-16,286.22167626782874,291.1361287475992,286.22167626782874,289.2249450683594,372492
2010-03-17,289.862085079918,304.2414175945402,289.862085079918,302.33026123046875,2491427
2010-03-18,303.9682880421887,305.7884574316629,298.0982306517021,299.6453857421875,1336085
2010-03-19,300.3279784058166,304.8784023210563,298.78082316520175,303.5132751464844,1063228
2010-03-22,296.6876412645254,307.8816730616982,296.6876412645254,303.37677001953125,1169177
2010-03-23,303.9683445266813,312.97817912410227,303.9683445266813,311.2490234375,2492255
2010-03-25,311.24899562342216,320.1678153827301,308.5187412758483,317.43756103515625,3023465
2010-03-26,318.5297864141189,322.85269065831056,312.61423323785675,313.7973327636719,1259723
2010-03-29,309.42883706775376,317.0735439582402,305.51548347309534,311.7495422363281,1190836
2010-03-30,313.0692420982124,322.9436699691095,305.97059016007273,307.7452392578125,674617
2010-03-31,308.5187651759218,310.83947044170475,303.96834091079023,307.9272155761719,707879
2010-04-01,308.5187072753906,312.0225388566856,307.2900873996664,308.5187072753906,738013
2010-04-05,309.4288665321027,319.758335719583,309.4288665321027,318.4842224121094,1279262
2010-04-06,319.4397606534441,320.2588314080952,307.6086584070203,307.9726867675781,1274158
2010-04-07,309.4288484863444,310.29344020184334,303.5587901041545,306.0615234375,1274324
2010-04-08,307.51769853658595,308.0637550603915,300.8740895221193,305.06048583984375,1067527
2010-04-09,306.69860351596355,307.6086883928655,302.23919317386117,305.2424621582031,1244003
2010-04-12,305.24246656281514,305.7885230515531,299.50894286503325,303.9683532714844,1961948
2010-04-13,305.3334816674849,306.2435665606816,303.14928347853026,304.6964111328125,1017904
2010-04-15,306.6986375408341,307.51770846619564,298.18933744306935,300.51007080078125,1240752
2010-04-16,300.32801871178316,303.8318511514714,295.27705859742895,300.6920471191406,968600
2010-04-19,299.4179684125207,304.8784784747551,293.1383873956692,303.1493225097656,985314
2010-04-20,304.8784564717579,305.5610201802768,297.96180533738243,299.46343994140625,1580997
2010-04-21,302.1482012113173,306.51659783023837,299.508960430153,304.1958923339844,1815910
2010-04-22,305.33351275836054,309.3834020549043,298.9629178572919,302.10272216796875,1324223
2010-04-23,303.0582930826793,303.87736399575255,299.55446041574436,301.7841796875,637429
2010-04-26,303.0582394777057,306.2435362890329,299.3268862297198,300.1004638671875,477958
2010-04-27,297.59783705461683,306.0161244942352,297.59783705461683,304.92401123046875,913362
2010-04-28,303.7408753121085,308.018286013955,300.69208494152355,306.47113037109375,1131512
2010-04-29,307.60871751510786,309.83843678404645,301.3291368246948,302.7852783203125,1231208
2010-04-30,305.7884626210576,313.97922501269306,304.92387103695245,312.2955627441406,2069080
2010-05-03,313.9792907069386,313.9792907069386,306.28906218743526,307.2901611328125,959786
2010-05-04,307.60869390047657,310.24793453602956,302.23919858533355,304.6964111328125,683342
2010-05-05,301.23811794679347,309.2468543839797,298.50786310135425,305.06048583984375,1222625
2010-05-06,306.6986240864043,317.1646008727356,305.06048230754425,314.5253601074219,2542312
2010-05-07,312.1591475027333,322.03357507029267,309.29238537630357,311.2945556640625,2889590
2010-05-10,313.0691997085619,313.97928459143566,281.94428560484585,290.31707763671875,4312483
2010-05-11,289.4070130154216,295.3225651682526,283.99199647377947,285.6756591796875,2504025
2010-05-12,286.6767324698519,290.31707192978655,285.6756335636527,287.13177490234375,1299609
2010-05-13,291.31818926947454,291.31818926947454,285.8576797340527,286.35821533203125,754474
2010-05-14,286.2216926433973,290.1350464890236,283.99197359445145,284.9930725097656,697682
2010-05-17,283.94640379012895,287.58674230025883,278.5769100424032,286.63116455078125,911844
2010-05-18,287.5867794561791,288.86089254462297,282.12627098549217,283.2183837890625,903395
2010-05-19,281.85323478075475,286.58565842364857,281.21616439922093,284.26495361328125,1832136
2010-05-20,285.7667263760171,292.1373221869474,282.2173999789318,289.0885314941406,1531012
2010-05-21,284.8566228107421,294.8675584366788,283.71901648961295,288.1329345703125,2239427
2010-05-24,290.8632027586521,293.68447211603717,283.9465504619125,285.1751708984375,904502
2010-05-25,285.31158989172746,287.0407454878695,281.8077577944806,284.7655334472656,1332477
2010-05-26,287.586838611024,291.955235176693,285.7666687463973,290.6811218261719,910166
2010-05-27,291.2271416600946,292.04621244129675,286.1761820313612,288.49688720703125,1618806
2010-05-28,290.31706472250914,292.8652911717679,289.1794586695213,291.5456848144531,1028008
2010-05-31,292.1372474024662,296.18713624068886,288.58792191397595,290.31707763671875,1770808
2010-06-01,290.7721409267849,295.777608141487,288.72444979349774,294.8675231933594,2248169
2010-06-02,293.9573700209596,298.4623005780821,293.22931334086684,295.5500183105469,1282374
2010-06-03,296.68761164378947,298.0072455657479,293.04727285061415,294.77642822265625,1018702
2010-06-04,294.77650878033,297.3247632960982,294.77650878033,295.8686218261719,345058
2010-06-07,292.1372260074781,294.4124380480348,289.63449276286576,293.0928039550781,1507894
2010-06-08,294.8675012501801,297.96178428882894,292.13724660897475,294.9129943847656,1425716
2010-06-09,296.6877089322902,297.41576582023407,291.8642695590847,295.2315673828125,605746
2010-06-10,295.23148043339904,306.6985535696513,295.0039592512257,305.2879333496094,1520702
2010-06-11,306.6986638706684,311.4766104146476,304.0139018460433,307.2447204589844,1475551
2010-06-14,308.06370174738475,310.9304632842611,305.5154754420688,309.70184326171875,740459
2010-06-15,309.4743358911395,310.33892759063536,302.7852345974234,307.6086730957031,718333
2010-06-16,309.61089627390993,313.9337995794104,300.828554708076,303.42230224609375,1739491
2010-06-17,303.96832591770914,306.01601673601704,299.64542307905907,304.55987548828125,734646
2010-06-18,305.01491524354935,308.51874727916527,301.4655900773554,307.6996765136719,919252
2010-06-21,308.51880906048945,310.65751432403374,307.3812028323903,309.42889404296875,691196
2010-06-22,309.4288599291731,309.4288599291731,305.2424639165905,306.1070556640625,641050
2010-06-23,306.10703844341407,309.7928708993115,303.5587842526142,308.6097717285156,1027595
2010-06-24,309.4288393180157,311.9770657088479,306.7440779850873,310.6119384765625,1418902
2010-06-25,310.15698084037604,318.9848171314831,310.15698084037604,315.8905334472656,1515760
2010-06-28,316.70954947066804,320.3498891197562,313.3422241858265,317.0735778808594,779746
2010-06-29,317.0735342629717,317.0735342629717,309.4288276062401,309.9748840332031,491114
2010-06-30,307.6087392246353,310.97606493505145,304.2869344297384,308.06378173828125,1223210
2010-07-01,307.6086596916364,309.24680120777964,304.4688560498474,305.1059265136719,417953
2010-07-02,304.4233869674352,308.3367407726794,304.4233869674352,306.5165710449219,348768
2010-07-05,307.6086280154091,312.06803748221813,305.8339517443494,306.9715576171875,711437
2010-07-06,309.4288638302758,311.0670055293543,307.6086940430389,308.4277648925781,623902
2010-07-07,308.97379236246184,309.42883476653026,303.3312554425796,304.55987548828125,718631
2010-07-08,305.7884801518426,310.1113827730368,305.51546583256874,308.92828369140625,634822
2010-07-09,308.9283144692179,309.61087810898766,306.28904617657315,307.9272155761719,375238
2010-07-12,305.7884932829074,308.06370528650046,300.5100125440051,305.6974792480469,395923
2010-07-13,306.24357037106955,307.2446693207593,304.42340056202903,305.42449951171875,378885
2010-07-14,306.69857869065106,310.3389179035965,298.59882949656435,300.1004638671875,779905
2010-07-15,302.1482284201555,304.51445504081465,296.23267575530303,298.14385986328125,771358
2010-07-16,298.50785809160277,301.4201409872975,296.9607025957172,300.87408447265625,997589
2010-07-19,300.8740679886637,302.1481812706298,298.50784173724867,300.3735046386719,369844
2010-07-20,299.4634562199835,301.64768242484723,296.68770809722156,297.2337646484375,309968
2010-07-21,295.7775837920039,299.19040206652704,295.04952700287345,296.05059814453125,735426
2010-07-22,297.5977362570424,301.0560474649687,296.82415860502124,298.5533142089844,888355
2010-07-23,302.1702512518723,302.1702512518723,297.5919141116924,298.09552001953125,659872
2010-07-26,299.4232447751656,301.4377242662184,297.4087652841128,298.04974365234375,565030
2010-07-27,298.9654023719569,300.75096495727183,296.58466157285403,298.2328796386719,501605
2010-07-28,298.5075747682945,304.3678405859983,298.5075747682945,302.5823059082031,1775487
2010-07-29,303.0858867990817,305.64974415031594,298.5075501404853,299.6979064941406,1271940
2010-07-30,300.33890281493103,302.9943326473704,296.0810550558876,298.7822570800781,853518
2010-08-02,299.42325993339455,300.7509889302524,297.5919250102545,298.1871032714844,623879
2010-08-03,298.9653869232672,299.42322059390006,295.85212355175355,298.3702087402344,458255
2010-08-04,297.86655833069693,298.55330879836123,294.8906396374848,296.355712890625,574790
2010-08-05,296.5847147121036,297.5919546088016,293.1051891896447,293.6087951660156,613506
2010-08-06,293.60876204021287,296.17264766472033,293.4714175116033,294.3870849609375,777731
2010-08-09,295.5773653657464,297.5002721030516,291.50266303168695,292.92193603515625,663602
2010-08-10,293.97501837167795,293.97501837167795,290.2665764432801,292.1894836425781,558974
2010-08-11,291.8232433629026,292.96782773764886,286.14609368657904,286.74127197265625,1338432
2010-08-12,286.6039187549724,290.17501630721813,284.3147500748209,286.9244079589844,765067
2010-08-13,288.3437153166458,291.731696539799,286.92444174540856,288.2979431152344,926238
2010-08-16,289.35098828767474,291.1365514499454,276.98947454753676,278.36297607421875,3631450
2010-08-17,279.2785319560856,283.8568685455296,277.76768647035885,278.7291259765625,1738465
2010-08-18,280.1942609894138,281.4304177296287,274.7002558719743,278.4544982910156,1596675
2010-08-19,279.27848177003153,281.4303051691796,277.9507532201047,278.8206481933594,1264601
2010-08-20,279.2785573981316,286.51232427965357,279.04964054780527,284.0400390625,2355601
2010-08-23,283.85693928299844,292.51000877098187,283.85693928299844,290.63287353515625,2925575
2010-08-24,293.9292101102892,293.9292101102892,287.3363942199554,289.9918518066406,1864286
2010-08-25,290.2665398263305,292.9219694599267,279.2785320095608,282.758056640625,3021132
2010-08-26,281.1098389804659,283.85684066431406,279.5989936431386,281.70501708984375,2190530
2010-08-27,282.0254681234369,283.7652300328125,276.6230377968738,277.3555603027344,1097558
2010-08-30,279.2784927322379,280.65199351616695,277.53873066138345,278.9122314453125,867251
2010-08-31,278.36292862479394,280.9267865266507,276.53159356805185,277.6761779785156,1507141
2010-09-01,278.362907571807,280.56050388489905,277.6761569774686,279.64483642578125,1001984
2010-09-02,280.19420772680877,281.79662558145554,277.99661168636885,279.5990295410156,1014271
2010-09-03,280.9302304825147,284.0516718844052,280.01215783387903,281.8941955566406,1021604
2010-09-06,282.81227164581287,285.15337373872666,282.3991557593134,284.5107116699219,1045581
2010-09-07,285.5205991450203,289.56011327221853,283.77626668297495,287.31085205078125,1858323
2010-09-08,290.11098300778957,290.11098300778957,284.2812155622314,285.2452087402344,854618
2010-09-09,285.6124532207707,287.31089350149085,279.59905958009756,281.3893127441406,2242978
2010-09-13,282.76637906598927,284.55663195857596,279.64493762782257,280.51708984375,1411122
2010-09-14,281.57288319944354,288.73383841422236,280.9761135837512,285.0156555175781,1434576
2010-09-15,287.3568103865547,289.1929561398234,281.52704201645435,282.3533020019531,2750483
2010-09-16,282.3532291105453,285.6582962166756,279.5990111916623,280.47119140625,1474508
2010-09-17,280.9301856790655,285.4287353364696,280.6547751353395,283.59259033203125,2181230
2010-09-20,285.5205626361314,290.56996165381213,284.7861158041363,290.0650329589844,2154362
2010-09-21,291.94709963922645,296.90468629378034,289.6519180382891,295.2521667480469,2516779
2010-09-22,295.6194049993281,297.4555503719947,292.2684452976825,293.5537414550781,1178947
2010-09-23,293.78326758510514,295.25218952650175,286.4386858954775,288.41253662109375,1479627
2010-09-24,289.19297052213295,292.4521181893264,288.50441583041356,290.2487487792969,1087899
2010-09-27,294.7013350039959,298.3277333550681,293.00289491529935,294.97674560546875,997138
2010-09-28,294.70136498271336,296.7670287559567,293.737399762143,294.56365966796875,1155589
2010-09-29,294.7012965302833,295.98659253161793,289.5141920857907,291.1208190917969,1489638
2010-09-30,292.8652461737055,297.2260923157904,288.3207742502727,295.9407958984375,1451799
2010-10-01,297.3637550161845,301.72460053314455,295.9407534754875,297.2719421386719,1918195
2010-10-04,298.37362605774274,302.41314031474576,297.5014457900165,301.1737365722656,966340
2010-10-05,302.04588700240294,305.9018031498001,300.0720365054018,302.3672180175781,1259245
2010-10-06,305.7181993340278,306.4067538370324,299.1539853421885,300.1179504394531,1263282
2010-10-07,300.2097490738977,305.6722924123059,299.75071276032907,304.0197448730469,1841608
2010-10-08,304.9837336092138,312.42009936949904,304.9378131680974,309.5740966796875,3123274
2010-10-11,306.6362333587279,313.79718808052434,302.96394313886293,311.6397399902344,1285119
2010-10-12,312.05288094989294,313.52180275955766,307.4625178055363,312.0069885253906,1361105
2010-10-13,312.6037401325453,314.1185544151793,310.3085584869319,311.8692932128906,1334489
2010-10-14,312.14475334468193,314.5317482384365,305.351020198887,307.0035400390625,947779
2010-10-15,307.9215096287296,309.7576546211697,303.2393342945376,304.524658203125,1120792
2010-10-18,299.4294228387991,306.6362995545557,296.9965356464035,299.2917175292969,2096324
2010-10-19,299.7507645712582,309.7118599009109,299.7507645712582,304.7542724609375,2200748
2010-10-20,304.8001280088683,308.47241870777026,304.3410916715055,305.71820068359375,751669
2010-10-21,307.64616730977536,319.71881770880475,307.64616730977536,316.964599609375,3160737
2010-10-22,320.13198888688225,320.13198888688225,313.1087097214861,316.13836669921875,898132
2010-10-25,316.9186967366095,327.0174961016916,316.73507099575716,323.8960266113281,3177781
2010-10-26,325.9158355359735,329.5422342087394,322.3812497442949,326.3289794921875,1779662
2010-10-27,329.037228611528,330.3225247042096,317.74494634513104,321.8303527832031,1484467
2010-10-28,324.07967820361586,328.6241494873514,319.167983426237,321.4631652832031,2497525
2010-10-29,324.07961434498185,326.7879396094795,313.6594851641305,324.0337219238281,1725896
2010-11-01,325.9158131629347,333.0767691184456,325.0436328785141,327.3847351074219,1996703
2010-11-02,328.6700348096156,328.6700348096156,319.81063863679407,322.0140075683594,1831772
2010-11-03,324.814084723978,324.814084723978,317.1482006906498,318.80072021484375,1475000
2010-11-04,322.97798371455565,323.71245872831605,320.453283640553,321.2795715332031,888346
2010-11-08,322.2435099851261,325.8699082702482,319.16796091028715,320.3155517578125,2022753
2010-11-09,321.5090897217488,322.2894291489186,318.1581017550961,321.2795715332031,977010
2010-11-10,320.49916392566826,321.3254236974195,314.026735009351,314.6235046386719,830584
2010-11-11,316.9645824591199,318.0662808462235,303.4230108696282,304.66241455078125,1524864
2010-11-12,302.04589754962313,312.83325103353826,300.20975227576525,302.64263916015625,3881595
2010-11-15,305.16737707470367,316.78099178073563,299.06219887910805,315.6793212890625,2800064
2010-11-16,314.99076240702465,317.19413137752167,305.81003501549003,311.4561767578125,1927773
2010-11-18,313.47590507578354,327.3846995663618,309.7576941808242,324.9518127441406,5092075
2010-11-19,325.9157993460264,326.83387202024056,310.40037675527805,314.7153015136719,2509779
2010-11-22,317.60726500105915,321.32544826691986,310.8135045381026,319.58111572265625,1740652
2010-11-23,316.73502419145166,319.4892417931165,304.8000812509042,317.7908020019531,1500870
2010-11-24,316.7350236804574,319.35153600128774,310.3085159536076,312.7873229980469,992522
2010-11-25,311.685676754041,314.80711828153835,303.92795135395727,306.5444641113281,2388401
2010-11-26,309.2986977987855,316.2301637356078,298.83267425774585,312.2365417480469,1988714
2010-11-29,310.99710171018484,316.6432427503087,308.51829441581185,310.4003601074219,619282
2010-11-30,310.12494707029117,317.5613415489712,307.5543547154327,315.1743469238281,1815025
2010-12-01,316.2760278005405,342.25747257837486,314.9448112516228,335.2342224121094,4470574
2010-12-02,339.2278480605137,340.42133131224233,328.89953062971324,335.0506286621094,3062176
2010-12-03,335.9228207207235,344.6445120300426,334.0866751819195,339.91644287109375,3143948
2010-12-06,344.27728395204286,348.6840219796862,338.0344004099887,339.6869201660156,1919944
2010-12-07,340.6049994917161,343.03788674175684,333.94897187361653,340.92633056640625,1250421
2010-12-08,340.5590631686139,342.44110090767964,336.611333934869,338.4474792480469,1254106
2010-12-09,338.72297707164944,339.6869423226485,317.6531947125308,321.2336730957031,1592776
2010-12-10,321.784454779266,336.8867606541642,309.39047435267514,318.9843444824219,3581551
2010-12-13,319.48931777411957,330.5061908008134,319.03028139800733,326.2830505371094,1878412
2010-12-14,328.670031534264,332.6636534426906,326.4207421785537,329.5881042480469,1116925
2010-12-15,328.21103611180746,330.13899465467733,320.54512239215774,325.4568176269531,951023
2010-12-16,325.9157972394041,329.4044621719264,320.63687939679403,327.4765319824219,743954
2010-12-20,328.3027783601137,337.94254098300166,328.02733976047637,335.7850646972656,2001522
2010-12-21,338.58517265064205,341.29349809939424,333.9489171046527,336.5654296875,1227905
2010-12-22,337.850691267873,337.850691267873,327.7518934310616,332.15863037109375,959250
2010-12-23,331.47011907180604,334.59158849565375,328.6700086962793,330.2307434082031,605999
2010-12-24,329.5881229651103,336.84089221240305,326.00764478149557,333.903076171875,798349
2010-12-27,334.1784378677869,341.431206053205,334.0407325765318,339.7786865234375,1189445
2010-12-28,341.5231043518651,343.5887682894772,336.2900778363037,340.74273681640625,1821832
2010-12-29,338.3556605389412,340.65084214079906,333.90303064521987,336.611328125,823125
2010-12-30,337.2999133911893,341.33942777567813,333.7653277982531,338.8147277832031,1181554
2010-12-31,339.7327530123282,341.4311929187459,337.94252826017345,339.50323486328125,540435
2011-01-03,340.51316423483894,345.65437703996696,337.43761503751944,341.9820861816406,1385467
2011-01-04,344.27723793427094,349.7856737412193,339.73276718659724,348.1790466308594,1826723
2011-01-05,347.76589316223385,348.72988621231707,342.8083066759643,345.5166320800781,1056769
2011-01-06,346.3429358858092,347.1691957357435,331.6537722697112,333.8112487792969,2097557
2011-01-07,333.76531808883874,339.64100576882936,324.3091805081408,327.751953125,901911
2011-01-10,327.7978496607827,328.0732882839963,317.28593394932113,319.58111572265625,794175
2011-01-11,321.3713809642344,325.82403976590706,315.8629440180065,318.24993896484375,1196018
2011-01-12,321.32544763076055,322.9779672973479,310.4003880147858,318.3876037597656,1372041
2011-01-13,319.94838387941934,321.32549313571525,311.5480230194861,316.2760925292969,1042736
2011-01-14,316.2760632252307,326.28305062366064,310.35448276486926,311.6856994628906,1202286
2011-01-17,313.0627932631124,319.58111508995034,309.84953878680477,318.3876037597656,1386575
2011-01-18,319.07618457046027,327.7519835779975,318.93847925646213,325.5486145019531,1447030
2011-01-19,326.6043292339398,330.04710150274445,321.32541175510585,322.7484130859375,1405651
2011-01-20,318.75482358181665,324.26325927953917,315.81698000275685,322.5648193359375,859912
2011-01-21,318.70887813248834,325.9157532083113,316.96454590188586,324.9976806640625,856676
2011-01-24,324.1255532894417,326.83387894267844,319.03026104657516,319.9483337402344,569047
2011-01-25,321.2335803014016,323.0697254051734,313.1545530517461,315.0365905761719,575872
2011-01-27,320.22374094036246,320.8664030260404,305.1673545277331,306.13134765625,1991066
2011-01-28,312.2364809298129,312.9709277653926,298.144061635489,307.6461181640625,2036442
2011-01-31,306.63621438325686,309.1150213352109,299.29163439802915,304.9377746582031,1470117
2011-02-01,305.25915267619683,307.1871108228856,300.4392713181516,302.0458984375,663464
2011-02-02,305.30507362629936,306.63629028507825,296.03256151359955,298.8326721191406,1167093
2011-02-03,297.82278339378365,305.5805090490207,297.455559910945,302.41314697265625,1111962
2011-02-04,302.4131332730643,302.4131332730643,295.61940108756636,297.73095703125,2033304
2011-02-07,287.4485964199263,293.6914801907917,283.22545597852525,288.77978515625,2238367
2011-02-08,292.681543209043,295.9866102801973,288.87154739837837,290.84539794921875,1192460
2011-02-09,291.48803355444863,292.3142932429439,283.5007911918432,286.0714111328125,1820152
2011-02-10,286.4386920836403,289.1929102767523,272.0249389994121,285.2452087402344,2212388
2011-02-11,286.4386620206845,287.815770972707,281.80240642248333,285.6582946777344,780201
2011-02-14,287.3568115234375,292.5439176934715,284.6944057741366,287.3568115234375,504557
2011-02-15,289.19285070221946,291.6716577723215,282.3073066378809,284.46478271484375,974648
2011-02-16,286.346861464628,287.9994090885148,279.96627318968234,280.7466125488281,873172
2011-02-17,280.93024773832957,282.0319461913044,277.44158266616836,280.19580078125,963579
2011-02-18,280.9302594128229,286.39280344168156,280.51711547144964,282.0778503417969,2018104
2011-02-21,282.76641137015946,283.95989475666204,279.231825624561,281.1138916015625,1014326
2011-02-22,280.1039879072762,281.20565834289556,277.2579569182207,280.19580078125,1019667
2011-02-23,280.01222213173264,282.6746278206607,277.2580035533877,278.31378173828125,1016685
2011-02-24,275.4218158479299,280.7925468604357,271.4281939146637,274.22833251953125,2313090
2011-02-25,277.166133157476,281.8483093726753,274.54962044745093,276.9366149902344,1527706
2011-02-28,277.2580324680966,280.0122513336737,273.7234459871333,275.1005554199219,814837
2011-03-01,275.4217566293429,281.2974151672989,275.4217566293429,280.83837890625,1219413
2011-03-03,281.15975645913846,283.91397448159535,278.17602026814353,280.7466125488281,1978911
2011-03-04,285.0156553064528,285.33695830869175,278.35962882965634,279.2317810058594,1862924
2011-03-07,279.0940839078495,281.6187836800422,277.2579386189821,280.2875671386719,1168347
2011-03-08,284.0516603594916,284.0516603594916,280.9302190842483,282.21551513671875,1343011
2011-03-09,282.7664234167703,284.0517197379203,275.5136538741625,276.7989501953125,1853817
2011-03-10,278.17598660360716,278.17598660360716,273.76924950791624,275.3299560546875,910790
2011-03-11,274.2741978037267,276.0185301946563,265.3229896745674,271.0609436035156,1732461
2011-03-14,270.83143467087643,276.8447993862881,267.4345546223,275.51361083984375,860558
2011-03-15,272.2544272475661,276.33986165842765,268.21491327862117,273.2643127441406,1730529
2011-03-16,274.0447241808917,278.5891956380707,271.10688008490723,271.7495422363281,965062
2011-03-17,270.8314952671908,275.42185959375337,269.9134224018783,273.7234191894531,703456
2011-03-18,276.7988930048772,277.12022402311294,266.0115397949027,269.0411682128906,1955596
2011-03-21,270.00521338177924,271.29050968544675,262.6147106053141,264.1754455566406,928949
2011-03-22,264.68033488708585,269.72973448305237,264.5885500355878,267.7099914550781,2032750
2011-03-23,268.9953101627999,280.93025566490365,268.81168440967116,279.0482177734375,1365504
2011-03-24,279.8744224529231,281.3892365568553,277.62513349862786,280.8843078613281,716604
2011-03-25,281.38928434197265,284.5566463840855,279.6449518043353,282.399169921875,1190776
2011-03-28,283.2254082654596,287.12721696927866,277.395641422165,282.8581848144531,2006325
2011-03-29,282.8581578399227,290.1109253707205,281.3892361586261,288.2747802734375,1016484
2011-03-30,287.90757754643727,305.4886625128258,287.58624652785176,300.9901123046875,1611381
2011-03-31,302.0458736182292,302.2753917592765,292.314298834354,295.29803466796875,2717130
2011-04-01,296.4456794724935,299.7048544805526,291.2126817120402,293.64556884765625,1310131
2011-04-04,297.1802161530224,297.1802161530224,289.42248875270604,290.2487487792969,1267899
2011-04-05,292.4062018709213,295.84897504836545,291.2586108117732,294.885009765625,826522
2011-04-06,295.619342087015,299.29163205082887,292.13067782833144,293.7373046875,1374425
2011-04-07,294.24233408370986,296.0325872608974,293.2324483944594,294.1964416503906,641702
2011-04-08,296.766969712322,296.766969712322,291.0749083515794,291.99298095703125,959923
2011-04-11,291.94710375823314,295.5275815027407,291.4880674315693,293.2783203125,973892
2011-04-13,293.0946652685208,298.37358249731955,291.0290020050778,297.6850280761719,1129432
2011-04-15,298.37358336147264,298.37358336147264,293.7832205405269,295.29803466796875,687572
2011-04-18,295.52760902564904,295.52760902564904,287.9076165003093,290.6618347167969,735023
2011-04-19,289.2847093246375,294.6554401479397,287.9076002939115,291.76348876953125,465402
2011-04-20,293.0487985868303,297.27191032691826,290.29458066032754,295.665283203125,708840
2011-04-21,295.84892439063566,296.90470238080076,292.13074120259836,295.1603698730469,702285
2011-04-25,293.78325962666145,297.40965794462005,292.63566876874484,293.5537414550781,494776
2011-04-26,293.7373860891998,295.34401339360346,286.8977329292244,291.6717224121094,670265
2011-04-27,292.40621690883074,293.96695203648176,289.69789066301325,293.18658447265625,582802
2011-04-28,290.1109107012572,293.6913878564421,279.6907821975998,283.59259033203125,1930464
2011-04-29,285.5206639993942,286.9895862022201,280.517155625901,284.1435546875,1790789
2011-05-02,286.89776601438774,289.973315669534,284.64847632189094,289.10113525390625,485952
2011-05-03,286.622290121684,289.19288231308104,283.6844464594986,284.8779296875,671267
2011-05-04,284.32713939833405,287.99943036625643,280.4712226750729,283.86810302734375,826435
2011-05-05,283.68446059765006,283.68446059765006,275.4218064054855,278.77276611328125,901442
2011-05-06,274.50372513224283,286.20915153838365,271.2904708246748,280.51708984375,1998125
2011-05-09,280.28761212234525,282.6746069844351,277.62520662966574,278.1760559082031,1621129
2011-05-10,279.5531051422945,281.48106319502216,277.48744180380464,279.7826232910156,422029
2011-05-11,279.9662138911634,281.9400641190466,278.7268104401,279.5530700683594,492997
2011-05-12,279.094095679862,280.33349940559555,277.25795031354716,278.9563903808594,456815
2011-05-13,278.91046998652706,286.8977135383774,275.51361786864555,282.95001220703125,2078679
2011-05-16,283.9599322989288,284.32718386704437,277.44163722529186,279.36956787109375,1284416
2011-05-17,281.6647143422936,283.5008598804243,278.7727907232094,280.9302673339844,487160
2011-05-18,283.5926590604825,283.5926590604825,278.68096437979483,280.24169921875,795153
2011-05-19,279.7826957864852,282.4910218500988,279.46136469154396,281.66473388671875,339286
2011-05-20,281.89416182666383,290.753584239809,280.4711605984889,289.6518859863281,700623
2011-05-23,290.0191772182718,290.11099009709034,280.10400268771906,284.6943664550781,1264900
2011-05-24,287.17313682473946,288.9633898432605,283.82217698602517,288.22894287109375,851889
2011-05-25,287.35669564148935,289.8355026255283,285.61236347588954,286.3927307128906,473800
2011-05-26,287.08136324756236,297.4096817971529,282.76641006879055,294.1046142578125,3108874
2011-05-27,292.54385228540184,297.45554670012484,291.3044485706804,292.72747802734375,927631
2011-05-30,292.86515129679793,303.8820221919753,292.86515129679793,302.5049133300781,1490087
2011-05-31,307.4625342528339,307.4625342528339,297.82277113401875,299.33758544921875,2143111
2011-06-01,299.3376324611415,301.5869220823983,297.6851125881816,300.4393310546875,644602
2011-06-02,297.45555253799824,306.1772431216741,297.45555253799824,298.5572509765625,1433409
2011-06-03,301.12781947959724,301.8622663689478,296.85878739837233,298.0063781738281,492898
2011-06-06,299.24574134985977,305.2591049931614,297.4554887752911,304.524658203125,1655179
2011-06-07,304.3410962119966,311.226641375164,303.8820598677855,309.94134521484375,2421958
2011-06-08,308.3806362031764,309.9413711108377,302.68860186979435,307.50848388671875,567554
2011-06-09,307.554314422529,310.26263974154864,304.98372240444553,308.10516357421875,390171
2011-06-10,308.4724034632057,309.8036199827114,303.05578055348315,305.2132568359375,662065
2011-06-13,304.8000888502379,313.79718869972015,303.5147928742191,312.0528564453125,1859632
2011-06-14,312.1447406720073,313.0169210072985,306.9117146949748,307.9216003417969,1341901
2011-06-15,307.73800853902594,309.20690258018533,304.80016442199127,305.7641296386719,1120164
2011-06-16,304.8001094040341,307.50843483610146,300.6687826199433,302.59674072265625,1028314
2011-06-17,303.42307576862436,304.9378903618792,297.45560226636695,301.4951171875,572793
2011-06-20,299.88841035745315,302.68854860879776,284.6943199750683,291.5798645019531,1809566
2011-06-21,292.31429389281357,293.0487687421594,287.08129717580937,290.0650329589844,1277281
2011-06-22,291.0290891047049,297.18018831480805,289.65197985026623,296.2621154785156,787196
2011-06-23,294.33410177324436,294.7472176617601,288.2748165854925,290.1109619140625,1474766
2011-06-24,290.6159023674634,302.78036565876295,290.57000993934406,299.9802551269531,1467053
2011-06-27,302.045914725059,306.6362781707286,296.03254981817383,304.157470703125,892242
2011-06-28,304.3411354933472,308.7478737596106,301.6787299567565,304.20343017578125,925087
2011-06-29,303.6984404440109,307.09532066881445,302.36725182850563,304.9837646484375,1522486
2011-06-30,304.43293534823374,308.2888241618482,297.91461309461806,303.927978515625,2509477
2011-07-01,303.60664339842225,304.3410903280187,298.60313613631394,300.1179504394531,357118
2011-07-04,300.71469398281283,305.53457553447276,300.71469398281283,302.9180908203125,569271
2011-07-05,302.96403885777625,305.71825739284697,299.88848922347535,301.0820007324219,490638
2011-07-06,302.9639990449103,303.88207176928876,298.83267178520697,300.6229248046875,375460
2011-07-07,302.41310463869377,308.01335302442646,300.3015488949455,307.3247985839844,624035
2011-07-08,308.6100986692014,310.26264615844906,304.2951742626514,305.3509521484375,488170
2011-07-11,307.5084217981578,307.5084217981578,300.2556260041582,301.3114318847656,543641
2011-07-12,298.5572214197911,301.0819210756501,293.55371453123877,296.17022705078125,1045989
2011-07-13,297.5473551053714,298.373614897,292.314329729467,296.4915771484375,897243
2011-07-14,295.757109470979,303.56072728296976,295.1603678300036,302.1377258300781,703778
2011-07-15,302.04588286240755,302.9639554546945,296.07841101254235,297.5473327636719,1029496
2011-07-18,296.99653155510964,297.5014603554477,288.68798446043326,291.074951171875,3285461
2011-07-19,293.7832826221492,294.2423190012463,290.38640220988776,292.9111022949219,1175581
2011-07-20,293.783300692542,294.6554810734165,289.2388290530107,291.6258239746094,917360
2011-07-21,290.61586612735715,291.76345686078906,286.8976833579785,290.1568298339844,1711669
2011-07-22,293.5536456186367,296.5373808751201,290.3403922655007,295.1143798828125,869331
2011-07-25,296.9965192919807,296.9965192919807,289.1929013198575,290.983154296875,1236691
2011-07-26,291.94711579036414,292.8192960539126,285.52060695221144,286.16326904296875,860383
2011-07-27,286.438639959472,288.68792894814555,282.12368770186004,285.7041931152344,1295582
2011-07-28,285.52060600379843,286.43867869191354,281.98602055108427,282.7663879394531,1830649
2011-07-29,284.0516713055625,284.9697439523273,280.012157263268,281.4810791015625,1110033
2011-08-01,284.60253115920364,285.061567499783,280.5630169655762,281.7565002441406,403072
2011-08-02,282.307335577356,289.19288034753544,280.47119030530814,287.8616638183594,1343721
2011-08-03,285.33698983355805,288.8256829758696,284.602542865364,287.6321716308594,649365
2011-08-04,287.9075876289162,289.6060276289018,280.012157263268,281.4810791015625,835136
2011-08-05,278.1760348607169,286.5305022372327,272.208562165685,283.04180908203125,2018495
2011-08-08,279.00224086940227,283.8680421691388,273.67743131443837,279.2776794433594,1317365
2011-08-09,276.3204562858123,276.3204562858123,268.0031181367411,270.2210693359375,2647287
2011-08-10,274.4721940730122,277.61429435787045,271.0990565877557,276.1356506347656,1854213
2011-08-11,275.3962842070232,280.34048488283895,269.4817387773607,271.6072692871094,1110907
2011-08-12,275.85836057695514,275.85836057695514,269.5279369466102,270.7755432128906,1230527
2011-08-16,274.3334560283418,274.3334560283418,259.77811884253197,263.70574951171875,917021
2011-08-17,267.03276239013974,269.29690964987816,259.8243860337939,267.6334533691406,1048823
2011-08-18,269.3893598345336,269.3893598345336,261.44167496729807,262.9203186035156,792200
2011-08-19,256.4973841256557,265.7850927203073,253.67874270998675,263.4284973144531,1531095
2011-08-22,264.3064880371094,269.8051832476631,257.6064109802246,268.0030822753906,1106711
2011-08-23,269.38937227009893,270.2673249016635,259.4085766197642,260.7947998046875,1635742
2011-08-24,261.5339962562208,265.7850845214344,258.80774720495043,259.6856994628906,1502948
2011-08-25,261.996153433023,263.38237646706017,256.91333564155343,258.6230163574219,1543896
2011-08-26,259.6857647394281,262.27336961942154,253.49395764424514,256.17401123046875,815774
2011-08-29,258.7616292909261,261.16442148918344,253.40157825101156,257.9299011230469,934052
2011-08-30,256.35877101666307,261.0257375494256,256.35877101666307,259.4084777832031,1206185
2011-09-02,267.1713185705191,267.9106260384382,256.49738720976524,258.57672119140625,1878819
2011-09-05,258.530551764483,262.5967996637447,252.33874532047028,253.67877197265625,1578501
2011-09-06,253.67875668031527,255.9891278704821,252.15391733535986,255.11117553710938,791743
2011-09-07,256.9133369674548,262.8741073256894,255.24988059913724,261.99615478515625,1282518
2011-09-08,263.3824066109764,270.72940081334315,261.11823078180385,269.3893737792969,1226712
2011-09-09,271.23758478358644,271.6996590336437,264.3064710327282,265.5540771484375,1635398
2011-09-12,264.72241671353476,270.59073862502555,260.51752304298304,269.29693603515625,1787978
2011-09-13,271.42244526147095,276.8749161632519,264.3989105155336,265.32305908203125,1919198
2011-09-14,267.91072856562414,268.69626067763727,259.68580997563566,260.7947998046875,1619641
2011-09-15,262.92030324192206,263.38237758856866,259.9630161422717,262.5044250488281,603352
2011-09-16,262.45824856528526,266.0162269416739,260.1940728159156,261.2568664550781,706838
2011-09-19,261.99617514855373,261.99617514855373,253.81745292928585,256.2202453613281,1715520
2011-09-20,257.51396593703237,261.5340174285201,256.03532274211153,260.9795227050781,928700
2011-09-21,260.9333894274656,264.2141060105063,259.6857830498374,261.99615478515625,680118
2011-09-22,259.68573366125673,262.64302020114246,255.38844869140297,256.6822509765625,876968
2011-09-23,256.6823278229673,264.58378873946475,255.98921622668567,262.31964111328125,1396370
2011-09-26,264.76860056676867,266.8479351261936,259.45474558157173,265.1844787597656,1029803
2011-09-27,267.07893958331044,268.00308816318346,263.0126914724243,264.1678771972656,698612
2011-09-28,267.4485893360593,267.4485893360593,261.44162365759354,265.8313293457031,990180
2011-09-29,265.83132569841985,268.0030804390848,262.45818911965546,266.4782409667969,1105889
2011-09-30,266.57064577338053,266.8940751857576,255.98913418047857,260.0091857910156,1002433
2011-10-03,258.80785114047484,265.4617335497271,255.20367658662246,262.7817077636719,836310
2011-10-04,263.15133929472063,265.2306738457764,257.5140266490802,258.6230163574219,773286
2011-10-05,260.6099338925093,262.13477360983495,257.00575959625405,259.82440185546875,1009809
2011-10-07,263.3823719725541,267.8644986800113,261.6726912858606,263.47479248046875,1048259
2011-10-10,263.3823393131444,266.7554759129155,259.50090408426144,261.1181640625,1340422
2011-10-11,263.84447970437026,265.1382823705952,258.34578311943574,259.45477294921875,1364283
2011-10-12,261.6726777042223,265.1844594032514,260.1478381125021,264.583740234375,756934
2011-10-13,265.8775709396622,268.1879425043002,263.8444326816695,265.92376708984375,661663
2011-10-14,266.15479279891304,269.1582757037619,261.58024601657104,265.6927185058594,2068403
2011-10-17,267.07899061579167,268.83486761250174,262.55066734971354,267.81829833984375,1533751
2011-10-18,264.8147584637627,267.0789337158203,263.38233947753906,264.3064880371094,1961097
2011-10-19,266.15478317360635,269.3431069614838,264.3064860682341,266.98651123046875,2735464
2011-10-20,266.15473554002483,268.00303231460833,263.93678505107874,266.89404296875,865538
2011-10-21,267.03276630154045,267.63345728934,264.49135748926784,265.13824462890625,1327476
2011-10-24,266.52447136723106,268.7424225395,265.969976523469,267.17138671875,463472
2011-10-25,270.17486022456035,272.2541946620976,265.415500374753,266.61688232421875,2941452
2011-10-28,276.2280544515891,277.24462371242436,271.74592739434866,275.02667236328125,1146804
2011-10-31,276.50531238289625,276.50531238289625,269.89762637522426,272.9935302734375,739899
2011-11-01,270.17485246660067,273.3169521080994,265.5078850524713,267.0789489746094,2449813
2011-11-02,267.03277377728864,268.0031186153011,264.6299815560438,267.864501953125,2896907
2011-11-03,268.1416607272801,270.17479854986476,265.7850935171327,268.973388671875,927129
2011-11-04,270.2210806669093,272.4852563168769,269.38935245768187,271.7921447753906,523145
2011-11-08,271.23763101760966,271.65350919465965,267.07896205822556,268.8348388671875,297449
2011-11-09,270.6369113107212,270.6369113107212,265.27683274354786,266.15478515625,391721
2011-11-11,264.8147869576976,267.26380346629253,262.4582191583382,265.13824462890625,1307991
2011-11-14,267.4948598377665,268.9272790809686,263.84446109146575,266.24725341796875,973134
2011-11-15,272.623845322178,285.1922723064001,271.1452018764852,283.57501220703125,7112668
2011-11-16,284.63774877969,289.67436957654456,281.865303174693,286.9481201171875,2683485
2011-11-17,286.9480780405593,296.37440299643004,286.0239296410728,287.2253112792969,2492271
2011-11-18,287.41018888738506,294.2951066225496,286.4860403700623,290.2750549316406,2029913
2011-11-21,292.95516371226273,293.6020791403745,283.9909092513107,286.0240478515625,1727095
2011-11-22,286.62469642039736,294.0641099294921,286.62469642039736,292.6778869628906,1228521
2011-11-23,291.52268606938964,294.8034023061054,288.3805582788271,289.9054260253906,1696679
2011-11-24,289.9978221019447,295.0344433000016,284.63777145309473,290.5985412597656,1138590
2011-11-25,290.6447351960037,298.4999983094092,289.4895494440323,291.93853759765625,1552974
2011-11-28,293.0475305676315,300.34829896341756,293.0475305676315,300.02484130859375,1332447
2011-11-29,301.68838079166073,304.5070232921595,300.4407742969482,302.0118103027344,1301001
2011-11-30,300.348289257347,304.414537379045,299.4241406750167,303.16693115234375,1272622
2011-12-01,307.04837228171306,308.71182848023227,301.3186396818765,304.8766174316406,1424873
2011-12-02,304.9228133009494,307.4179973656571,303.12071241857063,305.8931579589844,1140724
2011-12-05,305.8932075634665,307.2794305584671,303.6290320571872,304.3221435546875,659712
2011-12-07,305.43109101496,305.43109101496,298.0379027301803,300.39447021484375,1497033
2011-12-08,298.5461621167477,305.2924630990974,296.9751265859238,303.35174560546875,1255901
2011-12-09,300.34828368256507,304.04487794327355,299.33171462031504,300.948974609375,968288
2011-12-12,300.9490093065079,301.8731579782323,296.2358454401574,299.2855529785156,741997
2011-12-13,298.36141301850057,304.830453909458,297.2062271451153,304.044921875,1003840
2011-12-14,303.9987105294566,308.2035756173373,299.79381723879726,301.7807312011719,1375455
2011-12-15,299.14696014404683,305.6621975175023,297.11382162321087,304.4608154296875,1809587
2011-12-16,304.96903620578837,314.21052215141833,300.71794703024324,306.54010009765625,1888200
2011-12-19,306.5400693176959,311.3456246052272,301.3648320672379,307.5566101074219,2012608
2011-12-20,307.55667165107803,309.4511933804712,301.9193872244606,303.8600769042969,847263
2011-12-21,305.1538789572241,310.32908855425813,300.90278975728006,308.06494140625,1694875
2011-12-22,307.2332225945244,311.807741380487,304.9690471752936,307.7876892089844,842722
2011-12-23,310.46776065407533,310.46776065407533,303.21318786787936,305.5235595703125,726169
2011-12-26,304.0449370541837,306.7711871325907,301.8731818632404,303.6290588378906,440101
2011-12-27,303.12077243530945,303.5366506298236,294.8958546774684,295.6351623535156,1190651
2011-12-28,293.2785792668742,299.7938159582397,291.1068243021595,297.8993225097656,1122107
2011-12-29,297.57580577510845,300.25583068346015,295.5426678706911,297.0675354003906,1235842
2011-12-30,297.8531135844375,300.8565968478971,293.87928547081833,295.6351623535156,1210890
2012-01-02,296.5592709420393,299.5627537992952,292.4930228681557,296.420654296875,550952
2012-01-03,298.22280416563615,304.3683875324617,297.7607298041789,303.0745849609375,819196
2012-01-04,303.12071816525946,306.95592892831974,300.6717301986866,305.7545471191406,1239328
2012-01-05,305.7545415046305,312.5470387232448,305.7545415046305,309.5897521972656,1446292
2012-01-06,310.05182677161093,313.2401504293588,307.094540242605,312.778076171875,764727
2012-01-09,310.0056919205175,320.21752374885676,307.9725535044921,318.5078430175781,2368862
2012-01-10,318.83130997723623,322.71274590154974,317.4450868903787,319.57061767578125,1198771
2012-01-11,320.633384949087,321.28027208151286,314.21054055948025,314.71881103515625,1091338
2012-01-12,314.2105180704212,318.8312609832215,312.2698004064897,313.24017333984375,794478
2012-01-13,314.81125492204194,316.38231902263584,309.12774595094396,312.8243408203125,761454
2012-01-16,310.09805344828095,311.6691173595214,306.447683376411,307.23321533203125,594867
2012-01-17,307.27947463216077,314.67266499925034,306.3553258362746,312.6395263671875,786285
2012-01-18,312.3622499020619,316.9829932438084,305.9394053759226,307.18701171875,969633
2012-01-19,309.5897674560547,310.46771986875683,303.76764281187207,306.81732177734375,1101256
2012-01-20,308.2035503455121,314.6725903827492,306.35525319201577,312.2236022949219,933672
2012-01-23,314.9035930574451,317.8146551150004,312.2697642614577,315.7353210449219,1177690
2012-01-24,316.1049524834747,320.17122805128787,315.36564503629296,318.4615478515625,1602434
2012-01-25,318.831272111426,319.7554207262417,314.8574443488294,316.3360595703125,756243
2012-01-27,320.1251317128368,321.9734292726139,315.4581916555127,319.339599609375,1135637
2012-01-30,317.0753765928984,321.60369889657665,313.93327712929164,315.550537109375,1011443
2012-01-31,318.738843824531,326.03961206270617,313.88706371524796,323.68304443359375,1068217
2012-02-01,323.6830541363543,327.7955267762285,321.0492249289505,322.3892517089844,1192931
2012-02-02,322.57407286204136,323.54444585977296,312.4546621333216,314.53399658203125,1340236
2012-02-03,315.1346681550415,321.41886726529236,314.4877528630554,318.9698791503906,1054585
2012-02-06,324.09890172477947,328.1189252801242,321.60368940518094,326.0858154296875,1529667
2012-02-07,332.6473047062228,332.6473047062228,324.46858383629586,326.9175720214844,1164332
2012-02-08,327.5644797363746,329.27413206946204,321.69613053624545,325.5313415527344,1007241
2012-02-09,323.68300826425383,328.8582454430807,323.68300826425383,325.669921875,1110970
2012-02-10,325.6699659700257,326.91757223962287,320.30991528932805,323.2209777832031,1348441
2012-02-13,326.5016611106877,326.5016611106877,313.3787690372675,316.1512145996094,1501856
2012-02-14,311.02227055004005,311.02227055004005,295.8200395557319,296.83660888671875,5296934
2012-02-15,300.81033070838066,302.10413294184053,292.86264812745094,294.2488708496094,3535742
2012-02-16,293.87928103719406,304.04491654477,292.2158246897935,300.4869384765625,2001270
2012-02-17,303.0282953797138,303.44417349662467,295.08061243274136,297.34478759765625,1768936
2012-02-21,299.1468925070228,301.1800023653917,296.6516801776892,297.5296325683594,764907
2012-02-22,298.50000225452084,300.0248418267206,292.3544196133656,293.9716796875,1137084
2012-02-23,292.9550970551939,297.5758399109541,289.3509232682562,291.384033203125,2104238
2012-02-24,292.0771236053244,294.94198961021385,289.35090243834793,290.0902099609375,1081680
2012-02-27,293.7868676930459,295.7275856141951,287.68748059919704,289.7668151855469,1423323
2012-02-28,291.10681524800407,297.853088891688,290.32128328058883,294.9882507324219,1173064
2012-02-29,296.6517264215491,301.2262736708437,292.03098301934426,292.908935546875,1252248
2012-03-01,294.71097957417885,295.7275486632642,287.7336690040157,291.24542236328125,1201944
2012-03-02,294.7109468715788,294.7109468715788,290.1826249257132,291.56884765625,1129556
2012-03-05,288.70402704722767,291.0606229809107,286.4860759705916,289.3047180175781,482920
2012-03-06,291.06062961494837,291.06062961494837,281.403264907615,283.1129455566406,1648717
2012-03-07,283.1129319928496,287.0405635808935,280.57152331823295,285.5619201660156,1856834
2012-03-09,287.41021729151544,287.8722915958426,283.71362285689787,284.2218933105469,1291983
2012-03-12,287.4102883078835,287.5027088321407,277.79914604361085,279.5550231933594,3205351
2012-03-13,282.09640439361925,285.8854198884388,280.1094902325497,284.4529724121094,884064
2012-03-14,286.4398631253385,289.2585050080443,285.5619106948425,286.3474426269531,4585070
2012-03-15,287.77991353445776,287.77991353445776,283.25159032479706,284.4529724121094,407449
2012-03-16,284.7301186727308,286.9480691220087,277.47554832168476,279.27764892578125,720011
2012-03-19,281.2646333124385,281.6342871135415,277.2445812438473,278.4921875,510642
2012-03-20,278.6307738412141,283.2515163593105,278.1686995894044,282.1887512207031,740948
2012-03-21,282.78949741990016,285.46952296404265,279.6473975335683,283.6674499511719,741547
2012-03-22,283.29775510927755,283.29775510927755,275.396295496121,276.87493896484375,1025331
2012-03-23,275.39628978404863,279.87841624827075,274.5645616635114,278.35357666015625,1408089
2012-03-26,278.35357332662085,278.35357332662085,264.58373644010237,267.0789489746094,4507034
2012-03-27,271.60730850541654,280.017067663252,268.92728280530145,277.19842529296875,9810527
2012-03-28,277.2445527978966,280.01699832587553,275.4886762707314,277.6604309082031,1815715
2012-03-29,277.1521741354631,278.81565862497564,272.62385139688416,276.5514831542969,1258331
2012-03-30,278.35358951458704,282.74329567862753,277.70667416719573,281.957763671875,695442
2012-04-02,281.8653501051852,286.43989739620093,280.98739756964727,285.7005615234375,444510
2012-04-03,287.41021709552575,289.9978219168826,286.48606848750154,287.9184875488281,1018547
2012-04-04,284.6377274353382,287.87224706528525,281.86528203824076,282.4659729003906,475752
2012-04-09,280.0169931618421,288.3343295923919,279.277685649125,287.04052734375,782999
2012-04-10,289.25851450242413,290.1364669617373,284.45293045641665,287.41021728515625,865847
2012-04-11,287.31777571228434,289.9516046942855,285.7467401144904,286.6246643066406,1154930
2012-04-12,287.68739740828573,292.0309063470886,286.71705282969697,288.2881164550781,1661288
2012-04-13,290.8296010404986,291.9385625354539,288.334388321985,290.2288818359375,1367848
2012-04-16,288.38056213483196,293.5096038360481,287.87229168103255,288.750244140625,433148
2012-04-17,292.0309830440617,292.58547789292913,289.350957511112,290.2288818359375,1106571
2012-04-18,290.41367737142326,295.49649431825804,289.25849170168806,290.1364440917969,878193
2012-04-19,291.06056614566654,297.2985681946767,290.4598470898401,295.54266357421875,973969
2012-04-20,296.559303339463,298.5000211921037,294.15651115061155,297.437255859375,1324004
2012-04-23,299.37794090581104,300.30208947696303,290.64472562731385,291.384033203125,745472
2012-04-24,294.52619409856334,294.52619409856334,288.9350776913432,290.0440673828125,571537
2012-04-25,291.93857267448055,293.9717111233455,288.0109406458674,288.42681884765625,887751
2012-04-26,290.9219239695979,291.47641868623384,281.8652803413775,285.14599609375,1778499
2012-04-27,284.73020695929256,288.3343810822651,283.3439839733201,286.9943542480469,1100954
2012-04-30,287.317781529855,290.8295629778877,287.317781529855,288.3343505859375,2006375
2012-05-02,288.5653650950281,294.7109468936469,286.80948861010467,293.9254150390625,1568155
2012-05-03,295.72757164521596,298.40759712269494,291.79993983430296,293.5558166503906,1289672
2012-05-04,294.942066898978,304.59943258409544,294.942066898978,301.2724914550781,4511925
2012-05-07,304.9690398669245,306.1704217731682,301.2724454442951,302.7048645019531,3128065
2012-05-08,303.0282916476062,304.41451441653646,297.20616729920874,300.3482666015625,2100908
2012-05-09,299.4241313051666,301.78069883525444,293.00128757784984,298.4075622558594,1228030
2012-05-10,302.15041905168755,306.03182654548544,296.28206935441614,301.6421203613281,2621395
2012-05-11,303.9524850254577,306.0780438398942,292.03097309352455,294.71099853515625,1542531
2012-05-14,294.52619318245405,298.17656351685895,289.1199178082212,296.09722900390625,1039803
2012-05-15,294.8034242273203,302.70488403443306,294.61858321315077,300.1172790527344,1133689
2012-05-16,297.5758016649435,300.8565173897679,295.77370090170206,297.3909606933594,871437
2012-05-17,298.49998474121094,300.53312285337597,287.87227630615234,290.1826477050781,2394051
2012-05-18,288.9812338884842,294.43370414618204,285.56187331525075,292.3543701171875,936240
2012-05-21,291.1068118122801,294.2489114420794,288.3343659854965,288.750244140625,662807
2012-05-22,291.9847639863565,292.49303443965886,287.17917994351967,287.9184875488281,859193
2012-05-23,288.657862205877,290.3675430013743,284.31435188248184,286.4399108886719,871363
2012-05-24,286.85570908035015,288.3343524256523,284.68395431094785,286.16259765625,668709
2012-05-25,286.4860571267773,287.1329724078515,283.80603191034015,285.8391418457031,505242
2012-05-28,286.4860985637515,291.661336952556,285.97782805708925,289.7668151855469,534748
2012-05-29,291.3840487666273,292.12338458470435,284.7301956206006,286.7633056640625,1474569
2012-05-30,286.85575733977686,287.7337099057839,281.86535988724734,283.0667419433594,758573
2012-05-31,282.7895024649912,287.8261241658229,280.756364041974,286.3936767578125,2356059
2012-06-01,287.13293784525996,287.6874043591231,283.34392351814915,285.14599609375,1007264
2012-06-04,284.36050194885235,284.36050194885235,280.06318890367913,281.4956359863281,397437
2012-06-05,281.8653294499407,286.67091356101804,281.5418717919836,286.2550354003906,832799
2012-06-06,287.6874755639509,288.2419704178285,284.17572182735887,285.7005615234375,938541
2012-06-07,288.1033443351845,288.5654186645111,283.71363820658104,284.6377868652344,579491
2012-06-08,279.4162817539573,286.4860115599634,278.2148718805912,285.7467041015625,920120
2012-06-11,286.3936288858491,287.50261842262785,278.2149086097384,278.90802001953125,1222161
2012-06-12,277.75287237910345,282.00396191530723,277.24460189008335,281.12603759765625,1042642
2012-06-13,282.7895169678741,283.4826285290698,279.6474168643429,280.24810791015625,2002747
2012-06-14,280.7563380422128,284.8688106613383,280.1094509331804,283.3901672363281,956446
2012-06-15,282.3735661417207,287.1791496781036,280.9411472313548,285.0536193847656,1910992
2012-06-18,286.48606120857204,288.75023652181494,281.4032439935812,282.327392578125,767775
2012-06-19,283.8985018745703,286.6247237134833,283.3440069945737,286.4399108886719,1410524
2012-06-20,286.4861417379814,287.17925337121846,284.03715294110077,285.2847595214844,891021
2012-06-21,285.931497773477,287.41014079432335,284.7763123201236,286.4859924316406,530095
2012-06-22,285.56192369195094,292.8626921522576,285.14604553167686,289.9516296386719,825032
2012-06-25,291.8461156321545,292.03095663265304,281.86532206632654,283.0205078125,744627
2012-06-26,283.020526712591,287.87230717052114,282.55845238326435,284.6377868652344,1211155
2012-06-27,285.56188978450206,286.94811255044624,282.5584071249564,285.0536193847656,737342
2012-06-28,286.43988803072,286.5322803343622,283.020526712591,284.6377868652344,1037836
2012-06-29,286.02400886557126,293.7868519308986,285.70055119560374,292.53924560546875,2159352
2012-07-02,292.2619515325348,295.54266729629677,289.9053842321168,291.52264404296875,1064183
2012-07-03,291.66132921240995,295.2655034258789,289.53577032554807,290.2288818359375,849875
2012-07-04,293.87922276432806,294.6647546292529,291.38401053521943,292.261962890625,437634
2012-07-05,290.92199984461166,300.34832787757375,290.552346004703,299.8400573730469,1301985
2012-07-06,300.44071551349936,304.69180471423795,297.945503012281,303.0283203125,1255086
2012-07-09,302.05793933647664,303.2593210913308,297.39097254433847,298.4537658691406,482683
2012-07-10,296.6978743372527,304.2759035659427,296.651678191853,302.56622314453125,1516731
2012-07-11,303.12076620859466,303.12076620859466,298.9620971600011,300.3021240234375,919965
2012-07-12,299.4241486068112,302.8897058823529,299.4241486068112,301.6883239746094,894092
2012-07-13,302.1041490837952,307.2331903514992,301.7344953120231,303.90625,1489295
2012-07-16,303.16693136362625,310.1904662347867,303.16693136362625,307.6952819824219,1041425
2012-07-17,308.665632250396,311.9001523488283,304.7380007022997,306.72491455078125,1042014
2012-07-18,308.7580528318882,309.3587437811992,303.1669368814654,304.8766174316406,710533
2012-07-19,306.170436745033,309.5897980342843,306.170436745033,307.32562255859375,606579
2012-07-20,306.9097441358779,307.51043506268775,300.1172465412708,300.948974609375,468739
2012-07-23,299.5628028921937,304.4145836874951,299.5628028921937,303.0745849609375,801928
2012-07-24,304.41457413968936,305.0614895065517,299.79383067004386,301.1800537109375,681402
2012-07-25,302.28899369103743,304.69178554049273,299.4241275706398,303.25933837890625,1222772
2012-07-26,304.9690497174749,307.0021879967026,300.44072704404374,302.7510986328125,1712900
2012-07-27,304.04489916207046,305.4311221065784,300.3483046433827,301.7345275878906,514074
2012-07-30,304.044855298677,310.3290537927377,304.044855298677,307.88006591796875,1135243
2012-07-31,310.5139558432464,316.38230558976835,309.68222767350784,312.916748046875,2641073
2012-08-01,334.6703377416578,338.01704679314565,325.46690912783345,329.0924987792969,6571518
2012-08-02,329.09246813222717,329.09246813222717,323.93297892066835,324.5837097167969,1868257
2012-08-03,324.35130506857917,328.8600635575019,320.72571569565554,325.28094482421875,1776920
2012-08-06,329.6966618230133,329.6966618230133,325.4203142048113,326.7218322753906,755121
2012-08-07,327.4656439091859,329.0460430348892,325.559893525565,327.0008239746094,837285
2012-08-08,327.2796458056995,329.9756236383146,325.46686540865227,326.3500061035156,1206082
2012-08-09,327.46561765078735,329.04601664976354,324.862637574026,327.1867370605469,1178923
2012-08-10,324.81610424048387,330.90526127397254,322.2595950754437,325.3274230957031,1006539
2012-08-13,322.2596156183901,328.1163631011318,322.2596156183901,325.28094482421875,740797
2012-08-14,323.0962489518698,328.06982675255495,323.0962489518698,324.9090576171875,786725
2012-08-16,327.0008129162735,335.08869085253707,325.7457934612869,330.9517822265625,2587741
2012-08-17,331.88136645492796,333.3687956201128,327.32613768746006,329.9756164550781,1742431
2012-08-21,331.3700407559094,339.6902980027409,330.9981622263773,334.623779296875,2452224
2012-08-22,335.8787667713578,338.3888049695459,333.74060709908514,334.9491271972656,1371314
2012-08-23,338.24946259781063,342.0144926143544,336.0648032923781,338.48187255859375,1848883
2012-08-24,338.38881667454194,342.0609044673642,335.7858371251852,340.85235595703125,1811574
2012-08-27,341.82856631861966,345.77953547451995,339.17908721059194,342.24688720703125,998529
2012-08-28,343.96665862269504,345.59352795401855,336.9943614884512,341.8749694824219,1314100
2012-08-29,343.92021228113157,346.616161689385,340.0157142620393,340.6664733886719,1687287
2012-08-30,342.7581780834717,348.5219273584095,339.87628926082635,346.1048583984375,2867423
2012-08-31,345.8259824438609,356.1449892069822,345.77951180511457,349.962890625,3405168
2012-09-03,350.70657347701973,359.3522112563443,350.70657347701973,357.725341796875,2102747
2012-09-04,357.8183088668103,357.8183088668103,351.4967703607603,353.0306701660156,1149112
2012-09-05,349.63751489734693,355.21535338535455,346.0583961934713,347.31341552734375,939283
2012-09-06,347.49925881787635,352.0080163921739,345.40756979199745,348.6148376464844,1184777
2012-09-07,351.40381888325027,355.959047898407,349.2656588466522,354.47161865234375,2121094
2012-09-10,367.16121033386787,367.57953117605354,358.143693908726,359.9100036621094,2883138
2012-09-11,360.6073047021247,364.3723632479887,359.81710512802795,362.1412048339844,1344010
2012-09-12,364.4187754755435,364.4187754755435,351.26437892262703,352.79827880859375,2700739
2012-09-13,352.7982449172669,353.12362446675473,340.57348927206937,343.5948181152344,4000689
2012-09-14,348.614906411931,348.614906411931,340.9453784708685,343.3159484863281,2461131
2012-09-17,343.03707650361184,344.8963560510569,332.16027980291653,343.6878356933594,3307433
2012-09-18,343.687849011862,347.6388182032897,338.2959210931121,339.08612060546875,1185503
2012-09-20,337.45920702832774,338.6677272756053,331.6954296097307,335.5069580078125,2283728
2012-09-21,335.78587342287346,341.1313017366324,333.0898955770436,335.8788146972656,3633903
2012-09-24,334.7633356292453,338.3889255864571,327.6980666736982,330.5799560546875,3217311
2012-09-25,330.02208068679516,339.8762667982739,330.02208068679516,337.4591979980469,3822261
2012-09-26,337.45923384496956,348.33603041621353,337.45923384496956,347.1739807128906,2759519
2012-09-27,348.6149070374379,349.49807615007427,343.31594910232735,345.314697265625,1693677
2012-09-28,343.5948616035655,355.2153586249905,339.4114826758525,353.3560791015625,3138518
2012-10-01,355.1223672749107,359.956505088574,351.58974774440065,352.240478515625,1100715
2012-10-03,352.7982969821354,358.32966502867964,352.37994773243366,354.2392272949219,2073432
2012-10-04,353.17010114621064,355.35476002119594,338.29586658678846,340.2945861816406,4661063
2012-10-05,343.2229740055164,344.71037476603897,297.76357191068286,338.6212463378906,4565990
2012-10-08,338.3888220272793,344.89629937395773,337.4591824063252,341.5495910644531,1298736
2012-10-09,343.78081333874826,348.15013208556184,341.7820932878959,345.7330627441406,1134986
2012-10-10,345.8259522556504,350.0093307103558,339.3184746594419,341.4566345214844,1757299
2012-10-11,343.2694674616965,344.3385474682785,332.20676044031904,334.9027099609375,2736262
2012-10-12,336.43665355555976,340.3411522448586,335.832393331595,338.48187255859375,1106140
2012-10-15,336.52960555854884,344.05969356694095,335.4140264571741,343.73431396484375,1284811
2012-10-16,344.47795274617755,344.8498312935916,336.15769509926287,337.5521545410156,1018357
2012-10-17,339.4114251278204,340.57347463293456,333.3687677012266,336.3435974121094,735921
2012-10-18,336.99443149861276,340.15520118204586,335.9253513899986,337.41278076171875,1166800
2012-10-19,337.4592072789394,338.8536668131499,331.7883994990797,333.8336181640625,1235703
2012-10-22,332.8110102063508,339.550897982876,332.8110102063508,338.8536682128906,1104824
2012-10-23,337.55218462755283,342.47926374609716,337.55218462755283,340.06219482421875,1058090
2012-10-25,338.4817821992362,341.1312607189438,334.9491347161764,336.4830627441406,1741399
2012-10-29,330.9052209643429,335.4139502462592,330.9052209643429,334.623779296875,710576
2012-10-30,332.8110458059691,333.97309554691174,328.3487861488914,329.6967468261719,573868
2012-10-31,331.69546995011757,339.5974082657992,329.97565901298873,337.7381286621094,1203379
2012-11-01,339.4114900741643,349.77696796914574,339.4114900741643,348.893798828125,1523764
2012-11-02,352.79834291979233,354.146332126259,349.0797833106246,350.4742431640625,2104477
2012-11-05,352.7052459338022,358.8408727481247,350.66005590926005,353.448974609375,3798873
2012-11-06,366.7428617820958,370.8332707894987,361.6763140671301,368.9275207519531,9964130
2012-11-07,369.7177880546422,372.7391176354723,365.44143897385743,368.4627685546875,2523892
2012-11-08,365.999184829095,372.3207238484172,362.6524760193081,365.72027587890625,1558177
2012-11-09,366.0921261088039,369.4388349185908,364.5582261790048,365.72027587890625,975854
2012-11-12,365.8597306913274,368.50920978634235,363.48916055757223,364.46527099609375,574049
2012-11-15,365.9992277810429,369.996667869683,358.8874600867594,361.4439697265625,1454577
2012-11-16,359.77055347495167,362.9778216951557,351.26435614050564,352.8447265625,1503725
2012-11-19,354.9364338796259,357.63241176490897,352.28698337292457,355.77313232421875,1102346
2012-11-20,356.98165643321545,357.63241559256306,350.6136186066252,353.1236572265625,716283
2012-11-21,353.26313088569395,365.11603856672707,353.26313088569395,362.0017395019531,3367381
2012-11-22,367.67248743991837,367.67248743991837,357.1210715700376,360.0029602050781,2337369
2012-11-23,359.7705852131185,360.1424354410768,351.96161694457896,354.843505859375,974479
2012-11-26,353.4954691073904,357.72531807335594,351.8685997558114,354.75048828125,764393
2012-11-27,356.05201365263406,365.81323073710575,354.7040247071135,363.3031921386719,2350611
2012-11-29,366.278066252906,378.8282030407594,364.0934071379866,376.08575439453125,5320498
2012-11-30,381.0593090614857,387.56678699061206,377.71260045243594,385.47509765625,2875574
2012-12-03,387.56678278003477,387.56678278003477,380.3156045144984,384.4524841308594,1311415
2012-12-04,382.82566953288267,391.00651703531247,381.2452988486909,382.4073486328125,1667172
2012-12-05,385.80045979181057,386.7300994539595,382.2213414184669,385.3821105957031,1245858
2012-12-06,387.19493283686955,387.5667830406737,378.54929502442724,382.7791442871094,1409286
2012-12-07,384.17360945882905,385.75400831109584,377.66613150066377,381.80303955078125,1278702
2012-12-10,380.2226706079568,389.5190684223323,380.2226706079568,387.98516845703125,1913185
2012-12-11,390.402210347534,393.2376001351189,382.26786282700846,387.0090026855469,2524271
2012-12-12,390.2627782252747,390.2627782252747,381.6636100414869,386.0329284667969,1429028
2012-12-13,386.962553772326,388.7753626696714,376.4576357327745,378.2704162597656,947387
2012-12-14,378.59574386558813,381.6170726993835,373.7616063833754,374.644775390625,1224616
2012-12-17,377.3872782139787,382.03547709149854,374.6448295281002,380.455078125,877337
2012-12-18,382.08194595420395,387.6597845812726,381.2452758342145,383.29046630859375,1254873
2012-12-19,385.5215958271706,391.1459046769996,384.3130471921723,390.3092346191406,1840280
2012-12-20,390.4486999770499,399.280277714626,389.2866502747372,394.95745849609375,2775721
2012-12-21,394.81800610442525,399.8380549904769,388.68237819020516,390.2162780761719,1318439
2012-12-24,391.37827971956625,394.3531378494225,386.03285190866956,389.2865905761719,972238
2012-12-26,390.12330180398146,394.07427060365194,389.9838615204166,390.68109130859375,708327
2012-12-27,392.95869978190507,394.5390701983917,384.5454437478051,385.8934326171875,1538127
2012-12-28,388.5893577640084,392.1684759437994,386.21878810186536,387.1019287109375,702962
2012-12-31,387.845689396053,389.61199913015867,384.22007191456817,385.1032409667969,654260
2013-01-01,386.730075191158,391.1923339413778,386.2652553892455,388.07806396484375,727832
2013-01-02,390.2627463927408,395.0968843255713,387.65976650297233,390.8670349121094,2136297
2013-01-03,391.4713109273375,392.58686162372845,386.7766130893354,388.4499816894531,1107370
2013-01-04,390.44865570488054,391.8431151895408,386.03286733678965,386.8695373535156,1589431
2013-01-07,390.3557369055767,399.46622374746204,388.21757676542796,394.4926452636719,2172227
2013-01-08,396.77020443351864,401.51137247986276,394.0277843972575,399.2802429199219,3215124
2013-01-09,402.44103875230036,404.3932878851268,396.25894014031104,398.2576599121094,2631466
2013-01-10,399.8380472740939,401.418417768088,394.16723933599144,395.5152282714844,1595163
2013-01-11,397.0026596350063,398.3041780329092,390.44871048570957,391.8431701660156,839019
2013-01-14,392.3079604184874,392.3079604184874,385.428632189485,387.0090026855469,1573682
2013-01-15,387.8457289258739,393.1446586682658,386.45126925097793,389.3331298828125,1540527
2013-01-16,388.8217994721093,394.1207570413882,385.3356506424132,386.7765808105469,1360509
2013-01-17,386.7301058759223,387.61327491776996,377.9914985806809,378.7351989746094,1493804
2013-01-18,379.94375813385346,384.08063779183885,379.33946963035186,380.9663391113281,1809419
2013-01-21,381.2452401200766,382.8256105608215,373.808122647343,375.5744323730469,1340055
2013-01-22,375.5744083030705,378.8746176219501,374.1799488663017,376.7829284667969,1193800
2013-01-23,377.43367221296023,381.8959308811316,375.99274220166603,377.5266418457031,1517174
2013-01-24,377.5266776245716,378.7816968596692,361.3509529565126,363.53558349609375,1368406
2013-01-25,362.79188756247225,371.57699394575803,358.7944482597004,369.90362548828125,1752022
2013-01-28,369.99661767640157,375.94630635692624,369.99661767640157,371.530517578125,759123
2013-01-29,371.06567509610466,377.29427234217894,367.8119361941991,369.90362548828125,1955552
2013-01-30,370.9262003755365,379.8507462090177,368.1837522075777,379.060546875,2286887
2013-01-31,378.54925867615526,381.8959385593966,376.9688599987974,378.4097900390625,3175669
2013-02-01,378.3634078031475,385.93996668336536,378.3634078031475,385.24273681640625,1562599
2013-02-04,386.2652876836671,388.1710376827022,373.15736249975396,375.0631408691406,3494416
2013-02-05,374.59830219887544,380.2226106413966,370.55436411333824,378.6422119140625,2468796
2013-02-06,379.943798489165,380.966379575252,372.7855606644242,376.5041198730469,4484347
2013-02-07,368.69513209977634,372.2742508266433,364.88360343441616,366.37103271484375,7134955
2013-02-08,365.34845887631013,365.3949295203909,351.8686811315099,353.8674011230469,4826509
2013-02-11,355.1223858410799,368.3697523286071,352.00808699274836,367.20770263671875,2478271
2013-02-12,368.1373329072335,369.578263139916,363.024314394633,365.48785400390625,1348089
2013-02-13,365.7667484513857,367.7654681166773,358.1901622593831,360.5607604980469,1155959
2013-02-14,360.79319461776925,361.58339408365174,353.26310692760995,354.843505859375,1587057
2013-02-15,353.0771676284539,356.7492560091324,348.66137879185874,354.843505859375,1671122
2013-02-18,354.19275804509437,358.376137077123,351.8686585828562,353.0771789550781,1222225
2013-02-19,352.33349153763163,361.11859917873073,352.33349153763163,360.3283996582031,1159275
2013-02-20,361.5368462282683,361.5368462282683,354.1926988294957,354.75048828125,1450610
2013-02-21,354.285670644765,357.53940936792804,351.49675173919667,354.9364013671875,2069458
2013-02-22,352.3334500221166,358.46907778100496,351.9615998122588,353.9138488769531,2907761
2013-02-25,355.12245186663523,355.9591221262806,343.2695428056415,344.338623046875,1480380
2013-02-26,345.4540937632492,345.4540937632492,334.205448514693,336.0647277832031,1615878
2013-02-27,337.3662401743363,343.7807484058983,336.80845068238483,338.5282897949219,1339909
2013-02-28,341.17777148325945,344.15262988520533,330.7193248097263,334.5308532714844,3174611
2013-03-01,332.81101571585157,345.8259716377005,329.0924568810376,344.0596618652344,1666456
2013-03-04,343.9667332123964,347.1275029246013,337.83110472967167,345.45416259765625,1599432
2013-03-05,346.7556072758762,357.9112836493628,343.3159290459103,355.4012451171875,2457482
2013-03-06,356.0520458121574,356.9816856184555,350.98549751969085,355.1224060058594,956825
2013-03-07,354.2856895730859,360.60722808197306,351.6826814332752,359.2127685546875,1250263
2013-03-08,359.07335976580447,365.34842818889615,359.07335976580447,364.23284912109375,1288925
2013-03-11,367.2076362140266,368.0908051682504,360.93256901290084,365.6737365722656,2453299
2013-03-12,361.62981646515294,367.5795044295842,359.0268368464487,360.0959167480469,417576
2013-03-13,357.9113053342976,358.8409450884127,355.3547960104812,356.516845703125,571576
2013-03-14,358.6549977805951,359.3057569420856,353.4025389612045,358.1437072753906,1063553
2013-03-15,360.5607655279678,364.7906148407402,354.8434870120126,356.7492370605469,1295135
2013-03-18,355.0294371405424,364.6047441889158,353.2631271787199,363.8145446777344,1245055
2013-03-19,367.02177143225754,367.06827044317083,355.12239367303073,356.5633239746094,1396431
2013-03-20,355.1223794424511,365.95267670163844,355.1223794424511,362.32708740234375,1801592
2013-03-21,362.60593384402677,366.69637099703215,354.37864564439474,355.6336364746094,896447
2013-03-22,357.77188512787995,357.77188512787995,351.21790747126533,355.1224060058594,945182
2013-03-25,357.9112971759928,358.84093690891746,352.8912482922703,353.63494873046875,967047
2013-03-26,354.09973378803204,357.3999715377048,349.77691512894705,352.6123046875,625109
2013-03-28,353.5884596507498,357.67886858821464,350.6136013124018,353.0306701660156,1880216
2013-04-01,356.7492293042064,362.5594773384768,352.9377009196546,357.5394287109375,1254854
2013-04-02,360.2354212686937,365.8132600496283,358.84096157346005,364.46527099609375,1219812
2013-04-03,365.06955036729283,370.64738900776877,359.6311520187579,361.90875244140625,1640608
2013-04-04,358.8873674680597,364.4187346093778,355.1223383183222,356.423828125,1236015
2013-04-05,356.5168050206444,362.791872644867,355.122345548595,359.631103515625,786302
2013-04-08,360.18893384585465,368.9275418547843,359.7705846086333,367.20770263671875,742653
2013-04-09,369.39236704373474,372.78554651877494,361.49042902525696,363.39617919921875,1128997
2013-04-10,368.78807905922764,372.367169195534,364.000411924549,370.9262390136719,1191028
2013-04-11,374.64478486743303,378.36334352616683,371.0656664843315,377.2012939453125,1652950
2013-04-12,377.4337606371315,381.6636103995779,375.29560043486623,377.0154113769531,1277480
2013-04-15,376.5040652687907,380.54800349574793,368.23027790362084,369.0204772949219,1218350
2013-04-16,369.02046827322283,373.7151371303268,366.74283979580576,371.80938720703125,1184653
2013-04-17,371.8559120193481,374.7842716524296,367.2077131191063,373.1109313964844,1568351
2013-04-18,371.01920725235755,375.0166465852156,368.2302881725909,372.9249572753906,1271094
2013-04-22,373.25031539312016,376.1322039506739,368.13729737403634,369.2993469238281,735850
2013-04-23,369.0670300108014,369.53184994784266,364.511800301868,368.13739013671875,598218
2013-04-25,370.043055965389,380.54800116406705,368.6021258379962,378.36334228515625,1646543
2013-04-26,379.29303911067524,383.38344856426835,377.5267291614368,381.01287841796875,1064859
2013-04-29,381.9424540038786,384.7313729402043,376.59702604258763,378.8281555175781,919198
2013-04-30,381.6635364954878,383.5693147479484,375.76034757611296,376.7829284667969,964246
2013-05-02,378.4098549915021,384.17363288258883,377.24780528526315,380.2691345214844,1002488
2013-05-03,382.0354813778841,382.1749216717033,370.9727452289809,372.4601745605469,989546
2013-05-06,372.78547758033454,377.57311582032645,372.78547758033454,376.5505065917969,566516
2013-05-07,377.4337274554704,380.87340577795936,374.6448082870802,379.3394775390625,906339
2013-05-08,381.01281122000967,383.01153076717605,376.039233483793,377.48016357421875,1202178
2013-05-09,376.50407152792644,379.1070512915838,370.6473528745216,371.90234375,1077931
2013-05-10,369.85715599926624,370.87976533139295,366.4174778012996,369.5782470703125,1025051
2013-05-13,371.90237977235125,377.8055980038903,366.27807049487376,367.2541809082031,1078667
2013-05-14,368.36976132444073,372.32073037334635,364.6512022195883,370.60089111328125,480898
2013-05-15,370.36854912079184,383.8483283490185,369.6248485115163,382.17498779296875,1604567
2013-05-16,382.0819034379306,395.09685878618126,380.2226241024662,392.4009094238281,2601211
2013-05-17,392.30792422319104,397.8857620083549,386.451205896909,395.6546325683594,2126588
2013-05-20,396.9097160329026,396.9097160329026,386.77661971894963,387.98516845703125,976850
2013-05-21,388.12454329481227,390.91346216878696,385.47506469046635,388.6358337402344,800809
2013-05-22,390.2627946039669,392.67986386897553,385.103304825301,386.4512939453125,597852
2013-05-23,385.6610412597656,388.5894006865627,382.3143326132749,385.6610412597656,904509
2013-05-24,387.65978099958403,388.58942076217295,377.52671326143553,379.7578430175781,1107334
2013-05-27,379.29302469255913,380.22266445896247,371.29811702741966,373.2503662109375,838566
2013-05-28,371.5769656013416,378.31685281258933,368.1372876764271,368.4161682128906,1559336
2013-05-29,368.6021415027958,374.6447995602187,365.1159926235134,373.436279296875,2492144
2013-05-30,364.4187591791775,374.97017535499197,354.19272256955776,356.052001953125,7939979
2013-05-31,356.51687447939753,356.98169439397304,342.1074571275575,344.47802734375,2647020
2013-06-03,345.4076460027547,349.26567375355637,338.38887707098996,341.6890869140625,1399483
2013-06-04,343.03709455422296,353.35610225960005,342.8511552415526,348.8008728027344,1936385
2013-06-05,349.5910406099966,350.6601490920858,343.5948808335662,349.126220703125,2132512
2013-06-06,349.07975006058007,353.35609887787,347.68529033996526,349.126220703125,1416392
2013-06-07,346.80213593510604,348.98679526449337,345.3612055105935,347.0345458984375,1426740
2013-06-10,347.08101633597613,349.54455607037994,343.59486717304014,347.8712158203125,1465436
2013-06-11,345.45410706713864,354.4251242091155,345.45410706713864,353.17010498046875,1466111
2013-06-12,354.19271702206277,358.3296249338469,353.49548726414537,357.0281066894531,2014328
2013-06-13,355.95899990601083,355.95899990601083,348.6148526835473,351.86859130859375,1435428
2013-06-14,353.17016220975887,354.378710998882,346.5232431658269,351.3108825683594,2197305
2013-06-17,351.4967637883351,354.6575329822588,347.2668862810149,353.4954833984375,875560
2013-06-18,353.54191262663625,354.65749144458795,348.8937148357504,352.9376525878906,1270859
2013-06-19,352.33345894191575,355.1223781419837,349.59101038037437,352.79827880859375,997883
2013-06-20,350.2882640818914,355.86610286262436,346.8021148439332,352.42645263671875,2055603
2013-06-21,353.26309834824104,355.40125838483914,348.2430494668367,354.47161865234375,2001208
2013-06-24,354.00680991254984,355.7731481560897,346.0119306580927,353.3560791015625,1519576
2013-06-25,353.2630812345929,354.6575407657821,348.61488279729565,352.7052917480469,1718172
2013-06-26,353.26311610676106,354.6575757756035,351.031986310684,352.8912658691406,1402616
2013-06-27,354.56457850839456,363.1172751593113,352.98420802900614,360.42132568359375,1860142
2013-06-28,361.6298355313204,365.81321409145136,358.3760966512185,364.3722839355469,1568530
2013-07-01,363.53562333922315,370.69386096812883,361.9552527410075,369.76422119140625,1111324
2013-07-02,369.99663015877286,370.3684803944093,364.93008204086897,369.2529296875,872981
2013-07-03,367.57951878834916,371.62345701530637,365.34838926082654,369.0204772949219,992534
2013-07-04,370.2289637140124,373.62214251591547,364.7905664825617,366.8357849121094,897272
2013-07-05,369.4853164359847,372.59958678799615,367.67250764182205,370.97271728515625,1123372
2013-07-08,369.9036934951116,374.87727240505916,367.7190341566834,368.6022033691406,972159
2013-07-09,368.3697415519922,373.85461026317523,368.3697415519922,371.9953308105469,559483
2013-07-10,371.85585238431827,376.92239972119467,370.2754536635449,371.9488220214844,661899
2013-07-11,375.156074936497,375.8998036896647,370.6008462584554,371.8558654785156,745692
2013-07-12,369.9036875210471,378.17747644219213,363.628618586473,376.9224853515625,1574902
2013-07-15,379.2930102098025,380.73394044456614,376.5040910170834,379.0141296386719,671824
2013-07-16,373.71515324421875,379.75781119468496,371.0656744687901,373.9010925292969,572326
2013-07-17,373.9475194414533,382.0818657313544,371.11213008282715,378.1773681640625,1203163
2013-07-18,379.4789829419101,387.1949820401869,377.99155356732444,384.2201232910156,1120322
2013-07-19,382.0818579069795,389.05415458411414,379.43237949559875,386.31170654296875,1230613
2013-07-22,383.1044889737502,388.4034177287989,381.29168038602205,382.5931701660156,566057
2013-07-23,384.17365046702747,385.80052013022726,376.50412205480006,380.36212158203125,703021
2013-07-24,380.3620673755933,387.6132738632505,378.36334774829055,386.079345703125,939074
2013-07-25,388.8683145438131,390.30927324695494,376.87596687337964,380.5015563964844,1153706
2013-07-26,381.5241956741578,387.00906521440055,380.9664060799866,385.8470153808594,1511816
2013-07-29,384.0806887246411,387.5668380747444,379.9902791612578,383.2440185546875,1076847
2013-07-30,384.1271038929355,386.4976735854278,378.5027671468727,379.9437255859375,822828
2013-07-31,376.55055426007976,378.82818290420926,369.578256415217,372.134765625,2371558
2013-08-01,373.57572475513393,379.66485353385855,368.1373267540155,374.9701843261719,677074
2013-08-02,376.59707761962494,377.3407780896921,368.2303196647743,371.762939453125,656648
2013-08-05,371.85590675339546,372.8320171604814,363.7680294333674,367.9049377441406,1054375
2013-08-06,369.5400900030806,369.5400900030806,361.5980147438488,365.8026428222656,2161665
2013-08-07,367.85820571741834,369.0728644985935,359.1219182852567,364.72808837890625,925903
2013-08-08,366.0361425147066,386.73224544410914,356.5990850201161,382.5276184082031,3071245
2013-08-12,398.97245470912304,400.7944714701348,386.45201335556885,388.227294921875,3422954
2013-08-13,390.5631788562786,399.4396147393759,387.1527644567165,396.96356201171875,1910148
2013-08-14,397.010260986918,401.5886273875339,392.0114204363206,392.8056335449219,1298053
2013-08-16,392.4318719188984,397.8044511177881,385.42415992034665,387.4797668457031,1676509
2013-08-19,387.7600902838348,392.1516015072892,369.11956369452867,373.9315490722656,1412434
2013-08-20,371.7825506791288,381.172903780866,365.56905047616374,375.8003234863281,1370434
2013-08-21,378.32305451146686,379.5844485356459,365.3354323136924,366.9238586425781,1198064
2013-08-22,366.17635891146676,376.7346636448981,363.6535993310399,375.05279541015625,1326156
2013-08-23,376.3608187278309,377.4820639870384,366.7369062250311,370.0071716308594,1505564
2013-08-26,370.47442007811276,376.96824540455844,365.42887251890625,373.0439147949219,986582
2013-08-27,369.07287188456604,376.17402651485656,366.6902609528659,370.61456298828125,1389978
2013-08-28,367.53115536420006,374.6790161794458,358.1875390006229,372.4365539550781,1776784
2013-08-29,373.74467534829677,375.6133987250383,367.29758540142984,371.5489196777344,2000822
2013-08-30,371.3620696255175,392.1516174815726,367.204148648524,389.5821228027344,2873899
2013-09-02,390.56315268889546,396.16932234471693,386.872412926365,390.4230041503906,932389
2013-09-03,390.7500414424725,394.300604197713,376.9214723382406,379.490966796875,887841
2013-09-04,380.28520742139835,393.64656816825976,377.34197380395193,392.2450256347656,1481535
2013-09-05,396.63650714440115,397.6643106278781,389.8623854087194,391.123779296875,826194
2013-09-06,392.6655269154503,411.86664954443813,391.6377232836902,408.36279296875,2382882
2013-09-10,412.05352488414707,417.37939817618764,408.1291941937532,411.9600830078125,1859689
2013-09-11,410.18481825243157,413.78211678054384,400.37401963819343,405.2794189453125,1674548
2013-09-12,408.4562022858121,415.3237663295861,405.6064105705476,409.39056396484375,985827
2013-09-13,408.2225765660193,414.80984294224857,408.2225765660193,412.5673522949219,787196
2013-09-16,416.5851485893783,420.8364827036895,399.9067873845836,402.2893981933594,1248660
2013-09-17,400.8411567960081,406.4473268211271,396.1693484417423,403.6909484863281,912502
2013-09-18,405.04583481847556,411.8666644603849,405.04583481847556,408.31610107421875,971303
2013-09-19,415.79091121723974,415.79091121723974,401.7754872436249,410.83880615234375,1539956
2013-09-20,409.0168626211496,415.74427873480784,393.9736325020375,401.822265625,2071797
2013-09-23,399.90679353725193,406.58747375443414,395.84231458228834,397.9913635253906,1202592
2013-09-24,394.5809511014358,406.634240349997,394.5809511014358,403.5975646972656,1665360
2013-09-25,404.0646748360194,410.8855029331653,400.8411159939236,409.9511413574219,874221
2013-09-26,410.1847931142034,412.0068098652541,405.0925103588252,407.19482421875,1041444
2013-09-27,409.1570125111069,411.02573604713797,403.7377256624002,405.7933044433594,696621
2013-09-30,403.6442693280347,409.7176206026463,402.61646571713203,404.1114501953125,686309
2013-10-01,403.6442841649379,407.2882893607575,402.38289007403085,403.55084228515625,488339
2013-10-03,408.1291583095505,412.5673761578743,406.44731874123073,407.2882385253906,943945
2013-10-04,406.44735681336704,415.60409045763237,406.0736178203382,409.2037353515625,1437160
2013-10-07,408.3627867113421,413.735366711739,408.3627867113421,410.9322814941406,1036750
2013-10-08,412.8944405333092,413.92224413359776,405.5129886094389,406.16705322265625,546510
2013-10-09,404.11145820495415,409.06356409046873,401.308372945729,403.2705383300781,1238140
2013-10-10,402.7098595176503,409.7175716902312,402.7098595176503,404.5785827636719,894958
2013-10-11,408.50293911652454,408.50293911652454,399.9068002291805,401.0280456542969,569732
2013-10-14,401.7755501898434,403.50412512029584,392.4319327435679,394.20721435546875,1024542
2013-10-15,394.3940989467499,400.56089217726395,392.43193357597846,395.3284606933594,741927
2013-10-17,397.0102733222204,398.03807687620036,386.6388529401607,387.6666564941406,1396794
2013-10-18,388.08710994617905,391.91799834414024,386.4519770885271,388.0403747558594,1438997
2013-10-21,389.5821021081562,395.1415368274703,386.21839445892033,389.4419250488281,1365372
2013-10-22,390.469750722049,392.99253873072064,383.27518270396513,385.19061279296875,1382573
2013-10-23,385.51767853514633,397.0570522930026,384.4898748678448,395.9825134277344,2311179
2013-10-24,396.0758953899463,397.6175864004387,390.3295769793176,392.6187744140625,1077405
2013-10-25,390.79678965360824,393.3662843853415,385.8913906202994,388.227294921875,871750
2013-10-28,388.9280467215783,391.40409945427206,384.0226479340989,384.7234191894531,551183
2013-10-29,384.6299779217162,392.1983131942886,381.873628088345,390.32958984375,1093035
2013-10-30,391.0770637368061,392.75893184358375,388.741159572772,391.87127685546875,927553
2013-10-31,392.4319259353468,393.36628766376424,384.8168835516356,386.0782775878906,1884285
2013-11-01,387.29292231879646,390.75007199376955,386.3585606244206,388.9747619628906,576321
2013-11-05,390.56322311480403,395.982510020183,388.27402535344345,393.0392761230469,1198094
2013-11-06,393.3662277592322,399.71987513911085,393.3662277592322,396.7766418457031,1264818
2013-11-07,397.80447505242313,401.5419216765211,392.33845366178895,393.9268798828125,970555
2013-11-08,393.41298729050413,398.50527002485757,392.71221600675585,395.3751525878906,1121043
2013-11-11,395.23500516184265,400.14040416207826,392.8991008760161,394.2539367675781,964562
2013-11-12,394.9546488339711,398.6453599435191,390.9368769560988,393.22607421875,924373
2013-11-13,392.01145784133513,392.01145784133513,383.13502128348114,385.2373352050781,1255137
2013-11-14,381.3597479043921,385.4242272767476,373.7447052380583,376.54779052734375,2200117
2013-11-18,376.6412433947553,380.3319553579799,375.0061102616351,375.8003234863281,1141893
2013-11-19,376.6411594737133,379.2106538246678,373.0438616794865,374.4454040527344,1269712
2013-11-20,374.0717702317954,375.42657779794587,366.0829593508645,367.0640563964844,1951113
2013-11-21,367.67128716145635,370.2407815444144,360.2898362733037,361.2709045410156,1706437
2013-11-22,364.3542879647926,364.40099463524757,358.6079417762915,359.72918701171875,1184733
2013-11-25,363.4666877107347,366.6435116690686,359.9628314667366,361.69140625,1229132
2013-11-26,362.53230335325117,365.6156852491856,359.02844732857415,360.8504638671875,1169016
2013-11-27,359.7292472884939,360.9439060683611,355.9918005634187,356.87945556640625,934508
2013-11-28,357.3933838583502,359.9628787749789,353.70264339050004,355.0107727050781,2011901
2013-11-29,356.9261548709565,366.97054273708943,356.9261548709565,365.5690002441406,1713523
2013-12-02,366.26974191036925,369.86703972130806,365.56897072048974,366.1763000488281,975507
2013-12-03,366.2698011693092,368.5122636368421,362.62579609526114,364.9617004394531,809592
2013-12-04,364.401077742721,368.13852469392833,361.78487628265873,364.4477844238281,887970
2013-12-05,368.55893407499934,368.7925244683757,360.2898284465858,362.11181640625,691977
2013-12-06,361.1308402205587,365.75594259423843,360.6636593147106,363.233154296875,555641
2013-12-09,370.00717392731383,370.00717392731383,359.0284257110362,360.1029357910156,1495597
2013-12-10,361.59803292772807,365.3354802964901,360.3366387378788,363.093017578125,986823
2013-12-11,362.53232604566847,366.1763308365355,360.8037512624051,361.69140625,546841
2013-12-12,359.7760207043625,361.73818630189515,355.19765331976026,355.9451599121094,1052271
2013-12-13,355.0574730149924,356.6458994316323,350.7126964823059,351.9740905761719,1849657
2013-12-16,350.85282351738675,354.3566799439918,348.7038029815183,351.2265625,1085951
2013-12-17,355.99181077527084,364.3076242742166,353.18872565105613,362.345458984375,3377248
2013-12-18,365.1018878978047,370.4744684618799,359.72930733372954,366.9706115722656,2330228
2013-12-19,367.99829830359596,375.1461583830985,362.53227759064066,373.2774353027344,1558022
2013-12-20,375.6134122078212,376.9215129156039,373.6979820836885,375.37982177734375,1573136
2013-12-23,376.6412105277043,381.8736417999802,373.0906189255194,378.556640625,1563675
2013-12-24,379.3508663243006,382.62113241330326,372.2964465952352,373.41766357421875,895726
2013-12-26,375.61347027002824,378.32311397953174,370.00729907196813,371.9227294921875,2154435
2013-12-27,372.81032181865635,381.1261353242514,372.29643428458866,378.556640625,1221207
2013-12-30,380.51876632772485,380.89250526947774,372.5766926290492,373.7913513183594,718101
2013-12-31,376.3141736984762,377.80915811748804,373.18405630870757,374.4921569824219,550785
2014-01-01,376.08059306877624,379.2574172203789,374.4921667357465,375.37982177734375,429074
2014-01-02,375.6134304108181,379.677909800991,365.8026318553117,366.55010986328125,734194
2014-01-03,365.849371106954,368.1385690461471,360.6636742431796,366.0362548828125,998001
2014-01-06,368.0450776901302,369.9605363346147,362.20531691022063,365.89605712890625,752348
2014-01-07,368.0450122957265,368.97937385449427,363.4666463606549,365.1952209472656,955034
2014-01-08,365.42889203933726,378.41651487154303,363.5601685091074,377.6690368652344,1768447
2014-01-09,377.4822164134601,380.6590412447402,373.7447687261981,376.64129638671875,1161659
2014-01-10,374.8658820869532,380.0048708425525,370.94155199507804,372.9037170410156,875765
2014-01-13,370.3342566676183,376.9682302823287,370.3342566676183,375.84698486328125,770671
2014-01-14,374.58563351067136,385.19064546218857,374.58563351067136,384.162841796875,1375742
2014-01-15,387.1527726483053,396.0759153980163,387.1527726483053,390.6098937988281,2737981
2014-01-16,391.49756425128027,393.31958102768357,384.95703215161683,385.5643615722656,1332490
2014-01-17,385.424202733764,394.2539322385382,385.424202733764,390.189453125,1369311
2014-01-20,391.4975349342129,394.02032281809124,388.83459850444245,392.291748046875,825525
2014-01-21,392.66549999440684,396.1693563298715,389.02149510841474,390.0025634765625,757294
2014-01-22,390.28290329674195,397.8979456400831,388.04041234886256,394.9547119140625,1159013
2014-01-23,395.1415615237238,397.15043349767626,390.0025721178444,392.0114440917969,657695
2014-01-24,390.5632013234496,395.23500995172054,386.26513168254894,387.1994934082031,994905
2014-01-27,384.48989592402813,390.5632478645049,380.9860390352915,387.7601623535156,1305152
2014-01-28,388.97478159667247,392.8991123169169,380.0983450520572,382.3875427246094,988099
2014-01-29,384.02267216773316,391.0303851634947,382.62112956858084,387.2929382324219,1227506
2014-01-30,383.97589419746924,388.60096680730123,381.17280951958855,386.3117980957031,1344614
2014-01-31,387.7600499340706,391.49749619849536,381.73340642690476,383.64886474609375,529559
2014-02-03,381.68677782463305,388.4609005644827,381.68677782463305,385.4242248535156,883601
2014-02-04,383.7423155619864,390.5164370743616,383.08825104466564,387.90020751953125,1076767
2014-02-05,389.53534029838045,389.53534029838045,383.55543183862255,387.90020751953125,1340045
2014-02-06,390.0959848749505,392.4318889759981,382.3875013414934,383.1349792480469,1533292
2014-02-07,385.75123506263895,390.56319213364304,385.42420276346354,389.675537109375,943897
2014-02-10,391.9180561326063,395.79565177818597,382.80802886812535,387.33966064453125,1133469
2014-02-11,387.76012924656726,387.76012924656726,378.6033954315881,385.4242248535156,2568431
2014-02-12,387.6666784252766,387.6666784252766,381.21958815206693,385.6578063964844,2956000
2014-02-13,364.4010578036491,377.71571183878245,354.12307925021287,355.3377380371094,10135980
2014-02-14,359.44900658991656,359.44900658991656,345.71387631434635,348.843994140625,3269119
2014-02-17,348.8439585798711,353.2354416145524,346.7883513623048,349.7783203125,1218421
2014-02-18,349.4513011574606,352.90845110410646,346.8818062960087,347.4891357421875,1787070
2014-02-19,348.51691264171825,350.57251977889956,346.64818924953744,348.70379638671875,891444
2014-02-20,348.70380645394414,351.8806306094765,346.08757652068573,346.8350830078125,1607125
2014-02-21,349.4512637103852,349.4512637103852,343.6115032874175,344.9663391113281,2004530
2014-02-24,342.44353753952754,348.3300044052303,342.44353753952754,343.3778991699219,1554990
2014-02-25,343.42462309176045,350.8528098322058,343.42462309176045,350.15203857421875,2141819
2014-02-26,352.6281199745654,354.5435786774075,348.51693396314636,350.66595458984375,2983431
2014-02-28,354.1231197303971,359.7292904913005,349.91849165971956,359.0752258300781,2480770
2014-03-03,360.6636719031405,362.25209844424944,350.43239830217647,351.88067626953125,1038366
2014-03-04,352.25432954294234,356.832695762493,352.25432954294234,353.7960205078125,783416
2014-03-05,354.40338760327876,360.8505062576137,354.40338760327876,360.1964416503906,1224021
2014-03-06,360.663582094254,361.8782407836087,353.3288377399646,354.8238220214844,1568154
2014-03-07,357.0196002209991,357.2998973165398,349.7315620779338,356.1786804199219,1616118
2014-03-10,356.6925402323547,356.6925402323547,349.31108930699224,350.75933837890625,2565231
2014-03-11,350.61921536269165,355.3377303728499,350.61921536269165,352.2076416015625,1770830
2014-03-12,352.44126133869594,355.8049408064472,351.7404900305048,353.8428039550781,1247912
2014-03-13,354.49682116689013,358.37441649591665,353.56245947245213,355.4311828613281,979770
2014-03-14,354.7304449458022,361.5980097485699,353.88952504462753,361.1308288574219,1056579
2014-03-18,362.5324013469969,365.28878023724945,356.9262301921465,360.5235290527344,1045604
2014-03-19,361.5979755396979,364.30761874911974,357.15975749366805,357.67364501953125,1190320
2014-03-20,355.52463192136304,363.4199998047686,354.1230893513708,361.8315734863281,1355616
2014-03-21,362.53236342056766,363.8871993803711,358.79491637499484,362.48565673828125,1005845
2014-03-24,371.8759043871488,375.2396117377622,364.49445369642496,365.382080078125,1479217
2014-03-25,367.67131398356383,368.6056756455297,362.6257667118392,365.5690002441406,1796133
2014-03-26,366.8771020853351,368.0450541666678,360.24312856047436,361.69140625,1590602
2014-03-27,364.4010921249404,365.9895185476787,357.440085497796,361.0373840332031,2349700
2014-03-28,360.990677281236,365.8493413999646,358.374447203959,361.5513000488281,1196519
2014-03-31,362.71922097816156,364.16747019792575,356.7392833256302,357.67364501953125,950977
2014-04-01,358.5145608031412,360.4299906959384,354.2631983732339,356.4589538574219,1470749
2014-04-02,359.5423659500101,366.26978150590077,356.50569046558616,363.7002868652344,2670463
2014-04-03,365.8026147036373,371.40878504392293,363.7003008260302,370.3809814453125,1714910
2014-04-04,371.8759495584693,379.44428488805295,370.24081661443086,377.5755615234375,1879042
2014-04-07,381.12611594312835,383.1817230037798,366.456654969324,370.5678405761719,1371865
2014-04-09,372.10958223033725,375.4732903714694,367.85824749890037,374.6790771484375,1026656
2014-04-10,375.0528158023713,375.8003223410521,368.32542804099705,371.31536865234375,1703713
2014-04-11,371.4087912260575,376.96825497849466,370.24083905239064,375.6601257324219,1525144
2014-04-15,375.8469740904882,376.36086159272315,369.21300066592545,374.35198974609375,841008
2014-04-16,374.7725058276453,377.5288558976493,367.76479266151307,370.8481750488281,891565
2014-04-17,373.2774972357488,374.95933688134147,368.6991306321189,374.39874267578125,1189809
2014-04-21,373.7447451064627,378.1829639546019,370.9416595181642,373.557861328125,745738
2014-04-22,373.8848408841273,376.3608937679049,369.0728836733035,370.47442626953125,1162409
2014-04-23,371.22189217075083,373.97827059276983,371.22189217075083,372.8570251464844,748544
2014-04-24,372.8570251464844,372.8570251464844,372.8570251464844,372.8570251464844,0
2014-04-25,371.17509368528806,374.67894919521837,366.64343485622163,368.37200927734375,630377
2014-04-28,368.3721617208164,382.62118002453855,368.3721617208164,380.19183349609375,1950705
2014-04-29,381.0326698463394,381.92032482051144,371.5956399834391,374.86590576171875,1115634
2014-04-30,374.86591684145066,378.32303794342533,366.78366551039835,371.362060546875,810330
2014-05-02,371.4087785887886,379.81803395306304,371.4087785887886,375.70684814453125,989246
2014-05-05,375.66005640415557,377.85581178831285,365.61566956431767,367.0172119140625,1734530
2014-05-06,369.6801918431958,369.6801918431958,363.93387323189904,365.2419738769531,1302895
2014-05-07,365.4755668785729,370.33425903962456,356.27209859118113,357.4867858886719,1677331
2014-05-08,365.33543471315085,369.07288161558716,360.7570679605578,363.1396789550781,1878821
2014-05-09,362.8593979915514,368.1385362732894,359.82272224818036,366.55010986328125,1030990
2014-05-12,367.2975771962698,368.88597492234294,359.26206115289784,362.2987365722656,1522838
2014-05-13,365.3354394316324,367.1107210303269,360.7570726199075,364.9617004394531,2079198
2014-05-14,366.4567078931256,370.7547493442859,365.1485785668151,368.6524353027344,1474530
2014-05-15,368.79259711391325,376.03390073498747,367.67135159906053,371.96942138671875,1681151
2014-05-16,375.0528123842028,397.10375607128844,362.0184826759498,362.7659606933594,2820584
2014-05-19,364.5411830692104,368.51221998393913,356.97284818766,359.4956359863281,2386910
2014-05-20,357.86055924254646,365.80263431711995,354.0296702683899,363.79376220703125,1790091
2014-05-21,364.4010374018713,368.13848393932636,360.94388794894365,364.0740051269531,2123860
2014-05-22,365.70915393736266,366.64351561247827,359.1219155335797,362.3921813964844,1343373
2014-05-23,362.7191988907894,367.1106814760363,358.8415752856588,362.4388732910156,1067882
2014-05-26,362.85936163390613,365.1485306254801,354.2165161533811,356.2720947265625,1422191
2014-05-27,356.92616748305227,360.7103209419462,352.53465611085534,353.188720703125,2348760
2014-05-28,353.74934523855967,357.2999082919308,351.8806218390052,354.91729736328125,1105072
2014-05-29,355.15091357725413,356.9261952328505,346.5080672267204,348.0030517578125,2231881
2014-05-30,345.71385502058814,360.57020146587854,343.3779505947734,359.3088073730469,2158135
2014-06-02,363.4666906792919,363.4666906792919,356.17868103803426,361.78485107421875,907555
2014-06-03,360.71032687098,364.77480601385037,358.98178051841614,363.4667053222656,755694
2014-06-04,361.92499840147434,366.17633259212585,361.92499840147434,365.1485290527344,853453
2014-06-05,365.5222977650084,366.26977569738415,359.7292439885023,361.78485107421875,853847
2014-06-06,362.4856506953224,371.2219102071413,361.2242566355785,370.14739990234375,1582458
2014-06-09,371.8758927671298,375.61333892559344,367.4376754539543,370.52105712890625,1581828
2014-06-10,372.81027919765125,382.48092748123287,370.0539010659726,380.8457946777344,2777554
2014-06-11,381.2195676808095,390.0960036929853,381.2195676808095,386.0315246582031,2536080
2014-06-12,386.82575324299233,391.49756185703814,384.3964070607971,388.8346252441406,1333274
2014-06-13,388.2273207637663,393.2728686881293,380.7524265011667,386.9192199707031,1137084
2014-06-16,387.52647547433764,390.56315068902506,383.2284063906587,386.45196533203125,2036826
2014-06-17,389.628788092654,389.628788092654,383.6955862161702,385.8446350097656,750090
2014-06-18,392.431953734462,414.15586545904836,390.6566720276027,397.19720458984375,8551040
2014-06-19,401.6820750019328,401.6820750019328,392.1048679137159,397.9913635253906,1709421
2014-06-20,398.5987451939003,409.20375721001983,394.53426570576266,397.7110900878906,2313373
2014-06-23,399.15933852161237,400.5141459080646,390.6099059649396,396.075927734375,1003896
2014-06-24,399.71993038946925,401.5886538200221,395.4685959907442,399.34619140625,826911
2014-06-25,399.719953222595,402.61648040830096,396.16938990750907,398.4585876464844,743792
2014-06-26,398.9724506329484,404.8589180069962,393.4129870462149,397.61761474609375,4161224
2014-06-27,395.2349741089534,413.73532319337795,395.2349741089534,408.22259521484375,1649698
2014-06-30,413.6419695153212,415.79099019368493,407.10143708530813,409.2504577636719,1645312
2014-07-01,410.1848157094232,412.52072012690286,407.4751722880385,408.5496826171875,1068729
2014-07-02,408.4562212432173,417.23921573086335,407.84889182655024,415.13690185546875,1773781
2014-07-03,415.79099351789483,420.36936055261583,412.987908168336,418.31378173828125,1828531
2014-07-04,419.43497682947935,423.40601420030265,412.5207056984667,419.8087158203125,1472541
2014-07-07,419.52844324514285,423.91995505906044,415.51069895837827,420.1357727050781,1432449
2014-07-08,421.39714008866395,430.41372507724833,408.40951774891136,412.9878845214844,2390257
2014-07-09,414.38941779806146,418.03342275900883,405.09250739094693,407.61529541015625,854107
2014-07-10,407.6152589749537,413.8754932692904,397.33728109822135,407.4283752441406,1223859
2014-07-11,403.64417623817377,415.79087598608174,401.77545320003406,407.3816223144531,1176692
2014-07-14,408.3160352188304,408.7832160371586,400.65425839246655,404.2515563964844,641001
2014-07-15,404.71874811003954,406.16702579451777,399.57975897008544,403.50408935546875,834688
2014-07-16,404.2515435965044,407.5685444102795,401.3550169116927,403.78436279296875,823933
2014-07-17,401.77555401223947,412.42727229943984,401.77555401223947,408.36279296875,899509
2014-07-18,411.3994268315432,414.9967249196572,410.1847680812758,412.3805236816406,1460037
2014-07-21,415.4639647963641,415.4639647963641,407.3817410045554,409.53076171875,564182
2014-07-22,409.7643213226167,414.8566041076487,408.31607206090655,412.287109375,713693
2014-07-23,412.75429408906274,418.4071711478839,409.2504376027379,412.9878845214844,794876
2014-07-24,412.05353590812695,415.1836535051052,408.59638599245693,410.6986999511719,674032
2014-07-25,412.47398289011323,417.19249805811234,410.0913434521043,416.3982849121094,930167
2014-07-28,417.6129447197366,417.6129447197366,408.6430673090172,412.00677490234375,425731
2014-07-30,411.5864079803805,421.77094676553844,410.27830705178013,418.781005859375,1339082
2014-07-31,417.65972619615536,432.9365473874301,417.65972619615536,426.5361633300781,2893807
2014-08-01,425.1346001059322,430.2735897775424,411.25932228969316,413.455078125,919050
2014-08-04,414.85660711815603,418.12687316525864,408.5029587752824,411.86663818359375,1540481
2014-08-05,413.50176433276357,414.1091222572653,406.4473448113605,411.5863342285156,785917
2014-08-06,411.96179505618954,413.9329098797575,406.6585786970634,408.8643493652344,1184099
2014-08-07,408.3011616535609,412.66575454923105,405.53221128339294,408.2542419433594,799428
2014-08-08,404.54665562433985,410.78849504602204,403.6080322934249,409.8968200683594,613238
2014-08-11,414.308330320205,416.04478920200893,409.896817875215,410.647705078125,961184
2014-08-12,412.8535137959775,418.20365006154265,410.22535105376693,417.546630859375,1011391
2014-08-13,418.62603135863895,423.1314121665771,410.2722889281426,413.32281494140625,1542958
2014-08-14,412.7127246684266,424.4924370013725,406.18928051375116,421.06646728515625,2478440
2014-08-18,420.315526314348,443.59340267200037,415.1061781592999,442.1385192871094,3374069
2014-08-19,443.4995700014933,447.34793178755183,436.92920600147113,445.4237365722656,1982745
2014-08-20,444.9543712097489,466.30805163520364,443.0302048709736,462.1311950683594,2686295
2014-08-21,462.1312437128193,469.07705124903487,456.31176708694187,462.6005554199219,1635039
2014-08-22,465.9326305510653,471.188927100209,461.14564568230026,468.6546325683594,2077957
2014-08-25,467.43445309510133,478.13475412379745,464.61858289573325,476.25750732421875,1211454
2014-08-26,475.2249858084782,485.6437392608087,474.2863624680352,480.95062255859375,1497790
2014-08-27,482.17080717151543,485.64372488616345,477.4776906082128,481.8422546386719,1397996
2014-08-28,481.7953832545941,484.3296779107697,475.41275554613344,482.6401672363281,2615834
2014-09-01,484.6111429515042,498.50275474618604,483.1093687587328,496.6724853515625,1876424
2014-09-02,501.22490992643895,539.708470426409,500.7555982130247,522.8601684570312,5384451
2014-09-03,525.5353715491481,527.9757699702845,516.242975082056,519.24658203125,2999971
2014-09-04,519.9973435395285,534.076693996375,515.3980661413492,518.4016723632812,3561169
2014-09-05,519.246341553444,525.5351281588254,512.1597481807652,523.2824096679688,2710206
2014-09-08,527.5062943282098,530.9322922870525,524.4557686047815,528.8673095703125,2158860
2014-09-09,532.2932553505476,542.6181117443542,532.1994159353029,539.6145629882812,1883699
2014-09-10,542.524373785719,546.6543400311882,539.5207671789262,541.9142456054688,1450646
2014-09-11,541.585751050209,543.8384703306749,532.0586997582367,539.896240234375,1346966
2014-09-12,542.5243168445278,579.0367894578059,540.6470700734394,575.1414794921875,4515925
2014-09-15,575.0007166338908,595.4627541761486,572.3725823673439,591.5674438476562,4011059
2014-09-16,593.2100352944132,599.8742390411275,576.4556292068523,581.6649780273438,2498982
2014-09-17,584.7623367235861,589.2207975573534,567.1162295130061,572.7010498046875,2534042
2014-09-18,574.4375015442126,584.7154388874899,569.5097288593971,581.993408203125,1768643
2014-09-19,586.6396068717756,598.5601351412149,582.0403294382913,589.54931640625,2601536
2014-09-22,587.5782308548885,587.5782308548885,570.2606181841879,575.2822875976562,2877030
2014-09-23,585.7009160287641,585.7009160287641,543.415949494427,548.4375610351562,5293569
2014-09-24,551.1127838002145,566.224598490397,538.4882868891209,563.174072265625,3224447
2014-09-25,570.0728266973617,579.5998759134083,561.2498022309575,571.1053466796875,2631825
2014-09-26,573.4048990554813,578.6142460238968,551.4410946671761,574.3904418945312,2038811
2014-09-29,574.4374461112534,583.9175183030377,571.5277368651862,578.98974609375,1105338
2014-09-30,576.4085138171291,589.5492392922282,576.1269383004661,588.3290405273438,1661328
2014-10-01,588.3290410327254,592.6467423516625,582.9788770554644,585.9824829101562,1220240
2014-10-07,591.051092926357,591.6611636870645,561.5313792100396,565.2389526367188,2218559
2014-10-08,566.8347744968581,566.8347744968581,543.275289445032,549.7048950195312,2870865
2014-10-09,553.5530959429931,567.8671013912858,551.159617965181,555.3834228515625,1833911
2014-10-10,554.1632805360925,561.7191874791087,544.4015742206633,556.04052734375,2277836
2014-10-13,554.7263041435976,554.7263041435976,539.1921018390034,540.6000366210938,1570550
2014-10-14,539.4268341458747,550.5964172946268,535.2030292005184,542.9935913085938,1235691
2014-10-15,542.9935913085938,542.9935913085938,542.9935913085938,542.9935913085938,0
2014-10-16,543.3222003567064,556.5099066128721,539.8962588901954,543.134521484375,1899046
2014-10-17,540.1777601859338,564.1126565973002,540.1777601859338,559.0440673828125,1717922
2014-10-20,563.1740584272859,573.3111800211715,562.7047467119298,567.1632080078125,1386961
2014-10-21,566.9284698657598,573.7334887507378,562.9393208642209,570.9645385742188,1375706
2014-10-22,574.4374868513145,594.8056248853829,572.3255843261259,589.8309326171875,2149219
2014-10-27,591.1449875947461,592.3651865192345,582.0403294382913,589.54931640625,1316795
2014-10-28,591.3326661957534,608.9787723958548,587.2965975509512,606.491455078125,1860143
2014-10-29,612.8271718612671,618.3650149251037,609.1665180973088,616.5816650390625,2970820
2014-10-30,615.9715798593359,623.0581747679129,607.2893137813185,610.6683349609375,2236206
2014-10-31,612.6394933617576,631.6935365732497,608.0402158708001,625.639404296875,1185420
2014-11-03,628.8777087745749,629.8163322205071,618.3181950078376,622.4011840820312,796370
2014-11-05,624.0907086448952,629.5347127942941,611.794707986244,618.08349609375,1178035
2014-11-07,617.144830135172,626.7187994140845,607.9463330981857,610.2459716796875,1670668
2014-11-10,611.9824617424426,612.921085150023,599.9211738706446,603.5348510742188,672490
2014-11-11,607.9463575120016,611.6539312160838,595.0872061114109,597.903076171875,1156064
2014-11-12,600.67204936969,603.3471031132702,578.192007740794,580.350830078125,2128988
2014-11-13,581.94637792842,596.025725781527,580.2099479421421,585.3723754882812,1824599
2014-11-14,577.7225798413867,591.0979604469753,569.6973629358364,571.8092651367188,2551434
2014-11-17,571.6216457160396,580.0692562438628,568.8526952518924,575.65771484375,1168089
2014-11-18,574.4375465282005,579.7877116056316,568.8058058759632,570.542236328125,1828374
2014-11-19,573.498901479257,576.0801158476171,556.6036801590825,562.4231567382812,1553551
2014-11-20,563.1741004888339,585.6541447911529,559.0911111759026,580.5386352539062,2261492
2014-11-21,588.0005696464871,605.4120201639407,585.9355869571164,588.563720703125,2847855
2014-11-24,588.5168153502696,593.2099319001122,578.4735344758022,580.2100219726562,1703235
2014-11-25,581.0078959986358,590.3002907565511,570.6830383960753,585.9356689453125,4011692
2014-11-26,591.3327110293277,598.8416978360493,585.7948103437614,590.34716796875,2164082
2014-11-27,591.3326563030874,602.5961354707653,587.8597387685833,598.4192504882812,2119129
2014-11-28,602.5961728176533,606.9138171839159,593.7730906738736,596.1666259765625,2330230
2014-12-01,597.7623708138772,609.6829010757422,590.7696713624084,603.5818481445312,2014699
2014-12-02,603.5347991060967,611.8415926323062,597.9499788540759,600.2026977539062,1582287
2014-12-03,602.5961848616106,622.3072750206353,597.903068157081,610.2929077148438,4859501
2014-12-04,619.4915042395478,626.3434442680274,613.8597632919156,618.7875366210938,1897979
2014-12-05,616.769358867929,623.7151943313963,606.1160071324291,607.5708618164062,1448690
2014-12-08,611.0438268732568,614.7983204331539,601.6575929735139,611.8886108398438,1732385
2014-12-09,611.043789768219,612.4048050588405,596.9644397735595,600.7189331054688,801143
2014-12-10,601.6576822212008,611.9825410424694,597.0114842938232,609.9644775390625,1467006
2014-12-11,610.1050874409706,611.1375500579572,600.8126947320332,603.0184936523438,1179422
2014-12-12,604.473491467935,609.9174959270766,597.5746321439665,601.5637817382812,1119398
2014-12-15,601.6575423562372,604.3325958770023,585.0908180013348,593.3037719726562,1055655
2014-12-16,591.332770238186,592.5529692586495,579.0368260266224,585.1378784179688,1512132
2014-12-17,580.0692173952312,581.664888512537,561.1090146892333,568.33642578125,2116349
2014-12-18,571.6215505887621,590.3940153043208,571.6215505887621,586.968017578125,1579359
2014-12-19,593.2098361906964,595.509474386896,578.9896724233687,580.9608154296875,1260103
2014-12-22,582.978886394789,584.5745574015019,576.3146841355388,580.3038330078125,751698
2014-12-23,581.4771296872648,594.9933280144893,574.9536863467708,591.426513671875,1378766
2014-12-24,596.1196313818787,597.3868072027814,583.8236891403504,586.7333984375,2697412
2014-12-26,587.5782523541117,591.1450098403091,581.3833607880334,584.5746459960938,525600
2014-12-29,584.9969932455143,593.585419672068,580.6323718243434,584.6215209960938,686818
2014-12-30,586.1702390821015,590.2532274395239,583.2135528308518,586.8742065429688,481982
2014-12-31,586.6395787444102,590.5818081713769,585.7009554184192,587.9536743164062,789136
2015-01-01,588.0475253469747,595.838087648755,588.0475253469747,589.8309326171875,596787
2015-01-02,594.1486256121192,598.41935072072,590.7226272091715,591.4735717773438,688999
2015-01-05,587.5782567125173,598.8417376718627,587.5782567125173,594.1486206054688,1282895
2015-01-06,592.2714143644981,593.2100378420964,573.029633073734,576.643310546875,1615490
2015-01-07,576.6431030567869,579.8813643471026,567.3976880447796,574.3904418945312,813936
2015-01-08,577.2533518735927,583.3544035600615,574.4374818644532,580.2569580078125,1273014
2015-01-09,585.7009098664128,602.1268167937561,582.8850401074396,593.5383911132812,2151608
2015-01-12,592.177437498321,597.9030164672513,587.5312409047045,592.03662109375,1094136
2015-01-13,592.2713764501364,605.693679862754,589.6432423389078,597.3399658203125,1261489
2015-01-14,599.59262952383,602.4554194983884,590.4410511744704,592.6468505859375,1033679
2015-01-15,599.6864750525377,600.718937811292,593.77310217724,598.8886108398438,1229115
2015-01-16,602.3146708423042,610.1052339098085,599.780376105181,607.6178588867188,1245788
2015-01-19,611.9824484488134,620.9462903386866,609.1665782872392,617.4264526367188,1536486
2015-01-20,621.3217246182035,625.5455296022986,617.0040229277155,621.180908203125,1537603
2015-01-21,622.3073525331557,623.105159556689,601.6576364611657,603.957275390625,1541897
2015-01-22,604.0041026755266,616.8632535376116,601.9860396344291,614.6105346679688,1642285
2015-01-23,619.3976012435326,644.3649606336091,614.4228514190737,636.0581665039062,2255956
2015-01-27,644.8343574630749,666.4226983970642,641.0798633875984,663.6537475585938,2067849
2015-01-28,663.5129532685593,663.6067926998637,650.0436721126192,660.3685302734375,1379608
2015-01-29,656.9893804805788,668.2059402058619,644.3648858263234,654.642822265625,2245977
2015-01-30,656.0977059904723,659.6644631775375,648.7764554930181,653.0471801757812,1061983
2015-02-02,655.1592419951362,663.1375422200052,648.8235329930342,652.8126831054688,878717
2015-02-03,652.4840509510541,656.8016954870208,630.8018169838563,635.823486328125,772717
2015-02-04,638.6393155127456,645.7728296690634,625.6862681561911,636.3865966796875,1326140
2015-02-05,635.0255645430337,635.0255645430337,616.9101468133181,621.7440795898438,913021
2015-02-06,630.7548921069302,640.7981734241756,606.0221897144775,614.84521484375,1572398
2015-02-09,610.105173559298,615.7369136229223,587.8128691407852,591.0042114257812,1213162
2015-02-10,591.3328117321742,603.3471812111483,585.1848391949874,600.85986328125,1834808
2015-02-11,600.8598200529576,601.4698909175929,592.3183123468062,597.3869018554688,1671824
2015-02-12,601.6575900606887,624.7007827151924,594.1955226887145,620.1015625,4022095
2015-02-13,620.42999118935,658.7727294539012,618.5527446199419,626.29638671875,6373168
2015-02-16,629.1591793844232,637.2313740461282,627.0003572767531,630.3324584960938,1056625
2015-02-18,631.4119692410956,642.0184021462326,626.5780358414895,636.0581665039062,975390
2015-02-19,641.0796468305319,649.5272556467468,630.8486310152883,640.5634155273438,1803177
2015-02-20,644.0833526934877,647.6501099571865,632.2097444286635,634.4624633789062,1323954
2015-02-23,636.3866895112573,642.3469254133399,625.1232082809695,628.0798950195312,1030305
2015-02-24,631.6934844676654,637.8883753670449,628.877614551762,635.7295532226562,745543
2015-02-25,637.84143552982,643.1446799530133,630.2386099124279,634.8378295898438,865007
2015-02-26,638.7332310666302,640.5635581755448,615.8777739286443,618.9752197265625,1754632
2015-02-27,621.7440580534884,635.4479344630829,615.1736953633236,628.7367553710938,1632882
2015-03-02,641.5960010596162,680.5019516862415,639.5310181622116,672.946044921875,2226858
2015-03-03,675.8088738225986,693.3611435310745,671.2095960712503,686.978515625,2346080
2015-03-04,690.8268385450723,701.621007897339,677.6861106379649,682.4261474609375,1975785
2015-03-05,685.1950772732315,700.5885238426513,680.5019603056065,694.1119995117188,1863532
2015-03-09,694.111898837597,696.9277686097577,685.2418975974875,689.13720703125,886869
2015-03-10,694.5811743299416,706.6424596442546,680.501826201632,684.6787109375,2224099
2015-03-11,688.9496367698158,692.1878992451368,668.6753924453355,673.6500854492188,1656569
2015-03-12,675.0110998682987,683.3178947668159,667.3612955758326,675.9966430664062,1970544
2015-03-13,680.5019312552561,682.9893060575224,658.0688101920598,660.6500244140625,1031988
2015-03-16,662.808964871457,664.3576591735723,641.642960474626,651.076171875,2758251
2015-03-17,655.5346628734671,672.0544132443069,653.8920717796437,666.9389038085938,1832519
2015-03-18,670.1770961668689,676.5597237201769,664.59227557434,668.2529296875,1470026
2015-03-19,672.0544051944025,682.1915272227691,662.2926981809946,666.7511596679688,1697308
2015-03-20,670.0363421634165,674.3071247896391,651.1700333033216,656.8486938476562,1874430
2015-03-23,660.3216360015697,668.5815113906912,651.4047127009088,658.2566528320312,825791
2015-03-24,657.7403048414951,670.1301443748011,655.6284023286255,666.6572265625,976875
2015-03-25,670.5524582865016,674.3538709093987,662.9495757516922,667.7835083007812,1175071
2015-03-26,666.8918190949173,673.2275260321314,654.314244629878,657.927978515625,2634979
2015-03-27,663.6066433689437,665.4838898848388,645.0219143193849,651.404541015625,2072818
2015-03-30,652.4370582966978,667.3142725538904,652.4370582966978,659.101318359375,1612745
2015-03-31,661.7295942586433,673.6501246484852,657.2711324533545,668.7223510742188,2267378
2015-04-01,670.1770848762,672.5236432966349,660.6500347736248,666.047119140625,1693796
2015-04-06,670.1770133138193,693.7364344236701,667.8773748495469,690.4982299804688,2457940
2015-04-07,694.5812365595049,698.9927774927542,678.0614895245081,683.5054931640625,1652776
2015-04-08,687.0722845300363,700.3068507016864,680.1264489019653,691.4838256835938,2259141
2015-04-09,696.1770986000935,696.3178577591941,671.3974139606607,675.292724609375,1409699
2015-04-10,666.4224537986124,672.0072731438821,651.4044830087846,658.1156616210938,2038210
2015-04-13,658.9135872786427,670.7402184936759,648.5887304979232,668.67529296875,1497566
2015-04-15,669.6607037218849,672.9928044759231,647.7438186029932,650.3720092773438,1604656
2015-04-16,652.718648236787,652.718648236787,631.693463964846,637.1843872070312,1787533
2015-04-17,637.3251867609333,646.7114192610943,630.8486634202155,638.6392822265625,2231820
2015-04-20,638.0760615402437,641.9244511641562,618.1303178638559,619.4913330078125,1915626
2015-04-21,619.4913674438127,624.4191396848431,605.4120181837261,612.5455322265625,2144141
2015-04-22,614.7982498608422,627.000352529836,605.4120170385394,616.3939208984375,1969424
2015-04-23,619.4914616510866,627.751336348629,616.6755913708545,623.1990356445312,3600202
2015-04-24,623.6682771405317,623.6682771405317,596.0258088773151,598.51318359375,1623284
2015-04-27,599.5924735407772,600.484177016032,583.1196482551152,589.8777465820312,1502771
2015-04-28,586.6397222366627,596.0259577924494,580.7733250142961,592.881591796875,1434089
2015-04-29,593.8200039779757,600.7188617401669,587.2026644354072,590.628662109375,1272786
2015-04-30,588.0474951882032,602.9716285164087,581.9464437616696,596.9644165039062,2844112
2015-05-04,602.5962131749505,639.296364613142,600.7189664049351,632.3505859375,3045985
2015-05-05,633.1953871262789,634.1809876277443,616.8164529616089,621.6503295898438,2220174
2015-05-06,621.3685840419326,621.3685840419326,592.3651030494445,597.1990356445312,3640420
2015-05-07,596.9644845965948,603.0655367190443,582.3219824183266,589.2677612304688,1896392
2015-05-08,594.1484672923073,620.3829963817368,594.1015475915558,614.5166015625,2770332
2015-05-11,626.4841558550224,631.6465841930024,621.7910391841316,625.2169799804688,2078211
2015-05-12,624.4192836911593,633.4770233863583,614.0944251859316,623.33984375,2714276
2015-05-13,624.1846222432468,637.3253511325784,619.9138968120204,635.0726318359375,1858476
2015-05-14,637.6538220189685,653.2350057644536,636.3867032687796,643.8956909179688,2412197
2015-05-15,642.816138061798,644.5526255239271,631.3649797403897,641.408203125,1187367
2015-05-18,641.3613639312488,647.6501522295439,636.4335910338501,643.4732666015625,864835
2015-05-19,641.549105048681,651.3108114939279,637.2314602492604,640.7982177734375,848057
2015-05-20,641.9244985233955,648.3071255129273,639.296307449159,646.2890625,884919
2015-05-21,646.195255915222,646.195255915222,628.3144925790491,632.9606323242188,1596030
2015-05-22,634.5094162959786,638.7332215819725,626.9065896967998,632.538330078125,1181691
2015-05-25,634.884847691925,635.9173104464136,616.863268174237,619.6791381835938,1333330
2015-05-26,621.3686205850688,624.6538021138418,612.0762270595031,618.5996704101562,989654
2015-05-27,617.4263584634502,628.5490782785853,612.9209783499217,620.5238037109375,1529286
2015-05-28,624.1845404583474,625.1231638274578,600.5312200989632,604.4734497070312,2667994
2015-05-29,607.1485700525787,619.4914916271252,601.8453818082799,610.5276489257812,3757040
2015-06-01,605.8813395304469,631.4588244292922,605.8813395304469,621.4624633789062,2655528
2015-06-02,625.1230929606468,626.8126033757098,600.1087600939868,601.9390869140625,1725187
2015-06-03,602.7839089398867,604.0510275091751,592.3651556906548,596.1666259765625,1140795
2015-06-04,599.4987699110699,604.3796229908523,586.9211935849795,591.755126953125,965314
2015-06-05,591.2387952704113,597.8091578779421,581.9464023812973,584.4337768554688,1161230
2015-06-08,581.8525932284139,583.5421036718249,571.6215765776724,576.9717407226562,1535540
2015-06-09,570.683059014535,572.5603059191882,551.6290143901122,555.6181640625,1880172
2015-06-10,553.7878649650069,563.1740999644138,549.8456348074495,556.3690795898438,1518836
2015-06-11,558.480797330542,562.2352900857054,536.1884965967599,539.0982055664062,2025695
2015-06-12,538.8636649613277,550.0333062112621,536.704842623423,545.9503173828125,1768081
2015-06-15,545.9972155745982,556.2281757428262,536.5170853414979,549.751708984375,1358401
2015-06-16,547.2175338135917,555.6651458278667,540.3655933042646,554.1163940429688,1586626
2015-06-17,555.6650362078178,579.7876683253202,554.8202522574328,575.2822875976562,3226832
2015-06-18,580.4446685371685,584.3868405449092,565.1450629976226,569.791259765625,2134429
2015-06-19,569.7443277500731,576.9717384231577,562.2353415523786,569.4158325195312,2017997
2015-06-22,574.4375847627598,579.6000140375885,569.7444672401882,575.8455200195312,1609442
2015-06-23,580.5385901774014,592.7406947405481,574.9068496097951,591.6612548828125,1700335
2015-06-24,593.2100013821874,595.2749843637915,578.5205219450081,583.589111328125,1350706
2015-06-25,580.0693023594198,581.9465492926217,563.1740799606017,573.2642822265625,1916121
2015-06-26,574.4375500351792,583.5891286509358,574.4375500351792,581.2894897460938,2088582
2015-06-29,572.5602007231909,576.2208544303072,563.2678073368301,573.451904296875,1359591
2015-06-30,569.9320618958106,580.0691817699084,569.3219338537465,577.6287841796875,2352929
2015-07-01,581.0079316860026,598.0908904082437,578.89602886485,595.9320678710938,1789439
2015-07-02,595.9318903722065,597.7621597741668,586.7333372153149,587.9066162109375,1018273
2015-07-03,587.8127840410774,599.7333102411104,587.578128239065,592.7874755859375,1062854
2015-07-06,588.5168688862723,615.690027639544,585.090870577624,613.578125,2193898
2015-07-07,614.7045901862692,618.2244285238246,604.5674099428817,606.8201293945312,1151563
2015-07-08,603.5347850796531,615.5022322177023,592.9283531915784,606.5383911132812,1553260
2015-07-09,607.2893863089721,614.704534652468,598.2316468896789,601.7984619140625,1165623
2015-07-10,603.8164248482417,610.5745248205868,595.0872386414328,608.2279663085938,1329511
2015-07-13,612.9210304303521,624.0906708989793,611.9354873981841,620.6646728515625,1334312
2015-07-14,623.0113109108531,630.4264590335391,619.7261288570859,625.0762939453125,966237
2015-07-15,626.0617747524144,631.6935148551348,622.4011207700371,629.4407958984375,790552
2015-07-16,630.8956769349724,640.1410935672194,624.7007287528454,638.0761108398438,1342722
2015-07-17,638.3108418879535,645.4913339280331,636.9029067655086,643.144775390625,1180811
2015-07-20,643.4732226371801,649.0111232876887,638.2638745307995,641.173583984375,756355
2015-07-21,641.0797297869989,646.4768138957473,619.5852327687223,621.8379516601562,1019824
2015-07-22,623.245927536266,638.2639016937663,622.7766158438441,633.1953125,1412682
2015-07-23,633.5708584877443,635.3542660420632,622.5420324325872,631.88134765625,759001
2015-07-24,633.5707592896123,643.7078799804416,630.5202334115512,636.48046875,1177924
2015-07-27,635.2133876713589,646.4768685018817,631.6935499118206,633.8992919921875,807908
2015-07-28,635.4011083873343,638.2638982378019,624.278386963746,630.6610717773438,832236
2015-07-29,633.4768668388614,641.7836598496446,626.0617201019567,637.8414306640625,1183157
2015-07-30,643.0507363349697,670.8340176414055,643.0507363349697,667.4080200195312,2842736
2015-07-31,675.7149196774859,679.5632521955829,662.6680332183446,665.5308227539062,2031688
2015-08-03,669.9892336384983,672.9459196558879,661.7293608754445,668.581298828125,916688
2015-08-04,673.8846171947043,673.8846171947043,659.9460266611236,666.0940551757812,1237267
2015-08-05,667.3142559689292,677.5921927061436,665.483929050408,674.4946899414062,1274983
2015-08-06,676.0434965119515,686.2275373757994,673.9785135965604,679.0001831054688,1374485
2015-08-07,680.2202488509689,684.1155007824889,669.7076574858893,671.2564086914062,980254
2015-08-10,673.3684661056832,679.0940460663749,667.1265974314801,671.3504028320312,914543
2015-08-11,676.7626041372025,686.1751577413361,672.0092760570486,676.9508666992188,1636795
2015-08-12,676.2448916008995,681.7512122060416,655.8196398041838,666.079345703125,2149755
2015-08-13,669.9854679982172,687.1163248473574,668.7618476767774,682.8806762695312,2079678
2015-08-14,691.8225926804354,698.1760654703577,687.3516303467862,696.15234375,3238561
2015-08-17,701.1882137848175,701.235265064351,659.8200279330337,661.84375,7582133
2015-08-18,667.3499531703783,667.726478239478,640.8065443893256,643.6303100585938,5972184
2015-08-19,646.6424240208289,662.0790347065788,646.5483214659039,655.2078247070312,2593642
2015-08-20,656.5255358800421,666.4087159900643,647.9601360978874,650.9721069335938,2267326
2015-08-21,640.0535926110881,659.7729022851418,631.6763976102835,656.4314575195312,2011811
2015-08-24,635.3473623807638,641.8420472871896,589.2258501486787,598.4971923828125,4568527
2015-08-25,610.8747635998976,615.5810406692343,570.1184156693764,607.4862670898438,4891926
2015-08-26,609.9334673243852,610.8747226751944,596.2852647376512,600.0032348632812,2031606
2015-08-27,613.6984947370511,628.5703179355306,602.4034304167373,622.1227416992188,3929856
2015-08-28,635.3473209001736,639.771232254152,616.5222150957239,621.0872802734375,2111583
2015-08-31,621.0402409324598,644.759886191784,616.6163294934738,642.0773315429688,2172057
2015-09-01,641.9361210486836,647.9601780090651,618.4047383122949,624.1934814453125,2567389
2015-09-02,625.9347958485548,630.4057586760446,606.2625364277337,610.2158203125,2734383
2015-09-03,620.2873380331906,624.7583013953418,613.5102873416795,617.1341552734375,3366027
2015-09-04,636.5239241044192,639.86536907374,608.521577720528,611.3923950195312,4428049
2015-09-07,617.4635034565604,623.1110355003703,609.2275192260041,611.3923950195312,1844881
2015-09-08,613.698428485577,615.6750415483805,586.8726536207932,611.81591796875,2197872
2015-09-09,623.9110847210319,628.7585727452673,611.9100790286634,617.8870849609375,1561345
2015-09-10,610.8746727075006,618.8753425349486,603.0622654247486,615.298583984375,1254979
2015-09-11,621.2284592116218,623.8169111250037,610.7805490138362,614.7808837890625,1179996
2015-09-14,616.2869095943439,624.0522658435281,612.2865745568854,621.8873901367188,796196
2015-09-15,626.8291064988578,627.8174132756984,615.1104641314377,619.6284790039062,921666
2015-09-16,621.4167740913962,626.5936783542076,618.4047455758274,622.7344970703125,1038816
2015-09-18,627.8173165350604,629.6998272293184,609.0392608699028,613.698486328125,2152655
2015-09-21,609.9334162615518,613.6984373495861,602.0268489968148,611.1099853515625,1001552
2015-09-22,614.6397178672158,614.9220829704836,604.3800120010518,606.3096313476562,1673424
2015-09-23,601.2738842456948,606.168423377809,596.2852425618663,604.4271240234375,1098608
2015-09-24,602.4034204744437,612.5689667050166,601.4621651299524,605.3212890625,2130588
2015-09-28,609.9334065488941,615.439726822596,601.5091605086337,604.1917724609375,2002727
2015-09-29,599.3914349579252,606.9214782550089,591.579026527135,599.1090698242188,1385234
2015-09-30,600.5209453602677,602.3564048806916,594.1204201284936,598.6854858398438,3135198
2015-10-01,605.1331706627933,610.8748061070418,594.3557839341438,596.3323974609375,2945165
2015-10-05,602.0739786312105,604.2859056173895,596.4264468030105,602.4974975585938,2469393
2015-10-06,606.0743805756568,627.2996785495912,603.674133323997,624.9935913085938,2513511
2015-10-07,629.6056762895925,643.4420828693345,621.7932115490718,640.8065795898438,2160153
2015-10-08,647.5836692622197,648.9955522620647,632.5706352072684,640.2889404296875,2304302
2015-10-09,644.1951114708845,651.254525795377,639.347623988202,649.0425415039062,1867010
2015-10-12,651.3485865129039,652.1015791692301,635.347248404928,636.617919921875,980356
2015-10-13,636.5239203797024,640.9948832215562,633.9354682081029,639.159423828125,1215291
2015-10-14,633.4649248702351,640.241975675275,621.2286038846288,639.3007202148438,1219164
2015-10-15,643.583397314344,643.771659889416,630.0764049355863,631.5353393554688,1232379
2015-10-16,634.7826823304016,640.5243174496405,629.6998800496833,639.5360107421875,1925227
2015-10-19,639.582955991654,649.1837712359866,637.2298178165559,648.0072021484375,2154963
2015-10-20,649.1366094164644,649.1366094164644,619.9105922991165,634.0294189453125,5642920
2015-10-21,634.0295353200518,641.8420001246299,632.5235498478982,638.1710815429688,2005358
2015-10-23,642.0302296468062,645.7011483681238,639.3947262454408,642.1243896484375,1705211
2015-10-26,643.2539466467254,643.8186768922018,633.8413928909914,641.230224609375,1217235
2015-10-27,636.2886061619031,647.5836701766115,632.7588986573068,644.4775390625,1610215
2015-10-28,642.1713347754485,660.9964380301336,636.1002274858813,655.16064453125,1537365
2015-10-29,657.9374735390021,663.4909029478815,648.9955479329641,650.9251098632812,2975896
2015-10-30,657.9375540836713,662.5497287302214,647.6307955018681,649.8898315429688,1885373
2015-11-02,648.4778733187214,648.4778733187214,634.7826197101587,640.2889404296875,766804
2015-11-03,645.7481498147561,645.7481498147561,631.6763724017788,635.7238159179688,1048233
2015-11-04,640.0536512390992,640.9478553300287,628.8526893625475,631.2999877929688,1321427
2015-11-05,635.347355945481,635.7238810622043,616.7105116610136,619.39306640625,1833741
2015-11-06,616.5222662622077,633.1824977717461,612.7572447888507,619.4872436523438,1715887
2015-11-09,606.262552053511,611.5336165189441,601.0856475935146,609.5569458007812,1192556
2015-11-10,608.9921512918743,610.4040341774041,600.0502263501852,604.1917724609375,1166182
2015-11-13,597.6971275448025,598.5913315877553,578.9661237174693,581.6016845703125,2193410
2015-11-16,581.5545457328188,594.0732867866311,577.1306919224596,589.0375366210938,1127051
2015-11-17,592.0026117988016,601.368114779432,591.1084076539765,598.4031372070312,808720
2015-11-18,597.5088206824328,604.2858699663805,590.5435663083803,592.7554931640625,1026565
2015-11-19,597.6971210304105,599.9561567511788,592.8496332106916,598.3089599609375,523990
2015-11-20,598.5441928365998,610.7805101948913,594.0261220061203,608.8508911132812,1070873
2015-11-23,609.5569353846329,609.933460500611,596.2852580665696,603.7682495117188,878175
2015-11-24,602.4034616406054,608.8039869306027,597.6971845965382,599.862060546875,909556
2015-11-26,602.2152116046034,604.1918824740605,595.9087887443447,597.2736206054688,1319195
2015-11-27,599.9561437062905,607.768551108779,598.2147869532417,605.8389892578125,1110713
2015-11-30,605.2271503405888,613.2278202906588,601.4621291876147,605.8389892578125,2146672
2015-12-01,607.5802936764641,611.8159425092202,607.10966602838,610.4511108398438,670534
2015-12-02,610.4981859572596,622.5463001784716,610.4040834038334,619.7225341796875,1610659
2015-12-03,614.404491088933,617.4635712820223,604.5213089266446,612.945556640625,1484709
2015-12-04,611.4864769317295,616.5221693811623,605.791836888405,607.8626098632812,1127553
2015-12-07,609.8864258893111,615.5810093636744,602.497536796414,607.2979736328125,921343
2015-12-08,604.2859777374591,610.4041379481966,600.8974812159962,604.8507080078125,730708
2015-12-09,604.332875251888,607.0154869776812,583.5782100769848,587.1549682617188,1044192
2015-12-10,588.3315478509923,603.2033684346333,585.4607309976076,599.3912963867188,1030589
2015-12-11,599.1560479381154,605.1801048200148,593.6967787043303,601.6974487304688,1104857
2015-12-14,600.4268105013509,605.9801825942982,593.9791768866655,599.626708984375,721113
2015-12-15,599.626624336261,603.8152215406997,599.1559967278895,601.3679809570312,948636
2015-12-16,605.1801379745742,606.1213933233333,599.6737597145334,601.1327514648438,1166504
2015-12-17,601.4621986478279,607.0626797495844,598.9207975861424,605.1331176757812,1333918
2015-12-18,605.0388950824539,611.1570545297478,602.4974942836452,604.3800048828125,995474
2015-12-21,611.6276817064347,611.6276817064347,603.4387491164582,605.8860473632812,738842
2015-12-22,606.121375622807,609.9334481840241,603.8152885957584,606.356689453125,508379
2015-12-23,608.0509397735877,611.2512308575257,606.6390567864975,609.415771484375,342498
2015-12-24,610.6863732166659,615.9574369009449,607.29787741579,610.1216430664062,395801
2015-12-28,610.0746655074497,620.7108392532824,609.2745640066411,618.969482421875,793844
2015-12-29,621.2285014073979,621.2285014073979,613.698458966096,615.4397583007812,472504
2015-12-30,615.3925498832451,618.404577580569,611.9098946535158,614.8278198242188,587218
2015-12-31,614.6397684881805,616.5222792645609,609.1804987266115,611.5806884765625,765254
2016-01-01,614.8278983220767,619.7694880432475,610.4039874627163,616.8515625,556012
2016-01-04,613.7456192050802,615.3928162815564,601.8387719506431,607.7216186523438,631534
2016-01-05,608.2391804517474,611.7688877925193,600.567926851271,603.2034301757812,642269
2016-01-06,602.1210105702401,617.4164087804246,601.1797552957672,613.7925415039062,1234096
2016-01-07,609.9334673243852,611.8159780260037,592.0496156590096,600.0032348632812,732335
2016-01-08,599.8620006137307,607.1096780274017,577.9307632694956,585.7902221679688,1553402
2016-01-11,581.1309675195597,581.1309675195597,568.7534389992095,574.2127075195312,1668698
2016-01-12,573.2244915824989,580.6604316124502,570.1183605072067,575.5305786132812,1278522
2016-01-13,579.1072193811909,579.7661094628597,561.0821606416384,572.8949584960938,794118
2016-01-14,567.9535461431731,580.8016482182475,561.6941745901588,578.2131958007812,986574
2016-01-15,579.813350055624,580.7075542120405,566.9651903415678,573.3186645507812,1119442
2016-01-18,572.283144062902,572.3301953315286,551.952055345793,556.328857421875,1435098
2016-01-19,555.6700472587871,565.5061767024661,548.7518437353007,562.917724609375,849433
2016-01-20,559.8587010042907,567.7182180721541,553.4581757676599,558.3056640625,1002709
2016-01-21,564.9885603655314,566.1180783484913,542.6807956383409,546.1634521484375,1452498
2016-01-22,548.5635258847909,553.9286920813732,543.4807822114436,547.7164306640625,1297154
2016-01-25,555.3405585253166,555.3405585253166,545.1750140286829,546.4927368164062,910559
2016-01-27,547.8105645389212,553.128679769035,538.6803769733401,546.398681640625,982504
2016-01-28,546.8693282488307,551.1049770906892,541.2217964596862,543.8572998046875,1336930
2016-01-29,545.88102425109,557.2231391578671,544.139667471423,550.7284545898438,1146060
2016-02-01,557.1291284862292,570.3537561792043,554.5406759771188,564.235595703125,1045333
2016-02-02,565.6944095199532,570.4477370783998,528.985454492868,540.280517578125,1779141
2016-02-03,536.5155228895686,544.798558068808,526.5382396542951,529.0325317382812,1188642
2016-02-04,533.6917710330089,536.8920621284171,508.32492845076604,518.0669555664062,1614064
2016-02-05,522.3966973467826,539.6216580396355,512.136991482088,536.65673828125,864080
2016-02-08,541.1746775058866,541.9276701603378,528.138258786469,533.5504760742188,1264314
2016-02-09,531.7150603915542,537.644956382051,518.725693284226,523.1966552734375,1357674
2016-02-10,522.3966615037223,526.1146312151675,502.63030133871655,506.9600524902344,2425499
2016-02-11,498.8654039605538,516.4668929109839,486.9114478851489,509.0780029296875,5647601
2016-02-12,511.1017088689882,511.61938787606636,494.2061620674544,497.547607421875,1981976
2016-02-15,501.7360826983837,510.1603283933347,497.4533829444232,507.9954528808594,2467275
2016-02-16,513.8783775139483,517.2198225665281,489.87636572969626,493.2648620605469,2664696
2016-02-17,495.100306128184,495.5709337956062,483.2405118890104,488.6056213378906,1924596
2016-02-18,496.135642651314,498.3005757879599,490.01748323829435,493.59429931640625,1967772
2016-02-19,495.0532101786973,499.80653770079715,488.6997372418228,493.82958984375,1054082
2016-02-22,498.2534709232916,500.6066091772973,494.1590333411876,499.3359375,1236400
2016-02-23,500.65377621586475,501.59503162709996,487.0996753142096,491.9000549316406,1047760
2016-02-24,491.52350402136454,492.3235480055975,480.51080608444306,483.7581481933594,1836770
2016-02-25,487.5701889008686,491.14694713646463,480.040147373442,488.5114440917969,2723564
2016-02-26,492.1353373214929,496.7475115215505,488.51152719978154,493.2178039550781,1985528
2016-02-29,496.98283608152775,496.98283608152775,475.33396254009756,483.94647216796875,3487816
2016-03-01,484.74647920454646,490.7705361007405,479.66370633261084,486.01715087890625,2146110
2016-03-02,492.7471113682629,500.74778079831106,488.8879879171624,494.7237243652344,3422308
2016-03-03,498.86525264109355,499.806507834756,492.6529913427846,496.1355895996094,3101778
2016-03-04,502.3479852408438,513.5488892901292,499.1006428357135,506.1130065917969,2693406
2016-03-08,508.0896344660155,517.4080855580797,497.7358254524634,501.0772705078125,1409496
2016-03-09,502.4891210415427,503.57158762096765,490.7234297419874,498.2064208984375,4376676
2016-03-10,499.0535447675515,508.46609726241417,498.865282227722,502.583251953125,3609343
2016-03-11,503.1009963196233,506.9130690861806,499.7595512390525,503.1950988769531,2806975
2016-03-14,506.395323907549,511.8075415887171,498.9593844613841,506.018798828125,3909833
2016-03-15,506.96008306704965,507.33660816800483,491.33526802170417,494.2060852050781,2961527
2016-03-16,494.0649450640641,503.38333834932934,485.87601221361933,499.80657958984375,2221318
2016-03-17,504.7951613976356,505.4540515394811,490.91164694659767,493.73541259765625,2100095
2016-03-18,497.92398947965347,498.9122959272526,487.09955492574795,497.2180480957031,4345885
2016-03-21,498.8653525778513,506.77192076838685,496.5122141222954,504.3716735839844,1221223
2016-03-22,505.9247466322629,507.33662964612034,499.8536381827424,503.8539733886719,1529194
2016-03-23,503.38330398611146,504.7951868829216,494.6766927891156,501.50079345703125,1361735
2016-03-28,504.7952336712374,505.78354030067595,491.42939618598666,493.40606689453125,1947564
2016-03-29,490.44107763788105,494.1590476770032,465.49781142180376,473.92205810546875,6503207
2016-03-30,477.1694222102737,486.15839952077243,472.98082431595,482.2521667480469,4372138
2016-03-31,482.86397798037126,487.5702545688739,478.063570115132,481.87567138671875,3086978
2016-04-01,483.61702596042227,486.9114199485037,480.04026683472534,484.3229675292969,1239447
2016-04-04,488.5115276104279,488.5115276104279,482.0639514301187,484.0876159667969,768318
2016-04-05,482.86396901792375,485.68773491861333,471.99248179020157,473.451416015625,1086907
2016-04-06,473.78091188282275,477.68711605237263,467.80393434094424,475.28692626953125,1820374
2016-04-07,476.0398621707074,482.9110142869955,472.22778974212036,476.65167236328125,2102922
2016-04-08,479.8519157605674,480.60493719672195,473.6867053527147,474.81622314453125,1262329
2016-04-11,475.804609068999,476.2752367733205,467.85098937603215,472.6513977050781,2929584
2016-04-12,473.1690762786378,478.9577909403759,470.34531022658666,472.463134765625,3622355
2016-04-13,475.4751094828879,484.74647994129464,474.39267163186895,481.8285827636719,3642720
2016-04-18,484.74651921413823,494.81796323920076,477.31060747989795,493.3119201660156,3507933
2016-04-20,494.1590850283845,499.2418871685446,488.7468664780736,496.2298583984375,2898556
2016-04-21,498.8654138091811,502.6304358001938,495.66512213694983,500.7479248046875,3392813
2016-04-22,498.5829495353697,505.0305254333804,496.04154870671164,500.135986328125,1880283
2016-04-25,501.2184856012676,502.4891573736287,492.7471872530772,495.5709533691406,1959119
2016-04-26,493.8296899193214,510.39576269497377,493.3590621989941,508.7485656738281,1855477
2016-04-27,507.8072657651647,512.3252799947359,503.10098897401394,508.4661560058594,1456338
2016-04-28,507.24243872766095,511.80750336401053,494.15896876525153,497.2180480957031,3088525
2016-04-29,496.2299008946866,506.77197376803065,496.13574087681525,505.4541931152344,932705
2016-05-02,505.4070533142254,512.6076220103744,503.5715939584624,508.88970947265625,1336667
2016-05-03,508.2778432765825,514.8666301338715,495.6179484680018,505.3128662109375,1524809
2016-05-04,502.63034262219253,509.54854626830587,497.92406600587987,501.8773498535156,785756
2016-05-05,504.0422703952111,512.0429413538652,502.1597595814101,509.97216796875,1025103
2016-05-06,508.27791914122105,510.866371507218,503.6657446728491,505.7835693359375,511789
2016-05-09,506.6777449632362,508.46615311356766,501.92441692114573,505.0305480957031,727957
2016-05-10,505.4540473622822,507.8071853853841,501.45371272300906,505.5010986328125,669096
2016-05-11,500.7478847552463,507.8073004237883,499.57131547715596,505.07763671875,943441
2016-05-12,505.4069743375816,510.5838777655769,502.95967642909915,504.7951354980469,670055
2016-05-13,503.05390617450206,507.05424119631783,498.912359877933,500.4654541015625,891484
2016-05-16,502.48911802866013,502.48911802866013,489.7821715013302,491.1470031738281,883516
2016-05-17,492.27663282881485,497.59474945205636,491.8060050727644,492.9825744628906,679688
2016-05-18,491.8529021636172,495.80618556503106,489.49976412106844,493.73541259765625,653047
2016-05-19,493.3118487625019,495.00615415580467,480.2284353841417,482.5815734863281,1062398
2016-05-20,484.087598445714,484.9818024875406,471.75717676262667,477.3105773925781,1700932
2016-05-23,480.040212155457,480.040212155457,465.73311983265546,468.1803894042969,2021694
2016-05-24,470.5806206709653,475.52221122642163,462.67405280236824,465.0271911621094,2526624
2016-05-25,451.8025365837435,451.8025365837435,430.5772414070857,442.20172119140625,15183389
2016-05-26,444.93138127036383,446.0608703687345,438.62495941967626,440.4604187011719,4432025
2016-05-27,443.23711087414114,450.390656832115,441.54286283994054,445.6373291015625,2638981
2016-05-30,448.9317671171744,450.39070147318284,442.3900307051117,445.7314758300781,1183625
2016-05-31,447.472790608549,451.0966294750156,443.33127278608737,444.88433837890625,2368362
2016-06-01,446.8139502905375,446.8139502905375,435.56593676001523,437.5896301269531,1247617
2016-06-02,437.16601706302487,442.3899722668823,432.036164405317,440.6015930175781,1354914
2016-06-03,442.86062037931276,446.107962666926,435.1423153992409,437.8719787597656,1318109
2016-06-06,441.40165967460223,443.80184906508566,438.0601863120665,439.23675537109375,1409144
2016-06-07,439.2367686040827,444.1783588008737,439.2367686040827,440.8369140625,1797918
2016-06-08,444.13133118128263,446.1550243865928,440.5074924323321,444.4136962890625,811331
2016-06-09,445.73145990383443,453.6380278308192,441.5428908274639,450.9554443359375,1695845
2016-06-10,447.0963192900168,458.01488777975067,446.62569158550104,448.4611511230469,1704257
2016-06-13,447.04919668624433,451.7083929827107,438.20137427308066,441.1663513183594,1271568
2016-06-14,442.48414060673724,455.5675840738076,441.9664329353898,454.3439636230469,2522251
2016-06-15,457.3559422653597,463.61528423446754,455.37930040015937,461.26214599609375,1860880
2016-06-16,459.1443580967862,460.13269347040364,451.1907674534421,458.0619201660156,1239939
2016-06-17,458.3913361573411,461.2151020884951,455.6146215017733,457.8736572265625,593507
2016-06-20,458.0619786345327,462.06231446852604,454.2028253791244,459.5679931640625,1026672
2016-06-21,461.2150674262349,461.2150674262349,452.0848801117426,455.0027770996094,861422
2016-06-22,455.4263636806939,457.9206843768348,451.8025251816664,454.1086120605469,673949
2016-06-23,452.83796811113217,454.6263475844062,446.7668594329594,447.80224609375,1918112
2016-06-24,440.50751486175034,449.92006859811255,432.600975468173,448.55523681640625,1875935
2016-06-27,447.096266877335,462.156351656361,446.1550115786458,460.3208923339844,2362093
2016-06-28,461.21509906784405,469.6863968058248,457.9677567783518,468.1333312988281,1775304
2016-06-29,469.4981414450082,474.3926805918412,466.909689318763,472.9337463378906,1048438
2016-06-30,475.3338991572519,477.0281471098604,470.1099440326836,471.5688781738281,2152521
2016-07-01,472.51018213641646,480.0402248796263,470.4864888941455,478.72247314453125,1008068
2016-07-04,480.6991127765884,483.2405136800208,478.25184315195594,480.2284851074219,1055119
2016-07-05,480.22848978356865,481.0756138513504,473.16907467733137,477.2164611816406,689915
2016-07-07,475.80458036044564,486.9584333000075,474.4397486103289,484.0876159667969,2078580
2016-07-08,487.5702925476225,491.75889052758913,482.9110668721466,489.73516845703125,1828792
2016-07-11,494.53555710997676,497.2181117324537,489.4527555151461,491.33526611328125,1441960
2016-07-12,491.80588947819973,492.1824145744122,483.89932205504834,485.4053649902344,891315
2016-07-13,485.68777562782833,488.9351181757389,481.16976129796836,484.3699951171875,1202156
2016-07-14,485.59364138156894,486.252474144227,477.21644607416806,481.87567138671875,1257722
2016-07-15,483.75815262379626,488.41737765320255,480.2284453969221,486.0642395019531,1004156
2016-07-18,486.67605897000294,486.9113728035103,475.6163087951567,477.1694030761719,1459230
2016-07-19,477.2164319001254,480.41669414028803,471.1453237913449,476.0869140625,1027246
2016-07-20,477.6400257295059,488.8880383430235,475.56925252644425,487.4290466308594,3584904
2016-07-21,491.80587932395974,495.99447677177096,483.80520951677573,485.5465087890625,2274652
2016-07-22,485.68779885703344,492.18248426347884,482.2521935790481,489.829345703125,1188747
2016-07-25,483.8522694199077,495.5709092481879,482.8639628572087,493.7825012207031,1337348
2016-07-26,496.51212854443713,499.00647785727296,491.0999110294978,492.7941589355469,2105457
2016-07-27,492.2764828281391,498.06522544355374,486.5819002050495,492.4176940917969,894972
2016-07-28,493.12365479715675,496.93572711875333,488.51148103297294,490.0645751953125,1347889
2016-07-29,491.71181410586007,504.04223611785875,489.4527783030561,496.4180908203125,1785352
2016-08-01,497.7358250399664,503.5716197872476,490.86467237205534,493.2648620605469,955999
2016-08-02,494.25318923225365,498.8183124075003,485.87605061371494,487.4761962890625,1009436
2016-08-03,486.6289560596456,503.4774477309365,485.02881067164503,498.34759521484375,1846161
2016-08-04,499.9948419820054,502.6303454118347,492.27653679848225,495.9945068359375,1564658
2016-08-05,499.7125720483593,503.1951714673206,496.27696646517336,501.92449951171875,699384
2016-08-08,502.5362980046809,509.4074511667058,500.70083842278467,503.94818115234375,852842
2016-08-09,506.2070940809006,508.27786725223154,499.0065254312929,501.64202880859375,886532
2016-08-10,501.21845580176483,502.5832874999844,488.98213669298934,490.62933349609375,809814
2016-08-11,490.86462840663125,494.6296495257617,487.4761323792791,493.17071533203125,761596
2016-08-12,493.21784173683136,495.47687773228864,482.0168792213361,485.6407470703125,2124886
2016-08-16,480.2284952077614,524.7969134353406,480.2284952077614,521.5966796875,8817547
2016-08-17,519.5729774479056,530.868042175034,515.0549630469883,517.5492553710938,3819727
2016-08-18,521.1730599719338,524.7498185456305,515.807893386557,520.1847534179688,1434412
2016-08-19,520.3730330399486,527.6207112231136,520.0436166246703,524.0910034179688,1598177
2016-08-22,524.2792638739505,531.7152045999666,519.855351952764,524.843994140625,1218782
2016-08-23,524.844008097366,524.9852193926253,519.6200519178625,523.0086059570312,874783
2016-08-24,526.9147530883699,538.3980802765091,521.3142720570982,533.8800659179688,2340210
2016-08-25,536.5154695759982,540.7981692905765,527.1029174781736,529.8325805664062,3471437
2016-08-26,534.1624989347764,538.1157835445815,529.3150101055417,533.9271850585938,2196070
2016-08-29,534.9154217651139,536.8449838070698,529.832677175304,534.633056640625,1085860
2016-08-30,536.515627691676,547.2930145098035,534.3507515611008,542.2572631835938,1075723
2016-08-31,546.9165050842597,552.9876146413211,536.5156431413669,539.2923583984375,3596264
2016-09-01,541.2218191268564,547.1517162638781,537.4567977764087,545.1280517578125,960422
2016-09-02,546.2104009417025,546.9633936391654,537.9273663702896,543.9984741210938,880437
2016-09-06,550.6344091035005,551.8580296337964,542.1631105019081,544.6103515625,1189215
2016-09-07,545.9751429818233,551.5285724117947,541.3159176057851,546.634033203125,1786522
2016-09-08,547.0575875303095,563.2471900524076,547.0575875303095,560.1881103515625,1573263
2016-09-09,560.1409855375097,560.6116131702751,544.045543476798,546.398681640625,1513978
2016-09-12,540.4482257721621,547.0597907838671,531.0975607677278,538.4647216796875,1296182
2016-09-14,538.3704025466722,551.3101939270119,538.181489121385,545.4542236328125,1579482
2016-09-15,546.870888859093,558.2050005452919,544.8401707893398,552.915771484375,1294197
2016-09-16,554.5214887924895,562.9276461653458,553.5769793190577,560.6135864257812,2145891
2016-09-19,561.8887037228177,566.7056789344474,560.3302400464349,564.6277465820312,1213754
2016-09-20,565.4777815701149,573.7894526466995,562.9275946953628,569.3974609375,2209606
2016-09-21,569.3975381986301,573.3172757461596,563.9666084860429,567.9807739257812,1578461
2016-09-22,571.4283149025391,577.048158620082,570.3893773893058,575.30078125,1926725
2016-09-23,575.20631929207,583.517991850705,571.1449397331302,577.6148071289062,1225528
2016-09-26,575.2062249195487,580.873281322697,569.5391685164004,570.9559326171875,1796225
2016-09-27,570.4836619886785,576.4340595161898,568.4529437749377,573.506103515625,1443938
2016-09-28,574.9229998000872,578.4176968178356,568.8309014060554,572.1838989257812,1561039
2016-09-29,574.261707340236,577.0952355014542,553.2463734778671,569.3974609375,2252434
2016-09-30,568.4530278041588,570.3893184260193,531.0504741181154,547.8627319335938,6967821
2016-10-03,552.2546371312743,558.8662026849108,549.8933637192612,556.17431640625,1146677
2016-10-04,557.5439255953506,570.3420173149636,557.5439255953506,564.6277465820312,1656807
2016-10-05,566.7057233880437,566.8474228782056,557.260627998243,558.819091796875,961556
2016-10-06,559.6219840559886,563.6833641405755,544.8403845401704,546.6821899414062,1504743
2016-10-07,546.729274201766,551.0268383346231,535.0646055081646,538.4176025390625,1317543
2016-10-10,538.6065218739521,551.9713538495588,538.6065218739521,548.429443359375,929998
2016-10-13,563.824957358334,565.7611903030029,548.2877645590871,549.7045288085938,3834775
2016-10-14,552.3019774662779,557.2606527663171,550.6490856995981,554.4271240234375,1054501
2016-10-17,556.316072327285,559.1968146526341,551.2629697720803,553.4825439453125,1344977
2016-10-18,554.4271627914449,561.038730320474,549.9407419681751,559.8580932617188,1213156
2016-10-19,558.3940502159282,565.5722996431081,558.3940502159282,563.2582397460938,1001409
2016-10-20,563.399956868215,567.177995137239,560.8497695069659,563.494384765625,913371
2016-10-21,564.344453905664,564.344453905664,538.3704413828092,550.8851928710938,1792780
2016-10-24,552.5381020853939,561.4165151611246,549.7045733567509,552.2547607421875,992033
2016-10-25,553.4826213226448,561.5109528606014,550.3657511963905,552.0658569335938,831989
2016-10-26,550.6490501381097,552.4436412853528,543.2346734657189,545.595947265625,814132
2016-10-27,545.9264508392686,555.3715451444463,538.8426301103854,553.2463989257812,779140
2016-10-28,553.0103307688275,554.2853955772121,541.8651298252618,543.2346801757812,911117
2016-11-01,547.2959883707772,547.2959883707772,538.4647908109501,540.0232543945312,880843
2016-11-02,538.3232290382157,538.3232290382157,526.611287570082,529.019775390625,806345
2016-11-03,525.1473157610212,532.5144788049893,525.1473157610212,528.9253540039062,701598
2016-11-04,525.2418018660408,534.1202157800583,508.1461999817354,514.4744262695312,1517311
2016-11-07,519.0079136567546,524.9110973880644,513.813111973202,515.4660034179688,939497
2016-11-08,519.1968450785832,520.3302679239728,500.7789111979136,505.59588623046875,1015538
2016-11-09,483.6832311339713,502.4789908823007,459.55102796993737,497.09527587890625,3810958
2016-11-10,514.7576448507584,536.4813619729005,514.7576448507584,532.4199829101562,3982787
2016-11-11,528.6419309351817,532.7033098887198,514.993758363164,517.5439453125,1232505
2016-11-15,517.2134391034183,529.9171048808647,499.26775652289973,521.7471313476562,1505372
2016-11-16,530.8143398302153,533.5061688501115,505.78483804106816,508.2878112792969,1169205
2016-11-17,509.09059833801393,518.8662481781415,506.35149784793987,515.4188232421875,924167
2016-11-18,511.16859509198616,524.8167700223752,511.16859509198616,520.3775634765625,1214083
2016-11-21,519.4801698996677,524.5332721293802,512.0185225817972,514.85205078125,1056778
2016-11-22,516.7410377572062,528.3112771924142,513.3408271865776,519.952392578125,1300502
2016-11-23,524.1082600784362,528.3585521429272,516.7883126340349,522.124755859375,1520986
2016-11-24,520.8024663175077,527.3195460892277,514.8047974980578,522.9276123046875,1816603
2016-11-25,526.0917786004612,538.3231878552095,518.0634480473124,533.695068359375,1022658
2016-11-28,537.709255683664,544.981990483201,536.5286187892029,538.889892578125,1224023
2016-11-29,541.2039041693932,542.1011996588416,532.9866605869033,537.5675659179688,832424
2016-11-30,538.3704129643589,541.4400688277523,532.2311012375725,535.1590576171875,1366319
2016-12-01,535.5368652013575,547.6737887343503,534.6867836258518,536.6702880859375,1064251
2016-12-02,534.5923842188649,542.0540324289371,534.5923842188649,539.5038452148438,984594
2016-12-05,541.6762342735943,549.1378828791371,539.6455156542296,541.2039794921875,1158108
2016-12-06,543.0928713355281,548.2404587761025,539.267620032298,542.951171875,779936
2016-12-07,545.4069532378445,545.548595055937,537.8036642553329,539.1731567382812,694556
2016-12-08,541.6760699559773,551.4989894887681,538.5592008738533,550.4127807617188,1177494
2016-12-09,553.4825444099538,553.4825444099538,544.4624905827587,546.7765502929688,539344
2016-12-12,544.415180123433,549.7044091105486,540.8259986875984,542.9039306640625,848042
2016-12-13,542.2428888908394,548.9489410287503,538.8426776999872,546.7293090820312,553306
2016-12-14,546.8709885503205,547.4849427712189,532.939473729738,536.4813842773438,585671
2016-12-15,536.4812988462768,544.5568420791848,528.0751427592701,531.9004516601562,1032429
2016-12-16,531.6643804152935,538.2759464154567,530.2003446823471,534.78125,665505
2016-12-19,533.6478287185116,542.6206683164336,530.2476178249273,537.5675659179688,997716
2016-12-20,541.0621769324512,541.9594723758576,530.8142731873446,531.8532104492188,873053
2016-12-21,533.647878762574,535.9147246697295,530.7199223100938,531.5699462890625,743830
2016-12-22,531.0977046640537,534.5451875563886,528.9253442441371,530.2476806640625,1870565
2016-12-23,529.8698725829506,556.4578402290937,521.3692863917803,549.9879150390625,2585856
2016-12-26,549.0433178981752,549.0433178981752,517.6855934199486,524.155517578125,2106357
2016-12-27,527.9808105000606,534.7812904297183,524.3444719843741,532.372802734375,1063407
2016-12-28,535.5368590901899,540.2594063484808,529.6808889602527,531.192138671875,743252
2016-12-29,531.8532729365161,537.4259020096381,531.5227176729769,533.5061645507812,985947
2016-12-30,534.2144968484188,541.6289302727394,534.2144968484188,537.2369384765625,673901
2017-01-02,538.1343180518269,540.6845053756748,531.995005954702,534.5924072265625,520139
2017-01-03,535.3478864415711,544.7929799131877,530.8142531048502,541.8178100585938,626867
2017-01-04,541.1566739855322,544.0374161350637,536.0090862094595,536.7174682617188,729355
2017-01-05,538.5593457459137,549.2322919094231,537.7092641092671,547.673828125,919562
2017-01-06,547.862648477545,558.2050376075432,545.170819832657,550.5072631835938,851729
2017-01-09,551.1685367967547,556.2689114299926,542.9985637719437,544.6986694335938,545949
2017-01-10,545.4542981105963,550.5546730483495,541.7706875835198,542.9985961914062,430654
2017-01-11,544.9347534179688,546.8709863130821,537.8981462958553,544.9347534179688,543706
2017-01-12,542.1012337580102,555.1826671458829,535.8202225850653,553.7186889648438,1086059
2017-01-13,554.4270665484045,556.410513403489,547.2960314810588,551.02685546875,557024
2017-01-16,545.3597634069616,559.149577910995,545.3597634069616,556.1271362304688,634510
2017-01-17,557.7328639056847,559.149628166241,548.9489370198922,554.6632080078125,737937
2017-01-18,556.1271819554705,560.471960243544,545.3125366530473,548.5711059570312,591422
2017-01-19,549.9878621562232,554.8048951236891,541.5344907270495,548.1460571289062,772657
2017-01-20,551.4046152439399,559.6218591355874,542.5262608440919,545.5486450195312,1100568
2017-01-23,542.5734797778061,551.0740650580453,541.2039295085555,543.8013305664062,1197343
2017-01-24,542.8096085208205,549.0433480161298,542.2428682450665,547.7210693359375,527089
2017-01-25,548.9961735132549,556.1744230022422,545.5959622075848,553.1520385742188,888914
2017-01-27,552.2545980613323,558.5828218874846,547.2959242469124,547.9570922851562,622149
2017-01-30,546.5875552003222,552.1129116648996,545.123577283477,549.9405517578125,589553
2017-01-31,549.2794317418584,550.6489819057566,540.8260610560164,543.4234619140625,712955
2017-02-01,541.2038719212264,547.1070555154806,534.8756475785304,540.4010620117188,873328
2017-02-02,543.0929319959599,554.4270453593539,535.584070363055,551.924072265625,1033116
2017-02-03,551.8768992100198,577.5675696000557,548.1933466829812,574.1673583984375,2491068
2017-02-06,576.4813774601737,586.7765545551445,565.8556450839236,568.2169189453125,2513820
2017-02-07,568.4058896012511,574.261860896632,561.6054086662376,564.3917236328125,1084820
2017-02-08,566.7057681560614,575.2063546784024,564.5806215254762,569.7282104492188,2122225
2017-02-09,577.0952887903251,577.6147574715271,552.0185737776198,555.041015625,4192748
2017-02-10,559.149638793332,560.8025304620622,544.7930824838459,547.768310546875,1485266
2017-02-13,550.3656953905021,552.9158825618688,544.0846841766066,550.3184814453125,946922
2017-02-14,549.704436839022,554.0491567512918,542.2427899806943,544.0845947265625,816754
2017-02-15,545.454115645492,546.5403243896361,539.4565047059284,542.3844604492188,1441907
2017-02-16,543.0929493637873,552.9158709855066,542.62069462521,552.1602172851562,1156826
2017-02-17,553.3880791814078,563.352641797661,548.4294048433961,560.3302001953125,1209276
2017-02-20,560.2831341325294,564.5806414967396,549.704614556424,559.8580932617188,1008015
2017-02-21,559.0552332760927,561.9831898614334,555.8438777032833,560.1885986328125,712028
2017-02-22,559.338560764649,559.9997289718891,553.4825900906873,556.55224609375,942703
2017-02-23,556.5993909872919,561.2275102155045,553.529735365062,559.5274047851562,1263865
2017-02-27,559.1496706135199,561.888771451179,549.090620540633,552.7742309570312,867683
2017-02-28,555.088279939202,559.9052556358653,550.2712465942502,551.3102416992188,749802
2017-03-01,553.1991865400325,559.999665988546,551.7824223902705,553.765869140625,808027
2017-03-02,555.6549505016588,559.102433379798,553.8604169657638,556.55224609375,1571599
2017-03-03,556.2688453143069,563.5887934624196,552.5380215027093,555.938232421875,759454
2017-03-06,559.1496326409534,561.983161184742,555.5605080151449,557.3550415039062,943409
2017-03-07,558.8662447071036,558.8662447071036,553.576957277517,555.4187622070312,475240
2017-03-08,558.913506677928,560.4246988457952,550.6962623504711,559.0079345703125,1055453
2017-03-09,556.127178026246,560.519170228622,552.7741808552856,556.5050048828125,690612
2017-03-10,556.5049469542298,558.6773070326469,554.4742286960677,556.4104614257812,558480
2017-03-14,563.8721504682328,568.1224430597019,557.5911394681932,566.8945922851562,1324778
2017-03-15,568.5946977920873,572.2310361721422,565.3361286089712,566.8945922851562,1479366
2017-03-16,571.5226540375245,572.2783077279198,564.863873840966,568.0280151367188,852049
2017-03-17,570.9559357942434,570.9559357942434,561.2747143849944,564.1554565429688,2189719
2017-03-20,564.3444826131686,568.1225209904952,560.5192302857835,563.2110595703125,1027093
2017-03-21,565.2889459176002,565.2889459176002,557.5439563486375,559.0079345703125,861663
2017-03-22,556.2217202570622,565.2417753061754,555.2772106676621,562.172119140625,1018355
2017-03-23,562.7387775328424,565.0056235088242,549.8934707310465,563.163818359375,1555876
2017-03-24,561.9830562833635,565.0527116328103,558.6772735993436,560.9913330078125,930175
2017-03-27,563.8721994283868,563.8721994283868,557.2606326009183,559.2440795898438,1038435
2017-03-28,559.1496403430501,562.9276784534761,558.6301716325239,561.1803588867188,772698
2017-03-29,561.98315938083,563.4471375940976,559.0552029542945,560.23583984375,1047812
2017-03-30,561.5108784064576,567.5084904655313,558.9606913146522,565.147216796875,2096305
2017-03-31,564.8165745109081,565.6666559599499,558.205009257436,560.0468139648438,2242680
2017-04-03,562.2664652635968,562.2664652635968,557.3550045833863,559.7635498046875,758083
2017-04-05,566.7057100934479,570.3893202683697,557.685655737451,560.141357421875,1926049
2017-04-06,558.6774293993419,560.7081481022908,554.4743501421653,557.5440063476562,1436914
2017-04-07,557.5911753918407,560.5191895102419,552.6797719772337,557.2606201171875,1958876
2017-04-10,558.2049349610479,561.2273759185782,555.607534671466,556.9298706054688,1177737
2017-04-11,557.260613125279,558.8190768823164,543.1873983107669,547.8627319335938,2103296
2017-04-12,543.092975374201,549.7045420309305,538.9843820111195,547.2488403320312,1188457
2017-04-13,548.2877956966963,550.6018556319644,542.8096518171535,545.2181396484375,1038273
2017-04-17,547.8154877053069,547.8154877053069,541.2511354178022,544.5097045898438,487497
2017-04-18,544.5097399730568,546.1626316381961,541.4400840235122,543.8485717773438,1062574
2017-04-19,544.0374467745669,544.9819562307728,540.9677910418978,543.4707641601562,1078477
2017-04-20,544.0375450480503,545.1709681298923,541.4873575259791,542.1957397460938,1339006
2017-04-21,541.2039629543805,542.1484724883322,531.4755262843344,533.12841796875,1256922
2017-04-24,533.6479006064291,533.7423285029731,522.927740175686,526.1390380859375,1997176
2017-04-25,526.0446400110602,530.4365751185364,519.7636280310121,522.2666015625,1543039
2017-04-26,519.2912391807314,529.8697556357348,515.135432549025,525.8555908203125,1425158
2017-04-27,528.9253890053922,533.4590236672084,524.2500548407753,530.5310668945312,2343761
2017-04-28,530.7670770334229,530.7670770334229,524.2027250726767,526.5167846679688,865584
2017-05-02,527.0364210701699,527.9809307853494,523.0694687367563,524.533447265625,1380964
2017-05-03,523.82496867808,527.3668794588505,522.5026899088983,525.1945190429688,798476
2017-05-04,526.6583842155876,526.6583842155876,517.7800310205067,519.4329223632812,1271612
2017-05-05,518.5356269618343,523.6360004502772,513.9547797283121,519.4329223632812,560799
2017-05-08,519.4330216955439,524.0138698050712,516.1744523241332,520.9442138671875,302450
2017-05-09,521.3693059013086,523.2583251255887,514.8049525672769,522.2666015625,652189
2017-05-10,522.1720035070008,531.3337563004592,520.6608115124894,529.9169921875,718502
2017-05-11,531.2394056518835,533.6478934644106,527.3196679768564,530.7671508789062,566621
2017-05-12,529.0196492497729,538.2286151576708,526.2333928629257,536.43408203125,725246
2017-05-15,535.5368235073526,540.6844112065232,529.8697671739413,537.4258422851562,606569
2017-05-16,535.2063196463733,538.3704033435527,532.7033464662521,534.2145385742188,330195
2017-05-17,533.742237267933,534.5923187846759,528.972476342001,531.1448364257812,895238
2017-05-18,528.264179281004,533.6006812927243,525.9029054082583,529.019775390625,2155599
2017-05-19,530.1531036400464,535.2062634136877,527.6501883711835,533.6005859375,685662
2017-05-22,535.5368201018227,536.1979881995053,522.4081166202624,531.8532104492188,948063
2017-05-23,527.6029630501525,527.7918764724369,501.77065229261297,503.6124572753906,1225772
2017-05-24,501.5345832003163,506.587686355919,485.4779204613231,490.8144226074219,1340656
2017-05-25,493.0339148385184,495.8674430847168,468.8544680394642,476.0327453613281,4378940
2017-05-26,456.1980303084685,476.7411093130424,453.55341557546626,461.7706298828125,7010307
2017-05-29,464.6986839849416,479.33858154950786,461.77069870719976,477.3078918457031,4118338
2017-05-30,476.7883428907958,488.8780519169674,473.57701663298207,482.17205810546875,1047968
2017-05-31,486.23347056074687,491.2393592934816,476.97728915239674,487.69744873046875,1366315
2017-06-01,490.8616322839081,500.49564137310665,484.5806206195978,486.94189453125,1433241
2017-06-02,488.97250893561795,504.27357215153285,488.97250893561795,500.6371765136719,2152367
2017-06-05,501.8178134183626,506.9181870417977,498.7009440477197,505.12359619140625,802335
2017-06-06,507.8627675799171,509.61008708837886,493.36451222588863,504.9820251464844,765557
2017-06-07,506.63487476546595,513.2936546312768,501.25115955436877,510.2239990234375,719071
2017-06-08,508.85451639057084,523.9194551340188,507.29605258500163,519.6219482421875,1396596
2017-06-09,523.7304590030016,524.9583096856162,514.9937471080011,520.5191040039062,867969
2017-06-12,518.5356940139328,524.3916642009416,514.3326153834348,522.644287109375,910344
2017-06-13,522.6443194723582,524.2027832385982,516.2216662704434,520.9442138671875,946713
2017-06-14,520.8969915344389,523.7305200468656,506.58764948737013,509.9407043457031,1176535
2017-06-15,509.7518467555128,520.3303658903769,507.24887323603593,518.9608154296875,826366
2017-06-16,517.591154399671,521.3219780823903,505.35974606440254,506.9654235839844,1127326
2017-06-19,507.2959468506687,512.3963203801221,494.92289747315016,509.7989196777344,1723168
2017-06-20,509.79889951218667,519.0078652745652,506.25698960357954,517.4494018554688,774728
2017-06-21,514.2853973445082,515.7021615245205,505.50147095808757,510.9796142578125,784293
2017-06-22,510.0350888571946,515.2771046296818,509.13779337491934,510.1767883300781,750732
2017-06-23,510.885149509171,513.8131055439522,508.4293905187074,511.12127685546875,603986
2017-06-27,512.3964016315159,520.9914149866662,503.5179893089094,504.9820251464844,1038604
2017-06-28,505.6903220332463,508.75997737815715,501.53445789159537,507.059814453125,601643
2017-06-29,508.57113768581684,516.5994682129361,504.6041863662895,513.5770263671875,1252382
2017-06-30,514.7576922865665,527.8863977730064,512.3964184687381,524.7694702148438,830751
2017-07-03,527.980866802116,528.8309485020799,518.3940712954982,521.2276000976562,490390
2017-07-04,526.7529383561117,527.0362796649847,513.1519790473797,514.8048706054688,559358
2017-07-05,515.7966438779231,517.4023216478174,511.4047090450718,515.6077880859375,833105
2017-07-06,516.0327731942266,517.4968091256019,510.1295884654179,512.7269897460938,556426
2017-07-07,512.4908268101603,521.3692390857901,511.45188942926694,516.7883911132812,893680
2017-07-10,528.9253000608018,528.9253000608018,515.796595446408,518.724609375,123363
2017-07-11,519.9524640768808,521.983182499982,506.30429068362577,508.5711364746094,1526837
2017-07-12,509.51569077932146,513.3409429459492,507.20163084079985,509.9879455566406,1039208
2017-07-13,510.2239750771917,514.2381399144317,508.9488528340433,513.4825439453125,694180
2017-07-14,514.0492424980658,520.5663804370038,510.8378874690833,517.6383666992188,960041
2017-07-17,518.5358064142521,527.9809030702494,516.3634457130316,525.61962890625,692893
2017-07-18,527.0363173082292,535.5369030712651,524.2972166141584,528.689208984375,1319574
2017-07-19,529.1141790971258,537.8508910749892,529.1141790971258,536.7174682617188,761444
2017-07-20,537.425938286085,544.9820147470493,531.42832565451,540.1650390625,1090882
2017-07-21,538.370374299004,538.370374299004,529.0669794866579,534.78125,672906
2017-07-24,532.7032874033293,543.5651452138582,530.908696531844,538.1342163085938,873677
2017-07-25,539.3148545548727,539.6926813651853,531.1920969676479,533.0811157226562,510032
2017-07-26,535.2612816916038,547.3466034448215,534.1238280735832,545.4508666992188,864728
2017-07-27,543.7920760560651,549.1949371431376,535.5456099603534,539.052734375,1853099
2017-07-28,537.204333307601,541.1380097056013,527.488683697715,536.5881958007812,907951
2017-07-31,537.9626930867344,539.2897319738377,527.7731078958843,530.9010620117188,753415
2017-08-01,530.9010755891348,536.3987586734803,529.3845092679135,533.1286010742188,712732
2017-08-02,533.5077218825523,541.1381090152254,530.8063200024304,538.9105834960938,664681
2017-08-03,538.9105225502,545.0242847937621,524.9294648098382,528.1048583984375,1065451
2017-08-04,523.1285578972797,541.896339383639,514.7398884098194,539.052734375,1004233
2017-08-07,536.9674072265625,541.3275783892922,524.1711848125138,536.9674072265625,769606
2017-08-08,531.5645991767185,549.7636844391569,531.5645991767185,548.4366455078125,1367344
2017-08-09,550.7115166723698,550.7115166723698,528.1996431423031,532.559814453125,1801630
2017-08-10,530.8063576764733,540.1428392192835,513.2707905032328,519.6215209960938,1217416
2017-08-11,516.5882673840271,534.3134176704315,498.0574521154975,513.1759643554688,4337214
2017-08-14,530.8063311248039,545.9722262997983,523.318147240831,540.3323974609375,4029605
2017-08-16,539.8110305808402,562.7494564448376,531.8015313746977,559.6688842773438,1838012
2017-08-17,562.4651294433257,563.0338273397244,540.1902221327474,543.3181762695312,1422631
2017-08-18,543.5076623396405,545.7825113634141,530.9957902223879,535.8298950195312,1680225
2017-08-21,537.3465718273247,540.2849404674984,526.2091191071614,532.4650268554688,1222907
2017-08-22,532.749356534034,538.0574536272655,528.910501561103,530.0953369140625,848353
2017-08-23,532.4176630702469,535.5456170505029,527.6309394796576,530.0006103515625,848822
2017-08-24,529.8584325644176,545.7352281734587,528.2470447229902,544.1238403320312,1866440
2017-08-28,545.4982424617167,550.7115184539659,540.8062824980336,544.1712036132812,905222
2017-08-29,540.8062575839625,544.1237966989239,535.0716658273305,539.2423095703125,608351
2017-08-30,544.0764728995704,545.9722097389417,536.0195913322423,536.8252563476562,596376
2017-08-31,540.2850253094714,547.8679730331131,532.7020775858297,542.0859985351562,1908728
2017-09-01,543.1286042042096,547.2518086864306,535.6404205511748,538.7684326171875,891591
2017-09-04,544.5504293052196,546.9201004510212,528.4840473660245,532.417724609375,1731377
2017-09-05,535.2612258976469,536.3512397007722,527.8678649311157,530.4270629882812,928770
2017-09-06,529.7636409726787,531.3749708759694,524.9768595495037,529.1948852539062,581901
2017-09-07,530.8062796826392,531.7541480392154,522.5598134097681,525.3086547851562,885205
2017-09-08,525.5929985046387,528.9105377197266,520.5219259886071,523.2233276367188,775272
2017-09-11,526.1617031249486,529.0527479035519,521.327597633663,524.9768676757812,523800
2017-09-12,525.4982385844205,533.460298045825,515.024246990375,531.2802124023438,1330724
2017-09-13,527.0147349693779,532.796708021073,523.7445780108711,525.4981689453125,1159840
2017-09-14,527.0148642360091,537.7257662730234,526.4935481531982,536.4461669921875,1600717
2017-09-15,535.4034002197743,536.2565048535668,527.5361046931554,532.13330078125,926019
2017-09-18,533.8394736057122,542.3229070251169,531.4224208507505,540.948486328125,649831
2017-09-19,541.8963636504632,544.5503835400517,535.0716997534537,543.5077514648438,675306
2017-09-20,542.6546914949863,543.8869089181142,535.7352633312996,540.0006713867188,759531
2017-09-21,540.3323754926516,563.0338354804082,540.3323754926516,561.0433349609375,3102522
2017-09-22,561.0432390680345,568.7209487346374,552.0858725548067,554.8346557617188,4003845
2017-09-25,551.564611923305,563.4129662105964,534.9294762213141,547.109619140625,2389495
2017-09-26,551.6594624099336,551.6594624099336,540.2850405045741,548.8158569335938,978323
2017-09-27,549.3844486406557,550.4271384923127,533.6498578558491,540.3796997070312,561243
2017-09-28,535.545613315039,558.2944535266513,534.739948365528,552.2755126953125,2993535
2017-09-29,549.7636801128687,561.1381010807211,547.6309761813964,555.545654296875,1021610
2017-10-03,559.3370252707699,561.8488992480309,545.4981721083792,548.720947265625,522462
2017-10-04,549.6688972067909,556.7779100633024,549.1001414662932,550.7589111328125,631463
2017-10-05,552.6071885204893,559.2422662557268,548.8630973706623,554.8346557617188,647977
2017-10-06,555.5456026587664,558.4840291809787,552.4650305996463,554.8821411132812,462656
2017-10-09,554.4081513190017,564.4555314238552,548.3417715007561,555.0242309570312,1116280
2017-10-10,559.2423791123359,562.512536798144,555.0243529873544,559.3845825195312,741493
2017-10-11,560.1901556123081,563.033760463132,549.3370521943392,555.593017578125,1053561
2017-10-12,558.7209982595812,562.417650031764,550.0479799054328,558.9105834960938,751507
2017-10-13,559.5266728751513,567.0622377938433,557.6309361838221,561.9437255859375,936015
2017-10-16,563.9816871394727,577.157080787074,563.3181677015907,575.119140625,1716771
2017-10-17,574.4081827860575,602.7494677513057,570.6167096323542,599.1475219726562,2563968
2017-10-18,598.1048876673423,598.1048876673423,577.2517854031877,579.1475219726562,1185323
2017-10-19,581.9437934608507,581.9437934608507,570.6641367915695,576.1143798828125,151609
2017-10-23,581.0433430916833,587.1571059885114,558.768435159131,561.9912109375,1413195
2017-10-24,569.0053000214889,569.3370886216123,560.4744857547402,564.0289916992188,1138645
2017-10-25,567.7732141102689,572.5125564651125,558.7684636360659,561.7542724609375,991374
2017-10-26,564.3607441885907,584.6450887685452,561.6592851316683,579.6213989257812,2002276
2017-10-27,592.4177060447997,596.9674624565655,584.0764763143472,592.465087890625,2198491
2017-10-30,590.7589440805647,597.1570553882964,582.5124779354963,593.4129638671875,1045267
2017-10-31,596.2091799173711,601.8016262089461,589.1949311299677,594.8821411132812,1522851
2017-11-01,595.4984019111721,600.3325082561173,588.7685585127891,594.0765991210938,1359809
2017-11-02,593.7447257503961,609.2897311450456,592.5598903764156,602.84423828125,2058898
2017-11-03,606.6357050623997,614.3608547603693,596.7304698700198,606.73046875,1722647
2017-11-06,603.8869031894902,626.5409799162826,603.6973758019532,620.6641845703125,2195805
2017-11-07,628.8157935691546,628.8157935691546,570.6166623418152,575.8773193359375,7331364
2017-11-08,592.2755260917825,604.5504330174363,587.6783876522718,590.142822265625,5570213
2017-11-09,591.4698181618104,595.2612913551553,579.7162281211251,582.512451171875,1809019
2017-11-10,585.3087261542912,589.1001996840356,572.1807721988691,577.5361938476562,1400233
2017-11-13,578.4840804023607,579.4319488145728,564.6452247253833,570.7115478515625,1109147
2017-11-14,566.825248383042,581.3276219298765,566.825248383042,571.0432739257812,1498244
2017-11-15,571.2329028295302,576.2565936771032,559.43192991793,562.7020874023438,1171698
2017-11-16,564.313396450099,568.1996913792993,559.2423239421105,561.9437255859375,1228065
2017-11-17,575.3560720177749,582.8442549102288,569.3371313084936,576.8252563476562,1448847
2017-11-20,573.9816068018894,576.3038955833678,565.0242402752076,572.7493896484375,1609788
2017-11-21,575.3561704157901,591.4699346613723,575.3561704157901,583.9817504882812,2222545
2017-11-22,584.7398792018345,593.0811072702328,581.9910384521977,586.9673461914062,2014698
2017-11-23,586.96744822833,592.607276217169,582.9390079296293,585.4034423828125,792383
2017-11-24,587.2044271255415,591.3750708953527,581.28025009643,583.6025390625,1118354
2017-11-27,584.8348338802307,587.5836755276324,579.1950050298507,582.74951171875,1388114
2017-11-28,583.8869426962874,589.2898042237144,578.0101469621266,579.9058837890625,1486189
2017-11-29,582.9390710728713,587.1097152104836,573.6973540924478,576.209228515625,1465289
2017-11-30,573.4603951023174,576.1617969627202,565.924829579487,569.5741577148438,1612910
2017-12-01,572.9864246010162,574.4082271434505,562.7494578661481,566.9200439453125,747562
2017-12-04,568.0575132804278,571.3750526379762,558.1048952077823,565.5930786132812,660077
2017-12-05,563.9817193340685,568.5788581066488,560.9011469175379,565.3561401367188,979009
2017-12-06,564.7400025120934,572.3229499989379,563.5077851161408,565.3561401367188,919271
2017-12-07,566.8253018460705,568.7210386415422,557.6309668173731,562.5125122070312,752359
2017-12-08,563.981652513513,575.3560723961385,561.5645998591134,571.6593627929688,606123
2017-12-11,580.0954022981532,580.9958887579995,566.0669629635618,572.1807250976562,850998
2017-12-12,573.1760059129015,574.4082232039015,559.2423295219502,560.8063354492188,762200
2017-12-13,560.6640892338909,566.9674364553507,546.303861609239,548.0100708007812,1197264
2017-12-14,549.7636483527434,562.7494564448376,545.1190702512046,559.6688842773438,1428906
2017-12-15,565.8773632262477,565.8773632262477,543.3181097302644,546.398681640625,4312419
2017-12-18,548.2470797438529,563.8869076033651,541.8489683467798,560.8063354492188,2379562
2017-12-19,561.5645604603311,574.1238148662526,561.5645604603311,572.4176635742188,1474696
2017-12-20,574.1238203410632,579.1475105806799,566.5882560549941,569.3370971679688,1068145
2017-12-21,571.517241593118,576.9674846856284,564.9295448932511,568.5314331054688,1274585
2017-12-22,571.5646109196684,572.5124792628187,567.6309341542774,569.8584594726562,668806
2017-12-26,572.5598616528118,582.844267897731,565.024296746955,579.8584594726562,1239536
2017-12-27,581.0432786213677,591.2328630343851,578.3892589030538,580.7115478515625,1765029
2017-12-28,581.991130893196,584.0290708609292,571.7541649171983,574.45556640625,1428319
2017-12-29,574.550364777703,580.000607233216,572.6071885761513,576.77783203125,702774
2018-01-01,576.3038602565413,585.6403387986605,575.3559920653299,579.6213989257812,873546
2018-01-02,582.1807605517743,586.7305171268488,573.9342942169741,576.1143798828125,1038258
2018-01-03,579.1475625517322,581.89640391138,573.0338001161658,575.16650390625,771828
2018-01-04,577.678411562861,586.1618453665668,571.9912011272991,584.5978393554688,990602
2018-01-05,584.8348323153035,587.5362342503189,579.242385331747,583.081298828125,1072254
2018-01-08,586.2566077591309,594.7874233934594,580.2850483857602,582.9864501953125,1061612
2018-01-09,584.8347291639195,586.3987349683151,578.8157887230778,583.5076904296875,846158
2018-01-10,583.8868999596612,591.6120501053146,580.9010915344595,587.44140625,1207313
2018-01-11,586.7304712908993,586.7304712908993,577.3465520820879,580.4271240234375,1092456
2018-01-12,581.9910973026667,586.1617406852381,571.6593103818751,580.1901245117188,891848
2018-01-15,580.5693492397135,583.4129542155815,576.4935270116276,578.4366455078125,470386
2018-01-16,578.342006370761,581.5173428030176,567.7732491263366,570.0481567382812,1088762
2018-01-17,569.7161989550342,578.7683291538142,565.9247259625996,575.4982299804688,883340
2018-01-18,576.3986927696432,580.9958887579995,567.062213112533,572.1807250976562,1028921
2018-01-19,572.1806802319843,573.5550428829788,568.8631414266875,571.3275756835938,818518
2018-01-22,572.8916070418835,573.4603048640697,562.1806492799736,569.81103515625,933769
2018-01-23,571.0906598407191,592.4176969302066,569.0053379768667,589.9058227539062,2105060
2018-01-24,589.5267593819372,591.2329109209497,580.9485619845249,586.0670166015625,1089562
2018-01-25,585.9247991902331,598.1048834212846,581.7067737824522,589.00537109375,2973765
2018-01-29,592.3703273804509,595.6404847060398,579.2423162320159,582.9390258789062,1564268
2018-01-30,581.0433001590973,581.1380638530426,571.7542018740313,574.36083984375,596682
2018-01-31,576.3038384891195,576.7777725668243,559.2422116917442,561.2801513671875,1264055
2018-02-01,561.0433021884846,565.8774076552778,549.9532308698081,556.4461059570312,1050098
2018-02-02,555.4508984975364,562.93908221587,545.1191094967922,550.853759765625,998752
2018-02-05,545.9722220059472,551.7541963546214,541.4224650598907,549.8584594726562,797017
2018-02-06,531.7541446575931,542.1806965136243,528.957921452817,534.834716796875,1284112
2018-02-07,548.3418795418519,549.6689184677145,525.3086885665009,539.5740966796875,3161498
2018-02-08,553.5550974141578,584.9769552802675,549.9058275331377,580.7115478515625,8349913
2018-02-09,563.9816254130972,593.3655420312585,563.9816254130972,589.00537109375,2373799
2018-02-12,596.5409104653176,601.8963896722216,586.5882929982965,589.2423706054688,1957424
2018-02-14,589.6689458593797,597.441478802497,579.6215633241083,584.0291748046875,1306512
2018-02-15,581.2801780501914,589.0527089196848,571.5171470869436,574.2659301757812,1391858
2018-02-16,579.431894805743,581.9437690052919,573.9342700980059,579.2423095703125,906025
2018-02-19,580.0953457747185,580.2375491478398,563.3654486907187,569.10009765625,1216005
2018-02-20,571.9911499023438,574.5029662411255,561.1380460557757,571.9911499023438,1599249
2018-02-21,575.3560343918415,576.0669355875481,558.5313727601197,566.1143188476562,1409752
2018-02-22,563.9816559163781,566.1143596572384,556.0195388091832,558.9105834960938,1859008
2018-02-23,560.9484506385758,573.4603238198487,559.2422992623318,564.5977783203125,1576584
2018-02-26,565.1665107344719,567.1096293055418,558.0574980208307,559.3370971679688,1417465
2018-02-27,560.8536702562361,567.6783334113727,552.7019683739134,555.9247436523438,1349590
2018-02-28,559.242314270022,565.4982221018955,556.4934729738188,558.9105834960938,2255189
2018-03-01,562.938942480161,562.938942480161,550.1427218856595,551.3749389648438,1343806
2018-03-05,551.7540746595024,554.5029156733856,547.9152198908822,549.0526733398438,1179725
2018-03-06,551.2801705995973,558.6735894942971,549.8109863306773,553.6498413085938,1891302
2018-03-07,556.825292843102,558.3892409621737,548.057510305405,549.9532470703125,1849650
2018-03-08,553.5551301632786,553.5551301632786,544.076446427606,547.867919921875,1084582
2018-03-09,549.7162639008271,554.6925727632005,538.4366073381304,541.2802124023438,1149194
2018-03-12,545.0717239079354,551.8490062591873,534.1712370667844,550.3798217773438,919792
2018-03-13,548.8157634693912,552.5124731003981,545.1664935375521,548.5787963867188,801792
2018-03-14,548.199687873757,553.3655824305532,541.8490156229797,547.773193359375,811747
2018-03-15,547.8678746814663,549.3844408126251,539.3370600237964,541.375,849222
2018-03-16,540.3796933299925,544.0764028320136,528.0100236167518,530.237548828125,1867538
2018-03-19,534.2659843716972,537.3465563117286,526.4460709854634,530.5692749023438,1447941
2018-03-20,526.1618025880257,532.5599152229979,495.6404819305053,524.0765380859375,9119209
2018-03-21,529.3845072046519,537.8679410483311,517.9153225802116,522.3228759765625,3091963
2018-03-22,523.128507489677,526.0668759074853,510.0953191225996,512.5597534179688,1506405
2018-03-23,510.9010648389676,512.5124526809185,506.16172286458016,510.3323669433594,1203262
2018-03-26,510.09536899087544,516.2090734854037,505.16644206498574,513.5550537109375,1105319
2018-03-27,512.7968255447112,520.3797730573872,512.7968255447112,516.6356811523438,2206872
2018-03-28,515.6403499162383,520.190106138959,506.16166701336624,517.0147705078125,2667979
2018-04-02,519.4318270404013,548.7683624192717,517.4413267569273,546.2091064453125,2823880
2018-04-03,542.180723785143,548.1996649725583,539.1475333401613,540.5693359375,2493190
2018-04-04,542.5123894687752,545.4508158625712,535.0716465770878,540.0953369140625,1852997
2018-04-05,544.0764889757661,548.3892788421093,529.2423246280515,531.1380615234375,2396864
2018-04-06,531.0906954925907,541.2328997556956,528.1997082116661,529.8110961914062,2420324
2018-04-09,536.3987266197566,536.3987266197566,526.5408725610056,527.7257080078125,1470765
2018-04-10,528.9105309834189,537.4413459992804,527.5834921729681,529.052734375,1591682
2018-04-11,531.4697443073283,534.5976979908727,529.3844225672028,532.22802734375,1789789
2018-04-12,533.5550934982821,533.6024753430048,525.8773254946194,527.156982421875,1309557
2018-04-13,528.4840121942661,531.8963731291002,523.7446702180764,526.5408935546875,1019158
2018-04-16,524.2186025969052,557.1570292171436,524.2186025969052,554.4556274414062,6741354
2018-04-17,555.024287046008,557.6783067897151,545.6878071707176,549.7162475585938,2688507
2018-04-18,551.6594056474331,565.8774315661814,551.6594056474331,554.1238403320312,3853951
2018-04-19,553.7920617484838,561.1380411726186,552.6546082024757,553.9342651367188,1525419
2018-04-20,551.9910678498208,562.4650585910281,551.185402955861,558.341796875,1641179
2018-04-23,545.9722347256516,570.3798476495847,545.9722347256516,568.86328125,3016500
2018-04-24,569.6688680154093,573.365577654663,564.076421710547,570.52197265625,2782988
2018-04-25,569.194931400929,569.194931400929,555.6404258707825,562.13330078125,1125208
2018-04-26,560.1902114647613,571.4698683056234,559.7636591239516,568.6736450195312,1503008
2018-04-27,570.6166751899838,575.3560163460468,562.0858611090704,568.5787353515625,1031376
2018-04-30,570.8063632661884,577.251856829255,570.6167780151255,575.7352905273438,687828
2018-05-02,578.1997221903084,589.4793792563229,577.2044719440826,580.095458984375,1862999
2018-05-03,581.0433184333287,581.1380821302545,565.8774243143512,577.5361938476562,999887
2018-05-04,580.1901686931001,580.5219573131645,564.4555779078498,565.8773803710938,925559
2018-05-07,567.3939429439755,568.8157453982486,554.5029571665478,560.237548828125,1046885
2018-05-08,561.5172290715385,570.5693601690665,555.9721645575851,559.8584594726562,1039491
2018-05-09,560.5694557385785,564.9296277104592,555.0243902848083,557.3466796875,652527
2018-05-10,563.033857277639,563.6025552042768,542.6546856758389,545.498291015625,2163326
2018-05-11,546.9673888743232,550.4745131417083,535.6403511615327,543.7920532226562,921890
2018-05-14,545.0243185796713,550.2375946704334,541.0906416607784,548.3418579101562,888370
2018-05-15,549.5740047727303,562.0858773570695,543.2232758693707,545.7825317382812,2049528
2018-05-16,545.0243377538671,545.0243377538671,517.5361537628025,530.7115478515625,4071898
2018-05-17,528.8156952389611,530.8061953301354,510.7113777934092,524.8820190429688,3719963
2018-05-18,526.0669212918408,527.0147896184927,502.3702131255417,505.2611999511719,1708157
2018-05-21,503.9342216006203,508.8157087960381,489.1000590708185,493.3180847167969,2013336
2018-05-22,497.44129702309147,503.41285603959113,480.7588372542523,496.6830139160156,3080285
2018-05-23,488.15220887871175,535.4508635210929,488.15220887871175,504.6451416015625,7413823
2018-05-24,508.5314104532458,516.1617397104495,502.37026568540597,505.68780517578125,1925524
2018-05-25,510.7588481160782,510.7588481160782,500.00056525614974,508.673583984375,1525355
2018-05-28,506.16166340542463,519.7161682892566,506.16166340542463,511.37493896484375,1460566
2018-05-29,510.99572245733384,514.3132611507028,500.19005971090183,502.9388427734375,2656979
2018-05-30,501.51709348739735,501.51709348739735,492.4649628093231,498.1995544433594,2156315
2018-05-31,501.0431414967196,505.82992251529765,493.88674767006887,497.4412536621094,3539206
2018-06-01,499.479179623076,503.0810673570951,493.88673387713254,497.1568908691406,1625446
2018-06-04,500.00060865189437,501.4224113305254,490.1901933106603,493.55511474609375,1247023
2018-06-05,493.17583917794377,516.3512294739583,490.7114048678913,513.83935546875,3398337
2018-06-06,513.8393228547319,519.4317683191897,505.592915881196,510.379638671875,2909756
2018-06-07,513.6972254857249,514.2659233119323,509.1948511595018,512.5123901367188,1119973
2018-06-08,513.5550634808229,532.7020158341318,510.6640765669724,530.4745483398438,4815940
2018-06-11,530.8062311149354,540.2849138134163,529.8583628450873,531.5645141601562,3113604
2018-06-12,532.6072030651283,543.1285177012724,531.7540984823976,537.5360717773438,3234303
2018-06-13,540.2375247428647,562.5598106284849,540.2375247428647,551.7540893554688,4657712
2018-06-14,558.247086605655,561.9911782279112,553.0811924321595,557.3939819335938,3244655
2018-06-15,559.2423736489385,582.5125320326542,559.0527883922962,579.71630859375,7125922
2018-06-18,580.0954785075742,586.5409722536655,569.0054063183875,574.8822021484375,2518169
2018-06-19,574.645130776587,578.626189026439,567.0148028787884,570.4744873046875,2992184
2018-06-20,581.0432493605913,590.2849649907149,569.0526926068593,571.42236328125,9121187
2018-06-21,577.0623266937608,577.9154314783764,570.6168325150813,572.0386352539062,3052143
2018-06-22,572.5124498832724,585.8299878504622,564.218602306321,583.64990234375,3245849
2018-06-25,583.033800017261,590.0954308084226,576.3039578611861,579.5267333984375,3253606
2018-06-26,574.4081528308095,576.9674086467525,566.1143057396056,568.2470092773438,2323337
2018-06-27,571.0907082966368,575.3087342273291,562.0859585392624,570.901123046875,2520918
2018-06-28,572.9864608914891,578.1049735097542,564.9295793074069,569.5741577148438,4173735
2018-06-29,570.1428228538421,587.5836239511209,568.6262566076847,584.5030517578125,1525608
2018-07-02,587.6783829106311,587.6783829106311,579.1475676748316,584.8347778320312,1502606
2018-07-03,584.834692042194,611.0432714800503,576.3512598981534,607.0148315429688,5271600
2018-07-04,611.3277792756586,614.2187665289389,591.2803380601302,596.114501953125,5043141
2018-07-05,599.0528574886791,603.7921997156466,590.6168051833578,593.886962890625,2127794
2018-07-06,592.3229883139109,598.1049624322385,578.5788964672113,580.5693969726562,2514518
2018-07-09,584.69259602421,592.4177465809438,582.9390626356486,590.42724609375,1462808
2018-07-10,593.9343858064977,600.8538722189181,587.8206801936508,599.1002807617188,1872744
2018-07-11,593.6498946511118,597.6309530142515,588.9105532314904,592.7020263671875,1669583
2018-07-12,596.588363754026,603.5077911513889,590.237634226416,600.3323974609375,2177684
2018-07-13,600.948541238368,600.948541238368,591.6594428655945,594.0291137695312,1475306
2018-07-16,596.5884183330131,602.8443268857916,579.289819330394,588.5789184570312,2211200
2018-07-17,589.4793477494334,606.2565711975658,587.7731384433315,604.2186889648438,2228377
2018-07-18,606.6357450423287,610.4272184488433,592.5124834617448,594.692626953125,2348371
2018-07-19,596.967513903341,599.1475996788078,574.5504606866748,578.2944946289062,1424272
2018-07-20,582.8916165495194,597.1570227444228,570.7589140072747,593.1759643554688,2832150
2018-07-23,590.6641621846245,604.0764640969987,585.0717159985269,601.0432739257812,1553101
2018-07-24,600.9011686312889,600.9011686312889,591.9438009060075,594.6452026367188,1319369
2018-07-25,596.209227803073,598.1049646164373,581.4698856498248,591.3751220703125,1413265
2018-07-26,586.7304684089951,598.3418549001262,585.261284137918,595.1190795898438,3163498
2018-07-27,595.0243751355711,608.43673584466,593.2708417750955,603.0338745117188,1508269
2018-07-30,600.0006319058471,603.0812038706085,595.2612904215987,601.2328491210938,990056
2018-07-31,603.7447582026617,613.2708235668515,595.3560885779091,607.9153442382812,2469759
2018-08-01,607.5834890048868,608.1048049208963,601.8962800594433,605.8299560546875,2411436
2018-08-02,601.8965104714724,617.9155116080187,600.0481552859782,605.2140502929688,3974559
2018-08-03,607.5362787792558,613.8395690956527,605.6879237792231,607.6310424804688,1530339
2018-08-06,613.270823971245,614.9769754348187,602.180752678077,604.692626953125,2716402
2018-08-07,609.384583016712,609.384583016712,594.4082168615764,596.6357421875,2414266
2018-08-08,596.2092363932993,611.8016834785371,591.0907237821493,599.5741577148438,4121062
2018-08-09,615.16665421286,627.9628789152846,584.5505133473487,586.872802734375,9996909
2018-08-10,592.3702934193296,595.735214244164,582.4650583182797,588.673583984375,3168280
2018-08-13,592.4359173104275,601.5319876937567,589.7690148400328,598.4364624023438,2374657
2018-08-14,599.1983569858372,616.247579104981,594.3407872666278,612.1995849609375,2451003
2018-08-16,614.0570298934082,628.6297999937116,604.1037131000174,617.5335083007812,3925549
2018-08-17,619.1527094899811,624.3436792432358,613.1045521743001,616.1524658203125,2915387
2018-08-20,619.0098616358456,622.438728085501,611.8663414206333,613.2473754882812,1296664
2018-08-21,617.1049209436125,623.3435836181773,613.3902671899029,619.3432006835938,1981523
2018-08-23,622.3910732257144,633.392081969949,621.6767212535678,626.6771850585938,2891829
2018-08-24,626.7247650985387,626.7247650985387,614.3426648762271,620.2479858398438,1904031
2018-08-27,621.9623837986262,631.0108411433229,617.3905432933901,628.2486572265625,1381724
2018-08-28,630.5346186460664,645.297891439139,614.0093010635926,617.4857788085938,5237362
2018-08-29,619.1049903330177,622.5815262246845,609.5802981740482,612.9139404296875,1891523
2018-08-30,614.3427981289382,620.9148606183849,610.0566855838525,618.581298828125,2124122
2018-08-31,618.6764035702168,632.4395961678607,618.6764035702168,630.6775512695312,3056580
2018-09-03,633.868322592863,639.2974092591737,615.8666294714417,618.247802734375,1971733
2018-09-04,618.9145166924847,623.867368496685,608.0564019533139,613.2949829101562,2249087
2018-09-05,614.3903267735,619.9623072080215,606.9134658221343,615.8190307617188,2542543
2018-09-06,620.057557140837,633.1063990792263,616.247679677606,630.6299438476562,2841096
2018-09-07,632.2966850898507,637.678159578172,625.1055539163511,633.1539306640625,2431363
2018-09-10,633.3920385779105,645.7741385801854,632.4395693469663,636.2970581054688,3453432
2018-09-11,638.2496423344766,642.916765067873,619.6764913436268,623.7721557617188,3399042
2018-09-12,623.7720974642834,630.5346054778506,612.6758081172619,625.2484130859375,3302191
2018-09-14,632.4395754722943,638.154390913309,627.7248411066354,634.7255249023438,1512857
2018-09-17,641.0118532490549,641.0118532490549,629.0107630540554,633.296875,2220455
2018-09-18,633.3920069052399,641.0117603717691,629.2011192450067,632.15380859375,1814726
2018-09-19,636.2494676747416,646.2027830997688,615.0570265732999,629.201171875,3043018
2018-09-21,636.2495504357165,639.6308051323163,608.0564798377211,622.1530151367188,2276641
2018-09-24,630.5346424631127,637.1543153665489,610.3422827694964,614.9141235351562,2766326
2018-09-25,613.3901800682377,634.1539975182601,612.4377108445292,630.2965087890625,2295464
2018-09-26,632.8682544892338,643.1549115702355,624.819877067863,640.8213500976562,2131833
2018-09-27,642.9167256791995,644.8216641256564,624.7721986035192,628.0105590820312,3433359
2018-09-28,628.0105999992526,631.4871361441888,616.4381330635025,622.9625244140625,1862405
2018-10-01,622.0099882761422,627.6771915413104,612.9139192061203,623.0577392578125,1309530
2018-10-03,619.1051185702695,632.3920785110246,619.1051185702695,623.4388427734375,1533990
2018-10-04,619.2002402759585,623.5340218994743,602.0557936623102,608.056396484375,1736407
2018-10-05,605.10377990589,618.6764684456998,601.00817323649,606.3896484375,1806150
2018-10-08,606.3419338403974,612.1044196194734,598.5793439167235,608.4373779296875,1564640
2018-10-09,609.1040752794005,612.5329412689249,595.531388691861,608.961181640625,1535781
2018-10-10,608.961223495393,620.0575140902852,603.1987958591645,609.1993408203125,1881053
2018-10-11,597.6744508940877,603.6749955073182,583.911258684924,586.9115600585938,1707508
2018-10-12,590.5309676242265,597.388758229911,583.4826715311955,593.2931518554688,2085360
2018-10-15,593.3883519649863,618.9145166345713,588.6736174774472,617.0571899414062,2666868
2018-10-16,617.0572020638241,620.676631848425,607.0562745870417,609.3422241210938,1510216
2018-10-17,614.2475336206654,615.2952266973076,606.723002176757,610.009033203125,1280980
2018-10-19,609.8660378027962,614.8665012722722,596.3409630775822,603.6749877929688,2267774
2018-10-22,605.008482780793,610.1994518506079,597.0553296161086,599.7222900390625,1399755
2018-10-23,598.9127878191075,601.9607017331887,586.7211902969054,592.7693481445312,1370461
2018-10-24,595.769547729778,604.8180060885836,586.3400783969566,591.7691650390625,987144
2018-10-25,589.1498416633037,594.3408106911945,576.3867886218751,580.0537719726562,5739386
2018-10-26,580.2443185391222,583.2445620020122,570.1957788889837,575.0057373046875,1935618
2018-10-29,573.7198959721916,607.8659574223406,572.8627084283179,604.9609375,1614423
2018-10-30,605.7705234033608,606.4372635936785,579.1966045475854,581.3396606445312,2418471
2018-10-31,582.9112724877085,601.7225431276305,577.4821852837935,599.3413696289062,2305046
2018-11-01,600.0556873873443,601.9130142370329,584.816177866396,586.149658203125,1442392
2018-11-02,590.4833447808672,590.4833447808672,576.7201519876993,578.2440795898438,1566053
2018-11-05,578.5298253969684,588.1497412306609,530.6205772963184,536.2877807617188,12941350
2018-11-06,528.6204786637394,528.6204786637394,502.28467840999923,505.5707092285156,16941828
2018-11-07,510.52354811621245,510.52354811621245,506.8088945684381,507.9994812011719,698244
2018-11-09,510.0471940044586,510.33292310257127,499.09379954871395,501.9035949707031,6125274
2018-11-12,504.80872532514405,516.143133166278,503.90386786990865,506.5707702636719,7669697
2018-11-13,508.61864652425515,508.61864652425515,501.47512620790326,502.9990539550781,2410643
2018-11-14,505.3802129032499,507.28515159965735,492.4266530213255,494.8554382324219,2740756
2018-11-15,497.0937473432435,500.0463788983316,489.9978394825304,494.4744567871094,2661535
2018-11-16,496.9032760933407,508.6186375792991,496.3317595976134,505.3802185058594,3483625
2018-11-19,509.5710435931399,510.52351283350094,499.0462701139726,503.1418762207031,1913914
2018-11-20,502.9037893957777,504.66583434361416,493.9982247122058,495.9507751464844,1707971
2018-11-21,497.95094883960434,502.9514127693074,496.5222448596892,497.3318786621094,1749806
2018-11-22,498.14147105151926,500.04640975534915,487.42619084247605,493.3315124511719,2045318
2018-11-26,495.2840478807438,498.85580784142223,488.4262571294184,497.2842102050781,1728468
2018-11-27,500.9988720906459,501.90372958911547,488.66438252927185,493.0457763671875,2100159
2018-11-28,494.52205697382414,499.0462860096451,489.18819417744237,490.8074035644531,2003272
2018-11-29,493.3791248603386,501.3798906792877,491.4741861543141,499.76068115234375,2799578
2018-11-30,502.90379793632667,516.2383683361535,501.95132862205327,515.1430053710938,3855382
2018-12-03,516.2383596055247,519.4767784729312,508.7138288963748,510.3330383300781,2033213
2018-12-04,510.52355172887144,522.9056527969225,509.6186942547681,520.4768676757812,3400053
2018-12-05,520.0482530570996,522.8104373617812,500.3321263418482,503.3324279785156,2192065
2018-12-06,502.90377492915457,502.90377492915457,486.71179732726887,490.8074035644531,2562048
2018-12-07,495.28399768884003,505.4278182028412,487.6642438782425,489.18817138671875,3503808
2018-12-10,485.66410297147155,490.3788086896707,479.1873231887293,488.1881408691406,2201377
2018-12-11,479.0920281757196,499.04627039952214,479.0920281757196,494.0458068847656,2326059
2018-12-12,498.0461685899213,508.90428260376524,496.33167752037696,506.046875,1683131
2018-12-13,506.713732609034,508.4281659421654,494.52213563173086,501.9513854980469,2234487
2018-12-14,503.23714094478714,508.4281103550517,492.0932964307444,496.95086669921875,1950888
2018-12-17,499.0939306125941,504.1896182917295,495.95079343975755,498.7605895996094,1196871
2018-12-18,499.09392713646963,501.9513351162586,495.33166166959137,498.0462341308594,1628240
2018-12-19,499.0938756178537,503.47521081429085,497.7127836100285,499.8082275390625,1241000
2018-12-20,498.80821720965423,500.99888511852026,490.90273312072895,495.5221862792969,2074097
2018-12-21,496.23647970641696,499.04627562332314,489.8549240987256,492.09326171875,1758710
2018-12-24,494.14111328125,496.046052081975,488.61680238597114,494.14111328125,1214348
2018-12-26,491.09317901055255,494.3315980898357,483.1876949453804,489.85498046875,1318560
2018-12-27,494.2363438132404,496.2365060927909,489.56922098213914,493.28387451171875,1351636
2018-12-28,489.85496981825565,500.37974439592057,489.85496981825565,497.1889953613281,1933464
2018-12-31,497.18894287344347,500.9988198303281,492.6171021520037,494.8077697753906,1897948
2019-01-01,495.2840366544682,499.09391385950255,493.99822635141413,498.1890563964844,1361809
2019-01-02,497.0937320655883,497.6651903702641,488.75962600675615,490.0930480957031,1243067
2019-01-03,491.95041968814894,495.76029709134855,486.9023437557326,488.0453186035156,2086150
2019-01-04,488.6167444979983,490.4264593979319,483.90200989794965,488.4262390136719,1651456
2019-01-07,491.4741786434534,493.14099998575193,486.04509178742944,489.6168518066406,1168002
2019-01-08,491.4741499222519,492.61712468842825,486.94992082897534,489.2358703613281,1765015
2019-01-09,491.04549301312466,492.1884676999169,483.37812744597545,485.85455322265625,1929305
2019-01-10,484.80683368993164,490.4264253498038,484.80683368993164,488.8548278808594,1252439
2019-01-11,488.99777307578586,494.3315780243296,484.09253281476975,485.9498596191406,2051418
2019-01-14,485.9498474297975,489.56921913510223,481.5684828459165,487.6166687011719,1472415
2019-01-15,490.0454372621546,490.85501288445374,485.2830909330764,490.47406005859375,1177377
2019-01-16,490.521722608997,491.4265801318951,484.80690642326107,487.1880798339844,1446921
2019-01-17,488.14054275775544,490.47410429629855,483.473448747727,485.3783874511719,1598184
2019-01-18,485.9498285423192,488.61673084604087,483.1876444320406,485.1878356933594,1502360
2019-01-21,485.75930431068207,489.7596866788857,484.04487133405416,485.0449523925781,1150380
2019-01-22,485.75934756536105,487.0927987844821,478.56821590959845,482.9971923828125,1455953
2019-01-23,485.7593304516302,487.3785398466245,482.99717536639474,485.09259033203125,1358623
2019-01-24,485.7593507088282,486.4260908562316,472.52003304213616,476.9013977050781,1620195
2019-01-25,478.2348638914924,484.4259146333915,477.5205118828118,483.52105712890625,1193442
2019-01-28,484.8068646848151,484.8068646848151,465.8527317806863,468.75775146484375,3215535
2019-01-29,465.8527189865999,483.42575932196564,460.75700265289333,481.0445861816406,2675481
2019-01-30,480.94936603039764,482.9971691326569,474.043963872905,481.7589416503906,1524621
2019-01-31,481.9494501939309,495.14112631812446,480.28262897290443,492.71234130859375,2203919
2019-02-01,493.04579507475523,497.7128601303874,488.1405545413273,496.56988525390625,1380838
2019-02-04,496.23653224739627,496.23653224739627,482.13999746872713,485.3783874511719,1480952
2019-02-05,482.47330853369044,489.56921639029434,477.3776210719888,483.8544006347656,4358002
2019-02-06,486.2355818066748,520.7149823882509,480.139784047975,509.5234680175781,8775759
2019-02-07,511.5712474801531,520.6197060017898,503.04669359074416,507.5709228515625,4417618
2019-02-08,507.52323970637224,517.8575664196559,505.9517002528168,508.8567199707031,2747159
2019-02-11,513.0952874629343,519.9530789041632,510.3807147392604,517.4766235351562,2989919
2019-02-12,514.3810979244873,519.7625733936059,510.6188320939272,517.4766235351562,2252766
2019-02-14,517.0955810546875,529.5729050237248,511.85700015966864,517.0955810546875,2766535
2019-02-15,514.3334532846468,525.1916272187468,503.3800556683996,514.8572998046875,2491806
2019-02-18,516.2384087346533,519.1434287436981,506.9994440363792,515.4288330078125,1590101
2019-02-19,518.9052428591741,519.0957483385974,511.237876918793,514.0000610351562,1879600
2019-02-20,514.5238551115123,517.3812626095761,513.0475395310001,515.3810424804688,1208930
2019-02-21,517.047893758013,521.8579098349941,514.80961434061,519.5719604492188,1093548
2019-02-22,517.9528286842091,520.1434965952956,513.4762110451352,515.5716552734375,1592112
2019-02-25,515.7621121615362,524.6676766248085,515.2858775242679,522.2388916015625,1961905
2019-02-26,519.1909414034104,527.3345996293123,512.476045121899,524.2390747070312,1952961
2019-02-27,524.8106010287172,528.9538193621402,518.3814330487828,525.6678466796875,2389977
2019-02-28,528.6203952190172,531.763531888093,520.048172593844,528.1917724609375,2618486
2019-03-01,528.620565046901,528.9062942660474,521.381820202611,525.3345336914062,2430914
2019-03-05,523.8581370155484,525.2868410255909,520.5721061656279,522.5723266601562,1644098
2019-03-06,524.8106281543795,525.76309753397,516.1907918959088,521.5245971679688,1587182
2019-03-07,521.6198044008543,523.8580838691972,514.000050453666,515.6192016601562,1144534
2019-03-08,515.2859088088779,517.5718584601972,512.6666181448771,514.2858276367188,2618767
2019-03-11,516.2383035909828,516.2383035909828,510.0472538246703,514.4285888671875,2342102
2019-03-12,516.1431237376207,517.809944970038,511.7617301890856,513.142822265625,2049339
2019-03-13,516.2383453836148,516.7145800195775,505.7611833924344,507.4756164550781,1582245
2019-03-14,506.7612689102321,508.7138193078454,505.284953152725,507.4280090332031,1490894
2019-03-15,508.7138296818757,509.9520862786924,503.8086476692185,507.2851257324219,2019240
2019-03-18,507.71369563029873,510.3329859313157,503.85620699562236,509.09478759765625,1266863
2019-03-19,511.6188595209106,512.1427059597078,504.9991868830913,508.28521728515625,874797
2019-03-20,506.7137101500234,509.3806127871474,505.85646445439335,507.904296875,1255306
2019-03-22,509.47577726897987,513.380877573878,498.71282924669697,501.7607421875,1579084
2019-03-25,500.61788494975167,503.57057492046306,491.6647076211052,501.8084716796875,1874898
2019-03-26,503.38006493504247,507.189942436916,500.71316231055437,504.14202880859375,3044792
2019-03-27,506.14223646855316,508.23762253384774,499.14155185694045,500.52264404296875,1217387
2019-03-28,500.3320992130731,502.28464960266393,497.4746913841759,500.6178283691406,4133379
2019-04-01,491.7599341887298,503.6181897152312,491.7599341887298,500.6655578613281,4091454
2019-04-02,504.7610888239998,504.7610888239998,496.37937108138084,497.8080749511719,1268431
2019-04-03,498.14143151215313,499.8558645826959,494.4267780808846,495.712646484375,3276338
2019-04-04,494.33160300813114,497.1890111180047,492.9028989531943,496.2365417480469,5555991
2019-04-05,506.1422778678764,515.2859611334164,500.9989196971849,506.8089599609375,9784780
2019-04-08,510.99978476802346,511.3807957456337,497.85571991805443,500.4273986816406,2429845
2019-04-09,501.236985428889,509.0948574094844,500.4274097512007,506.71368408203125,2301681
2019-04-10,506.2850516595236,525.5249434074717,505.5706996748284,520.4768676757812,5992326
2019-04-11,520.3815236227263,528.3346763148817,516.2383058606971,518.9528198242188,2977870
2019-04-12,521.9055361309779,530.2396420519768,519.3814693698316,528.4775390625,4347530
2019-04-15,528.6204701765708,542.1455460853887,525.7630622296705,539.3833618164062,2252373
2019-04-16,542.9075552218969,544.5743766633676,530.1444420735594,532.7637329101562,2246831
2019-04-18,535.2877536768642,539.7167592340637,526.9060353528747,534.859130859375,2306549
2019-04-22,533.3827880199219,539.0976036058497,530.1443692675854,534.4304809570312,1205612
2019-04-23,535.7639168465829,548.5746390184468,533.7637548106646,535.001953125,2179959
2019-04-24,534.7162813346155,537.668912872654,526.9060215491469,532.001708984375,1896565
2019-04-25,532.1446454762897,537.1451096390061,524.9535134024445,529.1919555664062,2416194
2019-04-26,531.715932131315,545.6696291972706,530.7158510958203,540.9548950195312,2593397
2019-04-30,542.8122027488541,543.9075074129071,532.0969245959832,538.1450805664062,1914026
2019-05-02,536.2402775934277,542.6218342644362,530.2397319398988,538.7166748046875,1700976
2019-05-03,541.002526606787,545.7648727917059,534.9543702055835,537.6688842773438,2758638
2019-05-06,529.5729213863686,537.6689102924552,529.5729213863686,536.5735473632812,1715311
2019-05-07,537.1926025326608,539.3832699587215,528.7632737784759,531.43017578125,1478212
2019-05-08,529.5729057284666,534.7162629586101,522.9056209441154,531.4778442382812,1890174
2019-05-09,533.2877008602097,534.3830059140935,522.6200307422372,531.2398681640625,1672967
2019-05-10,531.2397923903754,535.9545274099955,524.8106241274709,529.1443481445312,1687480
2019-05-13,525.7630413660264,530.2872704357521,504.427706288833,520.7149658203125,2027570
2019-05-14,520.0482438999973,534.0971662397865,515.4764028331934,529.5729370117188,1822829
2019-05-15,527.668021917299,535.7640114232504,525.2868485331957,529.2872314453125,1396473
2019-05-16,527.6680783588444,530.2397575155765,515.333587283018,524.0487060546875,2589467
2019-05-17,522.9056467079154,525.7154427751539,515.285892293228,518.2861938476562,1194005
2019-05-20,533.3828825021726,540.0501685334497,524.2391991986407,538.5738525390625,1586746
2019-05-21,538.5738311008967,552.4322491731583,526.4774581559711,532.7637329101562,4286383
2019-05-22,535.2876766818772,546.7173067889636,523.9056584067495,526.7154541015625,7762734
2019-05-23,535.1925291739743,541.8598143518393,517.9051879234364,537.9070434570312,5640728
2019-05-24,542.1455207719341,545.2886577399448,532.8589453781098,543.4789428710938,1796355
2019-05-27,542.9075356953351,558.1470454692393,541.0025969735972,551.1940307617188,1959075
2019-05-28,551.4797564887937,556.4326087611121,544.3362363270218,550.4796752929688,2469586
2019-05-29,549.9557712655535,554.7657293780113,533.2875592977523,537.5260009765625,1948077
2019-05-30,533.4780092931528,536.716428030923,527.9060873755795,535.2401123046875,2577559
2019-05-31,535.9545174817642,541.9550627891621,524.6677207488315,532.2874755859375,1912387
2019-06-03,532.43032089079,542.3836363696851,526.2392706478738,541.2406616210938,1284381
2019-06-04,537.1926706180144,547.669832633614,534.4304864693484,535.9068603515625,1558827
2019-06-06,538.145112340997,541.288249157937,530.096735759695,533.1922607421875,1750285
2019-06-07,538.1451715915392,538.1451715915392,516.2383769957775,523.3818969726562,2696228
2019-06-10,524.429507570846,535.8591377377436,523.8580493161431,528.1917724609375,1708042
2019-06-11,529.001487203491,539.4786497952236,524.8105989131523,533.2399291992188,2518184
2019-06-12,532.3350569240531,540.0500341583876,529.8109903008873,534.9066772460938,1253337
2019-06-13,533.4304363340558,539.6690988151586,532.6684724973153,537.76416015625,1594956
2019-06-14,533.525737681387,537.6213443211697,527.8109214954253,529.1919555664062,1808363
2019-06-17,529.0966189894957,530.144311813061,518.0003300090716,519.2385864257812,1267159
2019-06-18,519.2862522110119,529.096673962798,519.143358568359,521.5721435546875,1257992
2019-06-19,524.4296137913185,525.6678704841523,507.2375532266025,508.3329162597656,1137906
2019-06-20,506.5231032498038,526.1916152627584,503.5228601839315,525.0962524414062,1986432
2019-06-21,523.7153239374107,527.477590036191,519.28637570533,525.3345336914062,1534007
2019-06-24,522.476949128874,526.1916021281128,519.1909188809482,523.7628173828125,981017
2019-06-25,522.8580686726418,528.5728848531226,520.5721189468029,523.90576171875,805704
2019-06-26,523.8581391816541,532.2398577817374,521.9532004937207,530.0968017578125,1020879
2019-06-27,530.3824573236427,537.097411773947,524.1437956133335,525.7153930664062,1323494
2019-06-28,525.6677883325356,530.2396289839867,520.3815376284965,527.1441040039062,996578
2019-07-01,529.2872226089344,532.7637008112165,526.8584374245204,529.3824462890625,565463
2019-07-02,530.6683488471782,531.954159282037,525.2868734897824,528.953857421875,565414
2019-07-03,528.9538367221622,530.2397052408194,523.3343023690726,526.9536743164062,797387
2019-07-04,528.2872239802507,529.2396934668217,524.429676052339,525.3345336914062,639531
2019-07-05,525.3344089886343,527.9060876187411,523.09612948016,523.8580932617188,796604
2019-07-08,521.0007797582512,522.905718623912,509.2378055164435,512.857177734375,1490078
2019-07-09,511.2854574347042,526.191623741277,511.2854574347042,522.715087890625,1472836
2019-07-10,519.4291095778699,524.9534780259737,516.0954670273788,519.0481567382812,1045560
2019-07-11,522.9056242280832,527.4774650535285,520.0482164454161,526.14404296875,726448
2019-07-12,527.6679367343406,539.5738017328591,521.1911578019678,530.3348388671875,1485506
2019-07-15,533.2875807841727,533.8590391067349,522.5246312583172,524.3819580078125,842129
2019-07-16,528.3823546923858,531.906502799356,523.2866670896018,527.2393798828125,1460303
2019-07-17,527.6679402804563,531.9540517087271,521.4292786061278,531.0491943359375,1034734
2019-07-18,532.2874085643964,532.4303022032465,519.5719675346528,521.0006713867188,1355289
2019-07-19,524.6200394507439,525.7630141518086,510.04727188096655,511.19024658203125,783708
2019-07-22,511.19029107000546,514.3334281708939,501.1893633000159,505.7135925292969,1816845
2019-07-23,505.761148407166,509.76153069935475,496.2364563467674,503.760986328125,2353027
2019-07-24,503.8562550592997,503.8562550592997,492.4742354023098,494.09344482421875,2707033
2019-07-25,496.5698726254886,513.5714854122447,494.33159290547803,511.1427001953125,3183510
2019-07-26,507.8567112134001,514.2382680150743,503.1419759126196,506.8089599609375,1371242
2019-07-29,506.33268929945905,509.52349654082593,495.52218530051385,497.4271240234375,735045
2019-07-30,497.37950179546783,508.23761740891405,493.18861343890717,495.2840576171875,1665158
2019-07-31,495.18831530835126,500.74468220399007,484.7461321559361,499.21185302734375,1828077
2019-08-01,494.4697685797608,497.6311443874199,487.81168320712425,490.9251708984375,1289007
2019-08-02,487.62006435359854,497.87063535748234,487.33267718874055,494.42181396484375,1574251
2019-08-05,492.2184625962541,498.92443636043043,490.7335800999052,497.1042785644531,2162918
2019-08-06,496.2420223669474,504.86398800652756,475.9804089610787,479.14178466796875,7425849
2019-08-07,481.5847016084859,503.7622785636392,480.5787880566877,496.5294189453125,4668643
2019-08-08,483.5485881653794,488.5780682800267,473.0585179462538,481.91998291015625,6750611
2019-08-09,484.65031510707416,490.2067111057832,461.3230997022391,464.1492004394531,5172748
2019-08-13,464.149159882987,466.4483449207115,453.1800916754669,455.7666931152344,2952687
2019-08-14,457.3952908392153,462.9516570254172,445.46822662559543,458.2095642089844,2376714
2019-08-16,456.9641804658658,463.0953502056845,454.5691900022082,456.10198974609375,1279325
2019-08-19,458.401202508643,465.15506433093793,454.6650230061878,455.8625183105469,1211272
2019-08-20,458.73649754148056,461.4667926260252,450.7851113437589,458.5928039550781,1606901
2019-08-21,458.4969523679317,458.8801449717032,447.33630333215257,448.39007568359375,1065506
2019-08-22,445.37244467228527,450.2103432098982,441.2530725480475,444.51025390625,1398888
2019-08-23,444.51022692593665,447.71951997179224,430.3318951751745,446.3304138183594,2217428
2019-08-26,448.4380366832762,451.16833175896835,435.7924748778201,446.953125,2158865
2019-08-27,448.8212099493271,450.11451063837484,439.1933600427824,445.80352783203125,2992115
2019-08-28,446.2346077224236,456.1977913556003,440.82193516745485,444.7497253417969,2193022
2019-08-29,445.9472382445335,448.34222878290365,437.37316042287836,445.65985107421875,1410078
2019-08-30,448.34219114977986,455.2397750156037,442.0673281602416,452.60528564453125,1126818
2019-09-03,447.3842695805479,451.4557538326192,441.6362918129177,449.8271484375,1564714
2019-09-04,451.3119780925913,455.0481571143862,447.43207626418314,451.599365234375,2339657
2019-09-05,452.17421939523524,459.5986901586104,450.833030523835,458.3053894042969,1216510
2019-09-06,458.8801828715608,462.2331695940044,453.8507027878955,454.952392578125,1668897
2019-09-09,455.0482177734375,458.5928155851207,452.2700345015447,455.0482177734375,780846
2019-09-11,454.0902083591258,458.2095804115538,448.39011915484275,451.98260498046875,996410
2019-09-12,454.0901922972796,454.0901922972796,444.89342306183556,448.1506042480469,1179858
2019-09-13,448.3900933649137,449.92289307616403,444.98921867321803,449.3002014160156,818854
2019-09-16,447.38419613650706,452.1741768231934,444.60601318537334,450.7371826171875,1257381
2019-09-17,452.1263394640146,452.5574202327741,437.8042839088126,441.30096435546875,1753611
2019-09-18,442.01940756460783,443.36059629651953,435.26554655722146,439.3849182128906,1656705
2019-09-19,439.38494498313196,442.5463499392393,431.00247835331635,433.0621643066406,1027073
2019-09-20,435.12188804915354,445.4682353699069,426.7873093705237,443.8396301269531,2558072
2019-09-23,448.34222816393833,452.4616001899583,426.30831524135164,430.04449462890625,2819792
2019-09-24,431.0983000167008,435.93616924482063,427.84111870816395,431.3377990722656,1959468
2019-09-25,431.0025155465826,431.09832102062126,414.04599912787376,416.3451843261719,3524655
2019-09-26,420.5603334834445,421.9494396732944,412.32156028332105,420.033447265625,3960277
2019-09-27,420.0334635928842,427.2663235186976,417.39897392993254,420.94354248046875,3151119
2019-09-30,411.9383632422334,414.62074088998634,400.4424089191943,407.62738037109375,6307161
2019-10-01,408.9685849566103,408.9685849566103,385.7850937197578,395.317138671875,4914716
2019-10-03,393.73642929450966,403.3163910778311,389.42544649201506,400.5382080078125,2639852
2019-10-04,401.8793997268701,413.18374301893846,398.6701066590221,400.7777099609375,4182360
2019-10-07,402.3105581581538,402.3105581581538,388.46749991926765,391.10198974609375,2564196
2019-10-09,391.1498279613764,409.0643681924302,390.3834427129164,405.56768798828125,4117690
2019-10-10,405.32819890648665,409.3517654133842,400.96929864602606,404.4180908203125,2381621
2019-10-11,404.8013279087849,424.39236408510845,373.18744977151954,422.8116760253906,17354782
2019-10-14,422.81160312225484,427.69738929363865,415.2913275603497,422.3804931640625,5861895
2019-10-15,421.5183491599209,429.6613172686921,417.06367245344404,427.793212890625,3153015
2019-10-16,427.55368623304247,429.03859786317776,420.51243765261853,428.0326843261719,2180925
2019-10-17,426.5957146958872,428.894929064338,420.9435427175167,427.5537109375,1818421
2019-10-18,429.6613388075106,432.20002314506957,421.6141757672912,425.4940490722656,2850227
2019-10-22,422.7158264807732,438.52276390158397,421.7099421573749,434.83447265625,2333810
2019-10-23,434.5949657259916,437.6126478772055,429.27809856603017,435.1697692871094,2262575
2019-10-24,435.88832205636504,436.8463183685768,424.9192525872491,428.0806579589844,1733751
2019-10-25,428.32012436697113,442.0673762457858,423.19483864042314,440.5345764160156,2647759
2019-10-27,442.5942511646059,444.41443812528087,440.1992606280009,441.68414306640625,179612
2019-10-29,444.4144249711393,458.30536967229284,442.5942380643397,453.1800842285156,3498572
2019-10-30,458.83225839839025,458.83225839839025,442.8337113247123,445.46820068359375,2640132
2019-10-31,445.46824070299004,452.8448232648347,440.82195320550215,447.24053955078125,3944718
2019-11-01,447.6716051506328,454.2818022097229,442.9774296955303,449.4918212890625,3649879
2019-11-04,451.5994022173943,458.4011810752693,447.4321129059289,448.6296081542969,2393325
2019-11-05,450.4019270240988,455.5272127624725,445.6119458173431,448.19854736328125,1391429
2019-11-06,449.34812320159074,467.4542754666917,444.7497529589865,460.6524963378906,17751556
2019-11-07,461.75417326339397,466.9273469507353,450.2582187423136,452.030517578125,5892783
2019-11-08,450.3540501685662,450.3540501685662,441.87577737344276,443.0732727050781,4300075
2019-11-11,440.1034696141662,440.1034696141662,432.7748041785968,435.7445983886719,4109355
2019-11-13,433.01424623795384,435.88823459794025,427.266269517981,429.0864562988281,3001272
2019-11-14,426.4998945795319,438.95384443916384,424.0569868733246,432.439453125,2659601
2019-11-15,429.1823057204533,448.39011819959006,417.1115475249207,443.791748046875,10693852
2019-11-18,443.5522367708189,452.1742024963856,438.42695129792065,441.2530517578125,2847404
2019-11-19,441.82783680846484,457.44316238512357,440.24711976976033,452.2699890136719,5080106
2019-11-20,452.1742137597599,463.38278117648434,448.96492059037945,462.3289794921875,4080054
2019-11-21,462.3289641310297,471.621509572094,456.5809870284534,465.1071472167969,5600894
2019-11-22,464.6281514250533,464.6281514250533,452.844810000728,458.7364807128906,2778328
2019-11-25,458.16168206578817,464.9634609242599,455.9103851515141,463.191162109375,1465490
2019-11-26,462.7121609124243,469.9450204704926,456.6767965948126,458.4490661621094,3880896
2019-11-27,455.04819755880237,455.04819755880237,445.0371255182191,448.34222412109375,3494515
2019-11-28,452.17423174840667,456.48521489007584,444.6060671912882,448.67755126953125,2933958
2019-11-29,449.92290348629047,453.51538918840987,446.04303062229087,447.0968322753906,1307574
2019-12-02,449.87503867984975,449.87503867984975,436.2235923044962,444.51025390625,2492362
2019-12-03,445.4682224748208,446.28252507272583,440.6782415879947,444.7497253417969,1067139
2019-12-04,443.5522659626413,452.03053866457986,442.5942697078624,450.25823974609375,1426757
2019-12-05,449.7792548765813,450.5456402087045,441.0614828539794,442.2110900878906,1483537
2019-12-06,443.55228787687315,447.38427308531266,434.93032115788424,436.3194274902344,2520045
2019-12-09,438.18741943878507,438.5227239279278,425.9250807971316,429.0864562988281,3761784
2019-12-10,431.6730685888079,435.8403576648166,430.61926698264034,434.0201416015625,2807906
2019-12-11,433.972261119501,434.0680665827867,427.93689699689634,431.0503845214844,1806996
2019-12-12,433.205899955404,443.648052847857,433.205899955404,441.68414306640625,2730092
2019-12-13,441.6841825027049,445.4682795826982,437.42111650834966,441.87579345703125,1213599
2019-12-16,443.6001710415707,445.22877643125275,438.2833033185544,439.0018005371094,903737
2019-12-17,442.6421555628193,446.61786338840216,441.0135794794584,444.4623718261719,2434853
2019-12-18,444.51023043446776,449.539710412444,442.1152399687648,448.1506042480469,1705929
2019-12-19,446.09094105729514,451.6952248801536,445.27663841026015,447.95904541015625,1485123
2019-12-20,447.2884268604651,454.5213158239225,444.4144382159527,446.1867370605469,2248997
2019-12-23,447.38424471098773,449.30023719369007,444.98925410760984,448.19854736328125,866023
2019-12-24,447.62373550000694,459.83818735153204,445.94724210862114,458.5928039550781,3262749
2019-12-26,458.5927869158307,462.2810488512605,452.41369980859173,454.23388671875,2887784
2019-12-27,454.6170752567028,463.19115275693747,452.9405819426911,460.8919677734375,2005404
2019-12-30,460.8920035654642,466.54417561592476,458.16170839489945,459.7903137207031,1809828
2019-12-31,459.79026278975,463.9575226437292,456.91627434660717,458.11376953125,1640854
2020-01-01,460.7962178594718,460.7962178594718,454.52135382199634,455.9104309082031,1316812
2020-01-02,458.7364916323341,459.7423759599186,452.4615989068273,453.6112060546875,1406381
2020-01-03,455.8145506481312,455.8145506481312,447.62369536464007,450.2102966308594,2252752
2020-01-06,450.06662170979655,450.2103445343294,441.8278774370843,447.1447448730469,1501855
2020-01-07,446.4261964033413,450.25818092182493,444.17489965158785,448.9169921875,2365554
2020-01-08,448.1506059329001,450.35401471106474,442.21104709706066,445.2287292480469,1507276
2020-01-09,447.8632383739616,453.41960482420427,447.8632383739616,450.3540344238281,1700600
2020-01-10,450.3540247833826,456.9641927942681,450.0187202622797,453.6112060546875,1213600
2020-01-13,454.56917101631876,462.18525206694005,454.56917101631876,457.58685302734375,1229969
2020-01-14,460.4129876247004,464.8197760689671,459.0717987683734,463.90966796875,2160301
2020-01-15,463.6701354980469,466.40043036620256,459.4070409463896,463.6701354980469,1413668
2020-01-16,463.6702144370608,466.975313403682,458.8802328829589,460.0777282714844,1694372
2020-01-17,459.8381926578632,462.66429324452963,456.5330939538448,460.1255798339844,2039387
2020-01-20,460.2692889618874,462.8558611771863,456.62888583690244,459.98187255859375,1206931
2020-01-21,458.83230801765666,459.4070823695382,452.36583343746514,453.5154113769531,1448808
2020-01-22,454.5691987692797,460.125565057839,450.4977149025369,451.791015625,2380518
2020-01-23,444.98924677708715,455.86250978444724,440.05557206254855,445.6119384765625,5783749
2020-01-24,445.46823947196776,448.10272906024284,437.6605761756792,439.5765686035156,2713370
2020-01-27,438.28322989312505,446.9051950713505,435.1218543553978,444.9413146972656,5849003
2020-01-28,445.46823433454017,448.3422229431501,439.6723690014664,445.18084716796875,3592413
2020-01-29,445.18085847693504,447.76743074895654,441.0135690414438,442.16314697265625,1737293
2020-01-30,441.63626734697635,441.63626734697635,427.60162825565453,432.0563049316406,2766881
2020-01-31,434.88240048728454,434.88240048728454,423.5301393098235,428.1285095214844,2184609
2020-02-03,425.3503110520797,431.7209799087555,420.94352270304404,425.877197265625,1690394
2020-02-04,427.93690998695195,433.44538808227946,425.54191951072255,429.6134033203125,2030860
2020-02-05,430.6671825970309,439.863952019299,419.1233400121293,428.7511901855469,3637403
2020-02-06,443.0732324359414,444.84553121282977,417.0636420438735,421.1830139160156,7118843
2020-02-07,421.51832383583917,427.1704955128568,418.9317224271025,424.58392333984375,6386193
2020-02-10,425.54196139391115,432.05632443612984,423.5301633487262,426.06884765625,3557480
2020-02-11,428.3201089865339,433.0142845426166,424.7276232187578,431.673095703125,1889638
2020-02-12,435.8403766327604,435.8403766327604,426.3083028851953,428.0326843261719,1683136
2020-02-13,428.032724706305,430.0445227343841,421.99735985779387,424.7755432128906,2041017
2020-02-14,425.3503351711909,430.0445109509351,422.955344545227,428.32012939453125,1814780
2020-02-17,425.82930265531195,427.0267978821267,412.03416348955113,413.758544921875,4581786
2020-02-18,414.81235175176494,419.26702820403295,410.11817625114145,417.68634033203125,2453801
2020-02-19,419.4107032285681,430.3318827389381,419.0275106152988,428.7032775878906,2359566
2020-02-20,429.18226029116465,429.94864549025317,416.2493127154264,417.4468078613281,3048500
2020-02-24,417.6863144818202,418.35692347000173,408.6332393199782,412.08203125,2569563
2020-02-25,412.1299710123068,413.0879671985411,402.358398218427,407.9147644042969,2438218
2020-02-26,388.9464827805546,407.14841177767414,388.75487183366306,404.4660339355469,8068909
2020-02-27,393.8322582964849,406.19040388839727,391.8204603546096,403.5080261230469,5109022
2020-02-28,395.65244987235513,398.9575486176371,381.3303942904338,385.2102966308594,4200936
2020-03-02,389.90445853489206,393.97594243851194,378.07319946193417,385.06658935546875,3460583
2020-03-03,385.1144902172252,411.17199975705887,385.1144902172252,407.435791015625,5476676
2020-03-04,407.723180752444,430.9066708066591,402.35839628812437,428.84698486328125,9297945
2020-03-05,429.0386122314138,452.1742150572177,419.0754574078065,422.0931396484375,9637431
2020-03-06,407.1483757082042,419.74601960356046,405.28027146654784,416.1535339355469,2916146
2020-03-09,407.14840172462453,414.47706710852276,405.7114073655964,408.2500915527344,2986596
2020-03-11,407.1483639366373,408.2500536624978,392.9700326044269,399.5802001953125,5314547
2020-03-12,395.17343918532794,395.17343918532794,374.33702148282885,378.16900634765625,5636464
2020-03-13,371.70251760883315,416.68044992615006,340.3760308480262,407.6752624511719,6096891
2020-03-16,398.52639451053125,406.0945581745243,376.2529842404114,379.7496643066406,5394603
2020-03-17,380.32451773490976,404.2744243932794,374.33704107031735,384.875,2989674
2020-03-18,394.50281956216196,394.50281956216196,365.66715761606577,369.7865295410156,4200456
2020-03-19,361.8694451445804,377.26918435320573,350.379999229968,361.7729187011719,2926091
2020-03-20,366.69697127793995,386.0069756520227,359.6005682422472,379.24847412109375,4718358
2020-03-23,357.2350187765448,392.86196475617993,357.2350187765448,362.30389404296875,5507004
2020-03-24,366.8900223976135,395.61364915111085,359.69703517261297,364.4280090332031,6649616
2020-03-25,364.9590684263339,381.27601559266105,361.09706770224574,363.4625549316406,6418955
2020-03-26,369.7865612485787,381.08292490550946,367.37281084878384,372.827880859375,4291225
2020-03-27,379.441579068527,396.8205826899862,378.4278156431663,393.5861511230469,6471291
2020-03-30,399.5239071673398,423.56488187960986,393.5860877785968,416.8546447753906,9020926
2020-03-31,430.6130721179762,431.1923781079412,405.5100679137892,408.2617492675781,9434602
2020-04-01,410.24099801182973,416.0339987730174,396.24124617229285,399.4756774902344,6329668
2020-04-03,410.33755246312586,439.0129179152627,401.8894263830027,433.7026672363281,17906762
2020-04-07,462.4745788729209,495.68780810906236,436.40607442705686,475.2674560546875,20843608
2020-04-08,479.80532031190984,511.7150890809742,473.09508235788184,495.0602111816406,19456188
2020-04-09,544.5421025706585,588.9551109363505,544.5421025706585,559.6038818359375,27207708
2020-04-13,584.1275163812251,584.1275163812251,562.8865157855441,572.3966674804688,15483858
2020-04-15,583.5965265840433,592.8170404269442,558.638314524361,571.9139404296875,16213806
2020-04-16,569.6450700783602,591.658461000583,561.9210691281452,579.7345581054688,12716342
2020-04-17,593.7825818524313,593.7825818524313,574.4725791905636,577.3690795898438,8304173
2020-04-20,577.3690743821885,578.7207981281077,559.9900721432598,565.2037963867188,5856150
2020-04-21,558.0590194832143,588.7619087692392,550.3350192135505,571.6725463867188,14471856
2020-04-22,574.3760126827415,579.0586644298197,564.8175384600993,566.941650390625,6182243
2020-04-23,569.6451232786334,583.0655997547768,559.0728842047743,566.458984375,6277840
2020-04-24,566.1692307084812,585.0930073752428,563.4657835308489,578.6241455078125,11127889
2020-04-27,579.300148271207,610.8237549114153,579.300148271207,587.7000122070312,14089786
2020-04-28,595.5204787140982,599.816966152915,572.7829620446146,577.9483642578125,8193422
2020-04-29,584.1276312934028,586.9276054945257,569.7416544881132,575.6795043945312,6767183
2020-04-30,586.9275495277684,590.3550631854441,565.8795996603377,569.2588500976562,9099721
2020-05-04,568.6795572868607,595.6652967912017,560.5693328980867,590.7412109375,16815950
2020-05-05,601.5547979355617,601.5547979355617,574.4725331582753,576.3070068359375,9257154
2020-05-06,576.8862810606286,585.0930315024953,569.6450306707462,571.3346557617188,6978135
2020-05-07,577.3690589073386,581.0379474957764,567.2313078730125,569.2105712890625,4620871
2020-05-08,577.3690188075717,580.4586306941032,569.16226854024,571.4794921875,5051303
2020-05-11,580.2172733053707,580.2172733053707,563.3210222419029,565.831298828125,5853892
2020-05-12,566.7485101170732,573.3138984483838,546.6661215444695,550.4798583984375,8868938
2020-05-13,579.3000909747075,584.12759173283,549.2730598309662,550.5281982421875,10438589
2020-05-14,551.3005029361151,557.9624765433728,546.5695293391415,550.0936279296875,8546002
2020-05-15,552.266056778857,564.8175580692856,546.0868325717894,550.6246948242188,14388403
2020-05-18,550.9143442023085,584.1275718600134,550.817817762211,579.7345581054688,22898114
2020-05-19,579.300018742958,587.7964072319656,569.838130222712,574.4242553710938,10951060
2020-05-20,576.4035695706347,602.8099741860519,574.8587929559609,599.2376708984375,13440063
2020-05-21,599.2377154845938,605.2237695089335,591.1757535540182,595.327392578125,7916771
2020-05-22,595.4239380262828,619.7062307778159,589.0516018526781,617.29248046875,10874832
2020-05-26,617.9201354461201,624.5821104781811,602.5203952846576,606.0444946289062,8859302
2020-05-27,608.2650752885853,615.7959644348396,604.2099630007713,611.2098388671875,7710100
2020-05-28,612.1270349181137,615.6511336909193,604.4512976943711,606.6719360351562,5488625
2020-05-29,611.1615301022949,628.4922677417959,609.230530007185,625.7888793945312,10580203
2020-06-01,626.6096134408439,630.0853904983181,612.6581241291901,620.3338623046875,7439123
2020-06-02,622.651042158211,635.9266686205516,614.0580676398979,615.6028442382812,6883363
2020-06-03,624.5337145097308,627.0923133399414,613.3822001692521,619.0786743164062,5044700
2020-06-04,620.8165926553976,641.8644840108566,620.3338425833483,637.7611083984375,10452388
2020-06-05,642.0575584288057,646.6436838461543,626.6095570229999,628.4440307617188,6481383
2020-06-08,634.0439243288793,635.1059508618616,611.2098235047139,613.1890869140625,6263334
2020-06-09,616.8580330045985,631.7266990794935,615.0718224748352,617.9683227539062,8968365
2020-06-10,624.4854624167774,628.2991996558222,617.7269616137182,620.768310546875,5425984
2020-06-11,623.3751283600105,624.6302666340991,610.9684174094848,613.092529296875,3172467
2020-06-12,595.0377316695682,622.7475978075139,595.0377316695682,621.3958740234375,5579009
2020-06-15,620.8165542054562,630.9543050906153,615.0235536996511,621.4441528320312,4520180
2020-06-16,622.2648836834306,627.5751348242512,610.6306179698876,615.7960205078125,2927072
2020-06-17,617.9200331239765,621.5889215347607,613.0925328651954,618.2579345703125,2648039
2020-06-18,619.5131883290609,622.5544784120278,614.444312594664,619.8993530273438,2161524
2020-06-19,626.4647002623722,626.4647002623722,609.7132975283448,614.2511596679688,4476020
2020-06-22,667.1605921047428,668.6088423046807,629.1681854314849,633.31982421875,29312493
2020-06-23,650.747038874437,650.747038874437,632.7887613734197,637.0369262695312,8287482
2020-06-24,637.2300985700349,639.4024739060691,606.6237320497958,609.4237060546875,6955942
2020-06-25,610.1960588729194,619.8510598044529,607.444407179212,612.9960327148438,5816404
2020-06-26,616.9545595249929,621.4441585299356,609.8098352638784,612.9960327148438,3847728
2020-06-29,615.0235873565522,625.6440888650641,613.478810708913,622.6510620117188,6772032
2020-06-30,625.5958623009029,627.4785994645302,615.9891235875879,618.1614990234375,4319880
2020-07-01,620.4304019535475,620.4304019535475,599.6238845298668,605.4651489257812,4809651
2020-07-02,608.2650157390793,631.8715031357945,604.4030156391486,623.9061279296875,6169821
2020-07-03,630.4232627077465,630.4232627077465,613.5752752290992,616.7614135742188,5379171
2020-07-06,617.9200225905107,622.0233977405258,607.4926339951849,612.706298828125,5604802
2020-07-07,615.9407739462971,620.4303138594902,613.2856487861104,614.5890502929688,3781547
2020-07-08,621.2510700492554,625.6440838521418,610.6788318464193,612.5133056640625,6952585
2020-07-09,621.7337200262793,621.7337200262793,614.2993584407931,617.0027465820312,4354183
2020-07-10,617.9201198960081,624.6786212073707,614.7339810636853,616.8580932617188,4119561
2020-07-13,618.8855641690967,623.7130646696357,614.6373401568426,616.3269653320312,3450069
2020-07-14,617.8718173077814,621.7820810314836,609.4719544272111,610.4857177734375,5432821
2020-07-15,612.5133619336783,621.2993903465949,611.2581645065845,616.1822509765625,4253913
2020-07-16,617.8718396318211,654.0298324362758,613.961575766839,651.2298583984375,16098128
2020-07-17,651.2298923651935,672.6157456121265,646.1610162570878,665.326171875,15244102
2020-07-20,665.2295608020962,667.0157123935735,649.1539607610063,651.0849609375,5469496
2020-07-21,652.7746350603253,658.567636024373,637.2301060452453,639.4507446289062,4314750
2020-07-22,643.1679474070652,654.4159887778799,634.8163475519018,638.8714599609375,5918154
2020-07-23,641.0438440037079,650.7471088407393,639.3542187211095,648.2850952148438,4620517
2020-07-24,649.7815877901461,657.5055888337139,635.4921976454358,643.0713500976562,4962702
2020-07-27,650.6988270691527,650.6988270691527,627.9613107002529,630.3750610351562,4465020
2020-07-28,628.5405186496215,642.7816440721745,622.0233934562499,639.7402954101562,4583066
2020-07-29,639.7403476653186,661.8985869185968,639.7403476653186,657.7469482421875,7288781
2020-07-30,657.6986646703001,674.836291048307,657.5055528688836,662.2847900390625,7170665
2020-07-31,663.2986374705928,699.0221448743947,663.2986374705928,695.3049926757812,18897302
2020-08-03,699.0221364125385,708.8702501202636,676.815632078991,685.891357421875,12500683
2020-08-04,683.5740769399536,694.0980516962611,678.9396882042167,689.2222290039062,6970907
2020-08-05,695.9324404234537,704.7667896579902,691.2980518616673,697.2359008789062,5263136
2020-08-06,699.9392851427531,714.180411126633,695.2565744615715,705.8770751953125,9663886
2020-08-07,712.5391217203395,714.1322205642598,699.5048694937478,703.51171875,6159632
2020-08-10,733.7800755037741,786.3998309181894,725.4284760726422,768.15185546875,56895213
2020-08-11,773.46208575615,774.1862108116935,742.2281819321502,751.1590576171875,14861526
2020-08-12,751.1590926528278,751.1590926528278,729.5318664134082,735.8076171875,7841540
2020-08-13,739.5248469809331,755.8900862053719,728.0836349184362,734.021484375,13741253
2020-08-14,735.7110843340909,760.5727121839633,726.5870965023253,745.1729736328125,16276204
2020-08-17,752.1245390032551,754.0555391033919,739.0902883273322,745.0281372070312,6145819
2020-08-18,745.3661182213947,752.7522179646702,736.676616843166,738.4627685546875,5520627
2020-08-19,743.4351119848471,746.0419741634117,730.5457086150725,732.18701171875,6296055
2020-08-20,732.1869412692671,745.1246655450346,732.1869412692671,736.3869018554688,8167570
2020-08-21,742.3247387742099,744.0143639730205,732.862849446761,734.5042114257812,4700914
2020-08-24,736.676573347086,740.5385737316054,724.3664471214302,725.814697265625,4942344
2020-08-25,730.1595103099011,731.8491356230148,719.539008341757,721.9527587890625,3424047
2020-08-26,725.5732809056573,727.9870310084705,718.5251423913318,722.1940307617188,3730702
2020-08-27,724.8975424090409,737.6421569058712,724.0768908062552,730.1112670898438,6989194
2020-08-28,736.6766019609196,744.4006030299724,720.9389615686146,722.7733764648438,8205618
2020-08-31,726.0561095760488,729.6284719010768,680.8707145425788,688.9326171875,7649137
2020-09-01,688.9325964385051,715.4355864260065,685.5050828103435,711.1390991210938,6260037
2020-09-02,714.4218796923368,722.6768945577061,704.0427526161907,712.780517578125,5583378
2020-09-03,717.0769942922857,720.2148698721238,709.6426311326245,713.118408203125,3560610
2020-09-04,708.4356056547566,724.1249802263271,692.3600075219555,699.6012573242188,7473315
2020-09-07,702.8840312445501,708.4839197075872,682.608530343265,692.0221557617188,4688730
2020-09-08,692.0222263370056,701.3875894943211,680.0983231626936,683.7672119140625,4818121
2020-09-09,684.6844779956625,709.5943709184173,680.8707404888743,702.4496459960938,9082694
2020-09-10,703.8495146621682,710.5114883727238,694.4358894660692,701.7254028320312,4571167
2020-09-11,700.7599975970193,706.2633602419378,695.4014835464876,700.9048461914062,2465429
2020-09-14,703.849558146392,705.0564332460943,692.9876822490711,696.704833984375,3104686
2020-09-15,698.0565822894386,727.9870858177547,697.7186808213829,716.8355712890625,14548327
2020-09-16,718.2838351900755,730.4008500642061,706.746096823528,726.6353759765625,6773101
2020-09-17,725.0906141817927,735.7111158542291,720.9389753139126,725.5733642578125,7105767
2020-09-18,753.0901299055232,791.0342746648723,749.3729778361043,778.4345092773438,35527335
2020-09-21,778.4344374649869,783.9377996924894,735.7110590366759,741.6005859375,12576400
2020-09-22,750.2418925697895,760.7658679560963,729.0974742817639,750.8212280273438,14483843
2020-09-23,756.9038196509782,756.9520828703734,735.5179687378989,740.9248046875,6236391
2020-09-24,738.0766237168928,740.2007358968555,704.8151307601954,708.1461181640625,7123763
2020-09-25,726.0561472731368,750.1936521691853,714.8563685731525,743.5316772460938,13365087
2020-09-28,745.4625351562458,751.1590087947187,729.5317849697255,748.0693969726562,9290917
2020-09-29,750.7728261708462,758.8830502799683,732.8628117701029,736.0489501953125,6582879
2020-09-30,736.0489394175338,767.4760131831177,734.7938011386417,747.972900390625,14333215
2020-10-01,752.8968699887771,754.0554817466193,739.3316071030393,746.3314819335938,5852563
2020-10-05,749.2280832727541,757.0003473507116,735.7593449898861,751.7866821289062,6798052
2020-10-06,755.0210772504012,760.8140778431152,750.1935767564728,753.427978515625,4789613
2020-10-07,753.0900516321461,763.3726509089024,744.4005510363905,746.9108276367188,6086371
2020-10-08,748.2625289427135,787.4618068871599,748.1660025107572,783.4550170898438,12019967
2020-10-09,784.9515583855987,796.5375592473787,772.7379589053597,775.44140625,11673228
2020-10-12,777.2275633452111,791.4686895058842,772.5449115353452,785.5791625976562,6612623
2020-10-13,782.0551241693008,800.4478903036883,751.6418693404947,759.9934692382812,13964602
2020-10-14,761.5864690402458,767.1380946294322,740.3454667859671,754.538330078125,8675720
2020-10-15,753.7177245578213,760.8141271722276,736.5800966932184,741.7937622070312,6291141
2020-10-16,740.4902821996865,760.3312966306346,732.2352684793004,755.3589477539062,9099048
2020-10-19,755.9865920780841,757.0486186356601,735.8559381979767,737.64208984375,4351337
2020-10-20,738.6075635041543,747.97292609526,730.2077009960606,737.9317016601562,6029701
2020-10-21,745.17293285854,745.17293285854,730.4007937594076,740.6350708007812,6932513
2020-10-22,738.6075838296721,743.2902357893612,718.3320815284653,731.3663330078125,8429247
2020-10-23,734.9869740838865,747.9246993998037,728.9525982703899,731.4146118164062,8515845
2020-10-26,734.9386775132231,737.4006909475182,716.6907023094855,721.3734130859375,4665147
2020-10-27,724.1250755956366,746.8625911834497,721.228575293254,743.6764526367188,7003966
2020-10-28,744.7867870662716,753.0900642023644,735.8559113048973,738.8489379882812,7050213
2020-10-29,739.6695597661922,747.9246322818149,730.8835329419707,736.0006713867188,6084020
2020-10-30,739.2833999416551,741.0212882454621,720.2630371740909,728.4697875976562,4126276
2020-11-02,731.3663460069806,736.0489980498983,718.7183179184423,725.3319702148438,3265890
2020-11-03,730.0145750201763,743.9660627347176,724.849173248129,733.1041870117188,5390467
2020-11-04,731.6559763788454,756.7589794037636,731.0766998808198,754.200439453125,9035451
2020-11-05,758.8830174119802,768.634544063944,751.4486554555158,766.124267578125,6656549
2020-11-06,769.8898261229178,774.3311031427291,759.4141143698623,762.6968383789062,7765316
2020-11-09,767.6691078504568,776.2620823336414,726.3457152534116,736.8696899414062,21178707
2020-11-10,743.2419788366659,743.2419788366659,682.1258331707403,692.55322265625,22558440
2020-11-11,701.91855014963,719.7803014257898,693.8083259984055,716.7389526367188,18892977
2020-11-12,716.7873431779118,732.6697736845659,708.1943681722747,714.1804809570312,10422659
2020-11-13,716.8838070248171,725.0905576776265,714.6149054161137,718.9596557617188,6955531
2020-11-14,723.6422926940816,724.0285162886456,718.3320423807827,720.0216674804688,631992
2020-11-17,721.6147785857571,725.9595289169893,708.6770540276423,716.9320678710938,7313289
2020-11-18,721.5182615209824,726.056124082388,708.1943710298293,717.318359375,7190828
2020-11-19,716.9320453991439,725.9595061620773,712.4907687715403,716.49755859375,5804230
2020-11-20,716.401061759261,722.6285490820068,706.9874359477343,714.37353515625,5394676
2020-11-23,716.0632547883826,731.8974228851041,713.8908793144564,720.5527954101562,8690680
2020-11-24,722.4836914566107,726.05605350576,716.0148291940076,722.6285400390625,5471533
2020-11-25,724.2216336179542,728.5181210397524,703.0772158461025,706.408203125,6060158
2020-11-26,708.6771640193174,715.4356655835344,701.4359123433708,713.2150268554688,6088729
2020-11-27,715.4356149480473,723.1596161890518,709.6426140172938,719.8768920898438,12777697
2020-12-01,727.0215836345645,733.7800844120438,720.4079314455255,729.5318603515625,6241872
2020-12-02,731.8491102396288,734.7456106759333,725.2354578151808,732.18701171875,3983393
2020-12-03,733.7801081535085,738.414497050693,729.9663708055045,735.85595703125,3765555
2020-12-04,736.6765583223357,744.0143353314868,730.8835578637066,740.4902954101562,5423289
2020-12-07,740.4903279071757,755.5038429687802,739.5730910084162,746.4764404296875,6779545
2020-12-08,750.1935599304677,752.5590469053272,731.6559466636708,739.5730590820312,4166424
2020-12-09,743.3386639640864,747.2006649532658,733.7319247176109,736.097412109375,4045201
2020-12-10,736.676555682307,741.2144178111937,729.0490815340007,736.4351806640625,3679209
2020-12-11,737.642042383279,739.6695689279989,727.0215417730486,729.773193359375,3178041
2020-12-14,751.448712812856,765.9312142505808,749.5659758400619,762.0692138671875,19785595
2020-12-15,762.0692068110881,770.4690693530828,752.3659427235461,754.6831665039062,8249684
2020-12-16,763.0829700653752,763.0829700653752,755.3107061521708,759.6554565429688,3817724
2020-12-17,763.4692014439896,767.4277282685682,754.1521019393177,756.1796875,3984988
2020-12-18,757.1934976155559,768.5381244526394,754.5383721856001,766.0761108398438,6487014
2020-12-21,765.6415353136791,788.7170099497664,733.7800338441314,751.6417846679688,14465355
2020-12-22,755.0211296801297,770.4691323334316,734.8421526424727,767.5726318359375,6139589
2020-12-23,768.8759472250481,798.4685475594598,764.9174205610424,796.1996459960938,8520251
2020-12-24,800.2064878135209,806.0960739042469,787.1722361911849,804.4547119140625,7294578
2020-12-28,808.7028159028611,810.0545395406192,796.7306506761382,801.5098876953125,4810932
2020-12-29,801.5099151850793,806.916692062658,789.2963155982326,799.3858032226562,3311293
2020-12-30,801.3650796661426,801.3650796661426,787.8963415412857,795.3789672851562,2715404
2020-12-31,795.5720064096777,804.5994079106313,788.2342299223368,791.6617431640625,4842886
2021-01-01,794.413508690423,800.3513581627014,792.3377187332864,798.0823974609375,2474916
2021-01-04,802.3306004348622,808.4132394103915,798.0341131111439,803.5374755859375,3487801
2021-01-05,803.5374614569167,814.6407126515752,796.8272239490375,798.7099609375,4559213
2021-01-06,800.3996560334415,805.6133806216053,787.124028445432,796.3445434570312,3318460
2021-01-07,801.3650445884142,801.799531398478,789.7790439437625,798.0340576171875,2879675
2021-01-08,802.040952737379,817.0062044344395,798.8548141619594,809.7649536132812,5072916
2021-01-11,810.0546036899611,830.3301062852998,804.0202279175389,827.2887573242188,5332109
2021-01-12,830.3300538505028,834.7713305667615,811.9855526607823,814.0614013671875,4338010
2021-01-13,818.1165395869871,822.6061389169417,803.7788857375048,812.6614990234375,3596529
2021-01-14,812.6614874546461,818.3096397562906,800.3996237726011,811.8890991210938,3652930
2021-01-15,810.0546109403423,815.7510852922754,792.6756085602158,795.282470703125,3137877
2021-01-18,793.6410991215505,798.1306982540549,768.7312077963263,774.0897216796875,3742440
2021-01-19,774.8138229246545,796.9237985773992,774.8138229246545,794.0755615234375,3791378
2021-01-20,794.1238420781269,806.0960670380757,793.930730269847,804.0684814453125,3056546
2021-01-21,806.1925822703591,810.3442209081369,781.0895797086473,784.710205078125,3326213
2021-01-22,787.6550084294097,794.123871202604,770.7104926291534,780.4137573242188,3883231
2021-01-25,784.9515901051566,827.4335949816964,780.3654645787119,807.9304809570312,10704200
2021-01-27,810.9235611911697,826.9025761317959,796.7306978717579,813.433837890625,7410174
2021-01-28,806.6753290453823,819.5647317366258,797.2134399041091,812.8545532226562,4489853
2021-01-29,818.695883233248,821.4957983764275,792.4342667497122,797.4066162109375,7185812
2021-02-01,786.882623433836,802.3306258570769,753.0418549113143,778.579345703125,13856367
2021-02-02,779.1585445432593,797.8409470395253,773.8482942396807,793.2548217773438,8486828
2021-02-03,797.5031106548516,848.5780913133655,795.7652221996055,819.9509887695312,15674616
2021-02-04,818.3096496304629,826.9508878568896,803.8754104383137,805.66162109375,4639606
2021-02-05,810.6338209510811,825.4060189059769,801.847794040299,818.4544067382812,7381183
2021-02-08,822.6062067188883,829.6060834779399,812.0339672762223,818.0200805664062,4244906
2021-02-09,818.7440924784675,827.2887448718225,810.0545914969744,812.709716796875,4200281
2021-02-10,818.3579044734695,837.0886309759701,811.9856270482016,833.6128540039062,5665209
2021-02-11,838.0540753887122,844.7160495597798,826.468074346472,830.136962890625,5347864
2021-02-12,829.3645113378802,834.5299128367168,816.3302611596946,819.2750244140625,2473012
2021-02-15,820.7715804774047,827.0473308906733,812.9510535341872,815.1716918945312,2531913
2021-02-16,820.6751912281467,822.8475667343389,812.2270642596217,819.0820922851562,2808115
2021-02-17,820.1440960062247,825.2129716812577,804.2616071052312,806.8684692382812,2539649
2021-02-18,806.1925597964474,814.3510471874628,794.1238089012911,796.9720458984375,4114251
2021-02-19,795.3790102182157,796.9721090343604,771.4346183312465,779.4965209960938,3834443
2021-02-22,783.406772598871,789.2962993956716,758.9313107094838,765.1105346679688,4090429
2021-02-23,767.5725559797592,775.4414051254188,761.2002790868006,763.6622924804688,3264477
2021-02-24,766.6071183832973,770.5656454228155,749.4694907368194,761.827880859375,1587082
2021-02-25,767.5725859338615,785.9170879876268,763.1795722279288,781.2344360351562,5478169
2021-02-26,777.2275893644891,791.7100910296659,753.0900865891944,759.8968505859375,7549015
2021-03-01,767.5725530508576,772.8828034178761,755.0210521833593,762.5519409179688,2748271
2021-03-02,765.2552954677401,786.8825195776018,763.5174072103902,783.7929077148438,4275166
2021-03-03,789.7307982304509,789.9239100313645,779.7378370952881,784.4688110351562,3265559
2021-03-04,779.5447739052687,789.7790509942962,775.9724118887206,778.9171752929688,3640996
2021-03-05,778.6758380991265,783.9860886999265,772.6414624163993,777.3724365234375,3832170
2021-03-08,780.0757943105193,790.7445583113705,778.3861691859223,781.3309326171875,2915298
2021-03-09,784.5653794808044,788.5239653584302,764.7726268810284,769.5036010742188,2783825
2021-03-10,778.1930901653915,786.6412161442341,773.3655896060528,784.372314453125,2512573
2021-03-12,788.3308509441914,790.4549630020683,774.3310991515511,778.1448364257812,2082799
2021-03-15,780.0276121670955,780.9931123386456,762.7451355245674,777.7103881835938,2651062
2021-03-16,777.3241494472899,780.6068735385901,759.8486202533957,764.9657592773438,3671229
2021-03-17,767.3794043602749,767.3794043602749,743.4350156423579,745.5108642578125,3246092
2021-03-18,749.2280652918946,751.593552283925,724.9457146040183,729.097412109375,2894624
2021-03-19,725.0905545360517,740.7799307160928,712.6355800275016,734.4076538085938,5262000
2021-03-22,735.7111145192837,757.5313943440063,732.5249758092245,746.186767578125,3563266
2021-03-23,748.2626193984062,752.5108436480621,741.890341953375,749.3246459960938,2118532
2021-03-24,750.9659725396325,771.144948377295,745.993682338963,765.5933227539062,6904173
2021-03-25,769.4070655053554,774.6207307706508,756.2762285787346,760.0899658203125,5292130
2021-03-26,763.7105946937821,771.4345956514942,754.2969685265705,760.2830810546875,2934548
2021-03-30,762.9864006842971,787.7515000897383,762.9864006842971,784.1791381835938,4453933
2021-03-31,783.0205383194611,795.5237757172333,777.2275380359633,786.9790649414062,3075406
2021-04-01,791.2273374999543,795.57208798043,783.5998630846726,790.0687255859375,1910949
2021-04-05,796.537625800549,798.46862610552,778.2896493467917,791.46875,2920638
2021-04-06,795.5721280556447,815.8476313191987,793.4962791497378,807.302978515625,4569120
2021-04-07,807.3028951240744,815.7510206112269,801.6064212238157,811.8406982421875,2404472
2021-04-08,813.9166720791271,821.109660385765,809.4753947119249,812.951171875,2459821
2021-04-09,811.8890456137619,861.5157146596579,807.7856702496539,852.5848388671875,11189432
2021-04-12,859.2951088954004,907.5701150131194,848.8194561396357,871.267333984375,30141861
2021-04-13,890.142834459802,900.4253752304223,847.9987312636214,854.6607055664062,11667200
2021-04-15,867.7914319292089,893.4737685806257,853.4055165621827,882.66015625,13218002
2021-04-16,888.0186776331932,911.673429035219,879.4740256985259,905.6873168945312,13746268
2021-04-19,912.638946667218,922.0525724064461,892.1220700560798,913.6527099609375,17805574
2021-04-20,931.804145535146,933.0110206894136,908.6321425732082,916.5492553710938,10205616
2021-04-22,925.7215081242972,929.9214690259909,906.4597688434047,911.77001953125,8522208
2021-04-23,911.7699639582869,919.9767145211138,890.9151860998234,903.3218383789062,7972589
2021-04-26,903.3218743774955,907.5700984099176,871.0259430191279,874.163818359375,10255697
2021-04-27,881.5015787260511,887.7773292865322,869.9155776913166,880.9223022460938,5669049
2021-04-28,882.8050078990108,886.3291068958125,871.7983419292168,878.7982177734375,7251009
2021-04-29,880.4878173454553,885.7498046127854,872.8120798572808,875.225830078125,4953091
2021-04-30,869.6742157684516,889.2255928090412,869.6742157684516,878.9429931640625,6459737
2021-05-03,887.3911334521209,892.5083312128357,875.1293291168395,878.7982177734375,6330144
2021-05-04,881.4050441362737,881.4050441362737,845.7780677122325,848.1435546875,8347795
2021-05-05,854.4676610180387,867.9846635652168,839.0196581069781,857.9917602539062,10491085
2021-05-06,875.7086126521746,885.0739756428344,850.5090829822551,853.791748046875,17973153
2021-05-07,862.1915291998844,864.6052792816309,846.7435286767062,852.4400024414062,5479029
2021-05-10,861.7088414906992,875.1775797066118,847.2263399530405,869.1914672851562,8379304
2021-05-11,868.9018266174667,874.6948272163771,857.5572004446004,860.1640625,5864464
2021-05-12,858.6192492961071,875.4672382616677,853.7917486715597,867.598388671875,5224240
2021-05-14,877.6396502014758,889.2256521843335,869.7225370606322,872.8604125976562,15048471
2021-05-17,864.1226577360848,873.7776594984991,839.9851533300489,850.7987670898438,14122085
2021-05-18,856.3985823336216,857.7019838871524,848.1435683258784,853.8883056640625,5129966
2021-05-19,857.2192675176675,874.6948552419757,850.6056151937869,872.7638549804688,7242643
2021-05-20,874.7431321416399,895.8876089075729,873.7776319957882,892.3152465820312,12378690
2021-05-21,897.9150848164105,902.7425852724127,890.4807223282774,894.9220581054688,6740711
2021-05-24,898.8806342412962,912.8803863320575,894.1979821137535,899.1220092773438,6420035
2021-05-25,907.2321607906346,907.5700622420309,897.9150615798816,903.3218383789062,3695242
2021-05-26,908.5356313178311,919.1078696318089,906.6528942598155,912.54248046875,5445187
2021-05-27,913.3630268982171,916.0181519764095,901.8252897725462,909.8389282226562,6249606
2021-05-28,907.7632011480631,914.6664914699719,898.8805884877509,902.114990234375,2156991
2021-05-31,902.1150320821765,918.1906329821944,892.1221292066748,916.5975341796875,3183414
2021-06-01,919.1560599503297,924.9490603281679,910.9975726323181,913.7975463867188,2904962
2021-06-02,913.7975637819668,927.3628281390799,913.7975637819668,921.762939453125,2449102
2021-06-03,922.0525870409924,926.5904492552514,913.3630862207108,915.5354614257812,2258695
2021-06-04,915.2941052190861,918.6733556075532,904.1908539426943,913.7493286132812,3057699
2021-06-07,918.9146907362621,918.9146907362621,905.2045779695951,907.376953125,2028426
2021-06-08,907.3770253388433,922.0526393425417,899.7012873929809,920.8457641601562,2278534
2021-06-09,921.8595103412872,941.3626247109322,917.4182333246879,925.5767211914062,5498857
2021-06-10,927.7973336256682,941.3625982556676,926.880096744042,940.5902099609375,4754350
2021-06-11,941.3626391429437,948.4107783988414,932.190387787192,934.4592895507812,3480545
2021-06-14,939.1419134215927,945.2245519701384,923.9835508022701,942.472900390625,2377279
2021-06-15,941.3626222772338,945.0797741882917,933.7834698645257,936.2454833984375,1289684
2021-06-16,935.5695633002351,937.6454120124636,920.8939505214008,923.7421875,1684500
2021-06-17,922.0526589075416,926.6387846979194,910.9494069939954,918.1423950195312,2429291
2021-06-18,918.1423465384014,934.2662102516977,912.7355105344153,927.7490844726562,4978288
2021-06-21,924.949114550046,929.4869768979248,917.7078636532555,927.0249633789062,1625660
2021-06-22,923.2112514244085,927.7491138966627,916.4044871807533,922.873291015625,2344400
2021-06-23,923.0180165712281,932.6730167445673,921.2801283259159,924.7076416015625,1807471
2021-06-24,924.7559704102539,925.6249440592692,911.4320810118601,918.0940551757812,1769651
2021-06-25,918.1906120134486,927.8456131912976,916.2113485578795,924.0801391601562,2134441
2021-06-28,928.8111267842271,937.8385294447048,924.0801525666641,929.8248901367188,1759671
2021-06-29,930.7420556785688,954.879557122515,926.9283186645358,945.8038330078125,4300755
2021-06-30,957.9692080548264,962.6035967346601,935.714442604273,938.3695678710938,7195632
2021-07-01,943.4867370977274,946.1901256708969,933.8317358153713,944.3556518554688,2291137
2021-07-02,947.9762645570379,951.7900017980472,941.4591387793025,945.417724609375,1421148
2021-07-05,945.5142137949604,949.9072273602327,939.5281015305644,941.0729370117188,1286458
2021-07-06,941.3626119445004,941.3626119445004,931.466235767648,935.6661376953125,1157576
2021-07-07,934.6040842586148,935.5213211271964,927.8455836493066,931.9006958007812,1740439
2021-07-08,932.1903755268708,934.6041258519015,912.204511049726,917.8527221679688,1662518
2021-07-09,919.1561225009559,932.2869006791891,917.1768590230573,926.68701171875,1301555
2021-07-12,926.8801391208623,934.5558770588474,922.8732899476735,926.7352905273438,1122802
2021-07-13,929.0042787288111,936.3903196984235,923.0664290899967,932.3352661132812,1317621
2021-07-14,927.9420922840193,944.6452906129954,927.9420922840193,943.4384155273438,1729994
2021-07-15,945.2245269430476,947.1555269980896,938.5142899658878,940.0108032226562,979315
2021-07-16,940.0108431405351,955.74854140099,940.0108431405351,943.4384155273438,2087320
2021-07-19,938.5626209699979,949.6658720884326,937.7419694591107,940.3970947265625,854347
2021-07-20,938.4661019256091,940.4936285740389,919.7836984683144,922.1974487304688,1520300
2021-07-22,925.0455934692825,925.866303886428,913.9906648116505,917.1285400390625,1783069
2021-07-23,919.1561902525052,924.6595531775132,914.2804260291788,915.294189453125,1056183
2021-07-26,915.2940900592669,926.8800911992575,914.3285899642676,917.756103515625,1306026
2021-07-27,919.6388095303347,925.4318099053289,877.6395568116266,881.5980834960938,3366104
2021-07-28,889.804852848322,889.804852848322,856.0606720937876,859.1985473632812,5094903
2021-07-29,863.4949938382034,868.9018297745013,841.9160901006378,852.6331176757812,4929314
2021-07-30,854.5641095415825,897.818560891987,847.4677074231766,888.308349609375,6280365
2021-08-02,896.2737405452979,901.3908793436535,881.8878242604658,889.2738647460938,2981630
2021-08-03,893.0875574824701,897.4805709793322,886.8118070785391,896.12890625,2014511
2021-08-04,896.1289267655357,909.9838294026993,895.0185780968724,907.232177734375,2517694
2021-08-05,911.6251406188728,920.1215291017089,899.8460284604331,912.7837524414062,4022548
2021-08-06,906.6045311621882,906.6045311621882,877.6395301665912,879.8601684570312,9727673
2021-08-09,885.4910132692752,893.1605679348877,871.2199081200501,891.8499755859375,3310964
2021-08-10,893.1605818551291,896.8497115379664,878.5981810640128,885.9764404296875,2552532
2021-08-11,886.2677706743511,887.3356564058372,865.0551704690231,883.3067016601562,2174054
2021-08-12,885.3939550721105,889.4714390845388,877.3361052705022,878.889404296875,2127392
2021-08-13,879.5690002286088,884.3746042993129,866.3171919206916,868.3074340820312,2919925
2021-08-16,869.8606987053195,874.8118910340736,860.2009614614192,862.3367919921875,1954152
2021-08-17,865.0066143175998,879.860251399414,863.9387286190321,878.2584228515625,3767678
2021-08-18,873.9382000956015,884.1318803628413,873.7440229062661,882.3358154296875,2323095
2021-08-20,882.3844939281654,882.5300823940578,861.1233635061757,864.8610229492188,2354874
2021-08-23,871.8023242209873,881.5105906377021,862.7251188231812,872.14208984375,2081206
2021-08-24,876.6565154470521,892.7236855791399,871.4626162721963,890.879150390625,2588128
2021-08-25,890.2481016969058,896.6555343431728,879.5204782983623,885.9764404296875,1697757
2021-08-26,885.9763571993511,890.0053114082297,879.8601612925617,884.7142944335938,1522032
2021-08-27,887.1414528659591,898.4516079575313,881.0252563258489,896.9468383789062,1878603
2021-08-30,897.0438444246732,909.1791778178642,893.5974215919185,907.4317016601562,2016968
2021-08-31,907.7229662004456,921.9941305680918,903.160068850986,920.1495361328125,2463088
2021-09-01,921.3145720356397,927.0424734772012,893.1605967047298,895.9274291992188,4434153
2021-09-02,899.9563479629433,931.9936289583878,896.461395556173,927.3822021484375,3688123
2021-09-03,928.2074206028642,934.9061487976314,903.4999275216747,913.64501953125,3110583
2021-09-06,918.2564822301531,930.0520512584824,915.1498839511037,922.4796142578125,1699875
2021-09-07,922.479515802368,929.3723614733668,916.5089080663402,922.770751953125,1113880
2021-09-08,920.3437681136,925.3435496274348,912.577154036692,924.0328979492188,1600457
2021-09-09,923.4018388724776,924.3240768332964,898.9855236797829,921.6057739257812,3769007
2021-09-13,918.4020991803777,926.0716541544276,915.0527350650125,922.7222900390625,865538
2021-09-14,926.9453955250461,930.3918187350724,921.8970844299408,925.3435668945312,1373821
2021-09-15,927.1394748254563,928.692773803969,920.6349242506384,925.1492919921875,2509424
2021-09-16,926.6541145372692,936.6536180134746,922.4795714457924,926.168701171875,3574908
2021-09-17,931.9936549794304,934.4207217892728,920.3922637774723,926.2172241210938,2006356
2021-09-20,925.1978861184541,925.1978861184541,902.6746938289813,910.7325439453125,2308294
2021-09-21,907.722977499406,931.0228186330806,905.7813240715998,928.2073974609375,2438464
2021-09-22,924.469739976298,945.8279277205653,923.887267648733,935.3915405273438,2267730
2021-09-23,937.2846446154621,941.7018942271623,931.508213928827,939.8572998046875,1297533
2021-09-24,941.3135969932459,954.7110536023333,932.4305677467262,939.4205322265625,1803409
2021-09-27,936.8478188855464,941.750482149009,924.5183072420468,934.6149291992188,1217035
2021-09-28,932.4790491011804,948.4976897156203,923.0620182223856,942.6727294921875,1542732
2021-09-29,942.1873388139725,975.6808609047318,936.993439524911,958.7884521484375,4052980
2021-09-30,959.1767579512169,970.5839714187542,947.8666034496654,954.8565673828125,2312926
2021-10-01,951.4101837856291,962.9630454334216,944.7114557285796,957.4293212890625,1948517
2021-10-04,957.2350881710998,967.8656519646821,927.0424027024143,929.5665283203125,4097873
2021-10-05,933.7410990940951,933.8382173158826,901.364052666977,907.2860717773438,4986700
2021-10-06,908.2569440119404,911.1694242295542,884.5688071280855,886.8016967773438,2615582
2021-10-07,893.1605830618162,895.3449431834347,871.8023952059901,889.3258056640625,7008049
2021-10-08,896.073055110801,902.3348992536575,885.0541956322268,890.3451538085938,2075219
2021-10-11,895.8788652758836,896.2186901729998,883.4522953894494,887.0928955078125,1449593
2021-10-12,886.850161542088,897.723432078573,881.3649671640605,889.2286987304688,1164581
2021-10-13,894.7624197148875,897.4807225266318,885.4424481759053,886.8501586914062,1821818
2021-10-14,890.6850182112669,893.6460279630564,883.3552880620479,884.762939453125,913675
2021-10-18,884.7629028857991,889.1802118420601,873.2586300165327,877.3846435546875,1913667
2021-10-19,879.569006399262,890.5393364603937,876.8992329250921,879.76318359375,1360282
2021-10-20,878.598156103657,886.0735334816385,873.7440226445207,879.471923828125,1941581
2021-10-21,887.7725134989049,891.1218775622789,875.2973544881589,884.9570922851562,2723509
2021-10-22,884.957078376667,888.3064423874004,863.4047134973393,870.2005004882812,1360319
2021-10-25,869.7637282113955,886.3648423007448,864.0358265582289,875.5401000976562,1901039
2021-10-26,882.3843885662881,887.4812286097895,873.7440074573864,881.0252075195312,1405411
2021-10-27,890.1996307235787,899.8593690675207,876.122642366903,895.5877075195312,5111161
2021-10-28,895.4906043499533,901.4611532193608,860.4437236525964,865.7347412109375,2224983
2021-10-29,866.9482179359401,890.2480580596383,859.4243112293292,878.6466674804688,2783659
2021-11-01,890.2480890978355,891.7528586407095,875.8798657048566,882.7241821289062,986133
2021-11-02,883.4522933314128,886.2191257130996,874.2294397197112,877.0448608398438,1038025
2021-11-03,883.0153652194789,888.0151461550021,877.3360530344762,886.0249633789062,1275433
2021-11-04,886.0250209087636,887.5783199435101,882.3358320057606,884.1318969726562,96347
2021-11-08,891.1703860564679,891.1703860564679,872.4819719778613,887.0443725585938,860650
2021-11-09,886.3647268283739,898.0146465676296,883.112481269654,887.481201171875,843911
2021-11-10,883.4523342159222,897.5293219589231,883.4523342159222,885.8308715820312,1597922
2021-11-11,885.8308898620825,885.8308898620825,869.8607777938607,878.5011596679688,1180372
2021-11-12,884.2289176866186,890.2480548813297,878.5981348610724,889.2286987304688,936613
2021-11-15,888.3064652438251,912.4314859805895,883.5493905259406,910.7811279296875,2615304
2021-11-16,915.6352742873122,916.3633943508643,892.1897845391112,894.8595581054688,1925000
2021-11-17,894.8595087935527,894.8595087935527,874.7148548120325,878.9379272460938,1996857
2021-11-18,878.889362285983,880.539779456714,865.006552917235,866.2686157226562,1009418
2021-11-22,866.9482514730167,882.4814788230373,857.239984379254,869.2782592773438,1443344
2021-11-23,865.6862005317256,891.7528743358786,864.0357832521297,884.0347900390625,1820473
2021-11-24,884.4231908997536,888.6948524061444,865.3464210934493,867.3851928710938,1392190
2021-11-25,867.9191255536451,876.1226235465357,858.2108579300025,873.695556640625,1325422
2021-11-26,865.9774599892047,947.5754363805486,864.6668675800594,938.4982299804688,14458893
2021-11-29,945.5852187398801,968.8850598587273,928.1103379007448,936.8477783203125,8303735
2021-11-30,936.8477320817387,955.2934387237626,930.6344177215499,942.9639282226562,4771579
2021-12-01,952.1382750721551,957.9147057216182,894.9565593981166,901.0728149414062,3879683
2021-12-02,910.5869641212547,910.5869641212547,890.7335451868852,894.3741455078125,2749084
2021-12-03,902.868856490723,902.868856490723,881.8019046550273,885.4425048828125,2388529
2021-12-06,888.4034921400026,889.0830826829584,866.462832355841,868.8413696289062,1573419
2021-12-07,872.0935867091462,872.0935867091462,858.2107771647455,863.3076171875,2471419
2021-12-08,868.8899554398165,875.6857428007983,864.3270577893875,871.75390625,1663728
2021-12-09,873.7440268109802,875.6856802038935,864.0842893303249,868.4044799804688,1645541
2021-12-10,868.8899682759218,874.7149289571012,865.0066611551356,867.8220825195312,947538
2021-12-13,869.0840995067931,876.6565361408182,860.686424600519,865.2978515625,1785608
2021-12-14,867.4336387476479,881.3649779065172,865.0065720471789,869.4723510742188,2651452
2021-12-15,870.054932410833,875.5400679149624,865.6862121000545,869.5695190429688,1192775
2021-12-16,877.141941031587,877.141941031587,852.6285663652366,855.29833984375,2280037
2021-12-17,856.2691744012513,858.6962412221166,825.2027190941765,835.1051635742188,2824703
2021-12-20,838.79429001014,872.2392825217574,835.9788688071243,867.7249145507812,8501360
2021-12-21,867.724931928602,871.2199437597083,856.3177176867031,860.880615234375,2301316
2021-12-22,863.0649772978995,867.7734633147415,855.2498338425711,863.7445678710938,1271710
2021-12-23,865.977360871376,885.8793069452138,865.2492408930649,883.2095336914062,1970110
2021-12-24,883.6464131520626,886.2676569119092,875.4914457335522,881.8018188476562,1114033
2021-12-27,886.2676921805061,905.9269322798525,883.5979188336812,903.1115112304688,4596248
2021-12-28,904.8104469587613,908.9849897451061,896.1215365023983,906.072509765625,1907169
2021-12-29,910.6354954064284,919.9554085445839,906.0240683241464,908.2569580078125,2687014
2021-12-30,909.6646186230033,927.1394992368923,908.7908508904851,924.9551391601562,1729705
2021-12-31,927.1395302109485,929.3238903606601,914.5187826792811,916.5574951171875,2039044
2022-01-03,919.4214181467163,920.246656397829,898.79135068729,903.354248046875,2013140
2022-01-04,910.1014841007668,910.1014841007668,893.403253333969,897.2865600585938,1238138
2022-01-05,899.4709986214094,904.6163686298529,892.1897978770374,901.461181640625,1407995
2022-01-06,901.4611370379303,908.6452784520774,892.4809898975267,895.1022338867188,1384402
2022-01-07,899.3738754201893,899.6165820943361,886.7045396260793,888.063720703125,1546099
2022-01-10,888.0637249791337,891.0732640512211,882.1417058032612,889.471435546875,1637506
2022-01-11,890.7334682155072,894.8594815560149,886.3647482079107,889.2286987304688,1578147
2022-01-12,891.6072814027979,891.6072814027979,874.9090500043501,879.76318359375,2090537
2022-01-13,885.3939572519417,902.0436589876151,882.1902409680605,897.0924072265625,2739659
2022-01-14,899.03407100827,905.7813285542,889.5685105008708,894.6168212890625,2321761
2022-01-17,888.8889130626839,893.3547514868885,882.4814804706614,883.646484375,1058857
2022-01-18,883.6465032039665,887.9181052714819,872.2392891044298,875.8313598632812,1830577
2022-01-19,873.7925368753336,875.2973063704868,859.2786662349577,869.5209350585938,1413292
2022-01-20,868.8899296796953,873.6470043931741,854.3760581095523,856.6089477539062,1614683
2022-01-21,854.3274787101681,854.3274787101681,834.9109451031187,842.1436157226562,1669132
2022-01-24,846.0754568605748,868.8898839818869,842.1436206331327,866.074462890625,4992078
2022-01-25,865.3949672022694,882.4814938769404,855.3954045214673,879.229248046875,2322693
2022-01-27,874.7148519805303,904.3250661707702,861.1232782538627,900.538818359375,7859401
2022-01-28,899.5194984222425,914.5187833115447,890.6849988457919,905.05322265625,2428175
2022-01-31,911.6062532939608,922.2853467830274,903.4998742109017,917.4312133789062,2008278
2022-02-01,920.3437042792583,931.0227978943129,911.4120868593917,918.7904052734375,2033319
2022-02-02,917.9167012145663,930.5374490895418,917.1885811448561,924.0328979492188,1735750
2022-02-03,925.1978458353491,929.0811526384356,916.9943483629171,924.9551391601562,1116446
2022-02-04,923.4988655015044,929.809238826876,912.5770655152843,918.4990844726562,1428601
2022-02-07,918.596197379216,919.3728468561662,900.0048431417063,906.072509765625,949273
2022-02-08,906.072578628453,923.2562236642841,903.936747963596,920.3922729492188,1812035
2022-02-09,926.9452990353524,944.1289430633553,922.5280495074071,940.0029296875,2513281
2022-02-10,940.731063592931,948.8374427610776,934.9061034468448,946.6045532226562,2044733
2022-02-11,928.5957611036226,947.5754116986863,925.197867571095,930.5374145507812,1292417
2022-02-14,919.3728649680455,934.809032865214,911.4606038327593,927.0424194335938,2346622
2022-02-15,889.8111734633085,911.412066893281,885.6851601115159,894.95654296875,8304774
2022-02-16,910.635492752116,912.8198529426194,893.2576702013966,905.87841796875,2480569
2022-02-17,907.5287702886316,927.6248944526461,898.694271186144,901.121337890625,2843010
2022-02-18,900.4417876929865,902.7232067955595,876.7050624090894,882.5785522460938,3643338
2022-02-21,876.7535164381526,887.0443143931491,869.8606709837421,880.782470703125,1860041
2022-02-22,867.1424020153644,891.218891817026,864.7638647995816,886.7531127929688,1884736
2022-02-23,888.5491772796053,894.422667228793,883.6950435605144,888.2094116210938,1399309
2022-02-24,873.5498105182489,882.2387209135078,862.2397155635359,869.66650390625,2003438
2022-02-25,876.6565065860344,899.6651111347193,864.9580567488381,896.7041015625,2825642
2022-02-28,893.2090988924831,902.8203069825029,884.4231290551958,898.063232421875,1534018
2022-03-02,884.5202447973286,904.1309573657069,884.5202447973286,896.170166015625,3276260
2022-03-03,898.0147073896735,917.4312416035043,892.7236899654927,907.6259155273438,2622469
2022-03-04,901.8980438272006,913.547964737778,893.4033098299045,904.0338745117188,2453781
2022-03-07,895.0051889043349,918.4020894691125,890.2966436962861,913.693603515625,2604231
2022-03-08,910.6354441301528,948.4976854106176,908.1113184132789,941.2650146484375,5826939
2022-03-09,941.2649968188726,958.7398770788449,932.0421433483317,952.9149169921875,3501351
2022-03-10,953.4003829282304,963.9338885520978,946.5560662997445,958.2545166015625,4146797
2022-03-11,955.536141516794,1023.0085944864837,952.7207204968115,1013.4944458007812,11106725
2022-03-14,1014.5138929550537,1027.134639948753,1006.5045727475139,1018.0574340820312,5590771
2022-03-15,1014.5139966256226,1051.4054146847361,1014.5139966256226,1036.8916015625,7945333
2022-03-16,1045.5803804875275,1046.551207210357,1018.5428799585461,1024.9989013671875,3379138
2022-03-17,1025.1930659871243,1035.2896880660958,1015.1935028830311,1017.911865234375,3712730
2022-03-21,1036.64883058247,1039.7554287174726,1018.4942996105009,1019.6593627929688,2039889
2022-03-22,1014.5139219977068,1018.6399355560707,994.1265608857912,1002.4756469726562,2269544
2022-03-23,1014.416848617476,1014.416848617476,981.7485062646696,984.8551635742188,2781735
2022-03-24,984.4182516826485,1009.7568042815325,972.5256248748453,998.9806518554688,3344649
2022-03-25,1003.1552774089278,1003.1552774089278,976.6516610716268,983.932861328125,1680031
2022-03-28,992.1848698578735,1013.7857635509632,979.4670640145519,987.4277954101562,3847112
2022-03-29,990.4373918765959,1010.630574991901,990.4373918765959,1008.5432739257812,3194089
2022-03-30,1012.5722301681852,1024.02803242896,995.2914678105658,998.9320678710938,3083750
2022-03-31,999.9514884262821,1004.8056218652447,984.0299070446616,988.35009765625,1976418
2022-04-01,993.1557306771718,995.9711518559889,976.6516765016959,985.2434692382812,1285646
2022-04-04,988.3015857500553,999.6117405658165,974.1760690423589,997.8157348632812,1665075
2022-04-05,1004.8056916589629,1005.7765184141889,987.330810064894,991.6510009765625,1596381
2022-04-06,984.4182516826485,1003.6891375428575,984.4182516826485,998.9806518554688,1487844
2022-04-07,1005.776462365204,1031.6490176520012,1002.1844509746901,1006.4559936523438,3496357
2022-04-08,1008.154929785398,1008.154929785398,975.6808243776688,982.0882568359375,3001682
2022-04-11,982.4766636796837,998.3011869904269,982.0883092807524,995.5828247070312,2094493
2022-04-12,991.699545389836,1001.6019310385359,983.4475178462103,997.2817993164062,2746930
2022-04-13,1000.9223726574021,1003.6407349431474,982.6708417285287,986.9424438476562,1890795
2022-04-18,986.9423964364471,1004.8056313624928,980.6320229061513,997.8641967773438,2092141
2022-04-19,1004.5143222907474,1008.5918654680415,951.7499157297985,971.117919921875,1813890
2022-04-20,972.6712910662067,985.389097090377,961.1669591582781,982.525146484375,1796999
2022-04-21,986.4084738940735,990.2432512768912,967.6230006231449,969.4190063476562,1526774
2022-04-22,968.8850567254557,969.4189995651238,931.0228150297716,938.7894287109375,2455188
2022-04-25,929.1782852629108,934.9061869533394,918.6933679143469,925.3435668945312,1309361
2022-04-26,930.197631768171,951.9926439074858,929.1296868391654,949.8568725585938,1806747
2022-04-27,937.0419665340175,951.6528968898818,935.8769626134621,949.225830078125,1033333
2022-04-28,959.17674373962,961.7008693634277,949.4199476203055,952.5751342773438,1840948
2022-04-29,952.6721932418913,965.8754714210008,948.0122371070231,952.5751342773438,1972427
2022-05-02,950.4393828886816,960.8757703923112,943.4494184771987,948.109375,1767117
2022-05-04,948.983179493462,954.3227267949597,919.4214921278934,929.6151733398438,2086372
2022-05-05,931.9451538509632,938.98364781367,916.4604552820957,920.7321166992188,2161283
2022-05-06,910.4412340850841,918.7417902153551,898.4030189984429,907.480224609375,1828238
2022-05-09,907.4802129784175,914.5187062055836,895.1021731651254,910.9266357421875,2047297
2022-05-10,902.8688849022561,912.1887980768414,891.7529066727083,899.1312255859375,1662201
2022-05-11,885.3939310378229,915.1012037063477,877.870024277359,910.2470703125,5296875
2022-05-12,907.7229521619604,909.6646055355689,888.7918317692778,893.888671875,2242769
2022-05-13,897.1409748989248,912.6742028803251,895.2964396288709,907.3346557617188,1734146
2022-05-16,899.034065840157,917.4312439048218,899.034065840157,906.169677734375,1456551
2022-05-17,907.7229569359883,913.5964465711329,889.4714269789893,910.6354370117188,2301253
2022-05-18,918.2078926579861,933.1586477294835,913.8877019372659,929.17822265625,2580102
2022-05-19,912.577090395539,926.1201345985974,907.1404846226658,910.6354370117188,1198917
2022-05-20,922.2853704148931,953.9342973188856,911.6062766521943,949.8568725585938,2594816
2022-05-23,950.2451608599268,958.8855421803922,938.2554748325118,941.7504272460938,1220231
2022-05-24,948.4977036340698,949.1772941876881,933.6925961822586,942.0902709960938,1622192
2022-05-25,944.0319879744187,957.1381495516298,941.1680371121894,943.4979858398438,1950710
2022-05-26,943.7406184610512,948.8374586743575,932.2363456814122,936.410888671875,1630614
2022-05-27,941.798986465628,949.2743641327338,931.993660200757,938.1583862304688,1249374
2022-05-30,940.1485440847999,963.0600291407619,939.7601897260661,958.01171875,2171285
2022-05-31,960.0505854348629,975.5838132513545,950.1481408509371,963.982421875,4874664
2022-06-01,965.4871313587907,969.5160857746803,951.7499101620184,954.8565673828125,1285579
2022-06-02,948.9831266633797,977.4768674296578,948.9831266633797,958.3030395507812,2639988
2022-06-03,961.1670515098601,969.6132564330812,929.2268856742152,932.916015625,1057504
2022-06-06,932.9159191086144,951.1189195364013,932.4790352474357,947.5753784179688,1412548
2022-06-07,943.2067001715735,951.0704322580782,933.9353167265002,944.3717041015625,1759986
2022-06-08,943.6435749747433,947.5754113528925,928.9841151558694,934.8576049804688,1874689
2022-06-09,934.8090618720466,945.8764508027882,927.1395071685145,943.5950317382812,1405851
2022-06-10,931.9936659294847,943.2552323576414,931.9936659294847,938.5952758789062,776457
2022-06-13,927.1394962251858,956.0215904793212,920.1495321514244,926.8967895507812,3016612
2022-06-14,927.1394878222305,942.4785376546605,923.0620038782787,936.5565185546875,1570434
2022-06-15,936.8477965382205,946.4590048884681,935.8769698060564,940.5369262695312,1112618
2022-06-16,947.5268534251396,949.2258001397851,900.7329949194207,913.4993896484375,1898194
2022-06-17,905.0046584094831,916.9943444105112,884.2289434006938,888.063720703125,2715476
2022-06-20,888.0637517777886,901.0728536690883,875.6857109631761,898.8399047851562,942685
2022-06-21,900.0534386120246,916.8973179476816,900.0534386120246,910.8296508789062,521963
2022-06-22,903.8396953501051,917.431269716272,886.1706368231756,890.1510620117188,1698830
2022-06-23,890.2481006089064,909.9558711378861,887.7239748433552,906.12109375,615616
2022-06-24,905.781346932204,915.9750276854602,902.8688667169878,906.4609375,722838
2022-06-27,908.6938097839812,918.7904313722942,903.4027923098612,905.1502685546875,846797
2022-06-28,907.7229940253872,920.1495643386727,894.9565988033125,917.5283203125,931109
2022-06-29,909.7131684738505,933.8382480808746,895.9760059031191,920.0039672851562,2455089
2022-06-30,916.4604044410861,916.4604044410861,884.8114777353045,890.4422607421875,2433648
2022-07-01,884.6173003790092,928.1588541469893,884.6173003790092,921.6057739257812,1793834
2022-07-04,917.0429247293226,922.2854128833266,901.4126377496513,903.4999389648438,1004832
2022-07-05,907.7229707178409,921.9456056720887,903.1115438612529,910.052978515625,1532205
2022-07-06,912.5771269196932,922.2853942273496,905.9269875157731,918.0137329101562,1390651
2022-07-07,922.625158147374,922.625158147374,906.0725742698401,907.9656982421875,1390277
2022-07-08,914.7614608029942,914.7614608029942,900.7815325794796,908.1598510742188,1072803
2022-07-11,910.6354768887355,922.285397701811,900.0049122958918,919.9068603515625,1037956
2022-07-12,914.4216574833191,919.7126153924553,906.7521031446199,908.4510498046875,672406
2022-07-13,913.0139689560674,930.9257331687103,904.9561193109157,925.53759765625,1511059
2022-07-14,925.5862155817454,940.3913230142698,917.5768951674289,923.40185546875,1713101
2022-07-15,934.9061168656619,939.7602503904058,923.7416097587511,937.8671264648438,1046876
2022-07-18,943.3037524524581,946.9443524450633,932.0421275892649,939.129150390625,846036
2022-07-19,930.2461575537993,945.5852075919562,927.5278546395598,932.6246948242188,1162631
2022-07-20,937.5274042797921,954.2741657164682,930.8772054898818,952.866455078125,1627220
2022-07-21,956.2643071825995,960.6330273676978,938.1583653803132,940.2456665039062,1681422
2022-07-22,945.0997816522325,948.0122617189575,939.2748215187828,943.7406005859375,977238
2022-07-25,947.5269046571453,951.2160344432176,927.1880724654878,931.7994995117188,1024751
2022-07-26,931.9451665907105,933.9353496116314,916.9458811935403,927.8191528320312,988405
2022-07-27,928.9840858028479,947.7695586018654,924.032834118108,945.6337280273438,904733
2022-07-28,948.4977632850433,950.3908873554094,936.0711923621092,939.2263793945312,1043837
2022-07-29,945.293976695562,955.2449504448253,925.1978520046745,948.8860473632812,2941566
2022-08-01,961.1185009223475,1000.9223984352933,959.4680835648005,975.2440185546875,4647912
2022-08-02,974.3702319756305,976.7487099645714,963.060077325379,974.9041748046875,1184696
2022-08-03,980.5350488444127,998.7380509888015,975.1955015487252,982.3310546875,4052763
2022-08-04,988.1074182867696,1016.3585112348748,985.3891153367528,1014.0285034179688,2865077
2022-08-05,1009.6598343328022,1015.4362061736518,1001.89322022255,1004.0289916992188,1561405
2022-08-08,1010.8576885561865,1014.0770283435976,999.0536411437598,1004.3704223632812,767289
2022-08-10,1010.2236899712663,1020.7107781419255,1003.8826599145884,1012.9551391601562,1293683
2022-08-11,1015.0526451133729,1023.3447618682635,1009.6871578013848,1013.0040283203125,838963
2022-08-12,1018.0768120597556,1018.0768120597556,997.3465200298779,1002.0291748046875,1140717
2022-08-16,1002.0291867353742,1010.6627199371707,1000.1756309030736,1009.2482299804688,776409
2022-08-17,1014.320933413337,1017.4426236845882,999.1511906463577,1000.663330078125,1102323
2022-08-18,1003.3461044762033,1008.7604164561275,982.7133435569751,1006.95556640625,1201720
2022-08-19,1003.8826725847763,1011.2479515234278,995.1514904071664,1004.9069213867188,654004
2022-08-22,991.1518303175482,1004.6630789906341,990.66405874751,997.5416259765625,993053
2022-08-23,985.4937338593824,1021.198650027726,985.4937338593824,1015.1990356445312,1868332
2022-08-24,1015.5403704013582,1028.0760754601395,1000.9560486428874,1011.9796142578125,1562062
2022-08-25,1018.4181667799604,1018.4181667799604,995.590494073704,1000.663330078125,1112617
2022-08-26,1005.687432924184,1010.3699684804639,993.5906743386329,995.8344116210938,1264070
2022-08-29,975.5430992024392,998.9561335832977,967.0558623308929,992.4199829101562,1305557
2022-08-30,993.590696206951,1016.7110211798856,991.2493688348527,1013.052734375,1571042
2022-09-01,1000.9072813330507,1018.7109439883413,994.468720299342,997.9806518554688,1528731
2022-09-02,998.9561213948181,1005.9799839894356,987.2983695931026,990.7615356445312,1655229
2022-09-05,987.7374406772096,1005.2483926088528,987.2496691015666,1000.5658569335938,1275368
2022-09-06,999.9317081763596,1016.5159413851383,999.8341776803378,1015.39404296875,1369910
2022-09-07,1008.565209809239,1035.880416600876,1007.7360219914631,1025.7835693359375,2471263
2022-09-08,1032.6124452414601,1033.8318742037197,1018.4670692792482,1030.222412109375,1755391
2022-09-09,1034.0756118452605,1039.8800452400776,1029.1978966950471,1032.417236328125,1092235
2022-09-12,1032.4172675560885,1042.3677591295639,1031.2465444337204,1038.70947265625,936787
2022-09-13,1031.1979545010645,1037.0023887230966,1026.9055407401777,1033.002685546875,1144685
2022-09-14,1014.5649381385241,1041.8801480114844,1014.5649381385241,1034.0269775390625,998799
2022-09-15,1034.0757010743557,1036.953505627367,1003.3460929763913,1008.0287475585938,927244
2022-09-16,1013.1015324357256,1034.075709563668,1008.7115883856911,1017.979248046875,2850439
2022-09-19,1018.4181314182173,1018.4181314182173,990.1762074217521,1010.955322265625,2073673
2022-09-20,1016.0281764709957,1070.7074168953357,1014.0770901983678,1065.5858154296875,2491392
2022-09-21,1073.0973641868018,1074.9020950277832,1038.2216998507308,1044.2213134765625,2283817
2022-09-22,1035.1975419237585,1045.5870993296053,1025.2957560479063,1035.92919921875,1634304
2022-09-23,1041.148473235332,1066.2687104672923,1037.246300461435,1041.9776611328125,3268298
2022-09-26,1039.6362301179684,1054.757148110982,1025.149438954535,1039.5875244140625,1219450
2022-09-27,1044.75790090809,1077.8776626834854,1042.8556393775937,1071.8292236328125,2343041
2022-09-28,1074.0729557993438,1090.364477976347,1061.0494791985836,1070.317138671875,3450534
2022-09-29,1073.6340755123815,1094.218012431619,1061.4884916839399,1088.559814453125,2093772
2022-09-30,1092.3644173426453,1100.4126481469114,1078.023980998077,1087.6817626953125,1834565
2022-10-03,1089.4866791561644,1116.899418900953,1087.7306537851675,1103.095458984375,2601710
2022-10-04,1110.9973195367947,1119.4357918061617,1105.290415787696,1116.655517578125,1911413
2022-10-06,1122.2648180465183,1122.2648180465183,1096.5104561144053,1106.704833984375,1561938
2022-10-07,1107.2413842438702,1119.1429620617157,1101.4369506123899,1102.8514404296875,1182984
2022-10-10,1082.8527958668149,1103.8269716426134,1082.8527958668149,1091.486328125,1583891
2022-10-11,1094.3643658903118,1099.583497985866,1076.8045889883554,1082.950439453125,1538943
2022-10-12,1084.413682814726,1090.7060072413242,1072.3169245948834,1081.3406982421875,1231143
2022-10-13,1081.2920330092143,1100.266299322213,1074.1705205005849,1076.658203125,1438932
2022-10-14,1087.828227594365,1092.608413219172,1078.3655059352525,1081.7799072265625,1131139
2022-10-17,1080.9017404231015,1085.8282806465147,1071.9267916564163,1081.048095703125,1076392
2022-10-18,1086.4624337074622,1102.558896796385,1083.145682035819,1098.3153076171875,960283
2022-10-19,1103.8269853506922,1116.996816815327,1091.7302274476876,1094.559326171875,1300144
2022-10-20,1094.5593511031104,1114.0702129766062,1089.6816356347365,1108.9974365234375,1633570
2022-10-21,1108.9974696294253,1119.9235049708086,1104.8025865674572,1106.99755859375,1349759
2022-10-24,1117.5822101367537,1121.874623818771,1113.6313318255238,1118.8504638671875,129688
2022-10-25,1118.948013086309,1136.361434808649,1118.850482586534,1127.63037109375,2210622
2022-10-27,1141.3366203543949,1151.2384067937694,1128.0205520955958,1137.3857421875,2359658
2022-10-28,1140.4098071327023,1143.1413752627657,1122.850032514748,1126.947265625,1087865
2022-10-31,1132.6056209853857,1149.0434995918451,1130.703359436796,1138.84912109375,1554670
2022-11-01,1138.9466639923692,1156.2625554577776,1135.1420217689126,1144.702392578125,1491658
2022-11-02,1144.848629106883,1149.579989227661,1127.9228614019069,1130.8983154296875,1479828
2022-11-03,1124.020851945876,1147.2388282467202,1122.9477782194213,1134.654296875,1992697
2022-11-04,1139.288009154263,1146.507052061003,1113.094700192814,1118.0699462890625,1712836
2022-11-07,1118.0700301955505,1123.8257588538754,1089.1939754864165,1103.2418212890625,2006468
2022-11-09,1113.1922494480204,1126.7034980740607,1097.4860287644515,1101.7784423828125,2068940
2022-11-10,1102.3638078017534,1123.8257580421416,1091.6328326815594,1094.8521728515625,2028565
2022-11-11,1102.3637684347775,1115.8750173548162,1089.3402910936923,1093.97412109375,1513809
2022-11-14,1096.9982608627988,1105.8756796192838,1090.8522914472328,1101.8759765625,1501491
2022-11-15,1107.1925438192304,1107.1925438192304,1083.6819799856235,1091.3887939453125,1262746
2022-11-16,1093.535044876893,1108.6559636814052,1089.9255828607263,1093.7789306640625,1649021
2022-11-17,1097.4859703646648,1104.753718712251,1089.1450293559535,1092.1204833984375,1270387
2022-11-18,1096.5104275218055,1099.4858815649459,1072.5607971515133,1075.438720703125,1486381
2022-11-21,1077.9263702142634,1081.096885493694,1067.0003344237082,1077.4385986328125,1488424
2022-11-22,1080.3652137038864,1082.5601857911229,1070.3658964175866,1077.09716796875,1302811
2022-11-23,1081.7798681574932,1097.0471429113663,1071.7805504512164,1080.90185546875,2192276
2022-11-24,1086.316113869417,1090.3158169363444,1065.6833525903828,1068.5611572265625,2933085
2022-11-25,1066.3175405028235,1079.926320484743,1052.1233393340517,1078.316650390625,1454838
2022-11-28,1073.0974869525753,1082.8529186521444,1067.341758432858,1074.8046875,673339
2022-11-29,1078.9507220946336,1098.3152297727602,1077.975178946266,1093.730224609375,1899345
2022-11-30,1093.730162737085,1120.8990140652118,1092.6082643629566,1111.7777099609375,2680903
2022-12-01,1116.9968197043552,1117.1918806852116,1089.6816136329824,1097.388427734375,1360439
2022-12-02,1097.3883397154664,1097.3883397154664,1072.12175230905,1087.0963134765625,2586376
2022-12-05,1087.0966003015637,1095.096126428101,1081.0482797661439,1088.0721435546875,1236554
2022-12-06,1087.7306032678453,1090.4621716992317,1076.4143266382632,1082.462646484375,1180968
2022-12-07,1083.828492930348,1095.1935950035208,1076.4143884428463,1078.2679443359375,1031921
2022-12-08,1082.0723160000202,1085.7794272670358,1076.1703519298449,1080.4139404296875,808315
2022-12-09,1087.7305312510018,1088.5597190497842,1074.1704586587955,1080.80419921875,994866
2022-12-12,1077.975236689295,1082.8529526924137,1066.366248784899,1069.975830078125,1544297
2022-12-13,1070.1220157909258,1085.2917594787061,1061.5860131882844,1082.75537109375,1282727
2022-12-14,1086.7549479234663,1091.6326631295858,1079.096958866827,1085.4866943359375,1013627
2022-12-15,1084.0235261831385,1090.754797893683,1072.4633634002794,1074.853515625,710477
2022-12-16,1069.487985307939,1080.9017923404074,1059.5373738914373,1062.7567138671875,1309491
2022-12-19,1063.6834980158196,1073.585285254265,1057.927769352868,1069.8294677734375,779326
2022-12-20,1069.1951047473228,1070.5608887345877,1061.8297076235688,1064.4637451171875,795748
2022-12-21,1069.292749490668,1102.3636838223072,1059.0983719069588,1100.41259765625,3224730
2022-12-22,1107.2414043986423,1119.2893377132348,1089.7304536105949,1094.998291015625,2070809
2022-12-23,1093.5837836004214,1118.8990786822994,1085.9745000056587,1091.779052734375,2773210
2022-12-26,1099.437172697931,1107.2415182006669,1067.2442474991449,1069.68310546875,1279529
2022-12-27,1067.2930439547351,1077.8776634448157,1063.4395770141557,1069.0489501953125,1209316
2022-12-28,1067.2441568031206,1076.1704000302816,1057.5862562472555,1059.2447509765625,872940
2022-12-29,1059.439886813758,1071.1464049000979,1043.8311960319716,1060.9520263671875,1625961
2022-12-30,1068.170816015122,1068.2196408016082,1047.24546520596,1049.635498046875,1185711
2023-01-02,1053.830410765851,1055.5376111535763,1037.8314804581985,1044.7578125,895053
2023-01-03,1043.8800103695394,1054.5133355902444,1040.3192540036353,1049.5869140625,952230
2023-01-04,1052.5623537495685,1055.4889835323672,1037.9292048355755,1040.80712890625,1369415
2023-01-05,1048.7088233502843,1066.4636599814373,1041.2947196719406,1061.7322998046875,1605744
2023-01-06,1061.732273645372,1066.3661032157731,1047.2454829106662,1050.0257568359375,824772
2023-01-09,1055.293700264582,1070.121907073927,1050.5623402624772,1060.854248046875,893437
2023-01-10,1059.9276436592352,1063.585930510337,1048.5625420248405,1052.318359375,594426
2023-01-11,1052.3184356074278,1057.4400375699913,1017.4915898959431,1021.9790649414062,2168577
2023-01-12,1027.051870394502,1038.075436478917,1017.6378552309887,1035.1976318359375,1188988
2023-01-13,1037.9779435436667,1044.4165047148413,1027.4908543584274,1041.63623046875,1089004
2023-01-16,1044.318868204496,1048.416101510733,1025.2957781251055,1033.6854248046875,825308
2023-01-17,1036.807274799479,1044.90421123855,1027.5883208714176,1042.953125,762941
2023-01-18,1042.7580652875863,1045.7822251440732,1033.4415808531542,1037.392578125,1299797
2023-01-19,1037.490047517835,1043.440836385265,1032.6611569898428,1038.8070068359375,376954
2023-01-20,1040.904447139479,1040.904447139479,1024.7591618296658,1027.685791015625,954230
2023-01-23,1027.6371114311792,1038.221730105774,1025.003073645963,1036.5633544921875,750581
2023-01-24,1038.9533696358853,1048.6112698466532,1029.246763722522,1036.173095703125,712627
2023-01-25,1038.8559080364191,1042.1239537209367,995.0539974681539,1009.9310302734375,2226483
2023-01-27,998.2245374266588,1046.7089847940397,998.2245374266588,1021.6375732421875,2947920
2023-01-30,1031.1491816250195,1031.1491816250195,1003.3461999066534,1009.1019287109375,2118395
2023-01-31,1017.4914816100378,1017.4914816100378,982.859700596465,993.0541381835938,2705095
2023-02-01,994.0784408024361,1010.5651433726563,990.2737988116386,1006.809326171875,1598213
2023-02-02,1001.0047893284282,1007.5409997990025,992.4200216290006,1000.2244262695312,1291262
2023-02-03,997.0050174445439,1002.6632148839412,985.786272140618,997.2976684570312,1617105
2023-02-06,995.0539489590121,1008.3213111281624,985.4448733669171,1004.6143188476562,979035
2023-02-07,1004.6143830295972,1009.5408044838568,996.3222067160839,1006.0776977539062,965322
2023-02-08,1009.6871864466355,1015.735506499618,994.224850934932,1013.6868896484375,746863
2023-02-09,1000.2244456116032,1019.0523570739517,995.0540192501836,996.517333984375,1331902
2023-02-10,996.0295733422622,1011.4919087196829,990.2250795910862,1007.93115234375,1106858
2023-02-13,1010.6626676928879,1015.1501422073721,994.0784347288154,996.956298828125,1042379
2023-02-14,1001.5900980622345,1007.1994711388421,992.7126792710094,1003.1997680664062,759416
2023-02-15,1001.7364379755442,1008.1749988085519,991.2493493411092,1005.5899047851562,662924
2023-02-16,1006.516639963663,1012.6137846205788,1003.1997694533294,1010.1749267578125,667265
2023-02-17,1010.1748752580048,1010.4187610318479,996.1758556563825,1000.663330078125,1509783
2023-02-20,973.5920506394256,973.5920506394256,931.8875815363841,940.423583984375,5829572
2023-02-21,946.0817450850928,955.1542845686881,939.935835082814,942.325927734375,2042234
2023-02-22,942.9599709935662,949.0083503423842,935.5946322287438,939.009033203125,1602953
2023-02-23,941.399090351799,943.789182852369,932.6192024625077,936.8140258789062,1216409
2023-02-24,937.5945126607362,942.3746979892476,931.6437231674239,938.2774047851562,1585383
2023-02-27,941.9844495126503,944.9110789865409,925.449040619111,926.9611206054688,1377270
2023-02-28,922.7662526969148,922.7662526969148,881.012959903801,884.2322998046875,5380673
2023-03-01,885.5980373139677,887.9881298796408,874.0866403429368,877.5985717773438,3496231
2023-03-02,879.891120856909,880.9154292149527,862.8678816618225,864.7702026367188,1887367
2023-03-03,869.2089448021028,870.1844879500288,855.5513407311382,857.1610107421875,1892639
2023-03-06,863.3556600007234,863.8921968074927,847.7957353498522,859.35595703125,4090356
2023-03-08,862.0874307833868,862.184961274313,849.7955522630656,855.795166015625,2933956
2023-03-09,855.795175723797,874.9157964713029,855.5512899512909,860.1851196289062,6176157
2023-03-10,857.6488299847096,862.9654928024665,849.9907801223948,859.648681640625,1718841
2023-03-13,861.014314588928,867.3553447267462,850.8199368474529,853.4050903320312,1697362
2023-03-14,851.6491900322145,862.0875138918399,832.967514452222,850.722412109375,2444217
2023-03-15,853.6002242856864,861.7948102557995,851.2588969963894,856.4780883789062,1286900
2023-03-16,859.4535352478108,868.2334238031233,855.3074767633577,861.8436279296875,2023997
2023-03-17,865.6481736504943,866.6725415721928,848.722524141201,852.6734619140625,2205087
2023-03-20,852.6734529855257,855.4537866057794,840.7230497535005,845.5032348632812,997827
2023-03-21,845.6007612955267,851.0638384722315,839.552382066016,841.2595825195312,888443
2023-03-22,842.8692986669114,844.8203850064181,831.1627806298709,842.2839965820312,1622488
2023-03-23,846.7713478734329,849.6004464701628,840.1864324377811,847.8444213867188,1865868
2023-03-24,847.8444661051502,857.5023664038009,844.9666616561644,855.795166015625,3166046
2023-03-27,859.5022454143094,869.5503275418322,854.6245298628493,867.5504760742188,3986238
2023-03-28,869.9894039298315,872.3794966510603,864.7215064353676,867.7456665039062,3623017
2023-03-29,872.0868298791279,874.6719835575765,863.697122880615,865.9896850585938,3049688
2023-03-31,867.0627565513107,880.6228304150773,865.0141397137309,878.4766235351562,2320879
2023-04-03,887.7442626645808,887.7442626645808,865.3555355603236,869.64794921875,2623264
2023-04-05,867.2578571989255,875.4036186548574,864.62387879501,873.8427734375,1612376
2023-04-06,877.0132461357609,877.7449034601233,867.2578151442619,871.5014038085938,1512783
2023-04-10,875.013453320893,882.3787923045011,872.3307096184747,879.7935791015625,919722
2023-04-11,882.8665476756448,885.9395324044154,879.9399182358361,884.9639892578125,1778775
2023-04-12,886.7686940817209,898.3776810005315,885.9882714959649,895.4998168945312,3449942
2023-04-13,899.3531904268502,900.47502924484,889.9879411213383,893.3535766601562,1068355
2023-04-17,892.6219486041502,895.0120411400455,879.0618755133025,884.2810668945312,2604979
2023-04-18,882.8664866440483,902.8651197669245,875.0621420107308,901.6456909179688,1949777
2023-04-19,903.3041469916847,903.3041469916847,886.7686795082114,889.5977783203125,1538261
2023-04-20,889.6953362659016,891.353771498567,876.964510303477,881.8909912109375,4446158
2023-04-21,880.9154327066132,896.0851162339949,880.9154327066132,892.6707153320312,3481218
2023-04-24,893.5974653715048,894.7681289813497,879.110674384144,880.9154052734375,1784945
2023-04-25,882.4762915907538,889.6953345698043,874.3792955201501,887.40283203125,2440358
2023-04-26,889.5489791247213,891.8415412052942,878.0375821011324,888.8173217773438,1400796
2023-04-27,888.9149126404599,894.8657019210142,880.9154470598912,891.59765625,2457652
2023-04-28,896.3777727416021,896.5241280266948,883.0128796204123,885.8419189453125,2695819
2023-05-02,888.1344676438434,898.4752007519223,883.9395846535148,895.2559204101562,1857324
2023-05-03,898.4264400873485,901.8896062233118,894.5730328899697,898.1337890625,2566561
2023-05-04,898.1337894625008,912.5230503578156,898.1337894625008,910.6694946289062,3393228
2023-05-05,912.13286425756,912.3279848001117,898.3289045804335,902.1823120117188,2262141
2023-05-08,904.5235761288429,912.0352699231097,897.1582376168539,910.474365234375,3877794
2023-05-09,912.1328095608919,919.9371544555306,906.3770813841255,916.2301025390625,2657968
2023-05-10,920.4249658599953,923.5467158614879,910.3768832816152,921.302978515625,1618668
2023-05-11,923.3027945450566,923.8393313506609,912.1328139523421,920.5224609375,1537103
2023-05-12,925.6441055412278,929.6926334809128,890.670906996929,914.52294921875,3850078
2023-05-15,917.01055515338,917.01055515338,874.9158446822935,900.231201171875,5487301
2023-05-16,904.7187049306765,919.595737372971,895.9388169319452,899.5482788085938,2964696
2023-05-17,902.3286315105372,909.20619868005,894.5730517055856,901.3530883789062,1866976
2023-05-18,906.2795300700093,906.9136568951014,889.2562912511672,892.1341552734375,1881606
2023-05-19,894.5730880425051,899.4508038987892,890.6709153574778,893.8414306640625,1168086
2023-05-22,893.8414367601026,908.2794638846856,893.0610141262606,902.3286743164062,1402783
2023-05-23,903.7431523042366,909.4988208729035,897.0118810924454,907.6453247070312,1577827
2023-05-24,900.9140729761835,916.9130039905657,900.9140729761835,915.0594482421875,1034319
2023-05-25,918.4250979609858,923.8393504612224,912.1328328207422,922.3272705078125,2178211
2023-05-26,922.766284273336,929.4487309967243,917.4983274756434,928.0829467773438,1130476
2023-05-29,928.7170399305555,935.7409622250701,921.9857686603069,932.8630981445312,1744868
2023-05-30,934.1800889656482,937.9847310364333,927.7415280453959,936.3750610351562,1337311
2023-05-31,936.7164899407277,941.3990848793107,919.2542447565662,929.7413330078125,3561991
2023-06-01,926.766011677248,942.8624739853266,923.5954963741417,941.1552734375,1132919
2023-06-02,942.2771573112285,945.9354441427882,931.3022968165496,942.2283325195312,1098485
2023-06-05,946.2768166020636,953.0080878773374,935.6921976766296,950.9594116210938,1469770
2023-06-06,949.1059197359065,951.1057712117708,940.4723274487458,948.2766723632812,2079735
2023-06-07,949.1547388396342,953.9836894379904,935.0581281294061,936.96044921875,1614117
2023-06-08,941.3015961075924,946.1304869987188,939.4480403315042,941.7893676757812,1481632
2023-06-09,942.374711716332,947.2524276154847,935.6922647514647,945.5452270507812,717024
2023-06-12,949.4473063210727,949.4473063210727,931.7900003210259,936.4725952148438,1239721
2023-06-13,939.4480571231851,959.788108063242,933.5947982002992,957.49560546875,2158120
2023-06-14,957.4955468408804,957.885787895483,948.8131894865859,954.7640380859375,1831109
2023-06-15,957.9346544893183,975.5431972919517,956.6176354475152,973.7872314453125,1804458
2023-06-16,975.5431661827677,982.5183236379463,969.4460213941254,981.4451904296875,1572197
2023-06-19,981.640289646144,992.6639152760448,974.7627223824504,986.5180053710938,1015057
2023-06-20,989.0543900391045,993.8833404972647,978.079529698935,986.4204711914062,1413571
2023-06-21,985.4935968832252,988.6641117824213,977.7380177597842,984.2254028320312,1140198
2023-06-22,978.5672997525712,982.371941814903,965.8852389347026,973.8847045898438,2852669
2023-06-23,975.4943606478387,975.4943606478387,961.5441058560164,965.202392578125,1776614
2023-06-26,965.1536148434441,999.9317527941845,965.1536148434441,996.9075927734375,2313439
2023-06-27,998.9561555610602,1001.0047722974862,980.4208362684234,984.56689453125,1651238
2023-06-28,982.3719508561542,993.5906970675204,979.4940866586659,985.2010498046875,1653212
2023-06-30,985.2010823209383,996.4685941531402,980.4208969170076,990.1275634765625,1963457
2023-07-03,995.5417402671984,1004.7118692860421,974.5675634756798,977.299072265625,1454455
2023-07-04,983.2987498828679,991.1518604910681,972.1287686804619,987.1033325195312,1112255
2023-07-05,992.127358779664,993.8833244973372,980.8110823391677,986.0789794921875,748219
2023-07-06,987.249602920364,998.5171136539051,986.6643008858001,996.2733764648438,1236819
2023-07-07,984.762015486934,1003.5899858153738,973.6408000896034,995.6881103515625,1914093
2023-07-10,998.9561082971492,1000.9071944461671,988.2251344775509,991.8346557617188,1142988
2023-07-11,994.0296766824961,1008.2238172078513,993.10289880754,1002.6632690429688,814514
2023-07-12,999.9317041568332,1007.6385186692568,995.005223278985,997.2001953125,1163653
2023-07-13,1002.7119750446072,1010.6626753131243,993.1516643487793,995.7368774414062,1419223
2023-07-14,1001.0536090861433,1009.492080998011,994.4198681521667,1005.6874389648438,787233
2023-07-17,1010.8577600369644,1013.589328479128,1000.3219655133119,1007.3946533203125,1047614
2023-07-18,1007.394635756437,1009.882199283925,994.566219795948,1005.5899047851562,780402
2023-07-19,1004.8093927196694,1016.5159099164034,997.6879400001413,1010.4675903320312,1069988
2023-07-20,1021.9266844794967,1040.5662594630548,1010.1725340827506,1039.2384033203125,1280545
2023-07-21,1040.0812303140472,1053.0710657677332,1036.2636240113513,1040.1307373046875,879139
2023-07-24,1040.1307373046875,1044.146734701905,1029.2728495921913,1040.1307373046875,936947
2023-07-25,1049.1046329199012,1052.823103972311,1040.5769635151703,1045.8819580078125,599999
2023-07-26,1051.0878229922203,1072.9524813126222,1033.3879248987419,1059.516357421875,1854416
2023-07-27,1105.6253731822312,1209.1476296423496,1099.2296515038354,1161.6007080078125,14590950
2023-07-28,1161.6007529887963,1180.3914997256054,1145.9831742426693,1167.8974609375,4454009
2023-07-31,1171.8638478482783,1174.788996763838,1155.6017096517821,1165.1209716796875,2221571
2023-08-01,1165.120939065536,1177.3175726324953,1158.2789280656318,1168.4427490234375,1362536
2023-08-02,1175.0368373770234,1175.0368373770234,1143.8513089714015,1158.477294921875,1861901
2023-08-03,1156.2462426476563,1169.0376864029845,1140.3311379139602,1156.0478515625,2574025
2023-08-04,1161.1545353144697,1228.2852828326515,1161.1545353144697,1199.5787353515625,8359856
2023-08-07,1184.9527949576927,1218.1711369083894,1164.3276267617568,1213.3619384765625,2468250
2023-08-08,1214.7005501236752,1258.330610699546,1213.7585858697428,1255.802001953125,5064238
2023-08-09,1259.3222588632946,1260.958410416284,1241.721495009103,1255.405517578125,2105178
2023-08-10,1255.3558866312471,1267.155859537447,1237.6063597599702,1248.3651123046875,2102129
2023-08-11,1247.7205927973084,1248.2163889287476,1234.5323672834365,1239.6885986328125,1286301
2023-08-14,1239.6886492010183,1241.4735637645988,1221.294684600704,1225.21142578125,830936
2023-08-16,1221.1954973610748,1235.5239571138654,1215.7417399259816,1233.0946044921875,1665083
2023-08-17,1224.6164862596634,1235.3752384686138,1215.7417836229856,1230.5660400390625,1855386
2023-08-18,1228.5828765487472,1246.4315381935232,1220.650138039958,1226.0047607421875,1292509
2023-08-21,1227.0458508244392,1234.8299472628821,1219.9560626706718,1223.4266357421875,1101408
2023-08-22,1223.426560009971,1229.822281571122,1207.8089821549052,1210.734130859375,1379445
2023-08-23,1241.5232002300495,1249.3071756552354,1214.75020785839,1220.3031005859375,2562635
2023-08-24,1224.814761726815,1229.2274200924714,1206.7678302669565,1210.2384033203125,848018
2023-08-25,1207.7097305507673,1209.64340806158,1194.868659351263,1199.231689453125,887533
2023-08-28,1201.8098156687659,1226.599622097577,1200.8182234116134,1218.5677490234375,1666004
2023-08-29,1221.6417272311446,1235.1769864859682,1216.981291786736,1219.41064453125,1209087
2023-08-30,1224.3189544877432,1246.2332409756436,1220.7988744776096,1225.7568359375,1282450
2023-08-31,1229.723251527194,1255.4550240578014,1212.9156889172953,1247.0264892578125,3103295
2023-09-01,1254.265127037889,1258.2314962459818,1229.2274214118042,1234.9290771484375,1167597
2023-09-04,1239.7878863575604,1244.8449828185985,1222.1871232419605,1228.43408203125,1126182
2023-09-05,1244.4483075878386,1255.355822634425,1224.7155970674905,1228.533203125,2179947
2023-09-06,1235.6727398257144,1256.3474145862344,1232.1525388258174,1246.18359375,2721714
2023-09-07,1248.4146611979793,1250.3978457272851,1234.532369492839,1238.7962646484375,849621
2023-09-08,1238.9945686262029,1251.389472273924,1228.5828495621172,1234.1357421875,787710
2023-09-11,1234.135791985907,1242.2172936991126,1226.1039183068872,1236.8626708984375,1162138
2023-09-12,1237.4576013676356,1249.3072023524817,1224.566901061367,1229.376220703125,1132283
2023-09-13,1231.5576386504122,1239.4903770636192,1213.0149110271332,1218.171142578125,1627384
2023-09-14,1219.658482142857,1233.788671875,1214.7005208333333,1223.376953125,1713142
2023-09-15,1224.4182384848739,1231.5080266990724,1217.972888439978,1225.1123046875,1938487
2023-09-18,1230.5164131306785,1247.026449092389,1226.649300005722,1230.119873046875,1864030
2023-09-20,1232.7970563496751,1242.0684196147345,1225.608012586526,1229.27685546875,1701959
2023-09-21,1221.6416963199504,1229.8223326792358,1193.877112312679,1196.2569580078125,1895731
2023-09-22,1197.2485555307571,1198.9342140066942,1158.7252192609562,1175.9293212890625,2796199
2023-09-25,1176.0284390142667,1187.0847170974378,1167.1041085327083,1169.434326171875,1267600
2023-09-26,1171.0704341439778,1175.0368030995883,1151.7343854853768,1153.8663330078125,1056359
2023-09-27,1177.0200569640776,1179.003241558794,1160.2621229299293,1170.57470703125,2165043
2023-09-28,1170.5747063884282,1175.0368717240895,1149.1563369860512,1154.2630615234375,1303811
2023-09-29,1160.0638710099659,1189.1174531500296,1155.2050444682127,1176.17724609375,1878381
2023-10-03,1174.0452089468413,1175.7308673326381,1161.104881832667,1172.8553466796875,1581125
2023-10-04,1168.194814791865,1175.036825579987,1151.5361374859779,1157.23779296875,999123
2023-10-05,1160.262099047213,1163.088112827717,1145.5369779433418,1151.3377685546875,1446743
2023-10-06,1155.2049862836213,1171.7645286565337,1150.6931930698154,1153.2218017578125,928951
2023-10-09,1149.2554245751805,1157.0393995751126,1141.9672457031927,1149.751220703125,822110
2023-10-10,1150.3462136520745,1153.8167867341479,1140.8269516928992,1145.3387451171875,822199
2023-10-11,1141.3227471701289,1165.1209625759352,1136.8605817815403,1162.0965576171875,1465239
2023-10-12,1169.1369971258202,1176.3755485828597,1142.760544041414,1148.164794921875,2533930
2023-10-13,1146.2806754776816,1159.3696451537794,1140.3311217987316,1157.931884765625,940547
2023-10-16,1156.4941570155092,1160.2621351587945,1149.05721470694,1154.610107421875,802207
2023-10-17,1158.1797873615253,1168.1453382303018,1150.891608285127,1163.633544921875,877856
2023-10-18,1175.0368918352747,1209.197198627576,1166.2613240670737,1200.421630859375,7367540
2023-10-19,1200.3224628924427,1214.700551047701,1179.6477879262634,1213.014892578125,2157683
2023-10-20,1211.5770059094766,1211.5770059094766,1188.1754522561853,1190.1090087890625,692067
2023-10-23,1189.9107931888934,1200.0249865134049,1168.5419301102822,1173.8470458984375,957929
2023-10-25,1174.5411270820084,1178.7553945282714,1144.347188737554,1147.718505859375,1433911
2023-10-26,1145.0908123241516,1145.2890823623802,1122.4824599430426,1141.1739501953125,2016469
2023-10-27,1142.314269746647,1187.8283781406599,1139.587391064526,1164.377197265625,1775011
2023-10-30,1176.0284573327187,1202.2065180285165,1167.5999228577373,1183.415771484375,2853500
2023-10-31,1189.8611385686943,1195.959455456324,1181.0855708738043,1189.9107666015625,1720955
2023-11-01,1189.9107781607702,1198.537582884842,1176.5739099398115,1191.1502685546875,1051902
2023-11-02,1195.3644566502412,1201.6610432251284,1184.6057049530596,1198.3392333984375,1556467
2023-11-03,1204.784572481697,1209.494635625144,1193.8770578337146,1196.207275390625,772013
2023-11-06,1201.7601711923912,1206.7677604400735,1187.1838136293163,1193.9761962890625,1262938
2023-11-07,1194.8687286242725,1207.263632448176,1190.6544613241456,1206.222412109375,1210644
2023-11-08,1211.7257864042986,1231.954293463052,1209.7426018111655,1230.5660400390625,1107006
2023-11-09,1231.557596255518,1234.5323730580676,1221.641673580353,1227.739990234375,751433
2023-11-10,1227.4425013148848,1231.5576335585185,1219.6585259879048,1229.673583984375,576673
2023-11-13,1232.5492257580895,1232.5492257580895,1220.3030850931027,1230.119873046875,689808
2023-11-15,1249.4062511796608,1249.4062511796608,1227.2936953007154,1231.3096923828125,1323010
2023-11-16,1230.6156647273244,1235.821524270152,1222.2862652500041,1224.418212890625,1251094
2023-11-17,1225.6080253363798,1245.5390054231034,1225.1122292096256,1238.8953857421875,992848
2023-11-20,1231.0618533642944,1245.439941865126,1230.5660572090933,1236.61474609375,848916
2023-11-21,1236.4659329751235,1244.4482991682562,1231.7063627042933,1242.7130126953125,594738
2023-11-22,1246.381854377766,1272.7583055741854,1243.4567056011601,1260.8095703125,1735497
2023-11-23,1259.322161238336,1259.322161238336,1154.758806583027,1160.8074951171875,7643376
2023-11-24,1180.0444739192637,1194.8687304983096,1168.0957381966875,1188.5721435546875,5331201
2023-11-28,1189.9107247616082,1192.6376035058536,1178.0116175139922,1182.2755126953125,1691543
2023-11-29,1188.6712471012684,1196.653613382606,1181.7301011327938,1191.44775390625,2173427
2023-11-30,1189.9107878816196,1207.4124165955086,1188.0267382586767,1202.107421875,3219799
2023-12-01,1203.2475841856829,1207.6106143555432,1193.3812895776834,1195.562744140625,1078680
2023-12-04,1202.107333622006,1208.8500882985902,1196.1081520892737,1206.27197265625,2097408
2023-12-05,1212.3207298088219,1218.6669447796933,1205.7762447942287,1214.1551513671875,2132150
2023-12-06,1214.7005929708482,1219.509791517895,1190.9023772718276,1195.0670166015625,1416770
2023-12-07,1195.86024487136,1214.7004974854196,1186.9359146857528,1212.51904296875,1269290
2023-12-08,1214.7005161879094,1220.8483397706168,1193.8770787675453,1208.85009765625,1453955
2023-12-11,1207.3626949933528,1208.7013203171816,1185.0023624636863,1192.19140625,1565455
2023-12-12,1200.4216232113308,1204.0409593423835,1185.151077467535,1188.5721435546875,899911
2023-12-13,1188.57207519475,1207.7097330017928,1185.1510093043578,1206.27197265625,1809563
2023-12-14,1208.8006823239061,1212.2712554904474,1191.0015273148244,1194.521728515625,1809248
2023-12-15,1204.7846532403141,1207.3627690302212,1192.7367824991145,1196.9510498046875,1976112
2023-12-18,1195.4636734982516,1208.7014067250796,1182.0771772150358,1206.569580078125,1995091
2023-12-19,1209.1972236300796,1229.7232575762357,1202.0081792064905,1226.6988525390625,1738507
2023-12-20,1228.5829034408187,1237.5072344585487,1220.650164758392,1225.806396484375,2484819
2023-12-21,1225.8063516495442,1225.8063516495442,1195.7115495826265,1211.5770263671875,1580136
2023-12-22,1219.708161124178,1232.0534368829983,1211.3787615674403,1225.21142578125,1969524
2023-12-26,1229.574454608119,1239.4903776291521,1221.4929531371804,1234.4827880859375,820163
2023-12-27,1236.5155821683115,1239.8373921217158,1226.3021331923123,1229.3265380859375,2528609
2023-12-28,1229.32651921765,1253.1743617769512,1229.32651921765,1250.1995849609375,2592699
2023-12-29,1253.3726685139313,1256.942376588877,1231.6072659237072,1235.821533203125,1794218
2024-01-01,1241.9196939720905,1246.2332171950695,1236.2180384020153,1240.48193359375,343584
2024-01-02,1244.547457811897,1274.1960914640988,1241.5726809446655,1270.775146484375,2589484
2024-01-03,1280.1456562676954,1296.0111330301145,1263.3382152401002,1289.21875,2357093
2024-01-04,1293.0363480788317,1297.0027172447178,1275.8322460305974,1285.7481689453125,1248143
2024-01-05,1289.070035575779,1290.6070521127137,1265.420582593436,1276.0802001953125,1013196
2024-01-08,1285.7481673530472,1286.0952004458363,1255.5541094887437,1261.0574951171875,740848
2024-01-09,1273.2045268313743,1284.112042248154,1262.6936725476378,1278.509521484375,1133466
2024-01-10,1285.1035986865777,1320.3051247308474,1283.4179402231764,1318.0244140625,3625567
2024-01-11,1328.584957178853,1328.7337202369306,1311.926278685856,1314.50439453125,1097204
2024-01-12,1313.066431858534,1314.5043132724154,1289.4666085246643,1297.002685546875,2051301
2024-01-15,1304.9355110122638,1316.586720932016,1295.6145188676646,1302.1094970703125,762036
2024-01-16,1302.109391234354,1303.3488815506028,1287.3346424558747,1291.400146484375,1030845
2024-01-17,1288.4253556147748,1301.8614789133508,1271.3203894378735,1283.120361328125,2073596
2024-01-18,1274.2457738434864,1316.0412937755063,1257.2399411517088,1311.8270263671875,1723297
2024-01-19,1319.759688931982,1319.759688931982,1305.5303640059744,1316.784912109375,1135846
2024-01-23,1373.355349018863,1413.0190414092995,1357.192345952167,1397.153564453125,7556815
2024-01-24,1397.1535779516732,1411.08549845601,1383.1225224241991,1405.433349609375,1808713
2024-01-25,1401.4669339165378,1401.5660689363917,1342.1201597782851,1358.1343994140625,1801468
2024-01-29,1353.5234541465875,1353.5234541465875,1314.1572892824065,1325.610107421875,2480508
2024-01-30,1333.6915709201096,1340.6327166423703,1303.1009743386553,1306.026123046875,1908926
2024-01-31,1306.0262312179557,1341.525284983874,1300.9691345531087,1339.6412353515625,1723379
2024-02-01,1348.267955763404,1383.1224481247052,1340.682371763119,1375.9830322265625,2784507
2024-02-02,1375.3385193383688,1392.8896546210565,1373.355334739467,1380.9410400390625,1161705
2024-02-05,1388.8737939560467,1434.8340733404282,1382.5772069929624,1421.84423828125,2369316
2024-02-06,1432.7021249849458,1433.7433453281046,1400.6737659963183,1413.4652099609375,979752
2024-02-07,1423.9265635181364,1432.3550981907715,1408.9039157457605,1426.6534423828125,890299
2024-02-08,1435.8255905523317,1445.4439870438277,1405.7307897105309,1408.25927734375,1447767
2024-02-09,1416.0929449820894,1435.3794879192153,1405.1359226504512,1427.64501953125,1215784
2024-02-12,1427.8928711447986,1440.53567260806,1413.0189870703737,1422.68701171875,453460
2024-02-13,1426.9012970143415,1451.2449360099056,1417.9769664562252,1445.49365234375,981536
2024-02-14,1442.5685553127016,1442.5685553127016,1398.5913390928579,1413.3660888671875,1113254
2024-02-15,1413.3660121495948,1425.8600504925344,1400.128279607147,1410.3912353515625,1402161
2024-02-16,1417.9769253463799,1436.8171782006325,1413.9114213076787,1428.5869140625,857301
2024-02-19,1432.8012030158745,1461.2103457779551,1426.85164939215,1457.9876708984375,888909
2024-02-20,1462.598601638407,1466.564970727596,1423.9265030188153,1439.4449462890625,1550412
2024-02-21,1439.7920272139274,1450.2037464189868,1421.397941534063,1435.131591796875,1074054
2024-02-22,1443.3122594928057,1443.75842762221,1408.6065280595794,1441.0811767578125,1582836
2024-02-23,1443.9071021265977,1469.8867710742825,1437.5608874163609,1454.0709228515625,1308103
2024-02-26,1461.111279526279,1468.7464919518156,1449.2617997522616,1457.491943359375,898290
2024-02-27,1461.0615561203774,1478.4640485704367,1457.3430851732687,1474.94384765625,1231196
2024-02-28,1478.9102470355415,1481.3892277178527,1457.6406411989042,1464.581787109375,1083605
2024-02-29,1463.5405343402447,1477.4724538833796,1439.197017206337,1467.903564453125,4923680
2024-03-01,1481.4388380772064,1481.4388380772064,1447.7247011999473,1458.5330810546875,1982189
2024-03-04,1470.5313630695453,1482.7279966292517,1457.3927652538532,1459.1280517578125,1147249
2024-03-05,1452.8315019344125,1467.2590974654859,1440.5853610748466,1461.0616455078125,1306046
2024-03-06,1463.5902224741205,1477.3733795368396,1435.9744013604882,1472.762451171875,1158132
2024-03-07,1472.7624954475177,1477.9187271015128,1463.094470313289,1470.68017578125,1569074
2024-03-11,1480.4473289844886,1506.2287292213252,1476.0347915923162,1491.4539794921875,2183994
2024-03-12,1499.2875347784839,1501.2707193482966,1447.7247359633507,1453.4263916015625,1855916
2024-03-13,1457.6406366158667,1466.5649670441271,1436.8171989499258,1458.880126953125,1720173
2024-03-14,1454.7650493029535,1488.8262208375477,1442.1222473894677,1484.066650390625,1748907
2024-03-15,1482.2321883185903,1483.620320675179,1453.723910273264,1475.5389404296875,1537072
2024-03-18,1476.4809710710285,1483.2733542845529,1458.6323092313519,1475.935546875,996530
2024-03-19,1470.0852247899425,1474.2994920993638,1419.0677279118531,1423.6290283203125,1647925
2024-03-20,1423.7282321648433,1432.7516976287736,1403.697995649548,1405.48291015625,1728210
2024-03-21,1415.0021497756525,1442.8658679695873,1408.2592740150526,1436.5196533203125,1699939
2024-03-22,1440.7835394415877,1477.0757915876184,1438.8499829714208,1468.7960205078125,1746930
2024-03-26,1460.6153982962144,1468.7960344373846,1447.7246989222492,1459.8717041015625,1635695
2024-03-27,1471.522913157359,1483.4220202718388,1445.741514409319,1451.0465087890625,1642266
2024-03-28,1459.623834727743,1501.4689804850907,1448.865082709096,1484.364013671875,2110407
2024-04-01,1497.3043529328681,1497.3043529328681,1481.24060630575,1486.0498046875,563831
2024-04-02,1490.26405923332,1490.26405923332,1470.8288747878605,1476.8775634765625,614238
2024-04-03,1480.7943190413087,1488.9254484291066,1454.6658864619171,1459.1280517578125,1465540
2024-04-04,1466.5649859316595,1468.7464405357373,1432.9499833434968,1447.278564453125,1474799
2024-04-05,1426.9012833216195,1461.6070129368084,1425.41389490954,1437.2138671875,1211684
2024-04-08,1444.898686380895,1460.4666364508325,1437.213846363166,1450.154052734375,1039235
2024-04-09,1455.4095600039998,1457.6406426202552,1434.933155339348,1438.1063232421875,1225255
2024-04-10,1440.9323659540394,1443.06431359452,1394.1787650922558,1410.9862060546875,2493253
2024-04-12,1411.0358217976252,1412.8702433163946,1376.3300918166576,1385.05615234375,2190583
2024-04-15,1378.2636861757135,1387.2376450203506,1363.9848537126206,1369.78564453125,1125072
2024-04-16,1373.355348361096,1380.2468664930404,1360.0184802187925,1363.6376953125,1433760
2024-04-18,1364.4309392645628,1372.0166442040077,1331.113463793642,1335.9722900390625,2974196
2024-04-19,1335.674793076874,1346.2847819910735,1323.775685788884,1334.435302734375,1173025
2024-04-22,1338.8974400777877,1350.4990210243225,1336.6663575077635,1343.458740234375,974434
2024-04-23,1358.2335705653811,1358.2335705653811,1333.195864665198,1335.3773193359375,1031497
2024-04-24,1342.070579536491,1390.1133001545886,1340.8310891342283,1386.4443359375,4415480
2024-04-25,1395.1703974707434,1398.5913425650713,1372.4629090813637,1394.3770751953125,2027213
2024-04-26,1401.2189870715013,1405.2844910958454,1389.4686430942718,1397.30224609375,695034
2024-04-29,1407.0695028305054,1408.1602301742903,1380.6931713132335,1396.1619873046875,1082487
2024-04-30,1403.1527608809727,1407.0198740939159,1383.3209144803031,1388.229248046875,1327606
2024-05-02,1388.2292434056417,1414.010643640318,1386.3948218285095,1408.1107177734375,1540210
2024-05-03,1415.993793113375,1421.9433468659522,1403.3013633569512,1412.7711181640625,804513
2024-05-06,1418.9685723408093,1419.8114015816914,1393.2368007358693,1411.4324951171875,929301
2024-05-07,1411.4324558245148,1416.8365852573563,1366.1662446666835,1375.5367431640625,1085239
2024-05-08,1363.489025091518,1386.3947827533214,1363.489025091518,1373.107421875,1497782
2024-05-09,1376.18129285778,1380.4946949769303,1341.6243268300439,1347.3756103515625,1152636
2024-05-10,1359.820037190414,1385.1552681425517,1306.1749195158852,1328.2874755859375,5080539
2024-05-13,1359.4730744209955,1413.9610241357384,1358.0353139706751,1402.756103515625,7910590
2024-05-14,1398.1451013907122,1398.1451013907122,1338.7487001795735,1345.937744140625,3721994
2024-05-15,1383.271221551854,1416.4399346833018,1375.0409572640974,1394.872802734375,7893092
2024-05-16,1397.153491287447,1413.9114246536292,1375.6359877100501,1409.1517333984375,3226214
2024-05-17,1405.1853995205797,1407.961906329564,1384.6594876875201,1387.2872314453125,3443452
2024-05-21,1398.1451051439817,1433.792798946196,1384.6594744379133,1430.173583984375,2939271
2024-05-22,1438.7507655615216,1482.2321837330599,1425.1659997873674,1469.8372802734375,4216347
2024-05-23,1469.5397298017554,1491.9001836896766,1450.4019507598907,1476.629638671875,4389470
2024-05-24,1476.6296422435526,1481.3397054914892,1466.6145845988403,1473.9522705078125,758326
2024-05-27,1478.4641585998497,1480.001175123299,1462.7969514257986,1466.218017578125,1393334
2024-05-28,1470.4816812794784,1482.1825182674356,1462.7968413286019,1467.0111083984375,784496
2024-05-29,1462.846488914491,1485.0085518280398,1460.2187452034934,1480.99267578125,1607691
2024-05-30,1482.4800370886726,1483.9674254589656,1441.775126937396,1454.2691650390625,1732140
2024-05-31,1454.616296837446,1460.3179526438582,1427.8929323884636,1435.0323486328125,3270743
2024-06-03,1469.5397736914622,1470.5313659814026,1433.8920792857023,1440.1390380859375,1335614
2024-06-04,1447.7246872394358,1464.5321274853443,1406.6232368309477,1450.2532958984375,2049577
2024-06-05,1477.4724957502292,1501.270710446877,1454.5171102819581,1484.364013671875,1834280
2024-06-06,1487.3884093866368,1488.3800016595612,1451.6910875613576,1464.581787109375,1605122
2024-06-07,1471.522901686947,1490.759815580868,1466.8624665210275,1484.6614990234375,1591055
2024-06-10,1494.2304390704319,1527.894948741998,1489.3716126632007,1521.3504638671875,2751606
2024-06-11,1532.0101420666304,1533.4479025202315,1514.1614802173103,1517.3841552734375,1699446
2024-06-12,1529.4815291084446,1535.9765072370797,1519.1194377580414,1527.994140625,1578793
2024-06-13,1536.968094565111,1537.9596868841852,1507.6169861293097,1531.56396484375,1525789
2024-06-14,1532.0100469386584,1553.825076733254,1522.8874465330548,1551.593994140625,1845043
2024-06-18,1556.7998789528867,1563.6913968784304,1550.4536641547288,1561.5595703125,2068897
2024-06-19,1564.137668663487,1568.6989688901494,1540.3394542176186,1546.6856689453125,1881544
2024-06-20,1544.9007909739164,1546.0411463185405,1527.0521297174782,1531.861328125,1705002
2024-06-21,1536.8688825689112,1549.7595820712543,1520.606745141775,1528.589111328125,2613883
2024-06-24,1515.1530186720352,1515.1530186720352,1482.4801011437874,1491.75146484375,1283529
2024-06-25,1498.8909151083292,1505.0388600711615,1482.9263030886225,1487.0909423828125,1199626
2024-06-26,1491.057331571012,1494.5279047105744,1462.5986802441935,1466.6641845703125,1930909
2024-06-27,1468.548231703281,1473.7044633699932,1452.9802806355667,1468.4490966796875,2792582
2024-06-28,1473.8036108954461,1479.653908340437,1463.6397903239613,1468.349853515625,2087765
2024-07-01,1472.4649754662128,1481.141408315119,1459.8221733149494,1466.6641845703125,1313651
2024-07-02,1467.5566134736464,1480.1994153802605,1466.8129192438455,1476.1339111328125,1191962
2024-07-03,1481.4388451387426,1487.3883987336774,1462.2019309729915,1471.2750244140625,1061247
2024-07-04,1465.3255160793992,1476.4313013820497,1454.6658988925587,1468.30029296875,1498413
2024-07-05,1474.4977128895625,1503.2538888638712,1473.5061206145863,1497.2052001953125,2188675
2024-07-08,1503.2539116595308,1511.8312091769383,1470.729636129516,1474.54736328125,1524489
2024-07-09,1484.3145109241589,1502.2623070170184,1474.7952492271043,1499.337158203125,1791406
2024-07-10,1499.3866896731286,1504.493414216884,1479.7036067656254,1500.4774169921875,671042
2024-07-11,1504.2455280602849,1506.228712672098,1482.4304973303401,1493.3380126953125,1314312
2024-07-12,1493.3876045119684,1502.2623070170184,1489.7682684743856,1499.337158203125,1192685
2024-07-15,1503.8487944398673,1519.0697113930507,1500.5269845839962,1504.4437255859375,1825510
2024-07-16,1504.4438048888724,1511.6328491391175,1490.4623775213302,1497.7010498046875,963199
2024-07-18,1484.4136541635849,1500.2791307611915,1473.1094778789939,1493.9825439453125,2169744
2024-07-19,1488.9749879530386,1493.33801832427,1467.7548883178547,1473.0103759765625,868261
2024-07-22,1462.6482776402427,1494.3792313944373,1458.2852472902443,1477.4725341796875,1328847
2024-07-23,1477.472548849109,1491.3548412544028,1462.747427185148,1485.30615234375,1241630
2024-07-24,1482.7775074125702,1498.5934770726706,1472.514551414538,1490.8590087890625,2266300
2024-07-25,1485.4052976748007,1496.0152870977413,1477.2742890557236,1487.4381103515625,2200932
2024-07-26,1492.0984561011905,1586.547619047619,1488.3799851190477,1561.7578125,4687416
2024-07-29,1574.6485309692303,1575.6401232431404,1515.946316771344,1540.884765625,3983153
2024-07-30,1540.9344754134395,1550.9000267125682,1513.169890270855,1516.0455322265625,2988651
2024-07-31,1517.235356727557,1535.5303073215796,1510.740499777361,1531.3160400390625,1645138
2024-08-01,1532.952053099247,1539.447031019692,1522.6395901131082,1533.199951171875,1529481
2024-08-02,1529.0,1541.4000244140625,1523.699951171875,1528.800048828125,1353707
2024-08-05,1472.0,1527.949951171875,1472.0,1515.050048828125,1719770
2024-08-06,1513.0,1542.3499755859375,1505.699951171875,1531.9000244140625,1775016
2024-08-07,1532.0999755859375,1556.9000244140625,1532.0999755859375,1553.550048828125,1359682
2024-08-08,1545.0,1589.6500244140625,1545.0,1569.949951171875,3541556
2024-08-09,1574.800048828125,1581.199951171875,1561.5,1574.75,956684
2024-08-12,1574.699951171875,1593.0,1571.050048828125,1586.25,1731555
2024-08-13,1600.0,1606.699951171875,1580.0,1583.449951171875,2281463
2024-08-14,1597.0,1597.0,1555.0,1563.800048828125,896638
2024-08-16,1567.0,1580.449951171875,1560.0,1576.0999755859375,909870
2024-08-19,1578.449951171875,1584.949951171875,1569.699951171875,1575.5,742635
2024-08-20,1576.5,1579.0,1558.199951171875,1562.8499755859375,1413845
2024-08-21,1565.6500244140625,1596.1500244140625,1561.0,1594.5999755859375,1074905
2024-08-22,1599.0,1599.0,1576.050048828125,1585.800048828125,906819
2024-08-23,1580.050048828125,1585.800048828125,1568.449951171875,1574.550048828125,770573
2024-08-26,1570.0,1596.0,1566.550048828125,1593.949951171875,658120
2024-08-27,1586.5,1619.800048828125,1586.5,1598.050048828125,1570234
2024-08-28,1604.0,1630.0,1595.199951171875,1618.199951171875,1433847
2024-08-29,1622.0,1642.300048828125,1609.0,1618.550048828125,2749546
2024-08-30,1615.0,1663.699951171875,1615.0,1654.9000244140625,3296701
2024-09-02,1669.0,1681.5999755859375,1642.0,1646.6500244140625,1306971
2024-09-03,1643.300048828125,1659.8499755859375,1643.300048828125,1653.199951171875,1264708
2024-09-04,1635.050048828125,1658.0,1630.800048828125,1651.9000244140625,1019049
2024-09-05,1651.0999755859375,1659.949951171875,1623.4000244140625,1627.75,1081756
2024-09-06,1627.75,1631.949951171875,1608.050048828125,1611.050048828125,913336
2024-09-09,1611.050048828125,1636.800048828125,1610.0,1620.1500244140625,1003511
2024-09-10,1633.0,1644.3499755859375,1624.300048828125,1632.0,1248269
2024-09-11,1627.0999755859375,1652.300048828125,1624.25,1628.3499755859375,1243738
2024-09-12,1635.0,1660.0,1630.550048828125,1657.25,1728200
2024-09-13,1658.9000244140625,1669.199951171875,1643.5,1659.699951171875,747149
2024-09-16,1661.199951171875,1671.8499755859375,1654.1500244140625,1659.4000244140625,683436
2024-09-17,1660.0,1683.0,1656.699951171875,1671.800048828125,958137
2024-09-18,1673.0,1673.0,1638.050048828125,1651.5999755859375,1084127
2024-09-19,1660.0,1668.0,1632.75,1637.699951171875,2048750
2024-09-20,1645.9000244140625,1652.5999755859375,1609.800048828125,1638.6500244140625,2504382
2024-09-23,1646.8499755859375,1664.8499755859375,1638.0,1658.1500244140625,1129445
2024-09-24,1625.0,1659.5999755859375,1624.949951171875,1637.550048828125,1476260
2024-09-25,1638.0,1649.0,1618.25,1643.199951171875,759761
2024-09-26,1643.199951171875,1652.449951171875,1602.300048828125,1621.800048828125,2613098
2024-09-27,1630.1500244140625,1679.050048828125,1630.0,1672.5,3866952
2024-09-30,1675.0,1678.9000244140625,1646.300048828125,1654.0999755859375,1313437
2024-10-01,1660.0,1667.050048828125,1651.550048828125,1664.8499755859375,945740
2024-10-03,1661.25,1678.0,1640.3499755859375,1656.550048828125,1533472
2024-10-04,1645.0999755859375,1656.4000244140625,1577.300048828125,1623.300048828125,2371220
2024-10-07,1623.0,1644.8499755859375,1612.050048828125,1624.6500244140625,1553239
2024-10-08,1624.6500244140625,1653.199951171875,1623.8499755859375,1640.699951171875,1239808
2024-10-09,1630.5,1702.050048828125,1630.5,1680.5,1671718
2024-10-10,1693.949951171875,1694.0,1614.0999755859375,1618.9000244140625,2288313
2024-10-11,1602.0999755859375,1613.800048828125,1573.75,1595.75,1894245
2024-10-14,1600.0,1605.949951171875,1571.050048828125,1598.449951171875,2301224
2024-10-15,1601.9000244140625,1604.949951171875,1568.0,1571.75,2206500
2024-10-16,1561.4000244140625,1573.0,1550.4000244140625,1562.199951171875,2519123
2024-10-17,1562.199951171875,1578.699951171875,1552.1500244140625,1558.699951171875,1498368
2024-10-18,1549.050048828125,1562.050048828125,1536.3499755859375,1551.699951171875,1879293
2024-10-21,1552.0,1561.25,1517.1500244140625,1523.75,1297970
2024-10-22,1523.0,1526.699951171875,1501.5,1510.3499755859375,1757792
2024-10-23,1504.75,1514.0999755859375,1482.300048828125,1485.5999755859375,1925211
2024-10-24,1496.0,1508.0,1482.050048828125,1492.300048828125,1178365
2024-10-25,1492.300048828125,1506.75,1478.800048828125,1488.9000244140625,1175088
2024-10-28,1496.800048828125,1513.199951171875,1471.699951171875,1503.1500244140625,928896
2024-10-29,1510.0,1517.1500244140625,1450.0,1477.550048828125,3475282
2024-10-30,1440.0,1440.0,1403.0,1418.25,5064434
2024-10-31,1560.050048828125,1565.949951171875,1518.050048828125,1551.75,17447689
2024-11-01,1565.0999755859375,1573.449951171875,1551.75,1559.550048828125,538362
2024-11-04,1584.0,1602.949951171875,1563.0,1584.5999755859375,4190449
2024-11-05,1583.5999755859375,1609.949951171875,1577.6500244140625,1601.199951171875,2238168
2024-11-06,1610.199951171875,1612.3499755859375,1581.0,1594.050048828125,2074821
2024-11-07,1600.0,1602.0,1558.550048828125,1576.1500244140625,1512145
2024-11-08,1575.0999755859375,1597.75,1568.699951171875,1592.5999755859375,1718495
2024-11-11,1590.0999755859375,1599.75,1544.5,1552.800048828125,1725382
2024-11-12,1551.050048828125,1556.949951171875,1521.949951171875,1525.1500244140625,2782808
2024-11-13,1516.5,1525.9000244140625,1501.199951171875,1505.5999755859375,1552443
2024-11-14,1497.0,1517.0,1490.25,1499.75,1469143
2024-11-18,1497.5,1505.1500244140625,1460.8499755859375,1465.25,1760344
2024-11-19,1465.0,1485.8499755859375,1456.8499755859375,1471.550048828125,1116002
2024-11-21,1470.0,1478.0999755859375,1453.8499755859375,1465.5,1363706
2024-11-22,1466.0,1496.1500244140625,1460.050048828125,1486.5,704859
2024-11-25,1495.9000244140625,1507.5,1487.5,1503.300048828125,2453548
2024-11-26,1515.0,1515.0,1490.050048828125,1492.699951171875,873585
2024-11-27,1487.0999755859375,1502.0,1468.5,1491.1500244140625,1676606
2024-11-28,1485.0999755859375,1505.0,1473.9000244140625,1492.75,4358321
2024-11-29,1490.0,1547.699951171875,1490.0,1533.9000244140625,3256635
2024-12-02,1532.0,1548.5,1504.300048828125,1507.699951171875,5328936
2024-12-03,1517.050048828125,1549.4000244140625,1508.5,1533.9000244140625,1951182
2024-12-04,1530.0,1536.75,1492.25,1500.8499755859375,2971135
2024-12-05,1507.0,1507.0,1470.0999755859375,1498.25,4084059
2024-12-06,1513.25,1513.25,1476.0,1477.4000244140625,3768932
2024-12-09,1480.0,1484.75,1467.300048828125,1469.0,2144057
2024-12-10,1476.949951171875,1479.0,1452.300048828125,1455.199951171875,3397465
2024-12-11,1456.0999755859375,1467.9000244140625,1448.0,1454.0999755859375,2448702
2024-12-12,1460.0,1461.3499755859375,1438.5999755859375,1445.4000244140625,2651833
2024-12-13,1445.0999755859375,1449.5,1423.800048828125,1447.300048828125,1318852
2024-12-16,1448.0,1457.550048828125,1436.0999755859375,1448.449951171875,2076469
2024-12-17,1470.0,1483.0,1448.0,1450.8499755859375,3500888
2024-12-18,1455.0,1482.949951171875,1453.199951171875,1472.4000244140625,2499842
2024-12-19,1450.0,1510.050048828125,1449.9000244140625,1506.550048828125,3426222
2024-12-20,1506.550048828125,1506.5999755859375,1469.050048828125,1472.050048828125,2196991
2024-12-23,1473.949951171875,1491.0,1458.800048828125,1476.050048828125,760728
2024-12-24,1476.0,1487.5999755859375,1461.300048828125,1475.75,909994
2024-12-26,1475.75,1494.949951171875,1466.25,1490.550048828125,1254464
2024-12-27,1488.5999755859375,1512.75,1484.0,1506.5999755859375,1446303
2024-12-30,1509.0,1526.699951171875,1495.0999755859375,1521.4000244140625,1501086
2024-12-31,1517.9000244140625,1535.949951171875,1514.5999755859375,1529.0,1664122
2025-01-01,1531.949951171875,1547.8499755859375,1518.699951171875,1529.0999755859375,1578715
2025-01-02,1534.9000244140625,1543.449951171875,1527.25,1537.9000244140625,1448048
2025-01-03,1539.0,1539.0,1505.0999755859375,1511.25,1581838
2025-01-06,1500.0,1509.25,1479.5,1491.4000244140625,981443
2025-01-07,1490.0,1510.0,1487.949951171875,1497.449951171875,1045516
2025-01-08,1504.9000244140625,1513.0,1487.550048828125,1494.9000244140625,1277871
2025-01-09,1490.0999755859375,1499.4000244140625,1481.0,1488.199951171875,995821
2025-01-10,1483.0999755859375,1497.699951171875,1465.1500244140625,1468.800048828125,930723
2025-01-13,1460.0,1463.949951171875,1436.3499755859375,1439.199951171875,873093
2025-01-14,1436.0,1451.949951171875,1434.449951171875,1447.75,1028726
2025-01-15,1454.949951171875,1455.0,1429.8499755859375,1447.199951171875,1126634
2025-01-16,1451.75,1454.300048828125,1430.8499755859375,1443.5,1080833
2025-01-17,1443.5,1449.6500244140625,1434.0,1442.300048828125,658778
2025-01-20,1442.300048828125,1449.550048828125,1428.9000244140625,1445.449951171875,738447
2025-01-21,1450.5,1464.800048828125,1425.0,1428.0,820225
2025-01-22,1431.0999755859375,1440.949951171875,1420.199951171875,1439.4000244140625,808605
2025-01-23,1432.550048828125,1458.199951171875,1432.550048828125,1451.1500244140625,1070838
2025-01-24,1445.25,1451.0,1408.0,1411.4000244140625,1615412
2025-01-27,1408.0999755859375,1414.9000244140625,1384.199951171875,1396.0999755859375,1448841
2025-01-28,1395.050048828125,1473.0,1366.0999755859375,1420.5999755859375,5627159
2025-01-29,1440.0,1455.0,1410.5999755859375,1423.949951171875,3775947
2025-01-30,1431.0,1469.800048828125,1426.0,1457.449951171875,1773294
2025-01-31,1460.0,1491.0,1452.0999755859375,1479.4000244140625,2083385
2025-02-01,1479.4000244140625,1486.5,1427.25,1439.5,1306859
2025-02-03,1435.0,1439.300048828125,1406.1500244140625,1420.550048828125,1757831
2025-02-04,1425.9000244140625,1463.25,1423.5,1449.050048828125,1750660
2025-02-05,1457.8499755859375,1458.0,1429.300048828125,1436.800048828125,2516488
2025-02-06,1443.949951171875,1475.300048828125,1438.1500244140625,1471.5,2918537
2025-02-07,1473.5,1481.8499755859375,1455.0,1472.25,1445335
2025-02-10,1476.199951171875,1477.5999755859375,1431.550048828125,1458.8499755859375,1282801
2025-02-11,1465.0,1468.0,1443.4000244140625,1453.1500244140625,1938792
2025-02-12,1453.1500244140625,1462.300048828125,1435.1500244140625,1449.199951171875,1791670
2025-02-13,1449.199951171875,1493.0,1447.0999755859375,1472.1500244140625,1879916
2025-02-14,1478.0,1480.1500244140625,1438.550048828125,1459.449951171875,1703559
2025-02-17,1457.449951171875,1480.699951171875,1451.300048828125,1474.6500244140625,1113888
2025-02-18,1474.6500244140625,1483.8499755859375,1466.0999755859375,1482.0999755859375,967394
2025-02-19,1454.949951171875,1474.0,1426.3499755859375,1464.1500244140625,1210464
2025-02-20,1462.0,1483.0,1461.5,1479.699951171875,1652209
2025-02-21,1489.0,1502.0,1468.6500244140625,1475.75,1413123
2025-02-24,1460.0,1489.0,1457.5999755859375,1476.75,1403090
2025-02-25,1471.0,1482.4000244140625,1454.5999755859375,1463.3499755859375,992994
