Date,Open,High,Low,Close,Volume
2010-01-04,173.4898721395865,174.92801140473563,171.3821191261858,173.8170623779297,1649940
2010-01-05,175.011690801955,179.72939492751513,175.011690801955,179.18914794921875,2058290
2010-01-06,180.52076693863566,187.56688593845058,180.08703672051877,183.7851104736328,6448930
2010-01-07,181.1142900840325,184.88084401692282,179.2880740242472,180.93927001953125,1491700
2010-01-08,182.62094899672283,184.27975037696066,179.57726651344413,181.7230682373047,1202345
2010-01-11,186.42552899742068,186.42552899742068,177.39340606305956,182.6437530517578,2054015
2010-01-12,183.38185704072336,187.1864598838919,182.65136818611538,184.06668090820312,2404695
2010-01-13,182.62092396520066,187.94736758085233,182.62092396520066,186.9201202392578,1906110
2010-01-14,188.55610602591372,191.29541291473888,187.52885868590076,188.26695251464844,1168740
2010-01-15,188.40391544473226,189.89531308314974,186.15158571578178,187.1788330078125,1188925
2010-01-18,185.82439626121675,190.1540240564559,185.67981951173144,186.12115478515625,715100
2010-01-19,187.18644391377268,187.63538422439012,179.19677862477016,179.65333557128906,2152145
2010-01-20,179.88160899742783,185.81679146511195,173.83229309431218,182.833984375,5987830
2010-01-21,183.4046600893226,183.4046600893226,169.68526493405082,170.99404907226562,5745655
2010-01-22,169.68526243080746,172.63002089298638,164.83820282030106,171.5723419189453,3090540
2010-01-25,169.81461743961358,172.6985124811933,162.1749811400683,170.73533630371094,2645110
2010-01-27,168.46780872300144,171.6484627274955,166.03286523315333,168.3917236328125,3917285
2010-01-28,171.5114446819132,178.35972792918835,169.68524046026246,175.45301818847656,5645635
2010-01-29,171.51150473630048,172.5768005808772,165.76656328919708,170.38534545898438,3440745
2010-02-01,173.33769428189044,173.33769428189044,168.5134610411389,170.9788360595703,874155
2010-02-02,171.51148061872485,181.40344738189785,171.51148061872485,177.3857879638672,4632340
2010-02-03,178.05541155328385,179.47072426339284,174.4410388828646,175.35414123535156,1498970
2010-02-04,175.77264930079315,178.329342845961,172.2876317438799,176.82272338867188,2099095
2010-02-05,171.9680355897817,176.2291950982435,169.68527405540405,175.0878143310547,2959725
2010-02-08,173.4670655260868,173.48989221462534,168.32324658590073,169.77659606933594,1184535
2010-02-09,170.35489855946182,170.35489855946182,167.26556294591325,167.79058837890625,2358320
2010-02-10,168.16343341074932,169.68527443709095,164.35883084489527,164.87625122070312,2447495
2010-02-11,165.88066286330218,167.25032203477718,164.96756061922716,165.9719696044922,875010
2010-02-15,165.88069822882525,169.60920469151245,165.88069822882525,168.24716186523438,822520
2010-02-16,169.5026440681506,170.4309679942369,167.26554758193754,169.4037322998047,1383870
2010-02-17,171.20712600120063,171.20712600120063,168.06452037294616,168.3232421875,2449345
2010-02-18,170.90275087090959,171.64844971831286,168.49062264127883,169.87550354003906,1273945
2010-02-19,171.95279307224234,171.95279307224234,168.802583001322,170.60597229003906,2362455
2010-02-22,172.12021624999264,174.25079599036047,168.16343193829547,169.85267639160156,717550
2010-02-23,168.92434792680905,175.01171181606344,168.58193603018353,174.01490783691406,3685395
2010-02-24,173.79423152479097,174.6616804002602,171.20710655885821,173.6116180419922,699540
2010-02-25,176.88360702480648,176.88360702480648,172.32568847052616,174.0681915283203,1360495
2010-02-26,173.64207326315838,177.29449435309274,171.37453319582613,173.8399200439453,809350
2010-03-02,175.16391580958228,177.90323455150204,172.01370506173788,172.80506896972656,2253605
2010-03-03,170.69731800646926,179.07504955482554,170.69731800646926,177.8651885986328,2006995
2010-03-04,177.86516316886878,179.86638775760187,175.46826828810242,176.05416870117188,993265
2010-03-05,176.83791815518978,177.81951209442198,175.0117136139431,175.331298828125,728990
2010-03-08,175.9247948678993,180.33813552785662,175.77261310942987,177.93362426757812,1026480
2010-03-09,176.54117374076634,179.57725093430523,173.79425007348627,177.73582458496094,326855
2010-03-10,177.8195234729151,180.2468618617301,176.99012286798538,177.33253479003906,861140
2010-03-11,177.28689333085526,179.08266639666786,176.86076804531305,177.74343872070312,514250
2010-03-12,178.66416224439482,179.72944645824344,178.2076052323299,178.62611389160156,923685
2010-03-15,179.15113845958885,186.12117357403076,178.81633155555585,182.7274627685547,2735310
2010-03-16,184.14275098273905,186.57769412813445,183.6861940632853,186.0070037841797,711300
2010-03-17,186.88209901615352,187.7952013896362,184.91892252726612,187.06471252441406,1289670
2010-03-18,187.642999496922,189.92576099147954,185.69503326855687,187.79518127441406,1317100
2010-03-19,190.2301370759857,192.74117720753395,189.16485295265065,190.8236541748047,3081165
2010-03-22,187.18645254840843,193.9966890486545,183.83840682191428,193.03793334960938,2395800
2010-03-23,193.88253137974743,198.90459934180632,193.88253137974743,198.3795623779297,2215965
2010-03-25,198.44805508741194,200.60908972024785,197.07840748996153,200.18295288085938,1803310
2010-03-26,199.20897194983894,200.18294923330018,195.10000601090718,195.4880828857422,1204755
2010-03-29,195.80005690811748,197.3294912309443,192.7411534302897,193.04551696777344,967775
2010-03-30,191.75198737590267,194.62826625768307,191.37152708349015,192.200927734375,1391125
2010-03-31,192.48246237989213,195.10001925011468,189.46921197233561,194.02713012695312,1957435
2010-04-01,195.25219599305512,196.69794023248556,191.75195720923156,192.34547424316406,1306315
2010-04-05,194.59782867411704,194.7956638403434,190.99866605671897,193.72276306152344,740755
2010-04-06,195.7087932611435,196.01315686564354,192.05636034277975,193.98910522460938,1464170
2010-04-07,194.49129441456535,197.5958399962764,194.49129441456535,194.978271484375,1308015
2010-04-08,194.49125565809396,196.11961321193016,193.27377839399978,194.1792755126953,492625
2010-04-09,196.31749935881894,196.31749935881894,188.40393038554453,189.0963592529297,2210455
2010-04-12,190.23014145489742,190.96063030680384,181.86001523088194,183.06227111816406,3800930
2010-04-13,183.38185917651737,187.01905860808975,180.33817686653367,181.25889587402344,2662915
2010-04-15,184.82756821900375,189.01263059342992,182.93288377489986,187.21685791015625,2138860
2010-04-16,187.49085283061748,188.68550388361936,182.1796296807494,182.60574340820312,1442530
2010-04-19,180.93167169605732,183.96013197035987,177.39339609093255,181.2208251953125,1747155
2010-04-20,183.22962791425968,183.36658800808328,176.27481617805768,177.05856323242188,1383625
2010-04-21,178.81631381848038,180.45228821550833,176.5335523654785,177.5455780029297,2264425
2010-04-22,179.53920890329422,184.12755908140537,176.99013192141396,182.67420959472656,2345190
2010-04-23,182.9253026543533,185.66462138464692,180.17837889812677,184.5917205810547,1617930
2010-04-26,185.66458194468194,190.51925792571643,184.60690302836048,189.36265563964844,2219660
2010-04-27,190.38230230593024,193.57816600871695,188.40391601883616,191.5921630859375,1562960
2010-04-28,189.01262112500217,190.99101879264174,184.21883193392523,189.63658142089844,2542245
2010-04-29,190.38230336775558,192.96943998785042,187.05708455774854,188.61697387695312,4421555
2010-04-30,191.75194401352465,200.57862544573845,189.8268162981198,191.7443389892578,1774755
2010-05-03,191.29541393249565,192.56616141732977,187.54408134500932,188.5789337158203,1325725
2010-05-04,190.07793532556434,190.68667402242002,186.75270498341413,187.612548828125,3491595
2010-05-05,184.5993013479216,190.46599137347158,184.5993013479216,188.83001708984375,2816785
2010-05-06,190.23013503761524,193.25859553641078,186.73751254489886,189.0963592529297,4944580
2010-05-07,186.42553524734782,186.94295564957963,180.65775606967335,183.47315979003906,3128410
2010-05-10,184.96459808152557,188.381136073837,174.30410366174056,185.73312377929688,3669490
2010-05-11,186.4255535119101,186.4255535119101,180.18600669610592,181.7915496826172,2015335
2010-05-12,183.2220428583697,193.075972663474,182.9252843265482,191.80523681640625,2948440
2010-05-13,192.512923184872,195.55660576486997,191.7520025398725,193.5706024169922,2136830
2010-05-14,190.41275410306534,199.81773214522298,189.925765437256,196.62185668945312,4248845
2010-05-17,195.5565565190079,200.12207923929603,193.81405378948347,199.02635192871094,2688735
2010-05-18,197.13167193041662,201.64392474881765,195.86092452682573,199.6427001953125,2185640
2010-05-19,196.13488201233812,201.18738222466385,196.01313194172826,197.0023193359375,1578450
2010-05-20,197.39800576649478,202.38964237459405,195.13807095905878,200.51776123046875,1290175
2010-05-21,199.36117553710938,203.1277413864101,194.8032690692437,199.36117553710938,2516910
2010-05-24,205.44853109978771,205.44853109978771,194.79564430202095,196.23379516601562,1727800
2010-05-25,195.100022653404,196.88819057440887,191.1812864997883,192.1248321533203,1040975
2010-05-26,192.54332972012077,196.74361438218634,192.54332972012077,196.112060546875,1031625
2010-05-27,195.9978852225035,206.9703686608591,195.9978852225035,202.64834594726562,2253940
2010-05-28,204.85502184913648,211.52069298723526,201.6515529849948,208.50743103027344,1545985
2010-05-31,207.73128731751487,215.7209522143424,204.80935551324907,213.6436309814453,2187725
2010-06-01,213.20993742782926,218.2167841952453,210.0140619787033,213.81866455078125,3078935
2010-06-02,213.51432896573877,216.86237502356613,212.3272946654314,213.82630920410156,1535290
2010-06-03,214.57958923364978,216.71015742682167,211.0869667912082,212.35009765625,2020165
2010-06-04,212.29679506803274,215.72093692396876,212.29679506803274,213.90994262695312,2724860
2010-06-07,210.79020551229868,215.5535756564653,209.8618814987396,213.58279418945312,2015565
2010-06-08,212.75337838926933,215.1731000282421,210.98803723998248,212.92837524414062,1247610
2010-06-09,215.4926684345676,224.60848004377647,215.18828169477368,223.20838928222656,4637630
2010-06-10,225.2324410037803,230.8632473845852,224.85198079938203,227.86521911621094,6676450
2010-06-11,228.61097637297215,228.61097637297215,221.23765424148135,223.10951232910156,3782700
2010-06-14,218.99290623574475,218.99290623574475,209.95319038238506,214.81546020507812,5811230
2010-06-15,216.0862470532314,218.27767894321389,214.1839454941999,216.43626403808594,1844575
2010-06-16,217.92764308726268,217.92764308726268,213.81867671985492,215.21115112304688,2505825
2010-06-17,217.2884160649108,217.2884160649108,214.3512746226726,216.6264190673828,1687230
2010-06-18,216.62646476582862,218.37657267380803,215.64487079270813,216.36013793945312,1639745
2010-06-21,219.75385005509955,223.51279950685242,215.0361564812856,215.9796905517578,1434780
2010-06-22,216.40580548482964,218.99293077879153,211.53591848064494,214.49591064453125,2364685
2010-06-23,214.59481084170557,221.732249505402,214.59481084170557,220.84957885742188,2604895
2010-06-24,218.84074440537736,225.02703189778325,218.07220725560234,223.2540740966797,2835040
2010-06-25,223.25407079323537,227.66742364068548,221.53440624814095,225.81077575683594,1480160
2010-06-28,226.4499480720261,229.18926654810346,223.71062959594877,225.2476806640625,1051115
2010-06-29,225.17917628056406,226.7542871368435,219.5103330350121,221.44305419921875,1230920
2010-06-30,222.37903411628662,225.98579014722227,218.74183476088177,220.85719299316406,3320555
2010-07-01,220.6669381670788,224.01498361911686,218.39179337339257,219.2135772705078,1558740
2010-07-02,220.24892799920528,223.04814536774282,219.5510369537263,220.22592163085938,1102055
2010-07-05,220.10321310108077,226.2001581566919,220.10321310108077,224.1448211669922,1497935
2010-07-06,224.71997903996817,226.85198808657825,224.71997903996817,225.555908203125,1046825
2010-07-07,226.3841728429616,226.9900383177468,221.9437572314742,223.0557861328125,863725
2010-07-08,224.24454238210333,226.22318384491692,222.9484622452756,224.1678466796875,532670
2010-07-09,224.85805703558307,226.92870032155056,223.3395665691486,224.38255310058594,1017095
2010-07-12,226.14645057007857,226.851994744902,223.13249954024346,224.16015625,2991270
2010-07-13,223.17853920616864,225.79370573123143,221.6370422533882,223.15553283691406,1948340
2010-07-14,225.0114119632706,226.5068959754636,220.47131741274836,222.03579711914062,1535130
2010-07-15,222.40390202972836,228.07137821548474,222.09714270777596,225.3795166015625,9668735
2010-07-16,227.15880107130644,232.37378085081647,225.8627210153438,226.67564392089844,2274650
2010-07-19,227.00541597672725,227.86435164385244,224.85807680891432,225.8933868408203,838995
2010-07-20,225.93171882522716,225.93171882522716,218.58470700363569,219.4359893798828,2263335
2010-07-21,220.10320632793008,221.90544980623667,212.28839026575952,215.46340942382812,4792875
2010-07-22,215.3483781600248,215.5017695641161,208.94469661345292,211.77459716796875,3765380
2010-07-23,209.82659831513956,212.7255174226017,195.89183214616716,209.41246032714844,6984795
2010-07-26,210.28677873267475,210.28677873267475,204.55028221489806,206.06109619140625,946030
2010-07-27,204.76501304824268,205.6853146034142,199.92581180322458,204.07479858398438,4216320
2010-07-28,204.151466277167,206.90467056981007,202.46425479220363,204.57325744628906,2746035
2010-07-29,202.6176536864581,212.51844228161661,199.8567727014123,211.33741760253906,4372620
2010-07-30,212.44943430653802,212.44943430653802,206.7589742879685,207.77130126953125,2041405
2010-08-02,208.59953167073556,209.35876512385772,205.2788214828121,208.0013427734375,1201350
2010-08-03,208.13942112946057,211.49849151028204,207.98605313382555,210.6011962890625,1578035
2010-08-04,210.9002730251849,212.7408525452843,209.84960995515576,211.10733032226562,961675
2010-08-05,210.90029013662596,210.90029013662596,205.57793185138425,206.19912719726562,2849785
2010-08-06,206.20681301974196,207.31116555169183,203.49962101950513,205.30186462402344,1987655
2010-08-09,206.91233835830664,208.27743741821416,204.4889230059452,205.23280334472656,1734725
2010-08-10,206.28351449594115,207.32650113630368,202.68670377732977,204.33555603027344,1286230
2010-08-11,203.23118607141538,206.09942249114195,200.54700059500047,201.55165100097656,1284390
2010-08-12,200.89978145294526,208.29280672110494,200.39361793255648,206.7206268310547,1791200
2010-08-13,206.2987991870789,208.5688463349846,205.07941504128453,205.44754028320312,548715
2010-08-16,213.96791198815887,213.96791198815887,204.5042444241446,207.7559356689453,714490
2010-08-17,207.0733827033418,209.16703208644734,203.0240987199533,204.0210723876953,1399565
2010-08-18,205.3785011523238,207.8019397084958,203.99807242990656,205.1484375,1904610
2010-08-19,207.21913308815667,209.89564203775362,203.64532896001307,205.53192138671875,4729715
2010-08-20,204.3048492396822,206.31414998926738,202.6176610351343,203.40757751464844,1641270
2010-08-23,203.70666334628956,205.83867255435945,202.6176640768292,204.09011840820312,1270295
2010-08-24,204.09012115258454,205.68530733796953,200.18655137832215,203.74502563476562,4477100
2010-08-25,203.9827632202687,205.86167898164672,202.4719493397212,203.01644897460938,3197365
2010-08-26,205.0717692869261,206.9123489648015,203.00112592590642,205.4015350341797,4231915
2010-08-27,205.40152060329348,206.37551140340221,202.61765661587197,203.66831970214844,1536960
2010-08-30,206.4522051183288,207.97067211434918,203.74501344297934,206.57489013671875,1934325
2010-08-31,206.4522044040011,210.88494376257347,205.8386622929816,209.2821044921875,2717085
2010-09-01,210.13334490662152,210.9002549245289,207.61788098405478,209.9109344482422,2158220
2010-09-02,210.59353409463301,213.201023951319,209.45082204418296,211.2607421875,1661365
2010-09-03,212.28071388634842,215.68579672408254,211.97395451625988,213.17800903320312,1085480
2010-09-06,215.50171422012212,220.37925068160465,214.88819556980206,219.38995361328125,2202365
2010-09-07,219.6430266913502,221.7443760767612,217.35764979335372,219.6046905517578,1458900
2010-09-08,219.33631462621207,220.83945204738586,212.85591415055916,215.4480743408203,1658765
2010-09-09,217.4957020178058,217.9558527437951,214.27467034011892,215.27166748046875,1126670
2010-09-13,218.10160698424107,223.15554248577752,216.6214524840597,222.2122344970703,1840970
2010-09-14,223.3242234803178,226.08508103037178,223.18616187942456,224.2291717529297,1470465
2010-09-15,224.7046914868121,227.7723323262225,223.20920721590264,225.3872528076172,1824565
2010-09-16,224.70470158220255,227.54227884783893,221.17690977753773,223.93011474609375,953990
2010-09-17,223.78435878925896,227.77230068825736,222.8640807078094,226.51455688476562,1162590
2010-09-20,226.20781723286004,229.45953226915987,224.75836918149082,225.78602600097656,1486575
2010-09-21,227.58827723945467,229.88900782730443,220.2872771952967,228.67727661132812,2435965
2010-09-22,229.30612185030589,231.453460786874,226.62961306789796,229.77392578125,1966895
2010-09-23,230.07306962663606,239.26066263258716,226.4149162451,228.9380340576172,3148590
2010-09-24,230.82458463366297,233.24034649895043,226.08506295593142,229.5208282470703,2073340
2010-09-27,231.86765719746944,231.86765719746944,227.78768878614022,228.99942016601562,1292540
2010-09-28,226.23850637327746,229.15275573774505,221.12320510080175,223.83807373046875,3783475
2010-09-29,224.7046874170036,225.8703824893395,222.47297593824382,223.8303985595703,2573170
2010-09-30,223.9837659341239,225.2721693081181,219.489683901892,221.130859375,6245315
2010-10-01,222.08950499572111,228.3858307021862,221.63703082089316,227.7032928466797,4196155
2010-10-04,228.23245595710566,233.2940674202899,228.23245595710566,229.7049102783203,1788675
2010-10-05,229.76629654388387,232.8339372897188,229.76629654388387,230.4641876220703,1732155
2010-10-06,230.85525734637437,234.64379490708353,230.85525734637437,233.547119140625,1958750
2010-10-07,234.0609908309634,241.42330966361587,234.0609908309634,238.20230102539062,3068830
2010-10-08,239.72841189183532,243.2792092001673,236.8448225883672,239.3372802734375,2463430
2010-10-11,241.5766782649299,242.44329041100292,238.2022785509659,240.48765563964844,1426685
2010-10-12,240.19628673613,241.93716448442132,237.7421647064951,240.86349487304688,2106830
2010-10-13,241.11648833790403,244.64427885808385,240.34957837283167,243.4325714111328,2173250
2010-10-14,243.43263351410928,252.25975354913095,240.34963968929446,241.56137084960938,1060500
2010-10-15,245.10449976001496,246.0247779392942,241.63805074576274,243.14886474609375,2319775
2010-10-18,243.14890790255237,248.47894399500774,243.14890790255237,247.6813507080078,2686900
2010-10-19,248.47885688940505,252.31340715004401,248.47885688940505,249.79794311523438,2089700
2010-10-20,249.79791933299214,249.9743170537129,241.4386052415029,243.0337677001953,896635
2010-10-21,246.00944023871793,250.0127122109026,244.030822323381,247.85769653320312,1892475
2010-10-22,249.55254784109957,250.0126985929775,245.4879335753635,246.8683624267578,721010
2010-10-25,250.02800017586512,253.03429779879357,248.55554602098175,251.33175659179688,1844360
2010-10-26,252.72755569940227,254.1846801785285,250.93298891089034,253.32574462890625,2095165
2010-10-27,252.77360635743932,254.61418615481853,251.91467067894513,253.27976989746094,1154240
2010-10-28,253.0803489895305,255.0743200563567,250.93300993555792,252.45147705078125,3024625
2010-10-29,253.23376990003936,256.7615382707587,253.21841671656676,254.5528564453125,1506765
2010-11-01,255.68787242068845,258.6021454104026,255.53450441338356,257.51312255859375,1581225
2010-11-02,256.3014319808753,260.5961109434978,255.8949704574755,256.75390625,1716270
2010-11-03,258.29533006537287,262.2832722210737,258.29533006537287,260.04388427734375,1420150
2010-11-04,261.5162610399981,266.64688985180163,261.5162610399981,265.9873352050781,2261700
2010-11-08,269.4921946584656,271.89262692884677,268.932365284538,269.96002197265625,1680275
2010-11-09,269.35418369324697,272.8666218807391,264.177540183167,269.5152282714844,3007365
2010-11-10,270.0290473195404,273.7715723027213,266.11780118042134,267.49822998046875,2141480
2010-11-11,266.7313142958161,268.26513444335785,265.19749414827436,266.31719970703125,755230
2010-11-12,263.9704655548012,270.10574634952764,263.9704655548012,267.3371887207031,1489700
2010-11-15,268.1117301126952,271.0106488622592,267.3601499167953,270.3204345703125,1376795
2010-11-16,270.41251514584076,270.97234455918476,266.332547657939,268.6792907714844,1330975
2010-11-18,273.0199884651722,273.0199884651722,268.41852798542214,271.1564025878906,2452980
2010-11-19,272.40653321138694,275.27477008913996,268.7560328911604,271.56292724609375,3250820
2010-11-22,271.48616775699446,273.27305794182394,266.89238387667723,270.3664855957031,2540735
2010-11-23,269.3541907878529,272.7132610764366,268.77900816047185,269.9830627441406,1724965
2010-11-24,270.1287606921792,278.15063401495155,270.1287606921792,273.21173095703125,2152400
2010-11-25,274.32384869940284,278.15840054924496,270.2592096960219,271.50927734375,2227405
2010-11-26,271.63953383970744,276.39436184054154,268.1117431266783,274.11663818359375,1554050
2010-11-29,276.8698892326951,276.8698892326951,274.5538290444942,275.6044921875,1349700
2010-11-30,275.7808928744122,276.5478030195556,271.5015211581375,274.04766845703125,1681790
2010-12-01,274.24705205600776,274.32374774562925,270.90331190326543,272.352783203125,939665
2010-12-02,273.7869422597774,275.78091346688745,270.71930145014403,274.2010803222656,1191860
2010-12-03,275.47412087394065,281.44068059357636,275.47412087394065,280.3746643066406,1894910
2010-12-06,281.4559880304807,283.7567181778688,276.8775341010088,279.063232421875,841245
2010-12-07,280.07558873670837,283.6033566100445,279.324008384053,280.7044372558594,1386525
2010-12-08,282.2229558080259,283.53436570709823,281.0495841290155,282.5834045410156,1729230
2010-12-09,284.21685866791626,284.37022662968474,274.95257250119903,278.0048828125,3456645
2010-12-10,278.08159843972595,281.1492387459463,272.5291535705851,277.3683776855469,3136335
2010-12-13,276.2410551091707,280.2289739869115,268.8787127293337,279.4774169921875,2142385
2010-12-14,279.46202836030994,282.0158520320704,279.3623263052714,280.48968505859375,1114430
2010-12-15,279.9222147641115,280.8731758947749,272.406504386936,274.7225646972656,2513420
2010-12-16,276.39444285341716,276.8392638942268,273.0277191061001,274.36981201171875,1815025
2010-12-20,272.71327910223084,273.0200385095954,260.28932416790616,261.3936767578125,2462705
2010-12-21,262.2832459000881,266.27118765558583,255.03593632273248,258.7094421386719,3144960
2010-12-22,250.61850102021927,262.43658577657453,247.88062697011986,257.1985778808594,7710910
2010-12-23,257.68950029518317,261.9995318160286,256.80753485375556,258.1496276855469,1172135
2010-12-24,258.4487060997733,259.9978560906316,256.3090203477188,258.2723083496094,615290
2010-12-27,257.0682782935966,265.8877445606517,257.0682782935966,259.8521423339844,1376685
2010-12-28,258.6020940386481,262.620695457083,257.7124755177276,259.1772766113281,1002655
2010-12-29,257.8352169991639,261.94584441157883,257.8352169991639,259.767822265625,953720
2010-12-30,259.21561004004775,259.9825201289236,257.15262002863255,258.4486999511719,1926540
2010-12-31,258.44869074573296,258.75545008950945,254.05428766746837,255.05128479003906,2695660
2011-01-03,256.301335574686,258.6020656125046,255.22764283364833,256.2246398925781,878270
2011-01-04,256.4547366488316,261.47033533209066,256.14797728502674,260.17425537109375,1581890
2011-01-05,260.135915808969,264.3692511440236,259.82913304495605,263.0885009765625,2299170
2011-01-06,264.1238142420786,265.0441156557697,262.2832348189335,263.2572021484375,1465580
2011-01-07,262.8967504000213,263.4872861051522,250.98663850334523,256.5544128417969,1045955
2011-01-10,256.1480219237355,257.6281530801087,249.24582971620967,253.74758911132812,1412935
2011-01-11,255.38106244423727,261.36295184249684,254.33039935543619,256.2860107421875,1148220
2011-01-12,256.93017341127006,257.98851292973666,248.78559315765878,256.055908203125,1198130
2011-01-13,256.155713883852,256.45479672724866,250.47290581686772,251.88401794433594,1335490
2011-01-14,252.1600376421552,260.4426809658473,251.5465189089511,253.30274963378906,1171530
2011-01-17,253.23373313475238,258.14195326355787,248.78564035846014,251.65390014648438,1145275
2011-01-18,253.84723127794015,258.14193231877704,249.42216863254822,256.4010314941406,856825
2011-01-19,257.71248247240055,259.0622283644985,252.9346240142095,254.28439331054688,632015
2011-01-20,250.85632206219552,257.37505852731766,250.85632206219552,255.57281494140625,1560040
2011-01-21,256.76150873049113,257.6664804942634,252.78891977248637,253.37945556640625,3008170
2011-01-24,252.62020756749854,253.33342841493408,248.95437785841287,250.94834899902344,4346405
2011-01-25,252.62016289958126,255.96390284953762,240.65636157558055,242.16717529296875,4642710
2011-01-27,242.49695799647432,243.87738667254888,237.20526012830342,238.51669311523438,5431815
2011-01-28,237.32028442251917,240.34956456802325,233.95353863519247,239.7820587158203,1477790
2011-01-31,244.03083493333182,250.3194845290249,243.76241168255862,249.1307830810547,2903865
2011-02-01,250.3194385447184,251.46980363307117,242.19018723951118,246.8453369140625,1736730
2011-02-02,248.4788643919778,250.3194438918115,241.69938213497687,247.46653747558594,1616395
2011-02-03,246.7992747546696,248.325417976877,243.34818018078582,245.46485900878906,980215
2011-02-04,246.48493107471606,247.86538346312298,241.11655972969754,242.48165893554688,1511395
2011-02-07,242.56602207256972,243.570672514026,237.89554198717417,240.06588745117188,846600
2011-02-08,242.95714979514202,242.95714979514202,232.71891701997617,235.38009643554688,954325
2011-02-09,234.06093462241844,237.58870179745537,229.16036862948638,232.90289306640625,1435550
2011-02-10,231.45349419952277,235.28804528569273,226.6986648952175,228.73097229003906,1419850
2011-02-11,227.77226055702297,232.6574733098142,227.05136331457103,229.6511993408203,723085
2011-02-14,229.91964960935582,254.43011442810314,229.3061308617228,236.3847198486328,1046140
2011-02-15,236.82184396926897,237.48907545654436,231.76790891038448,235.99359130859375,1145070
2011-02-16,233.21738916963034,239.70544270448983,230.37981215713316,231.79092407226562,1646025
2011-02-17,232.52718036522867,235.70217640067804,231.39982144299307,234.03799438476562,840775
2011-02-18,233.90759561841944,238.0489057452417,232.86460904904155,235.80186462402344,1772790
2011-02-21,235.8248504246653,236.82182417045635,230.61752441006888,235.78651428222656,904050
2011-02-22,234.90456898356524,239.1225747977962,232.22038346541828,237.857177734375,1035670
2011-02-23,237.12857645008827,244.6442849327223,237.12857645008827,242.04444885253906,1978175
2011-02-24,240.50301608704993,241.57668556426546,225.49457956053195,230.08836364746094,3673425
2011-02-25,233.14070603015853,237.56576955790104,231.04703271166304,234.27574157714844,1016590
2011-02-28,235.28799819782057,239.04587623360203,232.37374931725313,237.12860107421875,887315
2011-03-01,236.223665353582,243.8621076018175,234.68219180578183,242.68873596191406,1089600
2011-03-03,241.59201819984617,244.2915568079205,237.5810932406168,242.243896484375,1215530
2011-03-04,243.26391913730043,245.56464968372796,240.04288701060534,241.10122680664062,658415
2011-03-07,239.42938656478762,248.75499449816823,238.509084914033,247.65066528320312,1273410
2011-03-08,248.01869543089785,249.24575614198258,244.23783465474543,245.80233764648438,781380
2011-03-09,246.1780590221938,249.39908971688686,242.50455432970597,248.39443969726562,2767805
2011-03-10,246.79163545004857,247.5125327422851,243.17949580353527,243.9310760498047,1554855
2011-03-11,242.34363133695865,246.17818246570798,241.5920508901964,243.34828186035156,922615
2011-03-14,243.87740059172464,246.71497719300902,243.41724987202477,245.01243591308594,1300745
2011-03-15,242.3282734984169,245.38056086475711,233.2940730213368,236.2466583251953,2118405
2011-03-16,239.42166357256423,243.29455017674255,238.04888795424588,240.90179443359375,1790270
2011-03-17,236.9752302661465,236.9752302661465,232.3737694842796,234.16065979003906,1657985
2011-03-18,234.98122149756546,236.9751921968979,228.53918211869117,229.11436462402344,1293155
2011-03-21,231.45354745397606,233.6009105988571,229.46725234282843,231.6222686767578,730695
2011-03-22,232.52714891050496,236.05491660507093,231.9366131618299,235.21133422851562,769550
2011-03-23,234.67445230664165,239.8894307739841,234.67445230664165,238.79275512695312,446790
2011-03-24,239.4293453001349,240.65638275067536,236.10093483261448,236.53042602539062,948255
2011-03-25,238.96926461061827,240.64880011340145,236.2467188840184,237.4584503173828,1206890
2011-03-28,237.43537846924434,239.70542587734167,236.72215767275017,237.71913146972656,1721120
2011-03-29,237.89555404148274,246.79169366201407,237.74216263937342,245.1658477783203,1894405
2011-03-30,248.15680424511064,252.25977869481065,247.8653980145508,250.6876220703125,1666415
2011-03-31,250.93298344637728,257.3596701524337,248.1721025225442,251.40078735351562,3840790
2011-04-01,252.16002509625267,254.40708941924564,245.59527667978384,248.15675354003906,1544305
2011-04-04,250.1661311864356,251.51587730224156,248.18748964870488,249.88235473632812,1383760
2011-04-05,250.77963026325148,251.96067850024767,246.50028173277232,251.44683837890625,832685
2011-04-06,251.23977243617912,254.30741306811237,250.01271150255772,251.59254455566406,1277200
2011-04-07,251.85324497514492,252.00663634028405,248.93899627139254,249.82093811035156,555460
2011-04-08,249.24574098205963,252.25969155599552,248.04168670860682,250.00497436523438,1570820
2011-04-11,250.1661263974602,250.48053899603875,245.48796931342906,247.5816192626953,713180
2011-04-13,247.09845471017846,251.66923255884402,245.76401516119734,250.94065856933594,1423465
2011-04-15,252.3134502498918,254.5988510211472,250.94067446890082,253.73223876953125,1647550
2011-04-18,253.84726723303697,257.0682993209532,250.62623514512072,252.5895233154297,1403280
2011-04-19,252.31343154590252,252.98063961108718,248.47888091450582,249.27647399902344,886955
2011-04-20,250.02797128754932,257.9041513839,249.1383529448189,257.1602478027344,877160
2011-04-21,258.21864209566775,259.5530581909774,253.38709438450528,254.12332153320312,855115
2011-04-25,254.61420159772882,256.74621114481715,252.6662430202689,253.97767639160156,555665
2011-04-26,253.67088481263758,258.7555033112815,249.73665504718758,257.66650390625,774920
2011-04-27,256.30139428674323,259.23097341877065,254.6141825108183,255.58815002441406,563295
2011-04-28,255.96389287766218,259.0621924724677,253.38706306932204,257.5820617675781,1164600
2011-04-29,259.829116135174,259.829116135174,253.69383572202477,255.2123260498047,417730
2011-05-02,258.29532789834354,263.4566416081933,256.96858832402927,259.6374206542969,1907675
2011-05-03,259.44569101591617,260.1359288653498,255.68783601053806,258.15728759765625,1395680
2011-05-04,256.91489287679514,256.91489287679514,242.03684107462868,245.5416259765625,1433770
2011-05-05,245.4418884990953,248.27944152067005,241.19320044990758,242.3512420654297,801945
2011-05-06,243.26391536284405,246.94507481831508,239.12258172013787,246.3928985595703,608660
2011-05-09,249.09240423847524,249.09240423847524,243.37126114431862,244.95877075195312,463390
2011-05-10,245.3652639656248,247.71200742680242,242.66574834736798,244.39129638671875,478585
2011-05-11,245.21957785480072,245.96348181057698,242.54306829423524,245.24258422851562,1028995
2011-05-12,244.29920896838146,249.88231369676365,241.17022598171783,245.18882751464844,1284400
2011-05-13,248.01879782681573,257.4057962484867,245.89446462294967,253.33348083496094,3628115
2011-05-16,252.328784796158,256.91491620346636,245.65668011938922,248.24884033203125,2114860
2011-05-17,249.23808430338548,252.3364073919811,247.7119408260421,249.83627319335938,1183200
2011-05-18,250.01269252726078,251.23975336775155,240.9478095308808,243.68568420410156,1636210
2011-05-19,244.64432675410953,246.94505709975948,240.81745276853508,245.2885284423828,1565450
2011-05-20,245.4112934295037,247.7120243054053,241.5767419696677,245.54933166503906,683115
2011-05-23,245.41122240044712,245.54926059603025,238.52436154630888,240.1962432861328,608515
2011-05-24,241.6533688601038,243.83139066051012,238.21760330502218,239.0228729248047,627740
2011-05-25,237.79582779552254,240.19626022862195,235.1346487287392,236.8295135498047,1075995
2011-05-26,238.0872186988153,240.1962211973725,234.2143091589233,237.76510620117188,1817965
2011-05-27,237.58876373085943,241.09354886057255,237.58876373085943,239.19927978515625,778090
2011-05-30,240.5030615587564,244.7747573122862,239.27600046526527,242.25929260253906,1112670
2011-05-31,242.6503946766363,248.97740414155177,242.6503946766363,247.84239196777344,1583975
2011-06-01,247.56618363406187,248.47880828993453,245.41884526979263,247.01400756835938,847665
2011-06-02,245.25784431156214,250.16608774886487,245.25784431156214,246.46189880371094,783075
2011-06-03,248.46346444939113,248.46346444939113,240.80969563397272,241.6302947998047,1664020
2011-06-06,240.0428437905018,247.61991877048374,239.28361033623915,246.54624938964844,754520
2011-06-07,246.1934833410439,248.3254925821563,243.5092978660486,246.0401153564453,940160
2011-06-08,246.17810459223352,246.33149595055832,240.97845584262305,241.95242309570312,741160
2011-06-09,243.57064999509868,243.57064999509868,239.27594879737498,239.828125,555150
2011-06-10,240.80976058422766,241.67637270298272,237.5887289472021,239.59805297851562,1033770
2011-06-13,238.50138107486217,239.04590413473426,234.9736130932306,235.70216369628906,1284275
2011-06-14,236.9752381039299,242.32827941607604,236.9752381039299,238.4937286376953,2613885
2011-06-15,234.98127252179862,241.57670469593265,233.61617334889286,238.60108947753906,5881265
2011-06-16,236.99056495654017,239.05355512218648,235.51811058218996,237.67312622070312,1731000
2011-06-17,235.74818542851776,238.86951548842808,235.74818542851776,238.25599670410156,997975
2011-06-20,237.74217678838372,238.5857827417073,228.53925381593015,232.5425262451172,1294835
2011-06-21,233.1406934711929,236.0549427778863,230.07305276762457,231.79092407226562,3271370
2011-06-22,234.24507780509288,234.24507780509288,228.84602288048427,232.297119140625,673420
2011-06-23,230.69427550468438,230.85532010753866,227.9257406753225,229.2448272705078,491630
2011-06-24,230.6405573493547,231.45348025831834,227.54991029623125,230.02703857421875,1917755
2011-06-27,229.9195857814931,233.43204633868373,228.5391572804189,230.8092041015625,1222920
2011-06-28,232.78791130559978,237.43538489876633,231.60686313246552,236.69915771484375,5774335
2011-06-29,238.35566379621557,240.15790731850856,237.01357104194804,238.0489044189453,2713250
2011-06-30,238.69010998254575,238.69010998254575,233.48337738702028,236.68157958984375,3984185
2011-07-01,240.54408551851543,242.55261554839996,234.1477058434301,235.90902709960938,2702950
2011-07-04,236.40343598084885,242.228166362317,236.40343598084885,240.82992553710938,1072325
2011-07-05,241.02311827778655,243.3406482612268,240.25060828330646,241.6488494873047,1218975
2011-07-06,241.6410740687288,245.17918241921723,233.46793014697428,236.2180633544922,4336515
2011-07-07,235.61552150199591,243.32517885655116,235.46101009063057,241.84194946289062,2860695
2011-07-08,243.03160813809004,243.1706542556982,238.72098989119613,239.49349975585938,974145
2011-07-11,239.63261776076283,241.33212566058052,236.71253082662417,237.89447021484375,928915
2011-07-12,236.0481051439807,239.6325621224959,235.62323416145722,238.3733673095703,1370865
2011-07-13,243.35599773771466,250.74892124086867,243.35599773771466,246.55419921875,5539260
2011-07-14,245.6118076295542,247.82117470069133,244.1131364878901,245.92080688476562,1159140
2011-07-15,244.28303902894257,248.42368005663155,244.26759732067583,247.203125,1560965
2011-07-18,247.2031361626582,249.5206655641831,242.35950820051727,243.5028076171875,805790
2011-07-19,243.15521884668695,247.8057198654282,243.15521884668695,247.14137268066406,1319150
2011-07-20,250.29324440498078,250.43229054939565,240.48235780226253,242.0351104736328,3121505
2011-07-21,239.47806043088875,241.64107864343816,236.42663700502365,237.9098663330078,1606020
2011-07-22,239.69437368283926,243.7654924172635,239.09181689667037,242.54493713378906,1434195
2011-07-25,241.95777332264223,247.048609769822,239.47802361463584,245.3568115234375,1574155
2011-07-26,245.04013564594288,246.05212167084932,240.44369257470382,243.8504638671875,979160
2011-07-27,243.6495860202586,247.2031358125902,242.16638040745482,245.5267791748047,2230030
2011-07-28,243.80414430126012,250.10782830588968,241.26257997132973,247.79029846191406,5001755
2011-07-29,244.8856005919377,247.03317684024358,243.4101040811224,245.04782104492188,2764975
2011-08-01,244.88562548687742,249.16533670998732,243.4951171696853,247.28041076660156,1762650
2011-08-02,245.65812532778546,249.36616307249287,244.57661628350655,246.9636688232422,2733920
2011-08-03,244.73113770789257,245.34915980028998,241.95782987331873,243.3715362548828,1630445
2011-08-04,242.56806214272882,242.83071262940956,238.08751501090745,238.56646728515625,851945
2011-08-05,233.7614635696285,237.49267542482002,228.12212804438477,236.49615478515625,3373740
2011-08-08,232.21646449055802,242.55265000508248,231.59844246849948,238.90640258789062,3381550
2011-08-09,224.49907929229832,233.28253621118836,224.49907929229832,230.43968200683594,5483890
2011-08-10,233.14345384783564,233.91596366651652,227.73588511706953,229.6362762451172,1221740
2011-08-11,228.662915753629,233.78465983459083,228.43888129594217,229.15733337402344,1450545
2011-08-12,231.75296164692645,232.96580780424333,228.46979469026166,229.57447814941406,1011530
2011-08-16,231.13498314250756,234.3795107407179,230.6173911104007,232.15467834472656,1229375
2011-08-17,233.99321610292168,234.8352489645354,227.581394127265,232.34005737304688,863545
2011-08-18,234.68846126194262,234.68846126194262,224.14370750117578,225.98228454589844,959075
2011-08-19,222.49828960604452,228.94875189025797,215.46073583764075,218.17996215820312,4243135
2011-08-22,218.17998314731489,225.57290914974075,214.15521284194756,224.11285400390625,1290885
2011-08-23,224.80039832068857,225.4183968585273,220.24259427251224,223.28628540039062,1144450
2011-08-24,223.7188421841452,224.8003511861664,221.20045269898083,223.6570281982422,591615
2011-08-25,227.2724059177584,230.177026905004,223.61069321994108,224.96258544921875,3284205
2011-08-26,225.57285104679167,230.20790962994494,221.64077917776524,224.21322631835938,1511705
2011-08-29,224.33684003135716,231.25852120211053,223.5875045862722,226.63119506835938,1675285
2011-08-30,228.97190707856933,232.06194637402945,224.2055346673943,231.13494873046875,1786640
2011-09-02,238.0643436793025,240.5131864222643,231.29715062154307,232.9657745361328,2654480
2011-09-05,233.143484282902,233.143484282902,227.9058679715208,228.8406219482422,1268790
2011-09-06,227.74362512408442,229.24229610679973,226.05182668045353,227.84405517578125,1640060
2011-09-07,228.96422398731605,229.960744799064,226.0595791760115,227.60459899902344,1908495
2011-09-08,227.27237785640884,229.26544263814577,224.3368266616382,228.02171325683594,1507780
2011-09-09,227.8904159979641,229.4277031245526,225.59606069728446,226.7779998779297,1666415
2011-09-12,224.95487781675956,227.7358944174805,221.74894307820512,224.6226806640625,915350
2011-09-13,227.28786534622273,229.4354419405737,223.5643619435664,224.3446044921875,988435
2011-09-14,225.572895251986,228.19942424879787,223.4639346963156,226.4844512939453,2400615
2011-09-15,229.28090579792715,229.28090579792715,224.95486965372876,228.40798950195312,1750085
2011-09-16,229.4276216957802,237.12954345605502,226.49982724585095,235.9398956298828,2281075
2011-09-19,234.07049140479134,235.92451038406062,231.98470531865686,234.12457275390625,727705
2011-09-20,234.68849166773882,238.54333199269848,233.475669075544,237.49270629882812,1592225
2011-09-21,234.84301818206103,238.84461395226313,234.5571932806369,236.5116424560547,1242580
2011-09-22,235.1519691672286,235.87039759497497,230.28516704846805,232.36322021484375,1320890
2011-09-23,231.0653855705505,235.3064802312632,228.67833321458488,229.66714477539062,1967185
2011-09-26,230.80273604024563,231.4439323529293,227.43460475116237,229.4044952392578,1069310
2011-09-27,229.28086301494676,233.49878283118488,228.5160859777179,231.59068298339844,1091145
2011-09-28,233.29797919406911,233.29797919406911,227.6741083207405,230.08433532714844,1198760
2011-09-29,230.36243139918514,232.42501935961366,228.585644717123,230.23109436035156,1608050
2011-09-30,230.9109186567566,231.3049062184359,227.57367049638088,229.14959716796875,1033440
2011-10-03,227.95218790926896,227.95218790926896,223.72655823980207,225.60377502441406,1186890
2011-10-04,224.64584492554584,227.7358841876586,222.6064312716183,224.30593872070312,1217170
2011-10-05,224.35229035502337,231.134924968253,224.02782588930046,229.41995239257812,1152405
2011-10-07,231.13494067185667,235.61548806400623,230.9804292824192,232.2396240234375,1574180
2011-10-10,234.37950161180572,234.37950161180572,230.11525540233325,233.30572509765625,1720960
2011-10-11,234.6808204178014,235.61555092041527,230.62514290195818,232.95811462402344,694155
2011-10-12,234.07047849560684,237.16051781568083,233.29796866558831,236.43435668945312,1312610
2011-10-13,236.4575480819859,237.00602349978953,230.20794593576554,232.32461547851562,779050
2011-10-14,233.14342366622574,235.9244633684828,231.5906951627734,235.35281372070312,1187945
2011-10-17,235.61545782132796,236.40340922601328,231.90742070205872,233.14341735839844,1090110
2011-10-18,232.20099966589385,234.24043698003587,230.5169338558136,231.38214111328125,1488585
2011-10-19,233.60699798669276,235.15201784583112,231.28946819798523,234.5803680419922,1141050
2011-10-20,233.4524438063758,236.05579775721552,232.88077058985544,235.08242797851562,1001795
2011-10-21,235.66954534299796,240.2505223129937,233.60693402275393,236.41114807128906,1525315
2011-10-24,239.47801560235345,240.2427926887852,237.73213607359924,238.52011108398438,1486595
2011-10-25,240.21192199131235,245.62719943845204,238.90637859628615,244.04356384277344,4071205
2011-10-28,249.09580052597443,260.28946025741755,249.09580052597443,258.20367431640625,2474330
2011-10-31,255.2449341256513,258.7907508379684,254.46469178057734,258.12640380859375,1520000
2011-11-01,254.17113277086298,256.0792326710956,247.20310377038044,248.7481231689453,1289480
2011-11-02,247.66663837755283,255.19087603586084,246.9404773036363,253.1746368408203,977275
2011-11-03,252.60298948708535,254.77374028971212,250.4554130370616,253.42958068847656,1645080
2011-11-04,253.07424785767338,255.67760244765094,246.32249530318143,250.59449768066406,1613615
2011-11-08,247.98346674194147,252.12410942824573,247.3577354671465,250.772216796875,639780
2011-11-09,252.1471751620531,252.1471751620531,247.2031175265474,248.12240600585938,497470
2011-11-11,250.2932131651104,251.42880368636477,247.83663728652147,250.2005157470703,1092465
2011-11-14,251.0657105092292,255.3840379009723,251.0657105092292,254.16348266601562,3535070
2011-11-15,254.92052798005946,255.54625909739616,247.9911134073952,249.33529663085938,1070960
2011-11-16,249.98417518934136,251.68368259878704,247.86748231307618,249.46658325195312,1337345
2011-11-17,249.9687463212848,249.9687463212848,238.10300541896268,239.74072265625,1706440
2011-11-18,238.8600403947733,244.09765591341377,238.70552900420148,240.42050170898438,2683970
2011-11-21,240.59044800919182,242.25907196467153,232.62587405545761,236.4497833251953,2169695
2011-11-22,237.76308053033327,241.75696682520837,233.15892842846134,237.7862548828125,1778055
2011-11-23,237.16050504577885,240.9921469953198,231.75293652681972,236.8128662109375,1693950
2011-11-24,235.1519802032449,247.97564769633658,234.2249825812328,243.92770385742188,2584955
2011-11-25,240.09602450356266,241.79555540933404,236.851497649536,237.902099609375,1121250
2011-11-28,241.78014115242138,241.78014115242138,238.08754501529208,239.73297119140625,1412950
2011-11-29,240.8685830387894,247.77482359276485,239.78707386845215,246.41522216796875,2278500
2011-11-30,242.72259906370917,245.65812700032808,241.4788459729737,243.7268524169922,1899605
2011-12-01,246.89414032811558,246.89414032811558,237.33046509523754,238.8677520751953,3170305
2011-12-02,237.77854686451664,244.80068286962458,236.5966076154144,243.71144104003906,1287065
2011-12-05,242.568086248235,244.8624413828238,239.80251143413037,244.06675720214844,1579090
2011-12-07,242.72256731467266,247.85201967799375,237.94073018580514,240.21961975097656,2321385
2011-12-08,238.3965609638936,242.41359831749952,237.68584147953004,240.26602172851562,1604690
2011-12-09,237.3149701761109,247.20308411048083,237.3149701761109,242.94654846191406,2872270
2011-12-12,244.42210051639236,244.73109972707007,238.24202200232364,242.3749542236328,1844475
2011-12-13,242.10457059442518,249.83740136388943,241.85736179632084,247.1876983642578,3448835
2011-12-14,247.97564429956535,249.66744263733898,243.7191077832795,244.79290771484375,1710585
2011-12-15,243.18609275527157,245.90534253106858,242.76122176536822,244.90879821777344,2733950
2011-12-16,244.9011020720189,253.22875860118168,244.45305666271602,248.0220489501953,2787865
2011-12-19,248.02200503341865,248.02200503341865,241.71832196873834,245.6581268310547,1816525
2011-12-20,245.6581447309224,246.81690956455884,241.3552589906544,242.25137329101562,1648375
2011-12-21,242.57582423949557,245.0401325337684,239.7870514369086,241.81875610351562,1840825
2011-12-22,240.09605663084108,244.61524405647273,238.77507136262358,243.06251525878906,1131425
2011-12-23,242.87704894117584,247.6588859484705,242.87704894117584,245.59629821777344,1233255
2011-12-26,247.97569854158692,248.25379081267243,243.42560353577238,244.74661254882812,582865
2011-12-27,245.96712073729887,245.96712073729887,243.3869407804765,244.1362762451172,537955
2011-12-28,244.4144122610208,245.48818873520455,240.40508409761748,242.0736846923828,505470
2011-12-29,241.79560996310528,244.59982480274968,241.34756457329257,242.43678283691406,1960560
2011-12-30,243.61870096184035,245.48045257507005,241.79558898713725,243.79638671875,580245
2012-01-02,244.87790460437813,245.65814714406633,241.94237642704866,242.50631713867188,476065
2012-01-03,243.84274060014403,249.04174061569134,243.4333113039063,248.1378936767578,885880
2012-01-04,247.51209909537636,248.02969095892115,243.84267808070905,245.84347534179688,1252290
2012-01-05,247.48120953182698,247.48120953182698,242.61440758922896,244.3679962158203,1202550
2012-01-06,244.11315748028193,250.13872598803275,242.5835792090218,247.2881622314453,1908765
2012-01-09,247.97566895299752,249.65202574857204,245.77401110240746,247.2108917236328,1364655
2012-01-10,248.28466097971528,251.2897356111246,247.6666625300043,249.9996337890625,1759030
2012-01-11,250.88802155264028,255.85527792512366,249.42799015996982,255.04412841796875,1957955
2012-01-12,255.23724009726214,257.97966410639395,254.03212666273015,256.0870056152344,1157810
2012-01-13,255.39176100879993,257.5547791577637,252.82702264993597,256.5891418457031,1175035
2012-01-16,254.9282571365851,254.9282571365851,251.51375313763774,253.87765502929688,625585
2012-01-17,254.25617669906404,255.46902285019974,250.6099291780634,254.1711883544922,1316560
2012-01-18,254.15576171050418,258.79082119458633,253.3832517964905,256.8672790527344,1432150
2012-01-19,257.7092998241189,263.24818244318544,255.7007694277869,262.69970703125,1740685
2012-01-20,261.7263218799374,261.7263218799374,252.1626699545404,254.1789093017578,2139875
2012-01-23,253.37550224656718,256.156542466475,252.0159009197134,254.58834838867188,885210
2012-01-24,256.78227438063766,256.78227438063766,253.07423645912777,254.3102569580078,894730
2012-01-25,254.95921062913982,255.84759242675474,251.52926429432048,254.79696655273438,2354845
2012-01-27,255.7007388178247,257.55475758667467,237.12188791987376,254.2561492919922,4027390
2012-01-30,253.38325985263444,256.8286475776423,251.2588575215529,255.87074279785156,1000555
2012-01-31,256.51187536693055,263.4258476608067,254.92823967174846,261.0697021484375,2132565
2012-02-01,261.7263060374951,262.46793240606416,257.57022319238695,259.007080078125,1004510
2012-02-02,259.40878125389526,261.5022997847281,247.3576472412474,252.0854034423828,3259610
2012-02-03,255.39172461050472,259.87227166984854,252.6647661728956,258.1341247558594,7813175
2012-02-06,261.1083179434588,261.8808277598596,253.14374362237723,254.48019409179688,3614450
2012-02-07,259.0997417626617,259.0997417626617,251.83815549113245,252.3943634033203,2315555
2012-02-08,252.30174237469106,252.30174237469106,245.9671516561839,250.5558624267578,3808080
2012-02-09,248.77903233866587,254.15569329176662,248.77903233866587,253.15914916992188,2017690
2012-02-10,254.1557570022311,254.1557570022311,249.52069760401412,250.59449768066406,3346345
2012-02-13,250.4476709418514,253.08964109070692,249.52064980972125,251.32058715820312,1782070
2012-02-14,250.7567486989534,251.28978248067858,248.74821800007504,248.84864807128906,1599815
2012-02-15,249.0571203133454,251.06565023021207,248.74812115116396,250.33175659179688,2149015
2012-02-16,250.4476739784997,255.2063133607607,249.5360945433058,250.54808044433594,2143425
2012-02-17,251.23566283260695,253.52228546468407,249.36617855950394,252.60299682617188,1934265
2012-02-21,252.76517119070118,256.4732081434484,251.91540584628544,254.8277587890625,1920755
2012-02-22,254.92826266056056,257.2457923211111,253.39097552977057,254.44931030273438,1414250
2012-02-23,252.6107320006941,255.59260883607683,249.5206924655174,251.89230346679688,1556460
2012-02-24,252.61069871265374,255.07500680323082,250.60990120629972,251.7300262451172,797205
2012-02-27,249.21165561288868,254.15571340792624,249.21165561288868,251.84591674804688,1225400
2012-02-28,252.7652251853851,255.67757875028732,252.3635049866889,254.626953125,726110
2012-02-29,256.4733235930486,256.4733235930486,250.29324350646908,253.80044555664062,2492760
2012-03-01,251.99265437733345,260.9537473547225,251.90766605774144,257.6628723144531,1577545
2012-03-02,258.48178256437467,266.97939032391696,258.01053932955165,259.1229553222656,3187355
2012-03-05,260.33583752437465,261.880857331641,258.0183078134752,258.71356201171875,1089040
2012-03-06,258.17280587080916,264.04386197464805,256.697309202171,260.9924621582031,1189810
2012-03-07,258.4817731679523,263.56487706991203,258.01826259198316,261.5331726074219,1440875
2012-03-09,262.274845882007,264.19838800501907,262.274845882007,263.0010070800781,1478090
2012-03-12,263.116836122966,264.1983451013378,261.12374768591957,262.22845458984375,872540
2012-03-13,261.88083215719223,264.198361645309,261.5177515943821,261.98126220703125,935100
2012-03-14,263.4412230981232,265.6042641871839,258.76754930991456,259.4087219238281,1401985
2012-03-15,259.1461727931938,262.65337445310456,258.7908248287942,259.7101135253906,1246955
2012-03-16,262.18979143150614,264.0438100245296,257.89463932053707,259.5787048339844,860780
2012-03-19,260.49033311679403,260.49033311679403,255.51536775349237,258.7908020019531,658370
2012-03-20,259.10750243161306,260.2894414259741,255.93247504668108,258.9452819824219,867035
2012-03-21,259.3392387904169,260.1812715798721,256.72044302506566,258.9298095703125,786080
2012-03-22,259.5632992088286,259.7178106026949,255.183158161623,257.238037109375,1025875
2012-03-23,255.90929967217036,258.63625818158187,254.3179314528043,257.3847961425781,818945
2012-03-26,257.5547504440568,258.3272602075814,253.69220162643413,257.0294494628906,879595
2012-03-27,258.8293988257793,260.64480156916255,256.40373031504055,259.7178039550781,1326700
2012-03-28,260.3357918934604,265.58884888737254,260.0345017677897,262.4988098144531,2152525
2012-03-29,262.95462958165115,264.8163575062392,261.6490860966842,263.6575927734375,2525865
2012-03-30,264.5073559395298,274.8589827454476,262.9778015939205,272.6573486328125,2868225
2012-04-02,274.08642783466564,274.08642783466564,267.6746068551971,268.56298828125,1262710
2012-04-03,270.3783950931056,270.9886843573508,260.4671060117477,261.5794982910156,3071625
2012-04-04,262.70739004300276,265.84377766680825,261.9889616507551,264.5923156738281,1645500
2012-04-09,263.39496314501747,271.6144796173977,261.45597936949383,270.5097961425781,1960690
2012-04-10,270.3784046074556,271.22817002267567,262.6687490404605,264.9322204589844,1322010
2012-04-11,264.8163530740588,268.6789021187512,263.15546169986675,267.57421875,2024860
2012-04-12,267.2884259407792,267.5974251863781,260.8766031878592,261.59503173828125,2512485
2012-04-13,264.04385250877664,268.67891152467183,262.80785563130803,268.0609130859375,1237755
2012-04-16,267.0644021936518,272.5414947866785,265.3957779102478,271.8385314941406,1469765
2012-04-17,277.9181922767945,277.9181922767945,268.82573490967746,272.0162048339844,1005815
2012-04-18,271.93118647602347,275.2452365955311,270.6874334195915,273.02813720703125,829015
2012-04-19,274.55000320388365,280.11208370038526,273.66162156801846,279.10009765625,1138640
2012-04-20,276.89066632863313,280.5523786050582,273.51480246518287,277.0374450683594,837750
2012-04-23,278.1035442058651,280.2974693366958,273.6616125970214,274.73541259765625,599010
2012-04-24,275.3225175153278,277.4778266893798,271.31318933757905,272.4565124511719,950180
2012-04-25,275.1680451344903,276.72077405501733,269.6059642359592,275.2916259765625,1282365
2012-04-26,275.0135154067587,276.867534391104,271.9620919714911,274.1174011230469,1451740
2012-04-27,274.43410552998716,276.5430657639632,272.1088434957413,275.1679992675781,756310
2012-04-30,275.7396644659233,276.55852301117505,268.0918217568971,272.3792419433594,982720
2012-05-02,272.5800809339707,275.1293537811551,270.2393772406051,271.9002685546875,672465
2012-05-03,272.84273904814,273.4684701021941,268.71753953154604,270.0153503417969,1247850
2012-05-04,270.3784308919998,272.2710893382951,268.06090148435413,270.0153503417969,1094085
2012-05-07,268.83338147107577,269.7604025613711,263.8893239981271,265.0326232910156,818250
2012-05-08,265.73563638981153,267.3192956119673,261.8808200633041,264.12109375,670140
2012-05-09,264.17519118133043,266.5081624133228,259.447434728014,260.1813049316406,1123100
2012-05-10,262.49882184548244,265.12537403794767,259.71780541249524,262.2902526855469,1254795
2012-05-11,262.6533529909451,264.9708825761593,254.1016631634734,256.5196228027344,2944900
2012-05-14,260.1658970964008,261.8654283973686,255.2372798987266,258.3196105957031,1328370
2012-05-15,258.01828296021705,258.01828296021705,252.6029815133281,256.3728332519531,1218565
2012-05-16,254.77372198847812,259.31608337341845,252.03132163521894,257.00628662109375,2580805
2012-05-17,258.48176404522013,260.5443518515523,255.25267898597545,256.98309326171875,1383655
2012-05-18,253.12831676877187,257.5702484737658,253.12831676877187,256.5196228027344,1851710
2012-05-21,257.24581195658044,258.373669876434,254.92828211913377,255.37632751464844,1200350
2012-05-22,256.47326330177265,262.1048665578387,254.1943498755155,256.3728332519531,1281305
2012-05-23,254.92824551527067,259.9804664365186,254.63468800599,258.7598876953125,671110
2012-05-24,257.70929576235375,265.2953482971379,255.7007653976783,263.73486328125,1041250
2012-05-25,262.6687784980355,263.2327191493636,258.458614156351,261.44049072265625,1020510
2012-05-28,259.8877854878154,263.11687114415207,259.2465890821715,262.1898498535156,319710
2012-05-29,262.6379504043439,263.8739475071398,260.7993728875047,262.8001708984375,982225
2012-05-30,263.4258477260825,263.4258477260825,257.5702336834098,260.10406494140625,973935
2012-05-31,258.4818114150613,261.07743330435454,257.9487777100938,260.42852783203125,2011375
2012-06-01,260.7838519159098,260.7838519159098,252.37123232378033,254.92823791503906,1540595
2012-06-04,251.99269286876404,254.23296645530905,247.36534338029608,250.60989379882812,1622750
2012-06-05,250.1386874029571,250.81079079545734,246.585160847892,250.04598999023438,1498840
2012-06-06,248.90269199217994,253.2287284466252,247.40402094362906,249.5979461669922,3380665
2012-06-07,250.9111789146357,250.9111789146357,248.2846502541321,249.85284423828125,2848595
2012-06-08,246.7705725275451,251.68372433845445,246.7705725275451,250.48634338378906,2142670
2012-06-11,250.84935024365487,253.13597235021385,247.68205576473278,248.8408203125,1225980
2012-06-12,247.17221414420464,247.18767942735673,241.4865536741517,244.39117431640625,2150520
2012-06-13,244.11308612508833,245.6581056575256,241.79555682643243,242.390380859375,1092915
2012-06-14,243.95085070500434,244.1130711449199,238.4042130068312,240.27369689941406,1215590
2012-06-15,239.81022112431893,245.27187128626775,238.8600491204894,244.00494384765625,1663925
2012-06-18,245.33370039718855,245.5422931724956,237.31506689154278,238.41201782226562,1514670
2012-06-19,237.93298306434755,239.91060597263865,235.83175577739766,238.9758758544922,3275810
2012-06-20,238.6746154026438,247.80568667461634,238.6746154026438,245.9053192138672,2770535
2012-06-21,243.64959894223483,246.89414970190137,242.53718288607087,245.05557250976562,1670265
2012-06-22,242.5526381812154,245.64267741548727,242.5526381812154,244.73883056640625,1162600
2012-06-25,243.34061634091873,246.4152142026861,243.34061634091873,245.69676208496094,2060640
2012-06-26,245.69680451012587,248.59371710964066,245.69680451012587,247.34225463867188,1650535
2012-06-27,248.43915830426587,249.50522560847904,247.20313789974148,248.66319274902344,1204505
2012-06-28,249.64492420362498,252.72264117245334,249.33326238130292,251.12533569335938,1653275
2012-06-29,252.76153026470888,257.68586674007713,252.6212860445397,256.8365783691406,1394160
2012-07-02,254.943263631971,257.10934534115626,253.85241161494943,256.1899108886719,1338475
2012-07-03,257.4755716819129,261.02076963883235,257.4755716819129,260.0234375,2349610
2012-07-04,260.5532691573155,262.3297678010457,253.54857003048528,255.92501831054688,2611905
2012-07-05,254.0472101073982,255.20818428070865,251.77205740180295,253.77452087402344,1898745
2012-07-06,254.3589033340767,255.7068461074455,251.51492669940976,254.69393920898438,990230
2012-07-09,253.22910556724378,256.6574333177301,252.44993908857532,255.5977783203125,1006955
2012-07-10,257.0937549320495,260.0857512437236,255.7613869617721,258.3638000488281,1194650
2012-07-11,258.8780636094106,259.2910208936837,254.60822272845076,256.30682373046875,1465870
2012-07-12,254.94326200435637,258.5118337436836,254.94326200435637,257.0469970703125,578485
2012-07-13,259.44687559891577,259.44687559891577,255.41077496612974,256.5951232910156,809170
2012-07-16,257.6080471581087,264.13746680882156,254.07842355276793,261.0753479003906,1556940
2012-07-17,263.35829387305756,268.0021198526652,262.9375372781833,265.62567138671875,1921760
2012-07-18,266.630773117721,267.2229234603036,258.96375419784596,260.6233825683594,1329485
2012-07-19,262.73491712533854,264.52699031721,255.96395927062753,257.8339538574219,4390870
2012-07-20,255.5666200720512,255.5666200720512,248.9904527020815,251.07861328125,5668400
2012-07-23,249.6605222808374,254.62380872125226,247.85285042518893,253.91476440429688,1564605
2012-07-24,254.72513753008872,255.37183530044476,249.92546875617464,253.5641632080078,1737290
2012-07-25,254.63152804418164,254.63152804418164,248.24237888410727,251.77980041503906,1099260
2012-07-26,251.6707787989895,256.8912038457582,250.88381302713367,252.91744995117188,3225475
2012-07-27,254.04716286704132,255.09904212878538,251.04739163154647,252.66024780273438,1419115
2012-07-30,254.00826433632787,255.41075444405354,250.93054732769193,253.25247192382812,2561665
2012-07-31,255.5353910844317,255.5353910844317,249.53582441891396,251.66293334960938,1817965
2012-08-01,251.67079140691266,256.0029554496117,251.67079140691266,254.9355010986328,1014285
2012-08-02,255.09904652193865,257.12488369458003,252.29404303507127,256.6573791503906,860365
2012-08-03,256.3146632582182,261.48834140404927,256.26791515988793,260.779296875,1601360
2012-08-06,262.08043544750075,262.54794010836633,257.51453112018226,258.37939453125,690975
2012-08-07,259.6182310057036,260.9817720849809,254.125094105082,258.5741271972656,809720
2012-08-08,256.3457218907438,259.9298917549005,255.9717134931579,258.270263671875,754715
2012-08-09,259.9143213370123,259.9143213370123,256.3457496313319,257.02362060546875,873925
2012-08-10,257.0938003991368,257.84181744304703,255.24717939239548,256.291259765625,824020
2012-08-13,256.3457582166414,256.36913225866095,254.64718108782722,255.5899658203125,887320
2012-08-14,257.43658481208683,257.43658481208683,254.00825726114914,256.4470520019531,1291560
2012-08-16,256.696418971796,260.13252239270463,255.2549561572492,258.4651184082031,1013845
2012-08-17,259.4468864125171,261.79996083364006,256.0653064384757,260.0857849121094,1381120
2012-08-21,258.71444866578395,259.6026861019757,255.80034981643027,258.67547607421875,1209145
2012-08-22,258.18457443288975,264.2932601122244,258.18457443288975,261.1921691894531,1786020
2012-08-23,263.03103494380724,266.0464294827651,260.5532910078663,261.0285949707031,1181135
2012-08-24,261.48823618191636,262.18948115297155,259.1039890133664,261.3479919433594,702435
2012-08-27,261.72201889706605,264.6049444176495,259.47801560424256,260.41302490234375,852770
2012-08-28,260.631163439391,264.91657868278907,259.78187490818294,264.1763610839844,768735
2012-08-29,264.6049150722377,266.1632478774001,261.1843631513358,262.9920349121094,1096930
2012-08-30,263.0466587644059,265.3062372333514,259.77414941056855,264.24658203125,2152455
2012-08-31,262.5790475062621,265.36067695072427,259.929886797461,261.4258728027344,999395
2012-09-03,261.0286197289418,262.11944825279375,259.0339550629616,260.2728271484375,1075010
2012-09-04,260.70911777089776,262.8362271150602,259.8208565401191,261.9869384765625,948805
2012-09-05,261.6830353752632,263.35043907584725,257.77940417412407,261.2467041015625,891255
2012-09-06,260.2805799582375,261.4337550276669,259.46246458122886,260.8182067871094,570135
2012-09-07,262.73489791104663,265.22821591834105,261.99468038081903,264.93212890625,1397995
2012-09-10,270.3707820555247,272.7082816122007,266.6697410907877,267.51123046875,2918335
2012-09-11,268.0332196605093,270.2148758906243,266.91121823408747,268.9448547363281,855960
2012-09-12,270.37077597848906,278.27931121183025,269.74745228869574,275.7314453125,2348020
2012-09-13,276.60414534999825,280.03247366346943,273.3628094130669,277.1963195800781,2092620
2012-09-14,282.83741125016763,282.83741125016763,271.0797927929128,272.31866455078125,2336275
2012-09-17,273.6899862650108,274.11071898373314,258.9948961873582,260.3194885253906,4547310
2012-09-18,262.5791422588069,263.20246602288773,258.6833092876079,261.2779235839844,3312715
2012-09-20,260.86493628450233,262.14278076589113,258.37161773621443,259.4702453613281,3871520
2012-09-21,260.70905442372384,265.64896602010907,255.4107092011651,256.14312744140625,4114030
2012-09-24,256.71198816718305,260.8961084751738,256.71198816718305,259.5793151855469,2752645
2012-09-25,260.5922785651591,261.0208106833282,257.02368222565315,257.9041442871094,1438160
2012-09-26,257.1249872064136,257.7093621773373,252.1383255435207,253.00318908691406,2611980
2012-09-27,252.17721666378137,255.47309930585124,251.87335411313163,252.88626098632812,3394290
2012-09-28,254.00045798776878,257.42880931697897,253.07324802986045,256.4470520019531,3886335
2012-10-01,257.12500955730565,258.215838175529,255.25501424345404,256.5718078613281,1163095
2012-10-03,257.4755291613897,264.7607154912576,256.65739022917563,262.290771484375,3086630
2012-10-04,264.29332015308756,269.1085640328758,263.8413902093859,268.0644836425781,3195915
2012-10-05,269.5760303340478,270.066885248203,238.0431615836554,264.495849609375,2374225
2012-10-08,264.13743668134015,267.09825979359726,261.1766135690831,265.2204895019531,1222865
2012-10-09,266.4749308731306,270.3551884267248,264.30884905283665,266.16326904296875,1252410
2012-10-10,265.5555102656159,265.96846752531826,263.04659339206427,263.6231689453125,876805
2012-10-11,263.65434060623755,269.5915850032302,262.1427558285241,265.2983703613281,1770665
2012-10-12,266.61516096463856,267.7215877479428,261.1921693174723,262.41546630859375,817125
2012-10-15,264.0984994947919,265.6802065674593,262.6258633694076,265.1036071777344,1152190
2012-10-16,267.7216156218435,267.7216156218435,262.4154936300463,263.5530700683594,825765
2012-10-17,266.45931645004464,266.45931645004464,261.85444047650157,263.5140686035156,747500
2012-10-18,264.293286375471,266.2412026259439,262.5791105637451,264.2387390136719,822415
2012-10-19,264.60497587366814,267.25413749551933,263.51414741505613,265.610107421875,1276245
2012-10-22,265.6490009751276,269.8954674728479,265.6490009751276,269.39678955078125,1218385
2012-10-23,269.2642813206614,272.83287631473297,268.89807220604297,269.7785339355469,1075685
2012-10-25,269.4357842496502,270.71362880887915,262.6180769176421,264.0595397949219,2070140
2012-10-29,262.1661501872433,265.6568246272264,261.96355929052834,264.5581970214844,545370
2012-10-30,265.72694076592654,270.9940899572744,265.00229787412286,268.7033386230469,3263090
2012-10-31,270.52656734555194,277.6948835281148,270.52656734555194,273.72113037109375,3415465
2012-11-01,275.35745794736266,276.0820771424264,274.07963715181467,275.0613708496094,2669325
2012-11-02,275.2016480868098,277.772888313039,275.2016480868098,276.5495910644531,2568295
2012-11-05,274.26662222128283,282.510193756288,273.81471609029137,280.1259460449219,2840390
2012-11-06,278.16244118087394,280.8427758496967,277.15730973549677,278.4195556640625,986640
2012-11-07,278.4741089699065,282.0582797108374,276.2145308218007,279.5805358886719,1252530
2012-11-08,278.4740979731433,280.8973181148088,275.66131836586715,276.9079895019531,943325
2012-11-09,277.5391140834257,278.94160425833104,274.68736186806217,275.6457214355469,681385
2012-11-12,275.5132657156531,278.14685216170625,272.7861830986848,276.88458251953125,883830
2012-11-15,273.1445903264928,274.6172263387413,266.7865892057945,268.2903747558594,1010725
2012-11-16,266.638630725897,278.1547136429542,266.638630725897,273.7835998535156,2151125
2012-11-19,272.9108424008767,276.57291036860056,268.8279941231914,270.8382568359375,1417720
2012-11-20,271.92912301526906,275.0068403658639,268.11898721331653,270.9084167480469,1132845
2012-11-21,271.60186088683344,271.60186088683344,268.8981520534889,270.5422058105469,857490
2012-11-22,271.76543591879005,272.7082205375902,268.9682315958112,269.61492919921875,420795
2012-11-23,268.0332912979819,272.6771172451111,267.37879425401945,271.6174621582031,610515
2012-11-26,270.8382820780994,276.5885346934393,270.8382820780994,274.2276611328125,1362790
2012-11-27,275.0846847128275,279.72073424859036,275.0846847128275,278.5597839355469,836795
2012-11-29,280.65578067140046,284.6918574038408,279.15977054036625,281.8323059082031,3564640
2012-11-30,280.9674669525385,285.17496163077993,278.2403839861239,283.52313232421875,3776555
2012-12-03,283.96723866281275,288.1357603891589,283.96723866281275,285.3307800292969,1703045
2012-12-04,285.4943493977922,287.59030881268836,283.65550441977655,285.4476013183594,1091915
2012-12-05,287.20076851945726,287.239717332044,284.0295552475096,285.56451416015625,2340580
2012-12-06,287.18519765883224,288.2916246265974,282.72058852798193,287.7539978027344,597900
2012-12-07,288.1357875210814,288.2682563001686,285.19053884327127,286.6398010253906,1520500
2012-12-10,287.6682371767343,296.87019022769226,285.6735731450212,293.5509338378906,1482200
2012-12-11,295.30407136817774,298.49865842623194,290.5901240674088,293.153564453125,2770415
2012-12-12,292.9510394578314,293.7302059850341,289.7097038512754,291.9770812988281,1329255
2012-12-13,292.6549402830613,295.74043294540144,287.8396970506582,288.5954895019531,1530735
2012-12-14,289.26556412284873,290.4265146028057,284.39577348104996,285.1827392578125,1334575
2012-12-17,285.47106339314684,288.52538315659353,285.35419315852374,287.40338134765625,1343460
2012-12-18,287.707224007992,289.8888806502975,284.53601071363,286.5774230957031,2372140
2012-12-19,285.1749555392927,289.88112813015346,285.0502860386693,288.72015380859375,2269810
2012-12-20,287.0839139070367,289.8811188614348,286.4371923793734,287.6371154785156,1444610
2012-12-21,287.8241435969734,287.9643878812626,282.36997727735127,283.7724914550781,1231405
2012-12-24,283.9672438335081,286.7332754302893,282.2141191875349,283.9828186035156,1103925
2012-12-26,283.928287180219,286.4216296613286,282.36995407409455,283.4374084472656,1089730
2012-12-27,285.9229028997112,288.97724572934595,284.25549912517863,285.01129150390625,2309020
2012-12-28,284.81648489378915,286.42156573258427,283.3983963769442,284.63726806640625,938740
2012-12-31,284.86324281277007,285.4553931121542,282.99324819387,285.1359558105469,565450
2013-01-01,285.4242861356962,286.73328018628234,283.788031683326,286.07098388671875,931830
2013-01-02,287.08386115107805,288.7200915203559,285.8449656866225,286.37481689453125,962245
2013-01-03,288.13576049415644,294.7586757052069,286.9046878938372,293.32501220703125,2923970
2013-01-04,292.9665467187808,295.3040457617498,292.1873803711245,294.423583984375,2016035
2013-01-07,295.30411496636174,297.1741098833168,291.67319608198386,294.15093994140625,2513980
2013-01-08,294.36908112356946,299.47263573902075,293.4262963583304,297.3533020019531,1850785
2013-01-09,296.9013679359941,300.290746768268,295.47550378689095,297.7818298339844,3035875
2013-01-10,298.4363254911781,299.64404775714877,295.085919263307,297.6493835449219,2314110
2013-01-11,298.42071810799854,298.42071810799854,293.1067977863401,296.0598449707031,2931185
2013-01-14,296.0988136372154,299.02848697822975,296.08323886903185,298.1168518066406,2259425
2013-01-15,298.576626615287,298.576626615287,295.6313780553193,296.4494934082031,2401685
2013-01-16,296.86238816527117,304.5138076562634,296.86238816527117,300.7426452636719,1724570
2013-01-17,301.5374291747408,303.5632667879003,299.98689548131375,302.0828552246094,1265955
2013-01-18,301.52964517090936,301.52964517090936,293.29387309308163,294.70416259765625,1787505
2013-01-21,294.6808035778096,300.43103283782466,294.60288216587026,299.63629150390625,970620
2013-01-22,299.50384245442393,299.50384245442393,296.43392433607676,298.0234069824219,2296625
2013-01-23,299.8076885992217,301.1322811767918,297.7584768745422,299.558349609375,1552885
2013-01-24,299.66740506160284,302.87756685578063,296.5741134728884,301.5685729980469,5145985
2013-01-25,301.6932764014671,306.9915990566167,301.5997564483085,303.119140625,2161010
2013-01-28,303.2515495699246,305.02804787710227,301.5763229133776,302.43341064453125,1607990
2013-01-29,302.4335040555205,303.87496698791347,298.7324627909241,301.9815979003906,499485
2013-01-30,303.09569756160187,303.09569756160187,300.1504498320569,301.178955078125,1213375
2013-01-31,301.84905726564193,302.6282236621863,297.43119711306724,298.56097412109375,2648160
2013-02-01,299.51159834043676,305.277425694332,299.51159834043676,303.14251708984375,2548875
2013-02-04,305.5890798187116,305.5890798187116,297.01824918795836,298.0077819824219,770890
2013-02-05,298.0077608852462,298.0077608852462,295.31185191743435,296.0598449707031,1186755
2013-02-06,297.3299415231698,299.12201496407505,294.22885028915783,295.9664001464844,1017115
2013-02-07,295.31966756575093,298.18701825331044,293.43409801992846,295.33526611328125,1944255
2013-02-08,293.60548793643034,296.0832313764269,287.8864094258677,289.133056640625,1021335
2013-02-11,292.00044474401636,297.6260278173441,291.6030622205197,295.904052734375,5299235
2013-02-12,299.3713125097718,299.38688727745625,296.5819072848968,298.42852783203125,2341835
2013-02-13,299.19991119596403,299.19991119596403,291.8835269539294,296.8935852050781,3898050
2013-02-14,297.01825750418425,297.3299193256471,288.6733677815096,292.08612060546875,5232035
2013-02-15,291.40827306731023,292.77961372608667,282.36993684753554,283.4451904296875,2664830
2013-02-18,283.7646477945557,285.27623269753445,279.3000152167958,280.8427734375,2177665
2013-02-19,280.9674909256788,284.9879935811724,278.62999104073685,284.1620788574219,1491750
2013-02-20,284.85551322470513,286.25022809066957,282.4167179725907,284.5204772949219,1852895
2013-02-21,284.2087706517434,285.47101653503944,280.49993062663253,283.8035888671875,1102560
2013-02-22,282.83745222071593,284.3879860164039,278.9571943160211,283.0244445800781,1197305
2013-02-25,281.27912138261786,282.6816116455145,279.1831614844576,281.1778259277344,1625970
2013-02-26,280.9830527022887,281.7933926161741,273.954978600133,275.6925048828125,926050
2013-02-27,273.09785155980126,275.6613159399198,270.12922916978687,273.6199035644531,1737905
2013-02-28,275.5132408871668,277.3676607041138,268.82797992990845,273.5575256347656,2259265
2013-03-01,273.0199701764274,276.1366365569306,268.0956315884457,271.4382629394531,1182410
2013-03-04,271.32138086750035,276.13662450849176,270.97854567834145,275.0613708496094,1594715
2013-03-05,275.04574863753675,281.20115865309066,272.91084023732935,279.55712890625,1132585
2013-03-06,280.48436515786847,282.82186465726585,277.3832739284891,282.027099609375,1279940
2013-03-07,280.8116021154319,284.2399299630866,279.49480882689875,281.8556823730469,688320
2013-03-08,283.1491081888258,285.08144971571454,277.7027418312202,283.491943359375,1402590
2013-03-11,283.46074473058616,283.46074473058616,280.65576453585754,282.54913330078125,899540
2013-03-12,282.0582829241455,284.9412085868903,281.88686533698325,283.1724853515625,699490
2013-03-13,282.99323977238356,284.0684694070068,280.4843230683874,281.73876953125,775340
2013-03-14,281.7465882942509,284.0762883311672,280.66353553355987,283.1490783691406,833640
2013-03-15,283.9282150673519,285.7982095640997,281.43489699777825,284.0295104980469,919610
2013-03-18,279.09741666810334,284.04510433293893,278.26370290532213,280.9518127441406,1550320
2013-03-19,280.33630404494915,282.0582552436305,277.6949183626601,280.1648864746094,1788505
2013-03-20,277.8507776302751,281.2791054619683,277.51574174329744,280.49993896484375,1241830
2013-03-21,280.4999320683642,281.5362130216207,272.7082672886874,276.1755676269531,1491165
2013-03-22,274.30557448156645,279.5883227406945,272.40440619685126,273.0355529785156,1039265
2013-03-25,279.56491633939044,279.8766019460121,270.91618765592557,275.1860046386719,1119545
2013-03-26,273.6432440647218,278.08447819455426,273.20691279115795,274.7574462890625,1066275
2013-03-28,273.57313398831116,278.6143421131204,269.7785969990463,275.2795104980469,2099870
2013-04-01,277.2273955886152,286.4683214566472,275.5521925843908,284.5359802246094,1897180
2013-04-02,284.3958146609809,287.36443756380993,283.0322730838392,286.63201904296875,2368375
2013-04-03,287.4968820830571,287.4968820830571,285.3308000259123,286.39825439453125,972495
2013-04-04,285.91516080808293,296.8234919653382,285.3697347389102,294.4859924316406,2396890
2013-04-05,291.87581092788383,300.75830534564903,291.87581092788383,297.8831787109375,3071470
2013-04-08,296.23913137023703,303.7191112162266,292.96662235390954,301.8023681640625,2250480
2013-04-09,301.5374052525905,301.6854487750021,296.5585204034538,298.65447998046875,2851060
2013-04-10,298.8727141193488,298.8883126694545,294.5950970921965,296.03656005859375,1288775
2013-04-11,296.8779703008367,299.1219733156895,291.9770308125211,293.76910400390625,2702700
2013-04-12,291.4083023583717,299.35581102491085,291.4005030834846,296.67547607421875,1199495
2013-04-15,296.7065906387373,296.7065906387373,287.5513843578469,288.7045593261719,635485
2013-04-16,288.81363549139184,301.7633779516891,288.77466290233184,299.7764892578125,913030
2013-04-17,298.7324503995068,301.53745473408367,290.52002830774643,297.3143615722656,1108255
2013-04-18,299.04411375754626,299.04411375754626,295.45996663364105,297.03387451171875,922085
2013-04-22,296.86244593780987,296.86244593780987,289.7097029471968,293.9561462402344,1048405
2013-04-23,294.8366353415385,298.7870156923335,293.75360613717544,296.3170471191406,1166755
2013-04-25,298.85708447695805,311.66658293797053,297.6415867057618,310.4978332519531,5423765
2013-04-26,310.10825389440754,313.22491976269305,307.5214155169449,310.24072265625,2446665
2013-04-29,310.41991775978147,314.61183718461916,308.5499229822107,311.2536315917969,779320
2013-04-30,311.6666461029376,317.68961259905694,309.321346981964,316.0611572265625,2307995
2013-05-02,315.26630866395703,317.260972769108,312.5781988193679,313.17034912109375,1293750
2013-05-03,312.44574913375715,314.7832485038351,311.3626963453832,311.8925476074219,560115
2013-05-06,312.17298233331036,314.004027946718,309.64069178535294,310.5679016113281,2157020
2013-05-07,310.466711292191,312.3678796648599,307.52926182227515,310.4043884277344,1105735
2013-05-08,310.9263757080902,312.13409802439696,306.99159447799406,311.4718017578125,1334380
2013-05-09,311.5107659986934,314.4716130493954,308.73693508250716,309.63299560546875,948175
2013-05-10,309.17326818287245,316.18576692089573,309.17326818287245,315.1339111328125,2169595
2013-05-13,328.6524064465357,335.3532428220042,319.8088860639351,323.7124938964844,3436425
2013-05-14,326.31492549455345,330.3666008655351,314.4560102387681,316.01434326171875,5505595
2013-05-15,316.9649090895188,323.1904653266421,316.9649090895188,321.8424987792969,3757275
2013-05-16,324.95134408464753,334.2000694107134,324.5461861087509,330.20294189453125,2730160
2013-05-17,331.4262166494883,331.4262166494883,322.88655935317485,323.8683166503906,1243095
2013-05-20,324.6007931413645,327.7330341474609,317.4791993805874,318.64794921875,2134130
2013-05-21,320.25301257424553,322.06848387081817,313.80931405257525,314.9157409667969,2709060
2013-05-22,315.7182825674464,323.10476593911386,315.7182825674464,320.35430908203125,1476315
2013-05-23,321.13344226084297,323.2060278367005,316.80907804670846,319.6842041015625,1999550
2013-05-24,322.2632501429931,322.7385302663811,319.9958729083693,321.9671630859375,1713140
2013-05-27,321.9515668717888,327.62389732817076,321.43731419298985,325.839599609375,1731430
2013-05-28,325.6915817991049,332.2989219709015,325.06825813950684,329.8757019042969,3250215
2013-05-29,328.65242757489125,333.87285275352593,324.9202370763709,330.7951354980469,1427185
2013-05-30,330.79515207735847,332.2366149626546,325.3254114104682,328.44207763671875,2155705
2013-05-31,327.2499365615106,331.86261279643765,324.959185103318,326.0032653808594,1751470
2013-06-03,326.1746226884082,331.76903152994686,324.2500807993443,329.09649658203125,1361625
2013-06-04,331.69120719004474,337.39468821888005,330.4757092840408,336.1480407714844,1811620
2013-06-05,337.37907340066084,338.6257444783502,335.3532358716997,336.7012023925781,1239695
2013-06-06,334.57414939633213,336.56103858898075,330.5380719207546,333.1482849121094,1813840
2013-06-07,332.9144128026845,342.6773666568915,332.2365418521685,341.3216247558594,2294925
2013-06-10,342.36576890169385,343.9474760081969,338.3530660234496,339.9503479003906,1546205
2013-06-11,338.98418667106097,343.5890636900136,335.50911062535783,340.3321533203125,1817515
2013-06-12,340.18408095258826,342.0385009306088,337.3790769429048,339.47503662109375,1593990
2013-06-13,339.47507429961746,342.67743738982784,334.737728384513,336.451904296875,1280260
2013-06-14,337.84658818185505,340.45680062772607,335.70388037645364,339.06988525390625,1105985
2013-06-17,341.4696975540228,343.5968305279432,332.9378153941875,334.4883728027344,1173095
2013-06-18,334.5740545512295,335.0415591568702,330.3665606570069,332.07293701171875,949025
2013-06-19,333.0157615404802,333.9507708635715,323.8839290942844,327.20318603515625,1168765
2013-06-20,320.2374661677764,326.4863736140822,319.80893405769484,323.76708984375,1467745
2013-06-21,323.66574529036114,331.9249145873923,316.9960822422285,330.5847473144531,1721650
2013-06-24,328.9796289241297,332.937783660172,324.1565871441909,327.72515869140625,953705
2013-06-25,329.7432938925862,331.44967054152835,324.912451765104,327.1954040527344,1213185
2013-06-26,328.34073641005034,330.3665739303723,324.3202346852408,326.60321044921875,1723270
2013-06-27,328.0291013387807,339.58413024178896,328.0291013387807,336.4830627441406,3060435
2013-06-28,337.53491951859536,348.1159895683872,337.53491951859536,345.77069091796875,2102635
2013-07-01,345.6227146218794,356.07914099719335,345.48247033877664,352.7754821777344,2005620
2013-07-02,352.6507508749915,356.63228014341263,349.1600765114223,352.71307373046875,1364450
2013-07-03,350.0016181769577,352.18327497077615,335.7896043628919,344.5240783691406,1818465
2013-07-04,350.46911675757207,350.46911675757207,343.24625115031614,346.38629150390625,1370010
2013-07-05,350.6249400665611,350.6249400665611,346.144732499044,348.88739013671875,1121880
2013-07-08,345.3265839537079,353.4532844099056,344.1889838038252,350.43011474609375,1176015
2013-07-09,352.18324388284015,357.0140855005071,347.99132447634804,355.95440673828125,837675
2013-07-10,357.5127476650281,357.94907899502647,350.017169872509,352.4169921875,1145245
2013-07-11,352.3390458173024,359.3749172629941,352.3390458173024,357.76983642578125,1264805
2013-07-12,360.8913274846625,369.9812529859213,353.55820533004925,368.53033447265625,1988900
2013-07-15,367.0479916914296,377.21239091349054,365.16569908507006,368.2479553222656,1582590
2013-07-16,362.6559932285699,369.4871581157841,355.3071936381201,357.38555908203125,3928525
2013-07-17,360.53838982948946,365.9499900540103,359.9893768486711,362.52264404296875,2587920
2013-07-18,365.79316847184407,368.2009466044634,362.70306127696995,366.9696044921875,3020820
2013-07-19,367.0480167639205,370.9694699344752,364.1304546476418,368.0048522949219,1148870
2013-07-22,367.98922794653646,371.00090154187814,361.98155795431256,363.82464599609375,3036970
2013-07-23,364.06772600213344,372.5066770440379,364.06772600213344,370.3812561035156,2090225
2013-07-24,371.7537694971975,375.51052842651916,365.51864923240294,368.0205383300781,1488270
2013-07-25,371.4400513884618,374.24780134461724,361.79326216872107,363.58929443359375,1846790
2013-07-26,367.048013328272,367.048013328272,354.1856518361772,359.90313720703125,735210
2013-07-29,358.1070910862274,359.85604379794097,345.8878301914898,347.8642578125,1300205
2013-07-30,349.0092825436374,354.49931620162727,336.5547452156827,341.5193176269531,5077360
2013-07-31,337.25286784799,359.8874870541113,335.0176344581468,357.8247985839844,3026390
2013-08-01,360.7736620222943,365.3225377521942,350.7504295000174,357.39337158203125,3109390
2013-08-02,356.85225256455624,356.85225256455624,347.1662580651594,351.1582946777344,2149020
2013-08-05,352.11515845322765,355.126831975837,345.31537124657206,346.6486511230469,1231640
2013-08-06,345.0878751286605,350.1073303436019,343.2683151336661,344.8055419921875,926055
2013-08-07,345.87221598917273,354.81312562917293,341.25273204662454,353.66021728515625,1336665
2013-08-08,352.773931350199,352.773931350199,345.4251316527125,348.85247802734375,1099225
2013-08-12,350.57790482066906,350.5857553859052,338.4292508563295,342.131103515625,2768370
2013-08-13,342.0134588814681,352.30337239763475,339.0880700515313,351.08770751953125,1819490
2013-08-14,348.225046400562,351.64454212433145,345.08788382037676,346.8290100097656,1645100
2013-08-16,343.83305956371635,347.4800067595193,337.260699257761,339.7782897949219,2282710
2013-08-19,337.24500501107724,343.18991805653684,334.4215536705656,335.8489685058594,1062925
2013-08-20,327.07271967168344,339.56646363271483,327.07271967168344,335.4803161621094,1614820
2013-08-21,334.8999197969149,335.0332357887565,317.95138834361813,321.02581787109375,2208055
2013-08-22,321.0258461290789,332.53922682287555,321.0258461290789,330.7431945800781,1242490
2013-08-23,329.87265205412604,334.4137016176378,323.4728374803504,332.5000305175781,1371055
2013-08-26,333.009791538469,343.2055692769759,332.5392123943773,337.3782958984375,1437490
2013-08-27,335.67636906354284,344.9309883563883,332.5705850608249,339.98211669921875,1415580
2013-08-28,333.32351057829396,343.70751063698617,333.32351057829396,340.6644592285156,1771015
2013-08-29,344.6173170278848,356.78167302868434,339.28415002381945,354.2562561035156,2295900
2013-08-30,350.73476621350295,371.28316559144,346.9152508829163,359.65997314453125,1673285
2013-09-02,356.3189591058348,362.4991736953915,355.37780068527127,358.1385192871094,955590
2013-09-03,358.51495212631374,360.27960615786054,344.17811944073276,346.1231689453125,1371925
2013-09-04,346.1858543306354,360.61679609504955,346.12312161600545,356.8443603515625,1265220
2013-09-05,358.7345328473583,366.1852939044762,357.6365307416606,359.8482360839844,1188600
2013-09-06,356.2248076962005,367.8322992500609,355.0248440099775,358.36590576171875,1598985
2013-09-10,359.2207337346584,361.84811175174434,354.06796323181754,355.5032043457031,1847895
2013-09-11,355.44051814002154,358.2404174597959,352.1464879660337,352.9386291503906,1217190
2013-09-12,355.59733420574577,358.96979796589187,346.65642663158917,352.4131164550781,1271080
2013-09-13,352.7817789276829,356.5228367495235,350.10734491199133,352.82098388671875,641175
2013-09-16,355.2836633635515,360.1933304766263,346.4211886195132,348.8603210449219,875565
2013-09-17,350.1073525652968,364.83633048576655,350.1073525652968,361.47174072265625,1486595
2013-09-18,363.91083931930154,371.26748899542963,363.8951621237358,369.1577453613281,1712835
2013-09-19,373.79294095728517,376.45952446867454,366.57745716444146,372.96942138671875,1407050
2013-09-20,370.2871256991788,377.2437795083862,367.8322922857237,371.16552734375,1248250
2013-09-23,366.2637097708911,375.9889084125673,363.7539702799716,373.1497802734375,1419030
2013-09-24,372.8518022444726,379.51827334200505,372.22437924444847,375.6595764160156,2010850
2013-09-25,373.32236856404313,383.5181475374309,371.5969194716089,381.02410888671875,2041415
2013-09-26,381.1731296965485,388.1297843564842,379.1261185292728,385.4082946777344,1602145
2013-09-27,384.31805032159536,384.7729522482915,377.25943530497847,378.3731384277344,1085270
2013-09-30,376.14583298866336,379.69081841612444,371.29107153142087,373.5027770996094,924155
2013-10-01,372.21641547273936,381.00830503865114,372.21641547273936,377.6593933105469,1478310
2013-10-03,377.2437894422182,384.28672784911043,376.3183322519359,381.12603759765625,1273385
2013-10-04,380.38101969269724,381.1653104549502,370.3499341417783,372.0204772949219,1454535
2013-10-07,372.3812074655816,376.14581711236565,371.4400730048748,374.2086181640625,765655
2013-10-08,375.04777551444164,379.5574464767134,374.1066172180207,375.3301086425781,864395
2013-10-09,373.9497997483932,381.98877949997274,371.9890729797153,377.14971923828125,1053340
2013-10-10,377.24378044865654,380.1770196479428,375.063453527358,375.9261779785156,1192120
2013-10-11,378.02804664382245,379.5025167133877,373.8556151564672,376.7653503417969,567070
2013-10-14,377.87124221402985,383.6671618610534,376.7732400426725,379.8084411621094,1174455
2013-10-15,382.733814833314,383.486727111612,376.0516675022883,378.0829772949219,1315445
2013-10-17,374.10659801793986,381.1652130748821,374.10659801793986,378.1221618652344,797330
2013-10-18,380.38094496998053,387.91013959549156,378.9300025579073,385.8631286621094,1721045
2013-10-21,386.0670816064797,389.63559457463924,380.74959183092125,382.8436584472656,1396145
2013-10-22,378.8123884496445,385.714136677765,378.8123884496445,381.3064270019531,1103415
2013-10-23,380.2240628203253,382.84361441457503,371.2204222988033,376.4045715332031,1178570
2013-10-24,377.243785711,379.43978985853454,369.2440118663454,375.14971923828125,1451870
2013-10-25,375.51835225829797,379.0319829737867,371.96551658431457,377.3222351074219,1209540
2013-10-28,378.2790631834845,380.85153549778624,374.73405421042116,376.4595031738281,749015
2013-10-29,377.3849381787623,382.561260829885,377.0947544916772,381.0632629394531,2841775
2013-10-30,382.1064009995474,399.1411942840392,381.7926656027092,395.7765808105469,3012395
2013-10-31,396.694164996403,399.2274321812079,381.32208880687995,385.3062744140625,7164090
2013-11-01,385.2435965728518,390.5689131259834,383.20443599154555,387.6435241699219,2237045
2013-11-05,389.7924819948449,390.11404405738125,376.4673905209511,377.44775390625,1347510
2013-11-06,378.0280725566639,380.38094437755603,372.8674508940866,376.0987243652344,1016625
2013-11-07,378.81239626596397,380.0202106079348,373.6360730207409,378.1535949707031,1329675
2013-11-08,378.0280962946924,382.0358100593084,375.4556238996996,376.8202819824219,848085
2013-11-11,377.400691999595,389.0081847114797,377.400691999595,387.54156494140625,1401345
2013-11-12,390.3885464033165,390.3885464033165,385.13378914063685,387.4396057128906,1299795
2013-11-13,387.59640481667304,390.57669937458763,382.7416443293536,387.4473876953125,996640
2013-11-14,386.6552600980068,389.63555476019667,383.6043582203666,386.1219482421875,621360
2013-11-18,390.1061143919686,390.1296421510591,381.47891835061785,386.9062194824219,1279130
2013-11-19,387.43959987662777,389.0787645424091,381.53389195330334,384.5926208496094,834180
2013-11-20,381.8789898752068,386.1141548934075,379.04768798538663,380.5692138671875,1137330
2013-11-21,380.5378425364291,383.949487802119,374.89094014037033,377.95751953125,725205
2013-11-22,381.4554142296146,384.71806598868193,376.16145269436504,381.7534484863281,945825
2013-11-25,383.5181481821239,384.7730180755808,378.08301943379814,382.75738525390625,674695
2013-11-26,382.7338548640728,384.3024362364665,375.5183709772007,378.2477111816406,1293435
2013-11-27,378.6084724670336,384.9220267561822,376.4673742442896,380.8829345703125,2019070
2013-11-28,383.4710627631638,389.7924433297556,382.0671758329702,385.3612060546875,1511325
2013-11-29,385.71413522190545,392.1453281778833,385.2435799758131,389.7610778808594,1387795
2013-12-02,391.9884834573621,393.1492423133053,387.0160832766634,391.9257507324219,971075
2013-12-03,391.98849576277024,392.10615851953764,384.6318688489564,386.8357238769531,987680
2013-12-04,384.30242790917436,390.26304178204293,382.80442985883957,384.2789001464844,1154890
2013-12-05,387.23564136153755,388.25523352385636,376.4594959490831,378.7731628417969,1940770
2013-12-06,380.3809696381783,383.5181322743695,378.81238832008273,380.02020263671875,1239570
2013-12-09,386.1846960615376,386.3415637592191,380.76524501134764,384.96905517578125,1362450
2013-12-10,385.0867217372302,387.26704885811193,381.3221360680386,384.77301025390625,756725
2013-12-11,385.0867068514775,385.0867068514775,379.61234953067867,383.04754638671875,478210
2013-12-12,379.9103905791315,381.4711452667062,376.4673670308129,376.9928283691406,784690
2013-12-13,377.1026235562458,380.14567500675054,375.0713137123503,376.5379333496094,931905
2013-12-16,377.5575078607072,380.2084140432821,375.7536489694874,376.5065612792969,1032785
2013-12-17,378.3417556683503,382.67105481263025,378.3417556683503,380.7338562011719,1029575
2013-12-18,382.1848143285513,388.2238617518853,382.1848143285513,387.219970703125,1092275
2013-12-19,387.4474016673359,390.5767134594595,381.94951697742323,386.41998291015625,1495785
2013-12-20,389.63557615394063,394.81974967415533,385.5180503385804,394.1374206542969,1876915
2013-12-23,394.81191313251253,399.2039456118323,392.7727526312585,394.2472229003906,1306900
2013-12-24,396.8511228763468,399.83141817784093,395.25116303103135,398.34912109375,521300
2013-12-26,398.4510256521171,401.1725151453624,389.4787387660972,394.25506591796875,1129900
2013-12-27,395.2667984721847,396.85105692088877,394.32564014673346,395.2275695800781,702765
2013-12-30,395.60404901295806,399.79215820517584,393.8943011429785,396.160888671875,1045030
2013-12-31,397.2040142684094,399.98823653711105,395.4393602836868,397.5726318359375,564665
2014-01-01,399.2039398579579,399.2039398579579,396.7491063000141,398.0196533203125,139080
2014-01-02,396.1608817197041,399.98822384802935,394.239384024754,396.61578369140625,512655
2014-01-03,395.2824660579537,395.7451946440778,389.7924318071488,391.4708251953125,531560
2014-01-06,394.49031214413765,394.49031214413765,385.9023446328316,387.6356201171875,664835
2014-01-07,387.7846513200145,393.400174962623,386.5925382086834,390.7727966308594,1116125
2014-01-08,391.36103508246947,398.41965094568036,387.5650712015231,397.2040100097656,1117355
2014-01-09,398.57652362629153,407.34488747486415,396.1059888956007,405.77630615234375,2098465
2014-01-10,407.831123083636,412.6937345096472,401.9097384665703,411.8388366699219,2598475
2014-01-13,412.53689001297715,414.0662663844144,407.83114602043366,411.9957275390625,1265375
2014-01-14,411.2820103546479,418.105300288614,410.4271125369778,415.51715087890625,1319320
2014-01-15,415.689760555923,417.85441048673005,414.26234577735744,415.7054138183594,1341170
2014-01-16,415.98774569269113,416.61516858722507,411.59568969235676,414.8113098144531,1587200
2014-01-17,414.57605402817927,418.13676452117295,414.35647751936875,415.9642639160156,2192375
2014-01-20,412.53686210422694,420.7719135340642,412.4191993646521,416.20733642578125,1475315
2014-01-21,415.6897177351017,418.63865804029274,413.49366576703227,415.9171447753906,964875
2014-01-22,416.2308939916857,421.63462000642653,414.9289447499891,418.9053039550781,986565
2014-01-23,419.626871024952,421.5954483041202,417.32105449542536,418.6857604980469,856245
2014-01-24,417.7132007168078,422.2542744305485,415.12505102376497,417.39166259765625,1759145
2014-01-27,412.0192651987158,415.4858164183785,411.2820300835629,413.02313232421875,1705840
2014-01-28,413.454524046727,417.36812706706996,411.9644004054009,415.9642639160156,909615
2014-01-29,415.98773740975304,421.44636913973704,415.45437769725584,416.49749755859375,1219315
2014-01-30,414.1054677111619,415.0466260752751,409.9800911881327,410.93695068359375,2405415
2014-01-31,410.6545546417185,414.88974319062874,408.28602949069636,409.3291015625,675925
2014-02-03,408.61533916765455,419.37578155196877,408.61533916765455,416.1680603027344,733115
2014-02-04,415.9877358655313,415.9877358655313,406.2938680771878,407.3056335449219,975485
2014-02-05,408.9291818513085,409.5409036928889,404.6939930093033,407.15667724609375,726990
2014-02-06,407.58014452713127,410.0977346556524,406.10567432884045,407.8232727050781,1093205
2014-02-07,409.71346884340386,415.67405884133154,409.6742160141077,412.8349304199219,1341315
2014-02-10,414.88977531209383,421.634656103283,413.9486169095476,419.1484680175781,749915
2014-02-11,423.3600826883403,423.3600826883403,411.8467017071858,417.313232421875,2510690
2014-02-12,421.1640775422301,421.1640775422301,408.3330940427976,410.24676513671875,2041060
2014-02-13,412.53691464510246,414.0897949371855,399.8784510607048,401.9646911621094,1751945
2014-02-14,404.6626077867819,406.10567572882815,394.7413122406858,404.7018127441406,2513040
2014-02-17,405.3213721826204,416.11321848909444,405.3213721826204,414.6544494628906,1513725
2014-02-18,416.2858272546518,417.3916560433791,411.2977021833667,415.98779296875,1417740
2014-02-19,416.4583863098805,420.6465199578653,413.16435560136443,418.55242919921875,1473270
2014-02-20,416.1994430816586,426.6069937561878,415.26613543410144,426.01092529296875,1621020
2014-02-21,428.9756438769111,431.04613487363537,426.0267032863809,428.7481689453125,1697605
2014-02-24,428.9913729710641,439.20285466009113,425.7130431216687,438.5518798828125,1849510
2014-02-25,438.520377790126,439.30466833787085,433.2421177219779,434.3636474609375,1228390
2014-02-26,436.8499781340244,446.95164752616586,436.6852598321168,444.4105529785156,2712335
2014-02-28,451.7513964519717,461.0687728333377,450.3396829119194,454.18267822265625,5618775
2014-03-03,451.4377519152096,451.4377519152096,440.63810047131517,441.6419677734375,1508180
2014-03-04,438.889048779959,446.6299940219768,432.9284587135093,439.37530517578125,2678820
2014-03-05,443.12420952038053,447.5162179360477,435.9949865737458,437.1479187011719,1873570
2014-03-06,441.0851161422324,445.994735795432,441.0772655760133,443.43798828125,1785785
2014-03-07,444.0654217011415,444.77125463783074,420.5366997586858,427.4855041503906,2964555
2014-03-10,427.43840854012814,431.3598618294871,416.3014716244881,421.42291259765625,2552615
2014-03-11,424.9287340388305,427.3678668703058,419.0701049031669,420.1759338378906,1735835
2014-03-12,421.9483586936773,426.31686324454324,419.0151193982778,421.55621337890625,1747860
2014-03-13,423.51694236724825,432.9284299754093,423.20320696592233,427.775634765625,3074980
2014-03-14,427.43843526969505,438.5439706171434,425.09341371510254,436.14404296875,2289985
2014-03-18,438.71655124783376,441.85371415975976,435.75190931879627,437.2577819824219,1220185
2014-03-19,441.069361652477,444.990814743118,437.0223952561273,439.38311767578125,2161745
2014-03-20,439.3831905242705,440.92826819018876,433.6029715398658,435.8852844238281,2900590
2014-03-21,438.56752194351276,438.73224022477564,432.4579145747642,435.84600830078125,1257330
2014-03-24,436.849859355365,436.849859355365,430.46572245353286,431.36767578125,974325
2014-03-25,430.59912451307804,432.1441541377206,425.86982885078453,427.1952819824219,1233340
2014-03-26,427.2580475183029,427.2580475183029,411.88592152425235,413.1015625,1923060
2014-03-27,415.19564471662545,415.8230676718689,403.97244726704884,406.0429382324219,3436420
2014-03-28,414.10545823962445,414.10545823962445,408.30168835142416,411.8780517578125,3402740
2014-03-31,412.57608338839776,413.10154471607336,399.4235379150003,402.1685791015625,2634305
2014-04-01,404.8508137020515,409.3996895678343,403.1332153885179,407.98797607421875,2867995
2014-04-02,409.2428697041825,414.88977220790525,409.2428697041825,412.0349426269531,2233870
2014-04-03,417.2426761703943,420.37983914911905,414.4192486372653,417.8073425292969,3898160
2014-04-04,418.811196722497,419.80726114149286,412.638833289483,415.681884765625,2033340
2014-04-07,414.7329239077341,414.7329239077341,406.2625936903677,408.79583740234375,2073475
2014-04-09,409.3840157638438,413.15645185341003,405.7449435498918,411.6584777832031,2417355
2014-04-10,409.4310036410442,412.9995637834197,398.4195820320032,400.0587463378906,1998850
2014-04-11,399.9725380853766,406.17627974748524,395.2903221373452,404.20770263671875,1734510
2014-04-15,407.2037212925251,409.1644479475649,402.7019005516422,403.91754150390625,1019820
2014-04-16,407.046894452249,407.67431747099204,397.0236597427763,397.909912109375,1051725
2014-04-17,399.98822319467456,403.12538572953474,395.6824752746672,400.33331298828125,1446660
2014-04-21,402.968521330514,404.38023490890725,397.8706321695984,399.95684814453125,1401030
2014-04-22,401.55681591638904,404.58416636025106,399.7451064156009,400.39605712890625,1022160
2014-04-23,401.556812066117,405.3449493020985,400.7881986140473,402.4822692871094,3253095
2014-04-24,402.4822692871094,402.4822692871094,402.4822692871094,402.4822692871094,0
2014-04-25,406.2625274417372,413.91721129354966,406.2625274417372,412.419189453125,3088170
2014-04-28,415.04663617139494,421.00722617360015,414.4192132031582,419.8699951171875,1912925
2014-04-29,420.37982414297613,421.84644395363193,414.1054984094989,417.9720458984375,1027665
2014-04-30,418.02696150848175,436.3401310122091,417.97205541274724,424.4816589355469,2356810
2014-05-02,422.27775901450497,431.34415702757923,422.27775901450497,429.3755798339844,1448920
2014-05-05,431.3598953983387,431.3598953983387,426.6855054807082,428.08941650390625,1163620
2014-05-06,429.7912732636278,432.14414519755275,427.7756405625825,430.4736022949219,817710
2014-05-07,430.47359176369184,431.987266926503,427.8383867507968,430.1363525390625,1751605
2014-05-08,430.40309000645317,431.0383635833053,427.5247085599821,429.3442687988281,1533830
2014-05-09,429.4774942915809,429.4774942915809,422.68555906045526,426.34033203125,3159395
2014-05-12,426.65413730096583,430.1050355003868,425.32083354803933,427.1090393066406,1829800
2014-05-13,429.7912577882212,429.8775182673933,407.94878326914943,409.5173645019531,4977515
2014-05-14,407.83113740519946,408.53701813689094,394.30212371243084,395.023681640625,5201205
2014-05-15,394.4981803328625,399.02352857627034,386.9062529049676,389.2591247558594,3319140
2014-05-16,386.4983942410594,391.3610054862919,376.4594842353108,377.54180908203125,5445760
2014-05-19,378.0281299939469,379.75357916529106,352.3818136756829,358.60125732421875,5236710
2014-05-20,358.405128259634,369.3930233285526,355.4640384993341,364.4206237792969,3235400
2014-05-21,363.91086725885407,365.23632039273707,357.6365419612876,360.78155517578125,3435790
2014-05-22,363.3618521392852,364.6951558312385,357.63653991192416,360.1619567871094,3630575
2014-05-23,357.00909285947444,363.5657508266152,357.00909285947444,362.1383361816406,2729780
2014-05-26,364.6951127890627,365.4558755946323,358.6090103445061,360.7893371582031,2619750
2014-05-27,359.5188493425265,366.1068863851933,359.5188493425265,362.6246337890625,2818740
2014-05-28,367.0479634422364,370.02825784504523,363.59708994039266,368.8675231933594,7528750
2014-05-29,366.42061217089497,377.0006856955264,366.42061217089497,373.9654846191406,3493615
2014-05-30,373.9655030568748,389.6983728255259,371.2832182904676,385.9729919433594,10613975
2014-06-02,386.65527507697027,387.72974939520606,377.5574991117586,378.6476745605469,1930140
2014-06-03,376.8045832451084,378.8123652954635,365.95000405579805,366.64801025390625,2046410
2014-06-04,365.79315700387923,369.5577665117452,362.05994975859255,363.73046875,2222405
2014-06-05,363.91087664874516,366.0912037885218,359.38552802758363,362.3815002441406,3446000
2014-06-06,362.65600461757333,370.1851999111716,362.65600461757333,369.25189208984375,1810975
2014-06-09,366.4205899577975,373.31448732582265,366.263722258773,369.07147216796875,1430500
2014-06-10,368.9303237550817,377.243809584838,368.9303237550817,375.753662109375,2819465
2014-06-11,375.5183559485653,382.36522198152005,375.20464447357205,381.5574035644531,3193910
2014-06-12,381.47901327633747,383.56522952852947,379.149668808162,381.9417419433594,4153475
2014-06-13,380.38099639084686,385.1651745344459,380.38099639084686,383.54168701171875,2894245
2014-06-16,383.4396975117093,386.81216169840354,377.26733386919324,380.2947082519531,2192855
2014-06-17,380.29471732316233,381.16526848477235,374.23999234787,378.3026123046875,1803835
2014-06-18,378.3182813753384,383.9102776038934,377.08693929631704,380.02020263671875,1888730
2014-06-19,379.91041134325985,385.0788841983888,378.42026379607114,383.87109375,1095295
2014-06-20,381.24370354013087,388.06701808111467,381.24370354013087,382.6397399902344,1016180
2014-06-23,382.8906960449622,386.655281504001,381.4005246967192,384.93768310546875,2284505
2014-06-24,385.08670955192554,387.4395815043813,384.9376924134979,386.27099609375,1680290
2014-06-25,386.6552772137035,389.77676251032074,384.72592898245284,388.733642578125,1510835
2014-06-26,391.0002620740575,396.69419584062456,389.63558008591843,393.3374328613281,3034890
2014-06-27,393.7139344760535,404.0116752770533,393.7139344760535,400.45098876953125,1989415
2014-06-30,400.7725543458983,412.56826943655335,400.7725543458983,411.6036071777344,2066155
2014-07-01,411.90944698000084,413.0074251365021,407.7762200564735,410.1761474609375,1524355
2014-07-02,410.6074919590552,418.32493268470455,410.1604405635197,417.697509765625,1048990
2014-07-03,417.6975639764582,417.7916750330693,411.8388874212307,413.95648193359375,1127400
2014-07-04,414.7328985821669,422.7326730259056,414.262343325778,420.1209716796875,1413305
2014-07-07,420.06603274132624,432.8813624070054,417.9876913406024,428.2854309082031,2631150
2014-07-08,422.5757700383575,431.1088556833821,417.4386761295523,420.473876953125,1655520
2014-07-09,419.9092407326575,421.95622787745145,410.96830801364695,417.75244140625,1767435
2014-07-10,415.68970998351426,423.3600469907038,411.2035429581904,415.7759704589844,1357475
2014-07-11,416.4629620106337,430.84251058679223,413.07532019720185,426.52313232421875,2903240
2014-07-14,426.7284581737251,427.83394334617316,420.126923118775,425.6229248046875,1786750
2014-07-15,426.0651485037782,426.4125977334988,411.56713174802127,416.7551574707031,1350360
2014-07-16,417.25263083605057,420.0795536465713,413.8570846525541,418.0738525390625,1269045
2014-07-17,416.9367674501282,421.66678102092015,414.46514980250896,418.0975341796875,898280
2014-07-18,416.16294414986186,421.0587542474892,416.1471356667744,419.0293884277344,855620
2014-07-21,417.1105225136046,422.8592200115274,416.15507314240824,419.1083679199219,1221890
2014-07-22,419.77946716190496,432.20864443517735,419.77946716190496,430.13970947265625,1401740
2014-07-23,434.30915635637973,434.30915635637973,427.691860263804,431.7822570800781,1083245
2014-07-24,433.8353729056393,433.94588769506277,424.920159783793,427.08380126953125,1313235
2014-07-25,425.1492096897571,437.7441369331069,425.1492096897571,433.361572265625,2152700
2014-07-28,433.6616539464605,441.4160526404806,429.7054844752039,437.42041015625,1692370
2014-07-30,437.76778255461664,450.0942528689781,436.67805768694024,445.8617248535156,3498525
2014-07-31,444.76422212903555,446.69097769799544,438.4154283017754,443.5797424316406,3375000
2014-08-01,438.25738138653435,442.04770585650516,433.361523522718,435.69891357421875,1938080
2014-08-04,439.52079768656694,439.52079768656694,434.30910767312525,437.1044616699219,1268445
2014-08-05,438.25743501973,444.0692697980337,435.8726674278829,439.07080078125,1323780
2014-08-06,440.15258271857954,440.15258271857954,433.3299695221884,434.45916748046875,827695
2014-08-07,435.57257446741306,441.40021744903953,431.1979142087723,435.14617919921875,2158180
2014-08-08,435.8884697029476,442.9479696727396,433.67745087275904,439.4024353027344,2317485
2014-08-11,439.836721433983,439.836721433983,428.19724391395346,429.7923583984375,1752710
2014-08-12,430.51887724477183,433.94594468865904,428.165678246828,431.20587158203125,1240955
2014-08-13,431.20580800618046,435.0435099167607,429.88710102635747,432.94305419921875,1661830
2014-08-14,434.3091344425641,436.37011713155476,432.7613972672318,435.2172546386719,731110
2014-08-18,434.6407893494916,439.36294704779743,433.09310032035216,438.1468505859375,616630
2014-08-19,438.5732844680004,450.08639021740936,438.51009873454035,446.90411376953125,1053625
2014-08-20,447.25947754970684,457.9987390487643,447.101537310716,455.7640075683594,1678815
2014-08-21,453.30817786101534,454.8401065365891,447.10151714108355,448.3412780761719,1124115
2014-08-22,451.36567065206685,451.760497182797,441.11598933722354,446.31982421875,1171600
2014-08-25,446.46981624844346,456.9879515779915,446.46981624844346,454.83221435546875,1064910
2014-08-26,454.6822452267522,462.6893392259299,452.47122618662627,456.3405456542969,1851475
2014-08-27,458.8199545890292,464.94766948459005,458.8199545890292,461.5916442871094,1660585
2014-08-28,461.47320214527207,469.8435041164412,460.00441103240644,465.5635986328125,6001720
2014-09-01,466.0531401524769,472.180854222423,464.5054031544575,469.96978759765625,1751040
2014-09-02,467.79041508859405,473.3969316138924,465.4924980718207,473.02581787109375,1643260
2014-09-03,473.4759010544619,475.3948001826223,469.84351667477284,473.8707275390625,2181430
2014-09-04,473.0021608271156,475.32374264284533,469.75669846942463,473.99713134765625,739635
2014-09-05,472.21253227811036,474.8973719743843,467.15873338980566,470.664794921875,887570
2014-09-08,473.63385121555973,476.6029541534474,470.2383530161389,474.26556396484375,1479665
2014-09-09,472.2124606344642,478.19013920568534,471.44652041294916,475.1183776855469,762250
2014-09-10,473.7918283852078,476.0028472783527,471.1227972295767,473.9260559082031,620775
2014-09-11,473.96546244164733,474.58141486651965,467.64823894924774,470.0724792480469,520895
2014-09-12,469.8514068171084,472.60728788547056,465.97418386458196,467.2613220214844,995710
2014-09-15,467.5535113455799,473.47590871035214,467.5535113455799,471.1701354980469,634355
2014-09-16,471.1700872743614,478.9955745148435,471.1069015472247,475.3315734863281,1534425
2014-09-17,476.9740332189895,488.95305343582066,475.6395179771466,486.734130859375,2019795
2014-09-18,486.7420368636032,505.36992063735295,486.7420368636032,504.2328186035156,2196420
2014-09-19,505.6937934543447,511.69513689234594,497.33134709400105,509.00244140625,1553430
2014-09-22,505.85161049033667,511.2607615811225,497.2049500997909,507.22564697265625,1244070
2014-09-23,506.1675635476019,514.032524631502,501.44545411869484,505.23577880859375,2360870
2014-09-24,502.25086437533923,512.1531435968041,502.25086437533923,509.9815979003906,2103405
2014-09-25,511.6950889876294,530.0939922702432,511.6950889876294,522.8134155273438,4004415
2014-09-26,523.0662057125435,523.7926730319876,505.53589815831947,508.9234924316406,2545840
2014-09-29,512.8006578724047,517.6807074422313,505.21996044428573,506.6729431152344,1612180
2014-09-30,508.53652258538017,514.0088119904794,507.8810971124678,510.0526428222656,1303405
2014-10-01,513.9061269931124,517.5385594582536,504.430291652625,505.4410705566406,1599445
2014-10-07,506.97297870905885,507.7468231410154,487.76861407820616,489.4742431640625,1803825
2014-10-08,491.9537841612306,492.4275566490417,465.8952370066229,468.4537048339844,2196360
2014-10-09,473.78395862903096,480.890836572104,466.81130821872335,471.6676940917969,2733180
2014-10-10,471.5017603646837,480.8828413300453,469.95407141800365,473.61016845703125,1604615
2014-10-13,472.2125217516093,472.2125217516093,461.1573791019061,464.8134765625,1350900
2014-10-14,464.31591458488225,473.00209666044975,461.40209339712374,463.5736389160156,1055800
2014-10-15,463.5736389160156,463.5736389160156,463.5736389160156,463.5736389160156,0
2014-10-16,462.00231589666276,468.2642588015984,456.57740329713425,458.76470947265625,1538700
2014-10-17,452.78701187394574,468.5642620807095,452.78701187394574,460.9361877441406,1780025
2014-10-20,468.10625542270776,471.9281968770151,464.30012245018474,468.46160888671875,1845085
2014-10-21,468.42209815645936,469.6855234860974,462.4759888344137,468.1535949707031,797795
2014-10-22,473.3179589736289,481.6882602835274,473.04945578598887,479.75360107421875,1329990
2014-10-27,503.81440985019424,503.8223140914511,485.64448706433444,490.5008239746094,1563725
2014-10-28,491.9618123076252,493.2805195613214,482.80971117420125,486.60003662109375,1003345
2014-10-29,485.87351937753056,492.7435106558013,473.3496333822125,480.99346923828125,3463675
2014-10-30,486.1102967852334,492.2696278462364,485.78656030884326,488.7793273925781,2432810
2014-10-31,489.5848817435369,505.6859186958019,489.1111092011334,500.37152099609375,1460065
2014-11-03,503.7828015970979,514.9958837491664,500.43468061460504,502.42462158203125,1549765
2014-11-05,505.36213025462496,515.6434281187394,500.96375709795325,513.5982055664062,2422220
2014-11-07,517.2226995841905,546.123979244151,510.45536779229934,536.513916015625,4121840
2014-11-10,541.5439970311515,545.9344656152269,536.86926494514,543.6365966796875,1782480
2014-11-11,544.8447691185279,544.8447691185279,537.1219877330119,539.862060546875,1518390
2014-11-12,540.4384717285901,546.787263784156,540.0436452729721,543.2338256835938,891450
2014-11-13,541.7493106472699,553.230847395034,531.4522533457098,547.7427978515625,1656955
2014-11-14,549.282665752915,549.282665752915,537.83269603906,542.4995727539062,963005
2014-11-17,542.4917022087726,546.4083990980582,540.9044917004609,543.2418823242188,1017690
2014-11-18,544.8604807268428,547.5689842894742,540.5963359468677,542.1677856445312,921960
2014-11-19,544.8605809085499,558.2846821773113,541.701968845312,556.3973999023438,1874455
2014-11-20,563.4963646046833,563.7490593496573,554.85755880955,557.2817993164062,1174130
2014-11-21,557.0212420994047,558.6321168588582,553.0413601577288,557.621337890625,598450
2014-11-24,555.915808919416,561.3249136338119,553.5547537492403,556.231689453125,915475
2014-11-25,555.9156474070222,567.7604410307514,546.4398125080389,564.3175659179688,1648175
2014-11-26,565.3915373971256,566.7655258799039,553.8783833779871,564.641357421875,1121145
2014-11-27,563.0225975784548,574.709452517202,557.826667264241,570.2716064453125,1376570
2014-11-28,571.6929074658885,574.6778186476004,567.6498883580108,569.5371704101562,1176465
2014-12-01,568.86602700549,579.013048536528,568.86602700549,573.0432739257812,1071160
2014-12-02,572.972234521825,572.972234521825,565.4073929948629,567.1920166015625,861780
2014-12-03,564.9177001013492,564.9177001013492,551.0118759973996,553.0650024414062,2300605
2014-12-04,556.0737198017426,556.0737198017426,546.6452599083301,548.895751953125,1625010
2014-12-05,549.2747759693749,549.2747759693749,534.7688053716681,536.2533569335938,1597935
2014-12-08,536.316544034646,537.8405686128865,522.8371609057301,523.6031494140625,1808155
2014-12-09,525.9088223126137,533.6474109595779,524.3295165399031,529.8333740234375,1794005
2014-12-10,533.8054290892912,540.4227250985222,527.4882050764003,537.2167358398438,1267475
2014-12-11,533.7579648397751,544.5446018771696,526.066753569127,541.6229248046875,1097185
2014-12-12,538.7012233223601,541.5360502711771,530.7257000358951,533.4500122070312,938895
2014-12-15,528.9095868482104,533.1263552109434,521.5026376131859,529.9598388671875,933585
2014-12-16,523.010880330852,525.5693483166295,492.72765913238123,496.273193359375,5185610
2014-12-17,489.74278974348215,507.4309876464441,482.79385313172594,499.115966796875,4062645
2014-12-18,505.3779192284808,508.5365312236588,493.37518400748553,497.6788024902344,1755995
2014-12-19,502.21928454883164,508.5365082538484,499.86613414162235,505.2910461425781,2381975
2014-12-22,506.32556539353584,514.0641559513329,501.4534193767254,511.3635559082031,1156885
2014-12-23,510.0921903914949,511.1424425106113,502.724761662553,506.380859375,1345395
2014-12-24,503.166925136849,503.166925136849,492.6250281682131,495.0256042480469,3300015
2014-12-26,496.69171355405587,498.6500374787045,492.2933407680863,494.97027587890625,781425
2014-12-29,498.54734535253164,499.72396867333646,495.12818295444305,496.0362548828125,605330
2014-12-30,496.66022958293036,503.7986762339647,496.45491206611257,502.6221008300781,575680
2014-12-31,505.3542776885589,515.0117679978576,504.1145647188279,512.6743774414062,1219965
2015-01-01,510.1158292559262,510.9054822423905,506.00962408699326,507.0361633300781,378210
2015-01-02,508.53656444121594,512.1137158937794,507.7469113908414,508.7576904296875,430070
2015-01-05,508.7576927541484,508.7576927541484,496.06005815106414,497.2287292480469,1468825
2015-01-06,494.3228043181645,494.3228043181645,482.47800868753757,484.1441650390625,1956675
2015-01-07,485.65239924007926,486.1182675159165,475.37110184699014,479.9826965332031,1597185
2015-01-08,483.2676332739231,488.645168245725,480.2669615301685,484.2626037597656,1394180
2015-01-09,488.79519491392995,500.6399896210526,488.1950509373142,499.66082763671875,2968190
2015-01-12,497.95518486632835,507.58896153794797,493.7937461432743,506.52294921875,1671110
2015-01-13,506.9572222759249,511.3792597648032,503.79861029912786,509.0655822753906,2453370
2015-01-14,506.1676449191338,509.04199381472,503.9566258442987,506.6809387207031,1656545
2015-01-15,509.5788679536217,513.8982466293203,506.00171681201994,511.781982421875,2218360
2015-01-16,512.0110249256624,520.3813274543326,510.31325169554236,518.9283447265625,2110020
2015-01-19,518.0123800055749,525.9089101885867,516.3856967157383,524.945556640625,1243345
2015-01-20,527.8039656108195,527.8039656108195,519.9626706737708,522.1500244140625,1488550
2015-01-21,517.6175269165531,528.8937945732188,513.5903160086541,526.832763671875,2155780
2015-01-22,525.924775899986,531.4365391445763,525.924775899986,530.8442993164062,1228990
2015-01-23,535.3452703311085,535.3452703311085,526.6985601909043,529.0043334960938,2207395
2015-01-27,525.0955308873737,525.0955308873737,504.64354715940175,507.33624267578125,2061520
2015-01-28,508.53655933419753,512.4848245464196,500.97166969253306,511.5451354980469,1248555
2015-01-29,510.74749493405443,533.8053696530607,507.01245207521885,531.1679077148438,7008190
2015-01-30,532.2261096429786,532.6762176261194,505.53584850198166,510.6291198730469,3163790
2015-02-02,502.1798005179349,502.85098624322467,495.12820549557244,495.7599182128906,1931265
2015-02-03,489.9007142686292,492.5855054070346,485.6207605360617,487.555419921875,2612865
2015-02-04,490.374571069821,493.7305967172393,487.2159586957803,489.0953369140625,1074225
2015-02-05,487.6896491689547,488.79518259238847,483.4571208674854,485.170654296875,2110710
2015-02-06,485.63656664155866,492.2696707328604,478.52969005656024,480.7880859375,1222480
2015-02-09,479.0035108579988,491.63010334921427,474.89735364094264,489.4427490234375,1760745
2015-02-10,491.3300197995895,496.77069244336843,485.6366042108313,494.4017333984375,1694925
2015-02-11,495.949435414679,502.3614135849069,493.3672548162926,497.8603820800781,1164455
2015-02-12,504.5881908733825,527.9856095891694,504.16965171216174,526.0983276367188,2286200
2015-02-13,530.6469869143884,532.0683531328729,524.4877011698826,528.1121826171875,1055275
2015-02-16,529.3833597998973,537.4062126084567,527.1960056937484,529.264892578125,749685
2015-02-18,523.8558320620579,533.1737280465621,523.0819393297843,529.7387084960938,1048480
2015-02-19,528.6016415436401,536.4507950045502,523.1767287965483,534.2634887695312,858420
2015-02-20,536.648062235455,540.9043027010478,532.3839657264256,537.5798950195312,757390
2015-02-23,537.3114121148717,540.754287133452,531.0573747477077,535.3530883789062,2079990
2015-02-24,533.0157316193531,538.5433021694798,527.5513467991304,530.6072998046875,1082050
2015-02-25,533.0156696948958,534.6028796227743,515.6433071270623,517.9096069335938,2027820
2015-02-26,513.7482104775684,518.4861283664974,509.64205353110435,513.6218872070312,2485045
2015-02-27,513.1165246034329,521.0130548318532,505.53587486278764,517.7044067382812,2169240
2015-03-02,531.1206818060749,540.106938380126,526.2406311925463,534.8557739257812,1361095
2015-03-03,538.3854314909674,550.040718039447,531.14432662995,538.2117309570312,1999645
2015-03-04,538.2116917363004,547.7032877845601,532.3208631532727,535.455810546875,1453640
2015-03-05,535.0845794509669,544.844677457988,535.0845794509669,543.51806640625,1404490
2015-03-09,545.1606454223308,555.441942969864,545.1606454223308,547.6322631835938,1170590
2015-03-10,549.598353952578,549.598353952578,538.6616818486777,542.854736328125,1110320
2015-03-11,546.2582777996455,557.8030009427006,531.9181521571658,547.7033081054688,1548505
2015-03-12,548.0191853225455,553.5467563560582,539.3645710393001,542.1441650390625,1841340
2015-03-13,546.2819291838075,547.0873906570204,530.4099233535336,533.2605590820312,970535
2015-03-16,535.3846731192356,536.7428529904262,521.1946334572078,523.2239990234375,1089025
2015-03-17,530.6468226277442,545.2948763213786,529.2254568493103,542.8785400390625,1772035
2015-03-18,544.0550898460646,545.4843597991508,536.9640215723279,541.2360229492188,852305
2015-03-19,548.0191834705527,549.5984894747905,538.7091919263441,540.8649291992188,1389765
2015-03-20,542.9969174556413,547.2294453212481,532.4629268399289,541.1649169921875,1539650
2015-03-23,541.7018669930676,547.9953772113807,541.4649807721837,546.2265625,948465
2015-03-24,552.5991404624647,556.7053455583841,546.9136294216989,554.5653686523438,2612275
2015-03-25,556.7053568060041,564.6018866897772,553.3888046155007,554.43115234375,1969915
2015-03-26,548.0192823050837,551.5016314659637,529.3044931403589,544.1815795898438,2686595
2015-03-27,542.475735566027,542.475735566027,530.6783192741722,539.3961181640625,1219560
2015-03-30,546.0923383961006,546.0923383961006,532.6998083321962,540.9595947265625,1409625
2015-03-31,545.4922490297296,555.1260246733361,545.4922490297296,550.9803466796875,1400455
2015-04-01,559.2322260257204,563.3068140207931,553.0255654370181,558.0714111328125,1413925
2015-04-06,557.4949880011574,583.474589581831,557.3370477703372,580.8450317382812,2183820
2015-04-07,579.289313196473,585.1248593424308,575.6884981176754,581.950439453125,1164730
2015-04-08,580.3949265142726,596.2353629889617,578.3655126202847,593.1004638671875,2219855
2015-04-09,593.0372802611528,594.4507417160733,581.0266413268043,590.6998901367188,1549295
2015-04-10,591.6080993774283,601.368199915374,585.3461562133117,599.7257080078125,1077135
2015-04-13,596.9775544013104,601.3522138380838,589.3179121195427,599.4017944335938,1317300
2015-04-15,596.9777410942426,600.1363534809846,589.3418091443417,592.808349609375,1468240
2015-04-16,589.081147503397,590.8578667820601,578.531394820385,581.2319946289062,1167935
2015-04-17,578.8788347600121,584.3432200252013,571.7087720246564,575.99658203125,1292220
2015-04-20,576.4465973200998,586.8621206433771,559.1058028773432,563.33837890625,1514980
2015-04-21,564.7440069516352,570.7611587448947,545.1764313600715,546.7557373046875,1936100
2015-04-22,551.1856981324503,566.1812008880297,550.8619134124216,563.859619140625,1698220
2015-04-23,565.265196291676,567.7604784396531,554.1784378835586,557.3054809570312,858435
2015-04-24,554.4154062283495,563.9544288960569,548.0745170806092,550.2539672851562,931160
2015-04-27,553.5466730737717,555.1022661247954,529.8728949749226,534.6897583007812,2723495
2015-04-28,534.9110043455292,541.8283246947328,527.6224737977543,538.8987426757812,1383945
2015-04-29,539.017089782922,546.0055473782792,529.0674817920367,534.1923217773438,1168845
2015-04-30,533.8054646678762,533.8054646678762,517.4596368057387,522.789794921875,4007680
2015-05-04,525.9089183723,537.7537138311355,523.6978995259699,536.1823120117188,1264110
2015-05-05,535.3847839836467,540.1227024259798,529.2334038901263,537.3826293945312,1574005
2015-05-06,535.3847581922826,538.3538613179018,518.494068191865,529.6044921875,2039700
2015-05-07,522.9398128754203,528.4358152939718,513.2823717783722,518.4703979492188,2099680
2015-05-08,528.9095806193213,535.3452719800854,521.6447632308541,529.1386108398438,1342365
2015-05-11,533.8054768502138,538.5039222695023,527.290839004039,530.5994873046875,1216890
2015-05-12,535.5426522543798,552.235927556275,531.0969021911578,547.845458984375,6354760
2015-05-13,552.2754557312791,557.4950508012005,545.6502551042912,551.833251953125,1952595
2015-05-14,552.0464192331331,559.0585420618039,548.0192080205544,555.8209838867188,1084320
2015-05-15,555.4419828809852,555.4419828809852,548.0192248223317,552.1964721679688,977035
2015-05-18,552.7571085667416,573.9197996554065,551.9674555545034,572.095703125,1734110
2015-05-19,570.9191652653565,583.1825004835009,565.3915938174208,574.2357177734375,1934910
2015-05-20,574.235563482515,581.5003793585721,567.9183406679583,569.9319458007812,1224490
2015-05-21,572.1824321027392,576.3754867810518,566.9707426053352,571.5823364257812,1149350
2015-05-22,571.7245461443192,578.0259612829371,567.760472899497,575.285888671875,1027005
2015-05-25,573.2881685053362,578.6262313395143,564.8152059006148,566.2523803710938,1001045
2015-05-26,566.4970499564051,569.3397813195862,558.7584124297395,560.2192993164062,1452145
2015-05-27,552.014797429052,568.3132461242727,551.9674201792179,566.4417724609375,1199620
2015-05-28,566.4654474040442,568.5501428282635,552.7965563147451,557.1712646484375,1456865
2015-05-29,563.0226028194868,564.2939326135091,551.1778075287542,558.3241577148438,3791700
2015-06-01,557.1791937008418,564.1281793587722,556.1684628211603,558.82958984375,792215
2015-06-02,556.7053319293417,557.6686853977492,547.2294964922465,548.6113891601562,861195
2015-06-03,547.5454713800044,548.8088970442002,536.8061604479423,541.39404296875,741335
2015-06-04,542.1915441398954,547.9718099382372,536.8061048452935,540.4385375976562,827575
2015-06-05,541.7019387900793,548.3034260687937,537.7536739300933,539.427734375,762220
2015-06-08,540.9122065032572,544.544590363185,535.9926846319815,538.0773315429688,927440
2015-06-09,536.9640140807676,536.9640140807676,523.2240332653582,524.629638671875,1080750
2015-06-10,525.1034209183531,533.7501306508126,525.1034209183531,531.6891479492188,886690
2015-06-11,533.4894697864867,533.4894697864867,520.5391913914314,523.1845092773438,947190
2015-06-12,523.729527258263,527.4803795758346,521.7791071874946,523.9427490234375,778335
2015-06-15,525.8615517697801,531.5628236317475,523.224089387688,524.4243774414062,1237170
2015-06-16,524.6454439308337,526.745899590039,515.8881714308462,519.0546875,1597855
2015-06-17,521.1709187685567,531.2310890951501,521.1709187685567,528.625244140625,1806375
2015-06-18,532.9840969486606,539.1275709667847,530.1176532906636,533.402587890625,2159880
2015-06-19,535.5505123608018,541.1807414114118,532.9209547004051,534.5555419921875,1766225
2015-06-22,537.1220473858384,541.7020257190703,536.9641071267752,541.0545043945312,1036010
2015-06-23,542.4915348693262,544.6709845549277,540.5963486566499,543.8102416992188,766625
2015-06-24,543.8102680551808,548.8087845810143,540.3042071294184,542.4204711914062,1369165
2015-06-25,540.9123025818039,554.2337447765217,540.3516316035365,550.459228515625,2353050
2015-06-26,552.2833648993438,559.0743618808393,551.0988853190878,557.5108642578125,1224430
2015-06-29,552.5991332007877,559.2322373606147,541.3860515004097,556.0972900390625,1130240
2015-06-30,552.2833593365934,563.0226214774401,545.3659909461163,562.1461181640625,1976490
2015-07-01,560.3376574297299,569.8293003526862,558.3477649704533,564.3806762695312,1313440
2015-07-02,564.1281557089139,566.9629831558082,558.5058298734552,560.2904052734375,718390
2015-07-03,561.2853209725326,568.5343294475471,560.6536082363735,566.615478515625,704885
2015-07-06,560.0219464951049,589.5154683072215,560.0219464951049,586.980712890625,2391555
2015-07-07,586.8700457745721,592.8713885446826,582.5190505777772,590.6524658203125,1952545
2015-07-08,588.8599998486524,595.4536311802599,585.1328609000908,587.6360473632812,1690125
2015-07-09,586.2384390060106,593.6453884127118,586.1673490255647,589.4049072265625,964305
2015-07-10,593.017237765964,597.7092103566594,589.4763924291342,595.5100708007812,856355
2015-07-13,595.5418778713799,601.7819801788203,587.6504341350056,596.7247924804688,965105
2015-07-14,603.3617786384359,607.8711676140141,597.105783397884,599.07470703125,1374640
2015-07-15,601.9248246115047,606.5374255706879,600.2020587838336,605.75146484375,966060
2015-07-16,604.9575049920097,615.9134186195091,604.9575049920097,613.9286499023438,1071235
2015-07-17,614.4843715722773,617.4059451985926,611.5469042908207,615.603759765625,1133300
2015-07-20,618.453986805908,624.6385092297093,613.698488293228,624.051025390625,869360
2015-07-21,622.7409578363392,622.8044355371694,609.0063216271045,611.808837890625,746460
2015-07-22,611.3088061704082,618.938246004926,608.3395997220123,610.9515380859375,689905
2015-07-23,615.1116675987975,629.5528491482117,615.1116675987975,621.3756103515625,2702115
2015-07-24,623.3762833505945,625.440423814638,616.9773897645279,620.6611328125,1587895
2015-07-27,618.4540197372108,620.8516361926492,607.6171616263148,612.0789184570312,1698575
2015-07-28,618.7556866245832,620.8357205843101,593.4062236947617,595.2877807617188,2594915
2015-07-29,597.8123843984379,600.9086432220538,582.4105585652923,589.4525146484375,2177750
2015-07-30,593.684074343882,624.6464697402049,590.8260264590382,621.3279418945312,6650085
2015-07-31,629.8862100525024,649.9720594789084,628.147550743988,647.209228515625,3523830
2015-08-03,649.432218096056,661.1105662191511,642.2155777176425,657.9746704101562,1823225
2015-08-04,659.094140895584,666.0805179625709,653.1636260296782,660.8089599609375,2000230
2015-08-05,662.6110550175185,668.470096078173,657.3792318761216,665.5802612304688,1442725
2015-08-06,670.3755723893303,686.9682115508136,670.3755723893303,677.4572143554688,2328085
2015-08-07,676.0917464142412,678.7910518508965,671.6458828840449,676.2267456054688,1073790
2015-08-10,675.9328186540446,685.6660832351008,673.7495731783613,676.3615112304688,1460555
2015-08-11,679.7436692081926,683.8719982518041,664.4926873872464,670.6693115234375,1371000
2015-08-12,671.3599311915929,680.5136592138493,667.5173976780814,678.7908935546875,1430370
2015-08-13,681.807829630732,685.610678004592,674.3609725487803,681.4505615234375,1165870
2015-08-14,684.8246093480606,688.7862485875728,671.3281814690672,676.0519409179688,1352505
2015-08-17,669.8992043448831,671.4155949537416,660.4278927580583,663.9369506835938,1080150
2015-08-18,667.596830682111,670.6930408330719,660.3960839011472,665.5088500976562,2100885
2015-08-19,671.645749147285,677.7985323102772,666.413877369221,671.8521728515625,2782205
2015-08-20,674.9801870620676,687.1587013531247,674.9801870620676,682.0618286132812,3407185
2015-08-21,684.8167789870794,684.8167789870794,668.6607302301401,673.876708984375,2078250
2015-08-24,658.9433162939597,666.652176631248,638.9686221473038,641.993408203125,2007385
2015-08-25,647.193465139501,658.9432875638427,624.3289366598656,651.8536987304688,2271915
2015-08-26,651.7980208510236,655.7675581278264,630.5213107386136,644.8433837890625,2203760
2015-08-27,654.497442904209,665.929683236937,648.686033474489,655.7835693359375,3239700
2015-08-28,671.645775511804,673.0906930421966,660.3325931228641,663.8258056640625,1473675
2015-08-31,666.818803289474,685.8964246162512,663.833703204602,683.1812744140625,2316040
2015-09-01,683.5305680441082,684.2609978871507,667.6762573445334,674.6785278320312,2487615
2015-09-02,674.8055303990728,679.9818231813699,663.2780256113417,666.9061889648438,1677550
2015-09-03,672.4316729656555,676.3218389089494,666.1200989563899,668.3430786132812,1048115
2015-09-04,666.8822689472944,666.8822689472944,639.0955077411571,643.517578125,1829070
2015-09-07,647.8285670672603,650.2102897403017,624.0113403368463,626.6312255859375,1125360
2015-09-08,626.7264830783065,636.7138536015583,611.5708151199858,631.5614013671875,2082665
2015-09-09,644.6528738389059,647.3442318259393,628.2507666208558,641.6439819335938,3668120
2015-09-10,637.9919557437113,638.1507469253324,628.7747018573516,630.9262084960938,3044895
2015-09-11,637.9840663191079,639.7148273613589,629.7433023510399,637.3807373046875,1981335
2015-09-14,638.5398455331155,643.0651283497945,631.4740972706898,641.906005859375,2069560
2015-09-15,639.889490561737,639.889490561737,632.0695205124429,634.5782470703125,1808375
2015-09-16,639.0875932636104,639.0875932636104,633.2285520133495,636.77734375,1729805
2015-09-18,641.1596901152217,642.2711800193946,634.6496872533409,636.0548706054688,2746650
2015-09-21,635.0148018121114,635.0148018121114,625.7578622588036,628.3460083007812,1059220
2015-09-22,635.1181372780638,635.1181372780638,619.8830483972934,623.9637451171875,1332170
2015-09-23,620.7880314405144,628.3222058497956,612.4202638488937,624.725830078125,878465
2015-09-24,627.1869060928698,634.9671896670723,625.0671866995258,630.4022216796875,2595465
2015-09-28,633.8558436909648,671.1536070251515,630.3626308879175,665.4930419921875,4571020
2015-09-29,657.1013335969989,658.4747780237964,638.3016103893385,648.0587158203125,2578965
2015-09-30,649.0987737714539,666.0884142076493,647.8285411125647,660.9041748046875,2746920
2015-10-01,669.0655705430455,674.8214001324102,665.2945097775997,672.1141967773438,1986180
2015-10-05,671.6457269951188,671.6457269951188,661.2058242674751,663.746337890625,1572510
2015-10-06,671.9633223410342,683.4749810046668,670.0579249728223,674.265625,1675200
2015-10-07,674.1862683250689,674.1862683250689,664.7625900419102,666.1757202148438,1330320
2015-10-08,670.6929538659828,673.8606366013727,667.0409992518453,670.8834838867188,1642270
2015-10-09,676.5679145756922,681.9505816984498,672.5824838120958,676.0677490234375,1328605
2015-10-12,670.216711839691,680.1564006507397,659.8879676558056,664.8975219726562,1210975
2015-10-13,666.882371716169,675.2660338794929,662.5476188557554,671.336181640625,1329840
2015-10-14,671.6458132850813,676.4092587693727,663.71468430674,666.3822021484375,1101435
2015-10-15,666.8822711760058,673.1700047364822,664.69902564537,668.065185546875,1268355
2015-10-16,667.8985290726432,679.5133512911519,660.5707298511512,677.9970092773438,1019710
2015-10-19,671.6616547483145,692.2873565864788,668.5257103569269,690.3184814453125,1683600
2015-10-20,693.8752585078425,696.5110376157833,678.10031800614,685.8885498046875,1816010
2015-10-21,677.2030817080836,677.2030817080836,661.0073497032497,662.6904296875,4546375
2015-10-23,665.2945835961531,666.4695513642766,657.5698779823634,665.04052734375,7302805
2015-10-26,674.9802262372845,676.568041378536,659.8245093932785,667.00146484375,4354730
2015-10-27,670.843961752056,670.8519085809008,660.9280637794083,663.5638427734375,4071250
2015-10-28,666.8821823305248,666.8821823305248,647.8442993457112,653.17138671875,3227090
2015-10-29,653.377963041906,673.2335985055506,648.3366695110768,670.2723388671875,6075625
2015-10-30,676.5679636166187,693.1368088347224,671.6457275532258,679.5689086914062,5226980
2015-11-02,675.297707472421,685.1660204464168,672.153864750192,682.1729736328125,2237600
2015-11-03,684.3482966360727,689.9056493929781,682.6413760496578,688.3416748046875,2533870
2015-11-04,689.127589090684,695.3359514242169,684.3482505356936,686.3965454101562,1432455
2015-11-05,683.5702149295507,687.2380635086681,672.7730444279961,674.72607421875,1511245
2015-11-06,676.0916611995311,681.4902713923998,573.9951679906235,576.4801025390625,20077465
2015-11-09,566.8498442545732,567.6437515994676,547.1530049659945,555.917724609375,8571740
2015-11-10,555.417691752454,555.417691752454,523.9789727688321,528.8535766601562,9468305
2015-11-13,526.5193948632348,541.2384205448678,523.6612991630917,538.2056884765625,8533480
2015-11-16,546.2084039521184,559.7048325381446,541.4449585688151,557.1961059570312,6525455
2015-11-17,549.3840626466551,551.1386158979215,541.4608802549556,546.4148559570312,3942100
2015-11-18,543.5091089801164,545.2557153444616,533.505892871289,534.6094360351562,3717640
2015-11-19,539.8570470300539,540.6509544521568,498.2324867039441,520.9779052734375,19031830
2015-11-20,526.6783494354312,536.2290331777762,525.5271736625106,532.4103393554688,3921190
2015-11-23,533.5058963803201,543.6361649038788,533.5058963803201,541.3258666992188,2838850
2015-11-24,539.6984138569254,541.2862291659815,531.9181285338059,537.9041748046875,1607540
2015-11-26,500.16176702454146,508.0849490342564,489.20585229525835,492.341796875,13707815
2015-11-27,496.9861151071911,498.5659833431069,483.8151678285595,492.11151123046875,6941180
2015-11-30,494.6044545066318,498.2564102296277,492.54821241994375,493.810546875,3855655
2015-12-01,497.3037666035521,511.98311115916374,496.9068127823348,509.83160400390625,5924780
2015-12-02,512.0703998598968,518.4216606333529,511.27649226321483,516.3019409179688,4179595
2015-12-03,515.56353987278,515.56353987278,508.2833733506121,511.85595703125,1960590
2015-12-04,507.17991624593077,510.6889740193077,504.92519750236227,507.38629150390625,1629340
2015-12-07,508.56925234379435,508.9423656285656,500.5348634596291,504.9093017578125,1733125
2015-12-08,499.97111540995274,500.6221252711323,483.1720082471013,486.3794250488281,4393125
2015-12-09,471.2556397495397,480.15531304956835,468.643652699466,475.5823974609375,5197810
2015-12-10,475.39190388917353,482.33064918341836,471.04925218612163,475.59832763671875,3435450
2015-12-11,475.70144485490897,480.147307547091,468.5642240630085,471.4222717285156,2429255
2015-12-14,470.94597707584717,479.0438439271199,468.60394006870507,477.9958801269531,1876560
2015-12-15,478.09110152885665,483.0053908441827,474.1691965788528,475.423583984375,1973825
2015-12-16,477.44011161995206,483.17210069575196,475.9237211105509,477.0590515136719,1604035
2015-12-17,482.0606355101377,486.498551224311,478.01962508296015,479.19464111328125,2461875
2015-12-18,477.13849666817464,477.65455602212376,471.5494042679354,472.248046875,2192485
2015-12-21,473.7246193193722,481.02857807812836,470.3981449253785,477.8450012207031,1833850
2015-12-22,479.5517748389308,481.4254329983614,475.5504992676432,476.51904296875,951540
2015-12-23,478.72626036360174,481.3064599426759,477.9561932867041,480.25054931640625,863570
2015-12-24,482.4575328116129,484.13266578270895,477.13834358291376,477.9322509765625,1132870
2015-12-28,478.72630250021757,496.82738683384616,478.72630250021757,495.509521484375,3759550
2015-12-29,492.2226611014204,499.7092031805171,490.63484606560934,492.3020324707031,3116650
2015-12-30,493.96926452709454,503.6549458817962,493.96926452709454,495.58087158203125,3166420
2015-12-31,496.82735228458347,500.9556813786415,491.4843697942703,493.58819580078125,2729505
2016-01-01,495.2077982708189,495.8746535003742,490.634882871633,493.58819580078125,859300
2016-01-04,493.01658179964033,495.39830441702986,483.1006843889117,485.2362976074219,1669965
2016-01-05,486.66535003407904,489.90450655149147,485.87144244837907,487.5624694824219,1507525
2016-01-06,488.08637094300485,490.9524138239952,481.87011015157464,483.6881408691406,1333990
2016-01-07,479.67892159339505,479.67892159339505,471.5810553953525,475.04248046875,2419515
2016-01-08,473.16888372789845,481.42554134995356,472.5019800877917,478.0434875488281,1854355
2016-01-11,475.3124289039928,475.39180027131226,464.02303908136975,465.46795654296875,2329895
2016-01-12,463.00681405910007,467.2780398277462,458.91817148987604,464.1579895019531,2357910
2016-01-13,466.02368072002037,468.2942444343994,453.38468747846866,459.02935791015625,1875845
2016-01-14,457.290761015223,464.4359291560858,453.1624319536921,462.8481140136719,1956610
2016-01-15,465.4203814155062,470.7872045185017,464.18983433272444,466.1666564941406,1705645
2016-01-18,464.9122515100748,468.51662287361285,454.1310216466761,456.48095703125,1377180
2016-01-19,460.1329685047378,467.7227230266779,451.20150823516144,462.927490234375,1225980
2016-01-20,459.3548725954131,460.9426876385445,453.78167474428517,455.71881103515625,1976660
2016-01-21,459.51368193298686,459.51368193298686,436.65710092896904,437.7764892578125,3119925
2016-01-22,442.04773086331437,462.3479534991525,441.26177011209927,457.66387939453125,1922080
2016-01-25,462.0542082353572,464.5947221643319,457.35428896333127,460.9824523925781,943135
2016-01-27,463.3243607246722,473.4864146805197,460.46631333475534,472.0573425292969,2136065
2016-01-28,472.1526033567162,481.0761635702698,470.787105836568,478.122802734375,3050750
2016-01-29,476.01913174134535,495.3904502455261,471.7399576755618,493.0802001953125,4349920
2016-02-01,489.84086495453425,498.2562639975044,482.8941752165242,484.3628845214844,2828705
2016-02-02,485.87147960447777,493.4294959043339,482.85464023936555,484.0455017089844,2046945
2016-02-03,482.3623206898658,482.3623206898658,475.9157958231045,477.662353515625,1709585
2016-02-04,484.1247341909295,484.1247341909295,471.5810066677865,477.7178955078125,1690605
2016-02-05,478.58344772264854,496.03352354263245,475.29665820007415,493.6676940917969,2201340
2016-02-08,492.06393725476556,496.0334753875989,481.42560413253784,487.5148620605469,1702935
2016-02-09,485.5538119419787,494.6043769050931,468.08784678642166,469.9297180175781,5609845
2016-02-10,460.46639676267534,466.444544103795,448.5577830532958,458.0926208496094,3199525
2016-02-11,460.4663408680219,472.779853701823,452.8448484016788,458.14019775390625,3930550
2016-02-12,462.83217993553626,465.8887528915059,448.60537106973896,452.12237548828125,2541695
2016-02-15,456.06816891724753,459.97418066935154,446.6603349572339,453.96429443359375,1903910
2016-02-16,454.46442487694503,464.1977388720494,451.75722154145865,453.4244079589844,1654515
2016-02-17,457.14776501316175,474.5978341641358,457.14776501316175,470.1043395996094,3638300
2016-02-18,484.28358516859004,500.86037799315744,479.5201400685711,492.79425048828125,5658600
2016-02-19,493.0165755003753,493.0165755003753,483.60084383610484,485.6808776855469,1927980
2016-02-22,487.45918155936977,495.0489349561478,487.0463341732167,493.49285888671875,1438030
2016-02-23,495.39827326907164,500.002927015255,486.824082076822,489.1899108886719,1731230
2016-02-24,488.20551343277964,488.20551343277964,476.3445326319922,478.4404602050781,1986430
2016-02-25,478.07522565594326,479.9567826060808,473.96279050783033,475.4632873535156,2799830
2016-02-26,479.520193197303,481.07626954663925,469.38992440920373,475.3998107910156,1215375
2016-02-29,473.26417717593426,488.41194719286267,472.85927656186783,482.1003723144531,2509475
2016-03-01,482.69574915156073,484.1962459223419,476.34448929430334,480.2425537109375,1597260
2016-03-02,484.2677653252983,488.2373035136922,477.2972814637424,478.7659912109375,1842655
2016-03-03,486.1889970630326,508.259616992155,486.1889970630326,506.2192687988281,4450185
2016-03-04,510.3158319736444,521.2796936307532,508.1008472867619,516.4765625,2963165
2016-03-08,517.6277199395137,519.2155350313527,506.19543189576444,511.2049865722656,1503355
2016-03-09,511.4352011474876,512.2449538154899,504.0359777227199,511.2684631347656,1751980
2016-03-10,513.7374965100197,513.7374965100197,501.7495132809093,505.5999450683594,1273630
2016-03-11,504.92521228101475,511.62579408035333,504.60762987191396,509.8236083984375,1540835
2016-03-14,509.6886802068398,515.563615840955,505.2745558803711,513.44384765625,1689115
2016-03-15,513.3406391956778,513.3406391956778,493.6517402374755,497.51806640625,1074240
2016-03-16,493.9692646745598,502.3370324240092,486.8637827362783,500.844482421875,1458955
2016-03-17,502.4481997490759,502.55935843240155,493.0721537900079,496.2715759277344,1481985
2016-03-18,493.4928066339111,504.6075099225691,490.0631694034919,503.543701171875,1904355
2016-03-21,501.27321698498474,507.9420109391945,496.4382989689477,505.2824401855469,1624205
2016-03-22,504.92522223156993,508.0849589024204,483.48971751419197,485.54595947265625,5177515
2016-03-23,485.8714380848831,488.84859150452087,481.26678382043133,483.9501953125,2024905
2016-03-28,482.3782097263739,488.1816719994231,478.58335682103393,482.0050964355469,1902365
2016-03-29,481.1079281373456,481.1079281373456,458.42598584258707,467.0240173339844,2533990
2016-03-30,471.7556341189586,480.52040286691073,464.5073041036865,478.8293762207031,1805565
2016-03-31,479.83768438149116,486.34768673658414,476.90021711165394,481.9335632324219,3311230
2016-04-01,479.5518957491841,480.49664766541684,470.8110143872577,473.16094970703125,1585615
2016-04-04,477.6147744010345,483.37855110827434,475.8682165132536,478.210205078125,1532140
2016-04-05,477.1384144490498,482.69576702998717,475.0901195014633,476.32861328125,1418750
2016-04-06,477.77357627605784,482.6958130078532,471.59700044502887,476.57476806640625,1148040
2016-04-07,477.1383847835436,488.2530892543749,477.1383847835436,482.02093505859375,1792820
2016-04-08,484.2836485372017,490.5475912928694,481.1556505739727,482.5608825683594,1104765
2016-04-11,480.97304640010833,481.90190470798325,475.55064401990444,480.9888916015625,1142755
2016-04-12,484.28361871018865,491.90511201557763,484.28361871018865,489.48370361328125,1435325
2016-04-13,492.222590352015,495.82691252098334,489.84881496767423,492.1432189941406,1819860
2016-04-18,492.85779864902213,493.65170620111667,479.82185021138616,490.8016052246094,2260020
2016-04-20,494.7632362820271,496.98616791691796,492.11951035138924,493.612060546875,1775285
2016-04-21,495.2395298609387,498.55805767127123,493.6120290422829,497.1766662597656,1538560
2016-04-22,495.06479122200415,501.7494779779442,495.06479122200415,498.88348388671875,1214865
2016-04-25,501.5034626277034,503.1627507293854,491.8336744751658,494.7869873046875,902240
2016-04-26,494.9219469706818,497.75615405885804,492.3020134975494,495.4379577636719,886920
2016-04-27,492.19099543963176,497.7800877525943,489.9998026113529,497.10528564453125,966445
2016-04-28,496.9702262315025,499.2090513083716,487.7132856386871,489.5789489746094,1641560
2016-04-29,492.22270570292494,493.4929384641649,486.98293499246785,490.428466796875,1937975
2016-05-02,489.1979570568003,489.1979570568003,477.1384979085153,478.21820068359375,1065565
2016-05-03,477.7736031709344,480.79044248080294,468.64366540437544,469.8901062011719,1743355
2016-05-04,468.24663484714205,469.8344498506632,463.6419810281843,465.7537536621094,1170210
2016-05-05,466.6587913940896,468.7229798465863,462.2129290377766,465.1582946777344,1009435
2016-05-06,463.63402937978645,463.63402937978645,454.10713945770993,455.11541748046875,1220560
2016-05-09,452.68607762003654,455.67907602033716,448.0814236950384,450.9474182128906,1968910
2016-05-10,454.75014895694756,470.31076306824804,452.56690360729226,464.3485107421875,2237095
2016-05-11,462.6257644662157,462.6257644662157,453.3291384658338,455.4964904785156,1815880
2016-05-12,455.86182241153426,474.43923398153834,451.5826481722003,471.8114013671875,8655965
2016-05-13,460.4504200002956,467.4050569043638,458.0369588350485,463.1973571777344,3378110
2016-05-16,464.7217077632659,480.7903886813533,464.7217077632659,476.7255859375,3630650
2016-05-17,478.40075210995406,482.21944532943246,477.7894278157043,479.1628723144531,1535665
2016-05-18,478.80564853160547,483.4897226988825,476.34455438313546,480.3617248535156,1257295
2016-05-19,484.20420286077285,484.20420286077285,478.7262217369965,480.4093017578125,1812590
2016-05-20,482.6957106396882,483.4896180585034,479.8376633144585,481.7112731933594,1137700
2016-05-23,479.5201870981902,483.85494000860143,479.3693427169779,481.0762634277344,1195245
2016-05-24,480.3140501403638,482.6957727030433,478.7421287550016,480.337890625,884955
2016-05-25,479.5201089194174,488.2530910354995,479.5201089194174,484.5296630859375,1047270
2016-05-26,486.25248877190415,493.81050427909616,485.8793754762345,490.74603271484375,1407535
2016-05-27,489.6821136712323,498.2563045836024,488.27693041145494,494.7710876464844,908980
2016-05-30,494.12811121681335,504.3456981852785,494.12811121681335,503.3771057128906,1377375
2016-05-31,503.90113818940597,507.89446844163547,501.7496310298127,505.41748046875,2781820
2016-06-01,506.513095191757,511.26064756857954,503.6708921556815,505.4254455566406,971200
2016-06-02,503.65501163700725,507.9023980056975,502.81347150118864,504.4568176269531,1192120
2016-06-03,506.03666819116233,507.6165363890994,498.9391330863766,501.76544189453125,1693175
2016-06-06,501.17795923175026,503.17857321890216,496.398620486364,500.3522644042969,1994080
2016-06-07,498.59777982080436,505.40152485461107,497.30370664316143,501.10650634765625,2996330
2016-06-08,500.00291759202145,502.6704350760008,497.77998635537205,498.2484130859375,1182665
2016-06-09,492.0162540869116,492.06388660135127,486.2286855292765,487.6100769042969,2852425
2016-06-10,485.11716418160523,491.1191028938394,484.2835710047359,486.79229736328125,1481405
2016-06-13,487.300451958431,492.5799566292592,487.14166075474594,490.3570251464844,1983470
2016-06-14,490.3171797201273,493.6833877229254,489.04694729148497,491.79388427734375,1349660
2016-06-15,491.42877176716337,491.42877176716337,488.6342016947262,490.1188049316406,1088955
2016-06-16,490.118786422885,490.47605449692406,481.4255378734613,484.0057373046875,5407740
2016-06-17,489.2058117045936,491.41284935965,476.31276164406745,476.81292724609375,5331775
2016-06-20,477.2972261671421,486.50653431477394,477.2972261671421,485.38714599609375,712150
2016-06-21,488.8882498414293,491.26997244389446,482.37819837010375,484.13275146484375,662355
2016-06-22,487.3005236169435,497.62132344263034,486.64156667569915,493.0325622558594,1533625
2016-06-23,493.54855285131146,504.7585249392876,493.54855285131146,503.58355712890625,1082000
2016-06-24,493.81050609867634,502.85312490577644,489.8409682683011,500.6778259277344,1491785
2016-06-27,497.30365450484885,518.8978987464255,497.30365450484885,515.5,2081950
2016-06-28,514.4521116294161,521.5972798464913,513.6820445361425,519.6998291015625,2009200
2016-06-29,523.8201709017584,527.4642277316439,517.5165432679809,519.9617919921875,2120195
2016-06-30,528.4565961353613,538.7614999053696,526.5194599110185,536.951416015625,3062975
2016-07-01,544.6204872354084,556.6482039672088,544.6204872354084,553.2105712890625,2745410
2016-07-04,564.5634728992219,565.0160059692362,542.7627564558361,545.4144287109375,1702580
2016-07-05,546.2083507196844,552.5675574396416,544.6205357466621,547.8834838867188,1583845
2016-07-07,550.9558975853927,563.0391946309053,550.654208866425,559.6730346679688,3010480
2016-07-08,561.6181592188747,567.1676140977609,554.9414175615348,565.460693359375,1073090
2016-07-11,568.7553703159431,577.805887027554,567.4215630323706,575.8131713867188,1339315
2016-07-12,575.9005930163956,576.6786069591901,566.2228574241647,571.033935546875,1405505
2016-07-13,572.4073738828748,575.8529541532216,564.4682979621692,574.0904541015625,931630
2016-07-14,570.6131093375043,571.9548150460795,565.2621801603383,568.9459228515625,1085130
2016-07-15,568.5965054600431,573.8045362113252,565.8575151622526,569.7079467773438,1368450
2016-07-18,585.755631948464,589.6348083189837,578.8547713833866,582.7339477539062,1135725
2016-07-19,582.6115043823557,588.4914794877266,581.9663041707325,585.698486328125,914720
2016-07-20,587.0213791868083,602.6769022780923,586.3680542764907,600.5209350585938,1512415
2016-07-21,598.4546691592924,598.4546691592924,587.2500012215337,590.7780151367188,1209170
2016-07-22,590.25546624126,594.8124914564044,584.5796089162623,587.9769287109375,1585395
2016-07-25,583.1014433136412,584.5959609696307,565.9514008632399,568.7852172851562,2805770
2016-07-26,569.7079710221312,574.5998575968359,537.38426510726,542.2107543945312,7676225
2016-07-27,493.284200422475,501.33654112816447,483.18201348610967,486.76715087890625,23594215
2016-07-28,488.20440100788875,493.0717630295859,482.3080785850212,483.4269104003906,5719065
2016-07-29,484.44783299449136,486.2445139188433,477.76748969687526,479.441650390625,3448735
2016-08-01,482.3244543003777,490.483015469008,481.52413502446524,486.8161315917969,3112110
2016-08-02,488.20454884387743,489.83788627717615,484.28454897306113,486.30169677734375,2047300
2016-08-03,485.83616987558275,486.24450417541243,478.5677994004157,480.06231689453125,1737965
2016-08-04,483.23919112715555,487.02854595130435,478.74751316664805,483.8680419921875,1502550
2016-08-05,487.1346093068787,492.4511294760028,485.22363283731295,491.422119140625,1488330
2016-08-08,494.86863031424383,497.31046198347053,491.4712602866626,495.9139404296875,2015970
2016-08-09,496.5345252026914,499.52351044541246,493.43936905082336,496.2568359375,1210050
2016-08-10,495.2279338396951,495.2279338396951,488.04120919691206,489.9440612792969,1249310
2016-08-11,489.1763152709393,493.8639850455946,485.6401262868109,491.7733154296875,1139890
2016-08-12,491.2588233190083,493.59453345282975,487.3878220387296,491.82232666015625,1209155
2016-08-16,491.4711871753598,492.93305597061106,487.0612063405853,491.1200256347656,1523125
2016-08-17,487.077497600918,493.2515105418351,487.077497600918,490.76068115234375,1763255
2016-08-18,494.90111899466194,497.0244371907663,492.55728434943865,494.44378662109375,1323700
2016-08-19,494.9011775547819,495.8566658715398,490.49114712352105,491.6590270996094,869430
2016-08-22,492.94121094222675,494.0437436024912,487.22453000093617,492.1245422363281,866895
2016-08-23,493.75783930632343,493.89670886374154,489.1845148651489,491.5038757324219,1088960
2016-08-24,494.08447419523924,497.18780472521826,491.17713614255473,496.5018310546875,1269565
2016-08-25,498.33126452940405,502.74124572440576,496.6979270841064,498.2169189453125,2323985
2016-08-26,499.8011190246741,501.605974343306,494.0844395587056,496.59979248046875,1172565
2016-08-29,498.984550085314,499.63787504267617,492.85953514973323,498.51904296875,729315
2016-08-30,500.45449316436486,506.3345168778517,496.6978376547591,504.8236999511719,1078005
2016-08-31,505.9262849117318,511.2591557148516,503.03529551376056,504.6767578125,2390975
2016-09-01,501.44274804757305,507.78827969064923,500.8302465328514,505.9507751464844,1361525
2016-09-02,505.8608229180305,512.7045094038305,503.4108172504313,510.0993347167969,981150
2016-09-06,511.3979453363739,513.684607706827,508.8662424817104,511.7327575683594,662725
2016-09-07,512.2144856561504,515.7506741660201,508.8906389284444,512.6799926757812,762925
2016-09-08,515.015754433686,522.3412482940303,513.1945992958185,520.7814331054688,1002560
2016-09-09,518.1762885489552,526.7513098724603,517.8659504562739,521.5736083984375,997660
2016-09-12,514.9912558241359,520.2179553767971,511.56128720354695,512.4759521484375,837335
2016-09-14,514.4930318646664,517.767880852911,512.0512007804026,515.7752075195312,702670
2016-09-15,516.7715362103406,519.3685361536338,511.5693118176861,512.7780151367188,559065
2016-09-16,513.0312392980586,519.0990811897511,512.0512269806708,514.5257568359375,1041815
2016-09-19,517.2779355276383,518.5682360876189,513.0312486386381,515.7017211914062,664425
2016-09-20,517.767880852911,522.6678923436326,514.5583793079478,515.7752075195312,1405770
2016-09-21,516.4613155367201,519.2379592616687,512.0512845355337,514.9912719726562,1250240
2016-09-22,514.827873738325,518.6661760460372,513.2190107755434,514.3868408203125,1438040
2016-09-23,517.6045420428871,520.5364042111356,514.5665588158616,519.7605590820312,775585
2016-09-26,520.0546626067965,525.9346877180875,516.3061808671339,522.61083984375,1160760
2016-09-27,521.8512488324088,525.9345919375137,519.4012429693458,521.14892578125,873535
2016-09-28,522.5372798213089,527.1922511507888,520.6507772737993,522.72509765625,1185835
2016-09-29,522.6678595716463,524.2685478359614,508.1556438326701,512.1165161132812,2161055
2016-09-30,510.90788371605345,511.0712274139428,499.5235208255898,507.543212890625,1185890
2016-10-03,508.71917897445735,520.2178865619529,508.71917897445735,516.224365234375,1080630
2016-10-04,519.2378101935872,519.2378101935872,513.2597909318661,514.2316284179688,792700
2016-10-05,514.1745417603381,514.4848798227006,507.1512115863903,510.11572265625,904875
2016-10-06,508.78445062854513,509.57659510898696,499.80109756768803,502.6022644042969,802650
2016-10-07,501.4345909857089,503.394615839815,497.3512474109067,498.8702392578125,902585
2016-10-10,498.82115050480525,506.1385188058401,496.37114480503163,502.8473205566406,1585075
2016-10-13,501.5652398078633,503.84377744080473,494.5092599402948,498.19244384765625,1939985
2016-10-14,500.2830784553566,500.2830784553566,493.5292126583285,495.1053771972656,2060800
2016-10-17,494.9011936509894,499.1233565443748,491.96120649819255,494.72967529296875,1004740
2016-10-18,495.7179065383586,498.82123766455595,493.43124412145016,497.4084167480469,776260
2016-10-19,497.5145461327547,502.08787058476634,497.5145461327547,500.69952392578125,1071645
2016-10-20,502.26759087266055,504.70124760472504,499.0825630612265,502.8719177246094,504830
2016-10-21,506.1711584358757,513.3578317226077,504.47247389139596,508.5558166503906,1568765
2016-10-24,509.60123696340975,511.60208512251,501.77753734944343,504.5787048339844,1368975
2016-10-25,507.7882551076989,524.1379275208767,501.18955848514594,522.7659301757812,5564420
2016-10-26,523.6478826662911,531.6348751417981,515.0156901370945,529.576904296875,2462735
2016-10-27,532.4680181794735,544.3832370213703,529.5606794605345,543.0520629882812,3454425
2016-10-28,542.2680151883349,555.3183650249877,541.7290357799575,549.3648681640625,2748385
2016-11-01,543.5746496098974,549.0871631607533,539.4831814223712,543.3460083007812,1557965
2016-11-02,540.797956415277,545.5346243220279,530.8345895349073,532.5985717773438,2000180
2016-11-03,534.1012113299934,537.3678854054062,531.6593804339009,532.8516845703125,804100
2016-11-04,517.441205418315,517.441205418315,500.9118409169279,503.01885986328125,3160050
2016-11-07,510.2545314489601,515.3097120781476,503.23937608653955,507.42071533203125,1145850
2016-11-08,508.13115550155044,514.0111787265688,506.17113114471437,509.43780517578125,1515015
2016-11-09,490.1644593037183,545.6979190750515,483.47594208155715,536.1510620117188,3319875
2016-11-10,540.6346172142128,544.4484456477917,533.292774420979,535.4487915039062,1567985
2016-11-11,527.2411498374765,539.1400155519456,527.2411498374765,531.8553466796875,1673675
2016-11-15,531.896312822747,543.9013526475821,531.896312822747,540.7490234375,1595030
2016-11-16,544.7179672828602,547.9764670878784,521.8512460176127,524.4564208984375,1684820
2016-11-17,519.8096445881789,526.7513287657116,515.4976097849994,523.8358154296875,1160635
2016-11-18,529.854575665421,532.1412377674942,513.2108656740336,525.0933837890625,1093480
2016-11-21,521.704241641927,521.8022378864016,508.1393881430251,511.9532165527344,1215280
2016-11-22,512.0512187723109,514.9503823704233,502.3083682307184,509.8707275390625,1066840
2016-11-23,506.33453884568127,513.8479000363616,505.52604489602965,511.005859375,1548100
2016-11-24,512.0512288186667,514.2644187408744,503.88454255361614,508.2455749511719,1484920
2016-11-25,510.25457408231716,523.264099989364,502.4145748033378,517.5147705078125,1520805
2016-11-28,517.8494813342434,521.116155368449,516.2978410752897,518.2415161132812,1021955
2016-11-29,518.3967088617501,523.1252017984098,516.1345210389176,520.7487182617188,1211525
2016-11-30,523.4844979792092,525.5996912837143,519.1398156650682,522.1614990234375,3023250
2016-12-01,523.4845574223273,530.385416861346,521.9737404943294,528.9970703125,1061115
2016-12-02,520.0545270800391,523.615190025309,514.7951795796295,519.4828491210938,1705250
2016-12-05,522.2595386515529,522.2595386515529,509.36436016855265,517.4656982421875,2031470
2016-12-06,519.5645735020299,524.6197541319216,519.3767058290159,521.9982299804688,575135
2016-12-07,520.2179041120418,524.1379034674917,517.8577198683005,520.0219116210938,767295
2016-12-08,516.1346034468129,529.4544675640966,513.3579100090572,524.5789794921875,1314555
2016-12-09,525.4446637510359,525.4446637510359,516.9676386213735,520.4466552734375,582285
2016-12-12,520.8711947253287,520.8711947253287,512.6473363900393,514.158203125,556605
2016-12-13,515.9712422090065,519.4012605021771,513.5865837118681,517.25341796875,398070
2016-12-14,516.7878970147696,517.3187515603317,512.8597229141008,514.1255493164062,448350
2016-12-15,514.8279103432166,516.1019113776832,506.612226141804,507.5595397949219,612955
2016-12-16,509.11127384262466,511.7245737360257,506.5713963712687,507.60858154296875,800170
2016-12-19,507.9678707495062,508.78453935199735,499.0008654447118,501.2467041015625,1089050
2016-12-20,502.3001799326213,504.37450020255255,495.91382559057143,497.5961608886719,1250775
2016-12-21,498.49451872477005,500.94452445275124,493.3004686988744,496.0199890136719,1171200
2016-12-22,493.8149914470412,496.5345118585316,490.164506708393,492.018310546875,1264925
2016-12-23,490.1808329203598,496.6488845137303,486.7508644685557,489.7643737792969,716295
2016-12-26,488.36783298116154,494.5744945323556,486.5875013775059,487.7145080566406,533075
2016-12-27,488.0410657050936,496.5344378700129,487.22439722175477,495.7095947265625,677985
2016-12-28,496.24045385265595,508.25361545460083,496.1669317564481,501.3609313964844,736635
2016-12-29,501.3610008310844,503.3863728642707,496.79585124746035,500.822021484375,953795
2016-12-30,502.2511743992188,502.2511743992188,497.69414978695585,499.86651611328125,885245
2017-01-02,500.7811479202516,509.1111768180872,500.7811479202516,503.6231384277344,477630
2017-01-03,505.5179270911554,508.7764272404207,500.74043511742843,501.8265686035156,554600
2017-01-04,505.72206821768975,508.50688641909323,502.25940107105924,504.91357421875,1179225
2017-01-05,504.4806701964998,513.6845411207154,502.4145245914585,512.25537109375,1218265
2017-01-06,514.3052175816674,523.2967467043144,513.7988870451138,515.9957275390625,1770195
2017-01-09,515.1546055978569,515.1546055978569,498.47007005104666,499.8338928222656,1401490
2017-01-10,501.57330700258865,502.0878121742722,495.7423314659962,496.8366394042969,1230110
2017-01-11,498.9926520166047,499.8011458949797,493.58631027577223,496.93463134765625,1385185
2017-01-12,486.2444635531048,493.12079863102883,480.69107766297066,491.38946533203125,2171950
2017-01-13,488.69448195675596,490.65445657627276,485.91778893890796,486.6936340332031,987580
2017-01-16,489.8377613941012,491.1444609149016,484.34159828284686,487.60009765625,1008200
2017-01-17,488.0494097374036,490.00126005286893,485.22376770555576,486.17108154296875,588425
2017-01-18,486.17921796427214,487.09388292345176,480.52788449959047,481.5160217285156,2155100
2017-01-19,483.1412296254798,485.87709994190874,479.1314078533822,480.2420654296875,1407100
2017-01-20,480.20113646247063,483.4188127380288,476.93446206476676,481.4097900390625,1204385
2017-01-23,480.03784904159426,483.4596928681037,474.3211681755261,477.5306701660156,1196865
2017-01-24,480.2420033181863,486.7018804368401,478.8536566046115,485.6483459472656,996480
2017-01-25,485.91774334923974,491.4710790184191,482.75724033391816,489.3967590332031,1638155
2017-01-27,485.10114108058247,491.8876550503648,483.467803905227,489.1109619140625,960555
2017-01-30,488.3678250106284,497.17153648431685,487.3959873784095,492.7859802246094,963170
2017-01-31,493.9211252022986,496.8611618665665,491.99379940231245,493.0718078613281,723155
2017-02-01,493.44753001274944,495.3830806583274,480.8708621433225,490.19720458984375,1332865
2017-02-02,490.5074765218746,512.7862192188143,487.06928386978626,505.8526611328125,2519370
2017-02-03,507.9679252675232,515.971268461802,503.5497695858824,513.611083984375,1382600
2017-02-06,517.7679308021192,518.9112868651185,497.49820866528296,505.8118896484375,2484805
2017-02-07,505.51778628834734,507.9677917146237,497.6777888624583,500.6341247558594,966585
2017-02-08,501.0996779859876,501.0996779859876,490.1644741285426,492.524658203125,1913425
2017-02-09,493.59458776685267,494.803241505879,490.49120679556523,493.77423095703125,943990
2017-02-10,494.0681741260421,495.61168980684437,485.1011684774723,486.08935546875,1575005
2017-02-13,486.88965895740654,488.08201306838777,482.7246689985683,484.6029968261719,752775
2017-02-14,485.395234696247,485.395234696247,479.384564555037,480.43804931640625,1403590
2017-02-15,480.2011320439853,480.84628228721715,474.68044438738406,475.5216369628906,955495
2017-02-16,475.97084087501906,480.60951294543685,457.1629374536253,477.4571838378906,6839345
2017-02-17,477.9145235941982,482.4470248189109,473.66783647053467,475.7421569824219,4487480
2017-02-20,477.32648035880044,477.75933867254713,472.0344834157031,473.4636535644531,2801810
2017-02-21,473.3411647413115,479.40088246292686,471.2341953566551,472.6960144042969,7622450
2017-02-22,473.9945287294534,478.07787218906105,472.7286523805741,474.1905212402344,4282200
2017-02-23,477.5877610152513,477.5877610152513,469.5844191450089,471.6097412109375,3736795
2017-02-27,471.1688272465647,471.5199887952789,464.9621652561052,466.6445007324219,3574905
2017-02-28,468.8086538611308,469.2578116737684,464.6844869251833,465.49298095703125,2713290
2017-03-01,466.31780818156756,481.63852032757643,465.51748883962665,477.4734802246094,4490315
2017-03-02,475.28480980208855,475.28480980208855,467.52645754831667,468.8494567871094,2129260
2017-03-03,470.6543081426381,472.65515630617193,467.7224457542846,468.94744873046875,1456010
2017-03-06,471.0544419239652,471.0544419239652,465.6644490631098,466.9466247558594,1060050
2017-03-07,468.60441512770575,470.9237757966957,465.50108453324947,465.87677001953125,1049300
2017-03-08,465.33776025158403,469.2169361177621,461.0910735447742,464.9784240722656,1830855
2017-03-09,452.43446051178506,454.55777919692486,441.00109869379776,441.7932434082031,10976435
2017-03-10,442.45480366293754,446.37480355529004,441.16445312680173,443.5899353027344,2744225
2017-03-14,448.628768109389,449.95989212131883,443.7287563187598,447.69775390625,2489210
2017-03-15,444.92105307550037,450.147752168408,444.92105307550037,447.46905517578125,1389340
2017-03-16,449.1677758035554,451.61778185339296,448.3592817823891,449.4454650878906,1559495
2017-03-17,449.6576640673251,449.6576640673251,444.9209966531467,446.9218444824219,1816910
2017-03-20,447.8611298055006,448.5144547887961,445.9011050101128,446.6116027832031,2005400
2017-03-21,445.90106500031527,445.90106500031527,424.66768095268117,428.4652099609375,7268165
2017-03-22,419.881993483516,434.4513329608812,417.35031591423507,429.510498046875,4430915
2017-03-23,428.7510107962082,432.4586682594772,427.9343422042154,429.763671875,1580595
2017-03-24,429.69834691159195,432.01770776621214,427.33821243983306,429.2981872558594,1725910
2017-03-27,427.44436879180796,432.475025478319,427.1176814108479,429.8861999511719,1781095
2017-03-28,431.2010069210201,432.6791750456228,428.95516834330647,430.83349609375,757685
2017-03-29,431.176479407209,431.73998271227714,428.7509976889769,430.163818359375,1638910
2017-03-30,429.58398652405725,432.18916107049745,425.6639377910574,426.8318176269531,3599995
2017-03-31,426.9543476679297,432.0177031178049,426.9543476679297,429.9515075683594,1475205
2017-04-03,431.9850610011342,449.8210761539733,429.094022119486,448.2612609863281,3442145
2017-04-05,448.3510960211318,452.43443933644267,436.5910473348368,447.75494384765625,5168335
2017-04-06,447.6650551035062,448.8737585730442,442.2832367354901,443.9573974609375,1452065
2017-04-07,443.12441468365137,443.12441468365137,433.48773403620567,434.6882629394531,1614060
2017-04-10,433.65107894927877,436.22360528802596,429.9678951433747,430.5232238769531,952460
2017-04-11,432.99768017766695,433.3243176941421,428.57947535768693,429.25732421875,701145
2017-04-12,430.05769385505187,433.1447252972956,427.1667047602592,431.9931945800781,1226155
2017-04-13,433.6510380044061,435.4477189407554,430.7191757212842,431.356201171875,797180
2017-04-17,444.26770013797557,444.8393781035753,433.0875054697277,434.6718444824219,2340540
2017-04-18,436.901347436127,438.2243465676441,428.5876671502934,429.31451416015625,1064085
2017-04-19,429.56770094504543,430.5477132737154,425.0760234636809,425.8763427734375,1012230
2017-04-20,427.6076661226567,429.56769073340314,425.57416925016776,426.7093505859375,739165
2017-04-21,429.5676826251351,430.3843512232817,425.8110270118587,426.24383544921875,550770
2017-04-24,427.8771632661238,429.03681869333275,423.04249922781383,426.7583312988281,694280
2017-04-25,429.24101971360307,433.0957216362236,427.468862711354,432.1728820800781,1375775
2017-04-26,431.36441148604234,432.89157794678675,425.66403014205156,426.4072265625,1617520
2017-04-27,426.5297494703776,428.75106439243683,422.58522572122683,424.1042175292969,2010110
2017-04-28,426.3418194211896,426.76650303055993,421.980837146094,424.5288391113281,681870
2017-05-02,421.0743470937189,427.4035292979419,419.1143721893886,421.8338928222656,1116720
2017-05-03,424.3410206552586,425.45172792815237,420.0943834510465,423.94903564453125,641200
2017-05-04,424.1777114954283,427.9180179773515,422.8138389780587,425.647705078125,606545
2017-05-05,425.3209974979183,428.75101559175147,423.68766029566405,425.15765380859375,684185
2017-05-08,423.2793350688396,426.4561879582446,422.80565331329285,424.74932861328125,551390
2017-05-09,425.1576746441043,425.3210183414337,420.42100649453823,421.5888366699219,511765
2017-05-10,423.36108258796185,428.4080892746642,421.2540633425707,425.13323974609375,1834655
2017-05-11,427.9098768655573,427.9098768655573,420.5843825172626,423.6877136230469,1070850
2017-05-12,425.15765734147055,427.11768193866095,411.9194911083133,421.5316467285156,6152355
2017-05-15,424.66763632232943,440.8376632747352,423.3609866103034,437.0483093261719,4733780
2017-05-16,439.49839760899823,446.55442701066227,439.49839760899823,444.93743896484375,2202310
2017-05-17,444.2677322303043,450.80108123369115,438.8042171324022,447.028076171875,2049090
2017-05-18,440.18435975053717,444.2431786223999,436.46035306075316,437.5628356933594,1412055
2017-05-19,440.1761752071678,440.1761752071678,430.71101459565335,433.8878173828125,1303385
2017-05-22,437.7343867495661,438.05289947896375,425.0106755063375,426.08868408203125,772310
2017-05-23,427.73833483427256,427.73833483427256,415.3249626988063,421.3111572265625,1422140
2017-05-24,420.2576242982265,420.2576242982265,409.96762030059233,411.0782775878906,1831575
2017-05-25,409.543030727765,409.698199775373,391.67431549339125,396.52532958984375,4041550
2017-05-26,408.3343297723594,409.9594924295735,392.6216327379989,394.35296630859375,3605155
2017-05-29,396.91726238264545,402.6176181596096,388.79142479940134,396.2231140136719,2717540
2017-05-30,395.25942706117894,408.33429930004564,394.6387758737113,405.2881164550781,2189925
2017-05-31,406.70095995218463,415.52097080132575,402.4542732928218,412.22979736328125,3930430
2017-06-01,414.86766115326884,419.4001620491313,410.60464993742175,412.0583190917969,1622510
2017-06-02,414.08366352545335,420.5516899534635,412.4421516261055,417.2359924316406,1466455
2017-06-05,415.38214849775807,419.4409674601011,411.6172933418504,414.1898193359375,1123385
2017-06-06,414.0427923774095,419.03262540187717,410.94763642617465,416.3866271972656,860555
2017-06-07,414.5409825608293,418.86934105497096,410.9557954766342,414.97381591796875,1235945
2017-06-08,415.76597150359714,435.4885123674764,415.76597150359714,430.5885009765625,4227380
2017-06-09,432.8343710950433,432.8343710950433,424.99437223604895,429.3717041015625,1031055
2017-06-12,428.9633702379974,433.96955290033253,427.45250337340934,429.6085205078125,692145
2017-06-13,430.09037628355384,432.09934919830374,426.63583410767194,429.0287170410156,679580
2017-06-14,435.77438302371894,440.8377387543705,432.0830745247536,435.9867248535156,3744195
2017-06-15,434.90868985056017,444.42289923145063,433.651038117536,441.08270263671875,3473260
2017-06-16,443.3203783253502,443.96552853650803,429.731001668627,438.1590270996094,1852690
2017-06-19,436.4277421574357,436.4277421574357,431.2908644989086,434.05120849609375,2209015
2017-06-20,434.5248516105652,440.1843588138555,433.42231913481123,437.0892028808594,982635
2017-06-21,436.9177148016593,440.1843893048493,433.7735605305378,438.8858642578125,896080
2017-06-22,439.38406877436137,440.9847073753336,427.6975427656746,430.48236083984375,858935
2017-06-23,430.56400663168074,434.36971032073285,427.08504017487144,431.80535888671875,1164040
2017-06-27,429.60851667520467,436.1010421596015,429.60851667520467,433.3406982421875,1329355
2017-06-28,429.7310031130439,435.2353411920984,428.77551486153715,433.1201477050781,959840
2017-06-29,433.0304086095246,435.60293498300416,431.20925333765,433.07940673828125,907940
2017-06-30,432.83433542221593,442.79770179159954,432.01766686481557,439.384033203125,1638215
2017-07-03,441.0010136311202,441.9973253286728,435.28433382479085,438.1508483886719,723230
2017-07-04,435.79074886963895,437.09739885492615,426.3500606662585,428.5387268066406,1321265
2017-07-05,428.1793620566688,435.9377142104831,428.1793620566688,435.2762145996094,906630
2017-07-06,435.2762307061694,437.5710676974989,431.5440488662988,435.7580871582031,624680
2017-07-07,436.06841035706054,445.81943603319263,435.65190137022466,441.8830871582031,1424960
2017-07-10,442.7977104714489,448.4326937206745,442.7977104714489,445.2803649902344,200975
2017-07-11,445.9010504737213,446.29303544665623,438.2243457837779,439.5718688964844,804630
2017-07-12,439.9965346211753,444.5045111630903,435.8804931907617,439.384033203125,1065875
2017-07-13,439.89858673912903,444.22692060005795,438.2243761360211,440.02105712890625,685915
2017-07-14,440.8622269012506,445.08438963147455,438.7797319280374,441.49102783203125,976430
2017-07-17,443.8605330398833,444.8972139668008,441.3758432712847,443.83587646484375,1009480
2017-07-18,442.64296604001026,451.4135276210552,442.2398234179389,447.4067077636719,1505540
2017-07-19,448.07308520223245,458.2423917869072,447.63705045244734,456.4652099609375,1823010
2017-07-20,456.62154572174717,457.1892496207195,451.24897278593477,452.532470703125,939445
2017-07-21,450.5414144442388,457.4525887495852,448.7313904178055,454.5811767578125,1412580
2017-07-24,458.2753187145778,458.6044413642153,442.46196467569183,443.70428466796875,2589475
2017-07-25,443.70429309052,446.4852138164282,440.9974425381593,442.9967346191406,1874800
2017-07-26,445.6048566389916,447.01178819424257,441.1455309068346,445.4978942871094,873325
2017-07-27,445.93396179499985,448.0731083145707,425.69417475976485,431.18194580078125,9113325
2017-07-28,411.29590629501087,412.45599579524526,403.33163062162697,405.61065673828125,7744985
2017-07-31,401.17597122597334,402.8379298893897,390.8092369709332,392.1585693359375,7625340
2017-08-01,391.46747692240405,404.4670428367455,389.9536081909615,400.1146545410156,5170390
2017-08-02,400.698774073522,401.488638219152,390.38142789509953,391.3934020996094,2852295
2017-08-03,392.9484738671398,394.42942538972676,380.8292626796313,382.4089660644531,3887925
2017-08-04,380.9362352887471,380.9444708879551,366.96582176759506,368.5208435058594,6133195
2017-08-07,368.59487143747265,371.39223820792546,362.0128201618035,363.1564636230469,3680390
2017-08-08,362.96714638192856,363.1563893564752,343.0646708985573,344.8418273925781,6804955
2017-08-09,344.0602952850222,346.38047456109985,334.4505057222971,337.05865478515625,5624935
2017-08-10,336.01372241832615,345.39314073848124,318.2586496312232,319.9617614746094,7700035
2017-08-11,316.7694506358056,334.030863894857,312.83667603527135,330.93731689453125,9289565
2017-08-14,329.1025167608123,335.6681210092611,324.18242509616755,329.4398498535156,4216350
2017-08-16,328.2797597949596,332.03152646964827,324.1742139415265,329.9664001464844,3310680
2017-08-17,330.7480767666738,334.35175385925805,327.86019373330885,330.9537658691406,2700655
2017-08-18,328.77345546740247,330.34492317099506,324.37993939789374,326.140625,1746485
2017-08-21,327.4570537112376,329.26712787064264,316.1194712981396,317.7649841308594,2091475
2017-08-22,320.0522137222595,331.4062410808194,318.40670105530705,326.494384765625,3860820
2017-08-23,327.62161876357146,337.897838486035,327.62161876357146,334.1954345703125,4049980
2017-08-24,333.7099991320033,345.55768620888716,330.83856223708443,343.6077575683594,5624835
2017-08-28,342.9247822199498,343.8709719591297,333.5618375338645,337.2313232421875,4220880
2017-08-29,337.1655298493112,340.2097382763326,334.3681633833763,336.02191162109375,3036830
2017-08-30,336.83646241407376,341.3451764886806,334.2694664842,335.50360107421875,2007245
2017-08-31,336.3427868249454,337.60983863805745,330.08985863339586,332.5416564941406,4189045
2017-09-01,348.0259832562395,367.4430407716751,348.0259832562395,364.9007263183594,18067945
2017-09-04,367.6075563586662,368.00248847713164,357.6110709332259,361.2065124511719,4736175
2017-09-05,361.73306537123426,365.0323264197851,359.0344255064154,363.5184326171875,2567635
2017-09-06,359.6021204056345,363.32920563036305,358.0224171813215,361.502685546875,2636260
2017-09-07,362.6709959867221,367.77209549789075,362.1773622540872,366.11834716796875,2456970
2017-09-08,366.7847823241585,366.7847823241585,339.9876262442117,355.8421325683594,8597120
2017-09-11,356.91174299751555,361.68374553990094,354.4434736127235,355.3485107421875,2226885
2017-09-12,356.2535141715631,361.5849845774516,351.38278533190214,356.3769226074219,2589985
2017-09-13,359.87363015674066,366.6202424142898,356.936383898441,364.8677673339844,3776210
2017-09-14,367.6075377192331,372.70040168102844,366.94934266369756,370.7916259765625,3066270
2017-09-15,366.159506857872,369.41761509648535,362.19381507510917,363.85577392578125,3364005
2017-09-18,362.6709708577335,371.6472451993222,357.9977210500273,368.9321594238281,3654810
2017-09-19,367.2784468355902,372.70864402185344,362.0128109704537,368.84991455078125,2833950
2017-09-20,370.24034158276106,383.239881310477,368.5948289535043,380.8868103027344,6665490
2017-09-21,386.0784069524678,411.37816404098857,386.0784069524678,409.1649475097656,20286820
2017-09-22,410.390825357849,415.7798940955372,402.582876239495,404.42584228515625,9956755
2017-09-25,405.45434903065023,407.2644231770726,395.7458334306504,397.7615966796875,4555245
2017-09-26,397.2267307570813,397.3912920601454,382.1949822269204,390.1098937988281,7122180
2017-09-27,388.3410166867473,392.29023732150466,375.35792183660374,379.2413330078125,4677680
2017-09-28,378.4679658885052,397.3913641829305,373.89344204862255,390.8751220703125,14078165
2017-09-29,390.87506650326054,393.3927239748063,381.7753834952843,383.1987609863281,5667975
2017-10-03,397.3913293645868,397.3913293645868,381.8330032909328,384.3177185058594,4894300
2017-10-04,385.3790650651295,394.65975558636364,381.68489712912947,392.8825988769531,5939900
2017-10-05,393.6065808433857,399.5962452761221,390.9737759361607,393.1376037597656,3797520
2017-10-06,394.1003035830039,396.5521266193141,389.65742418018374,390.94915771484375,2668810
2017-10-09,391.6320162510424,400.3532384413642,391.50860782224925,396.3957824707031,3165240
2017-10-10,398.16472465193885,400.06528988156253,395.18635057291067,396.79071044921875,1581675
2017-10-11,396.55209621553837,398.22229052421477,386.92583732369974,390.34027099609375,2251475
2017-10-12,394.42937850039186,394.42937850039186,388.09416984185526,391.6073303222656,2080470
2017-10-13,390.4801840403585,391.56622849098403,386.69549966027495,387.4277648925781,1708945
2017-10-16,387.6827476586519,396.7330662362573,387.6827476586519,395.4989318847656,1933290
2017-10-17,394.4293878785851,394.4293878785851,390.89154562856567,391.8541564941406,1535550
2017-10-18,392.7345545911451,395.58128483253347,390.9738688725525,392.5206298828125,1665570
2017-10-19,392.45477249900654,392.78387001189077,388.67832392760585,390.4883728027344,236515
2017-10-23,393.2940420450482,397.3913783390451,387.02464170849345,389.36126708984375,1819780
2017-10-24,390.4801089595142,392.01042348416854,387.68274281942337,388.9415588378906,973365
2017-10-25,389.3283295731237,394.11675262855755,385.0829036336981,386.5062561035156,1478480
2017-10-26,386.59680014481506,388.0037066271904,380.9362318187818,385.76580810546875,2246210
2017-10-27,387.468892698932,396.5685762787196,385.0170696405438,394.0920715332031,2174680
2017-10-30,394.264871477843,405.6188995976085,389.5011049572508,401.25830078125,4161095
2017-10-31,398.21404847973287,412.03634425132,393.2775106886618,399.5551452636719,9786665
2017-11-01,396.8976580735361,397.99193807941447,386.3663868407896,387.3865966796875,5880460
2017-11-02,387.3866150985399,401.5051177436988,387.3866150985399,396.7989501953125,6199435
2017-11-03,400.63297477094653,403.117689882165,393.76295430059184,398.06597900390625,2883230
2017-11-06,397.22676676590737,398.0659943356692,391.7389958198125,393.6477966308594,1418335
2017-11-07,395.2850859522338,397.3913403229024,384.63861615104946,391.3029479980469,2591750
2017-11-08,391.6649095766279,398.21404258545505,385.04994200411767,386.135986328125,2161975
2017-11-09,389.75611284255694,392.3066623772631,385.082863115752,390.0029296875,1729270
2017-11-10,389.9535926425792,391.6155765391541,385.0499718266288,386.3417053222656,1048780
2017-11-13,387.46887934562193,390.809268134043,383.41269654661505,385.7246398925781,1495910
2017-11-14,386.48160013892436,386.68728924788553,380.12170895930706,381.808349609375,1396310
2017-11-15,382.4829525162187,384.5562893518191,377.3160439598715,380.1380920410156,1122475
2017-11-16,382.10452294140987,385.39554840882005,380.93619785272534,383.9886169433594,1414750
2017-11-17,383.9885753173093,387.8390937792501,378.96154651288754,382.1867370605469,1373285
2017-11-20,384.5563373934388,384.5563373934388,371.9105755081066,374.263671875,1367925
2017-11-21,374.3870338796501,410.3908325032034,374.3870338796501,393.96038818359375,11964410
2017-11-22,389.16373097733555,392.44652058869394,384.39996495675956,388.44793701171875,2684365
2017-11-23,388.5138022633628,389.4928844123634,378.4679534002371,379.49639892578125,3433715
2017-11-24,380.1133839599384,382.23608401741694,376.30401854055117,377.6533508300781,1730500
2017-11-27,377.8097527817408,379.4223483118201,375.26741338426876,377.6122741699219,1231110
2017-11-28,376.82242989409235,379.1261377626956,373.20230676834467,376.97052001953125,1535515
2017-11-29,377.48055202262685,381.7424484187568,373.5313321228885,374.6502685546875,2875165
2017-11-30,372.05042806762947,380.46720938071667,372.05042806762947,375.84332275390625,7260235
2017-12-01,375.17687866199157,376.16419628082986,365.71518106415624,367.591064453125,2646440
2017-12-04,374.35413897024813,374.35413897024813,366.793006110716,368.9897766113281,1477975
2017-12-05,369.74671568018886,369.74671568018886,362.3583793867145,363.5513610839844,1428905
2017-12-06,363.3292132436981,365.92089075346667,361.09131494233736,362.04571533203125,1303650
2017-12-07,363.32920675362243,364.48106061421845,360.0381813756159,361.41217041015625,1172195
2017-12-08,363.01654844678603,363.3291998691374,358.61479706540206,359.6185607910156,1919085
2017-12-11,361.79891343486395,364.30010007426694,357.24086077816173,360.8445129394531,1888965
2017-12-12,382.4994208336695,382.8120722630049,367.57463375025515,371.2852478027344,7411070
2017-12-13,371.8858701741474,376.3863484126758,370.74222679563195,372.0010681152344,2007880
2017-12-14,376.5097285376327,381.70955430439824,374.35411108020594,380.2203674316406,4181020
2017-12-15,382.58171318211424,391.63203327889545,381.1748068156399,390.23333740234375,3718400
2017-12-18,389.1637427981064,399.53047754339843,383.88987172729026,394.10028076171875,2641755
2017-12-19,395.6635156105362,398.4773533178078,393.47498075122064,394.84075927734375,2244795
2017-12-20,394.100289748594,394.100289748594,386.7612920942485,387.68280029296875,1459875
2017-12-21,389.1637588079076,390.7599081571553,385.214538317963,386.98345947265625,1249705
2017-12-22,388.34099752720886,388.834656359331,383.4044594230494,383.8487548828125,1248010
2017-12-26,384.2189999209409,389.49287141293837,383.2399178046174,388.390380859375,2054680
2017-12-27,388.83468680065397,398.88053559870514,388.67012547421956,394.9724426269531,3467600
2017-12-28,396.552147379398,402.8873567327612,395.1287697372123,399.859619140625,3823400
2017-12-29,399.8513515599179,402.4841819302977,395.44138956434256,397.2596740722656,1659835
2018-01-01,396.56859308712063,400.8469364999386,393.9439981075917,395.60595703125,1210405
2018-01-02,399.3659307891557,401.3405410248579,394.1990218699448,396.4369201660156,1257685
2018-01-03,392.70159173806275,392.70159173806275,377.1679731023604,384.8854064941406,4430010
2018-01-04,385.5435918206886,398.2140333135035,385.5435918206886,396.7001647949219,2793085
2018-01-05,399.6950483149475,407.9226122992695,394.08386876012474,407.0011291503906,3199500
2018-01-08,406.4416654765312,413.35281428074137,406.4416654765312,407.5277099609375,2929355
2018-01-09,407.18211576621786,407.3878048553207,403.1506146415091,404.4341125488281,1219120
2018-01-10,404.7879335126216,406.7707795491403,398.21411758149264,399.16851806640625,1721640
2018-01-11,399.3659199294759,403.31516540202256,397.8849685701026,399.09442138671875,925725
2018-01-12,400.35321559523976,403.78409526255956,397.1691527714216,402.7638854980469,1778900
2018-01-15,402.6569185843292,405.00177900504855,399.04503157000323,400.14752197265625,784105
2018-01-16,400.8469135852666,408.74535465197516,400.1475656489244,406.22772216796875,1860665
2018-01-17,405.94794857310654,412.3654627019443,405.2650718999764,410.03704833984375,1908940
2018-01-18,411.37817212658365,416.9729052240928,403.17529037003834,405.0429382324219,2920990
2018-01-19,405.94796956378804,412.20092271449647,403.47970056549764,409.7902526855469,1204480
2018-01-22,401.50508337005596,414.5046231570678,401.50508337005596,410.8104553222656,3462075
2018-01-23,413.02369368409984,419.5975089811147,411.54274227605555,414.7350158691406,3650455
2018-01-24,415.16292176478487,430.30163586331696,415.16292176478487,421.152587890625,5631385
2018-01-25,420.2639076336622,427.3560629161729,403.67716273549206,412.6534118652344,13260150
2018-01-29,402.9778615169203,403.4797308655001,385.3790901854051,387.86383056640625,5772835
2018-01-30,387.68280122763514,387.68280122763514,376.0325683267324,379.47991943359375,4290010
2018-01-31,377.3160659605919,379.47991917174073,362.5969428526822,366.1841735839844,5719535
2018-02-01,366.12661157017783,366.12661157017783,354.2953700822975,355.09344482421875,4841605
2018-02-02,353.78521878835494,363.8310664589102,347.21140380420337,349.4328308105469,4798230
2018-02-05,347.23611014678676,351.97516982862527,343.69003215255094,348.27276611328125,3018190
2018-02-06,337.3301226557005,349.50690728376156,330.01580623675324,344.8501281738281,3816170
2018-02-07,349.6960818453769,353.29152257792015,344.940551807506,347.4335021972656,1990805
2018-02-08,349.6714718900485,361.35462287661153,349.6714718900485,358.79583740234375,4448115
2018-02-09,353.7852604747154,363.3292399650423,351.0866204224124,360.99261474609375,2395615
2018-02-12,361.14062972033184,366.90815905696695,358.5571630479837,362.71209716796875,2413130
2018-02-14,363.65834793714913,366.29117859911224,357.9977795899023,359.26483154296875,1549165
2018-02-15,362.6709931639351,365.13926224202504,358.2774772179588,361.3216857910156,1725925
2018-02-16,363.1646533321698,368.5948503455743,363.1646533321698,364.2424621582031,2294485
2018-02-19,365.7974687585056,367.59930712702516,346.3886499776671,354.11431884765625,2811550
2018-02-20,354.60799451497445,361.4368623241703,352.83083774753686,356.0313720703125,3345125
2018-02-21,358.75470768857633,362.3419135405025,352.26314764044105,356.401611328125,2490025
2018-02-22,356.58258231760584,357.50406537412204,343.3444362067496,349.4163818359375,8326545
2018-02-23,352.534698014461,359.5445740343652,351.32524501050744,356.59088134765625,3717530
2018-02-26,348.8487219564635,363.1975959248649,343.9121834382117,360.99261474609375,5923745
2018-02-27,362.04573712589314,368.8499235869799,361.73308567321226,367.9366760253906,3380760
2018-02-28,365.80568388575614,373.0295086474531,365.00763434099565,368.142333984375,4963885
2018-03-01,362.0210473747137,368.55373512317374,360.951449002074,367.1961669921875,2153885
2018-03-05,366.91642651596896,368.5784104654268,358.0306676960293,358.8534240722656,2991720
2018-03-06,362.2514470752928,365.9291694382858,356.5579613515043,358.1376647949219,2075000
2018-03-07,358.1458294628944,362.7203527646991,352.63337697760596,353.71942138671875,2462470
2018-03-08,357.5535075803685,359.050930431635,350.1816163943013,352.6992492675781,2383815
2018-03-09,356.088931808775,359.1825036636625,344.73490442714063,350.4777526855469,2354070
2018-03-12,355.43080425979036,356.0396360286521,349.1778499038832,353.5220031738281,2652140
2018-03-13,352.4688570174326,361.0502007371085,352.3454485720389,358.9686279296875,2596345
2018-03-14,359.5445381832049,361.354612263238,356.54969290688325,358.96038818359375,1333845
2018-03-15,359.1249225147959,365.040542866742,358.2281210780065,359.1742858886719,1678835
2018-03-16,358.72183351361946,363.49381116373496,348.56902133040967,352.4935607910156,2971805
2018-03-19,354.6079811704737,357.07625018094103,347.556953337858,348.8240051269531,1460745
2018-03-20,348.0176959615217,355.9079262431954,345.8785495659467,354.9617614746094,1936860
2018-03-21,356.87881473001653,358.6970992958941,350.56002666141126,352.4194641113281,1845300
2018-03-22,351.97514212289377,353.90862448819684,345.08046528242363,346.9234313964844,2052010
2018-03-23,344.07669842297094,345.87030115031314,339.008516547159,340.99957275390625,2371980
2018-03-26,340.9502454356583,347.1620712897573,337.37948569051383,346.21588134765625,2501400
2018-03-27,344.8994777983744,348.68413698557777,343.9121601182586,345.9608154296875,1622835
2018-03-28,346.05134045824036,347.7955799765991,340.88443136619213,342.3571472167969,3328235
2018-04-02,342.26665028260715,351.81062920642466,342.26665028260715,350.83978271484375,1229875
2018-04-03,347.3677371560372,353.76054488547646,347.3677371560372,349.6549987792969,1395115
2018-04-04,349.50691032159835,349.7125994225664,342.2584284121648,344.1425476074219,1768595
2018-04-05,348.0259347372537,351.4156868691026,345.0640068667198,347.3841857910156,1875550
2018-04-06,347.5322954468937,351.0866090913704,346.38867711684543,349.6385498046875,1324225
2018-04-09,348.84872373582056,351.38280247369397,347.03864955981567,349.0544128417969,1116435
2018-04-10,349.34237000317324,351.31698032757015,342.7191659646651,347.54876708984375,2579905
2018-04-11,350.4942224780325,350.99609182432096,343.91217135168444,345.6728820800781,1530100
2018-04-12,341.9374774746113,341.9374774746113,338.03759606148043,339.0578308105469,3396280
2018-04-13,340.9996016518801,344.8994839603341,340.25912593282976,343.9039306640625,2206760
2018-04-16,342.46410088303054,347.20318557393574,341.44389102650075,345.9608154296875,1447925
2018-04-17,346.3804561106613,348.37974820420686,343.5830892777926,346.470947265625,1468190
2018-04-18,347.9765390021987,348.39615273482053,344.08489280424214,345.8291320800781,1139040
2018-04-19,347.36773869453634,352.13971544926824,346.7095185538116,351.5308837890625,1612750
2018-04-20,350.4942077151267,353.11880249989196,346.5531977388331,349.1613464355469,1336685
2018-04-23,349.4081483517045,352.4688028699509,344.7348984747998,351.4074401855469,2725725
2018-04-24,350.8069109196267,358.72182421639343,350.00883613205156,353.8099670410156,4431075
2018-04-25,354.0238342343309,354.76430992210794,347.69683594128594,348.51959228515625,1444495
2018-04-26,350.16515980564253,353.3245416478117,339.6503330887934,341.74835205078125,6777745
2018-04-27,345.22859185012885,347.5652170225023,342.5957613161272,345.18743896484375,1596720
2018-04-30,347.3348230293207,349.984099475325,345.2367792759285,347.1784973144531,1113320
2018-05-02,348.2563458938643,350.13222957797484,345.89503892181887,348.55255126953125,991145
2018-05-03,349.2107010016427,349.8524499389057,343.52545171107363,349.0296936035156,900380
2018-05-04,350.4942317780031,352.9625010158764,345.21212456119974,346.64373779296875,1822665
2018-05-07,347.20321146086593,347.32661990294866,338.1528907829761,340.53887939453125,1720485
2018-05-08,343.9121429945541,344.57857360746397,339.7983613797867,341.4356384277344,1252220
2018-05-09,341.58379158565987,343.08942477613147,338.72882582358915,339.6914367675781,1271755
2018-05-10,338.1528464167194,338.8110414271598,326.1405991622053,327.3912048339844,3301590
2018-05-11,329.67847816373586,332.04799535104877,322.5204879040848,327.539306640625,3022440
2018-05-14,331.07715064766666,336.1782500676947,331.07715064766666,332.0233154296875,2908575
2018-05-15,332.02329979409654,334.03906280269723,325.5153194591366,330.501220703125,2023605
2018-05-16,330.08984034137677,330.501218494789,326.63425380930215,328.10699462890625,1372185
2018-05-17,328.4114194444975,328.4114194444975,320.89141454195766,325.342529296875,2330875
2018-05-18,326.27226903422337,327.7861377649935,323.7299548253323,326.140625,2536480
2018-05-21,327.6215718283514,327.6215718283514,310.5082255600021,311.5037536621094,2528680
2018-05-22,313.058769608314,335.02637268337355,311.00187887501363,330.6822204589844,10095680
2018-05-23,325.4824057160206,328.09876479161113,318.37377904815537,321.59075927734375,3670390
2018-05-24,322.9647877325197,326.66719134274945,319.71489007568323,324.65142822265625,2292270
2018-05-25,324.98876090586424,328.41143036285865,323.3432481924168,323.8122253417969,2176245
2018-05-28,323.6312260621958,331.08539683253156,322.52049993103304,328.20574951171875,2541820
2018-05-29,329.10255489758805,331.4967789974919,324.5938408564195,325.9267272949219,2453350
2018-05-30,324.9887698015035,324.9887698015035,321.20408543527327,322.8166809082031,1679240
2018-05-31,324.46220037930243,324.46220037930243,316.9175382863229,318.6700134277344,9300890
2018-06-01,319.2294680904326,323.08819743247625,317.9706518623554,319.4598388671875,2209305
2018-06-04,325.48237789482084,333.69346920977557,323.343206620663,328.4443054199219,7002105
2018-06-05,325.81151315058327,327.05388326828637,321.53317010620356,323.0799560546875,1826720
2018-06-06,323.0141572422262,325.46595516567754,320.5458881218453,322.59454345703125,2078025
2018-06-07,323.3432575711924,325.3096573728938,322.717954687215,323.33502197265625,763500
2018-06-08,324.6596468362482,341.0489385660078,324.6596468362482,339.4527893066406,5567795
2018-06-11,339.3129445400452,349.6714438277058,337.6015972953582,342.793212890625,8061475
2018-06-12,345.06400770996004,361.19003717024674,345.06400770996004,360.4742431640625,10485570
2018-06-13,360.3672813373578,379.12611607588997,359.5445249872725,371.27703857421875,12901270
2018-06-14,371.89409738275845,378.4103134665276,369.6726452446145,373.4326477050781,7944815
2018-06-15,378.9615539123308,392.5863961277665,377.8508278940936,386.6707763671875,22284555
2018-06-18,384.88541730020097,396.73312903676555,377.2173470649371,392.59466552734375,11550755
2018-06-19,395.44960911995855,399.79376147887945,391.06430387997943,393.77117919921875,10532330
2018-06-20,393.771237581318,396.55215836853614,387.1809504559008,389.6163024902344,5748405
2018-06-21,393.11297823339225,393.11297823339225,379.5374983117362,381.16656494140625,5575655
2018-06-22,382.58175086056633,386.2841549011525,374.1978605910897,384.4329528808594,8336385
2018-06-25,379.2906944073271,382.8779002025547,375.3414737931367,376.84710693359375,5713835
2018-06-26,375.835124093806,375.99968542186787,371.45807900464075,373.06243896484375,3140740
2018-06-27,371.5403135218095,379.58686988114755,369.5657032395455,377.4477233886719,7760350
2018-06-28,376.6578286473743,382.73800982992935,373.8933794980684,377.7685546875,6142315
2018-06-29,375.1686706356125,375.8351012893194,365.7974885999304,367.78033447265625,4492115
2018-07-02,366.94932367130673,371.97635280224273,362.3830360771052,368.6524353027344,3871625
2018-07-03,371.55676010691775,375.83507791700566,367.8049932865732,374.1484375,3782865
2018-07-04,374.15670250930054,384.7208915031671,374.15670250930054,381.30645751953125,5327675
2018-07-05,383.3962572219836,386.48159380584303,376.45219100856116,378.2458190917969,4154695
2018-07-06,378.46789396901744,381.74247304721126,371.2029669651477,373.3750305175781,2781090
2018-07-09,375.5060176304943,384.2272405315026,375.4978071402595,383.4127197265625,3649485
2018-07-10,385.9715087349957,385.9715087349957,378.96163269423766,382.06341552734375,3329700
2018-07-11,378.6324896134362,383.89812533325124,374.35414646753736,378.6900634765625,4100335
2018-07-12,382.86143444675383,392.89083629777673,382.85319884857654,387.88848876953125,6561835
2018-07-13,385.0499599134902,389.3941123030448,378.6324706250109,381.7342529296875,2334635
2018-07-16,382.29312091483814,382.29312091483814,355.95683309854047,360.083984375,18607580
2018-07-17,372.0118479662213,382.6665452109814,371.4791158595417,372.9689636230469,7110920
2018-07-18,375.62363353082014,378.61236744893824,368.4904017705587,373.0321960449219,6097745
2018-07-19,375.22636038129065,375.22636038129065,365.6913005275381,366.44976806640625,3813605
2018-07-20,365.8718728607014,374.3595166617304,364.78833213904437,370.5491027832031,3778915
2018-07-23,374.35951433310663,374.35951433310663,367.0456833963791,368.70709228515625,2935145
2018-07-24,368.9418467408271,377.42949004899396,368.9418467408271,375.190185546875,6446885
2018-07-25,376.8877369948902,378.7839194568041,372.29176854939084,377.1044616699219,2693070
2018-07-26,374.8471206753171,395.66894796878796,374.70264673899953,385.149658203125,9565245
2018-07-27,385.5559982596543,385.5559982596543,373.34823980385613,376.2015380859375,4481590
2018-07-30,375.6326693366009,377.9441971697209,371.7048686444621,373.3121032714844,4039975
2018-07-31,374.72067839150935,385.5559751160831,373.9260855561471,384.2557373046875,7321900
2018-08-01,384.6530469746543,394.04363228169774,384.6530469746543,392.90594482421875,4564515
2018-08-02,392.7795707224674,404.14760142820097,391.87662918057663,402.32366943359375,5198205
2018-08-03,403.7954245353923,413.54718110247387,402.7118837810117,411.930908203125,5065535
2018-08-06,412.64423256841803,419.8677639919352,402.38683117370476,403.5064697265625,4178875
2018-08-07,406.3055463095322,412.0031038513363,405.4296921242878,407.91278076171875,2499550
2018-08-08,408.6712812131384,411.7412764474631,403.97597493317033,405.510986328125,1726995
2018-08-09,408.8337904125481,408.8337904125481,398.20618045948777,404.1023864746094,1953505
2018-08-10,403.8676305665974,407.5696958385849,398.2874592964793,399.8766174316406,1619440
2018-08-13,400.9059881352298,406.1430373183658,400.030133860729,404.80670166015625,1336615
2018-08-14,407.0459379265048,413.72772577004054,404.3461521849373,411.4613342285156,2410190
2018-08-16,410.90155279233784,426.4502049267153,410.08891103696595,425.0054931640625,4479940
2018-08-17,428.6985520729298,435.45256422081536,424.54501577996456,426.93780517578125,4445110
2018-08-20,427.0912869445203,432.86109578129725,427.0912869445203,429.935546875,1806590
2018-08-21,431.2448452816497,438.450300471386,425.1229033067287,435.38934326171875,3194790
2018-08-23,438.8295106565324,455.0824554956632,437.92656927658066,444.89727783203125,8122840
2018-08-24,446.95602068329845,447.389442502154,438.0349546898572,441.9808044433594,2883520
2018-08-27,442.9830854743928,444.77993016073657,438.19747920641925,441.19525146484375,2285610
2018-08-28,442.4413159098962,447.85896467613986,434.68505206622785,436.0304260253906,3752040
2018-08-29,437.0236375696826,438.73922071844663,429.34863567021506,430.495361328125,3190665
2018-08-30,430.7030331855824,436.6534135030067,428.9061886783392,429.8271789550781,5392990
2018-08-31,432.8701138913581,451.29011346119734,432.5089428322603,450.0260009765625,9906600
2018-09-03,453.2765902966244,475.3083828654703,450.56776605182387,468.337646484375,15199620
2018-09-04,468.6265640093937,472.238329435285,458.1614769945437,459.2540283203125,5182295
2018-09-05,460.37371527466024,467.7236719171831,454.8116201818583,463.696533203125,5635765
2018-09-06,466.64013282095317,473.14132231778325,461.42113231440413,463.5611267089844,5422470
2018-09-07,465.01479508417174,477.5295489640289,459.70549553917175,475.39862060546875,6533160
2018-09-10,473.82756644755074,480.3287559417235,461.40308321672563,463.0103454589844,6619365
2018-09-11,465.6378647470266,467.0825489797173,452.7529005576255,455.8861083984375,5684655
2018-09-12,456.1660028326895,464.9155071365886,449.23139199118896,456.7348327636719,6244125
2018-09-14,461.5655933484098,468.62660194089835,460.5091673069542,466.2518615722656,3386665
2018-09-17,466.09835689468537,472.23834732912087,460.1208617416488,463.84100341796875,3458865
2018-09-18,465.89967257585573,476.2113027481918,464.1118662906987,466.6672058105469,5557290
2018-09-19,470.14350822609754,476.0307036229702,464.2924657553496,470.8116760253906,4349735
2018-09-21,477.466387834828,482.3151789954684,440.83407427874965,461.6288146972656,7055035
2018-09-24,465.5204604482196,469.70108348943876,456.761917950055,461.21343994140625,3443295
2018-09-25,464.220218722184,473.00582073001124,460.5452406855506,471.6424255371094,3796255
2018-09-26,472.7259220336035,481.1233211659451,467.904245806419,469.6830139160156,6031190
2018-09-27,471.3173517048167,473.2045235492749,456.70776592778304,458.8748474121094,5251760
2018-09-28,462.1253996352401,465.3760217569769,448.6806164559578,457.0057373046875,5348515
2018-10-01,457.06896070040733,458.8206692706694,440.69862824397256,453.0237731933594,3811780
2018-10-03,454.54069661198486,460.31951607819775,448.2201067930303,449.58355712890625,3529440
2018-10-04,445.8724730671276,450.37816960080687,426.2334967023167,428.4366760253906,4021070
2018-10-05,425.46597276817437,438.6669708226208,424.4366064082382,432.4276428222656,3684765
2018-10-08,432.5089417575379,434.8114313647019,421.13187431292397,422.5946350097656,3018945
2018-10-09,425.7639467762164,447.317153055632,422.9287251787988,443.1907043457031,5638370
2018-10-10,445.1500939472428,454.0079465533893,443.524810508817,448.68963623046875,4467855
2018-10-11,435.5879536243247,454.3601125952603,434.85657331232835,444.0665588378906,2740135
2018-10-12,444.2471688424062,449.83637831338655,439.2719529101442,442.5315856933594,4626930
2018-10-15,444.44585363033707,465.90876255676284,441.2494330954043,463.5430603027344,5616380
2018-10-16,463.5520522978729,467.72363708459875,458.24275254910015,464.761962890625,3000015
2018-10-17,465.91774745294225,469.34891364063344,460.8612702640416,463.20892333984375,2460045
2018-10-19,460.50011594969857,466.44148581798106,456.9786499859061,460.92449951171875,2184920
2018-10-22,462.7574716221896,466.39635194996566,450.7934979656159,454.97412109375,2781960
2018-10-23,455.9764284913651,459.8229681769665,437.9446852693693,446.7303161621094,4117545
2018-10-24,449.3036894090233,450.9289730632679,430.9829989235864,439.6060791015625,3628220
2018-10-25,435.5066720876444,441.5292753717146,429.8000762269219,431.6962585449219,6696500
2018-10-26,431.8588107397213,442.4412850266641,427.6420622865405,434.2335510253906,5628260
2018-10-29,440.63543358376995,462.1254293633667,440.6173846745359,457.4211120605469,5153915
2018-10-30,457.0147348841971,471.33537105390633,454.2246219445632,468.5001220703125,4855195
2018-10-31,440.44578751054866,461.2947008595423,437.5744129535358,459.13665771484375,11364110
2018-11-01,462.3059818592985,464.9154956476455,441.809201719475,444.5361022949219,6852830
2018-11-02,445.24043140717635,447.11853748564647,434.05297369286137,437.6105651855469,4403540
2018-11-05,440.63539996256054,442.8024537955218,431.7865853298085,437.1861572265625,2647945
2018-11-06,436.78885359200035,444.24715819575664,435.5789154515519,442.59478759765625,1894150
2018-11-07,444.24718025451284,446.035014192621,440.9965856195822,442.9740295410156,389780
2018-11-09,445.15013459523516,445.15013459523516,431.4254135408555,433.4118957519531,5014635
2018-11-12,435.9220731835183,440.2471704550473,432.5089555964835,436.22003173828125,2439440
2018-11-13,436.30128640056,442.6218760687063,436.21999742734124,440.2832336425781,2348490
2018-11-14,442.4232644837082,446.0530792164299,434.63988598712564,442.3058776855469,2151265
2018-11-15,443.6692936655214,451.10051165237303,442.4322682990116,444.5722351074219,2493625
2018-11-16,444.7889392623901,450.8928043901195,441.00561259099686,447.3262023925781,2129050
2018-11-19,459.68744420154246,459.70549310843063,449.66478976199585,456.635498046875,4735110
2018-11-20,455.10053924025124,455.10053924025124,440.1929946539041,441.20428466796875,2705585
2018-11-21,470.97425287272654,479.46192481025923,465.4031193846853,469.8546142578125,22429120
2018-11-22,465.9178022289636,473.0871597622826,465.1232093201443,471.1006774902344,5046020
2018-11-26,470.79365507530247,476.37382616071676,455.2720630755325,462.05316162109375,5648170
2018-11-27,465.0148358752565,470.03518801540463,459.055416933505,467.4979248046875,5237990
2018-11-28,468.62658631071406,468.68979882201535,460.09377906374755,464.5272521972656,3221465
2018-11-29,466.64012890832663,481.57481571672827,465.0329217900596,479.5160827636719,5241465
2018-11-30,480.5453884925655,493.827620231169,479.83202956827887,491.5973815917969,7459140
2018-12-03,494.5590538487365,495.28145108205695,479.0013906371537,481.79150390625,4919170
2018-12-04,485.4212406173013,490.9924283453746,484.3016021774602,488.3197021484375,4577265
2018-12-05,486.8660091308556,490.10753786283317,477.94494377739016,482.46868896484375,2238155
2018-12-06,482.3513693964983,484.1572524304716,473.3490138143297,476.9698181152344,2575765
2018-12-07,480.5454531012313,490.17078475716704,477.29483079836757,486.2430114746094,5898375
2018-12-10,473.70112003129043,488.85250340605484,473.70112003129043,485.86376953125,5025935
2018-12-11,481.89984917901126,496.6087451410769,481.46639981974397,490.5048522949219,4203895
2018-12-12,482.1707060995744,489.6741469057783,457.62876553728466,467.06451416015625,17065640
2018-12-13,474.0442272495763,474.0442272495763,463.60622704068,468.9606628417969,5189005
2018-12-14,468.6265566854829,471.2631299740513,463.75065139226587,468.0306396484375,2931800
2018-12-17,470.37832361212224,475.85014662311374,469.56565425842956,471.904296875,2962015
2018-12-18,469.85455716956847,477.6559838181558,466.3060042055827,476.6266174316406,3696265
2018-12-19,477.65595647081244,478.7394970729413,466.7574481663523,472.0125732421875,4206195
2018-12-20,470.9200682673004,475.6605109228272,468.08487397305777,474.66729736328125,2465430
2018-12-21,471.2270576608139,472.4731211895964,465.57463573396535,470.9832458496094,3739795
2018-12-24,471.33538873286557,473.70109068121377,465.59269492440956,469.493408203125,2523195
2018-12-26,469.16830377614065,474.5859518803047,465.05089342142264,473.556640625,3768120
2018-12-27,476.9336133597064,477.6559553891016,466.1615300906416,467.2630920410156,2937890
2018-12-28,470.43248956345167,475.488939575711,469.72816878790206,473.48443603515625,2988500
2018-12-31,475.79596691042667,481.0510927301073,471.3354339707015,472.5092468261719,5132645
2019-01-01,472.7981631210947,475.66951010911686,469.5295197196323,470.8026428222656,1693785
2019-01-02,470.6130498609405,472.7800760674806,465.0238406142613,469.7191467285156,2087755
2019-01-03,470.4324708778444,472.2022558674251,463.02834035235077,465.4391784667969,2709455
2019-01-04,465.9177450326773,470.61305115989126,462.66717815831163,469.5295104980469,2036985
2019-01-07,472.0307063895018,472.0307063895018,458.2066478214176,462.0622253417969,2712075
2019-01-08,462.4865928562424,467.15478443035096,460.6807100689171,464.2021484375,3447490
2019-01-09,466.08029337828896,471.4979418729028,466.08029337828896,470.08935546875,2321680
2019-01-10,469.1864337319281,471.33543880048694,466.4866476033298,469.601806640625,1952070
2019-01-11,471.47982194574934,471.47982194574934,465.91772758626786,467.3895263671875,1583935
2019-01-14,466.88390079492984,470.432453765657,461.40304006574036,465.7010498046875,1972390
2019-01-15,466.82073005316823,470.25189654389703,466.16160042967414,468.59051513671875,1787885
2019-01-16,465.9177348411505,474.5317754476124,465.06896777090793,472.5904846191406,4730740
2019-01-17,473.14130809790373,474.73049382838633,469.5295423872327,472.9878234863281,3249010
2019-01-18,470.4324667530203,474.8297869373844,468.5363118681572,468.9516296386719,2681365
2019-01-21,470.43244737513976,477.1142354667774,466.24278624861205,469.493408203125,2975320
2019-01-22,469.3670223853216,477.6560181281558,467.7146241315574,476.8072509765625,3880330
2019-01-23,476.72598225886213,480.36486284240397,474.94721401335426,477.9720458984375,3772630
2019-01-24,477.1232509598372,483.0194848792068,477.1232509598372,481.89080810546875,3057825
2019-01-25,482.2610038185058,485.96309681038827,477.74629659267754,482.6041259765625,3046410
2019-01-28,482.5138460669943,482.5138460669943,468.99678419382957,473.9991149902344,3424970
2019-01-29,472.41901401659646,484.6989966371168,470.0713329992304,481.5296630859375,4338480
2019-01-30,479.47093150563774,483.97660036663683,476.2925600766106,481.34002685546875,3285070
2019-01-31,481.2677421847774,492.7441466461267,478.7395174131695,491.34454345703125,6157590
2019-02-01,490.7846698663225,509.0782685090529,490.32421611968147,504.06695556640625,7254975
2019-02-04,507.07380958675105,519.7330096090428,490.34228022071005,493.94500732421875,10747910
2019-02-05,501.16863456019416,516.4554276711895,500.77133809238575,509.5208435058594,8266655
2019-02-06,508.536528180808,508.536528180808,498.60417433005455,503.78704833984375,4408975
2019-02-07,504.0218595344334,511.96773218634473,504.0218595344334,509.5839538574219,2809020
2019-02-08,508.89777460116494,508.89777460116494,496.9157791429656,500.1753845214844,3570965
2019-02-11,480.3829114302968,489.0240674245168,462.1886197907689,472.30157470703125,9477310
2019-02-12,472.96068817028436,483.3354759040858,466.6400984521713,479.0104064941406,6546620
2019-02-14,478.3241703357527,483.0646127047565,472.4189533961004,481.6741027832031,2987045
2019-02-15,480.3648856461361,480.3648856461361,338.2328585621003,462.9110107421875,33781355
2019-02-18,478.55895184299743,485.7192706789305,459.6062202849649,463.3082580566406,13437905
2019-02-19,466.63108459038614,471.3354293091448,452.3917080732223,458.1344299316406,11348990
2019-02-20,464.9967940784654,466.64015421489387,453.0147703438781,456.0125427246094,7798610
2019-02-21,460.5001175250638,470.6130723047109,455.05538194360844,467.05548095703125,6551985
2019-02-22,466.77553165648527,478.5589049930432,461.5294447326119,476.6627502441406,6890795
2019-02-25,476.7982076604876,486.67638903809797,473.6469509102365,481.61090087890625,6377575
2019-02-26,479.2632382031463,480.34672373872735,474.75751455449404,478.16162109375,5065570
2019-02-27,481.1775170227714,484.5183562729587,474.9562372537735,477.9991455078125,3965490
2019-02-28,481.99012425053724,481.99012425053724,472.2835038792703,475.24517822265625,3348795
2019-03-01,476.39183912754424,479.8410817334489,465.92677963539364,477.8365783691406,4428975
2019-03-05,475.8501648565504,481.954058141948,470.36026517052994,479.2994079589844,3233555
2019-03-06,480.4732203792226,489.1234152688762,479.75991644343816,486.441650390625,4261975
2019-03-07,485.78248011618933,492.2655928471505,481.9720938073014,484.112060546875,4583795
2019-03-08,481.80949374944856,485.05107752178844,470.7033259031192,472.24737548828125,3424030
2019-03-11,474.5859759976846,479.642480885231,471.5250465477689,474.25189208984375,5568560
2019-03-12,478.01718634996035,483.2542353068954,476.3918477847323,481.6018371582031,2724340
2019-03-13,480.9065866025828,489.39425814251206,477.5837687325942,479.6153869628906,3520390
2019-03-14,479.61536396923725,482.3332263781441,472.4189475251815,478.1797180175781,2418560
2019-03-15,479.5521196090129,486.45964284656714,476.92458458055484,480.1661682128906,7180270
2019-03-18,480.07589074141794,482.9472378626323,477.32193041447215,482.0714111328125,2272815
2019-03-19,482.1706968828288,490.70350394540463,482.07138655771683,489.1594543457031,4590280
2019-03-20,489.2136246058913,498.4236376277684,489.2136246058913,496.9157409667969,5759745
2019-03-22,501.8547528833254,501.8547528833254,494.5409505527722,496.85247802734375,3427005
2019-03-25,495.6968032447485,505.2860374925433,492.4191212159128,502.20703125,5049315
2019-03-26,504.0219039402821,504.5546085076609,498.87512690294085,502.45977783203125,2420510
2019-03-27,502.2250558258302,508.17540878829345,495.552305654587,499.33563232421875,3295160
2019-03-28,501.0783460406925,501.0783460406925,489.0330824744163,490.69451904296875,3317795
2019-04-01,505.45753154264486,509.7555412975358,502.3966021715058,504.7081298828125,3959055
2019-04-02,506.369494625168,509.2589179478143,502.03538719678147,505.4214172363281,2941955
2019-04-03,507.09190873099504,507.236410228801,498.1437829906223,499.36273193359375,1842580
2019-04-04,500.72615309391404,504.3018209546729,497.24985067377645,500.4733581542969,2192480
2019-04-05,501.2769190450186,501.6742154620335,495.26335362187876,497.4033203125,2225465
2019-04-08,498.4236900420181,502.0354559118878,495.80513774189313,499.09185791015625,1535035
2019-04-09,499.14602252925783,499.4981829214332,494.2520953014696,497.2137145996094,2065405
2019-04-10,497.0060330868832,512.1303016859398,495.91345414209434,499.32659912109375,5386055
2019-04-11,500.70818043312596,508.35606854562553,498.03545373183255,507.7691345214844,3186725
2019-04-12,505.6471650086686,509.4395297684671,503.1279784373064,506.9202880859375,3031110
2019-04-15,509.5479365439846,511.0287737802464,502.2160562225184,504.34698486328125,2782595
2019-04-16,511.245426385783,512.8707098666478,506.91131873308734,510.1799621582031,3857435
2019-04-18,510.6946390532154,510.6946390532154,504.085101542286,505.4846496582031,2168040
2019-04-22,507.4530350018284,509.2498794574469,501.13244559789104,504.8706359863281,1736150
2019-04-23,505.73743475117817,511.54339620597005,505.73743475117817,509.6471862792969,2379440
2019-04-24,511.96784746803576,519.1913797074436,508.0129591580657,516.3742065429688,3740925
2019-04-25,514.9746379277673,530.9295987025464,512.7714584770036,528.2026977539062,5438620
2019-04-26,529.8459960736503,533.3674895354218,519.2906090311824,522.3064575195312,4628615
2019-04-30,524.4193523617745,532.7354630745366,522.8572812666398,529.8009033203125,3006375
2019-05-02,528.2206393066502,535.2635701418401,524.608874251562,527.2996215820312,2940460
2019-05-03,525.5300380929397,529.6203344972768,522.0266206065318,525.0514526367188,1822665
2019-05-06,523.1552521020177,529.1146435382394,521.5389516595897,527.4261474609375,2055080
2019-05-07,530.2071737363267,533.0965970894271,528.2658277820589,531.3719482421875,2290700
2019-05-08,531.4712662634861,532.3381098153236,520.5637742364928,523.7962646484375,2251990
2019-05-09,520.5006123835,525.3855014026287,512.6178960114087,523.8143920898438,3655600
2019-05-10,525.1506939578868,526.8121303757221,517.6292318079775,519.4441528320312,1695460
2019-05-13,514.6856134159102,516.473419673083,501.61104015907677,506.1437683105469,3296000
2019-05-14,503.08281736185995,510.52310095668776,498.4327021151596,507.0196838378906,2424750
2019-05-15,507.6336683123017,515.3718827573317,504.2025019995975,508.09417724609375,2394025
2019-05-16,508.02193032134574,510.405708872323,498.45975653292385,505.8277893066406,1926500
2019-05-17,504.02188487712954,507.45305106852663,481.7101837347901,495.7148132324219,5803605
2019-05-20,501.6742512154903,501.85485052903516,459.15476888874156,467.6153259277344,13296325
2019-05-21,468.4459897105541,487.5793202795494,468.4459897105541,481.62896728515625,10041680
2019-05-22,481.24966509872826,483.95848916004934,473.4753532694168,479.9584655761719,3825980
2019-05-23,483.97657183225226,487.57026083080626,474.2970668489676,476.2654724121094,2733160
2019-05-24,478.55897960698667,482.88404941284614,474.2609693874455,481.0691833496094,2355750
2019-05-27,481.08720289267933,481.99014436023737,475.38964443683517,480.003662109375,1703280
2019-05-28,481.26773545410714,484.6989015326725,474.2970547447919,478.91107177734375,6261485
2019-05-29,478.5589543590543,478.5589543590543,468.16608975886567,471.47088623046875,3872490
2019-05-30,471.8771874540409,480.3467828026516,468.3286341107626,478.99237060546875,3638095
2019-05-31,480.27456767624506,485.4212897277502,474.2970998308008,483.6786193847656,4697455
2019-06-03,483.94047397061433,494.63126887316815,478.992317813336,491.9405212402344,2794240
2019-06-04,496.617785415521,505.36729005756126,433.4118854535456,481.33099365234375,12191965
2019-06-06,487.8682366541342,489.37613327144993,477.47537293959897,479.8772277832031,3042480
2019-06-07,478.5589440849682,479.6695443762326,461.4481934581868,466.044189453125,3912170
2019-06-10,470.99231238174673,476.3557867723376,464.048690461568,474.8117370605469,3114925
2019-06-11,476.02169304298957,476.02169304298957,468.35572914653875,470.5859680175781,2605765
2019-06-12,471.69660253671526,474.7304723698624,464.5633435361055,467.6694641113281,2644365
2019-06-13,467.90423002341475,469.9990606199327,461.83646290095226,467.4076232910156,1843465
2019-06-14,466.2789922976992,466.2789922976992,456.70777974864785,463.236083984375,3446035
2019-06-17,463.570135798216,465.9990503633904,458.4414077151043,461.2495422363281,2634620
2019-06-18,461.4030463167624,469.52951875678366,459.0644314434708,467.9493713378906,3325285
2019-06-19,466.64010381482876,467.87712912212476,458.24275982935234,460.65362548828125,4227975
2019-06-20,460.50015545545114,465.42119755069035,454.7213354863433,463.1728820800781,2840740
2019-06-21,462.30600248609034,465.01482671940727,455.72355188356636,460.780029296875,2895690
2019-06-24,455.8047952717651,457.24950698349676,452.31041655792126,453.89056396484375,2261305
2019-06-25,451.8499136717068,460.9425119464833,449.31262317659616,457.9808654785156,2186090
2019-06-26,457.7822457005649,467.26313027904314,453.7641730554176,465.7281188964844,2506335
2019-06-27,465.7191462693521,465.7191462693521,459.398528852369,463.3172912597656,2329305
2019-06-28,467.7236294027226,472.23833625023923,458.116320004527,460.58135986328125,4298885
2019-07-01,463.5881728843582,483.0736643465098,463.5881728843582,479.4347839355469,5592610
2019-07-02,479.82308883297355,480.7169920139079,472.3467074812136,474.5228271484375,3333410
2019-07-03,476.20226073154777,476.20226073154777,465.9177453355423,468.93359375,3132990
2019-07-04,469.72811705900466,473.14126177478533,468.274394729468,469.962890625,1840500
2019-07-05,471.3354020213796,473.0510126938941,468.3647447107291,469.7010803222656,2458575
2019-07-08,466.83878984185304,473.1413033075895,462.12540697933895,468.7530212402344,2352875
2019-07-09,468.08487402509087,474.04426560537496,464.3466831610641,469.3218994140625,2041480
2019-07-10,468.4459727633583,470.05323485885134,464.5452594230449,466.7574768066406,1555795
2019-07-11,467.001320826302,480.72604164942925,466.84783621360424,479.1097412109375,3900525
2019-07-12,478.19775304911855,480.40997054601144,466.8478279198218,474.6943359375,3309185
2019-07-15,493.7395926961234,501.3614306981056,490.3886033053182,493.2796630859375,2497770
2019-07-16,492.3504277364639,503.8676316646326,488.69906314514265,502.45965576171875,2961595
2019-07-17,500.41334446879273,504.5997462773586,496.06738811837346,500.5447692871094,2367680
2019-07-18,500.34771795262367,503.0885618115767,493.7302423225974,498.5267333984375,2172275
2019-07-19,499.3527422801596,503.1167404940224,488.85863505294674,490.5669860839844,2341240
2019-07-22,491.66512557361466,495.9829522930899,488.1357904902685,494.1994934082031,1745260
2019-07-23,495.60749088646384,496.4804290239387,484.4281880328913,487.97625732421875,2400580
2019-07-24,487.1597086596043,490.1634023291313,479.65050313113255,487.9200134277344,2268320
2019-07-25,491.8154475045172,500.48857091371815,489.4594250517469,498.25457763671875,2581940
2019-07-26,495.61693122847606,509.4995535031985,492.17209943750305,507.80059814453125,2688095
2019-07-29,508.72985175209374,511.9024954749622,492.09699003447906,498.2263488769531,4598165
2019-07-30,497.10930754713627,505.6510619125147,478.54282948979017,480.5890808105469,10986210
2019-07-31,475.8958592649585,486.22101597484914,475.52040475003116,483.3299560546875,4173450
2019-08-01,483.02957817697444,483.02957817697444,469.3346979396062,475.66119384765625,4881245
2019-08-02,475.67054740201695,478.71176592491327,468.62127281963325,474.8069763183594,2969945
2019-08-05,473.64309383806244,476.4496499379933,469.45672022386714,472.0849304199219,1687875
2019-08-06,471.1744515118289,485.26357779866635,469.51305023153185,479.875732421875,3016085
2019-08-07,478.71176082181665,486.00509362853154,477.01280568778213,479.9883117675781,1581395
2019-08-08,482.4664015351162,485.8361823490703,478.7211948609155,482.8324890136719,1276305
2019-08-09,483.73352833213806,486.16465841581834,480.60786331256855,483.1140441894531,1869625
2019-08-13,483.9681832425758,488.0044262948316,477.02220379701635,479.9038391113281,1874220
2019-08-14,474.02795509040055,476.42150269466975,441.3910549535082,471.5686950683594,8047285
2019-08-16,474.7694386904262,474.7694386904262,462.7547230589986,467.92669677734375,3989225
2019-08-19,476.83445305716407,482.2692188167733,468.3865985738679,471.0335998535156,3556515
2019-08-20,473.97163317540856,481.4245212506485,472.2351238317703,479.57537841796875,3047550
2019-08-21,469.32529268923565,474.3752374218267,467.63573309369144,469.88848876953125,4254970
2019-08-22,469.88846729911705,480.58907775442464,469.88846729911705,477.84820556640625,2648925
2019-08-23,477.79187289575015,480.7110908811411,473.83076659269705,477.0691223144531,2863550
2019-08-26,480.57968012408196,485.28232848929787,477.21932379961487,481.94073486328125,2175030
2019-08-27,483.4050719211624,485.09463158818625,475.48285835377834,476.9659423828125,2915520
2019-08-28,480.1197357832109,482.278620497707,469.9729260634666,471.5968017578125,2116140
2019-08-29,472.14124623706476,475.8958485928267,468.1895352783213,474.544189453125,2524850
2019-08-30,474.99472705134986,482.09089419333117,471.76576690369245,480.1197509765625,2876385
2019-09-03,480.2793686177441,481.9032444799414,473.60554790736694,475.48284912109375,1927265
2019-09-04,476.815713172852,490.26656285086443,475.50157949630346,488.6051330566406,4096285
2019-09-05,494.9974097680284,505.89518762859814,494.9974097680284,503.5766906738281,4488550
2019-09-06,503.8865029741311,515.6853497878535,502.18754740662615,514.3712158203125,3959170
2019-09-09,512.3342117189528,519.0080028800421,512.3342117189528,516.1076049804688,3199675
2019-09-11,516.6333163442739,521.5893617516996,514.5682735533939,518.3228759765625,3171745
2019-09-12,519.2614771864768,523.3915050846725,515.7133507345762,519.4585571289062,2347310
2019-09-13,522.1995486310343,524.6963342309035,505.5103120479663,512.7942504882812,5949000
2019-09-16,512.6909555322363,518.6232340412238,507.45326928225177,511.6208801269531,4092125
2019-09-17,513.4418412218757,518.5856278064002,512.6158241701106,514.014404296875,2342715
2019-09-18,514.3429518961623,518.5011667628911,509.71541177643013,515.065673828125,1821510
2019-09-19,514.3992439210767,515.9198530844972,508.4950958559173,512.9818725585938,2319595
2019-09-20,514.0049938045174,537.2835721693399,508.94571112168524,532.740478515625,3830525
2019-09-23,533.153446095906,533.153446095906,507.0589755092064,519.49609375,4645190
2019-09-24,519.3930087451214,534.0922536463589,509.6873352020614,522.8753662109375,3398250
2019-09-25,516.2860012764291,522.6406266870158,516.2860012764291,520.6412963867188,2457150
2019-09-26,523.7669901375049,524.8745908761755,514.9343139525839,520.9228515625,2524060
2019-09-27,522.2652115194535,523.0161205337868,510.7197634226724,512.6533813476562,2344830
2019-09-30,513.2541709999892,514.8592842581478,505.06916471928105,507.29376220703125,2749030
2019-10-01,504.9940079174242,510.62591135144754,496.5273614219235,504.8719787597656,4860100
2019-10-03,503.07914679014993,503.952084887531,494.8565591752311,502.5816345214844,1485000
2019-10-04,504.430852852904,506.68357990731266,490.2290647621292,491.4211120605469,2221020
2019-10-07,493.7301648563967,496.5461163669845,483.639671943457,491.1864013671875,2596265
2019-10-09,492.7445857451338,502.36575325907177,488.15457110335547,500.0003356933594,2332220
2019-10-10,493.0073915010701,500.6574161121196,490.36039017474405,494.3872375488281,1440705
2019-10-11,496.5461803651612,499.1743906556483,489.4124585351692,497.7476806640625,2734535
2019-10-14,497.86022200609455,503.60475818156914,492.04057775316863,497.8414306640625,1507185
2019-10-15,499.73750637807615,506.2892679747435,498.3388691285183,503.98956298828125,1710795
2019-10-16,508.9363789415547,512.2028647746032,504.43086741201165,507.1435241699219,1639185
2019-10-17,508.9363923869893,513.254162447978,506.6836079173585,512.01513671875,1525070
2019-10-18,510.62594385710577,515.3098013447261,508.7580382657562,511.5364074707031,1446395
2019-10-22,511.0482888314499,529.5303199255027,508.9081381389554,527.6624145507812,3496720
2019-10-23,526.9208700561848,533.5196110606936,517.205859576079,530.65673828125,4897960
2019-10-24,533.106634959708,535.0214616137702,520.0124472574523,530.3939208984375,3013160
2019-10-25,530.1498467499608,530.1498467499608,521.8803372660689,524.6962890625,2503975
2019-10-27,521.7018925381384,524.3301022588258,520.9509836594669,522.94091796875,113015
2019-10-29,520.951008860497,529.3988630582348,516.9054276418742,526.1135864257812,2668840
2019-10-30,531.0884910032612,531.0884910032612,514.6715013927297,518.1163330078125,2965735
2019-10-31,521.8708760802442,528.441429447079,520.0311578035648,522.4904174804688,3601190
2019-11-01,522.6406744755128,531.1167174096358,513.6014640633405,517.4968872070312,15004275
2019-11-04,519.1207590436302,527.5216942807955,515.9856977831832,525.2313842773438,4044245
2019-11-05,524.4803808876605,534.9369615730918,524.1424804456074,528.5916748046875,4218310
2019-11-06,529.4177141092014,540.6627296320717,529.4177141092014,537.4149780273438,4502345
2019-11-07,537.283649612557,541.2635191623157,531.0885210099897,538.9826049804688,2205775
2019-11-08,536.9081393944302,536.9081393944302,527.9534333585476,529.7931518554688,1594930
2019-11-11,527.9627414361099,530.7786930545197,524.705651563677,528.60107421875,1533320
2019-11-13,529.3988299469091,530.1216090938595,517.1963746467144,518.7263793945312,2283415
2019-11-14,520.9510388232529,521.392177068315,511.5551379475174,513.2634887695312,3242840
2019-11-15,515.8823416709065,515.8823416709065,509.18041999502896,512.6533813476562,1894225
2019-11-18,513.066416468592,517.947411250552,512.8787321733034,513.8173828125,2113865
2019-11-19,514.5682996989568,518.2196644907814,511.4707640005921,514.9437255859375,2384625
2019-11-20,515.5726911339153,537.6497167606511,515.3192371105116,532.900146484375,4989880
2019-11-21,530.9008031596478,542.5400945401065,527.559209021236,540.52197265625,4794695
2019-11-22,535.9694662662916,545.3090507355483,533.7166820207029,539.0200805664062,2747755
2019-11-25,536.9081096624525,551.1756093493814,535.0402042516395,548.2939453125,2343975
2019-11-26,548.2188089623468,558.4970433185296,545.7595492540137,556.779296875,5280840
2019-11-27,555.6811147335617,561.6791053805339,552.3583124761855,557.9338989257812,2792575
2019-11-28,557.2017753223325,559.9238850310439,552.4991265592338,558.8256225585938,1282180
2019-11-29,558.4407560810707,558.4407560810707,543.5349808819955,547.0173950195312,2802065
2019-12-02,547.7964707451938,547.7964707451938,535.4063285785459,539.1046142578125,2990275
2019-12-03,540.4750203502475,542.0425508582124,535.3406289126608,536.598388671875,1906680
2019-12-04,536.9081656166468,541.770369052768,536.5702651363036,540.2591552734375,2380810
2019-12-05,540.6251549424769,540.6626803373002,534.8618272043961,539.0857543945312,2168805
2019-12-06,542.1082877494332,553.6161541391078,539.0952557624279,542.6902465820312,4942595
2019-12-09,544.229617393556,552.3020470907081,542.8967495560775,546.0599975585938,2646785
2019-12-10,546.0599618011554,546.0599618011554,540.1933958170432,543.947998046875,1742585
2019-12-11,544.4173238140357,547.3834343703631,539.7240710225354,542.1270141601562,2032640
2019-12-12,544.417347583307,547.9466830031154,542.5400463847438,545.47802734375,2019050
2019-12-13,537.865605322397,537.9688431425052,520.5756193724901,529.6805419921875,6842090
2019-12-16,532.2148321048356,535.0213879259696,524.9684777633578,528.7136840820312,2301945
2019-12-17,530.9006894736125,534.0921240273055,527.7093122105982,530.6942138671875,1835550
2019-12-18,533.1535307811266,539.9587475032449,530.7130621832616,539.43310546875,2656160
2019-12-19,539.5363404981287,542.9811720762211,533.3506652750808,538.700927734375,1991375
2019-12-20,537.9030747641007,540.8973722705533,536.110277445256,537.5369873046875,1756605
2019-12-23,538.3348991676672,547.796455768167,538.3348991676672,545.9942626953125,1961175
2019-12-24,547.9654134012787,547.9654134012787,541.7984727750277,543.656982421875,1089215
2019-12-26,543.7695992631336,547.1863007097414,536.9080666470855,537.9593505859375,1284800
2019-12-27,539.7241385230066,545.3560425771597,537.2085615870344,543.9668579101562,1868265
2019-12-30,541.0945277607848,549.6737504225923,539.7240773050682,542.3241577148438,1899395
2019-12-31,542.5399815804211,547.205047002097,537.6683832604161,539.6395263671875,1516190
2020-01-01,540.662804399432,542.2585220511105,536.9457269945367,540.5501708984375,773895
2020-01-02,541.3760682625348,542.9905196132152,536.9456081382563,537.8279418945312,1494155
2020-01-03,537.8279188675906,543.8540960323165,535.4155803256258,541.3948364257812,1723390
2020-01-06,538.9731501599598,544.0043032918431,535.8192981033179,540.4468383789062,1788685
2020-01-07,542.5399812315104,546.2945831777492,538.9825165120936,541.451171875,1788175
2020-01-08,539.7240556878244,545.3559588776104,538.0344961890249,543.9010620117188,1395115
2020-01-09,546.5950397812031,551.2882929144145,544.6051050359765,548.2658081054688,1877480
2020-01-10,550.0493202789263,564.6922485509617,549.1388565827755,550.6124877929688,5635735
2020-01-13,550.5937151711457,556.9014200493842,547.3647546385172,554.6862182617188,2209320
2020-01-14,554.7049417730747,557.3331518176044,550.4246976175028,553.3908081054688,1785850
2020-01-15,553.0810965705037,553.146808989984,544.4173695230113,547.9185180664062,1924335
2020-01-16,549.6736907731658,554.0853594279209,548.4816436372722,551.44775390625,1917310
2020-01-17,552.7525999698594,572.3891555483003,551.9265828136859,569.638916015625,5585585
2020-01-20,571.2627016204847,578.2087386044083,569.2070546250528,574.3790283203125,4373565
2020-01-21,573.6187187654133,578.1712082668844,569.9204333396369,574.5386352539062,2853930
2020-01-22,574.5573445304368,582.9113569072532,572.0886891290666,574.8389282226562,2798990
2020-01-23,573.5717983735387,577.9646760388214,567.6958368092879,570.3522338867188,2130840
2020-01-24,571.4505047252181,572.023067872417,567.9211691118461,569.0851440429688,1363645
2020-01-27,568.6344930483682,602.4259129266022,562.7210060278138,598.6243896484375,20699040
2020-01-28,598.8591395366618,610.1135521304092,592.8048311349319,598.6995849609375,11511345
2020-01-29,598.699517196179,601.0836690515556,581.8132023801626,591.0213623046875,6946015
2020-01-30,591.7816512811138,595.1044536310004,585.445760016115,592.2603149414062,3366300
2020-01-31,592.3354539101695,599.206383226215,582.3575933775205,584.6854858398438,3341175
2020-02-03,586.468858691205,595.6676227251673,585.1829120066866,590.2516479492188,2576210
2020-02-04,592.1007379233412,615.3042086224062,591.7346504699334,608.5928344726562,5149785
2020-02-05,607.3068397030162,610.1227910463068,586.037045764592,588.2240600585938,4781145
2020-02-06,594.653933757895,596.3810187422629,588.8342887039217,593.030029296875,2462660
2020-02-07,593.1990422487482,597.9204826647693,588.9094590605091,594.4850463867188,2676165
2020-02-10,594.4379981778098,595.7146064924849,584.4038213042402,591.180908203125,1477975
2020-02-11,593.2083282189894,601.8533200005443,588.5338670339385,599.0842895507812,3060520
2020-02-12,595.5081339660719,603.2895273470215,593.9875244734443,599.92919921875,2843165
2020-02-13,605.0072546465036,626.4366646606974,600.1919723111473,624.1275634765625,8584320
2020-02-14,620.485539579759,625.7044343514508,615.1915940132824,620.3165893554688,3533430
2020-02-17,624.3527745640754,627.4033888512528,617.1064198183694,618.6739501953125,3203305
2020-02-18,617.2566104083736,617.2566104083736,606.9784321914927,610.3763427734375,3486830
2020-02-19,611.6246814500727,619.2841020958226,611.6246814500727,615.407470703125,1509105
2020-02-20,617.5006715246906,631.702459721788,608.2549860076306,611.1178588867188,4622330
2020-02-24,611.4370043634158,611.4370043634158,594.4192649419101,596.2871704101562,3143085
2020-02-25,597.357241402517,597.4135581446878,573.7689481634494,579.5040893554688,5005135
2020-02-26,581.400249921368,584.8732115798049,574.5105287718796,577.3358764648438,3810845
2020-02-27,580.8369279223223,580.8369279223223,568.6532625559893,575.777587890625,4677080
2020-02-28,568.8222672921219,579.8044908415427,545.402923211974,549.5048217773438,8299780
2020-03-02,555.8688887267499,562.674105478181,539.9118287578773,545.459228515625,4444330
2020-03-03,551.9265015346522,577.8332327720472,550.2838631372275,571.3941040039062,5280400
2020-03-04,575.392853362433,598.2489739687921,569.9486910040911,595.3579711914062,9163610
2020-03-05,595.2921665015552,606.7343185408635,594.3910413848861,597.817138671875,5228710
2020-03-06,579.1848965362918,601.9471716580873,579.1848965362918,595.2827758789062,5629460
2020-03-09,592.9925298850455,598.6713546846122,568.0807630254839,574.6888427734375,4992640
2020-03-11,576.3315155273918,578.9409919083015,559.9989708355837,563.3030395507812,5845705
2020-03-12,553.428314898233,559.9050262997833,526.3107453464412,535.1058959960938,3889695
2020-03-13,512.4938231064496,588.6090241582571,489.9756047665428,541.6201782226562,4930170
2020-03-16,523.7670326609704,559.6141012202008,518.1351290839707,530.7036743164062,4715400
2020-03-17,531.2762290754004,545.1682462220617,517.7127167159567,522.114990234375,4684015
2020-03-18,525.982252010998,525.982252010998,492.05006619258535,500.9484558105469,4366425
2020-03-19,489.6000630556211,503.09786142007897,468.39598098559213,492.5943603515625,4838010
2020-03-20,495.79522226563006,553.6160720978269,495.79522226563006,543.9010620117188,7772855
2020-03-23,503.1636812383122,572.0137423999378,503.1636812383122,519.7120971679688,4816170
2020-03-24,535.0307749197511,555.6810855306888,525.8507457031811,536.5232543945312,5340585
2020-03-25,530.7599252318817,553.5973074455508,524.8370429962962,548.54736328125,4097050
2020-03-26,558.534643796891,575.6838089418588,540.5219361236936,553.5316772460938,3194975
2020-03-27,554.3294434185261,572.0042485799421,534.2986163082719,547.5148315429688,4007940
2020-03-30,540.5875903387581,572.5768160367599,527.7093327300483,562.11083984375,5752295
2020-03-31,572.5768364281346,591.7253305954471,569.2070557402717,585.8587646484375,5013780
2020-04-01,585.708576548345,590.2234836259198,575.5805572366736,581.0247192382812,3555215
2020-04-03,579.1474374951147,604.2751331405241,567.9024213043236,590.7491455078125,5868365
2020-04-07,610.1228725972901,678.7569979283644,602.6136680114773,672.674560546875,11837790
2020-04-08,661.7486970576348,706.8039274956013,651.6112816672298,691.4100341796875,12611475
2020-04-09,702.1106587585251,715.2517673449147,674.5518905014045,679.8740234375,9804680
2020-04-13,693.4750478220908,723.8873500029555,677.1800872498402,703.3496704101562,11611945
2020-04-15,718.0676941836748,730.9459526504206,708.8689299516158,714.8012084960938,8625555
2020-04-16,714.5759183528944,730.2701280526471,709.6198159483306,724.76025390625,7329295
2020-04-17,745.2885323316416,750.5262184113332,717.804816889204,737.69482421875,9074610
2020-04-20,736.5684709674922,736.8312633222212,715.3080137503118,721.7753295898438,7493955
2020-04-21,719.9449969379087,759.8939634463823,717.5138667207907,753.999267578125,14239375
2020-04-22,749.03374283017,768.623375215011,743.6458978425409,761.58349609375,8917130
2020-04-23,756.7400484284273,767.0652039812345,752.6568843581363,756.0078735351562,5128285
2020-04-24,752.7978262286646,760.2319233839436,745.3074123256443,751.4461669921875,6330770
2020-04-27,751.4460955196528,763.1417022074655,742.4819940642069,747.22216796875,5624485
2020-04-28,756.5523290982813,757.7162465919236,730.6549357020172,741.4869995117188,4305840
2020-04-29,741.4869923931237,745.2885155546301,726.994226020686,728.5242309570312,5198230
2020-04-30,738.3613470206719,768.5201960612686,731.2182295435346,738.9620971679688,10890150
2020-05-04,722.7609638410468,752.0468740937822,722.4230633739506,739.4689331054688,7077435
2020-05-05,747.165868073388,748.3579726532079,714.5008390680151,719.738525390625,3978630
2020-05-06,722.9485799005275,728.3927409910367,714.3223800706174,723.2301635742188,4779515
2020-05-07,733.8182756054055,739.0089835051926,716.8568528036984,720.4425048828125,4581335
2020-05-08,732.1662813321949,775.7384274512875,732.1662813321949,747.9168090820312,10017290
2020-05-11,746.7528551950802,746.7528551950802,722.3948611186868,725.0137329101562,5974940
2020-05-12,725.2389830362242,733.949630449172,705.7056671578744,708.3807983398438,5392485
2020-05-13,722.5732135570083,722.5732135570083,701.1907828833102,709.5447387695312,4392175
2020-05-14,711.4971496484836,717.1196575352648,698.0931916780042,700.6088256835938,4485705
2020-05-15,703.2369861368238,709.4133226445598,697.8021629206147,701.1907348632812,4496935
2020-05-18,705.8934687299583,706.3440027044132,678.42854182027,690.6873168945312,4954380
2020-05-19,694.6296622990732,698.7315610225407,687.1110614879751,694.5263671875,4677020
2020-05-20,698.5249597686128,737.7793326638541,693.3154606716803,734.062255859375,21083545
2020-05-21,741.5339629908829,742.3130590187081,718.161540481605,722.2916259765625,8672120
2020-05-22,720.9962659388041,734.0247403377728,715.4394706466923,730.80517578125,5052550
2020-05-26,731.9597331207142,739.4689379894379,723.4086398262197,725.4454956054688,4136880
2020-05-27,725.5300142701874,732.1474897385327,716.0026874810327,728.9560546875,4308340
2020-05-28,731.2087720288406,734.174882532893,721.3529413403903,729.8477172851562,3962810
2020-05-29,728.3928785596408,767.9476292971676,726.3841524901367,764.2962646484375,9631120
2020-06-01,765.4883586385682,768.2573320868479,739.8538129439482,742.200439453125,6848855
2020-06-02,748.1045308336596,752.2909331490446,729.5192603463685,731.26513671875,7451040
2020-06-03,737.5540512946927,749.0431246414815,734.2593787603997,743.8617553710938,3694130
2020-06-04,743.3924084527288,761.6210425050933,742.7823199990216,750.7139282226562,5997250
2020-06-05,754.5718735925772,760.3070152292947,749.4750075135153,755.594970703125,3855025
2020-06-08,757.4722746711043,757.4722746711043,740.0321870398618,744.8380737304688,3559990
2020-06-09,737.7793334472001,777.5781397453579,737.7793334472001,774.1614379882812,11375810
2020-06-10,778.1413288522274,786.5891840508643,767.3843726079831,772.0401000976562,7769840
2020-06-11,772.1339103343485,774.9405235696563,757.8664679765109,761.7337036132812,4137580
2020-06-12,749.4186661448247,757.7914135022285,747.3536233551458,752.4129638671875,3911520
2020-06-15,759.9314747176882,774.7434081370088,743.5238811699737,753.2295532226562,6959575
2020-06-16,763.1229684377038,765.938920350758,742.0502501635434,751.9436645507812,3900130
2020-06-17,751.9436094451718,758.9459060231015,745.664034847627,748.1420288085938,3186815
2020-06-18,752.7977865883817,760.7669210729134,749.418667320469,752.234619140625,3614150
2020-06-19,754.7219800203155,759.3495204596412,749.4186386695184,751.9717407226562,3654715
2020-06-22,756.9277867648474,762.6535319034816,752.9666518602997,757.0873413085938,2655980
2020-06-23,759.9127663644787,775.3253931259043,758.4484737247788,771.3549194335938,4799415
2020-06-24,772.0306484713666,776.583137817317,756.2331443534699,758.9271240234375,2677740
2020-06-25,756.5524240665218,758.6174669551141,746.5182463241856,752.1595458984375,3769375
2020-06-26,753.7363940869195,763.1228996172672,744.3498885565718,750.6575927734375,3719560
2020-06-29,750.5449936685893,759.1805906101941,743.1766094060353,746.0113525390625,2692435
2020-06-30,750.9204899088809,752.9667413690001,736.9345728680532,740.5859375,3404710
2020-07-01,744.3874915675206,744.5377077544509,729.4911103209439,734.2969970703125,3117825
2020-07-02,740.7830668324552,746.9781378916882,732.3352114113086,736.0053100585938,3711465
2020-07-03,739.6566697071793,744.9037517471409,734.0247661307287,736.1742553710938,2280380
2020-07-06,736.8405776510028,739.6565289031722,727.8295565603305,730.6455078125,2848085
2020-07-07,731.1900337300395,735.7143365444119,716.0026737375052,717.7861328125,5179985
2020-07-08,719.1940540175425,740.5389580953572,719.1940540175425,729.650634765625,6811290
2020-07-09,733.0860813263768,735.3388655681088,723.5212299070723,731.5091552734375,2455715
2020-07-10,732.0911831435817,742.8481401127732,728.9936474867984,733.170654296875,4152955
2020-07-13,739.7551182554787,742.3341250120385,731.9519045553636,736.779296875,2678440
2020-07-14,737.6200630222152,755.0119825716081,731.9518759738993,752.5746459960938,6044725
2020-07-15,753.6799678188065,764.7896242707005,748.3896826797063,762.6451416015625,5296965
2020-07-16,761.6342763216469,786.546011783416,757.8554849049202,784.5054321289062,7809325
2020-07-17,782.3987410226613,785.610678994131,774.6522074165401,778.19482421875,3712880
2020-07-20,782.0869515083822,784.8549091022786,769.4374343150859,773.1595458984375,3144360
2020-07-21,774.6995281716867,780.4527639520835,756.9014514092594,762.0972900390625,3316480
2020-07-22,765.8760838539827,780.3204945266195,760.4912940910306,767.3970336914062,4093845
2020-07-23,772.932890365013,782.2098302956643,767.4725667018326,780.3204345703125,3559780
2020-07-24,780.3203876215398,789.7484532726662,765.5169891488085,768.2188110351562,5479715
2020-07-27,771.8181692098108,771.9409845471923,748.7581192919739,758.7246704101562,2909240
2020-07-28,759.3481627691448,773.1407867464485,757.147000510793,765.4603881835938,2592970
2020-07-29,771.3363521757068,819.2420017672109,770.004353553585,812.8558349609375,24766165
2020-07-30,830.1816365704827,861.5644726907003,819.9977656749209,853.364501953125,31472050
2020-07-31,846.2603805129863,859.8356849353518,841.8014340320003,854.205322265625,7910670
2020-08-03,854.2052454718353,882.3477730650732,850.2280468507129,855.4144287109375,12183250
2020-08-04,856.0285878278645,879.3909489590944,848.3671015282046,875.7066040039062,8332715
2020-08-05,879.5232130429508,881.5354242100467,865.6645108065765,869.3015747070312,5060070
2020-08-06,871.0208247598347,880.0804443407008,862.9908934878948,865.91943359375,4587005
2020-08-07,867.2326035961164,889.3385557713017,861.6683195669402,864.1151123046875,8326715
2020-08-10,870.0666686357246,899.0877572027766,870.0666686357246,886.2965698242188,8697180
2020-08-11,890.8595166793268,895.2996080461019,862.509125359524,868.3473510742188,6457605
2020-08-12,864.3985588994692,865.3243443693458,847.2145021817321,853.6573486328125,5353620
2020-08-13,859.7034815561287,867.3177445357918,848.6693590362225,850.6532592773438,4550210
2020-08-14,855.1688126805271,866.4768758801944,844.5598743211132,853.8934936523438,5753920
2020-08-17,853.9029930437977,863.4538749115279,850.2658715568889,853.8463134765625,3388330
2020-08-18,857.4076944860657,861.5077082809678,848.7825990169247,854.0823974609375,3252160
2020-08-19,857.785605179039,861.3659890951186,845.7123395792308,848.1968994140625,4036070
2020-08-20,847.3939871099369,855.2538802863623,842.8783036267918,845.6935424804688,4033835
2020-08-21,854.0069147573483,854.0069147573483,845.240090433585,848.29150390625,2438510
2020-08-24,848.2913886675478,851.5694623090358,836.0575408040529,845.0416259765625,3676190
2020-08-25,848.3387054941636,848.7921420303795,835.1129350298894,836.5677490234375,3010780
2020-08-26,837.1913178604484,841.3290994103999,831.3341791571568,837.8998413085938,3460010
2020-08-27,839.3451222935706,844.2386502081102,834.546098759334,838.3248901367188,4518315
2020-08-28,842.6704672190151,843.8041161508173,823.9276368379213,826.4783325195312,5814245
2020-08-31,826.6106632698296,836.0576422786277,796.6920968937058,805.7706298828125,5944120
2020-09-01,806.9798087466476,826.7806973970231,799.5923219432632,822.255615234375,4063205
2020-09-02,822.1232794315061,830.8428218756975,815.5954428530912,822.4066772460938,3018485
2020-09-03,826.5255239488546,843.80408355293,820.0260561544883,837.597412109375,4691970
2020-09-04,831.334100726576,847.1011100115202,810.9191942050354,816.6912841796875,6774000
2020-09-07,820.7818520141092,838.1359469661671,811.5426793322896,835.0845336914062,6153985
2020-09-08,843.6152315751388,846.7327231385883,817.8816697949856,821.6604614257812,7357755
2020-09-09,821.8682016640083,839.6474217864359,819.1663797020735,836.8983764648438,6175435
2020-09-10,842.6704760774078,843.0483782785744,820.1016307665388,827.5836791992188,4355845
2020-09-11,831.334103344738,840.2142861489235,826.6106141211883,831.6364135742188,4434725
2020-09-14,835.8025348486889,835.8025348486889,819.2420110364418,824.5512084960938,2924530
2020-09-15,826.601184454977,859.4861151787,826.1477479260886,839.335693359375,12522330
2020-09-16,841.7258243039774,878.7201684956746,833.4124943613269,874.3934936523438,14898945
2020-09-17,888.7717081105536,915.5161014069255,879.5042246923562,912.0585327148438,42149590
2020-09-18,944.6978603392636,1038.5913945167306,935.2981050969316,1007.680908203125,109935390
2020-09-21,1007.6809508462655,1041.557803713288,965.7174285991364,971.52734375,63716980
2020-09-22,985.1310441745192,993.8222189730711,955.0896039750712,976.4302978515625,38516740
2020-09-23,993.0662855699204,997.6008811575499,955.9208186522725,965.0560302734375,25066590
2020-09-24,956.034204163415,983.0336266355183,945.1701791161034,949.874755859375,25989895
2020-09-25,967.3705157645002,973.6054979779782,953.0110981391657,965.8967895507812,17571115
2020-09-28,982.4763107661397,982.4857669702333,961.8535404935546,969.2316284179688,12487900
2020-09-29,969.2600357252895,973.9740689736708,957.2435062339293,960.6066284179688,7146485
2020-09-30,963.591836033588,1004.7806404707185,960.7577423981951,980.1807861328125,26977680
2020-10-01,987.2092806679416,993.0663613727866,961.4001277699656,965.8685302734375,11385685
2020-10-05,976.8175826671754,980.5963740894855,964.1586083385239,974.833740234375,9188390
2020-10-06,974.8337462783744,987.5398863868459,965.8968837516809,970.4881591796875,8450035
2020-10-07,972.0940774992677,981.5410559006211,962.3070217138128,964.5270385742188,7912070
2020-10-08,971.9051608536826,985.2819989205276,955.2784446684147,981.4276733398438,11102775
2020-10-09,973.2277496241107,993.4443081462771,970.393655868281,973.6056518554688,11669875
2020-10-12,974.569197992491,989.6654512864146,965.6701603300704,986.3590087890625,9678985
2020-10-13,988.1539697797008,1005.68761756054,974.5219288058985,976.5814208984375,16819870
2020-10-14,977.7623201246961,986.2173201467399,961.8630384266247,967.9374389648438,9322630
2020-10-15,972.783681095958,975.8728614609086,948.4955367124862,955.32568359375,8842090
2020-10-16,951.4996985684231,968.3153089876673,948.4766538767004,959.9169311523438,10115525
2020-10-19,984.5640549703289,985.319859379557,952.6427353170781,955.6846923828125,10753270
2020-10-20,955.4579595719823,965.4811897880887,950.5455192857229,958.140869140625,6901450
2020-10-21,962.9399731598156,962.9399731598156,927.041454487659,953.53076171875,8006955
2020-10-22,951.6319672362027,953.1434607476127,912.7670834548736,948.8545532226562,24590740
2020-10-23,954.3337553218654,961.8913379295859,943.9420792362496,948.14599609375,9087405
2020-10-26,946.2093332242931,956.4121160213592,935.4870358071039,940.56005859375,7040385
2020-10-27,942.8084608749139,968.69320520934,937.2347204571316,963.4784545898438,9217170
2020-10-28,965.481199329094,973.0387821027073,929.582681154431,935.4398193359375,18141410
2020-10-29,929.5826820442562,952.255430386799,924.8497366021854,933.7299194335938,11551185
2020-10-30,939.7854853814829,940.5506883952562,920.1641486644312,923.6594848632812,6316955
2020-11-02,925.0481952691805,929.5827336575041,910.8399019500398,917.9912719726562,5854965
2020-11-03,916.5458954395782,929.5827146620281,912.7859586655246,921.5244140625,7304100
2020-11-04,926.1344677570102,938.0471508697678,921.5337940709217,932.5300903320312,7607400
2020-11-05,939.549177165764,944.5655201330997,929.979383923443,936.8568115234375,5170230
2020-11-06,937.6881848044042,937.6881848044042,924.0750568345937,926.3612670898438,5452210
2020-11-09,930.5273393636141,936.0065751091295,920.1356634925484,921.9589233398438,6028255
2020-11-10,911.4444584657822,919.7577878707873,884.1238132585984,887.6380615234375,9830150
2020-11-11,893.6841861480079,929.563792844765,886.3344090334357,922.4313354492188,13535220
2020-11-12,921.0804162228825,930.5273948508095,907.8546461437846,911.9829711914062,6582350
2020-11-13,916.356956825252,922.9414734671869,912.5876214552167,917.66064453125,5459350
2020-11-14,922.2518846207017,925.4260557812506,912.5781871829614,920.5230712890625,676080
2020-11-17,921.0804274342635,921.9967566956308,901.2417720741408,903.915283203125,6416065
2020-11-18,904.0758935140383,905.9652893207552,883.2925396401523,888.7340087890625,6500295
2020-11-19,883.2924611785243,909.1393796801178,879.8915720924437,889.4707641601562,8836445
2020-11-20,893.6841619653347,897.8975351143625,879.7593249463235,882.5272827148438,4774680
2020-11-23,885.1818566417373,920.1356759541645,882.555569027515,912.3419189453125,10763015
2020-11-24,916.3569634776195,933.3615256864825,904.2270170649922,928.7324829101562,9611490
2020-11-25,944.3199012196308,947.9097990003918,903.3200511477247,908.1002197265625,13295580
2020-11-26,908.7993720589781,931.3398499226333,901.9597685468023,926.0590209960938,8336175
2020-11-27,925.9928277749838,932.5206644330823,908.6481893931494,912.3796997070312,10018690
2020-12-01,920.13567711665,920.13567711665,908.0435565468674,912.6536865234375,5585950
2020-12-02,916.7537084104962,923.7255834373445,908.9883194471353,916.4041748046875,6117260
2020-12-03,920.1357052043007,933.1725239924876,914.9587794413449,930.158935546875,5174465
2020-12-04,933.3614400145931,937.2441341908818,918.6430319311635,927.4193115234375,6998410
2020-12-07,931.4721256990945,958.6794135790383,926.7675486269175,950.196044921875,12029520
2020-12-08,954.1448813412497,959.8130687551582,936.3656599004496,947.5697631835938,6638505
2020-12-09,949.4213702705721,963.5918384835657,949.4213702705721,955.4485473632812,6767490
2020-12-10,955.6563763148035,961.022311148406,947.5319974069329,954.7305908203125,4741470
2020-12-11,955.1085013407396,960.5782814931208,941.8260510058104,947.9004516601562,3839815
2020-12-14,935.6287799939054,954.9005816675963,935.6287799939054,949.0056762695312,5918125
2020-12-15,953.5686075599159,959.0572999399415,946.6250435414707,950.6211547851562,5025520
2020-12-16,954.1448098010427,954.4754309781509,945.8314804159203,952.0570068359375,4162280
2020-12-17,954.144881867974,970.1102994898765,950.3660902566157,958.462158203125,6803005
2020-12-18,959.8130243507949,994.3605742996641,959.4634907558906,987.9177856445312,18525665
2020-12-21,990.6101216771489,996.5050269119926,937.5275482921766,957.649658203125,9061285
2020-12-22,965.0466723461246,977.7623268420957,932.6719145104505,975.268310546875,7764120
2020-12-23,975.2021475176048,989.7976826789611,969.4961357942043,987.0391235351562,4062350
2020-12-24,991.3660339509305,991.3660339509305,975.8729647858659,982.825927734375,3378180
2020-12-28,987.8045042924005,989.0987358478234,980.0296587549669,982.825927734375,2055865
2020-12-29,987.2092207560651,995.5226076902552,972.2074147790662,975.9862060546875,4412165
2020-12-30,980.8704239758556,980.8704239758556,971.6217945903275,976.9970703125,2376345
2020-12-31,980.5963349591864,992.6412321371533,975.1170414876607,983.4493408203125,6036190
2021-01-01,985.7450143227508,992.8491612463423,982.4858525742516,990.2985229492188,2915215
2021-01-04,993.8221330869198,1002.9574027644624,990.2984285756787,996.1365966796875,3923440
2021-01-05,990.0433922335076,1008.3705544284611,987.5777445702054,998.9046630859375,4770920
2021-01-06,998.9045853517205,1004.2137824864204,987.3981151655038,999.1691284179688,2713390
2021-01-07,1001.5686371495335,1006.1032330601656,992.4995606478336,995.8816528320312,3266465
2021-01-08,1001.3607547827905,1012.7160407807332,997.4119825609362,1008.6066284179688,4045915
2021-01-11,1009.6930746684747,1025.375035393649,1006.2920702657977,1023.4478149414062,4599235
2021-01-12,1028.010638944945,1028.4924440463142,1006.9439472926592,1011.5540771484375,3741860
2021-01-13,1013.6608246368812,1015.550220395757,989.6654754352451,999.4903564453125,3296060
2021-01-14,1002.3055359019917,1006.6700354844921,994.7668652885422,1003.0613403320312,2674860
2021-01-15,1004.2138665759944,1004.2138665759944,981.6544761364622,984.904296875,2577605
2021-01-18,988.342886501482,989.6560304070779,951.310775337138,954.5416259765625,4412055
2021-01-19,961.3245325484932,964.5270721764695,951.6036121923634,961.49462890625,3990495
2021-01-20,964.0263486807632,974.880859640547,956.9883384589734,959.935791015625,3398145
2021-01-21,965.4811905419307,970.7714753713991,951.1029171226876,954.5604858398438,2906620
2021-01-22,953.9086680942415,964.6026548330011,941.8637703292486,951.6697387695312,3815610
2021-01-25,952.6333016116341,968.957707564116,937.1402343507941,960.2664184570312,3588895
2021-01-27,954.5982835349585,954.5982835349585,913.1071693028181,927.56103515625,5261980
2021-01-28,915.4122024836767,926.5501692052916,902.5643349864142,920.4757690429688,5165470
2021-01-29,923.9145653660123,928.6380549639981,859.6751068334062,869.6322021484375,14820975
2021-02-01,861.5739051744869,864.899260095327,830.020973562758,836.6527709960938,12951700
2021-02-02,844.370995958653,855.5184199697584,827.7443355007115,846.9216918945312,18375530
2021-02-03,865.1448789024527,899.6547212578189,858.2485956861399,878.4840087890625,17227025
2021-02-04,886.6933367880076,889.1495856770931,873.2975288310888,881.96044921875,6508800
2021-02-05,885.1819268225224,912.5781657529955,873.9683674316943,907.0800170898438,12038405
2021-02-08,919.1909610499935,927.6837850616741,911.6333786364272,918.20849609375,10792890
2021-02-09,916.3569240554503,924.9914763328359,907.8546433167916,915.2421875,6233845
2021-02-10,915.4122047032643,922.7997487130256,899.5412925623463,911.4539184570312,5767115
2021-02-11,910.8776803471225,918.2463120600929,908.7993335409561,911.6428833007812,3557750
2021-02-12,918.2085379688106,918.2085379688106,904.0758374533974,905.3984375,2504510
2021-02-15,905.3984507170633,913.2488876153858,888.0254432596199,889.8770141601562,4923205
2021-02-16,893.4951583852476,899.6546064281083,882.3477359935162,887.37353515625,4064700
2021-02-17,887.3736191728253,889.8959463665834,865.3432577016828,869.2259521484375,5106775
2021-02-18,870.4446454145494,881.1858556445352,861.5644623223144,872.3245849609375,5147530
2021-02-19,869.4999637360374,893.3063045105765,855.8962910136293,884.5111694335938,6392670
2021-02-22,889.5274099879264,893.1078514900842,839.4867960665354,844.4180908203125,6976565
2021-02-23,849.8501946321878,856.7087105056785,835.2073774086556,849.311767578125,5317090
2021-02-24,849.311743307395,854.7153873807056,826.9885283007953,838.0509033203125,3677930
2021-02-25,835.3301801258173,867.2326456845367,835.3301801258173,846.4776611328125,8531875
2021-02-26,842.6704948852179,861.2999090909626,832.2788183787858,836.3504638671875,7534450
2021-03-01,839.836437388289,846.0714204962119,831.3813796081598,841.4235229492188,3545365
2021-03-02,845.2022458651995,846.4303415096863,829.4730616243214,832.2221069335938,9188390
2021-03-03,843.6152095749777,853.2039161519771,836.2465776190453,850.7098999023438,4253070
2021-03-04,846.8272062375519,865.9761931365854,839.6474677236548,864.4080200195312,7364955
2021-03-05,859.6750606479549,861.5644563856428,847.2050372472589,848.81103515625,4131845
2021-03-08,850.2280640792707,854.3847576786817,843.2372769329288,848.7637939453125,2782080
2021-03-09,850.4075346085588,854.0068310036321,834.4515745582081,840.4598388671875,2715590
2021-03-10,849.472311188474,853.9784806868536,841.9241846553027,850.3036499023438,3149805
2021-03-12,854.0069272455826,855.8868668974711,831.9198850675323,836.341064453125,3439260
2021-03-15,842.6704741864762,843.0861435429146,809.6060497509081,820.4228515625,4608715
2021-03-16,827.5741879593795,843.9363608289683,824.7211821427624,840.724365234375,4678635
2021-03-17,840.7244915561762,843.6152649617477,820.8102427290241,822.9924926757812,4769865
2021-03-18,825.6658972226052,827.2718950535066,792.6109296245784,795.9551391601562,6054535
2021-03-19,795.4356233290815,813.4510190094023,781.2651549799887,807.61279296875,7062075
2021-03-22,808.0756543036815,825.2786229684151,806.4413454687336,822.6334228515625,4336515
2021-03-23,821.887086672573,831.9008602968564,816.6156567995215,826.0910034179688,3326180
2021-03-24,821.9343440227765,834.9239393206071,818.3634161712586,821.9815673828125,3912020
2021-03-25,821.8871505496724,831.7403424583526,809.5588548233837,827.6592407226562,4707080
2021-03-26,835.1128547088324,835.6796503245879,821.4525037713466,832.4677124023438,3626590
2021-03-30,836.9928683782936,855.414477102179,835.3113361291491,853.6668090820312,4331625
2021-03-31,852.1174496954966,859.051557195251,846.6382137682133,853.2510986328125,3862550
2021-04-01,859.6749723205479,868.1677960632933,854.3940864059915,866.78857421875,3238200
2021-04-05,861.5644457291633,866.0989839115709,835.8497977339856,860.9220581054688,3661290
2021-04-06,861.3755568048912,876.6607623179282,858.1636184545623,872.7591552734375,3711470
2021-04-07,880.8930569880291,894.4399930827643,876.868634560458,886.6273803710938,5568060
2021-04-08,886.6462107816413,898.5966623920012,880.6851692834418,885.9471435546875,3303175
2021-04-09,886.674548698436,905.7763120765633,886.3627822545825,899.4090576171875,6810735
2021-04-12,902.1865479956463,967.3707069607767,887.0713806993841,944.1217041015625,17568825
2021-04-13,972.0373549446524,972.0373549446524,897.6707675236138,902.6210327148438,19686170
2021-04-15,915.015453407278,921.0898536218446,904.075836234746,915.51611328125,6934505
2021-04-16,918.964341003349,933.3615278141064,909.7818474065435,924.5286254882812,5990145
2021-04-19,924.4812744230456,945.642528902968,908.2419164005286,938.670654296875,9219640
2021-04-20,963.5918499378434,984.5169313116816,961.6080074283553,974.3141479492188,17424880
2021-04-22,978.6975184611334,999.4903274090743,974.7392898146707,982.4573974609375,12120670
2021-04-23,987.7760759395962,994.984125345222,950.3849755279383,957.3001708984375,11774495
2021-04-26,968.3153227607087,969.2600206365728,950.4132864811273,957.3001708984375,4752885
2021-04-27,961.7967930848286,966.6147863904075,948.7316642164704,955.5145874023438,4789175
2021-04-28,960.2948456323041,964.8955196683306,950.366061745757,953.0962524414062,4219765
2021-04-29,957.9708218150842,971.905172450426,952.6899932412799,964.0263671875,5359655
2021-04-30,971.1493556795938,984.5640185504577,968.3436308403651,975.5138549804688,6534750
2021-05-03,981.3426634213841,984.8190867423843,971.1493372689974,979.8310546875,4689495
2021-05-04,984.5640584073379,986.8124439151442,954.9667161236022,957.404052734375,3978090
2021-05-05,965.4811893752143,982.863652639228,957.9236066795179,975.1076049804688,5055995
2021-05-06,975.8729330391116,992.3106996024255,969.2600477232609,976.5247192382812,4891875
2021-05-07,982.4762754845186,991.7438164416199,976.0617403917183,977.7055053710938,3924345
2021-05-10,1016.4948316224556,1018.3747710167133,996.0893822300052,1006.5849609375,11222420
2021-05-11,1006.1033134129717,1010.8173469422703,995.9572666891899,1000.6145629882812,4724450
2021-05-12,1004.7806987867732,1008.9373927571779,996.6563196243658,1001.65380859375,4400825
2021-05-14,1008.6632677688568,1019.9713882641929,974.9281456768139,981.8905639648438,14885055
2021-05-17,991.9328257591293,993.8222216177181,972.0941692439467,991.9895629882812,6846935
2021-05-18,999.537480596753,1002.3053803701471,984.3750358835871,985.4047241210938,4550200
2021-05-19,989.0986604265026,994.5779541479036,983.6288229092764,989.6277465820312,4594605
2021-05-20,992.8773988670678,998.7344791645313,987.2092120038876,989.34423828125,3879585
2021-05-21,993.0663491492849,995.6171025754677,981.7867119992425,985.5938720703125,3558170
2021-05-24,989.2874749580545,1001.1907593123245,987.5303509151752,996.1177368164062,3532490
2021-05-25,999.3769199769511,1005.1584659389304,992.8773944565937,1003.4957885742188,3478075
2021-05-26,1005.1585565160675,1007.9926501904548,996.6562754929053,998.58349609375,2537400
2021-05-27,997.3646848201514,998.337751213742,988.1822500422368,995.4942016601562,3891965
2021-05-28,997.6009703491501,997.6009703491501,973.0388252458566,981.4561157226562,4373725
2021-05-31,985.6978029483097,1008.0399311437794,977.0348817691485,1003.1085205078125,4338240
2021-06-01,1002.3245240773434,1008.7485162595801,994.8236777142695,1004.4973754882812,3736865
2021-06-02,1002.5607529521169,1011.5826649840175,998.1678841862199,1003.7132568359375,2729755
2021-06-03,1003.2690844408909,1008.937271358636,995.1447062560345,998.0827026367188,2833590
2021-06-04,998.0827971459938,999.490387804955,990.4213109417161,992.8775024414062,2007655
2021-06-07,994.0111252871535,996.4201511594306,984.8854262265133,986.1134643554688,1819835
2021-06-08,986.2646128567544,1000.6051777957989,973.0577545954932,996.6090087890625,3663570
2021-06-09,997.2041135603835,1003.2691152637432,984.0067122914713,986.7936401367188,2365525
2021-06-10,988.6264225398896,1001.3798450953493,988.6264225398896,999.8778076171875,1836400
2021-06-11,1001.3797437821762,1037.2593504903357,999.2163487541975,1030.2874755859375,7277420
2021-06-14,1030.2874254210694,1042.0017015211208,1014.6054645817621,1031.8651123046875,4489710
2021-06-15,1034.4441625662412,1035.9651122911189,1020.6515967959374,1022.32373046875,2844075
2021-06-16,1022.163161594309,1031.2322386702333,1008.9941277863128,1021.42626953125,3492955
2021-06-17,1021.4262007514506,1022.9188971868111,991.6587617171779,998.8291015625,3536160
2021-06-18,1004.2137611927816,1009.8819479916119,989.0607715816506,998.3377685546875,3487140
2021-06-21,996.6561598071835,1001.3796487162223,987.5870841657397,997.978759765625,2077445
2021-06-22,998.6400029801005,1005.1584407443268,992.0271185015193,1002.9573364257812,2134275
2021-06-23,1005.5364671687203,1010.8172961368003,998.9612913716984,1001.2569580078125,2055715
2021-06-24,1001.1906769803473,1004.2042073152276,991.9420495175664,997.1567993164062,1830910
2021-06-25,997.0340689741483,1008.1814336859034,995.144673397286,1003.1367797851562,2320365
2021-06-28,1006.8590867230266,1024.043086491069,1003.7509936718074,1021.0767211914062,2964815
2021-06-29,1022.3519818186395,1030.655912941607,1016.4949011923824,1026.527587890625,2881305
2021-06-30,1027.6424304724485,1033.272793101988,1021.2184385700821,1024.6287841796875,2340440
2021-07-01,1025.1862065385108,1054.2829505857333,1022.6166556976528,1050.220703125,4157750
2021-07-02,1054.2827631978932,1058.0615544638354,1041.340449239864,1053.4703369140625,2858690
2021-07-05,1053.5647867256305,1057.3057531876404,1045.2042340890937,1046.328369140625,1486705
2021-07-06,1046.6874160009709,1050.7307505645808,1041.8128580178611,1046.621337890625,890540
2021-07-07,1044.6469834241677,1060.8202068512776,1042.0112393822271,1050.90087890625,2692540
2021-07-08,1046.7252226065268,1055.7942989442595,1029.645126915138,1032.8853759765625,2255835
2021-07-09,1034.0716600871622,1047.785327084901,1028.1781718716693,1036.4063720703125,2304980
2021-07-12,1043.9227811874036,1043.9417804829468,1032.55332469586,1042.85986328125,913295
2021-07-13,1042.8598686527496,1050.3952905123538,1030.465492782299,1032.0029296875,1852410
2021-07-14,1032.0029053734904,1036.1406969980346,1018.7922551978977,1023.2243041992188,2506775
2021-07-15,1026.8590488625268,1032.268518769102,1019.4945051960817,1023.7556762695312,1518410
2021-07-16,1023.632252155335,1034.4513073469998,1021.895554510235,1026.2042236328125,2189520
2021-07-19,1024.5813783586445,1033.5023585258941,1021.5635024628347,1028.6337890625,1204290
2021-07-20,1031.7939524898204,1031.7939524898204,1010.2698379196755,1014.3412475585938,1322140
2021-07-22,1023.8222383343866,1023.8222383343866,1011.019725012414,1022.01904296875,929240
2021-07-23,1021.449599974843,1031.0348601755131,1017.3876897129846,1029.165283203125,1533805
2021-07-26,1028.5673686274756,1033.8819579366696,1024.922979516007,1027.0963134765625,934695
2021-07-27,1032.173640720839,1033.4928173598053,907.2802709447586,919.3045654296875,29369105
2021-07-28,924.3533683784086,925.283406937651,885.7370158561523,898.1219482421875,16190650
2021-07-29,901.5859454495818,904.4330589615279,884.5032643779056,886.9043579101562,5434680
2021-07-30,889.2485470595933,912.0254575499137,887.8439894485874,894.2214965820312,6866000
2021-08-02,899.498116194697,901.6808917947089,889.7420366367205,892.3898315429688,3781730
2021-08-03,897.486155889466,897.6854747016979,890.5202501291113,896.2144775390625,2991305
2021-08-04,896.9547173865238,912.9744821649306,896.9547173865238,905.1544189453125,5520990
2021-08-05,909.9375130893906,912.7846267460687,900.0675538343785,907.716796875,2969750
2021-08-06,910.7727298310882,912.2627263585209,902.7818465379686,908.47607421875,1998185
2021-08-09,910.1273399052685,917.4918832270904,903.3511954434676,914.5878295898438,2717725
2021-08-10,918.4788685493644,922.2465791353059,898.4636916649758,905.334716796875,3083355
2021-08-11,904.4331712709684,904.8033099754053,890.1976019435135,900.6085205078125,2633925
2021-08-12,901.4721845119403,902.2124040019046,890.2924895091187,895.2085571289062,3107090
2021-08-13,896.2903584719018,898.8907130533562,879.1887348803041,883.0228271484375,3969475
2021-08-16,880.7071459511724,889.5616855232327,874.8230995549258,884.7215576171875,2096145
2021-08-17,885.4524054967869,895.7400023401145,884.721627740919,892.1905517578125,2130070
2021-08-18,892.0956680410391,902.5445850804045,887.3504783174166,889.6376342773438,2768780
2021-08-20,884.484344610953,884.484344610953,855.6525678870183,864.7633666992188,4134540
2021-08-23,872.925021326478,872.925021326478,854.1340830835743,856.9526977539062,2837575
2021-08-24,864.0041200320827,872.2987019400745,843.8275651805552,870.7232666015625,3084680
2021-08-25,867.4207026312024,872.0899532142016,858.5661621720849,863.4252319335938,2220705
2021-08-26,863.425184126506,864.5545415627245,851.5527684625763,854.7984619140625,2408595
2021-08-27,855.272957284335,875.1647543690664,855.272957284335,873.21923828125,2816975
2021-08-30,876.7212235437104,892.0956495138853,868.9486006208523,887.8914184570312,3141835
2021-08-31,887.9009300043595,896.2239533295076,882.7001627167939,892.8643798828125,3227635
2021-09-01,899.4981067993966,908.1248867662221,889.6281474297066,904.138916015625,2814755
2021-09-02,913.1642780801236,930.8922990839849,912.9744589153723,922.4078979492188,6299320
2021-09-03,925.5397527029838,931.8128795937149,922.901457346725,929.781982421875,2156575
2021-09-06,937.649464804016,938.2758043442536,924.6381340700966,933.0845947265625,3080995
2021-09-07,932.9042524023608,934.9826477130011,921.6201779093255,929.5731201171875,2101070
2021-09-08,932.9042441013518,937.6494335423556,922.7115864500237,932.2019653320312,2500145
2021-09-09,927.2100297562005,934.3183143704159,925.710533652936,932.3442993164062,1812055
2021-09-13,935.5425709130002,939.0160239992324,924.9512759408462,936.01708984375,1493265
2021-09-14,939.5285724757716,946.9500562057704,934.5651225264562,935.893798828125,1549905
2021-09-15,937.0800176451467,944.2926822998788,933.644505183718,941.9390869140625,1601600
2021-09-16,945.4315806065327,948.3735749672451,933.1984680048628,936.1215209960938,1482575
2021-09-17,936.320813797325,941.0185632121692,924.1826393280826,927.1246337890625,2274150
2021-09-20,925.3119120910698,927.314368070699,901.2443259000382,906.3216552734375,1660330
2021-09-21,905.1449368069545,923.2240980096177,900.6844468964695,921.2595825195312,1701950
2021-09-22,921.3640199555538,926.0332704054932,913.3635791406975,919.8740234375,1253645
2021-09-23,923.7745567797946,924.0971972423108,905.3821968266376,910.56396484375,2800365
2021-09-24,912.2152442479015,915.0812993271219,906.9100968815327,909.2447509765625,1258075
2021-09-27,910.5639335850885,912.148810675189,898.359262045047,909.4915161132812,1130285
2021-09-28,912.9554807706122,921.3450014796887,902.554062227529,917.3685302734375,1527230
2021-09-29,917.3400071076181,934.4037478665504,909.4915030964447,926.4508056640625,3275350
2021-09-30,928.1400571430943,946.1907763471171,923.4993058836641,926.3938598632812,3880075
2021-10-01,921.1361212360969,943.3436302694525,920.9938003122892,940.6578369140625,1710665
2021-10-04,940.4965956320654,963.6531444663389,939.5475576949997,957.1427001953125,3801765
2021-10-05,956.0797435586601,958.5282775558805,943.3436711787576,955.605224609375,1774235
2021-10-06,952.3595680696958,957.0478177870459,931.3478542803159,940.80029296875,2646320
2021-10-07,944.4635630810518,947.1208577081477,926.8209803468475,928.3678588867188,1719870
2021-10-08,931.3194146522128,938.9117181459064,915.0623901623668,920.4149780273438,1741550
2021-10-11,924.3629311889669,934.1380101494589,916.372048146469,928.9847412109375,3440320
2021-10-12,930.0571302637509,940.8761853570975,921.7056084340728,932.0121459960938,1427440
2021-10-13,931.7654428473717,938.7883468104793,928.1781095359844,935.4572143554688,1207980
2021-10-14,934.6125877001252,950.8696128720293,932.7240113947829,941.1989135742188,1460300
2021-10-18,938.5985110550279,944.2832389773924,923.5372837674214,925.7864990234375,1668255
2021-10-19,931.0061860729562,933.8532997918337,909.1783142282284,911.4180297851562,2698595
2021-10-20,911.2757145061984,919.51335663295,895.5121507621519,902.3262939453125,1580485
2021-10-21,907.2802440172813,908.9505600106172,873.1148791798105,882.91845703125,2584000
2021-10-22,883.5543380637899,889.7800247454047,871.833742463428,880.2232055664062,1814980
2021-10-25,882.7760956197945,891.9058358811424,861.1570416745736,887.5687255859375,1380835
2021-10-26,891.1465822823554,891.8678603495949,880.1377658840945,885.6801147460938,1363565
2021-10-27,883.6491302319008,897.410179232358,882.045253927964,885.0157470703125,1929040
2021-10-28,887.3504906104998,890.1406645236314,863.823860487733,867.4111938476562,1341975
2021-10-29,871.7862511908238,933.4452778773167,859.0786768664334,884.3515625,9725820
2021-11-01,889.2485507415407,917.7101893249676,878.6288138644705,911.3516235351562,3383505
2021-11-02,911.0479219988165,911.8356397066649,896.2714522704,900.8457641601562,2046660
2021-11-03,903.2943406693826,910.7443235910295,902.2599217056943,905.6954345703125,1862160
2021-11-04,906.3312439331734,908.9220990055875,902.345272950835,904.6514282226562,104180
2021-11-08,903.4840721662099,913.0029500160912,892.3043780071995,908.9410400390625,1191260
2021-11-09,909.1782475986992,917.7195881293759,906.3880740416912,909.624267578125,1249435
2021-11-10,908.0584959910223,920.557309542244,906.1414208009361,916.6472778320312,1711170
2021-11-11,916.9604339881001,920.4433868751931,908.039454524926,913.9140014648438,1586300
2021-11-12,920.5667614891204,924.3629130828899,913.9234962000237,919.2855834960938,1166710
2021-11-15,918.8584768950894,929.8672930121415,917.3494811956286,925.0556640625,1337395
2021-11-16,930.2469369972796,930.2469369972796,910.5733424526162,914.4169921875,1679855
2021-11-17,914.4170058557056,915.7930644557832,901.6049943470525,905.0594482421875,983295
2021-11-18,903.4461778408054,904.945616079615,882.814044377027,886.6766357421875,1168320
2021-11-22,887.6256467247533,890.1216210640907,869.6224253610164,874.5574340820312,910090
2021-11-23,873.1148939904627,884.8544885289473,863.9092145014972,879.1792602539062,1063495
2021-11-24,878.600356670652,883.2885484053126,870.5714749845104,872.7447509765625,996290
2021-11-25,875.7721791492615,891.3364241744001,870.2677708097732,871.5205078125,2726870
2021-11-26,869.318727068377,914.8725468274187,868.5879493405124,901.7568359375,5361365
2021-11-29,920.5667943602768,927.210059886588,885.5662707819654,891.64013671875,4500925
2021-11-30,894.7340024145723,901.2538883230106,882.6052699335752,887.5117797851562,3589115
2021-12-01,891.3364335270894,894.449247809973,871.2168178693539,874.3201904296875,2127105
2021-12-02,874.9939311538033,886.2115659115848,874.8326109321745,885.0252685546875,1163740
2021-12-03,883.0227962399754,885.2625117065869,869.8880866596852,872.4505004882812,2738865
2021-12-06,874.8705426335101,874.8705426335101,851.1540953852934,853.8873291015625,1336375
2021-12-07,857.9302921740609,863.6245197769862,842.9924443636692,858.0631713867188,2662500
2021-12-08,859.3063860877654,871.1598603004514,859.3063860877654,867.5535278320312,979280
2021-12-09,873.1149153492147,876.5219870818386,866.5380892965131,872.0234985351562,1130885
2021-12-10,875.0129517500951,876.816146946349,868.0849866020851,871.8431396484375,802565
2021-12-13,887.9198747112207,887.9198747112207,866.7468405577855,873.0769653320312,1355025
2021-12-14,872.3556798496558,884.503353810617,868.7682886580375,881.950439453125,1195915
2021-12-15,881.6752144602347,881.9504146002446,867.8572248581474,873.1718139648438,1537725
2021-12-16,878.8090614577384,880.5078183802437,867.4206070975949,872.61181640625,1006605
2021-12-17,878.8091130087577,882.225626347344,853.5267289442505,857.5411987304688,2417560
2021-12-20,853.4128442858201,868.3696910743496,846.921457393641,865.6554565429688,1708885
2021-12-21,865.721892173037,878.6572835119297,862.4476998007231,877.0818481445312,1293770
2021-12-22,880.7071806084542,888.1666046802197,875.0129531476238,882.320556640625,1068395
2021-12-23,887.1036725411302,892.0956211358599,883.5732793762244,891.108642578125,831200
2021-12-24,896.8407689168001,897.7898067675058,875.202717505647,880.4508666992188,1259130
2021-12-27,877.6892552041039,900.6369851346558,877.119797697895,899.0995483398438,1696340
2021-12-28,899.0995027916484,906.0654083264259,892.6744978695849,900.4091796875,3342970
2021-12-29,900.4092272579727,920.2156440366338,900.4092272579727,917.3685302734375,2528020
2021-12-30,916.7706506353613,935.3623293788937,915.8311123420998,930.9492797851562,2765730
2021-12-31,930.8164067348647,935.9507344654157,925.5966980269131,931.3858642578125,1442840
2022-01-03,931.3858296962931,935.8083208778813,920.1301960409693,921.1646728515625,1463005
2022-01-04,922.6546232957905,928.7094895042504,915.8215390876113,917.8050537109375,1267190
2022-01-05,926.2610158778172,930.9302662553405,902.9241477880535,909.2542724609375,2684010
2022-01-06,909.2542557350017,917.918976474919,897.467163203844,899.5835571289062,1908215
2022-01-07,905.2777760496641,905.2777760496641,890.1975499214602,893.6900024414062,1335615
2022-01-10,897.4861923131305,897.4861923131305,883.5828212443835,891.9153442382812,1575095
2022-01-11,893.9937153754481,899.6689435677309,884.6077164999978,886.259033203125,1547160
2022-01-12,888.2994808682535,892.7219720275987,879.5683205397413,890.8428955078125,1188845
2022-01-13,892.0956092386198,903.4081245751621,889.1725563426309,897.0211181640625,2270255
2022-01-14,895.9297038778151,896.4611627762947,884.6076888635657,890.0457153320312,1594300
2022-01-17,885.5472566351259,892.0861417811342,874.1588016381695,886.85693359375,2693245
2022-01-18,886.4014095088858,896.7364462690008,877.1008495593597,890.8713989257812,2122640
2022-01-19,891.1465891210088,898.6250124155512,883.544786265351,889.239013671875,1539435
2022-01-20,894.3733346868457,894.3733346868457,867.4206353210053,871.510986328125,1588695
2022-01-21,865.7598121331022,867.4206284348099,841.7966054941755,853.4033203125,2787740
2022-01-24,851.4957687690344,852.1981054816068,818.2605004339765,828.38671875,2782490
2022-01-25,828.3867323006021,838.750210264475,816.3624379612834,835.6943359375,1704510
2022-01-27,823.7648977487107,828.5385861927352,803.2657022649267,807.8875122070312,3527530
2022-01-28,806.4544549904089,831.3572002128548,792.5320852194523,800.7222290039062,6514920
2022-01-31,806.6727031254385,829.193353615172,804.7936266478181,816.7040405273438,3092775
2022-02-01,819.9688258920662,821.1836223268649,808.2007316098535,817.9663696289062,1858315
2022-02-02,820.9178327339391,840.800189516304,819.0387561151393,838.0669555664062,1525005
2022-02-03,838.569878342199,842.1667691110622,827.5610617004584,830.3417358398438,1107685
2022-02-04,836.0169817765766,836.3871204731241,823.1955279323372,826.0331420898438,1234965
2022-02-07,819.9687807423409,825.6630083863848,806.6917492202601,817.9188842773438,1279790
2022-02-08,817.8808335908665,831.2338035165589,812.385925117261,820.3388671875,1982015
2022-02-09,820.3863222858041,834.2043117539566,818.3553672835935,829.2218627929688,994400
2022-02-10,832.3062143945884,833.0179927991448,822.5690765523093,829.5919799804688,1189325
2022-02-11,818.2604796241332,825.5775246778129,812.4049320668862,820.9937133789062,1687690
2022-02-14,806.6822218301213,809.8330346357602,790.8807174914605,798.06494140625,2246930
2022-02-15,803.6452968747877,815.119190783089,795.0280163658281,811.9114379882812,1790055
2022-02-16,811.9968179819754,829.9905977271442,805.4579907617006,819.294921875,1903065
2022-02-17,820.5192174629994,822.8633133111852,814.8819299261485,816.3624267578125,1145155
2022-02-18,812.3764482811029,824.3343027377997,809.4533953090323,820.18701171875,1790540
2022-02-21,830.5979818651851,838.3136646280194,812.8699608398722,815.8404541015625,2939755
2022-02-22,795.2842807062622,803.9490015868081,788.7833940963945,800.7033081054688,2404200
2022-02-23,808.58032818301,808.7037077496883,795.4551172002841,797.3721923828125,1857420
2022-02-24,768.7207143104288,787.5116535197482,768.7112146632913,776.7875366210938,3485635
2022-02-25,780.8683327374594,797.3816145257168,778.6096180166026,792.7503051757812,1527165
2022-02-28,787.7015045269794,787.7015045269794,769.1952643603817,771.26416015625,4914250
2022-03-02,770.8750706584933,771.2641507293557,726.0140284311693,731.3571166992188,7703175
2022-03-03,736.2636855417819,739.1582399226049,702.2881359548489,705.8660278320312,6673625
2022-03-04,704.1860766859136,735.305006580378,693.5568413019464,726.7067260742188,6040250
2022-03-07,711.5885418216367,719.7408021361293,696.2141176397613,715.4606323242188,3015430
2022-03-08,711.778441387248,737.7726039686329,709.4722861881146,734.2801513671875,3920845
2022-03-09,740.5342692714994,755.6809351615083,736.8709968423879,746.0292358398438,4046845
2022-03-10,754.4851137723537,756.6678893090242,735.6087364579383,738.8259887695312,3560495
2022-03-11,738.9209343832439,758.4711511642455,735.1247825334976,754.5990600585938,5566315
2022-03-14,751.8278891793216,758.2148961624976,744.9948042307404,751.1256103515625,2850290
2022-03-15,751.2583848405037,759.0405072714284,736.4534166448341,740.2210693359375,2356470
2022-03-16,754.2952781625892,754.2952781625892,738.3514537287036,748.5631103515625,1793880
2022-03-17,752.6060641412982,768.7207093646758,749.0186730270847,767.230712890625,3862935
2022-03-21,773.276071966456,774.97488688503,758.613424776625,760.1698608398438,2008195
2022-03-22,763.2163314982887,770.0399166804549,753.5361328167148,764.9910278320312,6451110
2022-03-23,766.8226599204087,795.094479462362,766.8226599204087,783.3928833007812,5220570
2022-03-24,780.6785255005727,825.387743396246,778.4862503468222,821.5820922851562,8690735
2022-03-25,821.2974156169996,830.408156218209,814.2745120402552,827.8362426757812,4321985
2022-03-28,827.5231391753729,828.1210377087729,804.6228491554616,813.4109497070312,2484535
2022-03-29,815.0337923519729,826.7164473783291,806.1223119631288,820.6426391601562,2105420
2022-03-30,826.194469852403,828.7948245498836,813.1546977754617,826.4981689453125,3084130
2022-03-31,826.2323989166856,832.7807838053684,812.3954675992264,815.3090209960938,3058595
2022-04-01,815.223527555138,822.7493908876604,809.1496620379423,812.2720336914062,1569355
2022-04-04,823.7649056083875,823.7649056083875,810.4783748727683,819.4277954101562,1298870
2022-04-05,823.556153951065,836.6718070306277,816.6945704012704,821.8478393554688,2399325
2022-04-06,821.8667980014919,826.6119873663966,809.7760647676628,811.759521484375,2059755
2022-04-07,815.2235485100432,827.0010832525335,811.7595370374236,819.4752197265625,1397010
2022-04-08,825.0936161076014,849.8919823512639,821.2689653689276,840.9140625,3358875
2022-04-11,840.847585854334,844.6437374834733,830.1139694399301,831.4520874023438,1077795
2022-04-12,830.5979884286094,836.6907955773145,821.6105693215918,829.9051513671875,1855070
2022-04-13,825.8527704365196,828.00704702406,814.3883766872415,816.020751953125,1847180
2022-04-18,811.4274028546839,819.6745445059485,803.018940979656,813.3159790039062,1698380
2022-04-19,818.0706566350196,819.2284550505428,795.2937474015621,799.032958984375,1550720
2022-04-20,800.4185917807209,823.7649010602538,799.6688147644145,814.9198608398438,2252075
2022-04-21,819.7789366757505,825.9571827498775,818.0706800193462,820.0256958007812,1972180
2022-04-22,815.5937105689467,815.9827906286197,790.9282243384881,795.8157348632812,1953715
2022-04-25,787.7014419999189,793.3387293355559,770.8085792865425,781.1436157226562,1705680
2022-04-26,792.4466540112118,794.3921701397171,784.1046316440254,788.5650634765625,792225
2022-04-27,788.565068145271,790.3018237479247,773.0008811004036,773.85498046875,993500
2022-04-28,778.2111131026031,788.0146912707204,774.718660424031,782.4153442382812,1504805
2022-04-29,789.5995404286723,809.7191556879922,781.0771985402306,784.2754516601562,2615175
2022-05-02,782.4152995427803,786.7998499541116,772.5168413157036,782.7474975585938,925300
2022-05-04,782.7665062884502,784.9303406644979,752.9667487769829,757.7783203125,1712475
2022-05-05,768.7207185081048,773.4469088341466,749.9297791961757,752.3593139648438,1264655
2022-05-06,745.9058794762926,749.521711707317,736.4534407498661,746.0671997070312,1197395
2022-05-09,745.7539524851434,747.0731290366676,734.6786966746585,741.3504028320312,886775
2022-05-10,740.2495658028466,746.7030119710643,738.3514899930957,742.9068603515625,1014140
2022-05-11,739.3954440223861,748.4018628288468,730.9490410182269,737.22216796875,1356280
2022-05-12,732.9419782665539,739.5283037864017,719.3422485754546,736.4534301757812,1468145
2022-05-13,740.13568720263,755.2443544561688,738.4463719251069,744.8618774414062,1092005
2022-05-16,744.6151166067444,750.6889823646477,732.8565809942296,738.0477905273438,1089575
2022-05-17,746.87383639945,748.7624125737256,734.7451620219801,741.0087890625,1277320
2022-05-18,742.9068388529084,756.3736886503668,736.8330311922789,741.3504028320312,2500790
2022-05-19,737.5922747544143,762.0300009209276,726.7827190646633,745.8394165039062,9129055
2022-05-20,754.4851477553949,816.0017927912678,754.4851477553949,806.5114135742188,12401575
2022-05-23,806.5113979734484,821.2974247265067,804.0628639639032,811.4179077148438,3035360
2022-05-24,811.2186774218725,830.4081967474359,807.9064863575438,825.112548828125,5054480
2022-05-25,833.4640558164947,834.7737327824542,815.4703338923175,817.586669921875,2500200
2022-05-26,819.2095423800616,825.4731694688187,814.208094016442,816.9603271484375,2145360
2022-05-27,819.9687474412291,836.8616105142265,810.2790496075875,833.3501586914062,2171455
2022-05-30,835.9125583292143,840.2306691251937,825.8717212773219,829.5160522460938,2324015
2022-05-31,826.6119652177897,834.9634866913126,821.980655887762,829.3926391601562,2380075
2022-06-01,825.6629772593519,827.8742517966687,816.381358745626,819.7789306640625,1772530
2022-06-02,816.7610552323556,827.5611119930281,814.2745803784611,822.4647827148438,1639675
2022-06-03,827.5041042001326,833.5684702490298,818.9817624418451,823.764892578125,1423865
2022-06-06,822.2464872275614,826.3557797662179,810.6682128754237,817.2640380859375,566055
2022-06-07,808.5802911061614,811.4274048072394,778.9133570729801,786.5531005859375,3605015
2022-06-08,792.2568291264862,799.5264918947429,780.6785551353705,797.030517578125,2264910
2022-06-09,791.5165705021506,822.8158204296576,791.5165705021506,820.5191650390625,3702930
2022-06-10,820.519245448348,828.3203095784651,812.7181233935513,825.9572143554688,2107480
2022-06-13,820.5381986162258,826.6120647417202,807.9160053090093,809.9469604492188,1839815
2022-06-14,806.6822454815077,820.9083148721095,804.6038500849859,818.27001953125,2035905
2022-06-15,817.444356777052,825.492179894092,813.7145867354055,822.9107666015625,1585315
2022-06-16,825.6629613759567,827.4281579431831,811.5507726356084,813.7999877929688,1750035
2022-06-17,814.2744724408255,815.9637876117371,771.7670881414648,787.0750732421875,4764870
2022-06-20,787.0751115583664,793.2438578620113,779.5586897410817,788.0430908203125,1387575
2022-06-21,789.6185907022702,811.7216641809575,789.6185907022702,810.22216796875,1191555
2022-06-22,812.5662494699206,825.4447005321866,789.5995210468441,808.7510986328125,2847785
2022-06-23,815.2235281018377,817.6340634321664,807.6312251625889,815.2045288085938,1675510
2022-06-24,820.3483651058232,829.9431241527355,814.6541378364852,818.0042114257812,1518295
2022-06-27,835.124847203731,835.124847203731,817.2829463937636,820.0731201171875,1663765
2022-06-28,821.7244941461297,831.3572526058989,818.4503595252684,830.332275390625,1412215
2022-06-29,827.0106021907765,836.8141800540965,822.701990917269,828.38671875,1905735
2022-06-30,829.4117531740229,838.0005352974009,825.8528607534507,833.9766235351562,1845325
2022-07-01,832.3062309117275,834.2043066948786,814.2840106186567,832.47705078125,1523995
2022-07-04,827.9596884009059,837.2887478517607,815.4134342590453,826.5076904296875,1303490
2022-07-05,828.4910841395483,847.965360306662,825.8907295717491,834.052490234375,2434495
2022-07-06,834.2043479971571,843.3720289968201,831.2338546154796,833.2553100585938,1678505
2022-07-07,840.2306867145678,843.3150599083606,821.4871880753657,823.091064453125,2161110
2022-07-08,821.8668110148636,837.9909554641702,817.0077416622371,836.3301391601562,2089480
2022-07-11,836.8939442094846,873.1185840719339,831.3422370542363,860.1805419921875,4797040
2022-07-12,854.2752774998377,867.4426405941126,845.847374276375,856.8743286132812,2079370
2022-07-13,858.9383711438113,866.6209225324823,850.4340077377273,860.2952270507812,1893835
2022-07-14,861.1360950747074,880.6291538472618,860.5722985640269,874.3990478515625,4423835
2022-07-15,878.221234190893,881.49874250897,864.0027374224309,868.7804565429688,1504725
2022-07-18,874.5136955606978,881.7376043404324,851.4468542806313,853.5108032226562,2337315
2022-07-19,851.9246118337376,859.6071628441607,847.5960288291707,850.0326538085938,1961920
2022-07-20,858.0783500446804,858.4605909012465,848.5229118481917,852.106201171875,1130700
2022-07-21,854.0650325924553,857.4763309403586,832.4697661469345,835.35546875,3126100
2022-07-22,839.7318540806345,842.1780438009129,831.8963834960397,835.8141479492188,1806315
2022-07-25,836.6073442600284,839.1299357274514,821.7677201105597,827.6060791015625,1726910
2022-07-26,827.271623831592,827.271623831592,801.519706314834,804.9501342773438,2971165
2022-07-27,804.1761556813168,821.7676918891335,795.5857676793079,819.1017456054688,1866270
2022-07-28,824.4432318375559,824.6152227339718,801.7012996037346,814.1329345703125,2832835
2022-07-29,799.3984109789087,799.3984109789087,775.0606801363656,781.7017211914062,9872475
2022-08-01,791.152067236708,791.152067236708,783.6414486290449,785.5430297851562,2136850
2022-08-02,788.8969924191362,788.8969924191362,778.0420280989001,780.7557983398438,2635115
2022-08-03,782.5807906689051,784.3103225769908,772.0793738633109,782.8388061523438,2600985
2022-08-04,785.456991732565,794.8786394609901,781.4532609381866,792.7095947265625,3006675
2022-08-05,794.0568538699257,801.471882679182,791.9260099767764,794.410400390625,2075395
2022-08-08,794.4104802106662,809.1545147117989,794.4104802106662,807.1192016601562,2041885
2022-08-10,810.9891540289975,814.8877892942606,805.4374465546807,810.9318237304688,2108115
2022-08-11,814.1233114300205,817.5632457552443,809.5175833503141,813.7984008789062,1285185
2022-08-12,813.741081883527,819.7801257362269,806.6700927119897,814.2761840820312,2021290
2022-08-16,816.9899515949372,825.3987253972923,814.6584223826612,821.3472290039062,1314065
2022-08-17,825.1980800247117,827.481785338226,820.190981618778,824.8062744140625,2169055
2022-08-18,810.3011762965583,810.3011762965583,789.919409859853,807.4536743164062,5137920
2022-08-19,808.7722838079986,811.6579863829508,799.7901488907942,803.4212036132812,1928705
2022-08-22,796.7515434104454,808.3804952007271,795.0124466847107,800.162841796875,1692810
2022-08-23,792.1458008726922,809.383789825884,792.1458008726922,807.4631958007812,1398150
2022-08-24,811.5051692560247,811.5051692560247,802.0835210098181,806.1063232421875,1467185
2022-08-25,810.1387272618308,814.8686808002767,804.9501313561349,809.8998413085938,1552875
2022-08-26,816.6077270654899,816.9899679230494,804.9787750802354,807.109619140625,818685
2022-08-29,796.923513064102,807.1000776567557,794.4677585492137,804.5965576171875,966050
2022-08-30,805.3322874719631,814.429082935803,801.2521551833113,811.2662353515625,2359905
2022-09-01,805.7146064688925,808.8678895897082,802.0930578593864,803.0581665039062,1656700
2022-09-02,807.0809698914561,808.7723010918037,797.6783931745994,800.7361450195312,1008280
2022-09-05,801.7012456284749,806.3929400098492,794.0568952529948,805.3800659179688,1581715
2022-09-06,808.390089101506,812.5945053286133,799.7901945365963,810.1483154296875,1129375
2022-09-07,805.523413783262,815.2699720912557,805.0074411332573,812.0784301757812,1073975
2022-09-08,821.1848420213714,821.1848420213714,812.7282439684499,816.3497924804688,1577545
2022-09-09,816.5121633534895,825.4942982509756,811.4573577324259,813.1868896484375,1570630
2022-09-12,814.1233222010042,821.7676726442061,811.19936048935,814.3430786132812,1262745
2022-09-13,814.8973235497793,823.0959058630041,809.7278571404087,812.7664794921875,2209365
2022-09-14,796.034905832533,814.5915506897992,796.034905832533,805.3610229492188,1723540
2022-09-15,809.3933774331631,809.3933774331631,791.4482949014397,796.732421875,1881365
2022-09-16,799.7901714436263,799.7901714436263,776.0544374682383,779.21728515625,1893520
2022-09-19,777.8126472452733,785.6576827790493,763.8617312007839,783.3834838867188,1506440
2022-09-20,785.8392393280817,809.9188962737636,784.7116463282758,805.7145385742188,2957845
2022-09-21,806.4694031054624,815.8624149974178,789.8238464256258,793.6268920898438,1894725
2022-09-22,785.4761476484775,806.8802941708012,785.1512370888989,799.2932739257812,2391915
2022-09-23,795.585754103106,805.4756675449034,789.1836572236543,791.0374145507812,1659940
2022-09-26,787.2152749622101,794.7831659617675,781.5010830519778,788.8683471679688,2055290
2022-09-27,792.8146857033275,802.6567749701564,788.3809485681738,799.140380859375,1485445
2022-09-28,798.481046653374,821.194340770841,798.481046653374,815.97705078125,3133240
2022-09-29,820.0954636219585,842.2163258470797,819.0921542996491,833.3679809570312,5442790
2022-09-30,837.5437118040701,841.834094167037,816.4261586712927,828.5902709960938,3164565
2022-10-03,824.6343247475247,848.3318000515823,824.1374232932862,844.6338500976562,3476290
2022-10-04,849.6695630792087,850.4148569197985,836.3015145786019,843.5444946289062,1543270
2022-10-06,847.7680383015862,850.0422372180547,835.1261541313905,840.4103393554688,1231195
2022-10-07,838.967423210289,842.51251156388,835.5274889950795,836.4161376953125,1338865
2022-10-10,831.323133494756,838.5852432862332,825.589870505137,837.056396484375,1218745
2022-10-11,838.3941935110146,838.5852556227323,812.5945096781877,818.4710693359375,1486910
2022-10-12,821.7676428684503,823.6787304100047,805.5329635344266,810.5208740234375,1470100
2022-10-13,812.2026775947371,823.4876477116584,810.549605458537,813.1008911132812,1513920
2022-10-14,822.723259827934,829.412066818405,814.7062328807021,823.8316650390625,1244005
2022-10-17,822.7232262836379,835.9097192914267,818.4232791079395,828.4946899414062,1050700
2022-10-18,832.6417852032663,835.8428336971866,828.4946993296885,832.5748901367188,721180
2022-10-19,833.2437844412023,839.741470820158,822.7328023123196,824.9974365234375,860840
2022-10-20,822.7232020816552,832.2786399687825,817.9454831380916,831.1415405273438,1287620
2022-10-21,832.2786663392329,838.7667878743309,823.4111917045692,827.65380859375,1002975
2022-10-24,834.1515529775605,837.8208085812207,832.2786660970517,836.57861328125,158840
2022-10-25,838.9579043504172,855.6894858735762,835.3364142893453,848.9719848632812,3118275
2022-10-27,852.3450940709521,863.6204995703175,850.5009014826168,858.3076782226562,2207370
2022-10-28,857.1228554318203,860.5150245219625,846.6118728122551,852.3355712890625,1767930
2022-10-31,865.9138122286017,883.8780241910505,830.3006757693119,847.3189086914062,9128805
2022-11-01,847.6151540775268,875.278159990488,847.6151540775268,866.735595703125,5350980
2022-11-02,868.5988855833788,887.7001969593422,868.5988855833788,870.6246337890625,3708780
2022-11-03,870.6246530842714,879.1003221769096,865.216242355037,877.1701049804688,1766075
2022-11-04,877.1988212285296,879.1003441632258,862.3687619770711,864.7863159179688,2463380
2022-11-07,865.9138528240876,869.0289351220026,849.3638262614867,857.2088623046875,2100085
2022-11-09,867.6337920155909,872.564372484851,860.0085709645865,866.6591186523438,3565560
2022-11-10,867.6242017601741,882.1580438891762,865.340438091138,869.4397583007812,2959765
2022-11-11,873.7874868352562,875.0870124239245,860.3716726943815,867.5286865234375,1625215
2022-11-14,840.8785235804271,856.9030113802595,824.6342793748962,833.9317016601562,3722425
2022-11-15,834.6101876836069,849.0198046675404,833.9412953522984,847.3189086914062,1872600
2022-11-16,847.3093075830176,868.5797212114509,839.5789911523543,856.3583374023438,2610960
2022-11-17,856.3487880855731,857.7821037648699,837.5054342944329,844.9491577148438,1561865
2022-11-18,845.4173331856731,847.4812820250088,836.1963126653981,842.6080322265625,1693670
2022-11-21,837.0563293957985,839.5407198301405,825.1215972271052,831.2943725585938,2153040
2022-11-22,835.4510718322884,841.3754551248427,826.736516941708,833.7119750976562,2015475
2022-11-23,837.0563686295383,844.7007190279816,833.2341934303167,841.9583129882812,1964345
2022-11-24,846.1722684298717,848.5133624948994,836.2632835058209,843.5254516601562,1188110
2022-11-25,845.436545233311,847.557824571826,838.7763743155612,844.337646484375,1477045
2022-11-28,843.6973670895833,849.9370374598452,838.2985215646582,841.2607421875,1530840
2022-11-29,841.8532556533946,855.9188330351,841.6525704504255,851.07421875,2045690
2022-11-30,854.2561830716007,863.4198740527046,848.714040528107,857.53369140625,4256840
2022-12-01,861.8240969239605,866.066713970828,849.8224684442637,855.0875244140625,1936730
2022-12-02,857.113185325858,864.5759797357314,852.3737256167016,861.9769287109375,2080040
2022-12-05,865.7035199494637,866.1048903216902,850.4626435833325,856.0525512695312,1961695
2022-12-06,852.3642342076743,855.1066403607634,833.0526722193057,835.947998046875,1742295
2022-12-07,834.1897663710208,837.6297008417821,825.5898718723505,833.5208740234375,1661035
2022-12-08,835.9001645314535,836.9130386565429,827.7016404766183,832.5079956054688,1386625
2022-12-09,836.1008376390165,843.7069873978312,832.135307480365,842.2354125976562,1539865
2022-12-12,834.5815095098409,852.8993266921293,834.5815095098409,850.864013671875,1367975
2022-12-13,850.4721758220921,855.1447989632189,848.6184185323356,851.9915161132812,1087545
2022-12-14,855.2117095013458,862.569408498839,850.692005945382,860.8589477539062,1392005
2022-12-15,857.3425539963519,865.2640495073022,852.536198959297,854.0554809570312,1209055
2022-12-16,847.4718300329134,852.1253237307413,814.3622136246031,823.5067749023438,16783045
2022-12-19,830.3579695906641,842.5315878630303,824.6438365212097,840.1236572265625,1661755
2022-12-20,837.0563261704178,838.9674136730899,823.3156023604638,835.0974731445312,1214105
2022-12-21,837.0467907773619,847.5673371802701,831.9728556125693,842.3214111328125,1739615
2022-12-22,846.6118041862183,851.5806435952308,824.6534263929761,831.1797485351562,1737350
2022-12-23,826.5549420408778,844.3184684136114,820.0954566974239,823.7647705078125,2498780
2022-12-26,827.892731532672,830.7498566693675,808.3996717475536,811.9447021484375,1593040
2022-12-27,815.9961820174597,815.9961820174597,802.8478903593374,812.3746337890625,1366245
2022-12-28,812.3746206397095,815.394171576035,805.7049438699376,812.7377319335938,1088005
2022-12-29,816.9899468768082,832.2117525726379,807.0618328233857,814.2379760742188,4064660
2022-12-30,817.9455044231422,818.9201777759573,807.4345224737793,809.8329467773438,882895
2023-01-02,813.8844318558821,815.5661982757899,804.376759379124,809.3551635742188,663630
2023-01-03,810.0718034102792,813.7601883999674,805.7335973277237,809.9857788085938,810895
2023-01-04,809.3455798730781,814.1232987625297,806.727399253141,812.881103515625,832835
2023-01-05,815.0788821341896,822.5034763120232,810.5878144955916,821.2899169921875,994925
2023-01-06,821.6721502826923,825.4560664661675,813.9513399233058,816.3688354492188,630680
2023-01-09,820.458604091963,829.4024803508788,817.0186696298467,828.265380859375,830195
2023-01-10,825.5898679960139,830.9982204048735,818.7003759952574,819.608154296875,1170765
2023-01-11,822.7136685310968,825.5898647757449,811.1420468079108,814.4864501953125,1273265
2023-01-12,816.9804247337408,825.9721249977084,810.7024946578897,823.79345703125,1280325
2023-01-13,826.3542232711254,829.736885471789,819.8565374359853,825.666259765625,1234630
2023-01-16,829.3546485013117,831.848603702996,819.8661060190228,826.7460327148438,446555
2023-01-17,829.2113419174534,833.1960015969852,822.8378810345912,831.6575317382812,778125
2023-01-18,831.6575626041811,839.9134754265449,829.794298762866,834.0655517578125,1318465
2023-01-19,834.1610575133094,837.6583805419629,824.9305299073001,827.92138671875,1242455
2023-01-20,827.8736452993398,837.2570928494205,817.9455307593704,831.4378051757812,1182675
2023-01-23,833.2246470261051,834.2757802221184,825.4656358664085,829.0011596679688,770265
2023-01-24,829.6031025957933,832.240412700105,809.7278040880957,812.7377319335938,1320270
2023-01-25,814.1233492906595,815.8242453153159,797.8982335980436,802.83837890625,1470210
2023-01-27,817.945490115212,837.2283569373069,812.852425347835,824.4431762695312,4781440
2023-01-30,825.5802752628372,829.3069193972444,818.8914686885015,827.2716064453125,1873685
2023-01-31,830.3675357593401,836.4257089200117,820.4871875203746,826.3829345703125,3159705
2023-02-01,829.6031834867717,837.05641386367,823.7265654716928,831.6098022460938,2027270
2023-02-02,824.2520762884428,836.8748311539084,820.1528142940659,835.1644287109375,1946775
2023-02-03,836.1008003324034,846.5926522838961,825.2458370818825,832.9188232421875,1874895
2023-02-06,837.0850421122166,837.0850421122166,818.9010160598712,831.237060546875,1516105
2023-02-07,837.1806126928833,853.9217591024565,833.2819775724828,848.5706787109375,2987405
2023-02-08,850.4339890938317,859.3396643827294,847.1182800746211,857.6578979492188,1196855
2023-02-09,849.2873429665659,865.636683872284,847.2997954735185,857.6005859375,2054810
2023-02-10,858.8331947027987,860.9449675057238,847.0991471156103,859.9129638671875,685110
2023-02-13,861.5373655306845,870.9590130650786,860.0085188339751,864.7097778320312,1872775
2023-02-14,868.5893277639963,872.2203825963462,860.1136587913804,867.3280029296875,1202135
2023-02-15,869.1626141906348,872.0675046586695,860.7920995214303,863.7828979492188,1283685
2023-02-16,868.1020291682188,869.5162154133747,861.7954630417885,863.6778564453125,1352330
2023-02-17,860.2187457332135,866.6782311868826,853.0139664389178,861.9674072265625,1056035
2023-02-20,863.81161813473,867.3567067226898,853.9599636280332,855.1735229492188,761745
2023-02-21,860.81115789304,860.81115789304,852.1157328011237,857.342529296875,791630
2023-02-22,857.4859094716513,863.8498055890391,854.1415061343575,855.53662109375,882305
2023-02-23,855.4219145506685,862.8560734995199,848.7140365616661,850.3575439453125,1187840
2023-02-24,853.2815337455112,861.9005579883608,848.866925797166,858.28857421875,1764830
2023-02-27,858.2885302167103,858.2885302167103,832.2786557880235,844.891845703125,1370570
2023-02-28,848.3318193231551,848.3318193231551,821.7677119275259,824.9401245117188,2699875
2023-03-01,824.9113461539698,832.6894863064817,821.1943252765345,830.2146606445312,995515
2023-03-02,832.8519282296262,841.1556059400116,825.5898188921507,839.0820922851562,1413260
2023-03-03,843.2865503865091,849.8511317618103,833.3297417940132,848.1311645507812,1371180
2023-03-06,847.9496145360256,852.1157716202349,843.9458835721446,848.3700561523438,877920
2023-03-08,847.1851635198831,849.2873716776577,841.1174833334895,845.8952026367188,1173705
2023-03-09,843.8693912693536,848.2075390767302,835.4892535746342,837.2379150390625,1022125
2023-03-10,835.7091186780718,843.3725406710062,831.3231467594526,840.0281372070312,1686010
2023-03-13,836.1008246882343,843.9267307401867,830.4630929416304,835.2217407226562,812710
2023-03-14,839.7318587130273,844.8726888938235,823.4876145204745,831.237060546875,2141980
2023-03-15,832.6513104765456,845.6562473567521,829.5648644008396,839.8274536132812,1717110
2023-03-16,842.9807355263387,846.611790230922,835.2121599186365,837.7730102539062,1384640
2023-03-17,841.9678802769621,852.9470692380941,837.7730289860416,847.787109375,3092990
2023-03-20,846.8029143142804,858.8427426820192,845.178478214693,848.4177856445312,3949945
2023-03-21,848.8956149511702,856.1672896528951,842.6368143976371,844.5765380859375,1984640
2023-03-22,846.4875935228514,856.1672570207581,843.9076135616723,855.2021484375,1598885
2023-03-23,855.9761455014974,859.8939101712486,846.7169235181053,849.8511352539062,2418370
2023-03-24,850.424413551912,859.6071754329674,850.424413551912,853.13818359375,1126970
2023-03-27,858.0783277130618,865.4646625837518,853.3101735085885,857.2470092773438,1759570
2023-03-28,859.7887589057349,868.9906506234018,856.1672687980613,865.1111450195312,1834690
2023-03-29,869.4397648117573,874.3225796473181,864.2224746521247,872.9465942382812,2083535
2023-03-31,875.8514132634866,889.897918619641,872.9561459114736,883.447998046875,2282485
2023-04-03,888.4550687169318,894.7712577010226,878.7372043832434,889.89794921875,1500675
2023-04-05,888.655768065363,897.2556625950277,886.9931311211105,894.9241333007812,1823560
2023-04-06,897.0549281956511,900.3515659155761,893.6149939011509,898.0964965820312,1460345
2023-04-10,904.3266520597457,912.0092030155143,895.9178201816743,909.6107788085938,920770
2023-04-11,912.1621247382653,918.449619524552,899.7400548400141,910.3179321289062,2309250
2023-04-12,910.317906017457,940.1786501086542,903.2182225009457,932.8018798828125,3403195
2023-04-13,934.1395793610973,934.1395793610973,923.2846159784555,927.4317016601562,1169335
2023-04-17,932.027901676212,940.8189164948386,921.0964780297666,927.3170776367188,1705675
2023-04-18,929.0561730360681,939.8728777521937,926.0174923661901,938.8026733398438,1797050
2023-04-19,934.0249363123636,944.077275765872,932.7158459702109,938.2197875976562,1920935
2023-04-20,939.4906639334467,939.4906639334467,921.5742179102109,928.444580078125,3175850
2023-04-21,928.4255023820563,932.4196686399227,921.7462602631118,930.4608154296875,1657195
2023-04-24,927.6419189977972,927.6419189977972,908.1679314860583,918.48779296875,2190830
2023-04-25,918.0005349833913,925.1861849345515,909.2477208302164,923.6859741210938,1639985
2023-04-26,919.2331647227361,931.5118796130388,919.2331647227361,925.9411010742188,1020765
2023-04-27,925.9219568278546,943.8861688873029,920.7811264368978,939.97802734375,1098280
2023-04-28,939.978032164124,943.121750336075,932.0565365704265,942.1375122070312,1235220
2023-05-02,937.0827447666254,947.698823044263,937.0827447666254,946.0648803710938,1209890
2023-05-03,945.9692600696676,947.8994772649669,939.2995828139742,946.4183959960938,883875
2023-05-04,946.4183557546004,950.766068322274,940.3219817261496,949.4282836914062,1006635
2023-05-05,950.7565236901115,953.4415994563079,941.3157462062984,944.5550537109375,461545
2023-05-08,945.0328333722543,949.1799191924114,926.2373028545912,937.789794921875,1190915
2023-05-09,939.882402067608,944.0581237143316,934.5313802361759,942.7872924804688,1545295
2023-05-10,948.8263269147011,948.8263269147011,924.9472959839608,930.1837158203125,2271505
2023-05-11,893.4335116129079,898.2112309263458,864.5856400654984,866.10498046875,13916795
2023-05-12,868.579747579508,868.579747579508,849.4784363896968,853.5108032226562,5242020
2023-05-15,854.2848281310091,866.1239711644904,849.7650664218918,863.5344848632812,1588765
2023-05-16,864.3849436829337,869.1435917163967,860.8589845423326,862.8656616210938,1430235
2023-05-17,863.7734168147881,868.5989014654108,850.6441956724705,856.4539184570312,1749805
2023-05-18,858.4605734164895,860.4098617730351,841.8149584255654,845.2931518554688,2127235
2023-05-19,846.2200760849439,848.5229110264904,837.8303733621035,839.3401489257812,1630405
2023-05-22,842.5985152163632,854.2274669880361,837.8685617193275,851.89599609375,1224880
2023-05-23,851.9819881655644,859.922555089135,849.6791531883907,852.4501953125,1616475
2023-05-24,853.300646620853,864.576052235476,852.325973243942,863.6682739257812,1683665
2023-05-25,866.4680803828179,866.4680803828179,856.6259320694337,860.7443237304688,1033820
2023-05-26,860.9545259694037,867.4426473559741,859.9798526333823,865.9042358398438,752935
2023-05-29,869.1435769747601,873.1759439603251,863.8116260502401,870.7393188476562,928140
2023-05-30,870.7392633863631,870.7392633863631,859.7696395322624,863.6013793945312,1369945
2023-05-31,861.9005269562949,865.655807176018,856.348819686487,860.1901245117188,6313505
2023-06-01,861.8718531301602,871.4464211116937,860.1901449547087,869.9366455078125,1528955
2023-06-02,873.1663518768055,882.9224751138886,872.4210580368195,881.097412109375,2509565
2023-06-05,885.024673656106,889.0379692552088,878.4696572265714,879.7787475585938,1132140
2023-06-06,881.0113664672925,886.7446291557999,880.0558226858747,886.1044311523438,1161655
2023-06-07,888.6557469619216,894.0067689912655,887.719332687228,893.194580078125,1139525
2023-06-08,893.433456268312,896.8733906321899,886.1713466904522,888.5410766601562,1203490
2023-06-09,894.5896677876246,899.1667015211052,887.8148366916332,891.8663330078125,1084700
2023-06-12,897.2556893500954,897.2556893500954,889.5062426011759,893.5577392578125,717870
2023-06-13,898.2111429527178,903.715084394208,890.194116732757,898.5933837890625,1294905
2023-06-14,899.7017858907213,903.858377943694,895.3445086510743,898.02001953125,901255
2023-06-15,897.5614177430587,927.8330386160816,897.4467571517104,917.9813842773438,3630745
2023-06-16,925.8932704614466,944.0772974131539,922.1284837865694,939.3091430664062,3814515
2023-06-19,946.179470575614,960.1303865522046,929.1803092605601,932.4196166992188,3540755
2023-06-20,932.4196754613528,941.5451075478195,930.1359116668027,936.6622924804688,1070755
2023-06-21,940.6277750359649,945.9883617553548,935.228929238655,938.4204711914062,1123550
2023-06-22,938.6402194694906,941.5833106773231,934.5218280611102,936.3278198242188,1242850
2023-06-23,936.6240318618449,958.410418545281,936.6240318618449,954.3780517578125,2791140
2023-06-26,953.6135482889978,969.6858014209306,946.3705685392536,963.493896484375,3607125
2023-06-27,963.4939702091906,972.0842999855932,958.6015904219427,960.4362182617188,3330315
2023-06-28,960.4265749013056,978.3621499447906,956.3750786891857,976.1548461914062,4426340
2023-06-30,977.712427543761,988.9782679466923,976.5848928586963,986.0447998046875,2430705
2023-07-03,986.0448076806776,989.7523223189684,972.800926186152,974.3297729492188,1174135
2023-07-04,977.5021427136323,994.6732361877754,971.7975744271951,991.5487060546875,1863335
2023-07-05,990.8988829718834,994.1094960207408,981.7256861689299,989.6280517578125,1410270
2023-07-06,989.6471397484886,1004.9454058978952,988.0323266541691,999.8428344726562,2534370
2023-07-07,999.4988086220152,1007.7451562307851,976.5657575637663,990.421142578125,2771720
2023-07-10,992.8004786004888,996.6322187057106,983.2546050318084,985.1561279296875,1003625
2023-07-11,1022.7436211668823,1036.8599788580186,1016.6894455996666,1027.087890625,1056805
2023-07-12,1023.9364215780029,1033.6688269806875,1019.9599694553698,1031.6905517578125,1203590
2023-07-13,1031.8893889778396,1034.5039112625545,1020.9342432932293,1022.4353637695312,2034915
2023-07-14,1024.930583198272,1026.898907676019,1009.2733022231287,1012.4146728515625,1942045
2023-07-17,1013.9257005563511,1042.8245737663249,1012.6035132304996,1039.79248046875,1976770
2023-07-18,1034.5734174262548,1036.9991164059093,1023.2505764139152,1032.088134765625,1286955
2023-07-19,1030.696441290358,1047.7951369195268,1026.242712966515,1038.1224365234375,1961585
2023-07-20,1043.6199887801124,1072.5883379427778,1041.8305366459574,1061.5736083984375,6016030
2023-07-21,1058.3925119016787,1061.663061558398,1049.3063033919063,1051.413818359375,1150370
2023-07-24,1049.4354546662928,1080.9686911622725,1049.4354546662928,1071.9918212890625,2119525
2023-07-25,1077.6185402703911,1089.5379459661692,1072.0216789756203,1078.692138671875,2162155
2023-07-26,1081.5950740722783,1091.5362052677956,1073.8508940384265,1088.68310546875,1701060
2023-07-27,1099.4890334556217,1116.1901812386618,1077.6284971911628,1094.9161376953125,7539055
2023-07-28,1095.9102545083338,1116.9854027030035,1095.9102545083338,1110.026611328125,3180540
2023-07-31,1110.3348584888006,1125.415476034452,1107.4419554883598,1121.448974609375,1599490
2023-08-01,1121.3297544563434,1135.1479511885152,1114.8183862871476,1126.73779296875,2122735
2023-08-02,1126.7476630679794,1132.4638131371883,1120.256075691063,1125.4254150390625,1791795
2023-08-03,1122.353620184362,1140.0488808058894,1117.6813374452622,1125.236572265625,2570520
2023-08-04,1125.2564777029452,1135.4758675430228,1121.3595108933741,1123.25830078125,1726520
2023-08-07,1125.33598602718,1130.9029949032658,1117.164405783085,1119.510498046875,2499830
2023-08-08,1123.7454084538076,1141.033048839569,1122.3536259228035,1124.9283447265625,2987010
2023-08-09,1127.5429738303546,1169.8226346978693,1127.5429738303546,1167.28759765625,10067015
2023-08-10,1169.0968960088715,1176.3637995969405,1154.364072051937,1163.3409423828125,2763310
2023-08-11,1163.907592194754,1170.080995321636,1154.7915319593692,1157.7440185546875,2256960
2023-08-14,1159.125896569597,1168.8782041006375,1153.1711689484212,1157.813720703125,2167595
2023-08-16,1159.1358173341164,1170.9657869100085,1148.2005737743607,1164.6729736328125,4308265
2023-08-17,1167.3571410621857,1174.4551227431534,1164.2853657413616,1169.2061767578125,2138070
2023-08-18,1172.9540268942128,1188.9592229325822,1161.2433458917583,1167.9735107421875,4281645
2023-08-21,1167.1385000732912,1178.023989664961,1163.8976817522378,1175.210693359375,1334640
2023-08-22,1176.8310757901127,1182.0004151035478,1167.6454809267113,1178.13330078125,1688225
2023-08-23,1177.029866713745,1187.9551595691096,1175.439310083119,1183.66064453125,3142630
2023-08-24,1188.959272184351,1190.8877933569725,1171.3038137521398,1174.47509765625,4124730
2023-08-25,1171.065160317817,1171.065160317817,1147.3157852462825,1149.0455322265625,4713240
2023-08-28,1149.1947580293631,1158.9371150723675,1138.6968653127365,1148.379638671875,2350770
2023-08-29,1147.2064689715387,1150.4870906037283,1136.2712253331617,1138.0208740234375,3258085
2023-08-30,1140.8045349145293,1144.4329507996617,1121.3596236178707,1123.298095703125,3551815
2023-08-31,1123.298080090658,1132.2948524369167,1111.4184767554634,1114.9674072265625,3178875
2023-09-01,1119.3713079448605,1120.2162797773224,1103.4854006284859,1109.141845703125,1105280
2023-09-04,1110.424326037917,1126.6681000159858,1109.141881314068,1125.2266845703125,1473020
2023-09-05,1121.3595808530633,1121.3595808530633,1105.5631090747647,1109.2115478515625,1968470
2023-09-06,1109.3903517703652,1120.3554477505272,1105.3045617290177,1110.0863037109375,2256645
2023-09-07,1110.0166720079856,1124.2424882007756,1109.6787075447437,1116.4188232421875,2634215
2023-09-08,1119.5701607330168,1120.0970698173921,1107.4420290631315,1110.185791015625,923950
2023-09-11,1112.4125158056677,1126.1313245948863,1110.4342405214409,1116.150390625,1313930
2023-09-12,1121.3496686250398,1136.6689860573715,1118.5760541379686,1128.079833984375,2581215
2023-09-13,1135.2771903642965,1145.1189345861308,1127.5827644739916,1141.023193359375,1571615
2023-09-14,1147.2064817013536,1148.4590738765112,1134.1935756057628,1142.1663818359375,1139730
2023-09-15,1148.518650031667,1161.6906481104677,1139.8699149281501,1157.0482177734375,2069105
2023-09-18,1157.3464366472665,1158.8973113510663,1137.6431681588106,1138.85595703125,1256740
2023-09-20,1137.6331663435085,1137.6331663435085,1113.8043052369528,1116.39892578125,2266405
2023-09-21,1116.488426124663,1132.6925185985979,1115.9615170441432,1127.0260009765625,2926715
2023-09-22,1127.0259081908034,1132.0760801137978,1093.9220166733721,1096.914306640625,2447785
2023-09-25,1099.459269729079,1101.4574468293647,1079.2091901164388,1081.3465576171875,1217045
2023-09-26,1085.3727288364737,1098.8826918585664,1083.3845026406582,1087.1124267578125,1379915
2023-09-27,1096.3079501248856,1114.400759590041,1089.5578834978596,1092.818603515625,2443890
2023-09-28,1095.0056527494794,1095.0056527494794,1075.8291717987072,1079.4278564453125,1931555
2023-09-29,1087.3609761876382,1119.3713700223766,1084.2294955979642,1110.822021484375,3101955
2023-10-03,1110.8020536336942,1110.8020536336942,1083.5832332508126,1085.909423828125,2065240
2023-10-04,1086.565644051658,1093.3256618325495,1073.940455923119,1077.1812744140625,2109530
2023-10-05,1085.5714371822949,1088.5537762954332,1073.6420807297422,1075.08349609375,2058530
2023-10-06,1080.6009012443076,1090.9793833901508,1075.4712438523832,1078.5927734375,1572990
2023-10-09,1075.6403682603227,1098.9622236908942,1073.6720436595033,1092.50048828125,2368110
2023-10-10,1090.3433142244053,1090.9397578236956,1079.2091745136252,1089.2596435546875,1519630
2023-10-11,1095.5126413677067,1111.0207815305216,1095.5126413677067,1106.96484375,1961240
2023-10-12,1106.9648774975642,1110.235548544247,1096.5067879011287,1099.5289306640625,1695245
2023-10-13,1079.0500844653743,1098.3160015447158,1077.9366826273729,1085.611328125,1633255
2023-10-16,1091.3373465202635,1094.9161292026733,1085.571442333494,1092.1524658203125,859220
2023-10-17,1090.939786054763,1108.0384835526208,1090.5520673672665,1102.29248046875,1626760
2023-10-18,1102.3719878426448,1132.2450122499076,1101.8351279619217,1128.805419921875,3014855
2023-10-19,1128.2685625201823,1128.2685625201823,1115.494234041825,1119.55029296875,2525845
2023-10-20,1117.393005984961,1117.393005984961,1103.6642466760325,1107.302734375,1141375
2023-10-23,1098.5943742965526,1126.7178730290664,1098.5943742965526,1103.853271484375,1809785
2023-10-25,1113.4066247415842,1115.8322023538165,1093.5243635854845,1096.278076171875,2104480
2023-10-26,1093.1267694756489,1097.0038349387949,1061.8918127104905,1078.00634765625,1544145
2023-10-27,1077.9963044586334,1084.368603031128,1063.8997281398294,1073.105224609375,2159725
2023-10-30,1072.439238099116,1072.439238099116,1034.9810056070837,1062.7763671875,2691600
2023-10-31,1068.4727522813487,1081.7838192014701,1064.3173063469362,1067.1903076171875,1884070
2023-11-01,1070.6598124531372,1077.6980895391987,1056.642841964341,1062.9952392578125,1376665
2023-11-02,1069.6657383819402,1076.6245303602611,1058.4124310346037,1061.41455078125,2365835
2023-11-03,1069.0692054734513,1069.0692054734513,1043.2421676759811,1046.413330078125,2921805
2023-11-06,1053.7598244123017,1065.122589875944,1050.419619153726,1061.3349609375,2847485
2023-11-07,1068.4727452423595,1088.16606148602,1057.696472502334,1074.5069580078125,3498735
2023-11-08,1079.3881528647678,1093.5939465712302,1074.9543259113066,1084.2890625,2096955
2023-11-09,1089.3292150960312,1093.3156180909084,1081.594986527523,1085.163818359375,1642660
2023-11-10,1081.585063470148,1083.7224308294244,1068.0751009004066,1078.5927734375,1144920
2023-11-13,1079.6068238294158,1089.905820956782,1070.083264042467,1077.5887451171875,855910
2023-11-15,1079.795642843275,1084.6072375893182,1074.6362541365213,1077.608642578125,1422405
2023-11-16,1078.6126929128761,1108.436085343647,1077.7876227422348,1102.322265625,1695060
2023-11-17,1106.4478738441874,1121.260183218101,1102.4714214673888,1115.703125,2120630
2023-11-20,1116.3790076259738,1124.560538635495,1110.6032738912045,1114.231689453125,2001625
2023-11-21,1115.3948447889256,1129.1037026140152,1114.5001187714306,1122.6419677734375,1903465
2023-11-22,1124.361834307425,1139.2536293480766,1124.361834307425,1126.24072265625,2124580
2023-11-23,1128.3183929404604,1130.1972813023624,1115.1662957588449,1122.2841796875,1511300
2023-11-24,1123.3378110270949,1144.5919531808902,1116.3889704206795,1122.582275390625,2305405
2023-11-28,1122.7513160491962,1136.1618915421384,1122.7513160491962,1128.4774169921875,1555790
2023-11-29,1132.8713752635008,1142.0371903735377,1124.1431543768529,1136.3408203125,1602385
2023-11-30,1138.2595318826084,1153.1712288068347,1136.4700797110213,1150.815185546875,4267760
2023-12-01,1153.1711369764403,1164.414613810772,1141.1324425138287,1143.1107177734375,1391500
2023-12-04,1153.171217617487,1153.171217617487,1138.9355711533703,1144.4229736328125,1121300
2023-12-05,1146.2123339098255,1156.9488032711656,1141.6394382009914,1148.4888916015625,1121875
2023-12-06,1152.3758296648705,1157.1476209724449,1134.8894146288214,1139.3231201171875,2659705
2023-12-07,1147.2760338246187,1163.0924069745993,1143.299581487345,1150.208740234375,3791150
2023-12-08,1150.159050220975,1150.159050220975,1135.6748751689513,1145.9937744140625,1142525
2023-12-11,1093.5243408013264,1109.0324799096254,1067.6774018369313,1088.2554931640625,9493150
2023-12-12,1093.5244354907384,1120.3256864589493,1089.031024757723,1101.546875,4281525
2023-12-13,1106.33848432529,1115.3948396285202,1099.5585653823662,1113.13818359375,3111975
2023-12-14,1115.7626541370134,1118.69523908086,1107.0243616336406,1108.1080322265625,3164560
2023-12-15,1113.4066460611798,1116.388985291701,1101.8749586401707,1111.30908203125,3636220
2023-12-18,1110.4243592184425,1131.1019607329306,1108.4261821315877,1111.627197265625,3279260
2023-12-19,1117.383094145575,1122.5524335849304,1112.0148592805867,1120.8525390625,1123370
2023-12-20,1123.3477338448524,1127.5428617441862,1103.8730933932186,1109.2611083984375,1307230
2023-12-21,1101.4772773299205,1112.2137469853658,1087.7982718311175,1104.3602294921875,1681900
2023-12-22,1109.0325154913903,1124.5406550972466,1105.4537327133762,1118.9140625,1315040
2023-12-26,1118.8742495839979,1132.294775900643,1113.913635120277,1119.798828125,1658265
2023-12-27,1120.325649240166,1137.6630446352215,1113.6651400768556,1136.171875,1473880
2023-12-28,1137.0367932765073,1171.224358354159,1127.5032823453255,1164.812255859375,4888545
2023-12-29,1159.1558137834024,1162.018864458106,1145.4171023399285,1152.753662109375,1452615
2024-01-01,1153.171241800463,1165.100599474261,1153.171241800463,1157.4757080078125,978400
2024-01-02,1154.5728768185052,1182.7957610031744,1154.2944960387879,1178.3818359375,2869280
2024-01-03,1178.3818592713105,1186.9710107960582,1170.7073354615918,1179.3958740234375,1412035
2024-01-04,1177.4573807825248,1177.4573807825248,1158.1417107019952,1161.5614013671875,2048300
2024-01-05,1167.0887069926573,1167.9933838360055,1154.4635199466152,1160.2591552734375,1037255
2024-01-08,1169.2559719789429,1169.2757523050545,1139.77054414476,1145.4866943359375,1205700
2024-01-09,1156.948920847716,1160.8557175308786,1142.0570040754078,1143.1903076171875,1292220
2024-01-10,1143.041254165433,1153.1712085155607,1131.3405234351715,1150.626220703125,1273855
2024-01-11,1148.7971028007723,1148.7971028007723,1122.373619628999,1131.787841796875,2964925
2024-01-12,1140.2178129808124,1140.2178129808124,1122.562355548858,1131.072021484375,1385710
2024-01-15,1140.8342194401848,1152.9724229208684,1133.6866044937988,1149.8409423828125,1665610
2024-01-16,1151.1829594029268,1151.1829594029268,1134.4917617721328,1144.8504638671875,1142145
2024-01-17,1141.241877877185,1141.241877877185,1118.7749453182357,1123.337890625,1778960
2024-01-18,1122.8408340579804,1126.986329513537,1097.6301395409464,1123.337890625,1727635
2024-01-19,1128.3383116465493,1136.261364220327,1115.7627561990375,1126.9664306640625,1641460
2024-01-23,1123.7255876626855,1144.0254211553374,1121.5484168381945,1128.1990966796875,2329945
2024-01-24,1134.8695786771998,1176.0358375350736,1131.8971901146429,1173.4710693359375,5244260
2024-01-25,1173.4710124637734,1178.0240067102714,1157.5453014124823,1164.205810546875,2677510
2024-01-29,1153.1712023770256,1171.5821965071098,1141.2816484678194,1161.8597412109375,1509570
2024-01-30,1172.844674678052,1182.7957560216591,1159.3345909485843,1161.3128662109375,1576585
2024-01-31,1158.1517221335962,1220.2738405698256,1154.5729392136698,1217.0230712890625,7857425
2024-02-01,1210.72035752781,1222.639763294108,1183.0144316669102,1191.57373046875,3112555
2024-02-02,1196.1068295575678,1207.7876579651552,1192.1502790110983,1200.7891845703125,1686230
2024-02-05,1200.6897977251404,1220.373163425346,1191.1661169824065,1211.7144775390625,2126485
2024-02-06,1209.835576729596,1230.7119506912406,1209.5870484681477,1226.0594482421875,2587065
2024-02-07,1225.9402611630583,1230.7120527191275,1218.9019839019713,1228.674072265625,2953275
2024-02-08,1236.279061390815,1236.6667800728387,1217.7885814851359,1224.75732421875,1791205
2024-02-09,1220.7708590689135,1233.7341324309823,1213.6529754561286,1223.9222412109375,1238970
2024-02-12,1239.5198716474833,1270.1683354852485,1238.6649489255171,1259.2430419921875,4296460
2024-02-13,1262.523644639121,1274.4231493937139,1254.7794647107205,1259.61083984375,2086675
2024-02-14,1258.557060700847,1260.5253851056882,1226.7553942284962,1244.301513671875,1724345
2024-02-15,1240.6729794443522,1252.3836602162721,1233.9129622107139,1243.168212890625,1469095
2024-02-16,1247.005488727033,1265.6451084948808,1242.1144088133408,1255.9923095703125,1275915
2024-02-19,1255.9923717195406,1283.1912916684428,1255.5648496902993,1275.8746337890625,1393520
2024-02-20,1276.838906614733,1285.3882551162415,1260.6447651713283,1267.6929931640625,1399485
2024-02-21,1269.8801185020143,1272.9717957302132,1253.5766391311583,1262.3546142578125,995895
2024-02-22,1267.494192311735,1268.4485020475213,1238.933342594582,1265.2972412109375,1420120
2024-02-23,1266.0428559912273,1291.1641138370733,1265.1083265597408,1280.84521484375,1842255
2024-02-26,1281.4216951369783,1290.3587619076952,1268.6175139706063,1280.5667724609375,1089190
2024-02-27,1275.6458837439518,1284.3146422193104,1269.5321852489765,1282.326416015625,966475
2024-02-28,1281.1035727564613,1293.5201572144758,1270.8941329941765,1278.041748046875,1560230
2024-02-29,1268.8958768878447,1286.958833409006,1263.9352624578758,1277.2861328125,5513940
2024-03-01,1282.2070471823133,1286.9787169619958,1227.1530621880893,1231.417724609375,2876430
2024-03-04,1240.6531072810565,1280.2883903975783,1240.4543332083872,1259.5611572265625,2196055
2024-03-05,1259.5213888222786,1260.9629256200567,1242.0449243107853,1253.2386474609375,1040180
2024-03-06,1253.2385832330926,1258.9447823939001,1230.7119476918588,1255.4952392578125,1207130
2024-03-07,1253.6760107427817,1266.4403890151737,1253.6760107427817,1257.384033203125,1174600
2024-03-11,1266.301263481856,1277.1569004243709,1254.5706808413945,1269.969482421875,1412365
2024-03-12,1270.1087062957397,1278.031758462857,1245.8722244169087,1253.010009765625,1647055
2024-03-13,1253.0596319093395,1262.523607818867,1242.4027688480624,1253.3380126953125,1051325
2024-03-14,1249.0037266973463,1256.588814526198,1234.4697979876744,1251.5089111328125,2001060
2024-03-15,1249.6200035497907,1254.282335498101,1235.583132160071,1249.5802001953125,2429735
2024-03-18,1251.0118558572779,1263.4978533389883,1246.230113578854,1260.744140625,902465
2024-03-19,1259.5412604388234,1259.5412604388234,1217.4802781733047,1219.7568359375,1581835
2024-03-20,1217.7785870963314,1220.3931093828646,1197.5484099405603,1213.47412109375,1385185
2024-03-21,1217.7885577359484,1223.9520104670758,1204.865087327322,1218.4248046875,1626230
2024-03-22,1218.5838221351983,1240.533794536832,1213.8219818052535,1233.33642578125,1528595
2024-03-26,1230.7120451028509,1234.9768292290064,1214.0208469510205,1219.7469482421875,1361275
2024-03-27,1222.9578781280638,1222.9578781280638,1199.715509166115,1201.7037353515625,1452965
2024-03-28,1208.4438047202073,1234.6486102733306,1208.4438047202073,1224.3297119140625,2586915
2024-04-01,1235.6826111195144,1249.0931874322973,1224.3297955753121,1242.7109375,772020
2024-04-02,1246.4090748791514,1246.4090748791514,1233.8931038541025,1240.166015625,1191030
2024-04-03,1240.165972479321,1246.2200869351502,1215.2038085217648,1217.669189453125,1346125
2024-04-04,1223.7532270879437,1227.729679491154,1202.3797954206889,1221.2679443359375,1995095
2024-04-05,1221.2679369113405,1253.745655403725,1220.770880363961,1228.5845947265625,2705055
2024-04-08,1236.1697056150188,1238.0187414436512,1219.7867409232351,1227.6402587890625,1420525
2024-04-09,1233.1375944620347,1238.7047248986376,1223.7532250548638,1226.3179931640625,643620
2024-04-10,1232.6802858417884,1232.6802858417884,1221.764943920188,1224.3297119140625,980420
2024-04-12,1226.516929756244,1230.513283965218,1207.8474560032425,1209.6070556640625,1974255
2024-04-15,1207.4895791059769,1207.4895791059769,1189.4065982833974,1195.093017578125,1349665
2024-04-16,1194.0989014358076,1207.6188156133055,1189.9633568732875,1202.9464111328125,2041490
2024-04-18,1212.8080676530233,1218.2856407069737,1180.5391942886288,1184.416259765625,2988680
2024-04-19,1192.9357645994332,1192.9357645994332,1169.2361413878675,1181.572998046875,1713255
2024-04-22,1187.965138303815,1205.6603997832444,1183.690403491416,1196.13671875,1667285
2024-04-23,1202.8767993506099,1205.8591385225536,1179.793523284172,1183.412109375,1494175
2024-04-24,1184.9927714965681,1191.9117598718901,1177.238640740178,1183.1536865234375,1334935
2024-04-25,1187.9750404467893,1245.0272027015565,1178.6204027083052,1236.4281005859375,4634925
2024-04-26,1237.6509215341375,1254.3421195006085,1228.4951786142406,1243.0589599609375,2063090
2024-04-29,1246.6178446820054,1257.5530889336019,1233.167465128134,1252.0059814453125,1485530
2024-04-30,1252.5626135390535,1255.167185026152,1229.717913749216,1233.55517578125,1906520
2024-05-02,1231.7558306255114,1252.5426472540641,1231.7558306255114,1250.09716796875,3134765
2024-05-03,1252.562607597995,1276.4213220604013,1244.2319349441373,1262.4342041015625,2906840
2024-05-06,1268.4286022294937,1268.4883072639157,1241.9156836918137,1251.2801513671875,2263770
2024-05-07,1258.5273026389789,1262.523656779861,1232.7002633126203,1244.1524658203125,1586770
2024-05-08,1212.817992317432,1215.7903808035824,1183.5314589748348,1204.139404296875,4940700
2024-05-09,1207.7479801556692,1207.7479801556692,1167.0887317551885,1168.550048828125,2534535
2024-05-10,1168.0828460794523,1180.01220280537,1156.7698345969725,1177.2286376953125,1480900
2024-05-13,1177.228627689892,1182.7957578626913,1163.211657926409,1174.7532958984375,852820
2024-05-14,1180.787705016998,1182.0799792556516,1164.1064578206597,1166.8502197265625,1186650
2024-05-15,1170.0711119306848,1186.3646401076242,1165.1005464594416,1168.0828857421875,1458405
2024-05-16,1178.6204266599666,1178.6204266599666,1135.0783471845893,1163.1917724609375,3660485
2024-05-17,1163.1918399107383,1164.3947993093834,1151.3817711489576,1153.081787109375,3006695
2024-05-21,1155.3482122453483,1159.7919899019616,1147.8029280116104,1149.1549072265625,2456865
2024-05-22,1163.112356855403,1174.047601236095,1151.2624847126233,1167.6356201171875,2605110
2024-05-23,1173.5405502997792,1179.6145667091625,1160.1299744421694,1172.59619140625,2827915
2024-05-24,1172.3376923980634,1174.8626570812007,1160.8257853619152,1166.2437744140625,2122215
2024-05-27,1166.2437786146259,1171.055251920835,1152.3957300802856,1167.6256103515625,3366290
2024-05-28,1167.5162893778302,1193.9497224555362,1167.5162893778302,1186.03662109375,3966010
2024-05-29,1189.9533583905577,1196.5045296182602,1175.9562898915879,1193.0848388671875,2533990
2024-05-30,1187.9651406258313,1187.9651406258313,1159.7323046452213,1167.8343505859375,3005220
2024-05-31,1173.043501514478,1173.978030926862,1143.7966505666454,1151.55078125,5146590
2024-06-03,1180.5887278037383,1180.5887278037383,1148.6280904474822,1149.850830078125,2087555
2024-06-04,1154.562993862568,1158.6089808382703,1113.4066867085376,1139.4127197265625,3287175
2024-06-05,1140.8242061981414,1169.4149071231725,1138.4185302907306,1157.97265625,2542820
2024-06-06,1160.1299612339008,1178.22277070047,1149.5127801733645,1171.2540283203125,3598380
2024-06-07,1171.2540344769334,1209.656627709782,1168.3314002630595,1205.12353515625,3747525
2024-06-10,1205.123484562388,1224.2800622750976,1193.7409387857713,1214.0406494140625,3148275
2024-06-11,1209.8356612277655,1212.8677547698785,1198.5027474438707,1200.739501953125,2581810
2024-06-12,1204.8650491610958,1209.8356145454238,1191.146240159673,1204.875,1932925
2024-06-13,1216.774540861982,1216.774540861982,1199.1986890933492,1211.992919921875,2191150
2024-06-14,1212.0226220232516,1216.4961308959041,1199.914392631555,1209.8853759765625,1985020
2024-06-18,1202.479204552944,1205.262769827011,1188.9592904039746,1191.196044921875,3076985
2024-06-19,1191.335227949564,1192.8662009759978,1177.0299256924993,1184.227294921875,3056645
2024-06-20,1178.0240170286731,1192.140374430448,1170.6675558587456,1187.130126953125,2489735
2024-06-21,1187.1698179047846,1203.8709665595848,1184.0185570364324,1195.2122802734375,2150475
2024-06-24,1192.5379996258032,1212.8179302711676,1187.5674343378066,1203.8609619140625,1624525
2024-06-25,1210.8297264413334,1211.8636428728073,1196.1267552162897,1208.5234375,1977490
2024-06-26,1205.5609348110377,1211.7543614980782,1197.9660173465486,1206.86328125,1958240
2024-06-27,1192.9357038764892,1242.5320203273577,1191.9415907899256,1239.8380126953125,12168270
2024-06-28,1243.7249583053172,1276.4412552992912,1242.8501338993306,1272.9320068359375,5118295
2024-07-01,1278.429453034236,1288.370584084269,1259.9688260690718,1263.25927734375,2251925
2024-07-02,1261.5294851460446,1268.6770998666568,1249.4509870817544,1266.5498046875,1819075
2024-07-03,1267.2953595412798,1297.4766170546795,1265.5357600336451,1277.6142578125,2913200
2024-07-04,1278.4294416032303,1300.697599226534,1266.5199861280503,1288.2413330078125,1744245
2024-07-05,1288.2413419465665,1301.7215738722289,1283.6087409080537,1296.323486328125,1139175
2024-07-08,1296.3234224936202,1307.258666088275,1289.563405185339,1299.13671875,807380
2024-07-09,1300.2999619576237,1311.2352062860136,1278.6182965449734,1308.8194580078125,1734640
2024-07-10,1307.1593132182497,1313.114040859569,1288.9669953127939,1310.748046875,1287550
2024-07-11,1310.8673620074098,1316.5934631719838,1299.2759692820473,1311.1854248046875,1581340
2024-07-12,1310.2907897624998,1341.0585409568969,1305.2107651492213,1335.9786376953125,2944400
2024-07-15,1342.0526874513025,1368.8837903611748,1332.6185638232066,1350.949951171875,3023975
2024-07-16,1351.989990234375,1356.5899658203125,1327.3299560546875,1329.2099609375,1556420
2024-07-18,1329.199951171875,1341.77001953125,1318.0799560546875,1333.5,1928535
2024-07-19,1332.0,1343.6800537109375,1325.260009765625,1327.199951171875,900340
2024-07-22,1316.0,1356.0,1316.0,1354.1800537109375,2061455
2024-07-23,1354.0,1376.800048828125,1343.4000244140625,1373.0,4330455
2024-07-24,1387.780029296875,1387.780029296875,1358.6500244140625,1364.030029296875,3019385
2024-07-25,1359.0,1374.989990234375,1351.4100341796875,1370.6400146484375,1315525
2024-07-26,1377.7900390625,1393.199951171875,1358.3199462890625,1375.72998046875,2051955
2024-07-29,1384.0,1389.6199951171875,1347.0,1368.010009765625,3271945
2024-07-30,1369.010009765625,1378.199951171875,1358.5799560546875,1360.8299560546875,1458475
2024-07-31,1360.780029296875,1365.9000244140625,1347.0,1350.0999755859375,1730870
2024-08-01,1359.0999755859375,1380.0999755859375,1357.3299560546875,1377.5899658203125,2320480
2024-08-02,1376.199951171875,1396.199951171875,1374.8900146484375,1392.8299560546875,2209945
2024-08-05,1386.02001953125,1392.199951171875,1358.800048828125,1362.4100341796875,2186945
2024-08-06,1367.780029296875,1383.06005859375,1359.06005859375,1361.47998046875,1227135
2024-08-07,1376.0,1387.0,1368.0,1385.27001953125,968865
2024-08-08,1385.0,1407.0,1382.8900146484375,1387.6600341796875,2705840
2024-08-09,1396.0,1405.0,1392.6700439453125,1402.699951171875,656255
2024-08-12,1402.7900390625,1406.0,1374.6600341796875,1377.31005859375,1853275
2024-08-13,1380.4000244140625,1392.449951171875,1370.25,1389.6800537109375,1217325
2024-08-14,1391.0,1392.4000244140625,1358.5,1360.2099609375,1727965
2024-08-16,1366.2099609375,1369.7900390625,1351.6300048828125,1358.719970703125,2565660
2024-08-19,1367.5899658203125,1384.800048828125,1363.52001953125,1382.27001953125,809235
2024-08-20,1386.0,1394.8399658203125,1380.0,1393.0699462890625,747970
2024-08-21,1399.97998046875,1421.489990234375,1393.0699462890625,1412.489990234375,1905585
2024-08-22,1412.469970703125,1412.469970703125,1384.6400146484375,1393.81005859375,1683410
2024-08-23,1395.969970703125,1398.0,1386.010009765625,1390.9000244140625,711440
2024-08-26,1384.989990234375,1391.989990234375,1379.8399658203125,1388.6600341796875,1018915
2024-08-27,1389.0,1401.31005859375,1380.4100341796875,1392.5899658203125,2277085
2024-08-28,1392.5899658203125,1409.6500244140625,1384.5999755859375,1399.8599853515625,1632585
2024-08-29,1379.6600341796875,1403.989990234375,1377.8199462890625,1386.22998046875,1784160
2024-08-30,1387.5999755859375,1409.0,1387.5999755859375,1406.27001953125,3415210
2024-09-02,1409.93994140625,1414.989990234375,1366.0,1374.4300537109375,2354285
2024-09-03,1380.0,1382.800048828125,1369.5999755859375,1370.77001953125,1246805
2024-09-04,1369.56005859375,1369.56005859375,1353.4000244140625,1357.43994140625,2177470
2024-09-05,1359.5,1369.760009765625,1337.199951171875,1339.1500244140625,2001265
2024-09-06,1339.780029296875,1344.02001953125,1330.5999755859375,1333.4300537109375,2074285
2024-09-09,1335.989990234375,1343.18994140625,1320.5400390625,1331.1800537109375,1466880
2024-09-10,1338.800048828125,1339.56005859375,1322.6300048828125,1330.0799560546875,2328120
2024-09-11,1332.1800537109375,1349.8699951171875,1319.1800537109375,1322.5,1833720
2024-09-12,1340.0,1342.43994140625,1316.06005859375,1336.77001953125,2663355
2024-09-13,1337.280029296875,1339.81005859375,1329.4000244140625,1332.1400146484375,1197575
2024-09-16,1337.97998046875,1337.97998046875,1326.300048828125,1329.4200439453125,691625
2024-09-17,1328.02001953125,1333.1500244140625,1320.5999755859375,1326.3299560546875,911735
2024-09-18,1329.4000244140625,1329.5999755859375,1306.199951171875,1313.56005859375,1239415
2024-09-19,1316.800048828125,1322.5,1296.5,1300.510009765625,4661780
2024-09-20,1306.9599609375,1319.5899658203125,1297.1400146484375,1310.22998046875,2823650
2024-09-23,1320.0,1332.4000244140625,1316.0,1330.8900146484375,1326620
2024-09-24,1330.8900146484375,1337.97998046875,1316.0400390625,1330.0699462890625,1962100
2024-09-25,1331.25,1341.52001953125,1319.1099853515625,1338.2900390625,2388280
2024-09-26,1342.9599609375,1351.4000244140625,1332.8599853515625,1348.8800048828125,2842130
2024-09-27,1342.199951171875,1354.47998046875,1333.300048828125,1349.97998046875,2794555
2024-09-30,1351.0,1358.199951171875,1342.0,1350.3199462890625,1827470
2024-10-01,1350.3199462890625,1357.0799560546875,1335.6099853515625,1349.8199462890625,1738090
2024-10-03,1356.0,1359.0,1338.4200439453125,1347.1300048828125,2277090
2024-10-04,1342.5999755859375,1346.5799560546875,1322.199951171875,1326.6500244140625,1742335
2024-10-07,1336.7099609375,1342.4100341796875,1316.219970703125,1321.97998046875,2224190
2024-10-08,1321.989990234375,1333.5999755859375,1315.0,1331.2099609375,1395550
2024-10-09,1339.199951171875,1350.97998046875,1329.4200439453125,1332.969970703125,1680365
2024-10-10,1339.5999755859375,1339.5999755859375,1310.739990234375,1316.6199951171875,1582735
2024-10-11,1317.0,1324.93994140625,1309.010009765625,1319.8399658203125,1130225
2024-10-14,1327.199951171875,1338.18994140625,1320.0,1331.97998046875,1117595
2024-10-15,1336.800048828125,1339.97998046875,1321.0400390625,1322.3299560546875,1423265
2024-10-16,1328.0,1349.18994140625,1325.81005859375,1342.1800537109375,1849620
2024-10-17,1348.9599609375,1355.0,1330.0899658203125,1340.81005859375,1819115
2024-10-18,1340.81005859375,1354.800048828125,1332.47998046875,1348.219970703125,1143115
2024-10-21,1354.0,1354.0,1337.2099609375,1339.47998046875,1175275
2024-10-22,1345.4000244140625,1351.0,1326.4599609375,1332.47998046875,1904985
2024-10-23,1331.8699951171875,1337.6199951171875,1318.0,1321.5799560546875,1548860
2024-10-24,1328.800048828125,1328.800048828125,1313.8399658203125,1316.5400390625,1587305
2024-10-25,1314.0,1316.4000244140625,1290.02001953125,1302.93994140625,1285830
2024-10-28,1320.0,1325.9000244140625,1290.25,1311.5,829374
2024-10-29,1327.0,1335.4000244140625,1263.5,1274.699951171875,1443741
2024-10-30,1273.0,1273.0,1228.800048828125,1249.8499755859375,2065575
2024-10-31,1258.5999755859375,1283.6500244140625,1248.0,1274.199951171875,1902206
2024-11-01,1280.0,1289.0,1201.800048828125,1259.5999755859375,540201
2024-11-04,1259.5999755859375,1276.9000244140625,1250.550048828125,1268.300048828125,1771490
2024-11-05,1265.0999755859375,1279.0,1241.25,1272.199951171875,1603920
2024-11-06,1274.0,1321.9000244140625,1251.5999755859375,1302.0999755859375,3908554
2024-11-07,1304.949951171875,1309.0,1280.550048828125,1287.3499755859375,1479152
2024-11-08,1292.800048828125,1293.0,1259.1500244140625,1283.6500244140625,1328199
2024-11-11,1284.0,1295.25,1262.1500244140625,1287.9000244140625,1175591
2024-11-12,1287.8499755859375,1288.4000244140625,1258.300048828125,1263.9000244140625,1110785
2024-11-13,1258.0,1265.050048828125,1238.300048828125,1245.0,995217
2024-11-14,1249.9000244140625,1253.0,1222.199951171875,1226.699951171875,1346891
2024-11-18,1206.0999755859375,1219.800048828125,1170.199951171875,1193.550048828125,3367815
2024-11-19,1193.0,1232.0,1186.25,1213.449951171875,1509716
2024-11-21,1174.9000244140625,1206.699951171875,1172.5,1195.3499755859375,2121476
2024-11-22,1199.0,1223.199951171875,1193.5999755859375,1214.449951171875,763755
2024-11-25,1233.949951171875,1247.0,1205.75,1209.300048828125,3280431
2024-11-26,1209.0,1218.3499755859375,1203.199951171875,1208.6500244140625,1190121
2024-11-27,1212.0,1215.5999755859375,1198.050048828125,1199.9000244140625,1402977
2024-11-28,1209.050048828125,1209.9000244140625,1188.449951171875,1191.949951171875,2819269
2024-11-29,1206.0,1219.3499755859375,1198.6500244140625,1202.300048828125,2535820
2024-12-02,1214.25,1225.25,1202.300048828125,1221.75,1826479
2024-12-03,1229.0,1229.0,1217.550048828125,1224.5,2237453
2024-12-04,1224.5,1229.0999755859375,1209.5999755859375,1215.550048828125,1435443
2024-12-05,1216.550048828125,1249.5,1210.0999755859375,1239.8499755859375,3324867
2024-12-06,1246.0,1255.1500244140625,1236.3499755859375,1253.699951171875,1717216
2024-12-09,1254.6500244140625,1261.800048828125,1243.25,1255.1500244140625,1269332
2024-12-10,1250.0,1253.5999755859375,1233.0,1240.3499755859375,2025890
2024-12-11,1240.300048828125,1243.4000244140625,1226.699951171875,1238.550048828125,1178864
2024-12-12,1244.800048828125,1250.199951171875,1226.3499755859375,1245.4000244140625,1648944
2024-12-13,1240.300048828125,1250.199951171875,1226.449951171875,1246.3499755859375,1258819
2024-12-16,1246.3499755859375,1274.1500244140625,1245.199951171875,1269.949951171875,1920945
2024-12-17,1269.0,1270.949951171875,1243.25,1247.6500244140625,2706166
2024-12-18,1251.9000244140625,1281.0,1249.550048828125,1275.4000244140625,2823838
2024-12-19,1275.0,1331.3499755859375,1271.6500244140625,1325.5999755859375,7185903
2024-12-20,1326.0,1368.699951171875,1317.4000244140625,1343.6500244140625,7499087
2024-12-23,1362.0,1367.0,1330.300048828125,1341.3499755859375,3740109
2024-12-24,1347.0,1365.0,1336.199951171875,1350.9000244140625,2587142
2024-12-26,1350.9000244140625,1360.199951171875,1342.75,1355.1500244140625,1531359
2024-12-27,1363.050048828125,1398.25,1345.5,1389.449951171875,3656253
2024-12-30,1389.5999755859375,1392.0,1372.0999755859375,1376.9000244140625,2462657
2024-12-31,1370.300048828125,1395.0,1366.550048828125,1388.5,1892083
2025-01-01,1388.449951171875,1389.050048828125,1355.3499755859375,1369.0,1658723
2025-01-02,1371.449951171875,1387.949951171875,1370.050048828125,1375.050048828125,1726305
2025-01-03,1375.050048828125,1378.1500244140625,1347.199951171875,1352.6500244140625,1573592
2025-01-06,1360.4000244140625,1361.300048828125,1333.800048828125,1350.3499755859375,1539970
2025-01-07,1352.0,1373.050048828125,1347.5,1351.550048828125,1723188
2025-01-08,1369.5,1405.9000244140625,1358.0,1370.75,3456684
2025-01-09,1380.0,1382.949951171875,1364.0999755859375,1371.5999755859375,1607980
2025-01-10,1366.0999755859375,1386.0,1352.5999755859375,1354.4000244140625,1582776
2025-01-13,1354.050048828125,1354.1500244140625,1330.199951171875,1335.0999755859375,2822318
2025-01-14,1335.1500244140625,1348.8499755859375,1323.6500244140625,1337.550048828125,1370223
2025-01-15,1345.0,1345.0,1313.949951171875,1337.199951171875,1940371
2025-01-16,1340.9000244140625,1347.0,1297.0,1302.75,1195731
2025-01-17,1298.0,1320.699951171875,1288.0,1309.4000244140625,1432206
2025-01-20,1308.3499755859375,1309.0,1293.6500244140625,1302.3499755859375,561642
2025-01-21,1302.3499755859375,1312.949951171875,1285.6500244140625,1288.1500244140625,738787
2025-01-22,1291.0,1308.0,1288.0,1296.25,1301422
2025-01-23,1289.0,1303.949951171875,1274.550048828125,1289.4000244140625,1448659
2025-01-24,1229.949951171875,1252.6500244140625,1203.5,1224.4000244140625,7082467
2025-01-27,1224.4000244140625,1234.3499755859375,1191.5,1197.6500244140625,2184847
2025-01-28,1197.6500244140625,1197.6500244140625,1164.6500244140625,1181.25,3142189
2025-01-29,1187.4000244140625,1192.449951171875,1173.5,1181.199951171875,3458251
2025-01-30,1188.0,1204.800048828125,1184.0,1194.5,3290757
2025-01-31,1202.0,1221.0,1196.0,1217.3499755859375,1505147
2025-02-03,1200.0,1220.0,1196.800048828125,1203.8499755859375,1407877
2025-02-04,1207.0,1233.0,1201.449951171875,1219.949951171875,2239920
2025-02-05,1227.0,1233.0999755859375,1215.8499755859375,1227.550048828125,1460238
2025-02-06,1234.9000244140625,1254.0,1230.199951171875,1236.6500244140625,2990483
2025-02-07,1240.0,1243.75,1226.0,1240.4000244140625,1236992
2025-02-10,1239.699951171875,1239.699951171875,1211.050048828125,1220.949951171875,1565520
