Date,Open,High,Low,Close,Volume
2017-11-17,303.7290070991891,361.53549554709934,300.7896941272615,337.62908935546875,168836552
2017-11-20,337.72709581855173,351.6398269088403,337.041244117519,348.1616516113281,14650240
2017-11-21,349.190419119611,410.426113756897,345.3693177542927,377.50579833984375,43078194
2017-11-22,380.15123220123314,399.7466565415029,379.0734778824694,387.2055969238281,15227642
2017-11-23,382.1107702177425,384.07031262911556,363.5931004103162,367.2672424316406,12300150
2017-11-24,368.44295448752604,375.2523764112218,358.69424881072337,363.2012023925781,9463228
2017-11-27,363.4950790355916,376.72198891963603,363.4950790355916,372.65594482421875,3832223
2017-11-28,375.25231073632636,378.5835263137289,370.45143858946045,374.468505859375,2409447
2017-11-29,374.6644850476378,376.91797665243746,368.49193870890014,370.15753173828125,1657909
2017-11-30,372.11707400631855,372.11707400631855,363.2991335805741,363.9849853515625,2536960
2017-12-01,366.14048080670506,371.87211795890295,360.5557734427398,365.2096862792969,1904781
2017-12-04,366.4833936646257,367.3162051380068,354.6771630427742,355.4609680175781,1323453
2017-12-05,353.697383539879,358.4982561729757,349.92525864950215,355.02008056640625,1806017
2017-12-06,353.59937516805076,364.18092072359946,351.2969071605767,360.898681640625,3331373
2017-12-07,362.56430572797973,382.0127692302775,362.56430572797973,380.44512939453125,3350792
2017-12-08,382.1107174319892,387.79337767985606,377.7997307025482,381.42486572265625,2494845
2017-12-11,379.1713941933574,384.31519217660065,371.38220243006475,373.0968017578125,1029719
2017-12-12,373.1948329152818,379.1714430362113,369.4227079282837,376.0361633300781,2564559
2017-12-13,378.6325320790182,381.3758790433188,370.8433403157255,373.0968017578125,747787
2017-12-14,375.10541170502916,378.19168501983125,369.3737441774,376.52606201171875,1261422
2017-12-15,381.50130195799795,384.20524159816415,373.73362681117055,375.0118408203125,1698848
2017-12-18,373.63526801863026,376.8799833435884,366.0150750524608,371.12799072265625,1399027
2017-12-19,371.66881109162983,374.56941302203484,366.01511885941585,368.6207275390625,1641589
2017-12-20,371.1280108620784,371.37382355174555,365.2776568454268,368.86651611328125,2251770
2017-12-21,372.8978487439872,375.40512616606094,368.7190330362431,369.7514343261719,1448962
2017-12-22,369.94808854277767,374.0285730862158,367.93243654132965,368.27655029296875,775946
2017-12-26,369.70229657851377,372.2587546306092,367.14583852641834,370.2430725097656,1310649
2017-12-27,368.81737641759486,371.61964716344676,367.5391323898983,368.5715637207031,589597
2017-12-28,368.71905750223704,373.6353116022669,366.16259936893476,371.6196594238281,912189
2017-12-29,372.6520647434373,384.25441254026356,369.35816846011744,379.5348205566406,1611972
2018-01-01,381.9929248402908,393.1036465589413,380.075573832728,383.1236572265625,1445743
2018-01-02,385.1393909903076,391.33385968117886,377.9124908466669,388.875732421875,1219713
2018-01-03,391.333795996654,391.62875921719444,377.6666166603687,379.1906433105469,2275082
2018-01-04,383.46779041720515,395.2176488184587,380.7638508693915,392.3170471191406,2974278
2018-01-05,394.2835400930494,405.0992980507141,391.33378792277716,400.18304443359375,3554479
2018-01-08,403.1327815394755,421.1262571031778,402.69030672789694,415.0301208496094,3806105
2018-01-09,416.89833491048364,440.1522100899351,415.5709403428547,428.2057189941406,6183645
2018-01-10,430.66380741072726,434.49847914666003,419.84804969036657,422.06036376953125,2374166
2018-01-11,416.8983057586607,442.26616236121447,416.8983057586607,439.2181091308594,2604294
2018-01-12,442.2170351097716,451.01714152975967,436.858306394918,448.3132019042969,5364763
2018-01-15,452.295356938692,479.826378665395,449.34560461083095,466.8966369628906,5635852
2018-01-16,471.8620090377817,486.02081323979337,463.3568964100035,474.5659484863281,8288750
2018-01-17,477.2699321106717,480.0230523533314,462.1278757985587,470.3871765136719,5691140
2018-01-18,475.1067913029407,481.59622247863564,469.9938752184928,476.92578125,1772870
2018-01-19,481.0554661102137,483.1202988439101,469.01064350449036,473.4352722167969,3488403
2018-01-22,473.43521437007945,480.66211305178103,461.1445805598489,462.3244934082031,3825798
2018-01-23,466.3066780089614,466.3066780089614,446.88747528744955,450.86962890625,3561221
2018-01-24,449.83722265705444,452.29534955681976,440.4963404379462,447.6249084472656,2072037
2018-01-25,447.3791061622509,452.29536007612177,439.51309990005745,440.98797607421875,1194340
2018-01-29,439.5131048789819,445.01931532617965,436.9566468135223,437.8907470703125,1113037
2018-01-30,436.56336236934175,440.5946967168319,410.01559033336827,414.78436279296875,3583717
2018-01-31,411.392150680962,425.64928804208205,388.6790499871322,419.8481140136719,14738305
2018-02-01,422.7486506496653,444.429316591432,415.9150462791498,440.74212646484375,4965461
2018-02-02,433.6135977196802,447.37910875840015,422.79783904640016,434.9901428222656,5311751
2018-02-05,421.0279944031131,436.56334466566983,415.27597136062354,434.3018798828125,2268830
2018-02-06,410.9988347959933,433.31863998007145,410.06473453252005,431.450439453125,1893871
2018-02-07,435.58009644244396,441.7745643667048,423.78108705799855,426.1900634765625,1048027
2018-02-08,427.61576338176485,437.30078968294345,427.5666128447446,434.105224609375,927897
2018-02-09,423.0927666655187,438.5298147477771,423.0927666655187,432.1878356933594,1008995
2018-02-12,434.59685640275717,443.4461136598269,427.7632512961133,434.3510437011719,1944360
2018-02-14,434.40019256907163,435.48177445317583,423.78109590398134,424.666015625,2159701
2018-02-15,425.7475634680854,429.6805663638645,420.83130984836157,424.7643127441406,506167
2018-02-16,426.878330946718,428.00906337106807,419.45479937228464,424.22357177734375,522734
2018-02-19,424.7643270719906,432.0403766733263,419.6514111324402,428.5989990234375,693977
2018-02-20,432.1387271507974,434.5968541539305,425.35430262343675,427.22247314453125,781850
2018-02-21,431.5487245903389,442.9544386683231,428.84478517560444,442.06951904296875,1312613
2018-02-22,439.7097415185276,446.88745989490525,436.46499608308875,443.2494201660156,772690
2018-02-23,444.52765145739545,463.7993713514923,444.47847091809643,460.9971008300781,1849448
2018-02-26,464.88095786602605,464.88095786602605,453.62275441261943,460.4563293457031,920977
2018-02-27,460.0630409270704,469.79721779518053,452.29536564873735,461.1446228027344,1378658
2018-02-28,459.66968692750595,460.16131226111827,452.29530692332133,453.4752197265625,1358563
2018-03-01,454.16348869612006,456.57246489442406,442.5611425314926,443.39691162109375,1102928
2018-03-05,442.4628790953374,448.50986577502016,440.5947084959995,445.3143005371094,1249630
2018-03-06,449.3455715403037,449.7388658204534,437.6448941688772,439.8572082519531,1595634
2018-03-07,438.97226833935446,440.0538200581905,427.71403630081886,430.2213134765625,2900233
2018-03-08,433.6135747266389,434.59682546298046,420.53635193586825,423.3385925292969,1951335
2018-03-09,427.46825140905804,427.6649135560393,415.91505542502944,418.4223327636719,1494497
2018-03-12,422.7486562570176,426.0917026815138,418.3731785795244,423.19110107421875,884484
2018-03-13,424.7151910671077,438.03822727919936,422.6011778618486,434.5476989746094,1396863
2018-03-14,434.54770379072994,440.3980280566733,432.63035272494386,437.79241943359375,872703
2018-03-15,437.54662519196785,443.44613025073596,436.17008001287553,441.0863342285156,656358
2018-03-16,443.3969845905871,443.3969845905871,428.795703408167,435.8750915527344,553113
2018-03-19,432.63032077278336,435.28510974373415,417.88155983734754,418.7664794921875,697119
2018-03-20,417.8324106639705,421.4704203693652,412.62116377928965,415.767578125,1782357
2018-03-21,419.5531272658406,430.66384927422337,412.22789682241586,415.4234619140625,1341420
2018-03-22,419.6514036418445,422.5520053261205,417.09497572413227,420.3396911621094,1267475
2018-03-23,412.96529813892903,423.78105594732955,409.13062637178217,421.9620361328125,939860
2018-03-26,421.81453235184205,431.64703893347007,420.09384370005716,430.2213134765625,675696
2018-03-27,432.6794746749553,441.87287506423127,432.6794746749553,441.13543701171875,1231929
2018-03-28,435.0884890545682,452.2953784522065,435.0884890545682,446.8383483886719,1217753
2018-04-02,448.9522795308513,478.8430950698604,448.9522795308513,474.5659484863281,2112175
2018-04-03,476.6799259112214,499.78631729111856,474.12349810412144,485.3325500488281,3149584
2018-04-04,486.70912221697506,495.55837898455644,480.7112866287725,487.5448913574219,1687239
2018-04-05,493.3952327343629,497.37741642412243,478.892283631394,489.6097412109375,1710038
2018-04-06,489.46219455817516,495.9516552868637,485.7258538389096,488.0364990234375,1505952
2018-04-09,488.1348775292224,502.3428337561209,481.79289779042807,483.7593994140625,2704392
2018-04-10,486.6600032688066,497.42658169764724,483.85773244257035,495.1159362792969,1439138
2018-04-11,493.10026650288034,499.1964333455687,486.70913642856584,491.37957763671875,2556799
2018-04-12,491.62538048474204,493.10025662619626,489.06892250493496,491.2320861816406,870497
2018-04-13,491.87118577585295,493.1493997433126,489.26557729976594,491.4287109375,990964
2018-04-16,487.3973875278631,491.9203167755257,484.4967859392518,486.4632873535156,839503
2018-04-17,489.1672729185899,491.9203631555585,477.85988872047176,483.07110595703125,1325820
2018-04-18,487.69237686792917,491.8711925971403,479.8263707894142,484.8901062011719,1042991
2018-04-19,492.6086454874473,502.4411533814083,488.773973410089,495.0667724609375,4279631
2018-04-20,494.3784421005969,494.8209169200871,485.72584790565924,487.34820556640625,1683866
2018-04-23,488.08563999790346,488.52811481413306,480.80959084126437,485.3325500488281,1348271
2018-04-24,487.4957318841061,494.5751496066956,480.9079695651729,491.18292236328125,2176962
2018-04-25,490.6421067504392,506.2758171229824,486.7091038907163,502.0478210449219,3740225
2018-04-26,504.35845039221465,527.8089552019516,504.35845039221465,524.1217651367188,4445968
2018-04-27,528.8906340615862,537.6906807901013,508.340668152406,510.4546813964844,2924033
2018-04-30,511.2904285020343,516.944120740278,505.68588680241925,509.3730773925781,1988145
2018-05-02,512.027848972492,516.5016280651179,499.58973247833546,501.40875244140625,1474785
2018-05-03,501.998700952409,502.3428447453602,484.7426608300978,487.6924133300781,1926354
2018-05-04,481.8911928712684,496.44329179641625,481.8911928712684,491.9695129394531,1276630
2018-05-07,494.1326470320745,496.3449611954969,488.87227958197053,491.52703857421875,1484565
2018-05-08,494.8701106817385,505.34175560202067,490.6421442866511,501.40875244140625,1444181
2018-05-09,503.3260557614303,509.323891371532,502.4411360827275,506.1283264160156,1600419
2018-05-10,508.3406908214873,512.175393151981,500.96630942659147,508.9798278808594,1447761
2018-05-11,508.9798249719828,516.1575441527527,507.45573814878577,514.53515625,1183632
2018-05-14,517.1898139105903,539.0671396891277,516.0590517191423,530.955322265625,2848754
2018-05-15,513.2568967919005,516.7474249878168,486.7091262681816,498.0165100097656,7490877
2018-05-16,493.8376906880995,500.9662586472607,486.9057848821085,489.2164001464844,2261791
2018-05-17,489.8555455131959,494.8209498980751,483.9560408944409,486.0208435058594,1338372
2018-05-18,489.26558658529876,489.4622187344074,476.9749520248081,485.6767272949219,1158565
2018-05-21,485.6767267567329,493.1002580204703,479.08893463703714,481.44873046875,1332552
2018-05-22,483.710251819027,488.3806932035745,471.9603925437498,473.5335998535156,1469055
2018-05-23,474.9101018211437,477.26989756803715,467.1424270680054,468.3714904785156,1261911
2018-05-24,470.7804520701971,476.09003018142647,462.12785738137393,467.09326171875,1958399
2018-05-25,470.68218190949085,479.3347771665389,465.61841615581517,473.4352722167969,1596757
2018-05-28,477.51573180969774,485.0867747628412,474.95927379912774,483.0219421386719,1975352
2018-05-29,483.16943941049965,489.3639374837415,481.350419420585,485.9717102050781,957169
2018-05-30,483.7593488089681,496.5416080254652,476.4832995639404,492.8052673339844,1480953
2018-05-31,497.9673379686479,500.27795315003766,478.2531430754227,482.923583984375,1419549
2018-06-01,483.4152607096076,484.5951736987632,476.92579928211944,480.66217041015625,1060120
2018-06-04,482.5303234013114,483.56272472440594,464.58599655042207,465.91339111328125,1150250
2018-06-05,459.4239003435963,470.9770963393957,454.4584961947825,456.5724792480469,1227934
2018-06-06,457.70324801214434,463.651903357527,453.2786194062267,459.3747863769531,1023144
2018-06-07,463.11114553477006,467.7324364842937,460.16139301544035,462.6686706542969,1350574
2018-06-08,462.6686141363106,468.0273425610631,458.29316643765486,464.2418212890625,2205834
2018-06-11,467.7323829460696,479.82635488843107,466.6999516786192,477.7123718261719,2410561
2018-06-12,479.82633654798894,499.09805606636627,478.0564973091953,494.7717590332031,2776666
2018-06-13,495.5583894918893,496.54164026469067,482.0386913658705,483.0219421386719,1003539
2018-06-14,482.77615505388843,482.77615505388843,470.9771451544044,473.4352722167969,1006376
2018-06-15,474.8118225665185,478.8431569942456,457.654113487115,461.882080078125,13594222
2018-06-18,462.07869773559236,476.8766093850721,462.0295171946836,471.17376708984375,1504101
2018-06-19,468.32236665477876,475.10682150757646,463.40611241735115,466.79833984375,911179
2018-06-20,469.01065633358047,470.53468315137775,463.30781339541056,465.470947265625,568306
2018-06-21,467.0440982885672,468.0273490218063,460.1613431558936,464.4876403808594,660819
2018-06-22,465.86422098755054,465.86422098755054,461.2429601922261,463.5044250488281,527118
2018-06-25,463.6027528200345,467.92905034453395,458.29320449422,459.3747863769531,539959
2018-06-26,457.2607819241804,462.717841980064,448.3623740040851,459.9647216796875,1248575
2018-06-27,460.6530082439781,462.9144731228585,453.7702525178141,460.84967041015625,593999
2018-06-28,460.11219316922285,460.11219316922285,450.32883635928175,453.03277587890625,466930
2018-06-29,454.3110310356085,457.21163296776245,446.39587390830997,448.5098571777344,1002424
2018-07-02,450.0830171993699,456.7199595611301,443.0527805507915,450.6729736328125,803747
2018-07-03,450.3288416967535,456.71997154616156,445.65840065295527,451.6070556640625,415286
2018-07-04,452.29534912109375,456.6708270010336,448.4606771624404,452.29534912109375,481896
2018-07-05,452.7378382217693,461.93120910238594,450.13219962333204,454.01605224609375,555727
2018-07-06,454.2618779268258,464.0452355687324,452.393707373868,460.84967041015625,663491
2018-07-09,465.07761064985016,471.86203490962924,463.4552528930557,466.65081787109375,712689
2018-07-10,469.94473619539724,473.9268899695389,465.2742948523364,467.732421875,679839
2018-07-11,467.1424621424368,468.7156694272971,460.1613754452921,461.0462951660156,401838
2018-07-12,463.65184826386684,474.91008060373207,463.4060355927469,471.0754089355469,953274
2018-07-13,472.9435865840439,474.6151247762061,462.1278288866957,463.65185546875,569549
2018-07-16,463.8977172865699,464.5860048518867,449.83724279309666,452.14788818359375,801423
2018-07-17,452.29534235400973,462.766956778963,447.9198645395342,456.719970703125,1332222
2018-07-18,460.16138112810717,469.99388927187016,458.19487949935456,465.9625549316406,1274708
2018-07-19,464.0452147397211,466.5033416744448,460.35802433763547,463.1111145019531,581747
2018-07-20,463.8977149427712,485.43093144495674,460.4563371464408,481.39959716796875,3641559
2018-07-23,488.6756229547789,489.6588737051909,470.5346346071043,474.8609619140625,1379264
2018-07-24,475.9425518712617,479.8264046491718,462.17704026247395,472.1078796386719,1128826
2018-07-25,471.9603828935874,487.4465829572832,470.4363561597334,486.0700378417969,1598485
2018-07-26,485.72587083132464,487.59404125631266,477.85986482595905,481.2029113769531,559055
2018-07-27,481.7928663179395,502.2444698651896,481.7928663179395,499.8846740722656,2140712
2018-07-30,498.50813929425266,498.9014336001017,484.39848477448,486.9057922363281,1042844
2018-07-31,484.74266719133993,496.44334626018883,479.82641296019045,494.28021240234375,896975
2018-08-01,491.9203426710889,494.1818374203996,485.72587489264214,487.4465637207031,444268
2018-08-02,487.34821974907584,495.80418205310207,482.33363501011814,484.8409423828125,551346
2018-08-03,487.1024308562186,496.29583165891336,475.1067893331068,478.253173828125,1248163
2018-08-06,481.3012622231421,482.77613840972987,473.435255894674,477.2699279785156,1237540
2018-08-07,477.712417993565,478.79399989933154,468.02739139307283,470.09222412109375,666377
2018-08-08,470.09221608951117,471.7145739172259,457.752400477186,460.161376953125,1535027
2018-08-09,463.1111259640103,466.74916592001625,455.4909322777659,458.1457214355469,1444553
2018-08-10,459.0797828084052,460.16136466681456,451.36125819037835,457.11328125,2171685
2018-08-13,457.211549216515,460.8495885999489,452.93440291610705,456.3266296386719,1107202
2018-08-14,456.32670139746125,463.1111259030344,456.2283703163651,460.25970458984375,959947
2018-08-16,460.16131226111827,460.9479007923263,452.24615639253176,453.4752197265625,512635
2018-08-17,455.6383798867185,457.89987455769483,451.80370806115263,453.57354736328125,1013707
2018-08-20,456.08089082559394,460.16137565544,453.42610165577776,454.704345703125,726254
2018-08-21,455.6876167264548,457.16249299592465,453.81941611331195,454.5568542480469,762167
2018-08-23,456.91665937366554,466.7491673868158,454.556833445363,459.3747863769531,1485668
2018-08-24,459.1780736200346,464.5859524314054,452.8852751862708,454.4093017578125,709420
2018-08-27,455.24510337896095,458.1948556686734,452.2953510892484,453.0819396972656,717597
2018-08-28,454.2127252602238,456.03171525989706,452.5411868748427,453.7210998535156,670395
2018-08-29,455.58925258200867,462.0295331554662,452.6886507932846,458.440673828125,1210750
2018-08-30,462.0786993176908,467.53572894635323,457.21159613050315,458.8339538574219,1091878
2018-08-31,457.2116173133375,459.9647075225436,453.37694523393156,454.01605224609375,513771
2018-09-03,454.36019160042486,457.94905094741114,451.31210818005735,452.4428405761719,484678
2018-09-04,454.2127386649985,454.2127386649985,444.4293807802056,445.3143005371094,554039
2018-09-05,442.8561158122354,454.3109806349447,434.1051904544177,447.7723693847656,951095
2018-09-06,452.29538595457007,452.29538595457007,443.249466232905,446.19921875,442815
2018-09-07,446.3958919898847,447.37914285329856,439.75894866184126,443.790283203125,710881
2018-09-10,441.47957542801396,449.3455812262859,436.317509122898,442.5611572265625,947697
2018-09-11,447.18242747380754,448.1165276854886,435.8258933551132,438.4806823730469,625164
2018-09-12,440.299683108233,440.299683108233,421.91291170036374,429.28729248046875,1384238
2018-09-14,429.7297160671892,431.10629108319677,415.0301357764751,418.4223327636719,1870621
2018-09-17,417.88154509469945,418.17650830042965,402.39534665883707,406.03338623046875,2753776
2018-09-18,407.36080162066986,411.0971727304154,402.1495842913505,403.7719421386719,1284003
2018-09-19,405.0993296430023,408.0490820433154,392.16958762291637,393.3986511230469,1252296
2018-09-21,393.30032849726337,393.30032849726337,366.2609309130765,381.74713134765625,2926366
2018-09-24,383.4678129678456,384.3035821512416,361.83629531324914,362.9178771972656,3357152
2018-09-25,362.67205597264694,390.15389725223474,356.9200329120343,383.4678039550781,2579384
2018-09-26,388.38406401734875,399.2489732993115,384.4510608374262,396.84002685546875,2432342
2018-09-27,398.9539784069529,406.08254610492065,391.3337853505046,397.2824401855469,1375955
2018-09-28,407.01664453828437,407.0657950713489,383.5661090383228,385.0409851074219,937746
2018-10-01,387.00752574930664,387.5974822380141,372.65205788744805,381.845458984375,1561320
2018-10-03,379.9281112550234,385.4343218542277,371.76714144282624,373.2911682128906,994487
2018-10-04,369.5056171013779,373.63528222326016,359.3289959196526,366.0642395019531,1262589
2018-10-05,363.8027830800696,370.6855384356385,358.9848603324578,360.75469970703125,652992
2018-10-08,361.3446527522822,366.55586975538864,356.92002435123385,362.9670104980469,937703
2018-10-09,365.2776263042179,368.3748599337753,351.02049149557416,355.2976379394531,1037612
2018-10-10,357.01833465649537,367.2441359204646,355.0026527205438,363.55694580078125,1199754
2018-10-11,352.00376907734534,367.7357811031485,349.05401682250726,359.62396240234375,1236817
2018-10-12,362.8195362538199,373.34033155697784,362.3279108659421,366.99835205078125,1014252
2018-10-15,370.68557719507515,371.42301534599375,360.7547374280845,362.6720886230469,799151
2018-10-16,365.0318660292515,378.5024142327697,362.8195516896802,369.9481201171875,1559187
2018-10-17,374.3727217711371,375.94592896699675,362.8195254984887,365.1793212890625,837452
2018-10-19,362.8195249757931,368.71902944694426,360.1155854265155,363.5078125,711888
2018-10-22,367.7357987285261,367.7357987285261,358.4932472216626,359.5748291015625,503122
2018-10-23,358.88651624159104,363.60610774027793,352.98701186501694,353.9211120605469,838685
2018-10-24,362.8195323042056,362.8195323042056,354.4619008012632,358.6407165527344,2217572
2018-10-25,356.7233560999652,357.65745630457025,352.00376455542585,353.8227844238281,527295
2018-10-26,353.9211322284337,357.41166051423903,349.10317937453993,353.77362060546875,1787348
2018-10-29,356.87090207579416,372.35710270577965,353.0853803649553,360.06646728515625,1755867
2018-10-30,360.8530498515961,365.72015339848946,360.2630933600888,363.60614013671875,451965
2018-10-31,364.4418817777963,368.52236635868513,358.98485215842385,366.0642395019531,386859
2018-11-01,371.1771483965368,377.96157239243234,364.8351692226859,366.2608947753906,1073936
2018-11-02,368.424048052467,381.4029392449224,365.52344649465834,380.1247253417969,2557300
2018-11-05,381.4029377618851,398.6590054255616,374.9134771876759,392.4645080566406,2065266
2018-11-06,393.3002998036484,401.16630579972133,385.7784375711899,390.9896545410156,1231518
2018-11-07,393.3003179922519,399.1998227621357,390.6947093868398,396.84002685546875,279874
2018-11-09,395.2668230855685,399.1506757627388,390.35056906709127,394.6277160644531,1078490
2018-11-12,395.66009212145497,395.70927266235685,388.4823737157372,391.0879821777344,783559
2018-11-13,390.3013955656996,394.18521800792803,385.43429237119483,391.87457275390625,637189
2018-11-14,394.2344183036148,400.47803684744366,390.399716197523,394.7260437011719,1334156
2018-11-15,395.95509879508944,395.95509879508944,388.5315374456043,391.13714599609375,570933
2018-11-16,390.3505608710496,392.9070189082674,385.13934372345494,386.81085205078125,941682
2018-11-19,385.43430455525714,386.36840479591046,373.8811079263687,377.56829833984375,1640501
2018-11-20,375.6017651862901,382.1895568400352,373.6844143300185,380.5671691894531,1285180
2018-11-21,380.5180447884159,387.2041379655879,375.8476036702118,383.6644592285156,1527245
2018-11-22,384.79517300763183,388.3840321132147,379.6331067580258,386.7124938964844,1025212
2018-11-26,389.3673194056903,390.3505702122703,382.1896005202294,389.5148010253906,1765005
2018-11-27,389.318191310484,390.1539305391072,383.4678366715113,386.3684387207031,496422
2018-11-28,387.351656009052,389.36730810144866,384.4019036749502,388.13824462890625,1584598
2018-11-29,388.48238495639004,390.0064116462505,385.434301570237,386.1225891113281,566084
2018-11-30,386.7124960576222,393.3002878822217,385.975058017843,390.0555725097656,606060
2018-12-03,390.3013921412133,393.4477764964518,386.2208775766141,391.972900390625,828428
2018-12-04,390.4488570952573,393.3002781102708,385.97504842789505,392.0220642089844,770066
2018-12-05,387.40081729551014,391.9729275389547,385.9259410875323,389.957275390625,1331974
2018-12-06,388.03988414775245,393.7427562320981,384.5493561527847,389.80975341796875,697313
2018-12-07,389.36732499017734,392.3170774522241,384.451070886766,385.97509765625,643910
2018-12-10,381.5012855718304,382.2387236238378,377.02750672555794,378.84649658203125,596400
2018-12-11,373.6352840470679,382.4353902396964,373.58613351226586,378.30572509765625,429483
2018-12-12,378.35486282569366,390.0063897903762,378.35486282569366,386.7124938964844,667544
2018-12-13,388.3840659154445,390.05560427765386,379.5348087173711,380.7147216796875,654908
2018-12-14,382.48459055918875,388.38409581202967,379.82980119283616,387.4991760253906,564640
2018-12-17,389.9080626984338,389.9080626984338,384.00855835293885,386.61419677734375,288405
2018-12-18,385.48345898123586,387.79410433161553,384.00858280096367,385.9259338378906,726131
2018-12-19,387.79411191350476,387.79411191350476,380.5180619498587,381.058837890625,641305
2018-12-20,380.32139735462664,384.0085878538239,379.23984548000857,380.7147216796875,862497
2018-12-21,381.501320289261,381.501320289261,374.8152266785176,378.74822998046875,1139523
2018-12-24,378.5515407493662,381.2063297909604,376.83085192777816,378.6498718261719,1142259
2018-12-26,376.58501913614,379.5839217768192,373.19279220923454,378.3548583984375,1277067
2018-12-27,380.2230674308845,387.8924110847405,379.1414856318969,384.0577392578125,862693
2018-12-28,384.8443361375125,386.81083763030153,378.05991198867696,380.8621826171875,935219
2018-12-31,381.50129649457347,382.8778415631129,379.14150066187284,380.66552734375,380439
2019-01-01,381.30461506732564,382.38619685452426,378.6498561421258,379.9280700683594,244225
2019-01-02,379.485625033746,385.9259052072437,378.64985592564165,384.5985107421875,401487
2019-01-03,386.0733966963024,388.8756673039509,382.9761628695041,384.7460021972656,391423
2019-01-04,385.4343339272951,388.33493594284226,381.2555178069099,386.9092102050781,484014
2019-01-07,387.89246157952874,388.7773813461038,383.56616382682347,386.46673583984375,346567
2019-01-08,386.3192114667986,389.36729477567224,382.6812017164403,388.0890808105469,391569
2019-01-09,386.12253346660106,391.7762245753818,384.9426207108931,389.36724853515625,815426
2019-01-10,390.0063742358703,402.493669810891,388.4331671545909,399.8880615234375,1539299
2019-01-11,401.75623525359254,402.5428237977702,397.23327610849697,399.78973388671875,644793
2019-01-14,398.26571971797694,398.26571971797694,383.71362005664645,385.48345947265625,976187
2019-01-15,385.5326027439775,387.10580985413446,378.649847892667,381.0096435546875,668054
2019-01-16,379.92806179105276,383.369439216708,378.9939916365185,381.0096435546875,962874
2019-01-17,381.0096321080053,385.9258854255279,377.66658585337564,384.30352783203125,962821
2019-01-18,384.45103372426905,385.87675927901574,376.5850279191689,377.2733154296875,435544
2019-01-21,377.4699574197576,379.7314521515884,375.60178699358886,377.4208068847656,900424
2019-01-22,378.4532081710497,382.97616762827977,374.7168673187123,377.4208068847656,1365759
2019-01-23,378.55154511635794,382.9761735657699,365.031847076488,367.0966796875,1355788
2019-01-24,364.98271570106385,368.1291003152941,354.0686256182759,355.15020751953125,1229942
2019-01-25,357.85411893076764,362.5737104815825,351.0205142831863,353.38031005859375,1351651
2019-01-28,354.9535121637437,363.3111433365743,338.63154410728265,361.1479797363281,1405014
2019-01-29,360.3122443046211,360.3613948388616,351.7088003623563,354.2652282714844,793151
2019-01-30,356.2317681337617,365.76931330587024,352.00380151478913,364.19610595703125,943004
2019-01-31,366.7525522131034,368.2274284284376,356.9200441108754,365.3760070800781,892055
2019-02-01,366.6050411210879,370.8330072625819,361.8362690735873,369.1614990234375,854153
2019-02-04,366.3100971598215,371.61967582736906,364.39277598003827,369.89898681640625,572950
2019-02-05,368.7190565952035,370.9805214730806,364.3927589991065,369.9481201171875,387625
2019-02-06,369.94812744606105,370.6855655738605,361.5413447917209,363.4095153808594,489165
2019-02-07,363.80279099989883,365.7692925728713,360.9513697203754,362.2295837402344,974999
2019-02-08,362.1312338352745,366.55586214445265,357.4607928422531,358.9356689453125,308347
2019-02-11,359.673116791104,360.2139227141445,345.36683020442587,350.6272277832031,693813
2019-02-12,349.34899217091186,354.26524609961274,345.46516957109776,347.4316711425781,495884
2019-02-14,352.00379198947104,355.64183200981273,347.6283138574195,353.4786682128906,922903
2019-02-15,350.0372649848544,355.8876189162469,348.07076349617546,352.4953918457031,645076
2019-02-18,353.42949738795204,356.7233634260421,343.1545149520027,344.72772216796875,433200
2019-02-19,345.80931642352147,348.0707812482675,340.2539254295256,340.9913635253906,345475
2019-02-20,342.7612508083194,343.89198327957433,339.9589798968201,340.499755859375,480124
2019-02-21,341.58131500061364,351.70881603935965,340.4505826048012,350.873046875,546373
2019-02-22,352.3478908805626,357.9032512796336,350.18472735926764,356.4283752441406,487266
2019-02-25,356.8708861805629,358.7882072169211,348.0707796087846,348.6607360839844,480503
2019-02-26,345.12102872448605,349.79146999639863,340.54891853326876,347.77581787109375,619615
2019-02-27,349.3489557351902,351.5121192407822,342.22038828205547,344.1868896484375,429691
2019-02-28,345.9568033337255,350.2831008943622,342.3187633358984,346.35009765625,1177853
2019-03-01,345.90761000089026,357.9032814362154,345.90761000089026,356.8708801269531,1162447
2019-03-05,354.06863812277857,372.6520732408923,354.06863812277857,369.9972839355469,1316987
2019-03-06,373.4386172202257,385.3359571172356,369.7514269632865,383.5169372558594,1444943
2019-03-07,384.05775206242373,387.4007986382185,377.863254283385,384.54937744140625,912620
2019-03-08,382.58285491255566,387.302446288997,378.55152102502905,385.1393127441406,408930
2019-03-11,384.4510675447393,385.4343183568742,378.8465259129971,383.9594421386719,1312055
2019-03-12,361.39383984076017,370.5380907983498,361.39383984076017,365.32684326171875,16596749
2019-03-13,361.3446675250873,364.6385636929291,359.1815037713435,360.01727294921875,21171413
2019-03-14,364.9357660765242,364.9357660765242,361.5283700068454,362.07159423828125,5356136
2019-03-15,362.4666677715992,367.6518176511657,361.7259320745183,365.52838134765625,7977181
2019-03-18,367.40488656630293,369.6764638624845,361.62714240266223,362.9111022949219,2776286
2019-03-19,363.4543046295456,364.29381108955687,358.022243011441,359.65185546875,3010431
2019-03-20,359.50371602545516,362.0716057394736,357.8247030976629,359.454345703125,1211115
2019-03-22,359.79995849792823,362.91107211699114,357.08392797631427,358.5653991699219,1646283
2019-03-25,356.4420209965625,358.0222632209709,351.00995907183056,354.8124084472656,2130928
2019-03-26,357.7259526013443,365.67650327670685,356.5901338129116,364.9851379394531,4061590
2019-03-27,365.4789694653911,371.10857264357423,365.4789694653911,367.1086120605469,3879051
2019-03-28,367.35553236639,368.59009185123386,363.55308312494833,366.96044921875,1740501
2019-04-01,373.5283178429291,382.7134280601275,372.49126982446376,379.1085205078125,2756796
2019-04-02,379.7011102556712,379.7504805766149,374.41718986842056,375.552978515625,1180504
2019-04-03,375.8986601207901,387.00969495668744,374.46655913014115,379.89862060546875,3425894
2019-04-04,380.39243621637127,381.182572316564,372.83693871815194,373.6270446777344,1219612
2019-04-05,375.30604736372226,383.6516807363436,375.30604736372226,381.4294738769531,1680426
2019-04-08,383.10849274535434,385.1825587049651,376.9356953302107,380.6393737792969,1769899
2019-04-09,381.2319255996234,381.5776082442216,373.92334030795973,377.034423828125,1529577
2019-04-10,377.0344728856105,380.04678602203364,371.05921693672684,372.39251708984375,1968507
2019-04-11,373.97276578797675,392.5405591533237,368.98515735651233,389.23193359375,5562186
2019-04-12,391.1578158737041,401.9725690379732,390.31833953488626,400.34295654296875,4538289
2019-04-15,402.36757540063223,402.96016991392156,395.45404307367767,400.4416809082031,1802086
2019-04-16,402.0713166130423,407.55274836359314,398.76269135018794,403.5033874511719,2172703
2019-04-18,404.2935396399278,408.5898126063948,391.009667739836,401.3305969238281,2288968
2019-04-22,399.9972555305764,401.8737798370421,391.20719841247114,392.3429870605469,836332
2019-04-23,394.17015990484464,398.021979484638,391.94795282335474,392.8861999511719,1102870
2019-04-24,392.68864256376634,395.94786717897045,392.392330236542,395.0589904785156,1039080
2019-04-25,395.8491488633012,397.034338048048,391.50350542025114,394.170166015625,926294
2019-04-26,394.1701542771969,400.78737496323504,388.34303959705187,394.7133483886719,3066741
2019-04-30,395.05898103949716,401.37991870800744,390.12074377650345,399.5527648925781,2753067
2019-05-02,400.4417111143105,412.83667580779775,400.0960284437655,412.04656982421875,3487135
2019-05-03,397.03428356145326,414.6143964987268,396.14540686518376,409.1329650878906,10118251
2019-05-06,406.5157659480985,407.89846658637026,402.96022849210425,406.0219421386719,5075321
2019-05-07,406.9107632459339,407.70086917657545,401.03424866223065,404.1947326660156,2589598
2019-05-08,402.66391439196053,408.2934872894767,401.08367229874847,405.1824035644531,3893612
2019-05-09,405.9231287854503,406.71323474144066,401.972538724278,404.49102783203125,3527797
2019-05-10,405.3305459497042,406.86141772696953,403.8984750955527,404.98486328125,2393114
2019-05-13,404.8861145411929,404.8861145411929,390.36768388139035,397.67626953125,3435597
2019-05-14,391.79977595374106,391.79977595374106,382.07144203454186,386.21954345703125,6988271
2019-05-15,385.7257163809999,389.9232182267515,382.6640332648217,383.5035095214844,1668299
2019-05-16,383.1578869330478,384.6887286106838,372.73818698258896,375.2073059082031,2766863
2019-05-17,375.05915338707234,379.256655432879,369.6270919160285,377.8245544433594,2239697
2019-05-20,389.13313381295495,394.071371551698,386.1701911697091,392.14544677734375,3901916
2019-05-21,395.0589983786023,399.00958836238834,391.1577787133698,398.219482421875,2174571
2019-05-22,399.0096096256779,400.9849047228347,391.40471144537963,393.1824951171875,1088291
2019-05-23,399.9972287814946,406.66384926118616,395.0589913891305,401.2811584472656,3772524
2019-05-24,402.960197957675,404.9354930457028,394.9602468230401,402.91082763671875,1994086
2019-05-27,403.9478693914112,418.71321310389493,401.57752117371615,417.3798828125,4152835
2019-05-28,418.76255895791974,420.7378540473439,409.9725018381045,419.7008361816406,1929443
2019-05-29,419.75021650524576,421.6267408567939,411.30584185297323,420.3921813964844,2095188
2019-05-30,419.7501989842747,431.6019693085366,418.16995691291766,430.2192687988281,2306375
2019-05-31,431.60193392932155,439.5031134978217,430.6636567993189,436.1944885253906,2807954
2019-06-03,436.54020787144566,446.41668316265486,435.55256034232474,438.5155029296875,3134716
2019-06-04,437.0340258233714,439.5031446133339,429.9229516520352,437.2315673828125,1252624
2019-06-06,435.7006910906598,446.21913099774133,434.56490248728096,436.787109375,1596991
2019-06-07,439.4537880860184,447.4043387829814,429.3797710505545,445.8240966796875,1902550
2019-06-10,447.4043094088579,448.39195689099665,436.78709897586623,444.5895080566406,1453151
2019-06-11,444.44139398105347,444.5895350842583,439.00933249906285,439.7994384765625,895285
2019-06-12,440.49078160847944,443.84877705450293,434.66366743146676,435.503173828125,641601
2019-06-13,439.3056126844913,448.04629942069687,435.05874032889847,446.41668701171875,1796357
2019-06-14,449.0833365948764,454.2190855824278,439.651284753431,442.6142272949219,1478647
2019-06-17,443.9475613918879,445.37966235584787,434.66368070792157,437.87353515625,985932
2019-06-18,437.87353940186,439.65129290346556,434.6142844614355,436.2439270019531,913332
2019-06-19,437.52786628755945,439.7007029619364,430.71310419517573,431.7501220703125,959725
2019-06-20,430.6636956295013,436.5402105196642,424.1452460102484,435.0093688964844,881140
2019-06-21,432.68839213054997,438.4167357907952,430.7624673765203,432.7377624511719,978609
2019-06-24,433.13279407975176,436.78710184390377,430.21925207267697,434.6636657714844,479020
2019-06-25,434.6636842856556,436.7377501282309,430.61432338169647,432.0957946777344,1034858
2019-06-26,432.58959587887307,440.8364583581104,431.60194839969756,436.29327392578125,2378103
2019-06-27,438.41670642776387,451.20675323576165,433.6266101644291,449.5277404785156,2356422
2019-06-28,452.29321454092343,464.8363205346335,450.7129724084764,458.3178405761719,4027131
2019-07-01,465.18197173584764,472.836239848274,461.47829361693164,463.70050048828125,2471465
2019-07-02,463.2066896897484,471.1078698976758,462.81163670747407,463.9967956542969,1540850
2019-07-03,466.07089281054755,478.9597119753233,464.3919099878887,473.3301086425781,2400197
2019-07-04,475.5522834242507,485.42875867709074,473.77452993498366,483.05841064453125,2192930
2019-07-05,485.1325030893913,488.78678104904407,463.40425634116406,467.8980407714844,2788311
2019-07-08,457.9722128408719,462.4166271249582,442.1204504765961,457.033935546875,2834536
2019-07-09,459.6511851183179,459.84872669374926,447.50313174460763,450.1203918457031,2053510
2019-07-10,452.34259893654865,454.3178941284113,448.490779340539,450.1203918457031,790156
2019-07-11,454.0709641186858,465.0832283459705,447.1574312229146,462.0215148925781,1728011
2019-07-12,465.18201329736553,479.0090795100261,463.3054889109127,475.7992248535156,2266998
2019-07-15,476.1942642205329,488.3917175940268,476.144893898861,485.0337219238281,2167991
2019-07-16,487.30526105553867,492.29289891852693,475.74980361319393,484.9842834472656,2191685
2019-07-17,486.21890575475646,497.5768532559275,480.5893324689786,491.0090026855469,2760727
2019-07-18,492.63859954451993,504.1940882561957,491.35466975016135,497.3299255371094,3115748
2019-07-19,499.74967474933936,503.1570709516024,479.0090755996632,481.57696533203125,2396384
2019-07-22,479.8485677367932,491.65093786364105,473.13254631884826,484.5892639160156,2024584
2019-07-23,484.93495522068133,505.23110065890705,475.45353255280634,502.2681579589844,10256139
2019-07-24,505.57675579010134,526.4161243389589,490.86081387704047,493.3793029785156,7088915
2019-07-25,492.68796398510534,504.39159294956136,492.045999134863,495.0089416503906,2630537
2019-07-26,498.4657384011934,501.72496331134124,488.9843157435654,492.9349060058594,1706982
2019-07-29,493.62622510032605,496.4904270594614,472.4905739152617,479.354736328125,2481978
2019-07-30,481.0830972749213,485.7250223826311,469.2313274228137,477.13250732421875,2274640
2019-07-31,475.25600025438246,489.37934778091756,471.3547804812167,487.404052734375,1798489
2019-08-01,486.91021521724804,495.79904267557504,475.1572160504709,481.922607421875,2626100
2019-08-02,482.9102701756268,492.19415089732,474.4658657390348,488.2435607910156,2215370
2019-08-05,485.428780278509,488.391722986211,477.3300581545455,481.13250732421875,2996132
2019-08-06,479.05840861163637,511.60140584674156,479.05840861163637,505.7742614746094,5029677
2019-08-07,510.6137766167367,518.3174153489073,504.78666217669877,511.7001647949219,4417521
2019-08-08,534.7123972885834,538.811098372678,509.9224080967253,516.44091796875,10168512
2019-08-09,517.8235986132686,528.7865225913318,517.8235986132686,520.2433471679688,2861762
2019-08-13,523.1569421763645,530.366757550508,509.6261580932257,512.9347534179688,3543626
2019-08-14,481.47819637099366,533.8728885557358,475.3053989816219,510.6138000488281,31957442
2019-08-16,508.6384844298493,536.2926156221517,507.2557537577453,533.4778442382812,11397991
2019-08-19,538.9592648081206,553.082612316384,513.5767114366423,518.0704956054688,13762429
2019-08-20,519.5025959884446,526.3173879950779,510.21868517958484,521.379150390625,10083216
2019-08-21,523.4531659557016,532.3419933021191,518.6136691768313,524.14453125,6505412
2019-08-22,527.3544248419228,531.7000379217272,518.9100502902124,521.92236328125,5344682
2019-08-23,523.45318602446,525.2309395056575,506.41626629064507,510.8113098144531,4611285
2019-08-26,523.2063003258842,530.1692036397149,510.7125344500677,519.897705078125,4813908
2019-08-27,528.3914268473551,562.7121784042628,527.4037793205376,548.3419189453125,94765364
2019-08-28,550.0209397467936,550.5147635173397,531.4531177492806,540.9345703125,7523593
2019-08-29,537.5270947581765,542.9591554309739,533.3295933291967,535.0086059570312,2790568
2019-08-30,535.3049980796083,552.4900903961302,535.3049980796083,550.2678833007812,4299020
2019-09-03,544.5888724464647,550.0703041846592,528.3914288332921,530.1198120117188,4903625
2019-09-04,532.3420425269112,536.0950912528598,522.0704836421027,529.033447265625,2330167
2019-09-05,532.144498636976,540.6383039073467,520.4902693677196,521.9717407226562,3656775
2019-09-06,525.3297874057488,529.3791184906682,521.4779376176732,523.3544921875,1641066
2019-09-09,527.4037853061748,533.0827586498275,522.7618298212057,524.3421020507812,3086676
2019-09-11,527.1075442299069,533.8235359562752,526.4161788430985,531.2556762695312,2505388
2019-09-12,533.2802726491943,539.1567872529481,529.5765945730325,531.2061767578125,1990091
2019-09-13,532.0457186443133,536.2925908248036,526.2679446186294,533.7247314453125,1414823
2019-09-16,530.366733008978,533.3296756514862,526.959336913849,531.0087280273438,1320333
2019-09-17,531.9469101964577,531.9469101964577,517.6260216938961,524.14453125,1952479
2019-09-18,527.2555855688595,533.3296417119552,526.4161093193928,532.4407348632812,1460223
2019-09-19,534.0210167009682,534.0210167009682,522.5642695023145,525.8729248046875,1092159
2019-09-20,529.3790514474917,559.9961234528505,529.3790514474917,556.885009765625,8964556
2019-09-23,557.0332410497573,559.6999016003895,533.3296988774272,534.0704345703125,5216335
2019-09-24,534.4160589976693,548.0950135753392,533.4778420610229,544.2431640625,2548423
2019-09-25,544.983911796035,555.7492943173497,543.3048988870379,550.9591674804688,3790845
2019-09-26,550.0209672766756,569.8726597337675,549.5271434814124,562.2677612304688,4460160
2019-09-27,560.094862916918,578.3663413335006,560.094862916918,575.1071166992188,3937172
2019-09-30,577.7737733523046,601.4773127718864,577.7737733523046,593.7243041992188,5522478
2019-10-01,596.7366148142122,600.4896631526728,583.057661154257,590.8107299804688,3176809
2019-10-03,588.9342596612648,590.465101405392,568.3912013641238,585.5762939453125,3634620
2019-10-04,585.9218767247561,587.3539776495223,574.8602127185463,577.2305908203125,2889488
2019-10-07,577.2799331853585,577.2799331853585,564.9837104051498,568.3417358398438,3237005
2019-10-09,568.0948867433408,579.5022039684522,566.6134154080997,573.3294067382812,1579192
2019-10-10,570.3664555876181,581.7244023222634,567.8973367322604,576.588623046875,1556208
2019-10-11,577.7737715725917,592.2922014786081,576.786124099818,583.35400390625,4147792
2019-10-14,578.7614244387789,582.4157321783391,572.8355395469143,575.1071166992188,1659110
2019-10-15,573.8232415696832,588.4897839585873,573.428158426853,585.4281005859375,1429097
2019-10-16,587.4527967305783,608.2427672314321,586.6626906848912,603.0576171875,3769552
2019-10-17,605.3785550171937,614.3167529516447,602.4649827982369,607.5513916015625,2893199
2019-10-18,608.0945875562143,608.8846935126386,599.5020421122006,600.9341430664062,1922910
2019-10-22,602.4156013620216,616.53894847796,598.0205579549937,603.7489013671875,2673829
2019-10-23,607.2057154183827,618.168639640091,593.5761909763356,600.341552734375,5606504
2019-10-24,602.3663308897699,611.2551598141763,600.0946930507715,607.7489624023438,2865137
2019-10-25,609.7735931604955,612.1439110016684,600.5884231471385,602.9588012695312,1982250
2019-10-27,607.3045235848285,614.3167973195555,604.7859740203555,611.995849609375,889965
2019-10-29,613.1809037478059,613.3290749798532,601.5760460489117,603.2056884765625,2288088
2019-10-30,574.0207591643727,635.6993597562375,573.92195824218,624.6376953125,27156751
2019-10-31,629.0327455737536,638.4153972520107,614.316773039577,618.4649047851562,4487728
2019-11-01,618.2672905461654,628.1437648360403,600.5883774548034,605.131591796875,4002384
2019-11-04,604.9340965865679,608.0945806576315,581.1318158374455,585.9712524414062,12053809
2019-11-05,588.6379756302783,594.5638612909858,572.9837851223998,576.4405517578125,6170402
2019-11-06,576.7861490735272,583.6009410432197,572.9342996504453,577.7244262695312,3840924
2019-11-07,580.6380333533476,581.477509679461,569.0331743491291,572.9837646484375,3217588
2019-11-08,572.8355821081342,577.9713614522448,559.5023401107896,560.8850708007812,3630548
2019-11-11,562.909759424144,576.7861960923818,558.0208917674585,563.94677734375,3419720
2019-11-13,564.9343795693486,585.6749774206709,564.9343795693486,581.87255859375,6532837
2019-11-14,585.1811732428359,587.5515514747896,574.3170501952895,579.1071166992188,2663642
2019-11-15,581.0824067883161,581.0824067883161,568.983724407871,570.366455078125,1959586
2019-11-18,567.847978487284,567.847978487284,560.4899920855984,563.403564453125,3112232
2019-11-19,563.9467949271199,570.3665045015966,558.613473629679,563.6505126953125,3791275
2019-11-20,564.9343529577942,572.3417089843387,561.4775868120735,567.6010131835938,3822519
2019-11-21,569.2800666884593,585.0329967408702,565.9220409369034,581.9713134765625,3752775
2019-11-22,584.4897542511444,586.5638500840272,574.0700856136688,579.156494140625,2275245
2019-11-25,578.6133098283365,592.440375929167,577.77383349899,590.4157104492188,3802000
2019-11-26,592.5884565519751,600.2427241157715,584.6872771312821,590.2180786132812,5918113
2019-11-27,590.7119549301087,591.995944925283,575.5515896791061,577.7244262695312,2154255
2019-11-28,580.736686058022,581.3786809969326,567.8972695295283,569.0824584960938,2761394
2019-11-29,570.3664368156373,575.7984981186434,563.1566220515278,564.4405517578125,2142174
2019-12-02,562.9591416060584,571.6997989027145,559.0085511386476,562.3665771484375,2550584
2019-12-03,565.5269744170304,579.2059294289952,564.4405862026206,577.5269165039062,4622846
2019-12-04,577.6751112704599,580.736794749335,569.9714116865591,576.4405517578125,2198714
2019-12-05,578.2182149933071,578.465126857231,567.8972870250434,568.7861938476562,1929160
2019-12-06,570.6134309453549,572.0455320970067,564.1937212073285,567.8973999023438,2127676
2019-12-09,569.5762929416314,569.6256632575822,563.0577836432963,565.4281616210938,1591039
2019-12-10,570.0208223849326,579.2553031045444,562.020840853629,563.4529418945312,4061646
2019-12-11,566.3170684330719,567.8972802307928,558.5146295139363,565.4281616210938,2289830
2019-12-12,569.6257116579552,578.415798767853,563.9961086932578,575.6997680664062,2941825
2019-12-13,578.4651871428744,587.749038025215,578.4651871428744,581.6256713867188,2095278
2019-12-16,581.2305648221012,587.5515330549997,579.3540104238662,584.7860717773438,1408707
2019-12-17,587.7984657125203,592.5885322356023,578.959008050428,588.2428588867188,1636039
2019-12-18,591.6008276428071,597.3291708458763,580.9342471472269,594.0699462890625,3092926
2019-12-19,594.5638270923689,601.7242718538633,591.1070606557854,597.773681640625,2743666
2019-12-20,598.5143419664158,608.3908162562907,595.5513996794533,605.131591796875,3239394
2019-12-23,607.5019843467466,613.3291290085925,601.4773583997309,608.5390625,2325450
2019-12-24,610.4649144936395,619.8475660334522,605.8230193252356,617.5759887695312,2938173
2019-12-26,620.143820545443,631.1066824664119,615.4030648465466,627.7486572265625,3006668
2019-12-27,631.1068055259917,631.1068055259917,620.7858762275769,623.6007080078125,2494965
2019-12-30,624.8845961968713,630.8598516197654,621.2302883269392,628.2919921875,1799682
2019-12-31,630.0203705851083,638.0202913016345,613.0821916803245,618.3167114257812,2217822
2020-01-01,615.3044011606157,618.2673437023201,608.7365210806828,613.7735595703125,1749377
2020-01-02,615.0080890980558,630.9091891872281,610.7612170507507,626.4154052734375,1973981
2020-01-03,623.2055839570155,629.5759225053718,618.6624294859819,622.9093017578125,2401828
2020-01-06,619.6501032055022,619.6501032055022,603.9464828903051,611.8970336914062,4175516
2020-01-07,615.8969810616686,635.7487327595879,615.8969810616686,622.1685791015625,2827658
2020-01-08,614.3167311748974,623.9956644008306,610.8599650026914,621.0820922851562,2248332
2020-01-09,627.1561681365363,628.6376393998509,620.0450940163819,623.6994018554688,1338705
2020-01-10,624.5883691888798,626.1685812435657,611.1069552751676,615.4031982421875,2181852
2020-01-13,620.1438622945722,625.2302105288326,615.8969300049658,617.6747436523438,1161466
2020-01-14,618.7612196876113,619.2550434862446,605.1810652251936,606.6625366210938,2109229
2020-01-15,606.4155928468439,612.8353018916395,605.1810334151525,608.93408203125,1621297
2020-01-16,616.2920331790124,617.2796806680813,598.3168368217141,599.995849609375,3196222
2020-01-17,599.995932747527,603.9958935762652,594.2675885734258,600.1441040039062,2313300
2020-01-20,603.4526751813559,604.884776237622,589.7243496203866,590.8601684570312,1870028
2020-01-21,588.3416750797278,602.1687411907379,586.8108333879679,594.5638427734375,1597879
2020-01-22,597.4280814483841,608.8847699579732,595.2058742587565,605.1810913085938,2066862
2020-01-23,606.7118563091552,614.2180135906614,603.946455323851,608.390869140625,1685313
2020-01-24,600.3909574091288,603.6995525210912,595.353918838993,599.7489624023438,2188192
2020-01-27,597.3292146231512,598.2181215134365,590.7119641099757,592.292236328125,1531808
2020-01-28,593.5761446808683,604.3415264922269,591.6008496902497,596.2921752929688,1651481
2020-01-29,598.4650177068255,603.4526255507967,594.810709882107,597.5761108398438,1324538
2020-01-30,598.4157115551668,601.0329415553089,589.7737949598154,593.0330200195312,1060111
2020-01-31,595.6501900045806,596.9835503136842,589.9218464947842,591.7984008789062,1260667
2020-02-03,546.1690860651865,565.9220367366219,520.9840739591066,558.317138671875,9688974
2020-02-04,560.9837738706472,571.3047021891238,548.6875505737528,566.020751953125,3116053
2020-02-05,567.3047225065544,579.107061373867,558.0208123131063,576.242919921875,2739852
2020-02-06,579.7491360078927,591.3046248806495,579.7491360078927,586.3170166015625,2299958
2020-02-07,586.168838074871,592.5885473376961,581.7244239698383,588.3416748046875,1185529
2020-02-10,588.6379429330359,591.5021449557696,577.279996047583,580.7861328125,1366499
2020-02-11,582.4651557248989,587.1564816930096,568.6874600359922,576.2923583984375,1545054
2020-02-12,578.3663155066189,587.3539433600031,556.6380718733875,571.2058715820312,3303107
2020-02-13,569.3788250732671,575.0577986104245,561.4776444998305,570.0701904296875,2107487
2020-02-14,571.7491576727625,574.3170170414577,564.9343658602129,566.8602905273438,2332181
2020-02-17,567.7985562596454,567.8972968944443,557.0825450103847,558.9097290039062,918309
2020-02-18,557.8233494600132,558.3665435808821,549.1320626824355,555.6505126953125,1231246
2020-02-19,558.9097562217879,574.6626859560679,556.0455542985256,571.9466552734375,1752251
2020-02-20,574.9096387265398,576.489911041199,565.0331628145138,566.4158935546875,3708209
2020-02-24,565.1812560791637,571.2553120394213,549.1319849366798,553.8726806640625,1576359
2020-02-25,562.9590947634301,575.3046889468386,559.0085046247393,562.4652709960938,3582636
2020-02-26,558.3170979046658,564.3911539051053,548.1443411079155,550.1690063476562,2313470
2020-02-27,552.09499178928,562.2677497069701,537.5271901275771,559.6998901367188,2985262
2020-02-28,547.1567014046948,558.020823634752,534.5641960925832,537.3789672851562,4380818
2020-03-02,548.1443975120111,557.2801374705447,544.1444369377627,547.6505737304688,2299648
2020-03-03,553.0826014169255,565.9220189498184,552.7369489035277,556.5393676757812,2844292
2020-03-04,560.3912261830894,562.9590856190389,553.2307816730226,561.5763549804688,1735962
2020-03-05,564.9343379708671,565.724443869828,549.5270619568754,557.971435546875,3821330
2020-03-06,534.3172639905399,549.6257992804723,528.391379362179,541.3789672851562,3494853
2020-03-09,531.3544026549142,533.6259800523984,499.94722139438176,511.25579833984375,4577587
2020-03-11,508.63849139345444,519.5026145105962,501.7743288222885,507.2063903808594,2971154
2020-03-12,488.88555017502273,491.8484929033562,447.70063419494267,467.05853271484375,4797510
2020-03-13,429.62670018234724,518.514982978695,423.79958544937585,500.8854675292969,7973623
2020-03-16,487.89787719423117,494.21881532409105,465.1819841264836,468.34246826171875,4058756
2020-03-17,469.1325404079766,479.99666239637185,454.3178286056194,459.2066955566406,3291793
2020-03-18,459.25610122362787,464.1943388711938,405.7749935286114,414.2687683105469,4743183
2020-03-19,380.5899839408472,427.2069295452847,380.5899839408472,411.7996520996094,8358736
2020-03-20,419.8489572883899,436.5401939709208,406.2194037361537,412.9354248046875,4857316
2020-03-23,372.8369529012919,389.5281905924592,335.80016950050134,338.0717468261719,4439246
2020-03-24,357.52842923454614,403.9478661793629,341.5779266103539,386.46649169921875,5260142
2020-03-25,385.18252997545807,434.5649056133373,380.8368869474467,428.935302734375,6171029
2020-03-26,442.4661050673943,480.9843597496005,428.6390392840383,471.5523376464844,6462048
2020-03-27,444.63892040441397,477.82385257912836,434.56490376098355,435.55255126953125,14440511
2020-03-30,426.6637606534091,438.4167609951374,401.9725708007812,407.4046325683594,7106515
2020-03-31,423.7008307267028,442.6636771651223,409.28116938713515,435.8982849121094,5414961
2020-04-01,432.6883823232823,441.8734921559791,418.81191665401093,424.58966064453125,7414297
2020-04-03,423.20698412464407,436.54022633160486,411.0589310589913,417.08355712890625,6997591
2020-04-07,431.5031794038177,470.1202020270158,427.89827211807693,464.6881408691406,6387600
2020-04-08,459.20674163035784,494.36697038987313,451.74998452397887,470.71282958984375,7175190
2020-04-09,482.8608909540979,488.2929525892016,458.4166135961311,466.41656494140625,3633315
2020-04-13,467.1572534178986,476.7868162526227,447.70058619816115,471.89794921875,4143591
2020-04-15,475.74985851731236,482.6633916815795,462.71289820844936,465.8733825683594,3951803
2020-04-16,464.19436213153153,488.29295703108863,456.29318149950547,483.6510314941406,5065255
2020-04-17,498.7619846932944,512.5396792970064,485.4287435183251,489.37933349609375,6523417
2020-04-20,497.4780553517005,508.9347421826857,489.87315758297893,502.0212097167969,4164522
2020-04-21,489.8731589003884,496.63855028832415,482.86085563800685,490.2188415527344,2902453
2020-04-22,493.32994913292566,502.7126008181365,484.2929801168712,497.4286804199219,2103572
2020-04-23,498.76200462192935,505.5767665777504,480.2929836816651,482.4658203125,2996470
2020-04-24,472.3424167134679,472.836240463299,445.57716344449915,447.75,4401783
2020-04-27,453.33019289249853,485.3299651862001,453.33019289249853,478.7621154785156,5612310
2020-04-28,488.88552301693335,490.46576507904956,465.3301236070863,480.14483642578125,5790711
2020-04-29,481.9719884736004,498.95953782850415,478.7621340421676,486.7620849609375,4230028
2020-04-30,493.82376096680764,504.3916015077415,487.0583694134403,494.86077880859375,3751397
2020-05-04,482.95965945200004,482.95965945200004,466.2684216258508,473.0338134765625,2476309
2020-05-05,477.0337839280006,483.8485462417067,469.2807443515659,471.6510925292969,2499854
2020-05-06,472.09554836172197,492.8361477667348,463.65117351735455,484.9349670410156,5449822
2020-05-07,483.6510041814685,495.7990566609406,482.86086807851905,488.4410705566406,2443348
2020-05-08,493.5274950123484,520.8359137240155,492.83612966799245,513.6260986328125,9179719
2020-05-11,523.206308875769,532.3420490496262,516.0458638746376,518.7125244140625,5445590
2020-05-12,515.0088342549678,529.9716586794079,510.91007275226906,520.292724609375,3693348
2020-05-13,526.4161553532822,531.3543932083787,508.638499074935,510.36688232421875,3651773
2020-05-14,508.6384792135219,516.5396594731494,485.3299914194986,488.8855285644531,4151383
2020-05-15,492.9348988370835,494.8114231562604,479.0090623368988,481.2806396484375,3513975
2020-05-18,481.2806230110698,484.8361601006372,458.26844791962577,463.5523681640625,4108131
2020-05-19,469.1325840143912,479.947336691599,459.50302044778005,465.9227294921875,5129782
2020-05-20,468.2930998933765,476.78687521586767,466.66348739409113,473.3301086425781,3112785
2020-05-21,474.0708237731569,490.416378661591,474.0708237731569,487.7003479003906,4216268
2020-05-22,486.9101972690792,498.46568459519733,484.243537073634,488.6385803222656,4602359
2020-05-26,495.7990412868031,508.539718053872,490.8608038237872,501.1817321777344,4215615
2020-05-27,500.53977429281116,503.70025855962604,489.132456964029,497.0830078125,1859456
2020-05-28,499.7496779060878,516.8359690667902,495.2558934515172,510.416259765625,3346486
2020-05-29,510.021251934022,534.1198175446149,505.42866641686425,516.7372436523438,27246641
2020-06-01,514.5643812127607,522.1199091952647,507.0088532302567,509.7248840332031,3151262
2020-06-02,509.6261394623361,515.7989366941958,490.86083587748266,493.5274963378906,5909622
2020-06-03,495.8978401535978,513.3298133573311,488.34234243533507,495.1571044921875,13732855
2020-06-04,514.7125877006084,518.4656366472121,505.9718699857626,511.2063903808594,11739480
2020-06-05,511.2063163555058,514.8112538039828,505.37923233729515,509.8730163574219,3558200
2020-06-08,513.5767748159855,523.2557096697334,509.87309615144716,515.6014404296875,8429754
2020-06-09,518.5150011792183,524.4408869069807,495.30528207881514,500.5892028808594,9173485
2020-06-10,501.1817503884261,501.675574152671,492.83611671644246,495.5027770996094,3358845
2020-06-11,493.8237567714014,503.206408150058,490.860814230773,495.453369140625,2482917
2020-06-12,481.9719894435788,497.922490852985,480.2436062847135,496.0953369140625,8115108
2020-06-15,501.6261555277508,501.6261555277508,489.18179109127294,493.7249755859375,3620015
2020-06-16,498.76200381177034,504.3916068021277,490.86082355336606,499.453369140625,3578749
2020-06-17,499.7496431535148,502.4163035032658,492.3916571022239,494.21881103515625,1857859
2020-06-18,493.8237912300781,511.5027070686047,492.49046096563444,509.5767822265625,4083990
2020-06-19,511.5520324945304,517.5272877877443,507.99646534099753,514.6630859375,4569531
2020-06-22,518.4655859895894,519.3050622825552,508.19402750448086,513.9718017578125,2765644
2020-06-23,517.774200744014,537.8728032126244,513.9717819898076,530.4160766601562,5813424
2020-06-24,535.9962868453725,538.8604283012758,517.2309851667408,520.7371215820312,3765172
2020-06-25,513.5767121414837,533.0827507276266,512.5890646181347,531.7494506835938,2654149
2020-06-26,534.7124140121232,540.6876697041105,528.39144550481,535.2062377929688,2586654
2020-06-29,536.7863757081901,537.8727637636508,526.0704252550205,530.564208984375,1691365
2020-06-30,533.8235016702954,547.6011970721471,530.366735239498,542.218505859375,3355423
2020-07-01,548.6875577263748,553.0826011668913,539.4037073755195,542.8604736328125,3419769
2020-07-02,542.7122990821725,545.6752415703372,538.9592506534077,541.1814575195312,1638017
2020-07-03,557.9714457481604,582.3169195192579,551.1072838305861,565.08251953125,15663461
2020-07-06,573.8232310426448,584.5391829315544,569.280076389564,577.4775390625,4862801
2020-07-07,582.4157762036517,583.6997059710321,565.0331430381495,575.4034423828125,3849675
2020-07-08,574.3170821661455,589.5268793918923,570.8603155494962,574.7615356445312,4280620
2020-07-09,576.8849260075416,582.6133301830366,575.7491674619498,577.9713745117188,2440595
2020-07-10,578.7614434994725,592.5885087025316,578.0207078635945,585.18115234375,3206846
2020-07-13,586.6132886772783,596.292222846955,576.7861832590008,592.8848266601562,2854213
2020-07-14,585.1811029163167,601.4772855291761,585.1811029163167,591.0576171875,3645874
2020-07-15,592.5884766074139,597.2304317304155,585.6749443803275,587.4526977539062,2310685
2020-07-16,586.66265450081,596.2922182741819,581.9713285599365,592.4403686523438,1767540
2020-07-17,593.3786402398295,608.390895163751,592.6379045720165,606.909423828125,2790602
2020-07-20,612.0452429526973,620.4402477334296,604.7366264428631,608.8353881835938,3020859
2020-07-21,614.3167717252128,624.6870709263618,593.9218258504641,619.699462890625,8306371
2020-07-22,619.2549837783548,619.2549837783548,598.4156455978231,602.1193237304688,5164659
2020-07-23,603.4032594117222,615.995765187616,603.1069772144158,615.0081176757812,2957797
2020-07-24,609.3785321986913,617.1809718774194,607.8970608886459,614.7118530273438,2789551
2020-07-27,616.8845888521718,629.6252653938042,605.9217259907433,625.6253051757812,3343985
2020-07-28,628.1437822471457,639.6004686284749,625.8228348371784,632.5881958007812,4307089
2020-07-29,632.5882230046121,634.7610595582958,621.2302767679954,629.8721923828125,2458334
2020-07-30,632.0450092010167,636.933876223846,616.2426497130623,627.2548828125,27847314
2020-07-31,620.9339708369263,630.0203395351011,611.4031487250222,619.3536987304688,3774399
2020-08-03,616.2919873289801,616.2919873289801,593.0822730625842,595.5513916015625,3634400
2020-08-04,597.7242637482634,608.2921037838603,593.5267619807634,606.563720703125,2248809
2020-08-05,608.8353714423423,610.5143844085661,595.8477814673699,597.5267944335938,2051992
2020-08-06,600.8847916328164,604.1933868023674,594.8107351070303,599.4033203125,2596325
2020-08-07,600.3909749908294,606.2674297395737,597.971226415993,599.4526977539062,1723752
2020-08-10,608.3908046576187,610.3167291636705,599.5019779661925,601.3291015625,2028319
2020-08-11,602.316856983506,606.3168779369253,598.6131785312473,601.23046875,1539043
2020-08-12,601.4773806468172,610.0699267123024,595.6502357694402,601.23046875,3419606
2020-08-13,602.4650010828079,606.4155912538428,590.6132305697035,592.3416137695312,2164005
2020-08-14,592.5884887747235,594.9588668423097,578.415771530682,580.4898071289062,3151495
2020-08-17,584.0947575998924,586.8601585530579,578.7120666503338,581.8231201171875,1335395
2020-08-18,583.2058059899023,593.2304514923925,581.7243348485223,590.2180786132812,2224729
2020-08-19,592.58845394296,600.4402630139472,591.5514362048028,595.995849609375,2344923
2020-08-20,591.6008657648104,592.5885132869553,582.8107787052322,587.6996459960938,1490688
2020-08-21,591.7984235705716,601.3786168546014,588.7861106015846,590.7119750976562,2008763
2020-08-24,592.3910218359782,597.971254920611,589.6749909203336,591.35400390625,1893376
2020-08-25,591.6008852234779,596.1440398622876,585.6749998956968,592.3909912109375,1802567
2020-08-26,595.5514465914795,595.5514465914795,581.3787289815997,584.7366943359375,2950978
2020-08-27,586.860132172778,592.588475378527,583.8478194791805,588.687255859375,2947058
2020-08-28,592.5885390398212,596.0453055175535,580.8849395062741,582.070068359375,3638604
2020-08-31,587.4033476477838,587.4033476477838,560.0454999802014,567.6997680664062,3754563
2020-09-01,574.3170627876135,578.7614768590569,563.6998513947212,572.1442260742188,3407301
2020-09-02,574.2183642924244,582.7121099177168,569.6751489616172,573.6751098632812,2500786
2020-09-03,576.489894195075,581.7244142192412,572.0948504864099,575.0084228515625,1896035
2020-09-04,562.9591114921552,573.8232346963898,562.0208342500903,567.5516967773438,2618737
2020-09-07,569.4775592726648,587.1564747181307,564.0949282929104,584.5391845703125,3374335
2020-09-08,586.1688381343603,587.798480752194,572.3417720284107,574.6627197265625,1896544
2020-09-09,581.625632960824,585.6749635711724,575.4528361272323,578.4651489257812,3391865
2020-09-10,582.3169313856177,595.5514317594257,580.1441551497786,594.168701171875,3792160
2020-09-11,600.4897078355599,605.1316633569805,594.1687394300651,597.3292236328125,4564379
2020-09-14,602.4649568406261,602.4649568406261,587.8477863374577,592.0452880859375,2269701
2020-09-15,594.5144367372502,594.5144367372502,583.749054656454,586.8601684570312,2371832
2020-09-16,587.156479627451,597.4774087772313,585.4774667043154,591.205810546875,2164876
2020-09-17,585.7737440209394,590.7119818234468,581.0330477867768,584.5391845703125,1532457
2020-09-18,586.662583955942,587.4526898578886,576.2922857547006,577.8724975585938,2587272
2020-09-21,579.7491316435719,582.5145328217427,570.119567702303,572.193603515625,1565889
2020-09-22,568.8850160488533,580.2429634178843,559.3048222987301,572.2430419921875,2359295
2020-09-23,574.0701671306145,578.8602338750421,568.4899340817149,573.08251953125,2210606
2020-09-24,567.6998166670579,573.6257021443367,565.6257808625002,570.5146484375,3043353
2020-09-25,570.1689135136285,573.3293977019075,564.1936579452449,570.366455078125,2059527
2020-09-28,572.0454569087448,576.0947876372359,569.9219906235478,574.020751953125,1591462
2020-09-29,579.5515045145135,579.5515045145135,556.786243126728,563.7491455078125,4157096
2020-09-30,564.736844447862,564.8850156895488,549.082655241725,552.4900512695312,4906751
2020-10-01,560.9838172127929,564.9344074748549,555.304843711079,562.1690063476562,1477355
2020-10-05,564.9343600478469,569.8232271429662,558.3664801760619,567.650390625,2490303
2020-10-06,570.3663847546015,578.9589293603943,568.6380017704967,574.8601684570312,5665979
2020-10-07,577.7737781715009,579.897244374704,567.8973033309624,571.7985229492188,2588117
2020-10-08,579.255311623107,579.255311623107,569.9714001632049,575.9467163085938,9288093
2020-10-09,579.7491180589926,581.7244131801476,561.5763788318774,566.712158203125,4555998
2020-10-12,569.3294003147874,569.8725943710292,553.2801288095375,556.4406127929688,2349521
2020-10-13,557.4283127813081,564.8850398807147,552.7863571447242,559.6998901367188,2122487
2020-10-14,557.9221035585424,567.6997777571602,551.1073116142651,565.280029296875,3958474
2020-10-15,565.9220334848759,566.9096810127727,553.1319859423679,554.5640869140625,1772762
2020-10-16,555.9961983516527,559.2554231988184,552.5888022600246,554.2184448242188,2117294
2020-10-19,558.9097871591421,567.2059906256645,557.3295148694064,563.4529418945312,3362350
2020-10-20,567.5022845770349,573.823253304236,559.9961869595556,563.94677734375,6496843
2020-10-21,567.4035584894564,570.3171310288069,549.1320774937124,555.7493286132812,3457773
2020-10-22,556.0455607718081,559.7986093388904,551.255494351893,554.1690063476562,2967121
2020-10-23,556.0455672582553,573.4775705219133,552.736972098426,557.5270385742188,21418349
2020-10-26,559.7492287673293,575.452848358248,556.5393743456375,571.5022583007812,8486218
2020-10-27,575.6997969843835,584.193542037614,572.8355948974068,580.04541015625,5959783
2020-10-28,583.4527613265689,587.4527216501347,576.4404881806247,578.9096069335938,4062087
2020-10-29,574.8108984779428,580.7367840292618,573.1812558388401,578.8602294921875,1671983
2020-10-30,582.7120608159574,590.8107828699832,576.7861754517274,582.4651489257812,3789450
2020-11-02,583.5022060704168,587.1565143471576,578.3664263529346,580.2429809570312,2206055
2020-11-03,583.1070930341756,594.1686965231629,582.7120099319042,591.6502075195312,3646651
2020-11-04,583.7984927717281,596.4404307211529,583.7984927717281,586.9096069335938,1919838
2020-11-05,592.7366753096296,595.0576228380869,582.7120290032718,584.7366943359375,2350192
2020-11-06,585.6750047280029,591.2058069670765,581.5762432299804,583.3046264648438,1990463
2020-11-09,588.6379081613638,591.600850652109,580.4898163118148,585.5267944335938,2978907
2020-11-10,587.6502637131118,607.5019543916047,583.107109316221,602.1193237304688,4801645
2020-11-11,609.3291316404078,619.0574353144573,606.6624713584129,615.7488403320312,6526986
2020-11-12,616.1438370571306,625.2795759620259,610.7612066840843,622.6129760742188,3555249
2020-11-13,617.2797214462462,622.563611749337,610.3168182445771,619.7488403320312,5036293
2020-11-14,630.1191693000733,631.3043584772589,625.872296672948,628.2426147460938,1080124
2020-11-17,630.8105266180102,665.6744744240328,627.1562184855502,661.7732543945312,9740753
2020-11-18,664.1929718585508,667.7484788965315,653.032566692488,656.5880737304688,3642631
2020-11-19,652.8350454133504,662.4646092450904,635.0573891085995,638.0697021484375,4212122
2020-11-20,639.3536039167224,660.2917435920587,639.3536039167224,655.69921875,3045488
2020-11-23,658.9584310453862,665.970704257273,647.8473965525387,653.1312866210938,3011294
2020-11-24,657.2794671180287,658.1683740560727,643.3536602968384,655.9461669921875,2108847
2020-11-25,664.1435837858158,679.9953143517141,653.6744839538618,656.8843383789062,6798974
2020-11-26,659.7485868763142,667.0572031188711,650.0202822751339,652.6375122070312,3804983
2020-11-27,655.5016299219926,655.8966527364571,634.2178392586234,638.8103637695312,9917761
2020-12-01,645.1807842670219,647.896815123102,631.6006299866216,633.9710083007812,4569057
2020-12-02,636.0450522879025,638.9092544308818,622.4155275094068,628.6376953125,6126982
2020-12-03,618.3660933649486,642.6622587302074,617.2797051962916,639.9462280273438,26754679
2020-12-04,643.946237824281,646.8598103123999,632.1932072238935,635.3043212890625,4452423
2020-12-07,637.1313847458271,643.3536122853394,633.9215303375345,641.5264282226562,4644396
2020-12-08,644.4894104715456,649.5758195752514,636.0450357948005,643.452392578125,4409047
2020-12-09,647.4029592886327,648.3906068237793,637.0326601695928,644.5387573242188,4512763
2020-12-10,647.9955437051158,652.8350408892501,637.6746748691374,651.30419921875,5582666
2020-12-11,655.6991836735411,660.0941667184065,647.1560088904663,656.291748046875,6275768
2020-12-14,659.2053911173748,659.748585231605,645.1807833870449,647.64990234375,2696137
2020-12-15,651.7485872496518,655.7485474326953,636.7857040198318,643.4029541015625,4819043
2020-12-16,647.3042010453769,647.6498535607902,639.2548497403301,640.6869506835938,2540833
2020-12-17,642.9585240672288,653.0325406480284,642.2177884404233,646.4646606445312,4660373
2020-12-18,648.1930391828697,648.1930391828697,632.0943970638925,646.0202026367188,2540821
2020-12-21,638.0203233873774,645.0820275497424,609.7736273003635,621.4278564453125,3004002
2020-12-22,622.2179447642544,635.3042745549312,612.9340338568707,633.3289794921875,3085304
2020-12-23,633.3290102056507,641.8721858788092,625.9216533611401,640.5881958007812,2940595
2020-12-24,643.6499763684395,655.4029470668428,640.9833156952798,649.1314086914062,3776278
2020-12-28,653.6745088138953,671.6003360126031,649.5758076378461,670.31640625,5624012
2020-12-29,674.5633341731863,677.8719296353368,661.8720861859329,664.8843994140625,4102480
2020-12-30,670.6126794144058,670.6126794144058,658.7609089387462,667.3534545898438,2886107
2020-12-31,668.3410962499343,670.6126735148744,661.2793922911551,668.1435546875,2959814
2021-01-01,668.1435262250532,672.3903983709789,666.6620549917382,670.0200805664062,1264311
2021-01-04,671.9460394070531,688.9829609852293,671.9460394070531,687.2545776367188,5031655
2021-01-05,682.5632295166967,706.1680311747483,681.7237531725455,704.9334716796875,6955494
2021-01-06,704.1926525231698,711.6000086156296,696.686555795298,710.1679077148438,3582162
2021-01-07,711.1062373112431,714.8592859519191,693.8224051543726,695.6001586914062,3284785
2021-01-08,706.5630985409895,713.0321780943431,699.3532230259235,708.143310546875,2841346
2021-01-11,711.995177823278,721.9703944549673,706.8593982551781,716.1432495117188,3216546
2021-01-12,718.0197455180706,718.0197455180706,705.3778693451108,709.5260009765625,1607350
2021-01-13,709.575354221084,715.7481510594587,699.797619916611,704.4395751953125,2639680
2021-01-14,704.1926553184509,709.6740867923859,693.8717270657446,698.1680297851562,1995368
2021-01-15,699.6495073680632,708.1432516858381,693.5260808620952,696.143310546875,2417123
2021-01-18,694.3161884897874,700.5383556476056,680.4891235696493,685.3779907226562,2381523
2021-01-19,686.4150060423539,692.8840850502503,685.1310763606767,689.921142578125,2016585
2021-01-20,691.3532734231687,703.056872582201,691.3532734231687,694.266845703125,2495461
2021-01-21,701.2297586336211,703.1063130861155,690.3656356125368,691.8471069335938,2254977
2021-01-22,694.019930684326,700.0445564987356,675.6496504761991,678.908935546875,2644349
2021-01-25,686.4150525930341,690.8594666026294,657.427620887386,671.9954223632812,3532317
2021-01-27,676.5385051986027,686.4149797270495,664.7361060808655,674.4150390625,3629780
2021-01-28,671.1064230826643,674.6125593736524,661.8225132056795,663.5015258789062,1964058
2021-01-29,665.3288110897598,676.4892165987836,659.8967494429478,669.57568359375,4598451
2021-02-01,669.9212922477365,704.4889550085198,660.2423587309612,690.4149780273438,8383807
2021-02-02,701.7235605206984,703.2050317955485,666.1682499242942,672.6373291015625,6702065
2021-02-03,676.5385140950738,686.414988753396,670.6126293000804,680.6866455078125,2902411
2021-02-04,676.785488905578,682.1188098295813,669.7732153584836,671.9954223632812,3379697
2021-02-05,674.1681824049432,676.4891902779186,664.094225785974,673.1311645507812,2759333
2021-02-08,677.3780342592678,682.8595262751077,668.8842896147437,675.6002807617188,3887493
2021-02-09,680.1928474175307,701.4272687334413,679.4521117902315,696.1927490234375,7331068
2021-02-10,701.2790804038921,714.9580341566985,701.229710086186,710.1679077148438,8514545
2021-02-11,712.0938597112684,717.4765507348168,701.5260192238029,705.3778686523438,3044979
2021-02-12,705.1310336943433,711.1062897673934,699.5014301774394,702.1680908203125,1760221
2021-02-15,704.6865558315635,708.4889749425515,685.624969390893,686.6619873046875,3871100
2021-02-16,687.7976981493666,695.3037945461858,678.4644178282635,686.7606201171875,3066134
2021-02-17,687.4026440177124,702.711179911785,684.4397015866016,694.4149169921875,3533494
2021-02-18,694.8099807813476,707.1062035848939,693.3285096069736,704.6370849609375,2949918
2021-02-19,706.4642287038852,714.5135797591867,694.4149174203612,701.8717041015625,3787638
2021-02-22,702.2174317861843,704.8347219946423,679.5509076912714,682.0693969726562,3110151
2021-02-23,684.9335976085497,704.0445541935732,681.6250023237956,696.98291015625,4693570
2021-02-24,703.2543997929998,712.5876808499817,688.3903167739948,709.9210205078125,2362499
2021-02-25,715.0568017211998,734.8097520449898,712.0938591726313,724.439453125,5635556
2021-02-26,716.982708744674,721.8715758854385,685.377989006359,691.9952392578125,13122512
2021-03-01,702.5137079199105,704.6865446407801,691.5014736292972,696.5384521484375,2210665
2021-03-02,706.1185875449547,718.8098337241378,697.5260422951285,711.8963012695312,2446910
2021-03-03,715.0567835856958,722.4641397692493,712.1925817489009,718.5135498046875,1714037
2021-03-04,712.0938603800258,719.5012167640066,704.1926802371129,711.6000366210938,2122634
2021-03-05,714.0691711064122,715.7975543006532,702.5136828372425,708.3901977539062,2140241
2021-03-08,712.9827575672077,727.846840452775,706.1679656740887,714.019775390625,3203722
2021-03-09,722.9580403509826,736.7851066964932,722.9580403509826,731.0567626953125,5412952
2021-03-10,733.9702057733466,736.7849768135667,716.1431215812369,722.31591796875,2422642
2021-03-12,730.6616141494429,730.6616141494429,701.2297304758553,702.0198364257812,3271450
2021-03-15,703.2050970139538,706.1680398384508,686.9089114792204,695.4520874023438,2394116
2021-03-16,698.9581858232202,701.8223275602719,691.3532876033389,694.3656005859375,1619213
2021-03-17,697.7729612040968,698.3655255936931,679.0076586380984,681.2792358398438,2100094
2021-03-18,686.5137347998472,690.6124959278518,666.7607853274739,672.4397583007812,2124421
2021-03-19,671.5509795137665,681.4768255690711,665.5262931479722,679.9459838867188,3146999
2021-03-22,680.9336008840586,686.1681207311973,669.8719365036842,671.4521484375,2585880
2021-03-23,675.402788572036,680.9336513124368,672.2423644703507,675.1065063476562,2207365
2021-03-24,670.8102150773086,678.3656825203412,666.7114537113786,668.1435546875,1735370
2021-03-25,668.1435771524638,669.1805950385843,653.8226874721819,658.7609252929688,2743208
2021-03-26,664.0942584302395,668.4398716234889,658.3164839052305,663.4028930664062,1761492
2021-03-30,667.1558955922989,684.7360092822323,666.6620718353837,679.2545776367188,3467882
2021-03-31,679.5014979563042,689.1804316558329,672.5879652736093,687.6002197265625,2368424
2021-04-01,691.1557641837493,695.6495486149179,673.8719315398512,682.4644775390625,3443437
2021-04-05,689.2792027456471,689.3779433814952,667.7484393835425,673.7237548828125,2074674
2021-04-06,677.9706723486634,692.3903024575587,672.1435276946561,688.5385131835938,1427470
2021-04-07,695.748354225875,696.2915483420956,686.6126140525922,691.2051391601562,2890361
2021-04-08,691.3532993571405,697.2791847802017,688.6866388605182,692.785400390625,1817393
2021-04-09,691.3532544735253,694.5137385502197,681.9706031628132,686.266845703125,1586783
2021-04-12,676.5385424186351,681.4767799545375,671.2052217673724,678.8101196289062,3457470
2021-04-13,680.6372919199986,701.9210832755691,676.5385307235653,697.3778686523438,4171978
2021-04-15,704.3408466865571,704.8840407614437,679.5014876687366,685.871826171875,2566125
2021-04-16,685.9211932012503,692.6371841885895,680.5878725541522,682.1187744140625,2784995
2021-04-19,673.6249153765823,675.9952933133317,653.3781431276667,657.7238159179688,4936620
2021-04-20,661.8225107669408,680.4890710818161,661.8225107669408,676.7360229492188,5373233
2021-04-22,663.6992056576054,674.365787978,663.6992056576054,670.662109375,2526780
2021-04-23,670.612701662351,682.8595556726508,667.9954114829907,677.8718872070312,3140377
2021-04-26,684.4397151236442,699.4025988091812,678.7113716997767,695.748291015625,3274660
2021-04-27,702.266723994919,710.1185334656998,668.6373395775782,670.36572265625,10860187
2021-04-28,674.0694833463673,674.0694833463673,662.8597072596175,664.291748046875,4011121
2021-04-29,669.6250012439536,672.9335962379074,663.8472875138497,666.31640625,3939217
2021-04-30,661.7238353168459,669.6250154400321,652.538725479886,656.8843383789062,2742166
2021-05-03,651.8473730538742,666.1682623103609,649.032601691812,663.6004028320312,4908079
2021-05-04,668.6374021733031,672.4398211898642,657.2794551644508,659.6004028320312,4118750
2021-05-05,661.7732161142306,667.4521894176859,658.760903200816,666.0695190429688,2249063
2021-05-06,663.6990674195002,671.5015061638522,660.7361251542346,663.5015258789062,2269126
2021-05-07,669.6250155843123,672.0941343733401,662.7608532945713,664.3411254882812,1913550
2021-05-10,661.9707249339634,677.4768024604991,661.9707249339634,671.649658203125,4342679
2021-05-11,669.6250561932611,673.0818227075332,661.6251349441499,662.9584350585938,2430724
2021-05-12,662.958383682623,665.6250439860819,656.8843274514788,660.5386352539062,2428984
2021-05-14,671.501638340436,671.501638340436,658.1683955222608,662.3164672851562,1580599
2021-05-17,663.3041002720859,666.9584084275313,654.6621838212743,658.069580078125,2453864
2021-05-18,661.3287411876121,664.4892252405111,657.7732343038628,658.464599609375,1809231
2021-05-19,659.7485716317144,663.3040787435876,656.7856289447456,657.9214477539062,2252486
2021-05-20,660.7362321146419,670.6127079310043,657.4770071514872,659.2547607421875,4316905
2021-05-21,660.736148400514,666.5632925063685,658.7608534875079,662.4151611328125,1629616
2021-05-24,662.4152176097197,664.983077103074,659.1065621796116,661.9707641601562,1785392
2021-05-25,665.3781325994462,665.6744147931101,648.9831479358099,651.0078735351562,3425396
2021-05-26,655.3041434668191,658.1683454482661,649.0326056938304,650.3659057617188,1938680
2021-05-27,652.8843476306807,658.7608621302148,649.230039937433,655.8472900390625,3565457
2021-05-28,656.7856088054856,666.0695197191344,654.5634018583994,660.6868286132812,3030073
2021-05-31,662.4152569677061,662.4152569677061,654.2671642727313,657.674560546875,3123672
2021-06-01,660.3411269137641,662.662134821821,655.4523197729329,657.0325317382812,1731330
2021-06-02,655.7979950416952,669.575690879313,654.7116068130015,667.551025390625,4979822
2021-06-03,671.3534488528638,674.8595857387706,668.2423348339574,670.0695190429688,2861563
2021-06-04,670.3657914141313,680.2422671624058,669.2299725905901,672.4892578125,2532605
2021-06-07,673.8718721846236,676.0447087247161,666.6620575444607,671.6990356445312,1746210
2021-06-08,675.6002485666122,683.452058111273,672.5879358002557,681.1804809570312,3425861
2021-06-09,686.4150972400774,688.2916518342317,673.0818543440472,676.4398803710938,3041695
2021-06-10,680.4891720931946,683.1558325741877,675.797846160767,680.736083984375,2217208
2021-06-11,680.7360933993508,681.6250003323837,673.1311949895694,674.168212890625,1716481
2021-06-14,674.1682045509697,676.5385828222524,665.9707418080542,673.2793579101562,1151855
2021-06-15,672.9335756028146,685.427340137109,671.8965578216748,683.9952392578125,2613877
2021-06-16,687.6001799194514,689.4766739416718,681.4767535558941,683.6002197265625,3092360
2021-06-17,677.4768185395843,695.1556727215366,673.8718810315659,691.6495361328125,3796926
2021-06-18,695.3038570482996,702.217389717814,684.0446511597451,700.4396362304688,6580504
2021-06-21,698.5136967773437,711.1062024456521,695.8964067808545,709.8716430664062,6100487
2021-06-22,711.1061554434077,715.0567451958711,704.4395352361258,707.8963012695312,2451368
2021-06-23,712.0938877596003,714.7111778950616,707.5013025124618,708.884033203125,1893116
2021-06-24,706.1680268391846,713.5260134408169,703.2544543924843,710.711181640625,1652982
2021-06-25,713.0815073022327,722.4641587141042,709.4271994329439,716.9827270507812,2833717
2021-06-28,719.0073990002753,719.0073990002753,685.6249246743639,687.6002197265625,7428147
2021-06-29,671.8472225580958,693.8223797825246,671.6496809987109,678.02001953125,30820343
2021-06-30,683.4879071148603,689.0846076393753,678.535096193738,679.8228149414062,3432606
2021-07-01,682.9926846817467,686.0634035329249,676.355905385618,679.278076171875,2556547
2021-07-02,682.8440515931628,683.5374572485523,672.4431481396826,681.0115356445312,7942326
2021-07-05,683.4879146073267,684.4784768024098,670.3629655224759,671.5021362304688,6776797
2021-07-06,672.1955086046752,680.5162555637758,668.6295087417011,673.6318359375,6442552
2021-07-07,673.5822799231485,679.327528454199,671.6011555704333,678.7332153320312,3025732
2021-07-08,678.8323051953156,682.7945542382873,671.9974618716626,674.8700561523438,3568036
2021-07-09,673.5823085322905,677.4950413869124,670.610621877001,676.8016357421875,2570371
2021-07-12,678.0398148595825,680.1695477385518,673.6813170669038,676.5044555664062,1383135
2021-07-13,680.0209317834008,687.994945184449,677.0987612811462,686.8558349609375,3119430
2021-07-14,689.431291700708,690.4713699196398,681.5067940949529,682.0020751953125,2303846
2021-07-15,683.4879392986849,692.8982804919276,681.605846876388,687.103515625,2774718
2021-07-16,689.3817741356864,695.3746633447686,685.6176498732223,691.4124145507812,2000951
2021-07-19,689.9265501665899,689.9265501665899,670.6105878862619,672.2945556640625,2866929
2021-07-20,672.2945494891378,675.0681114428611,655.7026333238143,657.1884765625,3629414
2021-07-22,657.7332886178509,663.0823485824262,654.860634107409,655.8511962890625,4062964
2021-07-23,655.8512293877823,661.6460547183715,655.5540728101132,659.070556640625,2796725
2021-07-26,658.7238893138308,659.1201383933071,654.1177507161834,656.841796875,2503714
2021-07-27,659.7144304906542,668.431365828737,656.6437118296757,662.4384765625,3512513
2021-07-28,668.0846278535361,668.0846278535361,654.9101638691028,658.5751953125,2686658
2021-07-29,659.7639322878488,663.6271489992051,654.7616053373822,656.3960571289062,1981009
2021-07-30,658.2286020095048,665.6578187364744,655.1083068005294,657.7828369140625,2640763
2021-08-02,662.6860807060795,665.112970074031,659.1200811370474,664.0233154296875,2613866
2021-08-03,665.6577960365918,668.6294826260408,660.308735991936,667.4407958984375,2936646
2021-08-04,669.620102466397,673.2356789784523,666.3017430061672,668.9266967773438,3077649
2021-08-05,671.6011752298824,671.6011752298824,661.8936777092388,663.181396484375,1985164
2021-08-06,663.726257750265,669.1248343830038,662.6861794259505,667.044677734375,1749643
2021-08-09,667.7875613217568,671.55168575908,659.7144548453313,660.7050170898438,1468932
2021-08-10,665.5092363785608,668.1837665972262,657.039941068723,663.973876953125,2024406
2021-08-11,663.2804476250046,665.5587891302342,655.1083091954625,660.3583374023438,1361893
2021-08-12,660.2096935347046,669.5210022183159,659.1200993194195,668.5799560546875,1822952
2021-08-13,668.6295272519925,671.7993385841227,662.2899045877319,664.1719970703125,1358720
2021-08-16,663.6766317401123,669.1247234932027,659.7143831924101,667.193115234375,1058059
2021-08-17,666.6483973941071,670.1648813063675,661.7946181625666,663.0823974609375,2151413
2021-08-18,662.6366402988989,668.7781384433191,662.190875187128,664.716796875,1968944
2021-08-20,657.7332957779225,668.4313553644145,649.8087982384294,661.5469360351562,4035337
2021-08-23,663.6766627859574,666.4502248072693,656.0493218830117,662.4879760742188,2173978
2021-08-24,664.6672033201089,669.0752169838761,661.7945488985665,664.7662353515625,3051984
2021-08-25,668.7285235542254,685.4690490810372,666.6483670975983,681.06103515625,7608915
2021-08-26,686.8558181524975,695.3746284484188,683.4878826629757,692.2543334960938,7671524
2021-08-27,693.7402256643493,700.3274886021761,692.2543823363391,697.454833984375,3396769
2021-08-30,702.3085939662117,706.4689672634769,699.4359394264262,705.626953125,3023655
2021-08-31,705.627013740038,712.2142770648293,697.4548749559144,710.97607421875,3854510
2021-09-01,713.2047598503761,717.7613216324403,700.6246082445253,711.7684326171875,4991772
2021-09-02,715.6316355240479,768.3295538607243,713.2047461709486,751.836669921875,16281725
2021-09-03,731.9759177915126,740.6928526787235,720.3368124501886,727.4688720703125,15600504
2021-09-06,733.0160655015327,736.7306739415742,721.8227241606985,729.1033325195312,8084343
2021-09-07,730.0443586142322,736.3839810273661,723.7047362010983,727.3203125,2891731
2021-09-08,732.0255141143743,739.9500122373986,726.9240942640283,736.6316528320312,3070612
2021-09-09,735.5419265821422,739.1079866664147,728.0631942971715,730.3909912109375,2867987
2021-09-13,729.9948127463091,735.6905452977213,716.6222232777758,727.9641723632812,2883674
2021-09-14,730.8368214683953,736.9783195565241,729.1528535388745,732.2236328125,1974670
2021-09-15,733.9075313525991,744.9027471872754,733.016001221521,739.2565307617188,3172198
2021-09-16,739.9499651562537,749.0631495097074,736.482997448025,748.0230712890625,3209102
2021-09-17,751.8367575872147,752.4310707613422,733.0160745909603,740.6929321289062,11661592
2021-09-20,732.0749389563365,739.8508880465381,720.1386772370097,723.2589721679688,1447672
2021-09-21,722.8132466424343,730.737744211853,717.414670581444,728.8556518554688,1850978
2021-09-22,726.4783248343139,733.065527036246,724.1009514257398,726.131591796875,1150957
2021-09-23,726.825004805155,728.9051612144766,715.3840236356504,717.8109130859375,2336977
2021-09-24,722.0208525109583,724.398165649651,713.9477459417044,718.9500732421875,2219394
2021-09-27,722.516058771025,723.3580124176491,711.5207825943766,714.1953125,1906863
2021-09-28,715.1859487615825,726.4288061824267,714.6906676336313,718.9500732421875,2407512
2021-09-29,717.8604140773786,731.0348787985922,714.1953219698984,727.8155517578125,5200234
2021-09-30,733.0160237557201,733.0160237557201,713.8981854982392,715.5821533203125,3235673
2021-10-01,713.2047878604762,723.6056910167748,707.5585711980904,722.5656127929688,1852758
2021-10-04,718.5538504616313,726.4287716544545,718.1576013944557,719.7920532226562,1615207
2021-10-05,717.3651689650325,729.004275003779,715.235436016848,726.230712890625,2236948
2021-10-06,729.0538086726863,734.7000255327636,717.1670617921533,718.801513671875,1939154
2021-10-07,723.1104109058346,725.4382079079797,712.5113832021034,718.5042724609375,2453970
2021-10-08,722.1198152023441,724.5467045880572,713.5019123118097,715.284912109375,1573419
2021-10-11,718.0585826392553,718.0585826392553,708.1529603678301,710.5302734375,3007329
2021-10-12,710.134126495714,711.1742048034256,692.4030374056814,696.7615356445312,3241303
2021-10-13,697.6529705408923,703.1010628374703,693.3935650190281,694.2850952148438,3092746
2021-10-14,695.8699788400311,696.0681033813472,686.4596374891695,687.2520751953125,4077281
2021-10-18,693.393594708852,699.3864843998681,682.5469256712246,696.9595947265625,4597120
2021-10-19,701.3180498798273,702.3581281162149,691.9572248340988,696.1671142578125,2137420
2021-10-20,696.7615356445312,702.8039414010458,688.7379448583473,696.7615356445312,2606119
2021-10-21,700.277991137841,704.2897561379417,684.4785112395467,687.9949951171875,3427729
2021-10-22,693.3934733956524,695.3745976053542,671.6011070889319,684.2307739257812,3533890
2021-10-25,684.2308523804113,687.0044145001909,670.1153407677862,676.8016357421875,2786630
2021-10-26,678.5350876750731,688.4407093929574,677.6435575368167,683.5374145507812,2616174
2021-10-27,683.3889022908464,693.3440405468662,681.8534824768681,687.3015747070312,2103049
2021-10-28,687.301558794593,689.1341351414194,673.7804210300657,676.6530151367188,1471621
2021-10-29,676.058716635513,682.4973710796606,669.1247810802769,674.028076171875,2021722
2021-11-01,674.0280625158181,686.9053711432146,673.9289700201361,683.289794921875,1575508
2021-11-02,687.4502109464454,691.0657873922768,684.7261647215136,686.1129760742188,1898373
2021-11-03,688.4902202684829,691.9076718274567,679.3275202478616,685.7661743164062,1256308
2021-11-04,693.2944822196994,693.2944822196994,688.4407034362862,689.8275146484375,409164
2021-11-08,695.86999333799,698.2968829866517,685.4690895229737,696.6129150390625,2429656
2021-11-09,703.0019808460055,703.2496213873449,692.2048290599627,699.7826538085938,2647708
2021-11-10,698.8416521270817,701.3180576980494,693.9878730243369,699.8322143554688,2077910
2021-11-11,699.3369298846239,700.2284600695414,693.5421650600211,695.968994140625,1102633
2021-11-12,702.1600268610892,715.185944634691,698.1482618396581,713.7991333007812,5345270
2021-11-15,717.1175674253288,717.1175674253288,704.4878984834099,707.8557739257812,1917369
2021-11-16,711.2236098635416,712.6104210302082,704.5373154811197,706.8651123046875,1900114
2021-11-17,707.4595284818728,715.5821505350495,701.7142798693246,704.3392333984375,2453920
2021-11-18,704.3393061797011,708.2520393279531,695.6718861179953,697.8511352539062,1708655
2021-11-22,700.2284511591587,703.0515292769401,677.8417089144601,682.3487548828125,2109072
2021-11-23,682.2992283303353,692.7992238805956,679.5256662741014,688.8369750976562,2081366
2021-11-24,691.8086641930265,697.801553407126,676.4053736262101,680.71435546875,2093430
2021-11-25,683.4878810034187,687.9454106621366,679.0303513447008,682.2991943359375,1943112
2021-11-26,678.535099877775,682.4973486361854,660.8040125002414,664.320556640625,2236662
2021-11-29,663.2803688411431,679.5256117308915,652.5823100777272,677.1978149414062,4901166
2021-11-30,675.5634426303141,683.2402999329312,666.3017099391918,674.374755859375,11535239
2021-12-01,673.5823120929047,688.4407454478952,671.6507036649319,687.3015747070312,3209799
2021-12-02,689.4312774676597,700.0798209055582,687.4501531071205,698.6434936523438,2331496
2021-12-03,700.5751066315388,700.5751066315388,681.6553930468403,684.428955078125,1878712
2021-12-06,684.4784867135245,687.2025327894466,676.0587079334016,677.74267578125,1393577
2021-12-07,681.5068131018146,689.6294354660731,677.395955670532,687.846435546875,2459318
2021-12-08,691.5114657107835,692.2543873802017,678.2379681593177,679.9219360351562,3678237
2021-12-09,683.3888703811341,683.785058976629,674.7709673458143,676.7025756835938,1650779
2021-12-10,678.4360230530579,679.52561720604,673.8298849918494,678.2874145507812,1011025
2021-12-13,678.5350911409429,681.9030267258732,666.6483450187658,668.03515625,2026297
2021-12-14,671.6011752298824,671.6011752298824,659.3677561774105,663.181396484375,2093071
2021-12-15,663.6766777570411,668.9266453549372,658.8228987659166,666.499755859375,1981529
2021-12-16,667.8370509413617,671.0563781087616,661.6460371579004,663.181396484375,1404782
2021-12-17,660.7049465993489,663.6271170007192,648.2238878337417,650.403076171875,2377387
2021-12-20,647.8276710443852,647.8276710443852,621.0824919645711,627.6201782226562,2473370
2021-12-21,633.9598214285714,637.8725542932749,627.0258858816965,632.7216186523438,1640601
2021-12-22,634.0093268637893,637.2286540282386,629.9975620276072,633.8607788085938,1212183
2021-12-23,634.9998752337522,638.5163588910992,630.7899859565762,634.455078125,2150523
2021-12-24,635.148478479919,636.9314783024728,628.1650272404323,631.3347778320312,1183083
2021-12-27,629.006987821781,636.2875957018978,624.153208928958,633.712158203125,1185438
2021-12-28,635.6933010184974,637.5753934092901,632.969254929209,636.2380981445312,1217603
2021-12-29,638.9126185771798,640.6461024260327,633.0682774174,638.6649780273438,1505964
2021-12-30,638.6649585267605,639.2592716445735,634.0588202568022,634.851318359375,1280995
2021-12-31,639.2593043196813,648.8182539237323,636.0895535838383,643.419677734375,1592842
2022-01-03,647.8276241457893,648.4715137051147,640.2002837574488,644.3606567382812,1892087
2022-01-04,646.242796131866,648.8182336389997,642.9243765240432,646.9857177734375,2293391
2022-01-05,648.8182853879003,652.0376127581457,644.5093637067596,647.3819580078125,3326875
2022-01-06,644.856019779579,645.7970660016499,638.8136142848014,640.7947387695312,2548339
2022-01-07,640.8937117519254,656.6931901535525,639.9031496008405,654.0681762695312,2168995
2022-01-10,659.7144399905982,663.3795323045922,653.7710666573496,656.6932373046875,1480419
2022-01-11,656.6932240766556,659.6153946651311,650.0564452297245,651.9385375976562,1484964
2022-01-12,652.0871389040296,667.8866194120535,652.0871389040296,666.8960571289062,2091488
2022-01-13,667.5398594419826,670.0162648257871,662.0917675976127,664.0233154296875,1807858
2022-01-14,661.6955245219156,668.480851151106,659.9125247213144,665.1129760742188,1292789
2022-01-17,664.6672414826468,669.1742874366442,661.6955548590284,667.7875366210938,1255654
2022-01-18,671.6011223317528,672.3935599417964,660.457298399257,662.7850952148438,979679
2022-01-19,658.7238814322408,661.1012549624113,646.0942130288407,649.8583374023438,1945857
2022-01-20,648.4219766097302,654.365349669248,641.4385253566204,643.3206176757812,1429228
2022-01-21,638.9126631604478,640.8442716757806,627.372588549172,635.3961791992188,2963518
2022-01-24,633.8112059208454,633.8112059208454,613.2570400621781,621.6768188476562,2628472
2022-01-25,621.2806189446165,627.5211486626982,611.1768724938986,624.8466186523438,1827902
2022-01-27,619.8938661851198,619.9929586891459,611.3255386908666,615.6344604492188,1914985
2022-01-28,615.4858301014481,626.9268724608479,613.207549017356,614.5943603515625,1317526
2022-01-31,619.5967033367879,621.5778278878247,609.6415645596521,616.5755004882812,4374943
2022-02-01,620.3395767678232,632.5234797167088,611.771189567742,618.0117797851562,4159628
2022-02-02,618.2098578166336,639.7050700997829,618.2098578166336,638.0706787109375,2989002
2022-02-03,639.9526715836782,641.1908742840798,625.0942391788606,628.4126586914062,2076930
2022-02-04,630.988156236711,630.988156236711,616.2287544582003,618.45751953125,1909456
2022-02-07,614.2475893290963,617.8136494856279,594.3373135101533,597.556640625,3030728
2022-02-08,600.6769381966053,602.1132050095857,588.3939428161231,594.7830810546875,1954492
2022-02-09,601.0236319283214,601.0236319283214,590.4741200149055,594.5354614257812,2644690
2022-02-10,594.5354312284214,605.728771746134,584.8774499945297,600.5283203125,6231536
2022-02-11,595.030745393349,595.8231830878428,587.4034041082141,589.731201171875,2557745
2022-02-14,582.4506181986403,584.2336182033422,549.7620630956554,552.0403442382812,7168038
2022-02-15,558.6770893209541,569.0779925795889,546.3940936699661,568.1864624023438,4282324
2022-02-16,571.5543690181432,587.3043316201408,570.8609634110467,580.8161010742188,6991082
2022-02-17,580.5684263864249,589.7807023433785,575.7642243539553,587.007080078125,3542326
2022-02-18,584.431695521386,591.8609119898782,581.9057740139224,585.3727416992188,2613689
2022-02-21,578.0425614712702,583.8373866343161,571.1086260502409,576.5072021484375,2415405
2022-02-22,571.5544331291262,571.5544331291262,559.6676858196817,567.3445434570312,2952243
2022-02-23,567.3444743902786,572.5449257050738,560.1628987650852,563.6793823242188,1929381
2022-02-24,553.7243006724918,554.7148629277199,524.0569490365867,527.920166015625,5515851
2022-02-25,534.9035590210727,540.4011668414106,528.8115776374643,533.81396484375,5087685
2022-02-28,526.9790811106112,527.4743622018806,515.339975465781,518.2621459960938,10669560
2022-03-02,513.1112136103177,557.6865120899786,504.2456699319838,555.5072631835938,41081069
2022-03-03,555.4577488650388,558.1817948915726,525.2456020252997,526.7314453125,5811568
2022-03-04,523.9083704808558,523.9083704808558,509.3966101027404,516.5781860351562,4687979
2022-03-07,500.2339207214537,515.0923540102098,493.2999851867009,498.7480773925781,9156126
2022-03-08,495.28109185419464,510.0900085924586,492.35892132043136,508.2079162597656,7443036
2022-03-09,512.1206576783992,518.0640308816301,503.20559787355273,509.8423767089844,4515965
2022-03-10,519.0545959661065,524.750328650849,510.981489803215,516.3800659179688,5059007
2022-03-11,513.65604595934,519.2527468915937,509.8919214768814,513.9036865234375,2924919
2022-03-14,515.0923495420011,516.2315202679052,505.2362434541332,507.6136169433594,4517379
2022-03-15,507.6136248299951,514.894233007798,498.00515914550783,499.936767578125,4513513
2022-03-16,502.26458348152784,516.4296117539651,502.26458348152784,512.4178466796875,6339842
2022-03-17,518.0640018890216,527.8705913091903,515.5875965262634,525.1465454101562,11303983
2022-03-21,527.7714913419671,529.2573345385713,515.3399486888687,517.4201049804688,4064003
2022-03-22,518.559316706048,525.4932521729866,511.6253812391094,524.3045654296875,3457606
2022-03-23,526.8800343652649,528.9601907068703,519.2031776649312,520.8870849609375,2654149
2022-03-24,519.054556680379,521.035680942518,514.101746025032,517.4201049804688,3192575
2022-03-25,519.1536526045592,523.0168695748403,512.9626385234176,514.6466064453125,2874297
2022-03-28,511.22911360364174,515.7857358776037,500.3329599237638,507.76214599609375,4968964
2022-03-29,512.1206527330679,520.7385558863571,509.54521522018524,518.0640258789062,3428962
2022-03-30,521.0357325226225,538.2219630143878,521.0357325226225,537.181884765625,6695548
2022-03-31,537.8257760717607,545.0568682750901,528.8611999620591,533.12060546875,5976662
2022-04-01,532.9224647757209,546.1960224686521,531.3375894358719,545.1558837890625,3675121
2022-04-04,554.7147609760544,591.9103547318231,548.5732640305688,566.4033813476562,23976331
2022-04-05,566.601600789273,570.2171771457901,561.6487895935626,564.2738037109375,4898169
2022-04-06,561.6487349465458,562.6392970893087,548.5237865549378,550.6039428710938,5626902
2022-04-07,554.7148053164133,555.259602408383,547.6322617434591,553.7242431640625,3159512
2022-04-08,553.6747181088758,561.5001227092182,548.5732989239099,559.469482421875,3232920
2022-04-11,559.618154344824,566.304449521756,555.3091722886614,562.0450439453125,3034500
2022-04-12,561.153476284916,567.3940059417156,555.1605871736967,556.9931030273438,4518691
2022-04-13,559.6675904332832,563.382198334389,556.6959041123985,559.5189819335938,2313264
2022-04-18,555.2101359809747,571.405804434773,550.0096842166569,568.8798828125,5765896
2022-04-19,571.4553335220252,574.4270199980438,536.8846900006955,541.5403442382812,2958108
2022-04-20,542.8280228308374,555.4576894204235,535.8940882326333,554.0213623046875,3278202
2022-04-21,555.2101359300311,570.2666940809748,551.792684107683,565.5615234375,3111307
2022-04-22,563.5308690752513,563.5308690752513,546.7903434349888,548.8209838867188,2703271
2022-04-25,546.7903103298611,546.7903103298611,530.9413158275463,534.903564453125,3225681
2022-04-26,535.9931645323805,550.7525650085217,532.8729299809138,544.6605834960938,4153518
2022-04-27,546.7903054354443,553.1794433788228,532.1795137594066,542.4813842773438,4744055
2022-04-28,545.7007970036301,569.9199969489976,541.3422986860031,566.00732421875,14954957
2022-04-29,569.9199908875478,588.3940018289586,567.7903182338434,576.9035034179688,8916828
2022-05-02,572.0001892922006,580.2218439607244,569.2761430764226,574.3775024414062,3025011
2022-05-04,564.9176331661547,575.0708961223081,559.0733522278415,562.2431030273438,3587834
2022-05-05,565.1157243702693,571.950627604144,558.1817891019224,564.372802734375,3860357
2022-05-06,549.7619752979905,568.3350150040037,549.7619752979905,560.608642578125,3969111
2022-05-09,552.8823469305546,563.6299232159624,552.2384572810176,558.5285034179688,2774773
2022-05-10,555.7054242810988,567.4931392828314,552.7337375202372,553.9224243164062,3953646
2022-05-11,554.2194977734163,570.2666159669892,554.2194977734163,558.2312622070312,4283207
2022-05-12,554.8139061302069,559.321012849457,539.1630342745955,542.085205078125,3079554
2022-05-13,549.7620133145851,560.5095888506917,542.8775940290025,545.5521240234375,3154166
2022-05-16,546.8893981031208,552.4860990408365,539.0639925454743,544.5120849609375,1260662
2022-05-17,544.660652888053,551.594588942435,537.3800442146018,549.6134643554688,2057634
2022-05-18,549.7620150479403,553.278498728045,542.3823146460137,544.8092041015625,2377852
2022-05-19,537.3800128742963,542.2337920129384,520.4414228272526,523.7102661132812,3998270
2022-05-20,528.9602370588832,542.1842188017068,526.9791125755166,539.5592651367188,2607708
2022-05-23,538.8658808009974,550.9507527196092,537.5286459054532,545.9484252929688,3094798
2022-05-24,545.9484008516831,550.7526035152451,540.5003085507229,547.681884765625,3835802
2022-05-25,552.4365098727428,566.1557711369468,551.3468552584559,563.7288818359375,5339885
2022-05-26,562.7383162006801,575.5165917326054,557.8350820738638,572.5944213867188,3444955
2022-05-27,576.5071736976327,598.5966976426774,571.9506119723286,592.4552001953125,8795852
2022-05-30,599.9340540184019,607.6109114958547,593.643947422693,603.1533813476562,5399271
2022-05-31,602.9547135352525,603.4513813388236,592.1273311660461,594.9583740234375,5609885
2022-06-01,594.9583351583134,604.9413452322814,592.6736755368087,603.1036987304688,4893225
2022-06-02,599.9746610234669,605.4876610975907,587.2599783459984,603.8486938476562,5252011
2022-06-03,608.9146315960779,613.3349864796709,596.2992592399439,598.6832885742188,3679222
2022-06-06,597.9383626779555,610.4047120431502,597.0443364073328,602.0606689453125,3348790
2022-06-07,602.9546737573527,603.1036983399503,589.0976308262133,601.2659912109375,1652408
2022-06-08,598.2859743878878,604.8420252277961,592.0776273586503,595.95166015625,2129427
2022-06-09,591.531274638819,602.8553232913195,588.0546004805724,600.86865234375,2320898
2022-06-10,597.7893709880299,599.7760422512858,587.6076807638433,589.1473388671875,1988641
2022-06-13,577.6742637425316,586.0679610734134,575.6875926880455,578.1212768554688,2280937
2022-06-14,576.1345916839923,580.7536260238483,566.3502612317485,568.5852661132812,4065780
2022-06-15,573.1546187110891,578.3199757540943,567.3436299304527,575.8862915039062,2601467
2022-06-16,578.1213244784304,581.9456423219902,563.8669827396412,566.7476196289062,2366283
2022-06-17,560.2411903761696,568.1878739276046,543.7518462582956,547.129150390625,5050203
2022-06-20,547.3278664122938,554.7282280929107,542.2121642806784,549.4635620117188,1278783
2022-06-21,551.6985583155025,562.0292110891132,551.301199866046,560.688232421875,982122
2022-06-22,557.2612580166715,560.0922401563084,546.68220988318,548.12255859375,1215189
2022-06-23,549.4138763775867,556.2679160227955,545.9869171833736,554.3805541992188,1592871
2022-06-24,554.4302567915457,561.5325695369024,554.4302567915457,557.708251953125,1021604
2022-06-27,560.4895973342294,568.6846158154123,552.8905559457759,554.28125,2738127
2022-06-28,556.2182098226367,565.207883720993,545.6888174395551,562.17822265625,2194297
2022-06-29,554.7779220757253,557.8075834725731,535.1595443478908,537.6428833007812,4268386
2022-06-30,536.897846291282,552.2945467862216,534.0171490440993,546.3345336914062,6228299
2022-07-01,546.2848790934346,563.5192260428985,536.9475009926439,561.6815795898438,2052291
2022-07-04,561.6815998336671,571.6646100025602,559.347224910141,570.4725952148438,1488372
2022-07-05,577.1279021820948,577.3265813997449,559.4961977694747,561.0855102539062,2528269
2022-07-06,559.496258483142,568.0886353947369,551.3012400499669,553.7349243164062,3309296
2022-07-07,560.042506731282,561.8802136650439,547.5265044881379,550.90380859375,4548159
2022-07-08,554.2812340305231,555.1255449922959,539.8282139785235,541.7155151367188,3509988
2022-07-11,539.3811980017673,545.4405205419597,536.5998706165706,543.0068969726562,1848324
2022-07-12,542.9075012539978,543.0068711802716,533.8681725243719,536.15283203125,2088278
2022-07-13,538.8348930782748,542.1128883397171,534.9608600966847,535.904541015625,1169625
2022-07-14,537.1958286436461,539.8281919816112,529.0504653820432,533.5701904296875,1770641
2022-07-15,533.520491880623,538.0898717210846,530.4411759718427,536.3018798828125,1079168
2022-07-18,540.7718402347714,542.3114980480628,536.8481531033369,539.1328125,1543573
2022-07-19,537.3945393639725,541.1692023761558,531.4345259884017,532.3285522460938,4654412
2022-07-20,536.4011827246339,537.493827549199,518.5211433004795,521.6998291015625,9053768
2022-07-21,521.7991287101546,528.8021318955233,515.5907818031986,525.5737915039062,5528757
2022-07-22,526.4678316205461,533.3715256891727,525.027482974397,531.4345092773438,2944287
2022-07-25,530.4411847042596,532.4278558080208,522.4945002892146,523.239501953125,3800562
2022-07-26,521.5011279035501,527.4611407938763,516.6337597917624,519.0674438476562,7812371
2022-07-27,521.5011311263489,529.0008019340124,516.584108335766,517.776123046875,8672870
2022-07-28,520.5078635007682,532.4278909091827,516.1868778165758,528.0571899414062,11504269
2022-07-29,536.4011518339335,556.2678611611161,530.6398182547275,551.7978515625,14236016
2022-08-01,556.2678697316029,556.4665489536129,540.7718604690057,542.4108276367188,4482787
2022-08-02,541.3678131528551,541.3678131528551,531.0868156314892,534.9111328125,5856552
2022-08-03,536.4011385477017,536.9474609149903,522.9911100840093,531.7821044921875,4152018
2022-08-04,532.7258384583494,535.8052150121696,525.8718596031816,531.335205078125,4868831
2022-08-05,534.0171610754869,541.9141907297147,532.9741708860734,535.6561889648438,5466554
2022-08-08,537.3945276112016,539.778557160648,532.2291706729945,533.1728515625,2560379
2022-08-10,534.8118881581975,540.3248883740553,533.4211941269942,537.2952270507812,3597072
2022-08-11,540.026897973216,541.8645444960443,535.6561972859613,537.9408569335938,2333537
2022-08-12,538.3878245086136,544.6954804890485,536.5501781412576,541.3181762695312,2904816
2022-08-16,544.0498934675959,569.0819614811986,542.3612109050339,566.7972412109375,9780995
2022-08-17,568.1879541130769,587.7566772457967,566.2012829448494,585.4223022460938,8775717
2022-08-18,586.2666191805613,594.958304730765,579.1145915164306,582.839599609375,7123366
2022-08-19,582.591276317937,590.4386510942909,569.975903221692,572.8069458007812,3992396
2022-08-22,572.8069513831481,572.8069513831481,561.8305453935625,562.8735961914062,2575136
2022-08-23,556.2679295161217,567.4926095396078,556.2679295161217,562.0789184570312,2725513
2022-08-24,564.115265590374,570.4229218857746,559.3969218742966,562.8735961914062,3475352
2022-08-25,565.7046046940798,575.8862942430075,564.5622445421118,567.2442626953125,2146845
2022-08-26,571.0685707555326,577.6245604316927,560.5888333232392,563.1218872070312,4009744
2022-08-29,551.3012500265216,561.2346058828554,550.4072237480946,557.2116088867188,2582228
2022-08-30,559.7445997629264,572.657962312914,558.4036209802462,571.3666381835938,3057037
2022-09-01,573.0055854481019,577.1279522152815,565.2575803151238,571.763916015625,3491926
2022-09-02,571.1679454833983,582.1939459187648,567.4429371432891,571.0189208984375,3282784
2022-09-05,570.1746085248974,574.99226171491,566.2509209572796,569.8269653320312,1218242
2022-09-06,572.5586147234428,576.9292546095555,567.8402710302742,569.6779174804688,3339197
2022-09-07,566.2012256963557,574.644577307617,565.1085809156646,573.1049194335938,3210212
2022-09-08,575.9855567237665,582.0945942078486,574.147910327878,580.45556640625,2397242
2022-09-09,582.0946436472095,584.9753410497212,571.1679523842073,572.1116333007812,1230807
2022-09-12,574.1479524711722,580.1079658186238,568.9825954443693,574.6942749023438,2014300
2022-09-13,600.9680198855776,601.8620461499872,581.1013084844016,583.1376342773438,10170913
2022-09-14,576.134610085569,582.2933025259547,571.2175870634711,572.5089111328125,3032306
2022-09-15,574.5452833354973,579.5119608863629,562.3272080576572,562.972900390625,2651988
2022-09-16,564.2145811899863,565.0588921393551,541.2685546922422,543.106201171875,7125860
2022-09-19,546.3345051875988,553.287853435441,539.3811569397566,544.4471435546875,4657454
2022-09-20,547.1291666371634,560.7875293967659,543.5531831841854,556.01953125,8499419
2022-09-21,554.2812097844864,558.0558725641513,545.8378580225364,547.7252197265625,2075187
2022-09-22,541.4671896032888,547.7749067874727,536.500511802384,542.1625366210938,3493307
2022-09-23,539.1328534888133,541.3678584088499,533.5204835493662,535.8548583984375,2118150
2022-09-26,531.4345351683928,532.8748838847146,516.5345014720828,519.2661743164062,3974804
2022-09-27,521.8985708915478,523.3885743554997,511.81618986744877,517.3788452148438,2994372
2022-09-28,514.8954566319873,516.7828184229949,506.6011290643487,511.021484375,3564554
2022-09-29,514.5478450890744,526.2195384863651,513.5545094807943,524.481201171875,5428542
2022-09-30,522.4944400995387,528.8518111505823,518.0244306310066,526.914794921875,3216079
2022-10-03,527.0141661278033,527.0141661278033,514.5974717009472,515.2431640625,2951085
2022-10-04,518.7198247943936,529.5471456714563,518.7198247943936,528.4048461914062,2257640
2022-10-06,531.4344989609101,535.6065202373088,525.2758066603583,526.1201782226562,3033739
2022-10-07,526.418182710172,529.9445117592746,522.3951858899736,523.3388061523438,2762228
2022-10-10,522.295837838647,530.9378695434234,516.5345035782603,529.6465454101562,2979552
2022-10-11,530.4411472390395,531.4344827207606,517.8257744955049,519.0674438476562,2358152
2022-10-12,516.633773301536,525.0771251169552,516.633773301536,523.0904541015625,1768526
2022-10-13,521.5011611508581,522.4944966959074,514.5478123355134,517.18017578125,1463375
2022-10-14,530.8385142579276,530.8385142579276,518.3224506090337,519.5144653320312,2214367
2022-10-17,518.5211841810859,522.3952172797733,515.1438188833382,520.259521484375,1486039
2022-10-18,522.5937706934985,528.8518327072368,520.2594565716912,527.70947265625,2757284
2022-10-19,529.6464740328146,531.8318241483558,525.7724415267012,528.0074462890625,2135162
2022-10-20,527.46118047125,534.4145293663513,523.4878382454779,533.619873046875,2285817
2022-10-21,536.3018701157126,544.6458520851522,533.1231843342358,538.3381958007812,4221644
2022-10-24,543.1558685900635,543.3545478264642,536.1032104107654,537.9408569335938,389166
2022-10-25,540.722157036041,541.1691701382582,527.9578200684322,529.8948364257812,2362781
2022-10-27,529.4478759765625,534.3648993331681,526.1202259605251,529.4478759765625,4849578
2022-10-28,529.1498474194054,532.9245102967615,524.7791468487474,526.567138671875,1207153
2022-10-31,529.2491644220507,537.6925165253836,528.5538174172748,536.8482055664062,1625350
2022-11-01,539.4308950111025,547.2286159862863,536.3019241927045,540.9208984375,2726938
2022-11-02,542.2121529461135,544.4968730757428,536.5501891560217,538.6361694335938,1479779
2022-11-03,536.798520329057,544.645834283287,534.563515487875,541.7651977539062,1782757
2022-11-04,541.7651933327747,543.2551965480701,532.924483337334,535.705810546875,1514523
2022-11-07,536.401198657591,539.8778730933346,531.1365323520001,532.4278564453125,2976001
2022-11-09,533.1728544894328,534.6132031572806,527.3618657947932,528.2061767578125,2253327
2022-11-10,528.2061665323297,530.9378392318387,523.4878227786323,524.7294921875,1377280
2022-11-11,531.4345280019364,549.3145681963941,528.9015344333999,539.0335693359375,6425663
2022-11-14,541.3678881325269,541.5665673731163,532.7755111612686,535.2588500976562,2050388
2022-11-15,536.2024892962618,537.3448493694679,526.6168381247174,529.3485107421875,2529334
2022-11-16,523.5871088529091,528.6035015449116,522.0971056283665,524.5804443359375,2993826
2022-11-17,525.0274876413613,531.9808364226861,521.5508132506988,527.6598510742188,2836626
2022-11-18,529.44779481715,531.1861318545422,524.5307722142782,528.0074462890625,1947066
2022-11-21,527.9578131080156,531.335178026477,525.0274612858778,528.8021240234375,2063314
2022-11-22,530.2425243866148,536.9971942547235,528.7525210056324,536.3515625,2913409
2022-11-23,539.0335058585582,545.4404710043653,537.3944781157239,544.0001831054688,5516902
2022-11-24,548.2219103469918,569.7275884725316,546.4338578671604,568.7342529296875,10593189
2022-11-25,571.1679445968069,586.0679779341149,570.1746090409864,582.6906127929688,9556330
2022-11-28,580.80334136431,589.0480147742574,578.2703476928988,582.0946655273438,5799007
2022-11-29,579.6112917704966,583.5846339591545,578.6676108750122,580.9522705078125,3215187
2022-11-30,582.2933004697813,589.0479699557376,581.1509403576346,586.6639404296875,3502958
2022-12-01,586.663986926431,596.895392210608,585.173983511655,592.4750366210938,3187533
2022-12-02,590.9849929547297,590.9849929547297,583.0383086171679,585.9189453125,2788220
2022-12-05,587.9553485087727,589.8426497159395,580.9026295802464,584.975341796875,2199625
2022-12-06,584.0812969991775,591.4320042399789,581.2005996843903,582.8892822265625,2751347
2022-12-07,586.9619972500653,586.9619972500653,576.2339248712557,577.922607421875,2831232
2022-12-08,576.1346451400162,576.9293014903927,569.6779637720678,573.6513061523438,3171602
2022-12-09,577.1279376329352,578.0219638530853,567.7409048349145,575.7372436523438,3243513
2022-12-12,571.3665739650364,574.1479011529027,567.7408752513844,572.6578979492188,1747003
2022-12-13,574.3466269513262,579.9092817781845,573.4526007052569,578.4689331054688,3212182
2022-12-14,579.1146634352966,581.6476571273879,575.2406302861727,576.4822998046875,2800824
2022-12-15,579.0153311676119,583.3363166693615,572.3103160334813,576.3333129882812,1991517
2022-12-16,575.3399805066668,581.7966617816608,569.7772648773291,571.3666381835938,2787126
2022-12-19,571.1183046524671,582.8396523873263,570.373302966416,580.5549926757812,1960076
2022-12-20,579.1145988243732,581.101269832347,574.6942437059538,575.9359130859375,2166279
2022-12-21,581.1012427240984,585.9686107179277,567.4925348286434,571.5652465820312,2694392
2022-12-22,572.5586133774747,578.9159242773452,570.1745838972805,573.9989013671875,3424491
2022-12-23,571.1182669908687,575.0916090544582,560.3902555448549,561.6815795898438,3234932
2022-12-26,558.751250749002,566.9462690933208,558.751250749002,565.5059204101562,1962030
2022-12-27,568.1879137319785,570.3732639873946,563.6682492711518,566.0025634765625,1511387
2022-12-28,565.9032723611242,567.939598103592,562.5755619068763,564.4132690429688,1452719
2022-12-29,562.2279024942535,569.3799303407061,555.423578455705,567.194580078125,3393061
2022-12-30,568.2375914104266,569.1812723121895,561.4332671184347,562.4762573242188,1690896
2023-01-02,561.2346011443958,567.5919730901317,557.5095927297207,566.499267578125,841928
2023-01-03,566.2012500115286,596.0013158016092,565.7045822483607,591.630615234375,10096217
2023-01-04,595.0079541475664,605.8353351605377,591.0346122166978,594.610595703125,7722662
2023-01-05,596.001333569816,608.3187187149485,594.0146624579165,605.3883666992188,5704967
2023-01-06,603.9480313580888,616.464035388166,601.6137170014005,607.57373046875,5415866
2023-01-09,610.9510098232038,613.9310164337991,597.7396593085758,604.39501953125,3969535
2023-01-10,604.4446851874432,608.9643498367902,595.554319844957,596.2000122070312,4073524
2023-01-11,596.0013195031065,601.5143195828324,590.3889494930966,595.852294921875,3576811
2023-01-12,598.4349839530174,601.7626336258413,590.6372639029089,594.4119873046875,2358813
2023-01-13,595.4550418213774,603.5506906424725,592.3756650622296,600.4713745117188,3272285
2023-01-16,600.9679961427237,608.5173219255576,595.8522939076737,600.17333984375,2170216
2023-01-17,602.9546824614638,606.5306662115263,597.1933483626337,605.3883666992188,1807515
2023-01-18,605.934676692389,605.9843313434891,594.461663382334,597.0443115234375,3291651
2023-01-19,597.143717935648,606.9280493073304,596.7463594457917,601.2163696289062,3615736
2023-01-20,603.947974129899,604.34533257476,584.3295983255149,586.6142578125,4255202
2023-01-23,591.03464946688,592.4749981332756,581.2999732483976,585.2733154296875,3884783
2023-01-24,587.0613203782058,590.78632875624,584.2303382622563,585.6209716796875,2219052
2023-01-25,586.0679629426196,587.8063001208393,576.2339169401928,581.1509399414062,1443501
2023-01-27,582.5415948304931,589.9419561609631,574.1975526838017,583.7832641601562,3632289
2023-01-30,582.8893170564959,588.4023175023256,579.4126424618511,584.0316772460938,2843943
2023-01-31,584.0316382547783,585.5712962039369,569.1316052724898,574.9922485351562,3073978
2023-02-01,579.0153483714636,580.7536856801104,499.0021472049483,512.26318359375,22671272
2023-02-02,495.67441386988276,501.8827607369905,479.8307005393463,489.4164123535156,17269387
2023-02-03,492.69441180004713,495.67441832303126,477.79437918512633,485.6417236328125,10593983
2023-02-06,483.75439474027735,486.4860674005151,470.54304454553267,478.8373718261719,7441590
2023-02-07,480.6750653765379,488.22442160044176,478.7877338991107,479.7314147949219,7117626
2023-02-08,481.5690480001035,506.89910376167,480.2777239497014,505.1607666015625,10571918
2023-02-09,505.1608163625392,519.216539607326,498.8531594401675,515.1935424804688,9516815
2023-02-10,516.3357712729234,524.8784927927562,514.8457680503418,519.0674438476562,7239045
2023-02-13,519.0674754638402,522.4944952101935,508.7368222017373,511.0711364746094,3063664
2023-02-14,511.96516160817424,514.0014873396586,504.26678085836556,508.637451171875,2233957
2023-02-15,507.3461145906599,516.534468109923,506.2534394606655,515.6404418945312,2497424
2023-02-16,515.5411720458496,518.5211788206811,509.2831699443821,511.17047119140625,1983991
2023-02-17,511.12080966231696,511.12080966231696,498.15779249184664,500.88946533203125,4312084
2023-02-20,502.92579137969443,519.2661737752986,496.9161232541236,504.5648193359375,6129396
2023-02-21,507.4951154124127,511.36911791045355,496.71741886610056,497.71075439453125,2669387
2023-02-22,497.2637619572769,498.4060917299927,489.21773827009747,491.1547546386719,2728046
2023-02-23,491.1547637880662,491.65143155190725,482.9100607197885,483.60540771484375,4158416
2023-02-24,485.2443890413802,486.7343922830631,478.7877083274212,479.6320495605469,2436219
2023-02-27,479.63206581446946,487.62840469013906,474.8143824402597,485.4430847167969,2587409
2023-02-28,487.6284302146704,488.42311686727857,481.32074321811314,485.54241943359375,3271808
2023-03-01,485.6417427068617,487.5787591485572,481.1717327468215,486.486083984375,1591916
2023-03-02,486.734425636789,487.97609508994407,478.440067626874,479.5823974609375,2618651
2023-03-03,482.06571896759453,489.2674015359568,478.39039570742983,486.68475341796875,2983486
2023-03-06,488.72109971618,493.4394436666919,485.74109301059354,486.8834228515625,3007451
2023-03-08,486.7344232479848,493.0421101018947,484.7477521326869,491.8997802734375,5589817
2023-03-09,491.7010824188931,493.2904253137931,486.7344048187023,487.97607421875,2336282
2023-03-10,484.3007394346555,487.87675350819546,480.9730895649431,486.9827575683594,2383642
2023-03-13,486.73440194660026,492.19774727457235,474.1190287908781,475.758056640625,2849642
2023-03-14,477.2480470413417,482.11538486670526,465.62600971322234,467.41400146484375,8530038
2023-03-15,469.89737828470106,475.26141460289216,462.0003787081567,463.5897216796875,6095528
2023-03-16,463.58970875885626,465.87436837574586,454.7489981993038,458.32501220703125,6790599
2023-03-17,460.95734695920265,474.1190429141098,460.90769230769234,468.109375,7640040
2023-03-20,466.8676967713091,468.25836044353366,455.04701008610846,462.14935302734375,3937830
2023-03-21,463.887680646362,480.77438422449507,463.391012894064,479.53271484375,4363583
2023-03-22,479.78105526218246,495.1777557933705,479.78105526218246,494.134765625,5604187
2023-03-23,494.1347721591392,501.6344432945983,490.85674671741015,495.2274169921875,4489138
2023-03-24,491.2043957029762,498.55507220475243,478.39037405182415,488.9693908691406,6424544
2023-03-27,483.40673234144117,496.1214453857575,483.40673234144117,489.6647644042969,2412510
2023-03-28,492.14811130811614,495.17777261569347,483.6054194990484,486.4364318847656,2494157
2023-03-29,488.0257106261781,494.6810704873275,483.45639165616376,492.6447448730469,3137010
2023-03-31,493.6877880050516,497.8598096068292,491.7011168259568,495.8731384277344,3459342
2023-04-03,498.7041117035875,505.11113826746674,497.9094553718146,500.3431396484375,2394944
2023-04-05,500.34312258182064,508.53814076975624,500.34312258182064,504.3661193847656,4270479
2023-04-06,502.72711685448024,513.4551587469088,501.88277559272234,511.22015380859375,2416882
2023-04-10,511.2201395914011,516.8324487922783,508.24010277566236,510.2764587402344,2375216
2023-04-11,513.3558125394661,519.3158259837209,509.33281559027256,510.1274719238281,3671457
2023-04-12,510.57446472208017,514.9948199761885,506.1541094679718,513.6041259765625,1950603
2023-04-13,516.1868359116705,529.944508843987,515.0444757930784,528.3054809570312,4153200
2023-04-17,538.8845442376704,538.8845442376704,525.7725026485134,529.84521484375,3417617
2023-04-18,533.4211916635812,536.4011983209197,525.9711750202351,528.7525024414062,2514020
2023-04-19,528.9511861789794,529.3981993070623,519.8621415453925,521.302490234375,1622301
2023-04-20,521.5011747756807,528.0571652929325,519.3158243937995,526.7161865234375,1561641
2023-04-21,532.4278487265079,537.6428603045194,507.991788412415,509.8791198730469,4452849
2023-04-24,547.3278987464022,551.8475634615517,528.4545229275608,543.90087890625,23496385
2023-04-25,542.5102089133787,543.2054952623823,524.4811452925909,526.219482421875,6700461
2023-04-26,525.4745415876076,533.3219172161716,525.0771830893026,528.0571899414062,4165761
2023-04-27,526.567164515298,526.567164515298,512.6108118000568,514.3988037109375,7978904
2023-04-28,513.6537640645516,527.4611517999351,513.008132364993,526.219482421875,4031679
2023-05-02,526.4677906999684,542.2121333969061,526.0207776199236,540.8711547851562,4239067
2023-05-03,540.374529475833,544.1988470231572,531.5338189885674,535.10986328125,2875460
2023-05-04,536.2024891653864,546.0861894864067,532.9741488000734,542.8578491210938,2312821
2023-05-05,539.3812056506995,545.0928850843856,533.9178601054347,536.1032104492188,2159574
2023-05-08,538.3878413034813,547.3278608085207,536.4011703023615,545.8875122070312,1970280
2023-05-09,548.8178627092047,553.7348855505575,545.9371655133128,548.370849609375,1927306
2023-05-10,549.7118547331976,559.7445183890842,547.4768500013867,558.9002075195312,3191516
2023-05-11,558.3042704251302,565.6053235742485,557.310934809881,563.61865234375,1620276
2023-05-12,563.6185888665336,565.2079014205791,554.9269032119993,556.91357421875,1433810
2023-05-15,556.1685474177048,559.2975177346799,552.5925033903811,555.572509765625,1984609
2023-05-16,558.4532583450983,559.744582434442,550.3078947092828,555.771240234375,3027008
2023-05-17,558.2545491952535,558.999550817845,548.7185526774368,556.3671875,1395385
2023-05-18,560.2413016341076,565.0093005861654,555.5726119948107,557.8076171875,1745334
2023-05-19,561.1352477444619,561.1352477444619,551.251547401832,553.8838500976562,1484899
2023-05-22,553.2878970191592,565.4066027599786,550.8045581635974,563.2212524414062,1975841
2023-05-23,563.9166291445621,569.9262973658347,557.4102931260207,558.949951171875,3425506
2023-05-24,558.8505402483546,568.1382637531382,555.1752473208329,562.2279052734375,1529396
2023-05-25,562.2278813038232,569.8765766203828,559.2975295141066,568.237548828125,1307797
2023-05-26,568.1879146797901,574.9922387073798,565.5555513132225,573.353271484375,1467444
2023-05-29,573.452580817096,584.5282960632754,571.1679212577427,575.19091796875,2794717
2023-05-30,572.1612608945898,585.0746226856136,567.1945832826576,581.2503051757812,2653926
2023-05-31,598.9813304644525,599.6766774679498,580.3562890942892,588.4022827148438,10027475
2023-06-01,589.4949707812268,590.4883062916415,577.1279315508874,578.3199462890625,1659264
2023-06-02,581.3993051044267,582.0946521388036,569.1316348951793,572.5586547851562,3192761
2023-06-05,574.1975805177447,577.0782777535578,569.1812483084178,570.3236083984375,2230529
2023-06-06,570.3236693672558,578.866331431315,564.1153217543073,575.836669921875,3334157
2023-06-07,579.1146378719415,591.53133250899,578.8166493263307,590.4883422851562,3440284
2023-06-08,590.488339036909,593.4186910808111,585.8693044059793,589.9420166015625,1675907
2023-06-09,584.0316504280132,589.7433298569415,572.9062801103355,577.8233032226562,3023579
2023-06-12,582.04496800992,587.061300328675,577.5749581089402,580.5053100585938,3327440
2023-06-13,578.3695944929756,583.0879381148591,577.1279251187957,580.902587890625,3288950
2023-06-14,580.9026060588034,585.5216405265713,577.9225994675697,581.1509399414062,5344073
2023-06-15,581.1509762817066,581.1509762817066,570.174630109972,574.2969970703125,2074065
2023-06-16,575.841678546754,612.9156105713633,574.6457334824197,607.4840698242188,11422524
2023-06-19,607.8827385342007,626.8681611374916,600.0593076573691,624.4264526367188,7087287
2023-06-20,624.8749593818012,642.6644374826446,622.0844613620231,641.5183715820312,10400684
2023-06-21,642.8139144956833,657.7132569275593,637.8806792652908,640.3223876953125,7689046
2023-06-22,640.3224272869749,653.5773385188518,635.0902206826844,636.8342895507812,4577233
2023-06-23,640.2726152336759,640.8207390034007,621.6857996388843,624.7753295898438,4159293
2023-06-26,617.8488736287829,630.2068109718616,614.6597069237546,628.1139526367188,3749962
2023-06-27,638.8275062537707,671.7156618019367,634.9406999031243,664.938720703125,30050877
2023-06-28,664.9387320460809,669.6726333042224,639.3756409207987,649.7404174804688,21909643
2023-06-30,649.7901963406838,655.2715553588951,636.3359514778016,648.992919921875,8681796
2023-07-03,648.7935999663824,654.7732644822016,641.8671430698998,648.49462890625,2795761
2023-07-04,652.1821342195043,655.0224506784996,642.4152996814025,644.8071899414062,3340982
2023-07-05,644.807134788935,673.6590272515632,642.8637317224445,671.3169555664062,5871642
2023-07-06,672.2637886613505,675.4031369458299,657.2648086063491,658.9092407226562,4788193
2023-07-07,658.3610336979921,676.698695734031,654.4742882901625,655.8695068359375,5425784
2023-07-10,657.7631293402778,672.4631386702309,656.8163369126894,665.9851684570312,3676990
2023-07-11,668.7258343021849,682.479050919492,668.4766816068413,670.2705688476562,5004622
2023-07-12,673.6092392858301,675.2037921758874,667.4800587598533,669.4234619140625,2912240
2023-07-13,673.7088886597106,688.5085344417015,673.7088886597106,678.2932739257812,3997060
2023-07-14,681.53226957494,682.4790619982739,658.3112501576265,667.779052734375,6273380
2023-07-17,670.6692464592277,672.5627704721809,659.8559828397521,664.888916015625,2439405
2023-07-18,664.7393624473187,664.7393624473187,651.135601538182,654.3247680664062,5855926
2023-07-19,655.7698550872278,658.2115635218279,646.850176959517,656.8162841796875,4866371
2023-07-20,657.7630801790808,660.6033964212647,649.3417073656751,658.8095092773438,2754328
2023-07-21,660.2546360270742,660.2546360270742,631.5024396046091,645.1061401367188,5964750
2023-07-24,651.3847665100922,657.9624340039368,643.8603674596361,650.9363403320312,7781836
2023-07-25,650.9363423709333,657.7631017471431,647.7969941449136,649.5908813476562,4754351
2023-07-26,649.790191410928,657.763077195111,645.8037485188363,656.3677978515625,1841832
2023-07-27,656.3678459227481,665.9851644355904,654.9726273053075,660.204833984375,3364659
2023-07-28,660.7529628620555,662.1980606930993,652.2817710304906,657.0654907226562,1664766
2023-07-31,649.7902236178747,652.7800559351349,642.2658244517621,644.6576538085938,3738008
2023-08-01,638.9770412832812,644.6078558286159,635.8376929195231,640.5715942382812,3370855
2023-08-02,640.571566868462,642.7143043367179,634.8410549906033,640.6712036132812,2536221
2023-08-03,634.9407150767381,638.7777031460292,626.9678286927098,630.5556640625,2670399
2023-08-04,633.7946202961077,642.0664773772181,632.997343859668,640.0234375,2032172
2023-08-07,642.8139653482489,647.5478666434492,637.0834532540591,646.60107421875,1676683
2023-08-08,647.7970181331478,652.6305561679,639.923768504519,643.262451171875,3542734
2023-08-09,643.8105403690671,649.7902048306993,640.9702240811088,643.6112060546875,2176168
2023-08-10,642.8139252662659,649.2918950557709,635.9372868507053,637.8308715820312,1472754
2023-08-11,637.8309091059717,639.7244939486983,629.8580227421471,631.4525756835938,1288176
2023-08-14,629.9576474140398,635.8376753259581,623.4796773676154,630.60546875,1927044
2023-08-16,624.9745923476083,627.6654536043741,617.5498907403379,623.03125,1800138
2023-08-17,623.0312177871125,628.8115478145977,620.0912039887347,626.2702026367188,1800092
2023-08-18,620.8884774266459,625.3234072882087,614.6596604380159,623.8284912109375,2392364
2023-08-21,622.8817340525096,627.2169665901974,620.8885125035416,623.03125,1207075
2023-08-22,622.8817435523125,651.833274826965,622.0844670862245,633.6949462890625,8186967
2023-08-23,635.8376746338494,636.3359800214935,627.9644251777551,631.053955078125,1544136
2023-08-24,632.8478466641988,635.3393736195696,626.3698765802345,628.3630981445312,1518585
2023-08-25,627.8647826947309,633.6949313455788,623.6291869384569,626.1705322265625,1938963
2023-08-28,626.8681870179138,630.1071720859713,622.5329544119855,625.2237548828125,2531965
2023-08-29,626.2701992808127,633.8444164033731,623.928127597442,632.7481689453125,3656025
2023-08-30,634.3427453911773,637.7810646606845,632.0007344488587,634.890869140625,1858995
2023-08-31,632.8478038324871,645.7041063833925,629.1603320224507,642.5647583007812,4473826
2023-09-01,642.564770356108,645.8037552396402,636.3857716434037,639.17626953125,1271599
2023-09-04,642.8139114767552,643.6610062535866,631.851193606609,637.8806762695312,1384829
2023-09-05,641.8172994360235,645.9033790296882,633.8444137287437,638.7776489257812,3759460
2023-09-06,641.319024231113,648.9929392508192,637.1332468723375,645.3552856445312,2898323
2023-09-07,645.8037648398839,655.5207196349285,640.8705294705874,654.5241088867188,2349089
2023-09-08,656.9658095111189,658.560362357825,650.7369924094667,655.2217407226562,1693851
2023-09-11,655.7698604548249,675.2535880640781,654.1753076178622,666.3837890625,4083029
2023-09-12,666.3838149889081,668.0281862606971,654.274969814863,658.7098999023438,4061914
2023-09-13,653.7766682183601,656.7166821694522,640.5217570802016,647.996337890625,4423644
2023-09-14,648.0959892066271,653.1787407689569,640.8207425532524,643.262451171875,3735579
2023-09-15,639.0268225076958,644.6576367256805,638.1298485049691,642.7142944335938,6827895
2023-09-18,642.5149433557924,663.2942525366743,642.4152457868169,657.7132568359375,4012209
2023-09-20,657.1152863731205,657.1152863731205,643.5614042426495,646.0031127929688,1596867
2023-09-21,643.8603544460221,651.6837852281172,639.2261510161429,642.0664672851562,2420603
2023-09-22,641.2193576783706,653.7766283426603,640.0732310260269,647.2488403320312,1925717
2023-09-25,649.9895726155607,650.7868490858414,637.8807271259071,639.9237670898438,2079256
2023-09-26,637.8806900242745,646.650852343846,635.9871661210296,642.0664672851562,1968753
2023-09-27,645.7041417278527,647.3485130001375,637.6315579999581,646.0031127929688,1452570
2023-09-28,643.0133025971221,648.4448436419683,631.2034280784259,632.5488891601562,2418577
2023-09-29,633.3959796230348,637.2329676869801,628.5126232165985,635.23974609375,1830734
2023-10-03,632.2996839409225,635.3393344735298,626.4196563572235,631.4027099609375,3454441
2023-10-04,628.8613638386166,629.8579745578537,622.1342414837661,623.3800048828125,2357914
2023-10-05,623.8783187592564,625.6223875417304,617.7990176202354,622.23388671875,4050085
2023-10-06,622.4332646907276,634.0438048740625,620.63937741144,628.7617797851562,3713370
2023-10-09,622.881716024955,627.4162827519582,611.2711765069329,613.0651245117188,3308557
2023-10-10,614.0118396455134,622.6325466961928,613.0651081250948,619.1444091796875,4054232
2023-10-11,624.825156779206,624.8749751538302,616.9020887084863,619.3936157226562,3102088
2023-10-12,619.9417344139197,624.1773303032585,616.9020836472298,622.532958984375,2810053
2023-10-13,621.1376379135845,630.8545925379848,612.417294019892,623.130859375,5462771
2023-10-16,630.8546257926313,632.8478473591166,617.5498961676591,627.9146118164062,3399593
2023-10-17,630.3562882141377,643.710896359003,628.4128851203883,639.624755859375,4443295
2023-10-18,639.4753430010736,646.2522842632245,635.5885365567466,642.81396484375,2187089
2023-10-19,636.8342895507812,642.0664961550717,627.0176976816684,636.8342895507812,3371397
2023-10-20,634.7912346198432,639.7742884109899,627.8647776844906,637.7810668945312,1853937
2023-10-23,635.8376461915234,642.5149502529234,619.6925401884,623.130859375,2502483
2023-10-25,623.130880332977,625.8217415620488,605.6403735864507,614.3607177734375,2821496
2023-10-26,609.7762956792878,612.8658256665537,600.6573433258984,603.796630859375,2011512
2023-10-27,603.9959337523717,613.5135542630883,603.9959337523717,606.587158203125,1348147
2023-10-30,607.7332051647105,615.9054252380582,598.7138903102968,605.5406494140625,1882245
2023-10-31,605.0423408795415,618.8952541524341,602.4013589811794,616.2542114257812,2661284
2023-11-01,619.6925551489687,621.8352926030367,614.8091989475822,617.948486328125,1947740
2023-11-02,619.8919111021404,624.6756307263371,615.9054679439273,617.2010498046875,1651263
2023-11-03,619.8918793707443,622.8817115863587,617.4999892669358,619.9915161132812,1450553
2023-11-06,619.9915369839359,624.1773143923597,617.3007365619367,619.6925659179688,1789823
2023-11-07,621.2871854744232,621.8851276119628,612.6166595103282,620.3403930664062,2747838
2023-11-08,621.8850994318182,622.73219422633,615.4071296460701,616.6528930664062,1332249
2023-11-09,616.6529159108693,622.8817332433023,611.1217382853276,619.2440795898438,2235630
2023-11-10,618.7457656452249,629.3596945642046,617.9484892033596,624.6257934570312,2449660
2023-11-13,623.0312701993696,626.0709209944358,614.9088677926698,618.9451293945312,2047300
2023-11-15,630.8047909308556,637.2329424804079,624.8749447598996,633.9939575195312,2033627
2023-11-16,634.7414378784023,637.5319359308808,629.8580206653432,632.7980346679688,1753550
2023-11-17,630.7050952757727,657.7631017471431,629.8580004609006,649.5908813476562,4306473
2023-11-20,652.7302491577524,652.9794018552835,645.3054866056651,650.1889038085938,2178344
2023-11-21,652.7800493727699,669.7722507060512,652.032591300969,665.6363525390625,5077816
2023-11-22,667.4800774539328,673.0610735537338,663.0451472671166,666.2343139648438,2664154
2023-11-23,665.7858054346776,674.7054838940613,657.2647956102414,662.7461547851562,2184014
2023-11-24,663.7925588416192,669.9715574801324,660.8027266773345,665.7359619140625,1511079
2023-11-28,665.7857989370109,674.4065062501978,665.7857989370109,671.0180053710938,1900825
2023-11-29,674.7055076627055,678.1438270683001,669.0248139701964,673.360107421875,1829510
2023-11-30,674.6058399766048,690.6512486957961,672.2637682207039,688.4088745117188,4637116
2023-12-01,691.6977056170581,692.6444980318254,677.7451545775681,679.8380737304688,2106753
2023-12-04,687.4621217217516,687.4621217217516,669.971614244436,672.6624755859375,4817286
2023-12-05,676.6987271119298,678.9909197656484,665.4370373389072,670.4699096679688,4028068
2023-12-06,674.7054708263025,679.4891902115544,672.7620677180868,675.0542602539062,1627777
2023-12-07,678.5922619604492,683.3759812393788,673.2603581241945,676.0010375976562,3853936
2023-12-08,678.1438067838355,681.6817628317038,664.7393798373487,668.9749755859375,2713075
2023-12-11,668.7756663319956,672.2139857636065,664.9885574510993,670.2207641601562,1897948
2023-12-12,674.6058276112952,708.1915605567802,673.0610323168346,704.9525756835938,10749420
2023-12-13,704.1054749897918,704.6037803507187,686.8641216673773,695.8336181640625,4757264
2023-12-14,699.6207276838729,701.6139491302657,676.7983177913588,682.2298583984375,6251731
2023-12-15,685.6681889034074,685.6681889034074,661.0020730961991,670.8186645507812,8720610
2023-12-18,671.5162920700591,672.5129027916911,664.5400170186342,669.9715576171875,2050286
2023-12-19,670.7190596746154,671.7654888353433,662.0485336617511,663.7926025390625,3794818
2023-12-20,669.6228211004444,671.7156794499047,638.1298833117503,641.9169921875,3772684
2023-12-21,638.8274960057598,646.5014110095532,634.9905689180098,642.0166625976562,2755102
2023-12-22,643.810577239881,646.8004096419238,634.9407167825024,637.681396484375,2854029
2023-12-26,638.8274786778752,643.7108955919089,631.8512035597081,635.837646484375,2202221
2023-12-27,640.8207045322918,643.8105367462838,636.2363194688209,641.6179809570312,2353373
2023-12-28,644.8071338902873,648.7437583880424,642.0664544185744,645.9033813476562,3566880
2023-12-29,645.9033972520994,647.647466049771,640.8207068016304,644.5081787109375,1653662
2024-01-01,644.8071533728673,650.1389965385284,642.1661105617387,646.5014038085938,1343888
2024-01-02,647.2986989630737,652.0824185218532,640.4220602778757,643.312255859375,3005450
2024-01-03,641.8173464554446,646.2522766206794,633.9440969113967,635.0404052734375,1893956
2024-01-04,635.837677855142,646.8003964388514,635.837677855142,645.7539672851562,4412550
2024-01-05,646.3020521590827,652.331534851655,640.2725694665104,644.5579833984375,1394951
2024-01-08,644.8071374042844,651.9329284008877,639.5251127411285,643.6610107421875,2064691
2024-01-09,644.8071453889936,648.594254015419,636.4355908857023,638.7278442382812,3648496
2024-01-10,639.8240853172953,648.1457605380027,639.2759615843172,642.7640991210938,3288472
2024-01-11,643.8105432735467,650.88645525375,637.7312420414448,641.8173217773438,2800658
2024-01-12,644.6576758388255,646.4017447501617,619.1942818989779,635.4390258789062,7076942
2024-01-15,634.8410531124551,634.8410531124551,609.7762682069176,612.3674926757812,12433539
2024-01-16,613.6630932766967,614.7593408131892,606.9857888252823,609.1783447265625,8761562
2024-01-17,608.9291790922082,616.4037598502958,603.049151231195,604.5440673828125,10183042
2024-01-18,605.9393245462657,610.2247385246022,598.5643808043529,605.739990234375,3658639
2024-01-19,612.4173426053121,616.3041490947442,607.7332596337212,613.8126220703125,2563065
2024-01-23,598.2156402750585,611.6698862454264,580.824769429183,584.1634521484375,5994679
2024-01-24,588.0003250870905,588.996935807577,574.7454146702769,579.6786499023438,6144401
2024-01-25,582.1702286915689,584.5620581373533,575.3434081496237,577.0376586914062,3725167
2024-01-29,573.1010345258405,582.020713447241,573.1010345258405,576.5891723632812,4399011
2024-01-30,581.0240948751698,581.6220370222823,569.612889079458,573.0512084960938,5895638
2024-01-31,571.5562828635589,576.0410313777454,569.363726979853,574.645751953125,4068280
2024-02-01,575.2437581670816,589.3956435018678,565.2776503014991,585.1101684570312,8911872
2024-02-02,587.9505526030855,587.9505526030855,574.5461252007395,576.8383178710938,3006965
2024-02-05,576.8383229629214,579.9776713364912,559.6467865410692,561.440673828125,3750294
2024-02-06,562.0884684896931,593.0332204137596,560.3443996601595,590.7410278320312,15915028
2024-02-07,594.9765973580044,611.9189795273278,593.9799866421619,603.0989990234375,7560296
2024-02-08,603.0990065389036,613.9620269799816,588.0999664159314,589.694580078125,7782663
2024-02-09,589.6946060289501,592.1363145863025,580.276622066759,582.0206909179688,2453771
2024-02-12,582.0206540341943,584.5121808066009,570.4599941415436,575.2437133789062,2799522
2024-02-13,575.293579314698,591.9868100700401,572.7522339623796,587.5518798828125,5011128
2024-02-14,580.4261357634682,584.9607025933731,576.4396926904452,583.3660888671875,1572158
2024-02-15,584.8610122253102,587.3525391766464,580.0274742710362,583.116943359375,1737411
2024-02-16,586.5054528309876,591.9868122032399,581.721733180863,590.4420776367188,2973324
2024-02-19,592.2857471186575,592.2857471186575,582.4193373478979,583.2166137695312,2785107
2024-02-20,578.2336026677815,587.5020710117219,574.2969778125611,585.9573364257812,3523966
2024-02-21,585.9573333454446,589.246136827193,572.5529058895938,575.492919921875,3321288
2024-02-22,576.0410142637344,577.4362936469014,565.1281143711071,572.702392578125,4195869
2024-02-23,575.2437349464442,581.3728545393886,573.7986371986094,578.7318725585938,2561028
2024-02-26,566.8223887467835,578.9810525919341,565.3274725566822,574.3966064453125,4199991
2024-02-27,574.0976067180487,589.9935602450389,570.9084401726874,579.6287841796875,6321068
2024-02-28,580.0274815901099,588.8973419801084,576.190554367954,578.6322021484375,3434747
2024-02-29,579.0308550542983,583.9142721390857,573.5993142138616,580.0274658203125,2750947
2024-03-01,582.9176285687978,594.7772595199789,581.0240438886166,587.9505004882812,3460443
2024-03-04,592.9833745951532,618.3969477920884,585.6084309831579,608.2315063476562,7272987
2024-03-05,609.7264607104568,613.513569494339,601.7037561277458,605.640380859375,4342310
2024-03-06,609.1783403836005,616.0050999077062,602.65055192838,611.8692016601562,4896598
2024-03-07,609.4773253522222,622.0346579864337,609.4773253522222,619.8421020507812,3682063
2024-03-11,622.8817477103337,626.8681908956797,616.8024461839991,618.7457885742188,3777242
2024-03-12,616.15461698978,627.6654593752443,612.9654503164505,619.4434204101562,4975736
2024-03-13,621.1376345802461,624.5759537483943,602.0026964876873,607.9823608398438,2840155
2024-03-14,600.9562949046115,622.3834264808124,596.1725753695371,620.1410522460938,3750622
2024-03-15,617.898668606356,632.6484956267846,609.2281428650921,630.206787109375,4896049
2024-03-18,632.7980223530726,634.3925752582301,626.1207180096743,631.9508666992188,2911589
2024-03-19,631.8512394237896,634.3427663931262,621.2373102030971,630.3563232421875,3861068
2024-03-20,627.8647517893999,630.3562785822149,617.3007025191803,624.2769775390625,1712459
2024-03-21,626.8681749502498,636.8342826601107,617.8986780113751,620.1410522460938,7197320
2024-03-22,621.7854749035519,626.5193759938197,613.9122256010522,621.735595703125,3636733
2024-03-26,636.6847798869129,640.6214046794203,623.3800501502756,624.7753295898438,13822598
2024-03-27,625.3732384971602,636.2363198796627,621.9349192831907,624.2271118164062,13848953
2024-03-28,624.2271545279567,636.585152863993,624.2271545279567,631.2034301757812,6878964
2024-04-01,635.8376788890188,635.8376788890188,625.8715710694416,632.5986938476562,3874744
2024-04-02,628.9610245479985,639.4753166992668,628.9610245479985,629.7583618164062,5179918
2024-04-03,627.7152529908894,627.8647689338574,618.2973301195155,621.9847412109375,3822465
2024-04-04,622.8817521364755,624.376668341603,616.0051132615704,620.2905883789062,3858229
2024-04-05,618.8952908673218,628.3132748505268,614.2112080622484,627.266845703125,3860995
2024-04-08,627.8647725954638,633.744800352675,624.4264533417825,632.4491577148438,3403360
2024-04-09,636.8342636793795,636.9837796218889,630.5058098035539,631.8013916015625,2873703
2024-04-10,633.8444724048421,634.9407199597584,617.8986995141543,619.3936157226562,6753666
2024-04-12,618.8952744282727,621.8851066718876,614.1613733758826,616.4037475585938,5081775
2024-04-15,607.9823631479192,614.4105145165487,602.0525171438611,610.87255859375,2594888
2024-04-16,606.985772341062,609.0288122372024,598.5643992377433,602.5508422851562,4970256
2024-04-18,615.9054700356849,621.8851347933129,602.1024348848118,603.5973510742188,11984298
2024-04-19,597.9664349755651,602.3515464967026,579.1304679425183,599.5111694335938,10243493
2024-04-22,599.8101606627675,606.7864359721613,596.0728703184495,603.8963012695312,3076888
2024-04-23,603.9959663116692,607.0854963046947,595.9732614956562,599.1126098632812,4527775
2024-04-24,598.0162445150053,599.0626735951013,590.9901511734579,592.1860961914062,4095087
2024-04-25,593.4319063337588,594.3786987487413,583.6152535674797,592.6844482421875,6150372
2024-04-26,594.9766176731074,601.3549508036002,585.0105101743953,585.8576049804688,3094364
2024-04-29,588.0003423742348,589.9437455019777,569.0647381282848,573.1508178710938,8879207
2024-04-30,574.5959023430875,586.5054126934297,574.0975969797115,581.671875,9926485
2024-05-02,582.3196744185091,584.5620487036612,571.4566532674162,574.3966064453125,8292342
2024-05-03,579.828130314269,579.828130314269,563.3342343361621,563.9820556640625,8574215
2024-05-06,567.9684677418119,567.9684677418119,548.335224596707,553.1687622070312,8759027
2024-05-07,557.6036962322074,560.0454046548252,547.73722580134,550.4779052734375,7783593
2024-05-08,550.2287828979413,552.0725493231448,546.1427030639992,548.5844116210938,6715043
2024-05-09,549.182337005217,550.0294926325712,536.1765789927067,537.7213134765625,13570152
2024-05-10,540.9602842835098,551.9230021555453,537.7212994576812,546.6907958984375,7524779
2024-05-13,551.9230254339154,566.5233973651492,545.2956003923628,557.7532348632812,7867089
2024-05-14,564.0817198317253,566.0749414565724,558.1020549571841,559.6467895507812,5348599
2024-05-15,559.6467304925851,560.0952174765073,553.1189425257323,554.0657348632812,2415161
2024-05-16,555.1121869358176,566.2742394851049,548.833551385685,565.1281127929688,4543902
2024-05-17,565.1281078926963,570.0613432208429,559.5471120805925,568.2674560546875,3992575
2024-05-21,567.4702141381447,568.0681562871285,561.1416990579684,563.6830444335938,5583840
2024-05-22,563.6829984640718,564.8789434928037,557.7532133472977,558.5006713867188,3820060
2024-05-23,562.0884780434221,567.2708662477793,556.1586317565605,563.73291015625,7106820
2024-05-24,563.0850556423337,569.8619963587425,561.5403211951678,563.1846923828125,3433290
2024-05-27,563.2844389143854,567.3705188818458,560.1949089232091,562.337646484375,2624929
2024-05-28,565.0782966712654,577.984418081885,561.7396749816853,576.489501953125,5797999
2024-05-29,576.489515112315,576.489515112315,558.9990081722364,559.9457397460938,6259646
2024-05-30,550.8765832846456,561.9389381020571,546.3918349811071,548.8833618164062,6312875
2024-05-31,550.0294898327154,554.4145405765559,544.6975858952029,547.9863891601562,9707990
2024-06-03,567.0216833029848,567.3206543543777,545.1958841269412,548.2355346679688,9263670
2024-06-04,553.1189489459687,553.1189489459687,509.6667155225194,532.6386108398438,9783762
2024-06-05,538.1698344238274,552.4213567623547,534.2830279550035,550.079345703125,3234914
2024-06-06,553.1189503470073,556.8562405520546,548.5345653601323,553.3681030273438,3970217
2024-06-07,553.1688036948727,561.689813735515,551.6240691447695,561.0420532226562,3382962
2024-06-10,561.3410276552946,572.6027174204031,559.3976244484854,567.2708740234375,3863289
2024-06-11,569.5630558167933,574.944778313309,564.2810308943874,569.7623901367188,6417670
2024-06-12,569.7623614468192,575.7918441441154,567.6694424354307,570.7589721679688,4304369
2024-06-13,563.085058737725,596.3718812315902,563.085058737725,591.4884643554688,24352341
2024-06-14,597.1193587517602,599.7603407580208,592.0366073994988,596.322021484375,7308942
2024-06-18,594.8271211503192,602.9495233582817,589.7942488648057,599.1624145507812,5120280
2024-06-19,600.0592880189047,603.0989993665867,590.3423335339111,594.1793212890625,4453729
2024-06-20,594.179337620102,595.4749194213855,580.725092578782,588.0999755859375,6133067
2024-06-21,588.0,592.5999755859375,580.0,580.9500122070312,7263396
2024-06-24,580.0,582.4500122070312,575.6500244140625,579.5,3226301
2024-06-25,579.0,592.25,576.9500122070312,590.9500122070312,6593288
2024-06-26,591.6500244140625,599.0,587.2000122070312,589.0499877929688,3672989
2024-06-27,589.0499877929688,595.0,586.5999755859375,593.25,4772196
2024-06-28,594.0,599.7999877929688,590.0,595.0499877929688,3646272
2024-07-01,590.1500244140625,603.0499877929688,589.5999755859375,600.75,3342913
2024-07-02,603.7000122070312,603.75,586.5,589.7999877929688,6477279
2024-07-03,592.4000244140625,598.8499755859375,590.5,596.1500244140625,2134587
2024-07-04,596.0,607.2999877929688,594.2999877929688,603.9500122070312,5028421
2024-07-05,606.2000122070312,608.7999877929688,600.6500244140625,607.3499755859375,3493050
2024-07-08,609.0,622.0499877929688,608.5999755859375,620.9000244140625,6800857
2024-07-09,622.0,629.3499755859375,620.9000244140625,623.6500244140625,5000797
2024-07-10,624.0,640.75,615.5999755859375,632.75,6186968
2024-07-11,635.9500122070312,636.5999755859375,629.2999877929688,634.25,3573349
2024-07-12,634.0,636.4000244140625,627.0999755859375,635.5499877929688,2643647
2024-07-15,635.5499877929688,648.0,630.5,638.0499877929688,6951688
2024-07-16,642.0,655.0,633.3499755859375,646.75,9167071
2024-07-18,646.75,651.4000244140625,641.0999755859375,648.9000244140625,3975243
2024-07-19,644.6500244140625,646.0,634.1500244140625,635.9000244140625,2496778
2024-07-22,631.9000244140625,641.0,628.9500122070312,637.4000244140625,3854108
2024-07-23,642.0,649.7000122070312,623.25,643.9500122070312,9082995
2024-07-24,639.5999755859375,675.0,639.2999877929688,672.7999877929688,12377638
2024-07-25,666.0,685.5999755859375,665.5499877929688,683.1500244140625,9386864
2024-07-26,683.1500244140625,709.7999877929688,682.0499877929688,703.3499755859375,8933046
2024-07-29,703.5499877929688,710.0,693.75,696.8499755859375,4676765
2024-07-30,696.0999755859375,708.3499755859375,683.9000244140625,697.2000122070312,6134510
2024-07-31,697.2000122070312,719.0,693.0999755859375,715.5,6683204
2024-08-01,715.0,722.5,710.0499877929688,713.5999755859375,4074648
2024-08-02,707.5,712.75,699.0499877929688,707.4000244140625,2710858
2024-08-05,693.0,713.9000244140625,690.0499877929688,710.9000244140625,9327217
2024-08-06,711.6500244140625,719.0,677.2999877929688,679.5999755859375,6106310
2024-08-07,682.0999755859375,697.7000122070312,682.0999755859375,696.25,5154327
2024-08-08,691.0999755859375,713.2000122070312,689.7000122070312,710.3499755859375,5953315
2024-08-09,714.2000122070312,715.0,701.4500122070312,702.4000244140625,2848313
2024-08-12,698.5999755859375,713.6500244140625,692.2000122070312,702.4500122070312,3723417
2024-08-13,698.0999755859375,707.2999877929688,677.5,685.0,5741391
2024-08-14,686.0,690.5999755859375,676.4000244140625,686.3499755859375,2962358
2024-08-16,664.6500244140625,690.5999755859375,664.6500244140625,689.4000244140625,4584181
2024-08-19,689.4000244140625,689.4000244140625,678.5,685.7000122070312,2352893
2024-08-20,687.0,713.0,684.0499877929688,710.5999755859375,6828474
2024-08-21,714.3499755859375,727.5999755859375,708.6500244140625,724.5499877929688,6186935
2024-08-22,726.0,729.9000244140625,720.0499877929688,726.0,3889249
2024-08-23,725.0,730.5,723.4500122070312,729.0,3898989
2024-08-26,734.0,734.0,719.25,725.6500244140625,2131814
2024-08-27,724.0,742.4500122070312,719.2999877929688,739.5499877929688,5627130
2024-08-28,739.9500122070312,746.5499877929688,734.0499877929688,742.0999755859375,2995930
2024-08-29,740.0,748.5,731.8499755859375,736.9000244140625,3962913
2024-08-30,736.9000244140625,742.7000122070312,733.5,738.7000122070312,6227807
2024-09-02,743.1500244140625,754.0,739.8499755859375,745.2999877929688,3073926
2024-09-03,754.0,761.2000122070312,741.6500244140625,758.75,6268050
2024-09-04,751.7000122070312,759.4500122070312,748.4000244140625,758.7999877929688,3031650
2024-09-05,758.0,758.6500244140625,750.4000244140625,751.8499755859375,1759438
2024-09-06,750.0,754.0999755859375,736.0499877929688,738.4000244140625,2765612
2024-09-09,735.0999755859375,749.0,731.25,735.7999877929688,2635184
2024-09-10,730.0,732.1500244140625,701.2000122070312,702.9000244140625,7366304
2024-09-11,701.0,704.2999877929688,696.0,700.1500244140625,4604184
2024-09-12,703.1500244140625,715.9500122070312,698.2999877929688,714.5499877929688,3487862
2024-09-13,712.0,713.75,703.1500244140625,705.4000244140625,1886832
2024-09-16,708.8499755859375,709.2000122070312,698.0,701.3499755859375,2754818
2024-09-17,701.3499755859375,702.9000244140625,691.5499877929688,698.9000244140625,2985585
2024-09-18,698.9000244140625,705.2000122070312,693.4000244140625,698.7999877929688,1527865
2024-09-19,700.3499755859375,708.0999755859375,697.75,701.5,2202499
2024-09-20,702.0,721.0,702.0,711.0999755859375,7891171
2024-09-23,718.8499755859375,730.0,714.0499877929688,727.5,2943802
2024-09-24,727.5,728.9500122070312,715.1500244140625,720.7000122070312,3212859
2024-09-25,722.0,723.0999755859375,710.0999755859375,716.5499877929688,1096265
2024-09-26,716.5499877929688,732.0,714.2999877929688,729.5499877929688,2797065
2024-09-27,729.4500122070312,740.6500244140625,726.3499755859375,730.2000122070312,4567661
2024-09-30,735.0,736.3499755859375,716.0,718.0,2488795
2024-10-01,716.0,723.3499755859375,706.5999755859375,710.2000122070312,1987048
2024-10-03,696.5499877929688,711.9500122070312,696.5,702.25,2542774
2024-10-04,702.25,713.5,701.5499877929688,708.7999877929688,2616851
2024-10-07,711.6500244140625,719.2999877929688,702.9000244140625,705.8499755859375,3474485
2024-10-08,700.5,712.5499877929688,699.7999877929688,710.0999755859375,3767320
2024-10-09,709.8499755859375,725.4500122070312,703.75,717.2999877929688,1743202
2024-10-10,721.0,726.2000122070312,713.2999877929688,723.6500244140625,2249443
2024-10-11,721.5,725.5,717.0,723.8499755859375,1984588
2024-10-14,728.0,741.5999755859375,726.2999877929688,740.5999755859375,3985624
2024-10-15,742.7999877929688,746.4500122070312,711.2999877929688,714.25,6665822
2024-10-16,723.4500122070312,732.4500122070312,714.8499755859375,726.7999877929688,5375005
2024-10-17,730.0,731.5,715.9500122070312,726.0999755859375,4310887
2024-10-18,726.0,744.0,720.0999755859375,742.4500122070312,3703858
2024-10-21,748.8499755859375,755.4500122070312,742.4500122070312,745.8499755859375,4508689
2024-10-22,745.7999877929688,749.75,724.3499755859375,728.2000122070312,3346783
2024-10-23,725.0,732.0,718.2000122070312,723.75,1668266
2024-10-24,725.0,735.0,711.0499877929688,714.8499755859375,1806714
2024-10-25,718.0,719.7000122070312,700.0,709.4500122070312,2852838
2024-10-28,710.25,721.7999877929688,705.7000122070312,718.25,1448334
2024-10-29,718.0,745.0999755859375,708.1500244140625,742.4000244140625,4585180
2024-10-30,744.25,745.0,724.5499877929688,727.0499877929688,1645358
2024-10-31,723.0999755859375,726.75,713.1500244140625,720.1500244140625,2028752
2024-11-01,721.9500122070312,726.0,720.1500244140625,723.7000122070312,198743
2024-11-04,720.2000122070312,727.5999755859375,706.0999755859375,710.8499755859375,2047984
2024-11-05,710.7999877929688,726.5999755859375,685.4000244140625,717.25,5036300
2024-11-06,717.0,718.0,704.3499755859375,708.7000122070312,2878220
2024-11-07,708.7000122070312,713.7000122070312,703.2999877929688,711.7000122070312,1935062
2024-11-08,709.5,719.8499755859375,707.0,708.5,1272302
2024-11-11,704.0999755859375,711.5999755859375,695.7999877929688,705.3499755859375,1888427
2024-11-12,707.5499877929688,719.8499755859375,696.0999755859375,700.0,2502158
2024-11-13,695.0,698.8499755859375,683.1500244140625,685.0499877929688,2080391
2024-11-14,681.5,696.7000122070312,681.5,694.0,1715862
2024-11-18,687.0,693.9500122070312,682.5,690.5,1666040
2024-11-19,688.0499877929688,693.0,668.2999877929688,680.4000244140625,6438490
2024-11-21,680.4000244140625,680.9500122070312,668.8499755859375,674.4000244140625,2194259
2024-11-22,680.0,691.2999877929688,674.1500244140625,688.2000122070312,1788502
2024-11-25,690.0,695.7999877929688,681.4000244140625,684.7999877929688,4622983
2024-11-26,684.0,693.4000244140625,675.0,682.4000244140625,1767673
2024-11-27,681.8499755859375,689.2999877929688,679.2999877929688,680.5499877929688,2422336
2024-11-28,682.0,690.1500244140625,638.6500244140625,657.7000122070312,13625371
2024-11-29,670.0,674.0999755859375,651.2999877929688,657.75,5934406
2024-12-02,650.0,664.0,639.0999755859375,640.2000122070312,4977558
2024-12-03,646.7999877929688,646.7999877929688,632.2999877929688,634.0,8256858
2024-12-04,635.0,651.0,635.0,650.25,7392523
2024-12-05,650.2000122070312,653.5,639.3499755859375,643.1500244140625,6163444
2024-12-06,645.0,647.4500122070312,635.2000122070312,636.5,6455327
2024-12-09,637.9000244140625,646.3499755859375,634.7000122070312,641.7999877929688,4027169
2024-12-10,641.7999877929688,644.4500122070312,630.3499755859375,633.2999877929688,6158405
2024-12-11,634.7999877929688,640.5999755859375,632.7999877929688,634.6500244140625,2396993
2024-12-12,636.0,636.7999877929688,619.9000244140625,626.5499877929688,3807072
2024-12-13,625.0,633.9000244140625,621.1500244140625,632.5499877929688,2573194
2024-12-16,632.5499877929688,636.4000244140625,628.5499877929688,634.9500122070312,2175242
2024-12-17,634.9500122070312,636.3499755859375,625.5999755859375,626.75,3179067
2024-12-18,623.1500244140625,629.7999877929688,620.2999877929688,624.5499877929688,4331195
2024-12-19,618.0499877929688,625.0,615.2999877929688,623.5499877929688,3779968
2024-12-20,619.7000122070312,626.5,618.2000122070312,623.7999877929688,3996244
2024-12-23,625.0499877929688,626.4500122070312,613.5999755859375,622.5499877929688,2924609
2024-12-24,622.5499877929688,628.0499877929688,619.0,622.5,1445089
2024-12-26,619.9000244140625,629.4500122070312,619.2000122070312,626.4000244140625,3523864
2024-12-27,626.4000244140625,629.4000244140625,620.5999755859375,621.9000244140625,726298
2024-12-30,620.3499755859375,623.9000244140625,614.3499755859375,617.4000244140625,1564417
2024-12-31,617.2000122070312,619.1500244140625,611.0499877929688,617.0499877929688,2645522
2025-01-01,615.0999755859375,619.5,612.6500244140625,617.2000122070312,1386549
2025-01-02,617.0,621.0999755859375,614.0,620.1500244140625,2449967
2025-01-03,619.0,624.0499877929688,615.6500244140625,623.0,2956679
2025-01-06,627.0,627.0,603.3499755859375,605.9500122070312,5743310
2025-01-07,606.0,620.7000122070312,605.5,619.8499755859375,2813892
2025-01-08,620.0499877929688,623.25,615.0999755859375,618.0,1861556
2025-01-09,616.0999755859375,621.0999755859375,609.9000244140625,612.2000122070312,2141675
2025-01-10,610.0499877929688,614.9000244140625,603.0,608.6500244140625,1966939
2025-01-13,607.0,608.4500122070312,597.2999877929688,599.75,2105862
2025-01-14,605.0,608.0499877929688,594.8499755859375,600.4500122070312,3122102
2025-01-15,604.5,604.5,584.2999877929688,594.2000122070312,5633587
2025-01-16,630.0999755859375,663.5999755859375,628.9500122070312,641.4000244140625,24198675
2025-01-17,640.0,649.9500122070312,633.4000244140625,642.2000122070312,3671715
2025-01-20,642.0,644.0499877929688,630.5499877929688,634.0499877929688,1956252
2025-01-21,636.0,637.0499877929688,622.9000244140625,624.0,1820019
2025-01-22,629.0,629.0,612.9000244140625,618.2000122070312,2296057
2025-01-23,618.0,625.2000122070312,612.5999755859375,621.0,1673008
2025-01-24,620.5499877929688,625.0,613.2999877929688,621.0999755859375,1793560
2025-01-27,618.0,619.75,606.4000244140625,610.2000122070312,1730503
2025-01-28,610.9500122070312,614.0,600.0999755859375,611.5499877929688,2662789
2025-01-29,612.0,629.7000122070312,605.1500244140625,628.3499755859375,2005819
2025-01-30,624.7000122070312,636.0999755859375,624.0,634.1500244140625,2899445
2025-01-31,638.0,641.0,630.1500244140625,638.0499877929688,1012392
2025-02-01,639.0499877929688,667.5499877929688,595.25,625.5,10039413
2025-02-03,615.5,630.3499755859375,610.0,621.4000244140625,3293387
2025-02-04,627.9500122070312,628.0,615.4000244140625,625.9000244140625,3244955
2025-02-05,626.0,639.0,624.7000122070312,627.8499755859375,4467504
2025-02-06,626.4500122070312,638.4000244140625,623.1500244140625,631.9500122070312,4837012
2025-02-07,631.9500122070312,637.5,624.5499877929688,635.7000122070312,2538330
2025-02-10,636.0,640.7999877929688,626.75,635.7000122070312,3394573
2025-02-11,632.25,634.8499755859375,612.9500122070312,618.5999755859375,2327875
2025-02-12,618.0999755859375,636.9000244140625,608.1500244140625,629.1500244140625,3378279
2025-02-13,629.1500244140625,640.0,627.6500244140625,629.5999755859375,2808139
2025-02-14,630.0,633.9000244140625,622.5,626.2000122070312,1693078
2025-02-17,626.2000122070312,627.0,613.9500122070312,623.25,1860572
2025-02-18,624.0,626.0,611.3499755859375,618.9500122070312,1887686
2025-02-19,617.0,624.0,613.7999877929688,622.8499755859375,2007325
2025-02-20,623.0,630.0,616.2999877929688,620.0,2881981
2025-02-21,617.7999877929688,623.9000244140625,613.4500122070312,622.8499755859375,1627631
2025-02-24,616.0,621.5,614.5,617.0,983443
2025-02-25,617.0499877929688,623.2999877929688,613.0999755859375,622.1500244140625,1606709
