Date,Open,High,Low,Close,Volume
2010-01-04,127.6284220116221,131.53449036849761,127.21965047842498,129.7631378173828,1042676
2010-01-05,131.44363612509594,131.48905826109467,128.7638964318492,129.62686157226562,551413
2010-01-06,130.716929872639,133.53293611048156,129.26351847640618,132.71539306640625,995851
2010-01-07,132.62456466237634,133.53295209157068,128.9910149455989,129.7177276611328,580803
2010-01-08,130.08107769160722,131.6707557000683,128.80934082919526,129.26353454589844,382686
2010-01-11,129.94482153524203,130.53526780630642,128.12804671856165,129.44520568847656,579567
2010-01-12,130.7169657129676,130.7169657129676,126.26587216656165,127.12883758544922,309096
2010-01-13,126.26581406141929,128.9909755159823,123.49523047710265,124.6307144165039,568627
2010-01-14,125.81165321209693,127.94636911781403,124.17655314185527,124.99411010742188,517203
2010-01-15,126.62920004702329,131.1257288378698,126.62920004702329,128.763916015625,1864430
2010-01-18,128.5367996127454,131.39821398909723,127.0833744261252,129.62686157226562,691462
2010-01-19,131.62530864235893,135.98557026958332,129.89937838992557,134.44131469726562,1543371
2010-01-20,136.34893801170534,140.5275112364758,135.80390009239653,137.98402404785156,2238831
2010-01-21,138.07487691122296,141.6630041640404,131.71616547452192,133.71461486816406,1115507
2010-01-22,131.7161714382634,138.0748831628692,128.9910092705752,136.8031463623047,762809
2010-01-25,137.16647090612025,138.0748581306641,129.5360237643076,131.57989501953125,660970
2010-01-27,129.89940320331152,130.716946350444,124.22198173463532,127.31049346923828,1038743
2010-01-28,128.99101492112484,133.53295206623488,127.67385592122137,132.26121520996094,793199
2010-01-29,128.99101413073285,135.2588818082215,126.53837085958044,134.35049438476562,904441
2010-02-01,134.16878332364013,136.16723234165067,131.71614071695043,134.94091796875,417317
2010-02-02,136.25808889485393,139.57369684693953,135.44054590584062,137.6660919189453,877414
2010-02-03,138.52906396484374,145.02402764900327,138.52906396484374,141.93551635742188,2106019
2010-02-04,142.16260244571666,142.16260244571666,139.84621222154792,140.84544372558594,955491
2010-02-05,136.25809807191996,138.80158534144059,130.21732793508772,132.71539306640625,898213
2010-02-08,137.80236684000874,137.80236684000874,130.80778657979528,134.75927734375,533258
2010-02-09,134.259681795972,138.80161951666864,132.39748455830758,137.16651916503906,751119
2010-02-10,138.07493198837832,138.98331969882818,135.39519101473053,136.3944091796875,395238
2010-02-11,137.1664966493798,137.93863147951114,135.44056614318137,136.12185668945312,205608
2010-02-15,136.12185668945312,138.07488404440883,135.30429971739204,136.12185668945312,204309
2010-02-16,136.53062353970793,138.029457145494,135.84933301691586,137.2119140625,319679
2010-02-17,138.61989901658043,141.98092904811966,137.21189601581835,139.7099609375,584525
2010-02-18,138.16573233908815,140.70920603029066,137.71153862838884,139.66456604003906,607890
2010-02-19,137.48442808184723,142.57138881856653,137.48442808184723,141.29965209960938,632934
2010-02-22,143.97942772831777,146.0687218807813,139.89168372341285,140.4367218017578,342134
2010-02-23,140.43666316394524,140.43666316394524,133.6691676039154,134.94091796875,1220032
2010-02-24,134.44133954566357,137.25734612104446,132.8970836879256,136.2126922607422,723246
2010-02-25,137.57523331865764,137.57523331865764,132.7607785736743,133.5329132080078,307061
2010-02-26,133.5329500702478,138.89243027700982,132.76081522276374,135.25888061523438,677344
2010-03-02,136.80315267710534,141.61759497354143,135.894765245945,138.52908325195312,1168171
2010-03-03,139.84624582497122,151.97322388489792,138.710761507034,149.70225524902344,2258245
2010-03-04,150.7923082315499,152.9724324447578,143.61605332392318,144.93321228027344,1517950
2010-03-05,145.38741769547485,148.0217358204558,143.38896802884523,145.11489868164062,857824
2010-03-08,146.61371792262455,147.11333375494434,143.11643481816884,144.43359375,551828
2010-03-09,146.2503639616392,146.2503639616392,140.8000398388452,141.11798095703125,317483
2010-03-10,142.61682609503,148.65759694259637,142.02637981160487,148.021728515625,1022096
2010-03-11,148.52132860838964,148.79384757984923,140.43668690739625,141.29965209960938,691260
2010-03-12,142.38972513095166,147.79462739564198,142.16262828066306,147.24960327148438,1126288
2010-03-15,145.4328457496806,146.6591605704162,143.52522643623408,145.65994262695312,250539
2010-03-16,144.433557239544,151.7006544591437,144.433557239544,150.33807373046875,983978
2010-03-17,151.7461046420337,154.15332549669048,149.52055847927528,152.60906982421875,1147875
2010-03-18,153.51743980856503,155.51588891555198,150.11098774180692,154.4258270263672,1357236
2010-03-19,154.4258527057927,158.87694526883845,152.33655898524196,158.2864990234375,1241408
2010-03-22,152.3819762651152,156.1972003204392,149.8839110804412,152.6544952392578,1056589
2010-03-23,153.60829324694245,156.69680442753506,151.70067443129483,153.88079833984375,603425
2010-03-25,153.8808035548329,156.19719394922427,153.5174541780575,155.1071319580078,294993
2010-03-26,154.15331486093865,162.60131912980472,154.15331486093865,161.92002868652344,894845
2010-03-29,164.37268531966762,168.46042832278067,161.2841739283385,163.28262329101562,2037744
2010-03-30,164.41811015350484,166.64365638616692,151.88236196630805,155.6975860595703,776190
2010-03-31,157.6052045476034,159.69449821580167,153.38120893261475,154.51669311523438,438401
2010-04-01,155.33424834402956,161.60211597846694,155.33424834402956,160.96624755859375,431262
2010-04-05,160.8754194748715,166.14405548269633,160.8754194748715,164.2364501953125,1308907
2010-04-06,165.68986568280494,166.1440594087566,162.69219818023808,163.8276824951172,1212356
2010-04-07,164.2364324868049,167.68830712245415,162.737585071658,163.5097198486328,541218
2010-04-08,161.46586519129136,165.28108961350634,160.73915247732373,162.14715576171875,356217
2010-04-09,162.60133717511175,165.053980270938,162.14714349585165,162.41966247558594,258720
2010-04-12,162.60134248045006,164.4181172567679,159.87618031597324,160.8754119873047,232898
2010-04-13,162.10173896200502,165.6444583615516,160.1487114734201,164.55438232421875,451685
2010-04-15,166.23486299693138,166.87073128539754,161.9200236568471,163.4642791748047,552758
2010-04-16,165.3264897933544,167.14326440646818,158.19564389252668,160.19410705566406,2936842
2010-04-19,163.50972414691137,167.37037041149122,156.42429999503366,165.41734313964844,2275598
2010-04-20,166.2349010072044,168.91464117475957,163.19179754823472,167.279541015625,1152243
2010-04-21,167.96080403021307,177.04467691147693,166.8707420566394,176.09088134765625,2206666
2010-04-22,175.31873731146072,178.45267051713023,171.68518835163772,172.5027313232422,724389
2010-04-23,173.04778752769667,174.22869383680924,171.7306286625249,172.7752685546875,1342164
2010-04-26,174.7737381374265,176.9084541685412,173.50200126414055,174.2287139892578,319104
2010-04-27,175.2278986505808,175.2278986505808,171.5943495744805,173.50196838378906,223929
2010-04-28,169.27801124598165,172.13942624340137,168.55129849493912,169.68678283691406,466426
2010-04-29,170.77684307406196,176.0000709872314,169.50510616999517,175.00083923339844,524902
2010-04-30,176.40882574782933,177.13553842122286,174.0470268854145,176.1363067626953,445536
2010-05-03,174.0016077697857,178.72521943763638,171.00392660297356,172.23025512695312,380979
2010-05-04,175.5912861346944,175.5912861346944,171.3672764335981,173.41114807128906,367751
2010-05-05,170.32264551630985,174.7737384414458,167.68832747668122,174.00161743164062,475360
2010-05-06,174.41038362052493,176.54509958940375,169.45967498264153,170.45889282226562,618201
2010-05-07,167.7791224053171,169.8229937190657,161.9200274114157,163.05551147460938,547166
2010-05-10,164.05474936049316,169.50507307531498,163.7368082661059,165.008544921875,645467
2010-05-11,166.87075880362312,168.41501457623997,162.3288219071669,163.64598083496094,411451
2010-05-12,163.10094297339612,168.86919402905764,160.7845525793127,168.05165100097656,558173
2010-05-13,169.3233994693093,170.18637855567772,164.6452100790071,168.23333740234375,366865
2010-05-14,168.05162941395506,168.41497874400824,166.0531803768857,167.7336883544922,236616
2010-05-17,165.3264978253366,168.86920294866596,158.15024329925254,163.55514526367188,565967
2010-05-18,162.87383970501534,172.54815855181798,162.87383970501534,170.95848083496094,755224
2010-05-19,169.86844949184774,174.31954235663554,163.5097374787839,164.2364501953125,675804
2010-05-20,165.9623715654312,188.03618767315362,164.55436835415443,178.22560119628906,3019195
2010-05-21,176.22715896648674,176.77219696125536,166.28031951864952,168.59671020507812,1266414
2010-05-24,170.50428306350707,175.68208758628606,168.96002751964517,169.95925903320312,1162938
2010-05-25,169.86841585377132,172.411902927503,160.3303497229446,163.05551147460938,912161
2010-05-26,166.77997228653132,168.86925272018453,160.87545276679205,161.96551513671875,4798012
2010-05-27,162.14715201858257,171.0493513721733,162.14715201858257,170.18638610839844,3913662
2010-05-28,169.8684565118137,176.86303724306276,169.8684565118137,174.31954956054688,2801348
2010-05-31,175.81834497988555,180.76905243778793,172.6389897862561,178.13473510742188,1019093
2010-06-01,178.22561578812292,179.45194439596824,168.18793164442894,169.8684539794922,894700
2010-06-02,170.59515312595187,172.41192789010282,165.41734782029997,168.505859375,859331
2010-06-03,171.14018397934882,173.22947781259157,168.18792487132313,170.00469970703125,2025558
2010-06-04,171.23103769862678,173.45658422279644,169.05091332003056,172.91156005859375,602858
2010-06-07,167.96082054395353,173.4111448085823,167.23412173071614,169.18714904785156,409845
2010-06-08,169.55048780499158,171.14016561566052,164.6452018192836,165.3264923095703,435836
2010-06-09,166.23488348227497,167.68830877292442,162.60133411654218,164.917724609375,399187
2010-06-10,165.32648601626227,166.41654798704863,163.50971144465498,165.008544921875,426924
2010-06-11,166.82537823554554,176.63596714887865,166.82537823554554,173.54745483398438,2215166
2010-06-14,173.72909514518426,177.86226070382327,173.72909514518426,176.4996795654297,767895
2010-06-15,177.77141551976425,177.95309023178814,172.36651313692445,174.63748168945312,722625
2010-06-16,176.22715351593473,178.36186942504622,171.7760608529301,172.6844482421875,882500
2010-06-17,173.55562557472925,178.92049463106554,171.99660822293373,176.6736602783203,501562
2010-06-18,176.12345116934412,179.65416537798112,176.12345116934412,179.05807495117188,766312
2010-06-21,180.25027195110152,187.72439351524253,179.74588020287462,184.01025390625,1497154
2010-06-22,184.33123978404083,194.41901907570474,184.33123978404083,189.28341674804688,4075681
2010-06-23,189.87951296021575,190.75072742622484,184.56049949292188,185.29415893554688,360762
2010-06-24,186.99075632865066,187.54100448194464,180.89224026436958,183.23077392578125,879714
2010-06-25,182.95565003839158,185.7068628209238,179.745901792104,180.20443725585938,393768
2010-06-28,179.01221787035254,186.48635330763958,179.01221787035254,183.87269592285156,562615
2010-06-29,184.14781634637447,190.97999089296715,183.41415692001647,188.5497589111328,1010248
2010-06-30,180.11267853403933,189.83363347860842,180.11267853403933,188.228759765625,529019
2010-07-01,187.08244370746627,190.15463649315564,186.16537290497868,188.50390625,286309
2010-07-02,188.50390481820966,191.2092608663214,187.9078004050865,188.8707275390625,340941
2010-07-05,187.99949054149684,192.49313130342614,187.99949054149684,190.56729125976562,399260
2010-07-06,190.52149316494814,193.41026111016438,190.38393811742066,192.7224578857422,497781
2010-07-07,194.41899915403854,197.17021140621833,192.12632227722207,192.9058380126953,815717
2010-07-08,195.33610310966932,202.48925897996932,195.33610310966932,200.7009735107422,1234906
2010-07-09,203.0394828565432,206.70776629744472,193.18097110912035,197.26194763183594,2980002
2010-07-12,198.08728766867256,201.52630307958702,195.01509497089984,196.75753784179688,1077564
2010-07-13,196.2531488035131,196.84923921887818,192.85998968362566,193.86875915527344,373880
2010-07-14,197.17021767696798,198.54582384680728,190.75072221771785,191.57608032226562,662209
2010-07-15,192.12632329647357,192.8141263631674,189.92535908040904,190.75071716308594,566598
2010-07-16,191.20926205235915,196.6199741821443,189.83365585054364,194.739990234375,637076
2010-07-19,192.58488428977162,195.10682920309006,190.38391978095922,191.16342163085938,430480
2010-07-20,193.22682440006315,194.87755472108458,190.29220049235317,191.07171630859375,326675
2010-07-21,192.58487499343371,192.95169772939838,188.09123350760976,190.2004852294922,361332
2010-07-22,190.20047883856807,190.20047883856807,186.25708558258341,188.50390625,497497
2010-07-23,190.20045662053786,196.25312880727648,189.3750985920682,194.46484375,846528
2010-07-26,196.80342328834186,196.98683467204097,190.75074967252993,191.4385528564453,334180
2010-07-27,192.2180347073788,193.04339278463678,187.17414558473982,188.27462768554688,525922
2010-07-28,189.74196494430132,189.74196494430132,187.22001995160164,187.54100036621094,253054
2010-07-29,187.99950911413433,188.73316853374544,185.2482967856348,185.89024353027344,517502
2010-07-30,185.43170864802116,191.7595054168651,185.24829729096544,187.31170654296875,617208
2010-08-02,188.54975907347094,191.0258473953451,187.40342059173383,188.18292236328125,270978
2010-08-03,190.29218937833656,195.15266737559372,189.28340590957743,193.6853485107422,856328
2010-08-04,194.41905941259134,195.56539820629766,188.32054262743114,190.61322021484375,434869
2010-08-05,191.53025377049764,193.27268279860925,189.92537977335618,191.759521484375,310712
2010-08-06,191.6677850768899,191.759497748445,188.32048246596491,189.00828552246094,260154
2010-08-09,191.3926945100403,198.77511807218377,189.46685401125816,196.43658447265625,1214862
2010-08-10,196.80341298287505,203.40632040402787,196.80341298287505,200.97607421875,1234125
2010-08-11,200.97605231805477,202.58092615493348,199.46289115492488,200.8843536376953,440741
2010-08-12,198.17902268069375,205.42387703224227,197.44536317832893,204.32339477539062,444585
2010-08-13,205.8823831398394,207.7165246377444,203.72726128244534,205.194580078125,589278
2010-08-16,205.4238836115057,206.3409545204856,200.42584995624333,201.75559997558594,238109
2010-08-17,202.21412548232465,204.3233912678933,200.10485969675602,200.97607421875,274492
2010-08-18,201.80146347392582,210.00924560159808,201.02194757630105,209.13803100585938,935060
2010-08-19,209.0921294556693,213.03553645022157,207.25798796921606,210.5594482421875,449594
2010-08-20,208.54191543322463,210.00923445911647,203.5897382092745,204.46095275878906,663381
2010-08-23,204.50681007246317,210.00923545557876,203.8648632431113,208.725341796875,240698
2010-08-24,209.5506670216502,209.5506670216502,202.21410099901038,203.4062957763672,401521
2010-08-25,206.34091300942058,206.34091300942058,197.12434942965538,199.73800659179688,266740
2010-08-26,200.83848114856698,217.34575357173688,199.92141045839088,207.48724365234375,3411859
2010-08-27,209.0921498783299,212.85214589016482,207.89995499701223,209.7799530029297,762123
2010-08-30,211.70582179718033,213.67751862490337,207.2580223572024,210.33021545410156,288613
2010-08-31,210.33020995636537,210.92630042542868,201.0219322154695,203.2687530517578,365852
2010-09-01,205.37801309872734,210.65117046157656,204.73606630540644,209.91751098632812,651322
2010-09-02,211.01798548712614,212.30187894168566,206.57018674563582,207.8540802001953,312541
2010-09-03,209.09213207772308,215.51162736081108,209.09213207772308,213.90675354003906,2348096
2010-09-06,215.51164962811808,217.07066727355826,214.13604335389604,215.78677368164062,315114
2010-09-07,215.7867549367699,216.3828453397956,212.85213127203133,214.2277374267578,260465
2010-09-08,213.08139906811994,221.01405563354493,213.08139906811994,220.09698486328125,897952
2010-09-09,222.29795232345998,222.29795232345998,215.970169514654,218.62966918945312,389254
2010-09-13,222.3438141196241,223.1691862410715,216.06188749445633,216.61212158203125,562702
2010-09-14,216.42870545229903,220.3721126299807,215.97017005939162,218.81309509277344,284598
2010-09-15,219.17993935955982,222.84822286348552,217.34579760759698,220.5096893310547,603133
2010-09-16,221.93115627676897,233.7613652082154,221.47262082991614,226.33309936523438,1529255
2010-09-17,229.26770002194758,243.02376202326442,227.52527109913672,241.00619506835938,2491314
2010-09-20,243.25305029317667,252.19449135013605,240.2725699408569,243.619873046875,1300471
2010-09-21,248.48036603372623,251.18570833660092,242.1067122255011,243.8032989501953,1353269
2010-09-22,244.85792118486253,247.5174210985028,240.27256685555798,241.6940155029297,1640474
2010-09-23,243.0237357470268,243.0237357470268,229.909621925019,233.4862060546875,873621
2010-09-24,233.85308153105947,242.1067197027439,228.85504788132886,234.99942016601562,1664623
2010-09-27,237.4296174944775,240.73107787410677,232.4774409184231,239.49302673339844,735272
2010-09-28,240.45596780572203,245.54569939968744,238.34668823636508,244.49107360839844,1564108
2010-09-29,246.32524940072804,247.6091430637018,243.48232401264008,244.8120880126953,745272
2010-09-30,246.78372797530247,246.78372797530247,238.4383791091277,243.84909057617188,920900
2010-10-01,243.84908681035364,245.36224782628435,238.9427531032533,242.6569061279297,1573470
2010-10-04,243.61986647059808,251.13985865893844,239.58476031527601,246.55450439453125,2466491
2010-10-05,248.34276989813668,257.9720136258875,245.31644734984158,255.67933654785156,1599236
2010-10-06,256.7798135462832,264.1163796476056,249.6266727922053,251.09396362304688,3500158
2010-10-07,255.86273277464096,257.1466261947926,250.36030841389598,255.31248474121094,1131898
2010-10-08,256.77988751672615,261.3652426509534,249.44331930196253,257.0091552734375,1427257
2010-10-11,260.4480942393516,263.9329519112231,250.13104825275752,252.0110321044922,2446729
2010-10-12,254.02860612015056,259.2559207621,242.42766634775944,247.6549530029297,2213935
2010-10-13,251.27738618088853,251.27738618088853,243.02374940852357,246.87545776367188,2374642
2010-10-14,248.067695875537,250.45208598038525,246.6920894289074,248.15940856933594,961009
2010-10-15,249.35154120190373,250.2686119882195,243.94082915999653,245.68325805664062,624795
2010-10-18,246.46277890111978,246.46277890111978,234.77012613464805,239.76817321777344,3772046
2010-10-19,240.2725986344564,251.27745048030937,239.8599054955227,243.1155242919922,3933103
2010-10-20,244.07836552492006,246.18764496429517,237.75058318034914,241.28131103515625,1101559
2010-10-21,243.6657487462951,245.77500061657497,241.41891385191553,242.84036254882812,485415
2010-10-22,245.7750010672814,252.56132012626023,243.94085926827185,251.7359619140625,1437758
2010-10-25,254.02859895880417,254.9456697131681,250.91056399132253,252.0110321044922,618952
2010-10-26,252.1944791766151,252.97399498233534,244.1701093846319,248.20521545410156,1099941
2010-10-27,247.70088388050377,251.27745520023012,246.6921001783281,248.38868713378906,306277
2010-10-28,249.0764765851785,252.65304770671892,246.0501256463486,248.0218505859375,1078267
2010-10-29,247.6091313083601,252.19448559184826,239.35549359808144,241.73988342285156,1653421
2010-11-01,246.14180953411108,268.9768680081913,244.26182549402657,262.2364196777344,2250710
2010-11-02,263.1992791864806,264.116349845667,251.8734509481742,253.38661193847656,2088247
2010-11-03,255.9544953394051,260.35642449138425,254.39546360523835,256.6881408691406,1099671
2010-11-04,256.688121207187,261.3651880646474,254.94569221744553,256.9173889160156,1155819
2010-11-08,257.69684571652806,259.3017193108481,251.277351339248,257.6051330566406,593612
2010-11-09,257.6968339905128,267.6470554198854,256.59633809548814,264.16217041015625,2792018
2010-11-10,265.03344258601834,270.9944023673647,259.5310181724678,261.8695373535156,1554536
2010-11-11,263.6578835541403,281.9534591902625,262.2822772051622,270.9486083984375,6565144
2010-11-12,270.53586258762857,272.8285393892187,252.19444817490802,260.4939270019531,2708623
2010-11-15,259.53101971999575,272.3700100948365,256.7798074968156,268.9768371582031,1210904
2010-11-16,272.1866342268305,276.2217686103769,255.40424780963588,259.53106689453125,2716033
2010-11-18,260.4481191135728,264.1164024813696,245.82082798977063,251.55252075195312,3313277
2010-11-19,252.1945005055571,252.1945005055571,241.32720461368828,243.16134643554688,2330130
2010-11-22,245.04131764609372,259.2559143900923,242.611057748826,256.4588317871094,1751947
2010-11-23,256.2753856227226,269.1602161195989,250.40611150190563,264.8958435058594,2987244
2010-11-24,264.11640774265226,268.70176204373996,254.57887639374613,257.5593566894531,2288760
2010-11-25,258.6139492434543,271.4070972890385,258.6139492434543,263.291015625,4656666
2010-11-26,264.11637969568176,268.19735578499666,252.19445977886278,261.0900573730469,3358642
2010-11-29,261.411072906587,270.9944758882108,252.1486783536433,269.9398498535156,3915499
2010-11-30,269.6188130661371,275.07539547766356,261.3651759314594,268.10565185546875,18302097
2010-12-01,269.4812743762422,279.706608737656,259.531050074612,277.8724670410156,5507777
2010-12-02,281.54072086392836,283.7416850713721,270.6275845124868,272.507568359375,1832049
2010-12-03,272.370014702496,273.3329278021874,264.20809056634255,267.1427001953125,848292
2010-12-06,268.24322077919334,273.2412680533813,263.3827565204708,265.0793151855469,569298
2010-12-07,261.8237379704616,267.78469872985914,254.12034812490433,263.52032470703125,1730824
2010-12-08,262.9700653319111,263.9788488607934,252.01105751743808,254.57887268066406,1755156
2010-12-09,254.94570603172997,256.6881351158853,231.10186302156816,235.5955047607422,2410883
2010-12-10,238.43837766634277,252.148595576868,226.7915827867029,238.53009033203125,1897667
2010-12-13,240.08910221694916,246.23348720790955,236.97106738038693,242.8861846923828,1105302
2010-12-14,245.22471588139726,248.06764083770634,240.7310747500847,245.95838928222656,671958
2010-12-15,246.23350773456187,246.23350773456187,232.11062313038238,234.4491424560547,1140070
2010-12-16,235.68721809311066,236.05404085076287,220.09701300523952,229.72625732421875,3543643
2010-12-20,230.96431156588707,232.9360084018533,221.24335443679962,224.177978515625,1517050
2010-12-21,224.68236584817208,230.8267379522806,224.22383040766562,227.43357849121094,1380278
2010-12-22,227.9838209302104,234.03648019788005,226.51650195983493,229.81796264648438,1137030
2010-12-23,231.14770774646126,231.5603868252936,226.05796179182127,228.62576293945312,352117
2010-12-24,231.46868641315373,232.93600543054515,229.26772188045783,229.72625732421875,438935
2010-12-27,231.3311390887544,232.3399226960125,229.35944221221288,231.05601501464844,435459
2010-12-28,231.05599312067892,233.7613492740235,227.57112116346323,230.96429443359375,678891
2010-12-29,231.46864532072152,233.57791078624388,231.1476789631045,232.1564483642578,420442
2010-12-30,233.76135521447054,244.76620546846004,232.47746161552806,240.6852569580078,892299
2010-12-31,244.3993457761933,248.3427386596724,241.28131093963106,242.8861846923828,659898
2011-01-03,243.84912784293383,247.4715688123326,242.1066988651243,242.70278930664062,386120
2011-01-04,243.02376815184354,244.35353204021678,233.44038084793004,234.54086303710938,607282
2011-01-05,234.5408872435851,234.5408872435851,224.6823748765527,228.39651489257812,810698
2011-01-06,227.43353367663002,231.83547583679086,222.93989284247132,223.6735382080078,493824
2011-01-07,229.26769608653976,229.72623147871286,207.25799726223195,211.15554809570312,1942697
2011-01-10,212.3935917867832,218.07942765120748,202.44336852899883,205.01116943359375,1623523
2011-01-11,203.5897213867308,216.42871282553364,202.85606193440688,214.09017944335938,1436442
2011-01-12,215.60336727571257,224.36138289524183,212.76044197949227,222.66481018066406,1168829
2011-01-13,222.38966020763428,223.76526635324853,212.34773814332826,214.5945587158203,660533
2011-01-14,214.136043215133,219.7301809907004,207.34972453072484,209.73410034179688,810005
2011-01-17,211.01802074379017,215.51166257893044,204.73607944998392,207.99168395996094,2324429
2011-01-18,211.01800364546776,219.95944424072673,205.74484637134069,217.2540740966797,1652965
2011-01-19,219.5467352426758,220.05112696141222,212.98968487927036,214.5945587158203,1928722
2011-01-20,212.76044038020353,221.6560249594908,210.23849550500717,220.37213134765625,2301902
2011-01-21,219.1799291658154,220.55553541581006,211.38482708251234,212.80628967285156,2351567
2011-01-24,215.19069082094444,220.78482916132975,213.6316730191067,218.9048309326172,2680475
2011-01-25,220.83062411326347,222.80232049193128,210.0091872136219,212.4852752685547,1818378
2011-01-27,213.2189621726479,215.0531037827352,201.93898847193304,203.45216369628906,1481664
2011-01-28,203.45213546167795,203.45213546167795,192.1263069938049,197.72044372558594,1297005
2011-01-31,192.67660137437244,207.25802306332977,187.9995341946133,205.33216857910156,1385513
2011-02-01,206.84532950216683,206.98288452997372,198.63754833278364,200.5175323486328,464432
2011-02-02,202.90190824718744,209.55067134229301,201.75556978251407,204.7819061279297,714030
2011-02-03,206.61605645434088,208.17507403389024,201.98484606151683,205.56141662597656,840972
2011-02-04,207.3955751748663,209.73410873175445,200.3799884975931,202.16827392578125,626100
2011-02-07,202.6726602104363,206.20338862141335,199.96730397010637,204.18582153320312,366845
2011-02-08,205.4238735058536,205.88240893778632,198.22486162715373,200.97607421875,923522
2011-02-09,198.1331155000313,202.67261239064655,188.45801740397226,192.26385498046875,786352
2011-02-10,192.5848854912652,205.42387785734954,190.93415510266183,198.08731079101562,1070249
2011-02-11,196.80341069469793,196.80341069469793,186.6697749681278,194.60243225097656,3038741
2011-02-14,198.5916680770761,205.42384217206757,196.6199576244806,201.34288024902344,3397719
2011-02-15,203.4979935952072,209.09213076117317,200.15069095888617,205.194580078125,1466917
2011-02-16,204.9653261963633,207.25800322316823,202.8560605330247,205.56141662597656,353469
2011-02-17,206.61606202083425,214.09018373222452,204.50679630066944,210.83457946777344,1217741
2011-02-18,212.76045439198188,218.17116724683507,205.8824224612066,207.76242065429688,1476916
2011-02-21,209.73411024292318,212.2560551964186,203.1312026179043,210.5136260986328,1048187
2011-02-22,208.817036219163,218.2628690656399,208.817036219163,214.64044189453125,2997052
2011-02-23,214.59455391502902,218.12528187380713,208.31261372657107,210.5594482421875,1828302
2011-02-24,210.46775630929108,210.74288035804668,201.29704797337428,205.14874267578125,2094033
2011-02-25,218.12526630607357,218.12526630607357,195.33605436601644,197.72044372558594,810019
2011-02-28,199.9214483226611,207.62483798177428,193.777076333441,200.97607421875,3916068
2011-03-01,203.681446660496,216.74970661164295,203.681446660496,213.4023895263672,2052510
2011-03-03,221.93113324826675,221.93113324826675,208.266783947279,213.08140563964844,1018472
2011-03-04,215.97016935530402,220.09698787801685,214.5945631810664,218.9965057373047,1020680
2011-03-07,220.09695870535714,224.22377668108257,214.13599940708704,221.47256469726562,2025215
2011-03-08,222.84822265202922,229.26771877780783,221.51847268179614,227.80039978027344,1763967
2011-03-09,227.80038652543917,231.33111478653421,222.93992236487432,224.22381591796875,767541
2011-03-10,224.6823507074723,224.6823507074723,217.9877309285308,223.169189453125,540707
2011-03-11,221.88529267541773,224.17796983468716,218.30872190431376,220.37213134765625,584464
2011-03-14,220.5555317497977,225.46186622391642,218.30871104416386,224.77406311035156,536450
2011-03-15,220.55553263096724,229.03843773215826,216.06189120174642,224.22381591796875,1058233
2011-03-16,227.61699133827395,229.0843103547244,224.86577867747275,227.06675720214844,396069
2011-03-17,225.87454032633707,229.26769947996254,222.93991657167152,224.8199005126953,579485
2011-03-18,225.55351091309316,227.8461874094519,222.3896201467955,223.07742309570312,220362
2011-03-21,225.50770207469566,225.96623747053147,221.47259618869643,224.31552124023438,269800
2011-03-22,225.04917406018802,226.05795756146952,223.07747739078079,224.22381591796875,181207
2011-03-23,224.59062525376302,234.6784036913388,224.59062525376302,232.7525634765625,1474435
2011-03-24,234.58674992816697,238.39260273619354,233.4862675956672,236.32919311523438,820342
2011-03-25,238.34666358790867,241.73983629083563,234.44911320684912,240.5017852783203,981224
2011-03-28,239.9974900243704,243.57406129914034,237.47554479402436,242.7487030029297,997086
2011-03-29,243.06960791653052,246.14180073902392,241.64815935035813,244.72035217285156,501734
2011-03-30,245.68327797457465,256.3213055556354,244.94963248075598,253.29498291015625,971609
2011-03-31,255.86276901863877,257.2383753036852,239.9515840575786,241.73988342285156,1664819
2011-04-01,240.41014730715122,246.23355351844535,237.9799148530226,243.52818298339844,822583
2011-04-04,244.67446609504066,252.65299285354828,243.0237499317252,249.5349578857422,902956
2011-04-05,251.64426249834392,252.10279797227923,243.39062396750828,249.25987243652344,658013
2011-04-06,249.4432607289293,251.27740235193613,246.82960331878851,247.9300994873047,408191
2011-04-07,248.52616508078782,253.84516406123765,246.6920236410772,251.41493225097656,552778
2011-04-08,251.7817792864522,253.11154315352877,247.8842283502113,249.35154724121094,305384
2011-04-11,246.9213241948221,253.66180048050492,246.64621413694977,251.55252075195312,488276
2011-04-13,251.27742812368788,259.4393535858233,251.27742812368788,256.6881408691406,962955
2011-04-15,258.5680276405149,259.8977630167328,252.28608938611623,256.73388671875,580531
2011-04-18,260.3563860987503,263.0158857353456,250.54374564830852,251.78176879882812,2693715
2011-04-19,251.82766046341357,256.7339950976723,248.29693210118361,252.9739990234375,1092697
2011-04-20,255.6334947428823,258.43054958930287,253.2032626323689,255.86276245117188,600261
2011-04-21,259.53101591787583,259.53101591787583,250.49786365341404,252.1027374267578,686480
2011-04-25,253.93690870884137,256.1837434501416,251.32325123076052,252.65301513671875,297306
2011-04-26,252.1944791766151,254.3496012323896,246.05009339832708,248.20521545410156,484751
2011-04-27,248.70958260108236,249.4432279591929,243.0237331220078,244.0325164794922,477831
2011-04-28,245.04133551587327,247.5174099501041,239.676465594869,244.85791015625,937339
2011-04-29,245.5915719675708,246.73791057456427,237.47551701948285,238.2550048828125,514841
2011-05-02,239.4013125443026,240.08911561959187,230.68915425069474,232.7525634765625,390282
2011-05-03,232.0189235431399,239.2637776137315,220.5555379925895,222.20626831054688,1266530
2011-05-04,221.93114062855855,224.13210502090712,215.00725307060108,218.85894775390625,956575
2011-05-05,220.09700820579485,224.6823625434156,214.68629568475876,216.79554748535156,677284
2011-05-06,231.60625025896687,231.60625025896687,230.13893127441406,230.13893127441406,591200
2011-05-09,233.85307036283777,238.20915696763572,224.7282180630444,233.3486785888672,728486
2011-05-10,226.51645478997796,233.39448479372223,226.51645478997796,231.9730224609375,250135
2011-05-11,227.4335590598839,232.93598387584885,227.4335590598839,230.6891632080078,456797
2011-05-12,229.2218708130347,233.66967031723993,224.86578399704896,226.28724670410156,543809
2011-05-13,225.82866801376608,233.3027888907748,225.09500862864766,231.60621643066406,469984
2011-05-16,227.84623093530382,230.64329959386757,223.76526879086953,224.54478454589844,264678
2011-05-17,223.94868142786027,227.2501418295385,216.1535798065434,220.7847900390625,690099
2011-05-18,222.71061568733836,222.98572569100983,217.39160305328133,221.47256469726562,503229
2011-05-19,221.70187654764453,223.44430555397196,219.17993172652345,222.20626831054688,422952
2011-05-20,222.8482018698975,229.81794546812262,220.23454452221566,228.7633056640625,575481
2011-05-23,225.04916641573618,226.9291643351429,219.77600936978965,221.2891845703125,340282
2011-05-24,228.35059838810622,228.35059838810622,220.28037363836302,224.63645935058594,761674
2011-05-25,224.1779623520041,226.3789407474723,222.93992512335672,224.72821044921875,528268
2011-05-26,226.3789491157577,233.39453565093436,225.14089784795436,230.13893127441406,1288645
2011-05-27,232.93597220379232,239.08035746844627,230.23061627018203,238.11741638183594,700829
2011-05-30,238.43838938620368,243.02374302824606,236.83351561148885,238.20912170410156,322318
2011-05-31,239.81403779764898,242.5652504683677,236.92527009075081,242.15255737304688,428936
2011-06-01,242.15258446814664,244.21599420206613,240.63942292729615,242.7487030029297,330414
2011-06-02,240.2266963051084,241.00618406015528,233.94475601408513,239.9057159423828,265398
2011-06-03,235.91647722670058,246.50863439726842,235.91647722670058,244.9496307373047,580231
2011-06-06,244.76615827474726,246.55445729092864,242.84030425426945,243.71153259277344,329709
2011-06-07,243.0237187527406,246.64615896282154,241.64811279753638,245.08712768554688,341940
2011-06-08,241.6940031264236,245.49986941428355,239.95157416786938,240.96035766601562,216244
2011-06-09,241.1896386182945,243.34476075843796,238.94280379386763,240.27256774902344,150643
2011-06-10,241.46473653449547,241.46473653449547,236.69598504630596,237.9340362548828,319067
2011-06-13,237.9340447712807,241.37306048109812,232.15648158671854,239.9515838623047,525953
2011-06-14,240.3642710823809,243.5740189999604,234.86184608081604,240.54766845703125,759123
2011-06-15,240.45597782457173,242.29011944646234,234.86184028044934,236.87937927246094,639523
2011-06-16,233.76132555250132,236.19155741119565,231.4228063649758,234.08230590820312,621766
2011-06-17,233.85305210279373,236.14572908419365,230.87257202697378,233.2111053466797,259742
2011-06-20,232.93597661108518,235.5037635837399,221.47259193534282,230.41403198242188,526087
2011-06-21,231.10184273837802,235.13694868089848,229.26770112934327,232.11062622070312,680841
2011-06-22,233.85305161292192,233.85305161292192,230.27648112678608,231.78964233398438,142792
2011-06-23,231.5603693878374,233.21109957225036,230.2764759073992,232.56915283203125,207436
2011-06-24,234.8618370325944,245.77497393457207,234.08232125671464,244.2159423828125,662574
2011-06-27,239.72232537140354,251.13986916198905,239.72232537140354,246.60035705566406,660329
2011-06-28,248.11349487304688,249.25983337825735,244.99545973623032,248.11349487304688,258556
2011-06-29,249.94764641204614,254.94569368805313,248.15937506493597,252.28619384765625,591945
2011-06-30,254.08749638636158,254.08749638636158,249.7457162244451,251.26995849609375,819328
2011-07-01,254.04141235351562,258.01368497907436,252.60955385149202,254.04141235351562,553555
2011-07-04,256.4894430669721,261.8936024057565,255.42709370437979,260.646484375,1797799
2011-07-05,261.01592266982556,266.28151817407195,257.96743781477744,264.61871337890625,1373686
2011-07-06,264.6187376524217,269.74574306759445,263.32541359117494,266.42010498046875,808309
2011-07-07,268.72963695535395,268.72963695535395,261.1083940835834,262.9097900390625,482049
2011-07-08,265.08064311793964,269.19147761148275,263.4178099027956,265.5887145996094,2070936
2011-07-11,266.42008723397475,266.42008723397475,257.32078230716627,259.9997863769531,629456
2011-07-12,255.28853001635702,258.56796242173766,251.73194461012278,253.34857177734375,610405
2011-07-13,258.0598823407398,258.0598823407398,254.13378792160555,256.5818176269531,289387
2011-07-14,253.11762821292538,261.33932655667587,253.11762821292538,259.5841369628906,559068
2011-07-15,258.19845812427445,262.26311515407224,256.81277766922466,257.8289489746094,355445
2011-07-18,257.7365769338511,261.2469563107335,254.50332238450173,256.6280212402344,121689
2011-07-19,256.35080620083994,259.2145505751237,254.96512616732187,258.3831481933594,244968
2011-07-20,259.16842444225927,261.24694513506853,254.13380234583252,255.01138305664062,781383
2011-07-21,253.2099132070987,256.7664972625906,249.42238250114278,250.94662475585938,781925
2011-07-22,253.76430837263888,256.67423187827364,251.40863453151144,255.1961669921875,294263
2011-07-25,257.18221770972536,259.30694408489677,253.11756177216864,256.85888671875,346522
2011-07-26,254.04142228843105,259.3993755545449,247.11301986238294,248.1753692626953,519063
2011-07-27,249.422448980276,253.99520515494262,247.66725960728076,252.28619384765625,208234
2011-07-28,252.05527303512076,255.8889832102109,247.94440986208735,253.2100067138672,445005
2011-07-29,253.85656959342262,256.8126982601606,249.60717339861876,250.5309600830078,229423
2011-08-01,254.91897378424375,262.355446103077,250.4386022529392,251.778076171875,117693
2011-08-02,253.1637553996857,253.1637553996857,247.57485666582662,250.57716369628906,187057
2011-08-03,248.59105002686567,250.43862374955998,245.31158975404068,249.79196166992188,163079
2011-08-04,250.34623825240786,251.82430286198732,242.5402280338942,244.0644989013672,249282
2011-08-05,240.18457213261908,246.14300837183436,232.14762965350894,242.7711639404297,571181
2011-08-08,235.65801766930377,251.31618697113691,232.97902749916142,243.37164306640625,567727
2011-08-09,239.2146030676147,242.49403492997334,235.2423029137203,236.72036743164062,958073
2011-08-10,241.61642650237292,248.03675604541985,240.55407731966895,244.5725555419922,751355
2011-08-11,243.87971939619786,249.42244029156598,241.15453701261399,242.7711639404297,1092310
2011-08-12,243.87973272395553,246.09681556491662,233.2561837606014,235.4732666015625,1301819
2011-08-16,239.90743315085746,239.90743315085746,214.04138974241187,236.9974822998047,229710
2011-08-17,236.62799885004955,238.9836722610727,222.3554946641648,227.29776000976562,932293
2011-08-18,226.3278050841665,229.09916596274815,220.4155741815405,222.309326171875,1209227
2011-08-19,217.27468299112002,224.52641602577245,210.71580424943667,218.3832244873047,1238211
2011-08-22,218.8913116455078,220.23079988340825,211.7319628921789,218.8913116455078,1620057
2011-08-23,220.04601256297386,224.66494655504246,215.65802527050872,223.27926635742188,496419
2011-08-24,223.74116874901034,224.94209445438815,218.10607750972744,221.43170166015625,463911
2011-08-25,221.70884123874305,221.98598010946517,214.54949324040865,216.72039794921875,634566
2011-08-26,215.70423235431525,216.48945682564425,207.02064148675032,209.33010864257812,1617539
2011-08-29,213.02523313431618,223.92590565837008,211.54716867552887,221.9859619140625,300757
2011-08-30,222.17072675642828,229.09912779872855,222.17072675642828,227.8058319091797,296276
2011-09-02,228.6372537347017,233.99522047977965,225.86589308337196,232.2862091064453,317743
2011-09-05,226.65110921737394,238.33700722799603,226.65110921737394,234.8266143798828,261686
2011-09-06,230.99289179068253,236.3508580413088,230.34624385088767,234.45709228515625,352048
2011-09-07,233.81049762068065,244.7573793158866,233.81049762068065,242.90980529785156,318743
2011-09-08,243.46402328521003,254.50328788391178,241.10837799528485,245.17303466796875,301266
2011-09-09,245.72729586910341,251.6395259208398,242.0321485628011,247.29774475097656,667866
2011-09-12,241.2007677353097,244.34163758960713,230.7157806729844,232.5633544921875,487994
2011-09-13,233.71808511054851,240.7850492393774,231.1314789778982,233.99522399902344,244150
2011-09-14,235.51946390155555,242.95595115729293,230.94672163240773,239.7688751220703,307235
2011-09-15,242.54020037918528,244.80348919751643,237.4593732448972,244.20303344726562,218525
2011-09-16,244.8035233241643,248.49867084603846,240.64648236205585,245.91207885742188,297272
2011-09-19,244.48016827713536,249.3762551780148,242.1707013026834,247.75962829589844,690138
2011-09-20,249.2838861553366,253.48710503003062,248.68343034348564,251.59335327148438,546350
2011-09-21,252.9328177530697,254.82659763199388,247.80581222510682,248.91436767578125,489620
2011-09-22,246.65107651570835,246.65107651570835,236.99749314317444,238.10604858398438,386992
2011-09-23,240.18456646776573,244.7111161205419,227.99058360472966,234.641845703125,511673
2011-09-26,235.70421756850453,239.5379274947598,227.85202906269132,236.3046875,241766
2011-09-27,238.33696226465796,246.5586580377668,238.29078420757855,244.4339599609375,224408
2011-09-28,246.6510676703302,248.40625689555486,242.40164288859927,243.9720916748047,237946
2011-09-29,243.51019421374443,251.54712206579768,239.49171619185057,248.72958374023438,916261
2011-09-30,249.42240843213773,250.66952611264497,240.2769257613059,242.2630615234375,211206
2011-10-03,240.09218541484657,242.03214334719806,233.07141414168532,235.65802001953125,335309
2011-10-04,231.31621546836155,237.87510756780165,226.32777224897634,227.39012145996094,731109
2011-10-05,229.0991352143255,230.6695700155726,217.55179977005506,221.43170166015625,519410
2011-10-07,229.00676212194807,240.09220469203098,217.96751171508103,224.8035430908203,2407560
2011-10-10,226.09683871948076,233.62569614778792,222.6326379219402,232.65573120117188,396475
2011-10-11,234.64186323287765,238.0136796449238,232.33239607507375,234.27235412597656,535423
2011-10-12,235.56564017378878,240.18457429484346,231.50098378560799,238.3831787109375,267556
2011-10-13,243.78733786066698,254.04137727256133,238.3370012229848,247.11297607421875,474111
2011-10-14,244.89588608319173,245.7272885640462,239.722674369812,243.8797149658203,323656
2011-10-17,244.61873683292356,250.25384203119782,244.61873683292356,249.2376708984375,1321097
2011-10-18,249.237702593192,251.91670724525946,243.6488029398923,246.9744415283203,1477866
2011-10-19,250.7157309633874,252.19379547632104,247.75963012925584,250.1614532470703,512841
2011-10-20,246.2815900245629,251.73192702642024,245.72731225331296,249.37628173828125,423779
2011-10-21,248.68337335499007,254.7341645359978,248.49860475134508,252.60946655273438,651568
2011-10-24,255.05757249481476,257.27465544920693,250.34625359689434,252.24000549316406,362387
2011-10-25,253.20992222698442,255.88889782945202,251.50091131432603,252.60946655273438,1535411
2011-10-28,252.1937998326134,263.2330635195633,252.1937998326134,260.4154968261719,407582
2011-10-31,260.5079214773275,266.05064321088764,253.21001016648808,264.8497314453125,514207
2011-11-01,261.4316483772291,265.95819778145625,254.31847917649077,258.1983947753906,737970
2011-11-02,255.6118285283534,260.04599405978286,253.44092382769523,258.6141357421875,246067
2011-11-03,258.5679588600114,258.752727524702,254.54948003278216,256.1661071777344,221307
2011-11-04,257.4594153254342,259.49172955107014,254.22616123799037,255.1499481201172,281753
2011-11-08,257.27468780931844,258.5679840127402,249.9305696454253,255.1961669921875,235520
2011-11-09,256.76652460100684,256.76652460100684,245.40393127334235,249.4224090576172,514728
2011-11-11,249.4224440221534,254.0413781707118,241.66264029092264,248.3138885498047,322905
2011-11-14,246.65110501524418,251.13147716791389,240.18459664405802,241.616455078125,518974
2011-11-15,238.33701181441288,243.60260823584505,231.1776635913055,233.90283203125,379035
2011-11-16,234.3184918077423,238.2445852993484,226.60488128763615,232.97900390625,572764
2011-11-17,233.07139042664915,238.7064809164364,229.60719025412425,232.6094970703125,526072
2011-11-18,229.88438593851214,241.10839163489186,227.57491858568753,238.05990600585938,786510
2011-11-21,238.05989480629376,238.05989480629376,232.10145803962575,233.99522399902344,244109
2011-11-22,233.44089947337184,235.56561173169376,230.53097696679757,232.6094970703125,774969
2011-11-23,230.9005424683536,231.68576700445877,222.21695088444613,229.51486206054688,804573
2011-11-24,229.561041119816,247.57488539279953,225.6811390186549,235.24232482910156,1246502
2011-11-25,233.71807719379072,238.66034256726388,232.3785890567155,235.4732666015625,277545
2011-11-28,235.47326552449806,245.63492100818303,235.47326552449806,241.9397735595703,435186
2011-11-29,245.72730411895336,249.42245154931356,234.0875840749712,236.0275421142578,475605
2011-11-30,238.33700404414608,240.415524428252,226.78966857689096,229.9767303466797,2216799
2011-12-01,235.01138877680066,244.80353584911313,234.17998618018936,240.87744140625,639726
2011-12-02,240.18459359757173,254.96518397280693,238.61414459350746,253.85662841796875,546860
2011-12-05,256.3046467834936,256.3046467834936,247.62102872185616,252.74806213378906,349611
2011-12-07,254.6418250803247,255.79655857714437,242.5402123953075,243.37164306640625,1741793
2011-12-08,244.80354759897483,244.80354759897483,234.22618958792907,238.66036987304688,401959
2011-12-09,234.96519318785508,242.90976581234676,232.51714955437077,240.55409240722656,932789
2011-12-12,242.3092736544396,245.26540278008443,234.9189931279325,236.1199188232422,511871
2011-12-13,233.71805472485485,240.41550886222717,230.57718531946867,239.3993377685547,1226057
2011-12-14,240.1845671264604,240.1845671264604,231.9166781157039,233.76425170898438,407711
2011-12-15,232.794295626439,237.78273918008645,229.7457960788237,235.93516540527344,331606
2011-12-16,237.87512143111866,241.4778846222132,230.02293295669338,232.65573120117188,671698
2011-12-19,229.19149895648593,230.66954930311323,223.55639412732629,227.2515411376953,674820
2011-12-20,227.25154582817333,228.82198052082055,205.21922568575343,214.2723388671875,744209
2011-12-21,216.99750122096592,226.23536869049818,209.8843460885995,222.0321502685547,937903
2011-12-22,224.48020415817737,228.9143838496114,218.660344194162,226.28158569335938,416177
2011-12-23,227.43634078785843,229.5148613935279,218.01371686133083,221.33935546875,308412
2011-12-26,222.54023065169014,226.32776210485312,220.09220131216838,225.58872985839844,194462
2011-12-27,225.7735070555042,226.14303026375208,219.16843652461682,220.96981811523438,208885
2011-12-28,218.0599106438887,220.64651690262724,213.39478376407158,214.8728485107422,217291
2011-12-29,212.47095748162548,216.11991241050598,210.43862940314864,214.2723388671875,379040
2011-12-30,214.50330617261383,216.25850966495167,206.92825673626368,208.63726806640625,415559
2012-01-02,208.31393363636184,211.362433045336,205.31162638883114,209.1915283203125,282144
2012-01-03,211.54719532016853,226.05064650329444,211.54719532016853,224.11070251464844,358725
2012-01-04,223.5564251395569,226.74348705894286,219.16843745603254,224.6187744140625,274822
2012-01-05,224.43403203569187,229.83819121962932,222.12456470851686,228.31393432617188,329318
2012-01-06,227.20537922632994,228.7296360285356,220.87744758622298,222.54025268554688,482808
2012-01-09,226.23538255357974,228.49867149899694,222.6788118173932,226.92822265625,305405
2012-01-10,229.88434148213813,242.9097404714895,228.45246918111664,241.01596069335938,2507816
2012-01-11,242.95592367996213,253.02519396599374,242.95592367996213,251.778076171875,1268889
2012-01-12,249.6534363232113,266.05065554517984,248.31393389880444,263.6488037109375,1605223
2012-01-13,267.6672409833488,268.17531247642376,255.88895859322733,258.8912658691406,1337767
2012-01-16,256.81276551041174,256.85894358003065,251.54716875382613,254.1337890625,243845
2012-01-17,255.8428020339851,258.66034089922715,255.19613990504106,256.9051513671875,320747
2012-01-18,257.0898864261936,257.0898864261936,249.88435978667465,251.9167022705078,204907
2012-01-19,253.67188877268958,256.72037427073303,252.6095394743859,255.4270782470703,205685
2012-01-20,254.96517439773191,263.69497153695806,254.96517439773191,259.214599609375,612320
2012-01-23,259.2145391641314,264.2029814268516,257.0436349021729,259.9073791503906,207522
2012-01-24,259.63025382921273,266.420092054389,255.8889287825514,262.7249450683594,493424
2012-01-25,265.1267915665835,275.56557034111785,262.8173247410906,273.256103515625,971205
2012-01-27,276.1198816761471,278.0136616189402,264.249215107752,265.91204833984375,435747
2012-01-30,257.9213095769488,265.1730140710401,255.10374266256554,256.3508605957031,259736
2012-01-31,258.42931803613993,270.5771069721466,256.9974599903803,269.6533203125,435808
2012-02-01,266.23541505611286,272.47097708078695,263.2792854862377,271.0852966308594,245272
2012-02-02,270.6695465984504,277.6903322850853,266.050612356156,276.350830078125,570251
2012-02-03,277.13602341426457,279.3993122155081,269.97667614272945,275.657958984375,814468
2012-02-06,279.7688481874608,285.91202499240745,275.01135163288114,277.4593811035156,748454
2012-02-07,281.7549883318999,283.14066860238466,274.1799249098883,279.8612365722656,380449
2012-02-08,280.8311835803377,283.8334906416407,276.25842770258214,283.18682861328125,489657
2012-02-09,285.81964835288136,287.2977129646806,279.44552466821824,285.4039611816406,456288
2012-02-10,285.40393743668255,296.16604780339736,283.5563638735818,294.7341613769531,828270
2012-02-13,296.35079352772186,304.6648747098906,289.83810787838394,302.35540771484375,418771
2012-02-14,304.8496501024014,306.69722373938566,296.07367532672623,297.4131774902344,657387
2012-02-15,300.045936078046,307.62099898130685,298.93740885261406,306.6048278808594,617138
2012-02-16,303.0020912408953,303.64875332206793,280.64643786654875,292.009033203125,1011651
2012-02-17,303.8796553013693,303.8796553013693,287.5286189471967,289.0066833496094,936529
2012-02-21,288.9604812976688,297.4593305912554,288.9604812976688,291.03900146484375,723268
2012-02-22,285.4963225935251,294.82657567432295,274.41088008764376,277.3208312988281,544085
2012-02-23,279.02983162614436,292.4247421445724,272.9790384962401,289.65338134765625,977697
2012-02-24,292.7480400220227,297.3669741599269,272.6556765221393,278.521728515625,1963823
2012-02-27,279.9074030949519,280.3231184356488,266.55867242973585,270.2076416015625,665320
2012-02-28,270.8542861768002,282.4939766648225,270.8542861768002,280.8773498535156,1159655
2012-02-29,283.1407090027491,291.5933542204372,272.286212001828,288.4524841308594,4324321
2012-03-01,290.9004249848973,290.9466312347453,281.8473266391458,286.32769775390625,765548
2012-03-02,288.5909728563163,296.5355444839528,283.14063671131316,292.10137939453125,835831
2012-03-05,289.6072099790387,289.6072099790387,279.07604434542174,283.3254699707031,284167
2012-03-06,279.02976233548753,295.33462019513104,277.55172616422726,285.5886535644531,777950
2012-03-07,279.2607668576507,288.1291266808801,279.2607668576507,286.65106201171875,885488
2012-03-09,290.9466334530696,293.9489402385061,289.37618478091736,292.23992919921875,1143226
2012-03-12,293.8566069302036,299.95360586791065,290.0690751513449,292.009033203125,700509
2012-03-13,295.5194603782073,295.61184471803017,290.1153007036073,290.761962890625,632450
2012-03-14,294.6880268077333,300.0459796548145,290.8081104758887,295.2884826660156,1260833
2012-03-15,295.61180574355535,296.5355926365039,282.7711735699174,285.9582214355469,1213545
2012-03-16,287.5748259479576,289.8842929992317,266.0506043067775,283.094482421875,1397792
2012-03-19,280.83123100009357,283.3254670258037,274.45710672429476,277.7827453613281,200064
2012-03-20,282.44781479751293,293.0251849603284,279.9074010912393,289.79193115234375,706460
2012-03-21,287.25156305469534,295.5194393328111,285.63493589402157,294.82659912109375,363528
2012-03-22,295.61180616272173,300.0459719784671,284.8034882232017,286.65106201171875,639167
2012-03-23,288.12910955163176,291.9628192965431,283.1868443228182,287.8981628417969,495653
2012-03-26,285.40394720380476,290.7157213794995,280.9235755216107,283.4639892578125,485453
2012-03-27,290.99282876549967,290.99282876549967,277.6440988359123,284.7110900878906,927238
2012-03-28,287.2515388967667,287.2515388967667,272.60951134885767,275.2423095703125,937864
2012-03-29,272.33235369705517,286.1891565281483,270.48477998624276,283.64874267578125,815102
2012-03-30,284.4801838924319,298.84505874716916,284.4801838924319,297.13604736328125,574358
2012-04-02,297.6440865913039,302.77109150950866,293.34845587462485,301.3392333984375,377543
2012-04-03,303.04828910886863,306.6972587349715,300.7850280603561,303.27923583984375,416286
2012-04-04,301.38543437660456,309.74569338683244,299.58403889444116,308.4062194824219,496284
2012-04-09,304.2953186035156,309.4223514552343,303.00202292450126,304.2953186035156,200964
2012-04-10,303.4177897719372,310.29998460842404,300.55404501550424,309.2838134765625,359575
2012-04-11,306.6509976396663,311.2237247598635,304.8496023490925,305.63482666015625,354212
2012-04-12,309.0067212048496,314.08754920672305,306.6972539312707,313.1175842285156,456068
2012-04-13,314.04131175473765,317.32074338640433,304.0643981044043,305.4039001464844,393333
2012-04-16,307.6672404745513,316.8589321443567,305.86587278994153,315.9813232421875,472977
2012-04-17,306.09679777041646,319.5378860124219,306.09679777041646,316.9512939453125,644617
2012-04-18,320.55400750276766,320.55400750276766,315.3807959796498,319.2607116699219,480264
2012-04-19,321.0159238483436,325.0805802673566,316.212221049314,318.98358154296875,1898210
2012-04-20,316.58175704737346,323.27921154646134,315.4732015777263,317.27459716796875,933390
2012-04-23,318.7064734072386,321.01594060584176,306.8820126270856,308.6833801269531,934279
2012-04-24,312.0089855108248,314.7803458558506,307.2052829694192,309.4223937988281,272412
2012-04-25,304.8496023490925,305.63482666015625,304.8496023490925,305.63482666015625,677803
2012-04-26,308.4062086144822,312.9327579995982,305.35769545915053,307.482421875,472226
2012-04-27,307.6672170015376,310.3462215756671,294.7804066099263,296.39703369140625,502457
2012-04-30,297.96740319634773,310.29996187520027,297.50550982404417,306.4200744628906,353779
2012-05-02,307.52862805986797,308.31385249858624,298.2445817557063,299.81500244140625,303674
2012-05-03,296.9512818341669,301.33926918880366,291.9628104986645,297.7826843261719,341689
2012-05-04,291.1776019683122,302.07827460710394,291.1776019683122,297.9212341308594,461828
2012-05-07,294.31844924647675,304.3415406134743,288.8219070863298,301.66253662109375,423106
2012-05-08,304.66489676460225,304.66489676460225,290.99286244089956,292.7018737792969,492708
2012-05-09,292.97899789926333,294.9189559494948,282.26306465241413,283.27923583984375,296778
2012-05-10,285.2653519980313,296.44317789422877,280.73880232534816,291.547119140625,974985
2012-05-11,290.7618747266409,294.5494059769947,281.7549540639411,288.6371765136719,497595
2012-05-14,288.63717269591206,291.08520187197064,285.45009722687973,286.92816162109375,477290
2012-05-15,283.51018440574956,284.43397127458013,280.4154927568196,282.2168884277344,766266
2012-05-16,279.58401304523903,279.58401304523903,272.51705108758495,277.5054931640625,672229
2012-05-17,277.36703963594164,281.847412109375,277.36703963594164,281.847412109375,310426
2012-05-18,279.35318125524094,285.81969021111104,273.44095013393655,282.1245422363281,643686
2012-05-21,281.84736548889,288.5909980237619,279.07600501838317,284.48016357421875,404110
2012-05-22,287.3438581456206,287.3438581456206,280.1845108123207,282.2630310058594,301330
2012-05-23,282.58636772166705,282.58636772166705,275.42702024360193,279.7688293457031,332940
2012-05-24,281.38553121710027,283.0021584980025,276.16614020567874,281.3393249511719,334986
2012-05-25,281.52402471384517,285.450118577779,279.2145577350605,284.9420471191406,869923
2012-05-28,286.3739094496825,287.75958965669713,284.06444243799154,286.974365234375,388557
2012-05-29,287.7595842745829,289.0067020759177,284.98822391238787,286.6972351074219,510193
2012-05-30,284.52638422056685,284.52638422056685,276.44324830520986,278.05987548828125,349017
2012-05-31,284.29537068579975,284.29537068579975,273.2561078097712,275.657958984375,414021
2012-06-01,276.997455629087,280.50783391372363,272.9789777297441,275.3808288574219,339581
2012-06-04,268.2215325457559,274.0413787497445,265.7735028946095,273.02520751953125,536738
2012-06-05,274.4109223187338,282.6788274034736,274.4109223187338,281.3393249511719,616283
2012-06-06,283.37161924469734,287.39009772318974,282.2168856699431,286.0968017578125,214062
2012-06-07,290.9004272028693,293.02515353529486,285.54247560093734,292.23992919921875,415920
2012-06-08,292.19379238295403,304.71112210099574,287.25155489973764,302.5863952636719,545871
2012-06-11,304.8496433461887,308.82191530097504,298.7988510958602,302.35540771484375,505707
2012-06-12,302.07833364779367,307.2977242941857,298.89125738307024,302.12451171875,464146
2012-06-13,303.0482539825232,303.69491603099476,294.4108697986049,296.3507995605469,299828
2012-06-14,294.6879621255882,296.02746413921597,288.86811709697986,290.43853759765625,375667
2012-06-15,293.48713221765286,294.96516881914044,291.1314585245174,294.4109191894531,764080
2012-06-18,296.4431642705853,298.84501547379114,284.2491960101885,287.15911865234375,670726
2012-06-19,286.3276613447809,293.76413202662485,282.0782374444147,290.94659423828125,500733
2012-06-20,292.79424008212465,295.8889033356397,290.99284452976974,292.1937561035156,817149
2012-06-21,290.99285480519796,301.8935282481899,288.22149428324366,300.461669921875,339182
2012-06-22,295.65796663422134,301.1545096046201,293.3484995360264,299.7688293457031,202271
2012-06-25,301.15449285550824,307.7595627506485,296.16604983919353,297.87506103515625,386019
2012-06-26,298.0136364066414,312.2399479221432,296.8126966149758,301.8935241699219,272101
2012-06-27,303.78726788869386,305.819581753495,302.30920350137177,304.7572326660156,292635
2012-06-28,307.52860950897144,307.52860950897144,297.04362405109293,303.18682861328125,419934
2012-06-29,307.6209967933447,322.4015852278598,304.7572521458104,314.3184509277344,548659
2012-07-02,316.0736595669615,316.0736595669615,310.48476049880134,312.70184326171875,149790
2012-07-03,315.9351151140434,318.660297705319,314.54943478459586,317.0436706542969,276895
2012-07-04,318.56788190613696,320.50783981405743,315.93508390194035,319.4916687011719,241018
2012-07-05,321.67647452093945,324.27962539360954,316.0982697604607,323.16400146484375,332192
2012-07-06,318.8873714575313,323.9542521196644,317.6322697146691,320.5608215332031,158093
2012-07-09,317.95765556007603,322.1877826111851,314.378302008714,319.1197814941406,286449
2012-07-10,321.6765280660018,324.46563091050473,316.51669915255997,319.44525146484375,1775817
2012-07-11,318.88735354376513,321.6764557613491,259.3865062353075,317.5392761230469,349699
2012-07-12,315.81940949129086,317.3998840100315,309.6833778299765,316.1912841796875,408752
2012-07-13,316.05177616677554,318.7014005633734,312.0540459835204,313.3556213378906,182822
2012-07-16,314.238881081387,315.54045657118587,309.12552650757743,312.8443298339844,287183
2012-07-17,313.40219452807764,314.8432196452916,310.5201159214285,312.6584167480469,305018
2012-07-18,312.5188618406239,312.93723847399997,306.8012086270173,312.0075378417969,220578
2012-07-19,314.2853698730469,314.9826455302469,310.6130684351252,314.2853698730469,392757
2012-07-20,315.02909287529354,315.16854230806666,307.77741027673517,310.42706298828125,267339
2012-07-23,306.8477132192865,311.44974316115054,303.73323848544663,304.9883117675781,272484
2012-07-24,306.5223606792437,309.03253577963835,304.98833168363893,307.49853515625,101527
2012-07-25,307.2196521360507,309.77632943114736,305.87157457702165,307.63800048828125,318783
2012-07-26,307.7773784859227,309.31140720461735,297.5041979976992,300.246826171875,773782
2012-07-27,303.73329683143106,312.3795038938918,301.5019919629844,304.4305725097656,499648
2012-07-30,306.5224129421427,311.35684083323196,306.4759108715559,310.56658935546875,282004
2012-07-31,310.33411442774076,312.1935160201711,303.77973516331036,310.6595153808594,380027
2012-08-01,311.4033262542108,311.821674633797,305.8715945778511,306.75482177734375,374441
2012-08-02,301.78083029333266,305.7320579724155,301.68785455585305,303.4078063964844,213170
2012-08-03,303.45436202051116,303.45436202051116,297.50428205387743,300.2004089355469,539065
2012-08-06,304.61648687206826,311.4497939968917,298.06210703385716,299.9215087890625,685224
2012-08-07,301.3160207461925,304.94184802077694,299.31716979488965,304.2910461425781,647479
2012-08-08,304.709426271437,307.08015187752295,299.9214729976028,301.17657470703125,495821
2012-08-09,304.8954398174741,304.8954398174741,297.969156347558,302.7571105957031,268794
2012-08-10,299.7355154617004,303.50082051419014,298.61989158750043,299.8284912109375,512898
2012-08-13,299.82851736513567,305.3137465820233,297.7831641923624,304.75592041015625,368743
2012-08-14,304.0121578182186,310.75248853437176,303.0824570297837,309.5903625488281,322695
2012-08-16,309.7298458730151,314.006475642066,307.7309946336753,309.35797119140625,361256
2012-08-17,311.3103420079168,314.23889407410445,307.77746167842685,309.82281494140625,289583
2012-08-21,311.2638306365007,311.2638306365007,304.10515117450456,308.7071533203125,240240
2012-08-22,307.26611055652944,315.7263934051465,305.26725953597565,313.4951171875,679602
2012-08-23,314.23886585884355,315.9123159257733,306.8012595663265,307.49853515625,323400
2012-08-24,309.3579314574013,309.3579314574013,303.08245125503475,305.3602294921875,240596
2012-08-27,304.9418280825048,306.3828528114483,301.82732507856093,302.80352783203125,133346
2012-08-28,302.1527328083347,303.3613323906823,294.4362282116537,296.6210021972656,263040
2012-08-29,295.59843364338434,296.38865676712066,288.6256763947329,292.8558044433594,551030
2012-08-30,292.85575672319743,294.715158353186,288.95100195133455,291.9260559082031,444732
2012-08-31,291.97250111892635,297.0393814152714,290.8568772730897,294.2967529296875,235817
2012-09-03,295.133455512522,298.43388116720064,291.5076006136575,292.8092041015625,126555
2012-09-04,292.85572890415705,294.9940292266349,290.8103759565755,293.50653076171875,156832
2012-09-05,292.344452720958,294.15735241149366,289.0904996447861,290.5315246582031,284456
2012-09-06,291.46119951710847,292.85575071097026,289.04397177330475,290.5779724121094,778289
2012-09-07,292.43736601534584,296.1096954077506,290.9963411699402,294.1573181152344,937939
2012-09-10,295.5053935369989,296.80696893226656,290.06663839269277,291.2752380371094,231908
2012-09-11,290.02017402735254,290.0666477181643,287.27754533625887,288.48614501953125,541666
2012-09-12,290.99638394394293,291.4612343975275,286.4408551732581,289.55535888671875,285118
2012-09-13,289.55524638540584,293.3205222476248,286.812618425966,288.34661865234375,482571
2012-09-14,292.8557545381434,297.6902100889297,290.99635292202817,296.3421325683594,1689775
2012-09-17,302.89651146763475,327.25468395155184,297.829659094556,307.03369140625,792250
2012-09-18,307.4520428992266,312.19349392660376,305.2207384484436,309.1719665527344,508258
2012-09-20,306.33643747378187,310.4271156381382,303.3613833330396,308.0098876953125,374580
2012-09-21,313.3091444609174,315.86582145577654,309.3114426905689,314.0993957519531,1434284
2012-09-24,311.96110796162844,321.6764931647696,311.96110796162844,320.9792175292969,954686
2012-09-25,323.30347176172387,325.39529868182126,319.25926737509184,320.4678955078125,530730
2012-09-26,319.2592627066794,323.7218437609636,317.4928367855373,319.3987121582031,248445
2012-09-27,319.91000680874004,322.1412827463937,316.42362928983965,319.1662292480469,289429
2012-09-28,320.00303637708123,331.9031956277319,319.9565343123462,330.32269287109375,969469
2012-10-01,333.62316187047054,339.3408165293292,330.04380785729273,337.4814147949219,593267
2012-10-03,338.5040058062585,344.4540841769785,338.5040058062585,343.5243835449219,674917
2012-10-04,345.8486267295658,349.5674291675181,343.8497760936087,345.01190185546875,311655
2012-10-05,345.0119748710703,348.3589034479871,336.086841456698,343.2920227050781,529836
2012-10-08,342.3158052067647,344.77950635938174,339.2013022226428,342.92010498046875,465196
2012-10-09,342.9201642473675,348.4518672823499,338.59706096867546,340.0380859375,519176
2012-10-10,343.9892624540637,343.9892624540637,330.1367275594104,332.553955078125,2407178
2012-10-11,332.5075094809386,340.08456587420454,332.5075094809386,337.4814147949219,1009289
2012-10-12,339.85209933753987,345.7557048009552,338.50405026732426,339.9915771484375,734639
2012-10-15,340.31702745531163,342.5948061722383,334.1345217022244,336.2263488769531,456739
2012-10-16,337.94620206444574,337.94620206444574,327.9519196099952,329.3929443359375,431947
2012-10-17,330.3691764593924,333.6231291757209,329.2070504892751,333.0188293457031,271780
2012-10-18,336.0403429360916,339.34076920550575,331.01993625555326,338.64349365234375,578609
2012-10-19,338.0856953687687,338.41109632814306,334.7852688276421,337.0630187988281,264643
2012-10-22,331.7172856868709,337.89981966628415,327.71958297394957,336.41229248046875,262330
2012-10-23,332.83281887334186,339.1547716818282,332.46094430323285,337.2024230957031,234010
2012-10-25,335.66847936757307,341.6650611779509,334.7852805864984,339.7591857910156,291024
2012-10-29,339.7591101487911,341.33958421305414,337.202433389454,339.8985595703125,236919
2012-10-30,337.43489202828124,343.98927083999524,330.97346059199543,336.27276611328125,373732
2012-10-31,335.2966100343222,339.34081445639697,333.1118073352962,338.50408935546875,186100
2012-11-01,338.22516998918104,342.12992504785404,336.59819344343714,338.3181457519531,187609
2012-11-02,339.8521152178554,343.75686991670875,339.34079112805597,340.13104248046875,296883
2012-11-05,340.64234984870467,342.8736259789984,336.08682183847685,337.3883972167969,152013
2012-11-06,337.4349151670263,339.3407904494309,335.6684609573244,337.5278625488281,146551
2012-11-07,338.8759657458481,344.7795719209397,337.10953977442875,341.38616943359375,607541
2012-11-08,337.3884774807435,341.2002571450922,336.5517522793553,337.2955017089844,241115
2012-11-09,337.481409072876,342.8736626623431,335.8544325828552,342.1299133300781,1491780
2012-11-12,343.01309034260254,352.54252267675514,339.7126357791529,350.31121826171875,1043728
2012-11-15,347.28964639344554,352.7749026092966,346.3599457971604,350.96197509765625,279064
2012-11-16,351.28744964916774,359.794206214684,347.28971922345244,351.33392333984375,638316
2012-11-19,352.2171135824229,354.30894014384023,343.1990055020939,347.103759765625,421504
2012-11-20,361.6535836177475,362.58328434684194,340.45641834327944,342.7806701660156,1723286
2012-11-21,343.9893196350129,345.8022476684633,341.10724128254606,342.1763916015625,752380
2012-11-22,342.5946788419614,348.59125919635653,341.9438770583703,346.8713073730469,305533
2012-11-23,348.4983620487791,351.2874645407706,345.33738489896564,347.80108642578125,974122
2012-11-26,350.49719886987697,359.2828827103295,350.49719886987697,357.33050537109375,760821
2012-11-27,358.53909768025244,371.41545906962506,358.53909768025244,366.39508056640625,1732436
2012-11-29,366.25558716532083,390.00942773193253,365.3723601874838,387.6387023925781,2540800
2012-11-30,387.63877133858836,389.35869517152764,380.7124888254771,387.45281982421875,3364241
2012-12-03,377.5515139664982,394.1466795104644,377.5515139664982,392.4267272949219,809819
2012-12-04,393.0310684388634,396.0525964635264,386.75558715687083,388.3360900878906,681247
2012-12-05,389.87004283640965,392.70561897612174,387.12741408051716,390.79974365234375,662020
2012-12-06,393.1704394562044,398.65566817824003,387.6387370457966,396.2849426269531,682715
2012-12-07,395.12285614854454,398.84165950053085,380.2011690475867,382.5254211425781,2106447
2012-12-10,386.430144541317,391.2180981441769,379.78278927736847,388.2430725097656,2298339
2012-12-11,387.6852210782152,391.54347359915477,379.178464707417,383.08319091796875,961794
2012-12-12,384.2918514496519,384.71019980819796,374.66944199203806,376.5753173828125,1453902
2012-12-13,381.0843539119538,389.03331281004296,375.0878007490623,380.8519287109375,1622143
2012-12-14,376.6217729878894,393.2634104507229,376.52879724005385,392.3337097167969,1244230
2012-12-17,390.9856691938026,400.515102615661,389.31221906372906,395.7736511230469,1424986
2012-12-18,397.2611462035778,403.2577277986931,387.96413806989034,399.39947509765625,677877
2012-12-19,403.39710933619557,405.2565106499114,399.2599584365054,403.2576599121094,560130
2012-12-20,403.58316126246126,403.7226107212544,397.54010548885583,402.2815856933594,1284392
2012-12-21,401.6307038830617,402.4674288417086,392.4266725935176,397.16815185546875,1382400
2012-12-24,397.16817495700775,401.6307272441678,388.7078923892268,395.02984619140625,3446375
2012-12-26,394.1931552479216,396.9822577614682,390.66030341298307,391.404052734375,1089995
2012-12-27,394.1001732460889,394.7974488634289,383.45511584469637,385.08209228515625,1579171
2012-12-28,385.8258361816406,390.7532391261579,384.01290825310514,385.8258361816406,1938513
2012-12-31,387.40637786980494,391.404080406302,385.8723486811254,387.73175048828125,759367
2013-01-01,390.42787870698277,395.9131079829208,389.73060307769697,393.4958801269531,692672
2013-01-02,399.77129224816866,406.69757366042336,396.42436412699715,402.5603942871094,1082815
2013-01-03,407.5807910880376,410.92771936363226,395.1228070804156,403.7690124511719,984021
2013-01-04,403.72261156291376,404.1409883123849,398.6557303625167,400.4686584472656,829178
2013-01-07,402.09560902041153,407.81326345111376,399.8178306377672,401.0264587402344,1531894
2013-01-08,404.41978573318175,406.74403737532646,400.4220842575778,403.2576599121094,2077309
2013-01-09,405.48899177445423,409.8120947510195,400.6545647149358,404.00146484375,3191463
2013-01-10,408.32458894121,413.6238662992016,405.814385516961,410.1839904785156,1898534
2013-01-11,410.92776342854893,412.41529041857086,397.86547822501257,400.7475280761719,845876
2013-01-14,401.58423483892767,410.83473992168996,396.9822049548511,409.207763671875,1276400
2013-01-15,409.2543338955909,413.1125868276187,407.7668068307002,410.8348083496094,1160466
2013-01-16,409.44027664863916,411.3926542415175,398.84169190872547,399.7713928222656,1249626
2013-01-17,399.77130234633796,405.86083060296056,394.6114747928463,396.65679931640625,678827
2013-01-18,398.65565454326895,398.65565454326895,386.84847250682515,390.4278259277344,940541
2013-01-21,389.3586644822635,393.5423178758647,378.9460330592965,384.05938720703125,1714760
2013-01-22,383.92001066722923,390.38141511202235,381.781681503366,388.3360900878906,2866392
2013-01-23,389.07977028416457,396.5173764066814,387.63874544681323,394.79742431640625,838754
2013-01-24,396.2850122857089,403.02534387297317,394.3326347032297,400.28271484375,1969798
2013-01-25,400.1432778840002,403.3972311657255,393.8213228569652,401.16595458984375,608814
2013-01-28,401.1659107362604,403.4901628262735,398.2838324702006,402.0956115722656,723886
2013-01-29,402.1420428078745,402.1420428078745,392.3801850604557,400.422119140625,1148562
2013-01-30,400.1432156301033,406.2327728475429,400.1432156301033,404.2803955078125,625954
2013-01-31,405.25661101706123,408.3246409678578,402.51401042341666,405.16363525390625,629457
2013-02-01,404.23387089238963,411.85742831850297,401.3518212926732,407.4878234863281,856437
2013-02-04,411.34615951711396,412.4153098385872,402.56047498438704,404.559326171875,610536
2013-02-05,403.4901474026134,405.02414804894033,398.23734355441906,403.53662109375,1173336
2013-02-06,404.5593227285185,408.0457009463999,398.23736824231423,399.3065185546875,694532
2013-02-07,398.3303498712831,403.49017836088143,397.9119731300858,400.65460205078125,1016207
2013-02-08,400.5150944647839,402.51397388841485,388.1036114461867,394.9368896484375,1551033
2013-02-11,395.68064807962855,399.77132573832176,394.47202007150895,398.4232482910156,909242
2013-02-12,398.4697323760543,409.8120640829163,396.7962540646649,407.90618896484375,667446
2013-02-13,409.02186442487334,416.08756756725865,407.34838601834855,409.6726379394531,1269537
2013-02-14,415.1578761659313,418.0864563503727,407.48784465322893,410.2769470214844,1262820
2013-02-15,411.71799638491615,411.71799638491615,404.8382162825557,408.92889404296875,420871
2013-02-18,408.3246292530561,413.5774334400845,408.27812718670305,408.97540283203125,434170
2013-02-19,407.34842682022037,413.5774339415927,405.3960493364903,411.5785827636719,447005
2013-02-20,413.252034592006,414.6001121954681,407.30195472901704,408.4640808105469,397050
2013-02-21,409.0683470415308,410.6023476684932,396.2849611964829,398.0049133300781,543547
2013-02-22,398.00489412421706,401.49127191372105,394.6114920835429,398.0978698730469,561286
2013-02-25,404.1409205979745,404.1409205979745,393.774734711504,396.23846435546875,618203
2013-02-26,395.4017381954998,397.40061760975664,391.12513722079683,392.566162109375,526337
2013-02-27,392.51962126208787,397.81889788278073,388.6148672281357,396.4243469238281,843374
2013-02-28,397.81891734244806,400.9798939962537,378.89950273275485,383.03668212890625,1256944
2013-03-01,383.12973949145106,384.8496917991428,369.6490766903188,372.7635803222656,1388906
2013-03-04,370.9505657091402,374.11154229888587,362.7692111977736,372.8099670410156,1628881
2013-03-05,373.2748896622139,384.10589884347337,367.2318341633238,381.7816467285156,1487746
2013-03-06,384.8961399398457,390.9391952770655,383.87346336218036,385.872314453125,1186780
2013-03-07,389.5445471650437,391.31097261139774,383.96634362568744,390.5207214355469,1099167
2013-03-08,388.84734512809933,407.208935244728,386.38364377423534,405.4889831542969,2199395
2013-03-11,407.115965447918,409.53319314775086,404.1874136685237,406.3257141113281,989106
2013-03-12,407.2089292339374,407.48782811055395,393.86771777294865,401.25885009765625,891608
2013-03-13,398.74863715889234,400.7939901124258,390.1024317244953,393.35638427734375,843879
2013-03-14,386.01180362720027,402.56046738080323,386.01180362720027,400.84051513671875,914696
2013-03-15,400.88698955244814,408.6034947135096,388.98680248968054,391.72943115234375,1358550
2013-03-18,390.1954265448984,391.2180746994382,382.75782034626104,385.96527099609375,1096138
2013-03-19,386.8484974759713,388.70789902272224,376.5288132170606,380.48004150390625,2217352
2013-03-20,379.31788535748206,381.642137105996,367.9755254758483,375.273681640625,1220686
2013-03-21,375.18070683944035,385.82579122328144,373.181856005136,377.8768615722656,1488526
2013-03-22,378.89948556273026,381.6421138074297,370.0673294575644,372.2056579589844,2051945
2013-03-25,381.17733792055765,381.17733792055765,361.79307006161747,364.48919677734375,2013156
2013-03-26,364.4891697094297,376.9936562151437,354.68083809143604,371.5549011230469,1527414
2013-03-28,369.8814525748391,380.71246074076197,367.46422492743875,376.2499084472656,2930431
2013-04-01,378.8530658308996,388.521948216926,375.2272384826667,386.47662353515625,1441489
2013-04-02,387.49926113185245,396.377920314949,381.6421577575412,395.26226806640625,1371437
2013-04-03,393.77472837908806,398.37675828930884,388.66137442204905,390.9856262207031,1288595
2013-04-04,388.8008864045795,388.8008864045795,373.78619576766346,376.66827392578125,2162736
2013-04-05,375.6921210393379,376.80774504158927,370.1603896052708,372.67059326171875,1357287
2013-04-08,372.4380997706446,378.20222698944457,365.00049429693115,365.83721923828125,1898773
2013-04-09,369.92797137883986,374.0186495421303,361.18878885448777,362.8157653808594,1325954
2013-04-10,363.4665656237882,365.5118905096647,356.12190607022154,359.9336853027344,2785331
2013-04-11,364.44265334968446,375.73851052778963,361.1887010876337,372.99591064453125,2565069
2013-04-12,370.02090646542973,375.50613533406704,366.0232045032574,372.3916320800781,2765801
2013-04-15,375.7850640453282,379.78276602299974,371.8803094472458,373.6932373046875,1300962
2013-04-16,376.38937918678005,392.2407666729811,375.1342774168898,387.91766357421875,2561442
2013-04-17,392.98455630496653,393.9607308378013,381.40976950137576,390.10247802734375,1071016
2013-04-18,393.26347122182597,423.94360018239394,387.8712174806744,418.6907958984375,5512207
2013-04-22,419.3880755782815,438.72584266876373,419.3880755782815,433.61248779296875,4233365
2013-04-23,434.6351119382663,434.6351119382663,418.92317452873795,428.73150634765625,2117529
2013-04-25,430.6838508264794,444.86178655255344,428.54555055766195,434.9604797363281,3011657
2013-04-26,434.5886477423463,434.5886477423463,421.15445991279756,425.9424133300781,2336599
2013-04-29,425.3381346931,450.1611584929288,417.15677864242593,444.11810302734375,2814078
2013-04-30,445.3267190709973,446.25641994588455,433.33358345939547,434.8675842285156,1179396
2013-05-02,434.17030732518714,443.1884171345765,432.3109055807538,439.56256103515625,1157355
2013-05-03,439.9344357386429,442.9094613147361,425.66352259508966,435.1464538574219,1386740
2013-05-06,432.7756986306515,443.04888055753065,424.5478413281069,441.14300537109375,1621140
2013-05-07,443.0024089943341,459.87647199407184,439.84143210722266,450.8118896484375,2141462
2013-05-08,450.44000415687515,460.2018618321016,449.92868010372536,458.5284118652344,2039165
2013-05-09,459.2722111199714,460.2019119521981,453.18268201777386,454.5307312011719,1567833
2013-05-10,454.62369758621736,473.6825642539422,454.53072183046794,470.10321044921875,2592210
2013-05-13,472.2415221494112,472.84582198145546,456.85495723012974,458.48193359375,1799085
2013-05-14,458.807359915101,462.01483912965597,452.857280273523,455.8323059082031,765284
2013-05-15,460.3878222699108,480.1904368754226,457.50574427346623,477.91265869140625,2091125
2013-05-16,475.3095508182412,490.2312378373399,473.45014915244855,487.674560546875,1940442
2013-05-17,487.16324014157146,487.58161686844284,470.47509871531554,475.17010498046875,1790256
2013-05-20,476.93649418335434,482.97954917788024,464.38553381010814,466.5238342285156,1230538
2013-05-21,466.9421612404243,472.1019886070879,459.2721307173113,461.4104309082031,810945
2013-05-22,463.26992032828554,468.9411011647415,454.9491147778442,459.5511169433594,1416886
2013-05-23,457.4128053893881,464.5250110182552,450.7654501725021,456.5760803222656,1238524
2013-05-24,463.8277495866459,466.7098279035217,452.7643151175599,463.22344970703125,706236
2013-05-27,462.06131609259677,494.1359949762881,462.01484239962355,492.1371154785156,2357861
2013-05-28,492.74136428395377,494.50781828764804,481.63142972149626,486.23345947265625,1039356
2013-05-29,485.1178689591409,488.0929228856162,478.1451129179178,480.5158386230469,874714
2013-05-30,476.61116335701206,494.3219531971591,476.61116335701206,491.6722717285156,1267557
2013-05-31,489.7663615474919,489.7663615474919,476.89002838988364,480.9342041015625,588014
2013-06-03,483.4443962118941,488.4648030241747,466.198458426683,474.0544128417969,1412889
2013-06-04,473.2176944562548,483.25845147697066,470.8934425188469,473.5895690917969,770478
2013-06-05,469.73138199857874,482.51476943545254,467.360656040992,476.2392883300781,927599
2013-06-06,474.14736810592836,479.21424838849515,468.6621395218909,473.86846923828125,1055016
2013-06-07,470.47509562510913,476.9365277693115,469.5453947912508,471.4977722167969,708581
2013-06-10,468.24383028617103,476.00683810549936,457.7846956598295,460.62030029296875,1023103
2013-06-11,460.2019196318386,460.2019196318386,438.4933991626405,443.37432861328125,1827166
2013-06-12,446.2563462901287,462.8050077828352,440.6781419615021,457.9705810546875,1015978
2013-06-13,453.6939948422295,458.993300803003,447.2325628700773,454.437744140625,810475
2013-06-14,457.1338731682567,458.20302336343383,443.9785847703743,448.208740234375,1758294
2013-06-17,448.39587681201,457.00269434866067,439.22776867286836,454.7574462890625,1074238
2013-06-18,454.1025438815677,455.36550476655043,442.5020724285123,446.80548095703125,647101
2013-06-19,446.24415866971555,450.9217703958132,441.33266635731303,447.6006774902344,700024
2013-06-20,441.5665502617209,441.5665502617209,417.33652704843655,420.2834167480469,1455164
2013-06-21,418.6461840340808,438.1985922823462,411.9572060214995,434.3629455566406,1846376
2013-06-24,432.63235437483047,435.85988959260436,420.0495664109432,424.446533203125,1505334
2013-06-25,423.79163921896225,448.8636276468439,420.04954968943497,441.2859191894531,1835731
2013-06-26,444.3731557548226,444.84091697140667,422.8561397919575,425.8498229980469,1511583
2013-06-27,432.21132457006985,434.0823692651784,420.283414638753,426.270751953125,1383441
2013-06-28,433.2403783332174,439.64871173153006,425.14811623237165,437.3099060058594,1760619
2013-07-01,436.42113710323105,450.82817429012607,435.0178537041853,441.5197448730469,1003751
2013-07-02,438.85351959651354,447.9280688377235,436.74859440733275,445.7296142578125,963654
2013-07-03,442.3149710552196,446.2441764819297,433.24042107429756,437.1228332519531,689427
2013-07-04,438.33895936678596,453.7283125206848,438.33895936678596,441.84716796875,1593383
2013-07-05,444.6069767213283,448.11518537509994,435.3920762807797,444.41986083984375,1033634
2013-07-08,442.50204149076075,462.80288652667144,437.82443005851167,460.4640808105469,2004937
2013-07-09,464.0191045494042,474.30985081965304,464.0191045494042,471.0355224609375,1443282
2013-07-10,475.245384704845,480.2972285632637,458.9205072158001,463.97235107421875,3378634
2013-07-11,474.30979637539383,483.4779033074734,470.84835251641266,477.771240234375,2233280
2013-07-12,479.92294440581577,480.4842349511856,467.1998352963883,470.4273986816406,1328001
2013-07-15,469.6789581810229,476.88249129388686,467.3401524365703,473.70172119140625,667294
2013-07-16,457.4704804261207,457.4704804261207,431.3694096455265,436.3276672363281,2917668
2013-07-17,441.5198021805675,441.5198021805675,412.7524887662462,424.63360595703125,3539319
2013-07-18,427.533734655893,440.11652229274074,425.14816396780793,435.0179138183594,4039242
2013-07-19,435.0178486684735,435.0178486684735,411.8169081594377,416.3074035644531,3204539
2013-07-22,416.3074304537583,432.77262891875836,413.07986704489696,429.4515075683594,1812575
2013-07-23,436.421159936891,440.63101035428866,430.90158398850025,433.1000671386719,1689821
2013-07-24,420.84470095064466,421.3124620879579,392.4515942057597,396.2404479980469,5520199
2013-07-25,396.2872707672518,404.09888805236454,392.8726199204304,395.21142578125,3598704
2013-07-26,401.8067692877597,402.4148529841582,378.04451204101883,393.05963134765625,2335051
2013-07-29,393.15326401562925,398.2986368938826,381.8334379734967,385.856201171875,2008750
2013-07-30,388.24170648290703,393.6677237318762,368.2683021382097,372.9927062988281,3632814
2013-07-31,369.5312907363774,369.5312907363774,344.08507397964456,362.4681091308594,3026323
2013-08-01,366.6780030239863,372.8992210521582,344.3657888696781,367.613525390625,3827048
2013-08-02,372.80563171814623,380.2898100211454,355.82590790319176,365.2746887207031,3145030
2013-08-05,373.1798574660342,375.9396598019266,354.89040705321713,365.6956787109375,1846081
2013-08-06,357.9776285315698,361.2051921222597,330.2393960205552,336.9283752441406,2679728
2013-08-07,338.6590865424079,354.23552776870645,332.2507528136054,348.1546325683594,3843246
2013-08-08,348.1078706231718,353.1596855811118,337.95744746007057,351.00799560546875,1440010
2013-08-12,348.5288236899472,363.918177044021,334.9169855572224,348.85626220703125,2173435
2013-08-13,344.08510297510185,362.795549652375,341.13821333340655,359.4744567871094,2019325
2013-08-14,359.2405420960995,366.91183592539255,349.46432321546206,356.1065368652344,2330603
2013-08-16,349.41763618919015,353.62748722761415,325.56181363812095,333.4201965332031,3173412
2013-08-19,327.4328420298179,334.87025657587503,312.8386867893704,318.0308532714844,3279735
2013-08-20,308.7223647622479,328.6957719500229,291.41520188921277,315.5516662597656,5187529
2013-08-21,341.18496896279976,358.95989134644157,331.1748696741682,335.712158203125,8113368
2013-08-22,328.3683518383634,346.47071540609477,322.9890982113817,342.775390625,6411982
2013-08-23,345.207724414269,349.8853358561968,335.52506301950365,346.2835693359375,5521984
2013-08-26,350.8208988423119,358.30507801761456,345.1609997609404,350.39990234375,3088890
2013-08-27,345.2077619924138,345.2077619924138,315.8323646493763,322.9891052246094,3429668
2013-08-28,316.95497476543034,329.77164294671473,297.4961204455469,322.334228515625,6941686
2013-08-29,328.55546977488694,335.3847716977352,316.4404435892857,330.2861633300781,2654131
2013-08-30,327.9473392821551,344.2722152570953,322.75520180352686,333.7475891113281,2433451
2013-09-02,334.8702595193401,358.6325231255384,334.8702595193401,356.4808044433594,2228734
2013-09-03,360.17609711527416,360.17609711527416,320.4163980830686,325.93597412109375,3305740
2013-09-04,328.36836355993165,350.63378533863107,321.8197067367991,343.2431640625,3966778
2013-09-05,355.87268002115707,388.24175756682394,355.87268002115707,371.8701171875,8526456
2013-09-06,375.93966509171025,389.08374279534644,362.56167824880976,386.6046142578125,4101301
2013-09-10,397.59700791438667,407.51355076293265,377.15583838575395,383.3302917480469,3472659
2013-09-11,378.465553515831,395.21142634300304,375.14446060869705,392.7322692871094,3246382
2013-09-12,393.24683640074477,396.4743714675192,366.11668750094145,371.4959411621094,2377014
2013-09-13,368.595828359258,378.8865748362931,363.0762518679148,374.3025207519531,2837980
2013-09-16,383.51735329368796,394.5097396018144,376.59446588526737,387.7272033691406,3299336
2013-09-17,385.9029558096496,385.9029558096496,371.49591783606445,375.7525329589844,2719459
2013-09-18,378.79302116755116,388.24180329506953,369.71847084696697,385.71588134765625,2757792
2013-09-19,407.8877104854086,443.5311147492689,402.2745768548755,406.390869140625,12156937
2013-09-20,408.5426765886494,408.82332191142825,362.3746366994308,384.9674987792969,6557339
2013-09-23,372.33790169355166,383.09640890328996,359.24058856865287,361.11163330078125,2591710
2013-09-24,356.1065886966448,370.09265971564724,355.2178595644241,363.1697998046875,2528183
2013-09-25,367.5667437323196,368.08129818012173,352.2241821456455,358.72607421875,2144586
2013-09-26,362.9826069701226,366.58437308431076,352.504747101552,358.67919921875,4261623
2013-09-27,364.6198572112027,364.6198572112027,348.01433452871686,351.4289855957031,1781898
2013-09-30,348.0142938956568,350.8208607819121,338.3784256727968,344.9738464355469,2082095
2013-10-01,347.07883342779536,361.5794315898731,342.86898234848246,358.35186767578125,2265975
2013-10-03,361.6729445557624,378.8865500065799,359.75510661716135,373.3669738769531,2984315
2013-10-04,369.5313229577679,378.1381398744562,365.78923361136015,370.6539611816406,2324909
2013-10-07,368.87643996667106,374.1153706773184,360.26965173834907,371.5894775390625,1800072
2013-10-08,401.24550597620265,401.24550597620265,372.33787281673744,375.1444396972656,3766564
2013-10-09,369.2506622759866,388.14819555723966,364.9472539971295,384.4996643066406,3557219
2013-10-10,384.4529300888629,392.7322802389111,380.28984411464353,388.66278076171875,2506328
2013-10-11,396.05339125023335,402.08749325751006,388.7095351174613,400.403564453125,2607130
2013-10-14,405.9699523657604,411.629851402595,394.36945189542155,399.9358215332031,8169553
2013-10-15,403.21019311795493,404.14571560778774,378.886608382301,381.17864990234375,4149958
2013-10-17,383.56414812275136,383.56414812275136,361.5326090834556,364.0585021972656,4637522
2013-10-18,367.6602896620993,388.19501700592554,367.2860864258537,386.97882080078125,3895239
2013-10-21,388.3353316104554,400.9648832839232,384.21903899722633,398.06475830078125,3404948
2013-10-22,398.5324861111499,401.9003719854443,391.656391732356,398.2050476074219,2278709
2013-10-23,397.78413145718605,404.89407877787426,394.7904483906707,399.9358215332031,2423549
2013-10-24,393.948439011151,405.64246754656943,393.948439011151,399.60833740234375,1802601
2013-10-25,395.81953136402757,401.24554983959405,390.2999549389076,397.4566955566406,2120328
2013-10-28,399.795459793771,402.22782347874977,384.03190336117535,385.6690673828125,2647268
2013-10-29,384.5932578921945,409.75880431965925,376.6413176257171,407.0925598144531,3912100
2013-10-30,409.8055483612675,424.0722640025495,406.2505749001116,418.3656005859375,3246632
2013-10-31,419.1140223954915,421.63994421827226,412.7992463884166,416.8687744140625,1663042
2013-11-01,414.4363631199803,426.5513878636403,413.59439879201375,420.1898193359375,1811465
2013-11-05,416.30748039447786,430.3403168122693,413.68802901644165,425.33526611328125,1863758
2013-11-06,423.69805403451727,423.69805403451727,412.1911408908613,414.6235046386719,1042985
2013-11-07,414.90416426036796,416.02680250582574,399.5148101074228,400.77777099609375,1816618
2013-11-08,400.8713191399948,405.08116963271357,395.7727110121962,400.8245544433594,1580186
2013-11-11,394.0419784823197,398.2985932497726,381.9737187594569,387.7272033691406,1881535
2013-11-12,388.61600949427714,404.4731260122355,385.2013583542396,387.91436767578125,1842612
2013-11-13,387.0256096780005,389.5982961542142,372.33789728475665,377.2493896484375,3499006
2013-11-14,385.4351593809101,394.55650113810395,382.6753573780151,384.87384033203125,1575820
2013-11-18,390.5805938243507,396.6614892970651,384.03193716142744,392.5451965332031,1708568
2013-11-19,391.9838513338385,404.0988767747271,391.0483290156193,402.9294738769531,2017863
2013-11-20,400.40348604228444,402.2277656813506,391.1418223321216,393.05963134765625,1338612
2013-11-21,389.5514873222232,390.1128064227346,374.2089270242059,376.92193603515625,2613409
2013-11-22,379.16718409070324,386.2771594179519,379.16718409070324,381.08502197265625,2098483
2013-11-25,382.90930210166124,395.5388543433953,382.90930210166124,392.9194030761719,1794972
2013-11-26,393.293574664078,398.0647441702178,384.49967063210227,385.9029541015625,1631482
2013-11-27,386.8851980926645,389.64500002902537,378.1848529693482,383.6108703613281,1533846
2013-11-28,387.4933844639022,393.85492528127344,384.0319402089376,390.5805969238281,1792494
2013-11-29,390.8611877719347,397.5969594460286,390.8611877719347,394.9775085449219,1346558
2013-12-02,397.971174499988,407.4667199868423,394.9775203166266,405.4553527832031,1845832
2013-12-03,405.78280566236447,405.78280566236447,396.8017856945019,398.11151123046875,1463179
2013-12-04,395.25811933488836,403.21005783038316,393.9483939985458,399.2808532714844,1277047
2013-12-05,406.9522188681591,413.7815205464559,404.05209389728435,410.5539855957031,2484619
2013-12-06,413.407279118019,419.58173171612395,409.61842540207033,417.476806640625,1758736
2013-12-09,431.27580626558733,442.1278713089267,425.6626721276404,436.6550598144531,2975182
2013-12-10,435.95339814724326,437.2163589806063,420.0495188156915,423.6044921875,1719053
2013-12-11,420.61088566841426,421.9206113462095,409.8055845893769,416.7752380371094,1795277
2013-12-12,416.3074980266684,418.5059815352122,401.52625446050496,405.6425476074219,1938161
2013-12-13,399.4680407912558,400.40356313502923,385.90296680654103,389.8789367675781,2559982
2013-12-16,388.56924483828095,395.35178241786497,382.7689943847542,389.0837707519531,1368811
2013-12-17,392.2644633883412,395.16458803918323,385.01416603617275,387.7272033691406,1812860
2013-12-18,387.68043414687,405.923118937431,385.9965054323066,401.66650390625,3858592
2013-12-19,406.9522231930848,406.9522231930848,386.60461203343056,395.58563232421875,3258108
2013-12-20,393.48072537458035,399.7019435965344,389.92572314069383,397.4566955566406,1852050
2013-12-23,395.2582277728594,406.01673574774196,395.2582277728594,402.9762878417969,1475724
2013-12-24,404.14566289129436,405.1747432058541,395.3049650955965,396.33404541015625,1018128
2013-12-26,399.8422448240824,401.5729668735242,389.9257022501366,392.7322692871094,1479040
2013-12-27,394.79042402406293,397.5034330763384,393.1532599433944,394.8371887207031,770831
2013-12-30,397.45664915779844,398.4389361387436,389.64503235499234,390.6273193359375,935426
2013-12-31,389.1773433212206,395.25823931061467,389.1773433212206,393.5743103027344,565994
2014-01-01,395.35173351235693,397.2227781304468,394.18233062605077,396.0533752441406,436060
2014-01-02,396.19373136196396,404.9876361001643,384.1254982654003,386.4175109863281,1488105
2014-01-03,386.370712635966,388.7095184025275,380.38337558354345,387.2126770019531,1744494
2014-01-06,387.44656687719043,388.24176656688087,382.7221905353028,386.6513671875,1053536
2014-01-07,391.0483366809043,394.32266485885447,384.49968032500396,391.8435363769531,1751684
2014-01-08,396.1936797147218,399.0002465131732,393.1999970430908,394.69683837890625,1438845
2014-01-09,396.0065847482779,396.0533779939801,385.3884293067952,389.9256896972656,1444817
2014-01-10,394.743698175766,400.87135863222306,376.4542176590011,379.7285461425781,6439413
2014-01-13,379.8220499434823,388.70951170324355,375.5654349416517,386.4642639160156,2578191
2014-01-14,384.49968032500396,393.8081389936984,384.40612238137305,391.8435363769531,1651642
2014-01-15,393.0129428503012,398.4389610314312,391.98386256081073,397.55023193359375,1604906
2014-01-16,398.15831617944764,401.9471702609101,397.0356779442636,401.0584411621094,1392236
2014-01-17,401.05842530750596,401.80683173479184,393.85489210791,396.0533752441406,1164331
2014-01-20,395.6324457854803,408.82331828686307,393.4339622769365,405.6425476074219,1078601
2014-01-21,408.07483566950793,411.6298089633323,402.83590511818153,405.8295593261719,1291285
2014-01-22,403.81821601792194,409.7587886408409,403.1165742565506,406.2505798339844,908648
2014-01-23,404.1456474633906,407.3732109290555,399.9825616656345,401.99395751953125,1049336
2014-01-24,398.064769558622,403.67790379446626,387.35302697193504,388.0079040527344,2127724
2014-01-27,379.1671736055149,383.6576977379618,367.28605762459983,369.81195068359375,3637896
2014-01-28,371.8701499968101,374.5363945180835,353.2532601471969,364.7134094238281,3241962
2014-01-29,370.46685684984436,372.33790158140926,354.14198014699014,355.7791442871094,1703617
2014-01-30,351.756450945686,355.7791861721873,345.6755548522101,354.0484924316406,3221639
2014-01-31,354.51620623565157,360.69063091068284,354.51620623565157,359.053466796875,1575659
2014-02-03,355.9195138932084,360.1293647570003,353.34682725422437,357.65020751953125,809570
2014-02-04,353.7209918832855,364.47949847147135,348.20141595236515,362.88909912109375,1783912
2014-02-05,362.51491164677645,369.858767824951,361.39227340366165,369.0635681152344,1836383
2014-02-06,368.5957667239885,372.5717362889047,361.11158871944053,365.4617614746094,1223712
2014-02-07,369.5313009534221,371.8701066556589,360.4567234087934,363.5907287597656,1428673
2014-02-10,364.0585418848378,367.4731929877134,358.679288001579,359.989013671875,719987
2014-02-11,360.08251612456394,364.85368541301665,359.5211970524153,361.5325927734375,717541
2014-02-12,365.040838166412,365.78924463830435,359.8019072135351,360.59710693359375,919601
2014-02-13,361.2052148265827,361.76653399283913,348.24822350079495,349.838623046875,1003217
2014-02-14,352.03703905000344,356.7614439154411,347.78042389637335,352.5983581542969,1410332
2014-02-17,351.8499250972025,359.2405451866405,350.8208449088286,357.1356201171875,1047736
2014-02-18,353.67421894431715,366.25700618333786,353.533896299433,364.1053161621094,1763389
2014-02-19,364.152121158127,369.2507300355274,363.26336339238117,367.5667724609375,1498154
2014-02-20,363.9182558295321,366.81838131604184,358.58576611079206,359.7084045410156,3540155
2014-02-21,359.8018607864636,368.78288003968913,359.8018607864636,366.771484375,1147452
2014-02-24,364.853714821151,375.42510590755694,362.04714778406526,373.3669738769531,2077167
2014-02-25,377.90427605544716,380.5237272941901,372.01046794345956,376.6880798339844,1853952
2014-02-26,376.0799429495525,377.48322631876727,368.87641023430086,370.2796936035156,1000077
2014-02-28,371.8701171875,378.1381280669626,366.72474449685535,371.8701171875,1337890
2014-03-03,371.4024108147606,377.7171873210569,365.1811922629779,366.95867919921875,903952
2014-03-04,366.25699655534333,386.37072688980027,366.25699655534333,384.6867980957031,2110860
2014-03-05,388.24176605024996,394.2291032383992,382.6286320832584,389.1305236816406,1885593
2014-03-06,390.86123921844546,397.1292505887967,389.17731035321424,393.714599609375,1766045
2014-03-07,395.25816695664435,423.4173935551281,395.25816695664435,415.4654541015625,4034650
2014-03-10,416.9623347359344,440.5374815000237,413.594448469671,438.43255615234375,4924045
2014-03-11,439.88264506886696,447.1329436881334,430.34030514355857,443.06341552734375,2898887
2014-03-12,443.67144038481905,443.67144038481905,430.15313204644946,439.4148254394531,2039528
2014-03-13,441.7536801829991,448.91042069504255,434.7840270174219,438.9471130371094,2171476
2014-03-14,432.21135608541636,439.69553541157075,426.6917795423532,437.9648132324219,1858887
2014-03-18,439.69548216603573,453.4476714324553,439.69548216603573,451.7169494628906,3507136
2014-03-19,452.79277908112607,453.6347434148972,445.5892461757949,448.39581298828125,1470017
2014-03-20,450.92175044580586,451.85727274963534,437.68411555659384,438.71319580078125,1348600
2014-03-21,442.4084615535234,447.0860727531798,439.3212495816994,441.0519714355469,1458528
2014-03-24,444.3731043218195,461.6802673322482,444.3731043218195,458.68658447265625,3390514
2014-03-25,462.56906407234686,462.56906407234686,453.5412500339499,454.7574462890625,2615164
2014-03-26,458.499497137604,465.7030019093165,454.4299693143659,458.68658447265625,2581666
2014-03-27,458.17206770079457,462.6157988321448,456.11390712527134,459.9495544433594,2170348
2014-03-28,463.08348518584467,476.6485569741169,461.2124408012554,469.11761474609375,2065347
2014-03-31,472.43880263339605,475.6663662693573,464.159423847568,469.4919128417969,1905650
2014-04-01,470.5209532147222,471.5032402118803,459.8559761319345,467.05950927734375,1149446
2014-04-02,469.63215438123,477.02277420833065,461.82053813523305,475.4324035644531,1991703
2014-04-03,475.71311838425356,475.71311838425356,461.6802830336856,463.691650390625,1599787
2014-04-04,462.70935138836995,471.03549443807475,462.19479697554283,468.5563659667969,3169896
2014-04-07,468.55638400019296,472.76623465868545,463.7852142105927,465.74981689453125,1136853
2014-04-09,470.8483726923682,485.0683233900995,466.2175543338056,483.5246887207031,2384220
2014-04-10,483.6650256170098,486.93935364343054,475.33888291694336,479.1745300292969,1620315
2014-04-11,470.2402937813155,472.158131689033,456.86233587325336,458.5462646484375,1451648
2014-04-15,462.1480520280975,464.8142964997735,448.48941967923497,452.0911865234375,1027632
2014-04-16,453.8218757537658,463.08354086101104,452.23147641570733,455.73968505859375,3374626
2014-04-17,460.0898622490841,471.5968038323015,455.55260186959674,466.77886962890625,2147605
2014-04-21,467.7611674058522,475.5727846115051,463.27067161870633,473.7485046386719,1141176
2014-04-22,473.37430652802203,474.7308253481022,462.6157995614761,465.79656982421875,1236478
2014-04-23,463.27066441207484,470.4741691481418,459.52857513103993,465.32879638671875,2484935
2014-04-24,465.32879638671875,465.32879638671875,465.32879638671875,465.32879638671875,0
2014-04-25,464.252944590466,474.9178931743576,461.21249709440747,463.4109802246094,1701681
2014-04-28,465.79657506687363,466.82565536784017,457.23655122451277,462.0077209472656,1115291
2014-04-29,463.0836123808428,466.7321442229584,452.5122201242218,454.009033203125,1443629
2014-04-30,455.03805390415283,461.02539108383723,443.15693748741,447.5071105957031,1391554
2014-05-02,449.61209471846036,455.59943268233866,442.22147308102257,445.8232116699219,1233076
2014-05-05,447.55386340236726,453.63475836313273,440.6310040800861,449.3781433105469,1603848
2014-05-06,450.5007217858636,461.4463433781895,447.4135098238604,458.8736572265625,1387562
2014-05-07,455.88000206948857,465.1884603070455,454.52351187423443,460.8382873535156,1685631
2014-05-08,463.3642014373842,464.5336043569717,457.51718683944694,459.0608215332031,1096156
2014-05-09,459.06081884434514,484.50703764547245,457.0962162409703,480.3907165527344,2179187
2014-05-12,484.60065339113936,501.440058335233,479.36175024843715,487.6878662109375,2569167
2014-05-13,496.76234789479264,509.67254438623263,489.74593055164587,499.80279541015625,1977628
2014-05-14,499.52211457124093,505.6497738613599,493.8622164040279,502.4222106933594,1313340
2014-05-15,497.69793792883667,511.0291326947876,497.69793792883667,499.8963928222656,1560960
2014-05-16,514.5372336167666,549.1515566055308,508.97086485132684,525.7167358398438,3007891
2014-05-19,525.8570361033395,545.7368839996992,520.7116637066346,524.1263427734375,1893969
2014-05-20,532.3123052583325,535.6333987305893,512.8066838721631,520.1505126953125,2065575
2014-05-21,523.7053284288869,533.2476665127483,511.16936491457454,523.939208984375,1937799
2014-05-22,527.6347286274779,536.2415476775247,517.2036291489254,530.9090576171875,1627738
2014-05-23,533.2477353817611,543.5384811522864,518.3261425945491,524.6876831054688,2330579
2014-05-26,531.3766196010017,534.9315926079609,505.6029939258669,514.583984375,1977780
2014-05-27,513.6018663965325,525.2491332566251,505.1821636687205,519.5892333984375,1439765
2014-05-28,519.2149356983658,527.4475214570554,514.630853065811,518.56005859375,952791
2014-05-29,518.793881985959,523.8457252647589,506.11756619348444,507.7547302246094,1726648
2014-05-30,512.5727349017722,516.3615891212638,494.5171072858595,499.5221862792969,1154455
2014-06-02,497.7914425142509,518.6068157601255,496.7623907217727,516.7825927734375,1212526
2014-06-03,517.3438024688186,519.1213175775973,501.9076853969641,506.5852966308594,1082946
2014-06-04,505.275585497137,512.66623471338,503.31101145218696,505.22882080078125,596415
2014-06-05,503.217536099304,508.1290288388687,497.27693443064265,498.6334533691406,958473
2014-06-06,502.70287573965913,512.3855656248893,499.89630889172264,510.1402893066406,1125599
2014-06-09,512.6662657177982,524.8280566928554,512.6662657177982,521.226318359375,1196862
2014-06-10,521.5536566050306,524.6408686232813,511.73067293803,522.3020629882812,809142
2014-06-11,521.0860050804273,534.7914318241518,509.85973567115417,521.8344116210938,2240823
2014-06-12,521.0859249642916,521.0859249642916,509.85965728103935,516.455078125,431081
2014-06-13,519.1682380902847,521.0860478518333,499.28838437959985,502.0481872558594,637311
2014-06-16,503.790089829998,514.7604951497779,490.27723844775926,503.2721862792969,1028057
2014-06-17,501.9068775966325,524.2713960636494,500.0235497257258,520.1280517578125,943205
2014-06-18,522.6234215225021,524.5538208638367,506.61513653892996,510.4288635253906,793566
2014-06-19,512.9242445771567,527.3316881330152,506.6150860992182,524.7891845703125,1800038
2014-06-20,525.4483977694645,526.3900615647502,518.2446467456895,523.09423828125,1215250
2014-06-23,523.6591888763129,536.6541946181765,523.6591888763129,534.3471069335938,1348982
2014-06-24,537.5017091253659,543.1987638703772,534.9592052589064,538.3963012695312,927637
2014-06-25,541.4096411256436,548.0483597618595,533.9234020360384,544.8466796875,1062983
2014-06-26,544.281647546706,547.6716140571593,530.4391789255994,532.5579223632812,1924761
2014-06-27,533.4525526369525,540.0441993597393,531.0983930931002,538.443359375,591144
2014-06-30,540.3738472539228,543.6225994517127,536.3717753735777,538.3493041992188,743857
2014-07-01,540.6562198160925,543.3399382892104,535.806628919516,541.88037109375,1160823
2014-07-02,545.2233553475096,550.8733383044786,538.6317085643791,550.0258178710938,916904
2014-07-03,550.8733888635248,552.7567166886993,537.6900940873037,539.808837890625,576292
2014-07-04,541.4566914069211,544.1404102788381,524.5067428063567,536.23046875,926448
2014-07-07,536.6542269830609,537.6900341816629,521.917165403129,523.5180053710938,1093537
2014-07-08,522.6703885129681,532.0399531654001,513.1596088002002,518.9508056640625,990112
2014-07-09,527.3317235344325,529.2150511184841,508.7338636419235,512.1709594726562,1791553
2014-07-10,513.0654755904674,523.2354901572171,501.1534635357346,504.873046875,1401352
2014-07-11,504.8730807288126,512.2651187354312,499.31724119386473,504.96722412109375,1244271
2014-07-14,502.9426305845709,510.0051093372541,499.2701761179352,504.8259582519531,933715
2014-07-15,508.7809753789325,511.60596697734366,501.7655680812912,508.451416015625,606338
2014-07-16,511.3234656155238,514.0543137440101,503.0839070075388,508.8280334472656,930425
2014-07-17,508.49851135158366,512.5005829687026,503.7901918020319,505.5793762207031,790020
2014-07-18,502.8485246563586,512.3593070954109,496.3510207299463,510.7113952636719,1110616
2014-07-21,511.32350399260974,535.5713497160161,511.32350399260974,527.0963745117188,1674032
2014-07-22,531.0983808895757,532.3696040242066,519.7984153387337,525.5425415039062,858090
2014-07-23,527.3317697878605,530.5334499514132,518.9509383138914,523.3767700195312,658514
2014-07-24,524.5068463358773,525.7780697420003,515.1843497756114,519.5631103515625,690087
2014-07-25,517.3972574666008,525.9663762336834,511.60600131136454,517.9151611328125,569208
2014-07-28,519.5630052251494,525.8250925280781,516.5967412448995,519.280517578125,527177
2014-07-30,519.9396754619679,532.0400319600711,514.0542768783388,530.7216796875,680088
2014-07-31,529.215183016016,538.6318232832049,523.8947582752098,526.8610229492188,1039377
2014-08-01,523.5650140149453,531.0983235691172,513.0654408339819,516.5966796875,561037
2014-08-04,517.679667954661,527.3317217910144,515.8434120713623,522.43505859375,534723
2014-08-05,520.740071931426,524.977558954376,515.3255051798785,522.6704711914062,432351
2014-08-06,518.4328823690724,523.1882720439187,515.5608198901721,520.36328125,533624
2014-08-07,516.2672560559192,523.0943196334941,516.2201843537537,518.3389282226562,341244
2014-08-08,512.9242641238787,518.8567343465336,504.07260174591477,505.8617858886719,384425
2014-08-11,508.02762864230425,509.4401243660549,505.57932571097575,508.2159729003906,271885
2014-08-12,508.1689086110767,516.9734424276089,506.6151403024656,513.206787109375,344857
2014-08-13,508.82799603609476,514.2425627232403,504.54343736988125,508.0746765136719,408388
2014-08-14,508.68682932615883,518.1034679383624,506.0972537078028,516.2672119140625,551976
2014-08-18,513.2068381337674,521.399325760365,512.1239016322671,518.1505737304688,656550
2014-08-19,519.3276147871975,536.748396062924,519.3276147871975,535.4771728515625,1264604
2014-08-20,539.2909033512371,539.9500795472214,528.4617689766123,535.2417602539062,590301
2014-08-21,535.9007701126865,541.221192823185,532.0399720662889,534.9591064453125,670343
2014-08-22,536.2305230272399,540.6092257075059,534.2529943389167,536.7013549804688,440118
2014-08-25,535.947936523599,548.9899562333007,532.1341524260088,534.1587524414062,848626
2014-08-26,530.1567111211823,538.2079249905369,525.0717036907499,529.5917358398438,496916
2014-08-27,532.0400809841565,546.9183584795896,528.3675689397352,543.7167358398438,412225
2014-08-28,550.2142436254584,553.6042683865079,544.3759155436015,551.2971801757812,770108
2014-09-01,552.332954568166,578.9349600089336,552.332954568166,571.495849609375,1531844
2014-09-02,574.4149547018005,584.2082818373765,573.4732908416336,577.85205078125,1277709
2014-09-03,581.9481909260537,586.0915343690864,575.968649170939,580.3473510742188,1459503
2014-09-04,579.9707735060156,581.0065807249239,567.8703588554292,574.1324462890625,592010
2014-09-05,574.2266643117566,582.0424635895403,571.5900167508256,577.4283447265625,633231
2014-09-08,581.9482966135328,585.7149522550443,578.1816409720212,584.2083129882812,501130
2014-09-09,585.7149561508197,600.4048902605805,577.239980901049,596.6853637695312,826742
2014-09-10,593.0598994307056,598.3332516372571,584.4907811226373,595.6494750976562,891497
2014-09-11,596.5911114159325,605.019014237586,589.4815609536636,591.7415771484375,1075814
2014-09-12,596.0731298447804,596.9206501756287,588.5398201469001,594.4722900390625,393690
2014-09-15,590.79988188337,590.79988188337,583.9256902710458,586.9390258789062,366221
2014-09-16,584.7732269114415,600.2636081047399,576.2982526083771,582.4190673828125,1274041
2014-09-17,586.2326788113927,589.0105980027257,577.8519070256023,583.7373046875,512933
2014-09-18,579.1231461740394,594.9430840380224,579.1231461740394,592.8243408203125,870506
2014-09-19,591.0823875226419,597.8623784781312,584.5378125206446,593.3423461914062,532173
2014-09-22,589.4816351665854,606.290313754576,586.9391309960255,605.066162109375,687450
2014-09-23,607.3260053743759,609.2093327451161,592.0239704871115,594.0956420898438,732144
2014-09-24,593.2480955061483,595.6963979898306,580.1589478694315,586.3739624023438,618112
2014-09-25,583.8315826873933,594.0015406973505,568.7649611986864,575.87451171875,939181
2014-09-26,576.2983531356335,591.6945361486786,574.6033694742738,588.0691528320312,1169117
2014-09-29,588.5398797827631,595.0373830454039,580.6298808086437,588.68115234375,592490
2014-09-30,588.3515451200865,591.2707374561685,579.123251149534,585.2911376953125,557826
2014-10-01,585.2440738040161,585.2440738040161,565.5632766508555,566.7403564453125,602106
2014-10-07,561.2316424168578,571.0249692341057,560.3841219804156,564.5274658203125,798852
2014-10-08,560.5253584138107,591.2707034569221,559.8191105871658,586.7506713867188,928741
2014-10-09,590.4231939628274,594.70775269523,585.9973626726525,589.622802734375,626240
2014-10-10,585.714948927309,592.1182519865774,580.5828691499865,586.8920288085938,688989
2014-10-13,590.3290419546178,610.1981245640088,587.5981940246011,597.909423828125,2955157
2014-10-14,606.902394804417,615.8482020203082,603.0886674336157,611.8461303710938,1979225
2014-10-15,611.8461303710938,611.8461303710938,611.8461303710938,611.8461303710938,0
2014-10-16,611.1397935425588,619.6147675670318,603.6064832985827,607.7026977539062,1604023
2014-10-17,609.5860611648845,627.9956351359517,609.2565018121675,622.2985229492188,1666095
2014-10-20,630.9617199789344,635.5288231863918,625.1233938281882,628.3250732421875,945873
2014-10-21,629.0313242688877,640.1429439511749,624.3230059734619,638.5892333984375,752512
2014-10-22,643.2505156446247,646.7346831825063,637.035557584855,644.0509643554688,475609
2014-10-27,651.6313921472944,667.1688458617891,651.5372487509864,656.1513671875,1242535
2014-10-28,659.0706312242501,661.0481025582995,645.6989914439613,657.234375,640727
2014-10-29,661.048016557908,662.6959282800965,649.3242902394184,651.9609375,890168
2014-10-30,651.6314660743357,676.7739055232813,646.7818736476678,668.8168334960938,1773300
2014-10-31,673.2895788972444,679.8812251242105,667.3571087878938,678.092041015625,806832
2014-11-03,682.6121120885855,682.7062554788127,664.2496679757071,666.7921142578125,722814
2014-11-05,668.5812906179325,683.9303988935376,664.3438035647202,680.2108154296875,917214
2014-11-07,681.7646757955728,688.8742268728296,675.3143009550282,685.9080200195312,891311
2014-11-10,686.4729610466809,691.1812803954235,678.9396500886926,682.2354736328125,590964
2014-11-11,686.0490976536275,687.367449862884,676.8678763040999,678.3745727539062,913581
2014-11-12,682.7062281943911,686.4728832464981,678.233325320014,685.20166015625,1022775
2014-11-13,692.0758136634397,693.3941084841256,678.9395923035624,680.2108154296875,919911
2014-11-14,680.8230051454003,690.1455008198054,674.9846774237832,687.9325561523438,677172
2014-11-17,687.9324775096688,690.9458131642141,679.5987758705423,683.318359375,786713
2014-11-18,683.459580653676,686.0962278223222,677.9979420597806,680.1637573242188,523280
2014-11-19,681.7646409307303,683.4125527009357,670.8413630437801,673.760498046875,510425
2014-11-20,671.9243063323582,672.8188985881736,663.8730909792336,665.9447631835938,530861
2014-11-21,664.8147548369914,681.1997307080858,659.2589144908621,672.6305541992188,857091
2014-11-24,675.6437722072615,685.7195862981637,674.3254199057989,678.4216918945312,793534
2014-11-25,678.9395689767656,682.7062240057629,661.9896213462777,665.5679321289062,842882
2014-11-26,663.8729308949789,681.5761975572598,662.931267163213,675.4553833007812,762998
2014-11-27,674.0428917661341,683.4595291405551,670.4645810587728,678.5628662109375,1114645
2014-11-28,681.2937792127169,715.4761646568733,681.2937792127169,706.671630859375,1660682
2014-12-01,708.0841293689302,730.7311330144718,702.104529556024,727.8590698242188,1046556
2014-12-02,724.2808018187953,724.8457771612658,714.1579150315481,717.87744140625,797540
2014-12-03,719.4312140220328,738.7823955220765,717.5478862366348,730.3544921875,997621
2014-12-04,727.058649172441,743.9144553920507,714.5345312284825,738.688232421875,827398
2014-12-05,743.9143909240962,748.9051974948702,735.6277611023926,741.3718872070312,1029452
2014-12-08,742.5960174502105,743.4435378232541,723.8569431285295,737.6522827148438,634004
2014-12-09,735.3453978252958,736.899108850173,723.2920533465793,729.3187255859375,558503
2014-12-10,730.7310669135479,741.842687621696,725.9756764910525,736.8048095703125,556655
2014-12-11,737.2286096265972,739.3944248646762,726.2582034022223,732.190673828125,537357
2014-12-12,732.6143970378922,740.3360512779406,729.6481332374256,733.2265014648438,417103
2014-12-15,729.7893897108377,752.6247351308219,726.0227347962011,736.8518676757812,1065160
2014-12-16,734.9686086701488,743.5377264091992,716.7474368133932,719.1957397460938,969381
2014-12-17,717.0769515225536,725.9756855281595,708.3194900704473,715.5703125,1101172
2014-12-18,728.8477850274726,732.0023357841995,718.9603150755495,728.376953125,706968
2014-12-19,731.8611338733424,739.3944444485192,724.2807516019905,725.6461181640625,736723
2014-12-22,726.9644110007483,736.3810484489445,719.5252444268357,732.5673217773438,484759
2014-12-23,736.1927262220277,743.0668602698737,725.9286255812865,740.5244140625,526591
2014-12-24,746.6453378073231,747.4928008422173,734.49785036907,738.7824096679688,766335
2014-12-26,741.0423920908372,743.4436234582583,732.3790730141361,738.688232421875,442570
2014-12-29,741.0894126474155,745.7035882700021,736.4281653296184,737.98193359375,280905
2014-12-30,738.3585355787169,748.0577183435685,729.7894183020406,745.891845703125,609368
2014-12-31,752.3893709762301,762.2768408075823,748.0106113467925,755.6381225585938,1270958
2015-01-01,756.5326960109761,767.1734851199142,751.8243771597118,764.6309814453125,819116
2015-01-02,768.3976712234694,775.3188772575181,764.631015972374,768.3035278320312,640249
2015-01-05,770.2809653018368,773.8592761396156,764.67805436493,771.3167724609375,336910
2015-01-06,768.3977241470941,768.3977241470941,746.1273504512745,751.824462890625,485801
2015-01-07,753.4251970107017,758.5102046124681,740.6656637849522,745.7506713867188,737973
2015-01-08,753.3310239776382,757.5685109875125,742.4548188138803,752.1068725585938,623621
2015-01-09,757.0976830384975,763.5009852807198,745.3739574219001,755.21435546875,544145
2015-01-12,757.9922270162369,790.2442096010001,750.5059889067529,781.06298828125,896776
2015-01-13,795.7058884027435,799.6138160516011,772.2113657650452,777.3434448242188,3264664
2015-01-14,783.1817943268101,784.311802382266,763.7834855528406,769.009765625,1238612
2015-01-15,791.4685566947412,799.4727003376981,776.8727653458197,781.91064453125,1493767
2015-01-16,783.1817829636152,788.9729807675823,765.8551462969413,783.322998046875,1160723
2015-01-19,786.2894118968605,788.926059507701,778.7561001661122,780.7807006835938,612731
2015-01-20,781.5809880846915,795.235113780147,774.612652670964,791.42138671875,1318766
2015-01-21,795.7059526718374,809.3600784869163,790.4797298030549,793.3988647460938,1462665
2015-01-22,789.5850406348088,802.109156796948,788.7375202847196,796.8829345703125,553285
2015-01-23,803.2391738857373,813.5504033807133,801.3558463971424,807.3353881835938,1179588
2015-01-27,807.0058974844112,819.2475272012109,801.7326030577831,812.8912963867188,840924
2015-01-28,809.7837441240498,828.6640906025181,808.135832580238,818.0703735351562,925540
2015-01-29,813.1266504417167,827.675366915587,812.60874687266,824.9445190429688,687051
2015-01-30,825.8391544098952,833.1841205710729,815.7162685377101,819.4358520507812,888368
2015-02-02,814.6333696583182,826.6395836870594,806.158395049795,823.5321044921875,666544
2015-02-03,825.4624851324743,837.8924591042529,807.2413131278273,811.1021118164062,1013403
2015-02-04,814.1625059484822,821.4133287698245,801.5913170931599,812.9383544921875,907333
2015-02-05,811.6201309700148,831.8187754604273,801.3559715641347,814.9159545898438,704581
2015-02-06,813.4091837226333,817.6466708475222,791.4684285486838,795.9884033203125,465226
2015-02-09,789.8205828862797,789.8205828862797,772.6352169993353,777.0139770507812,573650
2015-02-10,768.1152362314068,802.2505517845484,768.1152362314068,791.7509765625,1050019
2015-02-11,794.7642500502265,812.8442065699852,794.7642500502265,805.5933837890625,787344
2015-02-12,807.8535224662079,823.9088812546204,797.2126738940495,819.2005615234375,507508
2015-02-13,821.9783700153803,826.4512731524766,813.550467346353,824.285400390625,700753
2015-02-16,821.6016559278087,828.0049581982865,805.122539619801,812.5617065429688,420397
2015-02-18,811.5257643612007,819.1061456437735,802.8624468348643,814.3978271484375,503192
2015-02-19,817.364154177296,819.7183136075301,793.304656295222,807.4766845703125,621565
2015-02-20,807.1000293021431,829.9825058858293,801.0263437017452,825.6508178710938,1207981
2015-02-23,824.8975620340005,827.2517217430017,807.8534687306732,816.9404907226562,596633
2015-02-24,815.0100537609422,816.4225495213598,804.8400957808556,813.7388305664062,505014
2015-02-25,814.5391971824088,822.2608519338552,805.1225590646931,808.4654541015625,617078
2015-02-26,806.2525617904378,809.8308727565355,790.1030045357446,795.9884033203125,1152143
2015-02-27,795.6589031381378,817.1758997045401,788.6905674692513,814.0684204101562,1063550
2015-03-02,871.039044535179,894.4864969400737,860.6807423839498,889.4014892578125,1263167
2015-03-03,889.872252101083,889.872252101083,871.9806406831776,883.8455810546875,617171
2015-03-04,903.9032130410978,906.3985879256821,850.4166568052303,855.2191772460938,996972
2015-03-05,856.7257491570415,864.3061315654501,841.0470807237366,859.9274291992188,739059
2015-03-09,855.0307017331543,856.9140292700115,838.5515857856541,842.9774169921875,1121892
2015-03-10,845.6140914674519,860.2569520463843,836.715357072346,844.43701171875,949910
2015-03-11,845.708274918489,852.2057784289474,833.4666449521063,838.2691650390625,661190
2015-03-12,840.9058871139781,849.8516944237012,836.9508871242322,839.77587890625,678466
2015-03-13,842.7891591047443,844.9549744991435,814.7746591233296,824.1442260742188,789147
2015-03-16,824.191257323523,836.9507905720866,815.7162829551577,826.0745849609375,637728
2015-03-17,830.6416151095056,855.7840500680375,829.4174636642491,850.4636840820312,578263
2015-03-18,854.4658028987726,867.1782649097607,843.7308119885425,850.5108032226562,1120286
2015-03-19,865.3890217210757,865.3890217210757,823.955815022787,829.7470703125,1142631
2015-03-20,836.1975061489643,842.695009760908,823.2496280976711,834.6437377929688,751604
2015-03-23,836.1974182131632,841.8474007686575,830.1236754710878,836.5269775390625,955973
2015-03-24,833.3724126880287,844.1544740420186,827.3457417420293,833.2311401367188,704010
2015-03-25,835.7267107659487,837.9395979398257,813.8330251036294,820.236328125,715430
2015-03-26,814.068389350037,827.6283716303807,803.2863268914874,810.1604614257812,2107203
2015-03-27,810.7725616290493,835.7266532471326,801.2617798889779,829.3704223632812,1088061
2015-03-30,834.3611454936599,838.0807287622989,824.9915797839267,836.1503295898438,411951
2015-03-31,839.022467068571,841.94160193273,826.31000544632,834.3141479492188,583298
2015-04-01,832.5249847743728,874.476155169725,829.1350179124413,871.2744750976562,954252
2015-04-06,871.9807527960465,872.9224166759559,858.185353965534,861.5753784179688,573759
2015-04-07,861.6694459533918,866.8015251419819,847.6857615577245,854.0419921875,738125
2015-04-08,861.7637148307541,861.7637148307541,847.5445558890214,849.333740234375,456811
2015-04-09,855.0307332922165,892.5560128593102,848.4390866699197,888.8364868164062,1086130
2015-04-10,893.073929839051,895.9459928020508,881.0205877736838,890.107666015625,761095
2015-04-13,892.6973640781291,899.1948678824627,885.6348849319414,894.3452758789062,847695
2015-04-15,898.2060438164293,910.5889464817976,883.5161106892933,891.3319091796875,862700
2015-04-16,899.2888612425228,903.0555161587218,873.8168688666452,879.9376831054688,3431738
2015-04-17,881.3974174604024,881.3974174604024,822.213863861156,824.8975830078125,2706290
2015-04-20,823.6733771416214,829.8412638346355,781.5809917534723,794.5288696289062,1937207
2015-04-21,799.4724872992161,809.8307880769445,784.6883556033582,788.9258422851562,1671993
2015-04-22,790.997536235229,802.2975010385893,772.1642615629615,796.8829345703125,1350387
2015-04-23,804.934224995255,819.1533832177325,800.5555226998558,808.65380859375,1373721
2015-04-24,813.0325680335355,813.0325680335355,776.1193346649618,782.098876953125,1042505
2015-04-27,785.3476070295475,785.3476070295475,763.2655794856557,775.036376953125,1087851
2015-04-28,770.4223434104699,786.5718448240319,759.0752474264256,779.4152221679688,1528666
2015-04-29,780.4509183333313,792.8808915484879,770.3280328414711,784.5000610351562,1119768
2015-04-30,781.6751465998038,786.6660110336769,772.2114363089441,775.74267578125,1960263
2015-05-04,779.6976438631679,799.9434160166196,778.9443243012149,792.5984497070312,868300
2015-05-05,790.8563806527884,796.600564762149,783.0876537014855,787.7489013671875,672307
2015-05-06,788.1725881421908,790.055915712423,752.3893643077784,756.1089477539062,985312
2015-05-07,750.2235919497623,753.3310711232257,740.1477773785692,748.8110961914062,1753181
2015-05-08,756.2031125568778,768.1151827657635,753.3310494258614,763.1714477539062,1407570
2015-05-11,768.774309604936,774.9892673741131,758.9809836008932,771.834716796875,1423467
2015-05-12,774.8951756658219,774.8951756658219,747.8694127043806,753.5664672851562,1358401
2015-05-13,758.1335428875346,771.5993819265199,748.7640335567194,769.5277099609375,1074443
2015-05-14,769.5276692203264,772.164316366659,753.6135280029308,769.009765625,680132
2015-05-15,772.1172136977656,792.2217120409733,770.2809578656363,784.7354736328125,1234559
2015-05-18,781.3455161640945,802.5800227643851,779.2738443672037,796.9771118164062,995778
2015-05-19,796.6475999586893,808.6067420912867,793.069288900603,796.3651123046875,816702
2015-05-20,799.4254764619718,806.0641946072172,797.8246365431831,801.873779296875,750251
2015-05-21,805.875860096382,805.875860096382,789.161327821615,798.71923828125,503688
2015-05-22,801.0733611582232,811.3845906839557,798.7662734828941,802.8624877929688,760999
2015-05-25,802.1092700510236,812.4205008849062,797.5422232879904,804.2750854492188,516256
2015-05-26,803.2392714050422,809.6425741487554,792.2217927642381,803.1921997070312,552759
2015-05-27,799.42554155117,814.5392349356924,795.3292692953457,810.1134033203125,307557
2015-05-28,813.5034956854759,818.400102163272,800.508487414786,805.4051513671875,1570880
2015-05-29,805.0284178822315,828.6641566327115,803.3805062071095,822.9671020507812,739227
2015-06-01,819.247519727465,833.3724769641454,819.247519727465,831.4420776367188,641892
2015-06-02,831.4891548135097,832.4778903316752,793.3517700230826,797.7305297851562,885470
2015-06-03,795.7058778320393,801.2617170102903,785.3475764638116,793.4458618164062,505601
2015-06-04,798.3425223914327,803.0037694875989,788.407981241269,797.2596435546875,454498
2015-06-05,790.9975234114385,798.3424889196262,781.5808862279689,785.7713012695312,979963
2015-06-08,779.697619042427,780.0743075487113,761.8060070112602,764.3485107421875,1318893
2015-06-09,760.6760324102651,770.6577035196779,743.9144276864274,761.994384765625,1076855
2015-06-10,763.6893726738538,782.2401617787303,763.6893726738538,771.7876586914062,997303
2015-06-11,776.8725649459066,777.8142286609925,746.7393260631562,748.716796875,1251145
2015-06-12,743.9144410250805,766.5143734106525,738.2644579286875,763.5010375976562,1006880
2015-06-15,762.7477543048971,762.7477543048971,746.2215644565449,748.1990356445312,626249
2015-06-16,748.6698100874773,777.1080690030478,741.0894278162965,773.6239013671875,854175
2015-06-17,778.7559905945287,779.6976544283795,764.1602011698429,770.4693603515625,1319469
2015-06-18,772.164341199208,782.5226433372461,765.525622687476,777.3905639648438,721061
2015-06-19,778.2851203501094,788.4550777599466,775.6955449345464,786.0067749023438,497932
2015-06-22,785.1593630250886,815.010120708885,784.3589716849448,790.2914428710938,1357595
2015-06-23,793.540060919046,798.0600354657029,780.8276001771145,784.9708862304688,1202887
2015-06-24,785.5831134224728,804.651807515137,785.5831134224728,795.2351684570312,905000
2015-06-25,795.2350143791406,833.7961553457296,792.6454391398953,816.563720703125,1929219
2015-06-26,813.9741763218841,833.0899391358969,801.3558589606332,818.6824951171875,1457184
2015-06-29,809.3600192094598,813.5975062210276,792.0333826612106,809.4541625976562,696937
2015-06-30,810.7254288045226,823.7674489411589,805.1225179159197,821.7899780273438,738228
2015-07-01,821.6958350893211,834.3141534014857,811.7142214809037,824.4737548828125,832607
2015-07-02,831.8658807339614,831.8658807339614,817.3642342335262,819.0121459960938,688412
2015-07-03,807.9475813547059,848.0153665808148,807.9475813547059,841.3766479492188,1092421
2015-07-06,832.2425276952089,848.6745739365288,825.8392247903863,846.8383178710938,940588
2015-07-07,843.7307473447382,858.7973678330371,842.7890835642195,846.5086669921875,698569
2015-07-08,830.5003615271532,843.7307258108532,822.9199797823652,840.3407592773438,719187
2015-07-09,839.8228253739545,845.0491053710325,824.1912295009361,840.90576171875,1043039
2015-07-10,845.5199852536846,851.264111690072,835.2558264038648,842.7420654296875,528685
2015-07-13,851.4524326309523,873.581532273395,842.836185737779,870.05029296875,3460092
2015-07-14,878.5722499254441,879.32556940581,865.7185171698169,870.1443481445312,1362690
2015-07-15,867.6019633698578,877.6307063409545,864.4474124688801,873.0636596679688,728864
2015-07-16,875.7472708485994,882.527261214604,870.0972884560279,877.9130859375,1581760
2015-07-17,878.8548721590317,883.9869517091475,871.1332169847346,881.256103515625,941362
2015-07-20,881.397259979227,894.5805523293436,876.1239660290177,892.1793212890625,757943
2015-07-21,891.7555829916184,895.7576539818131,878.3839460706372,883.6101684570312,378818
2015-07-22,882.3860638406653,903.9972598283566,878.5723368956841,901.078125,668776
2015-07-23,898.4414771383923,908.61149293401,889.8723588944347,894.392333984375,714586
2015-07-24,893.6389811761278,910.1180983211037,890.2960860502096,900.08935546875,1061478
2015-07-27,894.3922437856822,897.4055793666173,874.8997921093476,883.5631103515625,568643
2015-07-28,886.1527616384553,896.6994083377682,876.4536354007643,894.4393920898438,1002593
2015-07-29,893.6388898027379,903.055527208457,889.4484746622742,897.9705200195312,900217
2015-07-30,903.0556016664096,925.3259739569899,900.6072987288948,916.8980712890625,1155545
2015-07-31,918.1222909289972,931.5880730343687,913.5552440613966,920.664794921875,994608
2015-08-03,920.9471732671461,928.4804834779204,910.2121832269546,917.0392456054688,826349
2015-08-04,916.2389128704707,916.2389128704707,885.2110779643668,896.7464599609375,1183219
2015-08-05,902.1139281883428,906.351415324927,893.2622654020837,897.0760498046875,496812
2015-08-06,897.1230838685311,902.39637798302,891.1434844529748,896.0872192382812,516457
2015-08-07,898.26224097533,907.4348903626951,890.7916720190728,895.4725952148438,452556
2015-08-10,895.0470976310423,905.9219435082288,885.7325788144232,893.061279296875,547548
2015-08-11,893.7231263592396,901.1464249014798,888.4748430350203,899.0187377929688,535103
2015-08-12,895.4253061382916,901.902908132096,856.9850699813494,864.7393188476562,458811
2015-08-13,862.2807193118371,883.0375025783172,860.5313106134089,874.9995727539062,590548
2015-08-14,884.1721643919243,911.1228667290044,877.7891033120895,906.8674926757812,935467
2015-08-17,907.7659068135905,912.2576907633099,893.2503177352252,900.0116577148438,595833
2015-08-18,902.1393621340845,918.6880401606531,898.6404872364541,915.5674438476562,594739
2015-08-19,913.2505841831581,917.1750079165434,902.2811982340328,905.4017944335938,593595
2015-08-20,896.4655500701109,909.2316734097169,868.1436574880615,881.4298706054688,591055
2015-08-21,865.2594059878572,874.6685225472319,844.7390347614255,856.0394287109375,1314813
2015-08-24,832.1620816260623,832.1620816260623,803.8874605384756,818.5448608398438,1626974
2015-08-25,827.4339893358606,835.944738940458,818.5449611063952,830.3181762695312,1189117
2015-08-26,829.2306306409116,829.2306306409116,802.3271970597096,807.1026611328125,1089934
2015-08-27,817.0318847371869,823.6513560255669,807.244546704823,811.8308715820312,1888490
2015-08-28,822.705618229627,833.1076432877027,785.1164822243078,801.5706176757812,1779090
2015-08-31,795.282204999171,817.977535462881,792.4452886912072,811.4053344726562,810239
2015-09-01,806.5826083797731,806.5826083797731,770.4119250700953,786.2986450195312,965840
2015-09-02,790.5539332711388,793.3435789092566,765.2580986838148,779.9627685546875,1244494
2015-09-03,784.8801709041811,808.5211399073191,775.4237833029259,803.2255859375,916326
2015-09-04,796.7005537735487,797.2206434818298,772.5867684664561,795.0929565429688,943412
2015-09-07,803.7930015254324,812.8711111616577,768.4734144864649,775.6129760742188,1228245
2015-09-08,776.8422135669095,800.8614602990749,771.9721510401366,794.66748046875,2536360
2015-09-09,806.6298675794302,823.3676852848369,795.3767431746152,811.310791015625,2014128
2015-09-10,799.5375987535282,827.4339431216288,790.1284812283028,819.7742919921875,1364608
2015-09-11,826.9611339484533,837.7414393989886,815.28251780805,821.4764404296875,1412833
2015-09-14,820.814386534861,832.162050864836,820.814386534861,828.6159057617188,1144929
2015-09-15,828.2849306800813,838.6869560066314,823.7458189092782,830.8854370117188,1937337
2015-09-16,837.835910667501,858.1671432627056,836.6538622608031,850.2237548828125,1151193
2015-09-18,856.0868077931641,879.9169174778665,855.8031276920678,868.7111206054688,2094161
2015-09-21,855.8030739937183,874.6213083209059,855.8030739937183,863.8410034179688,683274
2015-09-22,869.0420689313422,870.9333465568728,827.9067805760501,839.7745361328125,808319
2015-09-23,827.4339870957706,858.5455280974573,825.5427094109803,856.3232421875,955777
2015-09-24,858.6399779275177,881.4298485279176,847.6232634938771,876.5125732421875,2909599
2015-09-28,876.6071183864609,886.6308660168336,866.3469610693604,870.8387451171875,1690643
2015-09-29,863.1791459243462,905.9220342398579,852.3042989580014,890.1771240234375,3261855
2015-09-30,904.8344490404594,906.0164975226239,888.4749095907438,891.21728515625,2038714
2015-10-01,898.3568087535737,910.8865221388209,890.5552890986085,905.5436401367188,1251550
2015-10-05,913.4871151715005,917.175129717153,900.6737204928171,907.5296020507812,1399766
2015-10-06,911.5956583120978,911.5956583120978,895.2833916047496,900.4371337890625,1149797
2015-10-07,900.9572811657738,902.7540178020816,890.0351656061296,896.7964477539062,1390453
2015-10-08,899.3024861813317,901.7611239399482,885.3070436811528,893.4395141601562,1367019
2015-10-09,902.8958643940068,905.165420474449,883.4629996801019,888.9476928710938,3827106
2015-10-12,892.6830060312764,905.9219489173335,888.9004509209743,893.2503662109375,1028185
2015-10-13,896.4654642449614,898.0257911461935,885.5906194782766,894.5269165039062,819594
2015-10-14,895.5199534644695,909.7045356207176,894.5270442569746,898.2623291015625,1071537
2015-10-15,902.0447707847612,913.4869758634566,900.342574966531,905.7327270507812,1103270
2015-10-16,905.9218591797551,913.4869686509847,898.4040200992796,912.021240234375,744451
2015-10-19,912.068596556819,920.4374766109695,906.9621240957443,909.7517700195312,811801
2015-10-20,908.2859814745831,917.3640900088936,901.2882319296974,904.6925659179688,702126
2015-10-21,905.9218841806528,915.1418616031594,900.1535111365313,905.4017944335938,737124
2015-10-23,910.6501400953351,913.72346611331,905.1181763498645,907.6240844726562,329508
2015-10-26,911.5957979880667,912.4468959900854,904.0306876313192,905.8746948242188,774154
2015-10-27,903.2741212746718,907.4822251425521,899.3024270879398,902.1393432617188,529820
2015-10-28,897.4112428843225,911.1230058156425,868.9948078011331,873.9594116210938,1653036
2015-10-29,870.0349659226049,873.5811114206731,859.112849331997,864.7866821289062,1155093
2015-10-30,864.3138212263656,872.1153409475007,853.297106654485,862.3280029296875,905083
2015-11-02,862.3279813428856,867.0088468846225,855.0465515753283,863.9828491210938,777036
2015-11-03,865.2121542968341,870.9332569822119,859.1127730383708,862.2806396484375,1077484
2015-11-04,865.5903595541771,869.42024245673,859.8219865804155,864.0300903320312,539364
2015-11-05,861.4769402530768,863.1790785366987,852.2569620231454,858.1199340820312,1329817
2015-11-06,861.4768695682142,873.770172866114,859.2073135647961,870.885986328125,1027490
2015-11-09,853.9117667899222,875.2831788408603,851.074850621185,873.2028198242188,1281696
2015-11-10,864.3137960281906,868.0018101484543,842.5641053185096,845.1646118164062,1005017
2015-11-13,840.5783489402618,847.0559516066628,832.1621405680863,843.7462158203125,780686
2015-11-16,841.0509719480626,867.670663212102,841.0509719480626,862.8006591796875,641386
2015-11-17,865.5431881130769,866.5360973165364,852.0205647225215,856.9851684570312,370477
2015-11-18,855.8030947781393,863.3682050082223,848.6162631464447,852.0678100585938,720317
2015-11-19,859.5855651241728,867.4816250612588,851.6895051870869,864.4556274414062,654116
2015-11-20,864.4556278040386,880.8624359175534,860.5312041706641,871.7369995117188,1277692
2015-11-23,872.8245758580974,879.3967767863863,868.1436524506278,869.7039794921875,561734
2015-11-24,868.805573321938,877.5527314751113,862.4697823594414,869.5620727539062,758435
2015-11-26,872.7300819434294,873.8648023430993,863.8410540312636,865.7796020507812,1010152
2015-11-27,870.9333504801574,876.1343639737956,861.0986836962107,873.1555786132812,1152436
2015-11-30,875.0941118817618,887.9547756412264,872.1625971614606,884.4086303710938,1180438
2015-12-01,888.9004063485107,893.6285999993007,882.7537546024838,891.4063720703125,856641
2015-12-02,893.1558677087236,893.6286871198981,884.3614382043196,891.359130859375,795995
2015-12-03,888.5694039053124,897.8839217656573,882.2808836307091,895.2361450195312,766241
2015-12-04,888.9949584310411,893.5813409609108,884.0303550346268,891.6900634765625,1331500
2015-12-07,891.7373584355936,902.5176634802356,889.8460808991448,900.9573364257812,884329
2015-12-08,897.3166450761012,905.3072464477111,890.3188951447446,892.8721313476562,768665
2015-12-09,891.737400813346,897.411233692328,874.0539434637427,877.4109497070312,620237
2015-12-10,877.6473576314124,881.7609210906642,869.4676165444538,879.5386352539062,978676
2015-12-11,877.5527194104383,886.6308279036638,857.7888473626957,866.346923828125,1189304
2015-12-14,862.1388673119602,871.8789349770472,854.621027641547,864.644775390625,1665452
2015-12-15,865.2594959638953,873.6757043120682,856.9378861253898,868.23828125,1122718
2015-12-16,871.2169200047887,890.2242924448585,869.0892329365334,882.0444946289062,822684
2015-12-17,887.0091988448306,900.0590028067812,878.8767282109633,897.45849609375,799986
2015-12-18,894.2906814379897,896.9384587025246,879.2550004772289,884.2196044921875,1605306
2015-12-21,885.1179860613979,900.9574372008514,883.0848393954174,898.9716186523438,497381
2015-12-22,898.3568111139226,898.3568111139226,879.7277162242237,883.8885498046875,491307
2015-12-23,885.2597224443333,893.2503235595383,885.2597224443333,888.5694580078125,460487
2015-12-24,892.02102096814,897.8367223651542,883.0374528468,894.0068969726562,528850
2015-12-28,895.0470731423762,907.3403768411093,893.1557956502635,905.5436401367188,918653
2015-12-29,903.0850191874796,909.7044905323094,900.2481028968383,906.6311645507812,748840
2015-12-30,909.704393730989,917.1749622549544,907.8131164051449,915.8983154296875,647879
2015-12-31,916.3240648336404,919.1137110429858,910.8866413323055,916.2767944335938,1943876
2016-01-01,915.3782811977773,919.4445161513921,909.089760621261,911.453857421875,500233
2016-01-04,909.5154419084961,909.5627123079441,881.2881450894347,883.4158325195312,1210344
2016-01-05,889.6569138274485,894.9051972838033,881.5244437614941,884.4086303710938,780609
2016-01-06,885.259650150087,900.0588604736072,876.1342140405493,892.6356201171875,1030625
2016-01-07,883.3211297989616,886.1107756438842,870.6968756232116,875.1886596679688,1976106
2016-01-08,883.746594436516,897.1274045060268,881.3352274071153,895.5670776367188,744102
2016-01-11,888.8531429059535,890.9808300654468,877.552748448759,885.8270874023438,1193326
2016-01-12,888.9004515766151,890.6025898340644,855.8976351280033,863.6046142578125,4267340
2016-01-13,864.171895084295,893.3921537366302,864.1246246931642,885.49609375,3876447
2016-01-14,870.9332506352449,879.3494582288089,863.3681409663177,867.1506958007812,1625707
2016-01-15,869.7985013459345,881.4298463023181,865.8268070952354,871.453369140625,1139012
2016-01-18,866.7251621837572,879.3967441904421,845.3537500775413,850.2237548828125,1123421
2016-01-19,848.4743949880432,856.275914919669,839.7272362768261,847.7178955078125,1086798
2016-01-20,836.3701741904438,907.8131676647887,819.6796277605574,826.1572875976562,1179428
2016-01-21,832.162091033367,847.52872055529,821.0981062341408,825.9208984375,1192113
2016-01-22,839.6326655040606,856.1813435559815,832.9185957783845,849.18359375,1018517
2016-01-25,855.8030670972946,861.3823587984036,850.6965947702726,857.8834838867188,666497
2016-01-27,858.4980642094187,868.0963200286437,832.2093200918616,858.8763427734375,1054242
2016-01-28,857.6943127467831,867.8126585199826,851.0748417553526,857.836181640625,1679264
2016-01-29,857.221591988518,884.172298410661,851.0749396466256,878.309326171875,1369077
2016-02-01,878.2619871772843,888.522144505877,873.770203124426,876.70166015625,916513
2016-02-02,876.6070682642186,881.335261728427,854.668239046851,858.8763427734375,688338
2016-02-03,846.346649216177,865.4485627866203,842.5640943593448,856.417724609375,773012
2016-02-04,862.4225339762031,868.3327761224216,854.431875051074,863.5573120117188,812359
2016-02-05,864.2665155813269,867.5289806932684,859.5855923961244,862.2806396484375,1654488
2016-02-08,861.0987231191976,861.1460512359861,830.7910091894308,834.9518432617188,1754784
2016-02-09,825.5426290179986,830.743642144687,812.7292354947807,821.1453857421875,2083698
2016-02-10,818.9231407226195,819.868779453246,782.7524592761526,789.702880859375,2329955
2016-02-11,784.8801373857194,787.9061928323347,755.5653370737227,767.0548706054688,5158251
2016-02-12,770.6955267722163,786.6295154965146,756.510946524875,767.8113403320312,3788481
2016-02-15,780.1519261863639,786.7713970752178,772.8232262737041,778.922607421875,2167942
2016-02-16,786.7242030231887,793.3436745543604,774.9509885421627,789.4192504882812,2242516
2016-02-17,784.880096798948,789.986568708377,769.1825179498506,786.3458251953125,1141968
2016-02-18,791.783375143751,804.1239502434087,788.2844999543719,801.6180419921875,1064050
2016-02-19,797.2680037897644,802.5636153985135,789.7028938205874,795.7550048828125,1035996
2016-02-22,799.0648020519839,808.9467392539391,794.5257472642436,798.6865234375,613082
2016-02-23,796.2278432539599,799.584849339439,785.5894071059705,794.005615234375,1908481
2016-02-24,790.2229909147686,792.4452187396266,774.3835429268346,777.220458984375,1034245
2016-02-25,777.315012132225,779.1590191424032,761.0027445418589,763.8396606445312,1480299
2016-02-26,770.6955787472791,777.7878693492479,768.9934405462483,771.97216796875,1045114
2016-02-29,773.0595829975174,793.8163625492703,758.4021841761577,784.8800659179688,3045853
2016-03-01,791.4996083553784,820.43613009009,788.6626921963986,814.0057983398438,1330369
2016-03-02,827.3392949234783,847.7650670951068,823.6512810260324,834.6206665039062,2349698
2016-03-03,836.8902916659399,849.2781361732076,836.181062605206,847.055908203125,1973901
2016-03-04,849.9401376731499,871.2170105674237,833.0605082639106,866.110595703125,1327247
2016-03-08,866.2051265025779,877.1272429188571,854.8574610898803,870.9805908203125,1879422
2016-03-09,863.3681378395822,886.4890157249487,862.6589088106888,883.652099609375,1631962
2016-03-10,883.2265672393165,884.4086156430094,869.041986395002,876.843505859375,1128913
2016-03-11,870.9805433653769,882.4228066634141,868.1436271667704,876.3234252929688,1436095
2016-03-14,878.4984628231547,881.3353792800648,868.1909766094961,871.0278930664062,1238350
2016-03-15,871.7844061087967,881.2880642143082,866.9616137461659,868.4746704101562,1027959
2016-03-16,871.6897891965924,876.607122245619,859.869304808167,865.8741455078125,1558572
2016-03-17,876.1342370478287,877.5526950678737,852.3514011581915,862.9425659179688,2374275
2016-03-18,861.9970050857145,883.9358359871691,854.1482148760743,878.4984130859375,1678210
2016-03-21,879.444058255116,885.5907102751787,872.6354475509892,881.5244750976562,1120071
2016-03-22,881.7136291649336,886.0635445035737,872.5409213763637,877.5527954101562,1462833
2016-03-23,878.4984660810456,883.6994796046687,874.7159107911381,877.60009765625,1426779
2016-03-28,876.607178583145,887.9548443253217,862.0916459081625,865.0703735351562,4743485
2016-03-29,868.0018982384373,879.916924314761,863.1791056134772,877.60009765625,1120607
2016-03-30,887.9547156797812,897.2219631498248,884.6449803178225,895.2361450195312,1817471
2016-03-31,894.7633660750747,917.2695560089668,885.6851997564145,915.0,2973760
2016-04-01,914.1016821980703,916.3239100799058,899.0660036207125,909.04248046875,933728
2016-04-04,909.04248046875,917.2695487899986,904.0306068486996,909.04248046875,1501960
2016-04-05,907.6241114651436,911.5958059807011,894.9525861368179,899.586181640625,1278350
2016-04-06,899.491501898749,906.9620126572065,895.5670783861166,903.4631958007812,1055612
2016-04-07,903.0849537163044,906.8202381049596,886.5362765539638,888.5220947265625,865013
2016-04-08,888.900453940018,895.3307861059292,884.1722600360818,886.0635375976562,1035958
2016-04-11,887.9547888808021,909.7044801952413,885.5906919987979,908.5697021484375,921823
2016-04-12,908.7589538752615,918.0262032558323,905.4964882310173,916.2767944335938,1045525
2016-04-13,921.9977714495811,940.390456485017,921.0521327096329,932.778076171875,2933470
2016-04-18,932.7780890659933,939.6339700253897,924.0782009947658,934.5747680664062,1475787
2016-04-20,934.2910619863098,935.1894303201228,920.6265708419553,930.3666381835938,1424974
2016-04-21,939.0193056571134,939.7758051353487,912.0686005098548,919.2554321289062,3279337
2016-04-22,921.7140773890262,935.2366996217127,918.0260632722902,928.1444091796875,1648861
2016-04-25,928.995509262499,933.3454243234253,921.1939897582758,928.9481811523438,904348
2016-04-26,928.6171793105765,969.2796423557443,921.9977085822933,965.8753662109375,3199405
2016-04-27,966.3482562423541,985.3555719228891,964.55151954064,983.4642944335938,3437073
2016-04-28,983.1805398344994,991.5967476049195,973.0622516134512,978.736083984375,1892339
2016-04-29,975.9936215578592,996.2303116299137,971.3127564429947,991.8330688476562,922119
2016-05-02,986.3012624619644,997.6489279936457,983.8426246836514,988.2398681640625,1190614
2016-05-03,988.1924022937644,999.7764759091698,976.4192471196254,981.3838500976562,993373
2016-05-04,980.6273362641143,990.036395197223,973.1567674139854,985.3555297851562,1490442
2016-05-05,985.3555068997283,987.5305220426566,970.461697654363,981.1474609375,1012279
2016-05-06,981.4310506200719,987.5304891782147,969.5160267071865,985.5445556640625,858079
2016-05-09,985.3556188504145,1001.6205598592052,982.4241616892796,997.5543823242188,2193370
2016-05-10,997.6489721996338,997.6489721996338,990.3202712190204,997.365234375,1037333
2016-05-11,979.7762504525597,1002.1879572799338,979.7762504525597,996.466796875,1502284
2016-05-12,995.2847828834999,1013.1573783186002,989.3745407048568,1008.1454467773438,1085566
2016-05-13,1002.3771578610329,1010.8879073145699,997.6489637201789,1007.29443359375,1078609
2016-05-16,1005.21409119176,1026.0181457601689,1000.5332250876396,1022.0465087890625,806795
2016-05-17,1024.1266728456944,1040.0134485705262,1018.4528408631697,1025.497802734375,1890354
2016-05-18,1021.2899146251732,1026.963747484202,1008.3819217839978,1024.1268310546875,692837
2016-05-19,1019.3985665818365,1022.3300236029341,1007.0579347922135,1013.8192749023438,778327
2016-05-20,1010.8877811768242,1017.885530719,1001.4313940750766,1012.2589111328125,687097
2016-05-23,1014.0556671916379,1021.2424984397358,993.2044024935594,998.8782348632812,1038361
2016-05-24,998.9727257023668,998.9727257023668,982.660458455001,986.9158325195312,1287874
2016-05-25,997.8853610397988,1039.1625184639379,997.8853610397988,1036.56201171875,1011656
2016-05-26,1035.521866354994,1048.7134821067307,1028.85506630489,1043.8907470703125,1356124
2016-05-27,1041.384786341569,1051.4085350914327,1039.3989678381556,1044.079833984375,1377065
2016-05-30,1046.0655042165422,1053.0160411449526,1037.2711333952616,1040.486328125,927569
2016-05-31,1041.2427153370816,1046.8693346782118,1035.474342543129,1042.8975830078125,1043245
2016-06-01,1043.0395502282702,1047.578662441109,1036.9402264120354,1043.748779296875,692901
2016-06-02,1044.9309695568536,1063.7492064846288,1039.3990051578512,1060.8177490234375,1139626
2016-06-03,1068.571746328333,1070.935843112245,1058.264261263593,1062.8505859375,771905
2016-06-06,1063.7962614862963,1068.5717833289225,1054.9073496185276,1060.770263671875,453741
2016-06-07,1065.262156906156,1067.5789258983143,1044.410774239015,1049.5645751953125,886165
2016-06-08,1052.495994293739,1058.7371873455231,1033.7722997039618,1053.0633544921875,644739
2016-06-09,1054.2453734860514,1063.843630214426,1043.370527488304,1061.0067138671875,862716
2016-06-10,1053.536212163135,1065.0257471953469,1047.9097072196482,1049.5645751953125,1033099
2016-06-13,1040.202635956787,1059.020870366889,1040.202635956787,1048.1932373046875,986935
2016-06-14,1043.3704108330448,1059.0207771059381,1039.7770531222889,1056.0419921875,615029
2016-06-15,1058.2172811039513,1064.4111467780924,1049.6592026920111,1062.47265625,894254
2016-06-16,1058.0751494342321,1058.0751494342321,1027.2000232324685,1040.43896484375,938648
2016-06-17,1046.8221961196475,1047.4840971340277,1026.4909610549932,1039.4461669921875,1499517
2016-06-20,1030.6042516470268,1052.4958093121431,1029.3276625662784,1043.5595703125,655632
2016-06-21,1043.0395777989067,1043.6542660948294,1029.327815443436,1031.3609619140625,789073
2016-06-22,1031.360880361972,1037.3656630731887,1026.6798994949322,1031.5972900390625,1351762
2016-06-23,1033.9237474290908,1054.9564303159223,1031.8347711598283,1047.6448974609375,1304906
2016-06-24,999.0277736901741,1044.5115260526197,992.99811669957,1040.5234375,1757436
2016-06-27,1036.7249910105845,1044.5113016212808,1020.2026981478804,1025.330322265625,651019
2016-06-28,1025.52040983756,1035.6332037281984,1022.3868288869094,1029.9832763671875,705465
2016-06-29,1035.0158226971187,1052.9624505117208,1025.0454867904032,1045.745849609375,933583
2016-06-30,1054.006735171438,1061.3657912052927,1045.460734615994,1055.5260009765625,1401180
2016-07-01,1068.250139663393,1071.5735845423458,1061.650774054496,1066.683349609375,936058
2016-07-04,1067.300642456201,1069.1997539196464,1048.7843056876104,1051.7279052734375,466972
2016-07-05,1044.5113510177066,1057.3303539620147,1040.9505168665098,1051.253173828125,607228
2016-07-07,1058.7545046141893,1059.9889732715847,1040.23817022856,1049.6387939453125,1663235
2016-07-08,1054.0069660363474,1073.4728604541358,1050.303675135326,1069.864501953125,1766200
2016-07-11,1088.1907534217576,1089.1403090530157,1059.2293066683862,1067.727783203125,5154128
2016-07-12,1082.4458868556158,1082.9681888136636,1066.3984895453668,1068.43994140625,1973211
2016-07-13,1067.0158105947412,1072.7131454187677,1044.986162306868,1048.689453125,1907181
2016-07-14,1051.1580805650933,1067.3005262467614,1046.6476913305096,1057.89990234375,790791
2016-07-15,1058.469513755043,1078.5526366025188,1056.9502480740077,1069.959228515625,1430265
2016-07-18,1071.146206800961,1086.9088060759996,1070.196651231229,1073.8524169921875,1161641
2016-07-19,1076.7960825480418,1076.7960825480418,1048.4992784582134,1051.300537109375,1961764
2016-07-20,1048.2145135124906,1065.4014477309875,1045.4607789231882,1062.0780029296875,1567746
2016-07-21,1063.5973069395734,1086.196778763847,1055.2412864013363,1079.3125,1213828
2016-07-22,1074.4222780227665,1087.2412800142001,1073.9950243214098,1081.4014892578125,968326
2016-07-25,1077.7458061850436,1105.7101774342443,1075.7042380833245,1098.018798828125,1187107
2016-07-26,1097.9711847809058,1108.7486176400982,1091.5616844917877,1098.113525390625,1625281
2016-07-27,1099.5855444223826,1122.0899690442393,1098.256143206889,1118.861572265625,1811615
2016-07-28,1120.1909322704205,1131.8705149897908,1105.615273905038,1109.3660888671875,1288868
2016-07-29,1118.3866605479782,1125.175890530968,1109.4132903517557,1116.3450927734375,810320
2016-08-01,1113.828829985767,1144.2146122189679,1113.828829985767,1139.9891357421875,1229356
2016-08-02,1139.561730006651,1150.7665332149636,1129.401530759538,1132.7249755859375,687438
2016-08-03,1123.4192861672104,1133.0097752190259,1114.77835278216,1118.9564208984375,938416
2016-08-04,1123.7042991076698,1127.1226766293398,1099.1107819700596,1107.4669189453125,974932
2016-08-05,1115.633105330189,1128.4045841629534,1114.4935688505018,1124.84375,792799
2016-08-08,1130.3034867228039,1145.9237459103067,1128.0720542424604,1132.2501220703125,684522
2016-08-09,1134.5293935396899,1136.428505269142,1121.9477783320701,1126.41064453125,1083733
2016-08-10,1129.9713950072494,1129.9713950072494,1094.837830624671,1099.6805419921875,835032
2016-08-11,1100.5349293345523,1109.0809296486257,1087.6684047189008,1105.7099609375,1279605
2016-08-12,1115.9177861954477,1120.4756998139515,1102.8139873892262,1114.5885009765625,801836
2016-08-16,1111.9298731410847,1122.3749872354929,1095.455102729238,1099.91796875,1259489
2016-08-17,1101.0575647605008,1103.1940654861185,1091.0397038820167,1095.3602294921875,834678
2016-08-18,1099.775382206929,1136.618190295829,1098.6834858652664,1134.3392333984375,1343587
2016-08-19,1139.3718788022509,1143.0276449722987,1124.7962223583245,1128.214599609375,603632
2016-08-22,1131.8705440607225,1142.6005712545166,1124.274097456288,1126.8853759765625,545457
2016-08-23,1124.9385473689063,1134.7190170608974,1119.668582987831,1129.2115478515625,382690
2016-08-24,1127.8822163277664,1132.5824703006103,1119.5260804732086,1123.0869140625,336179
2016-08-25,1123.7992949033983,1138.4698857215183,1118.7191945305829,1122.4224853515625,855844
2016-08-26,1122.4223714248615,1125.2235143994808,1100.8673872976885,1104.8555908203125,926062
2016-08-29,1102.624052345068,1108.2739784094206,1090.1848956334177,1097.2591552734375,455774
2016-08-30,1101.4847795121375,1110.9803379562077,1098.9684333419432,1101.5797119140625,1611563
2016-08-31,1109.0811680139132,1139.0871079386245,1101.674586451531,1126.363037109375,2488483
2016-09-01,1131.6330594293395,1136.2859057636913,1121.09301383932,1124.4638671875,656421
2016-09-02,1124.9384367725067,1134.2441277182186,1121.9474294587485,1132.0126953125,641723
2016-09-06,1136.0009904801693,1170.8022316597046,1136.0009904801693,1165.057373046875,1525293
2016-09-07,1176.404630099172,1192.6895342314153,1152.238366955677,1155.6568603515625,1397324
2016-09-08,1158.2682277805752,1163.1583474904974,1140.416532120077,1158.0782470703125,857870
2016-09-09,1156.5588838243332,1162.0663534456655,1139.4668806151064,1156.2265625,731533
2016-09-12,1137.5678582489945,1142.3631614455412,1125.318565140426,1135.4788818359375,1029013
2016-09-14,1125.2235358179983,1140.2265626605974,1122.3748686387123,1129.6864013671875,1892851
2016-09-15,1133.4844802581722,1134.5290841545732,1116.6773924008326,1121.567626953125,1007709
2016-09-16,1127.5974968307014,1135.7636534147084,1103.2888918710128,1110.64794921875,2514415
2016-09-19,1114.018719785791,1146.1137493556387,1106.3273416677398,1144.3095703125,1267795
2016-09-20,1144.5945637959642,1146.1613540201345,1122.4698676911867,1124.5589599609375,948837
2016-09-21,1125.603356206807,1132.345178531695,1122.3748436263845,1125.2235107421875,1050601
2016-09-22,1137.5678646793108,1164.1554274597954,1137.5678646793108,1158.0782470703125,1207430
2016-09-23,1158.4580824282552,1168.6182831796045,1148.2028333663197,1159.2177734375,1080432
2016-09-26,1148.01265735987,1153.0453481285324,1135.8582999822754,1141.033447265625,835969
2016-09-27,1141.2709580849755,1153.5676573784833,1132.8198896236295,1147.6329345703125,933054
2016-09-28,1146.0188701367842,1163.4431951534675,1139.5618446025721,1160.4046630859375,802709
2016-09-29,1164.155309597569,1169.7577115130553,1130.1611685477208,1137.42529296875,1750323
2016-09-30,1129.9712836965418,1146.0187982189461,1121.9475843916202,1135.62109375,752725
2016-10-03,1140.416424610222,1177.4490978490219,1133.6746021518252,1170.707275390625,1151991
2016-10-04,1172.6064053468278,1174.6004492163393,1153.7577471090142,1162.5411376953125,1229639
2016-10-05,1167.0989084337177,1170.8021989120593,1148.772552645487,1154.5648193359375,278544
2016-10-06,1153.7101653410214,1172.4163661012797,1144.7369104200595,1160.49951171875,570718
2016-10-07,1161.3065825181232,1166.0543608603887,1147.2057040241064,1159.2650146484375,488607
2016-10-10,1169.8526670720182,1169.9001912238573,1154.897164225927,1159.455078125,506484
2016-10-13,1175.8822910633196,1182.766569965312,1148.4876319944556,1154.9920654296875,2865576
2016-10-14,1162.2561249765981,1165.7220263095705,1144.831801841037,1157.176025390625,1309888
2016-10-17,1159.407485545421,1159.407485545421,1139.466816260856,1148.0128173828125,794646
2016-10-18,1151.811060865876,1157.8407163614334,1144.2146152872058,1149.674560546875,1291073
2016-10-19,1155.3244076139745,1155.6093206973314,1141.3659847807662,1150.1968994140625,520312
2016-10-20,1149.1522246707116,1159.1700833472755,1141.4134386956332,1145.923828125,1014093
2016-10-21,1148.9624442617385,1164.440249173431,1141.4609307406567,1162.5411376953125,1005741
2016-10-24,1159.4075226665814,1162.3037139489961,1151.2413667377648,1154.9920654296875,653636
2016-10-25,1154.6597061793034,1158.268064126137,1144.0721371712166,1148.2977294921875,1022585
2016-10-26,1141.6034395054216,1155.6093872972328,1137.9001487711744,1141.2711181640625,501178
2016-10-27,1137.2827281122475,1139.8940060865418,1112.0245716161278,1119.5736083984375,1173549
2016-10-28,1118.5766168719927,1141.3659537182812,1112.8792826604206,1139.2769775390625,788007
2016-11-01,1136.6183308441746,1159.407670810975,1126.410605650712,1152.9981689453125,1707549
2016-11-02,1143.5023962300531,1174.078041921172,1139.466784700904,1167.43115234375,2223984
2016-11-03,1155.609137690133,1171.7515825058538,1155.609137690133,1168.8079833984375,530638
2016-11-04,1171.7517126589682,1171.7517126589682,1145.8763203008184,1157.6982421875,795944
2016-11-07,1163.9179595741105,1166.909083366584,1148.630135194606,1154.3748779296875,578154
2016-11-08,1156.46394501437,1156.46394501437,1142.3155414760852,1149.9119873046875,698079
2016-11-09,1096.7369551599243,1146.636159095217,1091.9891761332578,1138.707275390625,2434361
2016-11-10,1148.677605382849,1166.766689745561,1142.4580844377513,1152.9031982421875,1440450
2016-11-11,1148.9624407142253,1167.1464562435792,1128.1197386712538,1132.2027587890625,1474968
2016-11-15,1138.422527583848,1139.4194916751542,1025.5203142492608,1037.95947265625,3708003
2016-11-16,1044.6062604706988,1060.0365414536682,1021.7219900107775,1039.906005859375,2615803
2016-11-17,1041.3778479860978,1056.2859442878282,1035.0158701948853,1044.84375,2056516
2016-11-18,1050.4934598759387,1072.99788237127,1041.710070130864,1046.0780029296875,1120978
2016-11-21,1052.107672449533,1052.107672449533,993.1876973160147,1005.6743774414062,1829643
2016-11-22,1017.6863247365216,1022.4341032517374,1003.9177670423956,1017.4964599609375,1431659
2016-11-23,1023.6210574880761,1023.6685816386988,1006.5290546728763,1011.2293090820312,890424
2016-11-24,1007.6683457116314,1014.030437711962,984.4042337573552,991.7158813476562,2066988
2016-11-25,992.1907536630606,1027.3243138389437,992.1907536630606,1019.20556640625,1085823
2016-11-28,1009.3777479767195,1019.5379479930206,993.3302328461288,997.3658447265625,1181510
2016-11-29,997.0335945300704,1015.8348458205242,989.9119259977128,1006.4816284179688,1316715
2016-11-30,1010.3273766976412,1041.2828727635692,1004.2977205173459,1031.8348388671875,1847669
2016-12-01,1029.3182722334136,1034.0660502418702,1017.5437595899311,1026.1846923828125,1099195
2016-12-02,1022.576587490748,1022.576587490748,999.0275590523224,1003.2056274414062,1630301
2016-12-05,1002.2561044730393,1033.7813093335021,999.217572406694,1029.0810546875,871979
2016-12-06,1035.0156649579603,1036.8672521219912,1018.9207429550584,1028.0838623046875,525242
2016-12-07,1031.2174802551003,1033.543845332641,1004.2026672156514,1021.8643798828125,998392
2016-12-08,1027.3244779673757,1050.7784606560338,1026.4698545359406,1042.897216796875,1091448
2016-12-09,1049.2590238082362,1060.6061677911844,1037.247121303395,1056.7130126953125,1068419
2016-12-12,1052.8672908738802,1052.8672908738802,1028.3211859950734,1030.552734375,412094
2016-12-13,1026.707058397951,1038.8138930750135,1021.721891177984,1034.8258056640625,784710
2016-12-14,1034.0187532436528,1034.0187532436528,1014.6953156868897,1017.7813720703125,791234
2016-12-15,1006.5291382234929,1037.7695469225666,1003.7279950057299,1026.517333984375,1327125
2016-12-16,1027.5141520936438,1038.956344112559,1015.2648609497036,1028.0838623046875,2265499
2016-12-19,1026.4696833226797,1039.0512959998541,1019.9177259913,1030.1729736328125,769000
2016-12-20,1032.0246698793849,1033.9713055812826,1013.4133998898759,1017.828857421875,1103786
2016-12-21,1020.7725744390103,1044.463947359794,1009.4254279998147,1031.455078125,1544748
2016-12-22,1024.5705009531564,1026.0897667433296,996.3212216173304,1007.2886352539062,899704
2016-12-23,998.0305729863529,1015.4548970408905,984.6892689275651,1008.4281616210938,838333
2016-12-26,1007.4785009489369,1010.801945579777,995.8939688864574,1007.0037231445312,705664
2016-12-27,1006.5290335867572,1013.3657882045867,998.0779647448848,1009.7100219726562,1193147
2016-12-28,1013.9355837175125,1042.5171860026076,1006.7188679458126,1027.51416015625,1267710
2016-12-29,1021.8168050650656,1053.0572089272023,1020.0601503066249,1049.876220703125,1340234
2016-12-30,1046.885071778422,1059.6565485112878,1042.1372936751184,1052.0126953125,909854
2017-01-02,1053.9592402625283,1058.422221335039,1027.7515276813376,1032.59423828125,512397
2017-01-03,1033.1166751976878,1057.7101927622052,1027.4668647452281,1045.0810546875,957645
2017-01-04,1038.8140173975296,1051.5380879595014,1037.864461622943,1044.65380859375,795470
2017-01-05,1051.1582138576946,1072.855539533942,1048.3570707639317,1070.671630859375,2264164
2017-01-06,1074.8970409700837,1096.7368218378504,1073.2828426622725,1086.3392333984375,1139667
2017-01-09,1088.2857801217522,1104.7605485694019,1080.68933441332,1100.7724609375,713170
2017-01-10,1110.9802066666148,1112.0246947895148,1084.440170316827,1102.1492919921875,2779939
2017-01-11,1125.2234070655932,1176.6418669507211,1125.2234070655932,1171.561767578125,5867928
2017-01-12,1171.846681864738,1172.7013051886836,1147.395622262626,1158.363037109375,1447717
2017-01-13,1162.066171710888,1174.1254812797577,1142.315369170682,1154.3272705078125,1059113
2017-01-16,1150.7666175160443,1163.5856199283742,1141.3659925644893,1156.0841064453125,793088
2017-01-17,1158.4579928205642,1160.9268145407837,1146.9208674964366,1152.8555908203125,935711
2017-01-18,1151.4787103212245,1170.8021450888823,1151.4787103212245,1165.864501953125,1190967
2017-01-19,1166.149217082699,1168.0009200627808,1149.9118393951371,1158.7901611328125,962484
2017-01-20,1158.3629911962382,1178.1136796900885,1148.012811155501,1158.6953125,1007939
2017-01-23,1151.146347860104,1172.7012145066624,1150.8614348032995,1169.140380859375,1971140
2017-01-24,1172.701310425802,1193.544012047697,1171.8942112489121,1188.41650390625,1981467
2017-01-25,1196.3927227006934,1204.9862486165316,1188.321498813191,1201.56787109375,1643736
2017-01-27,1201.9477716165839,1204.9863037954044,1187.7044346922883,1190.125732421875,1004052
2017-01-30,1187.8942106155587,1193.306631876839,1170.8497317363401,1177.1641845703125,764826
2017-01-31,1181.2949112029103,1191.5975682048672,1174.173242872631,1188.891357421875,1283594
2017-02-01,1197.3896464772808,1249.1404281846653,1183.1463120624044,1241.7813720703125,2248341
2017-02-02,1239.1702855190385,1240.0249088984622,1208.0248097555243,1219.2296142578125,1664084
2017-02-03,1213.532180309623,1248.3808280113933,1207.8348461297658,1237.4609375,1485304
2017-02-06,1243.9180124631184,1268.1316836980875,1241.3067341926806,1250.6124267578125,1129942
2017-02-07,1253.4133634014536,1262.8613950408628,1237.3658509450925,1257.448974609375,1535174
2017-02-08,1258.826004203034,1262.9091402696845,1234.5174003247173,1252.701416015625,841206
2017-02-09,1251.514483680023,1256.2147382969506,1231.336423909006,1238.220703125,907386
2017-02-10,1245.0573282509986,1260.06035396237,1245.0573282509986,1255.787353515625,962807
2017-02-13,1261.1999047758677,1273.6391778702837,1252.036784489426,1272.0723876953125,1283959
2017-02-14,1275.1108626603686,1275.1108626603686,1256.3571373780237,1263.2889404296875,728131
2017-02-15,1261.9595733932424,1264.3334627337113,1246.8616140053473,1250.0426025390625,606906
2017-02-16,1250.0426513000662,1263.0990431819416,1242.9685071545507,1252.9388427734375,754405
2017-02-17,1267.6569092223135,1296.9506805338142,1260.3927846498748,1270.5531005859375,1855056
2017-02-20,1268.6065597279114,1274.636215927337,1260.29794640634,1269.0338134765625,344125
2017-02-21,1272.1198079612154,1279.431456876012,1258.161384625119,1264.048583984375,1661851
2017-02-22,1266.707322414871,1272.1197436193847,1255.265129696698,1259.6331787109375,1723289
2017-02-23,1265.188175583806,1280.0012229337592,1262.0071868250536,1273.116943359375,2590362
2017-02-27,1272.4046583058423,1279.9061716380684,1251.0871788656686,1252.7489013671875,1919392
2017-02-28,1257.2117994360362,1257.2117994360362,1243.0159874917206,1246.3868408203125,704053
2017-03-01,1253.8882383289015,1267.5143387511005,1248.7132063910892,1259.3006591796875,807113
2017-03-02,1267.6568586522062,1267.6568586522062,1237.8883106596272,1240.5469970703125,633250
2017-03-03,1241.7339431808255,1242.0188562560004,1222.6004885457685,1233.6627197265625,700768
2017-03-06,1240.8794858091026,1261.9120526931351,1238.0782268321477,1253.128662109375,625628
2017-03-07,1248.7605256738686,1268.9385818393298,1244.4401173130275,1263.62109375,1288272
2017-03-08,1264.808279758105,1275.2533931795308,1256.4996668092438,1260.392822265625,1492895
2017-03-09,1262.9090616241986,1270.410574721621,1256.1672394401453,1259.395751953125,1446736
2017-03-10,1269.5559631724627,1273.3541859493437,1256.5470965266695,1268.3690185546875,1614891
2017-03-14,1290.4462194709276,1305.6391109437275,1277.437352512368,1285.8883056640625,930423
2017-03-15,1294.7191657138812,1294.7191657138812,1277.6746876751172,1280.3333740234375,1142957
2017-03-16,1290.8259377188401,1313.235427250069,1284.986147452029,1307.11083984375,1144936
2017-03-17,1310.8616212997974,1325.4848020107531,1299.5144772450221,1313.7578125,1757368
2017-03-20,1315.039894421162,1320.927094212301,1304.4047995592443,1310.0072021484375,951223
2017-03-21,1311.3364824152018,1325.5798185746717,1306.398838911612,1320.119873046875,906658
2017-03-22,1308.8200476344095,1314.612314096751,1300.416503053487,1307.1583251953125,1449840
2017-03-23,1309.5322960501808,1319.7400202411397,1302.7904734879676,1314.0902099609375,1541378
2017-03-24,1315.1346752941222,1333.7459442673965,1310.386896682952,1319.4552001953125,1602574
2017-03-27,1313.42544377284,1342.6242825681982,1312.2860232580472,1331.3720703125,1263226
2017-03-28,1347.276940734749,1347.276940734749,1330.3273964464738,1333.4134521484375,1115494
2017-03-29,1331.372036091121,1357.7697311600948,1314.422489871997,1327.7637939453125,1609722
2017-03-30,1330.327518078816,1357.2949227841248,1330.327518078816,1350.5531005859375,1430611
2017-03-31,1348.3691641222326,1358.814277365433,1330.8973151510932,1353.2593994140625,1086863
2017-04-03,1353.829069613611,1355.9180458353994,1329.7578552616997,1332.6539306640625,783296
2017-04-05,1336.974566120819,1336.974566120819,1322.7787532788125,1330.2801513671875,1461758
2017-04-06,1328.4285729618791,1354.0665797309791,1326.2445482424448,1349.93603515625,782824
2017-04-07,1349.3187838401097,1354.3039517607015,1332.7964898350633,1340.962646484375,562553
2017-04-10,1341.2474509626927,1358.8142317363634,1337.9715301023577,1353.44921875,725902
2017-04-11,1357.816999488,1365.6508332781934,1346.9446341078421,1352.6419677734375,797974
2017-04-12,1353.1170402769626,1367.3128533871188,1343.6214820995804,1365.223876953125,418338
2017-04-13,1362.6122716626203,1371.490593246693,1356.06031490905,1365.176025390625,582737
2017-04-17,1365.4610094536558,1369.4966209210952,1353.1167861414879,1362.8497314453125,534509
2017-04-18,1360.143723697891,1372.0605792002423,1356.487957124063,1359.5264892578125,2004482
2017-04-19,1367.360153024104,1370.9209867559375,1340.3453408102823,1349.8883056640625,3107388
2017-04-20,1343.621314728755,1370.351330850924,1329.4255033869279,1355.585693359375,2637171
2017-04-21,1364.5115381539906,1371.5856817397298,1357.912172417296,1362.6124267578125,1735248
2017-04-24,1366.4107503447397,1370.4938865127433,1359.2415579303008,1361.2357177734375,666961
2017-04-25,1364.511531243264,1386.3513121887027,1361.6628641634243,1379.894287109375,1439089
2017-04-26,1387.300822283747,1395.8468232423738,1381.0337780965986,1390.7667236328125,1186077
2017-04-27,1388.2504313527256,1408.6183547226644,1385.069442944929,1396.464111328125,1135148
2017-04-28,1396.5114834106046,1405.9121077658767,1368.1198614875666,1372.0604248046875,614095
2017-05-02,1380.6539861469028,1381.603541845766,1367.5026629001616,1372.86767578125,955073
2017-05-03,1376.7609106632901,1378.232652534189,1356.9151722256913,1365.888427734375,635349
2017-05-04,1373.0575039055625,1373.0575039055625,1338.968432043791,1348.6064453125,1452308
2017-05-05,1357.8172740813852,1357.8172740813852,1332.8914342536161,1337.0220947265625,1878351
2017-05-08,1335.550162473417,1362.422636565424,1331.087296813115,1352.9744873046875,1600519
2017-05-09,1359.7636772398794,1359.7636772398794,1344.1435333181719,1349.2236328125,781989
2017-05-10,1353.4968327391045,1362.6125450496052,1347.7045656604323,1359.6689453125,420102
2017-05-11,1365.4611965680297,1365.4611965680297,1348.3691927166913,1354.3514404296875,839412
2017-05-12,1352.9270267445409,1352.9270267445409,1333.650999398533,1340.5352783203125,602647
2017-05-15,1342.8616307787265,1350.8379218780874,1332.6064987188863,1344.7607421875,949033
2017-05-16,1346.2323256716606,1367.3599357906483,1339.3005240765956,1364.4637451171875,744209
2017-05-17,1365.4610372649945,1375.2415069150165,1348.3690354077137,1353.5440673828125,579645
2017-05-18,1350.2683238468344,1350.2683238468344,1317.983427214772,1335.6451416015625,640858
2017-05-19,1334.1256672679167,1341.9595012572122,1313.2354432964617,1319.170166015625,1247834
2017-05-22,1320.2147373697205,1333.1761957890708,1305.8289454078606,1319.2177734375,936813
2017-05-23,1319.2178372456438,1328.333549176104,1308.9625888785224,1323.6331787109375,791125
2017-05-24,1333.1286347315477,1351.170192437189,1321.7814908553912,1342.2918701171875,1007226
2017-05-25,1348.3692296282425,1397.7461309949106,1346.5176421920216,1387.8707275390625,1464760
2017-05-26,1384.4522458641732,1409.9003856374015,1379.514602463428,1403.158447265625,766520
2017-05-29,1404.393050942309,1428.7965890324629,1399.1229698019374,1415.5028076171875,655977
2017-05-30,1409.1406993618155,1418.6362566351431,1396.7964749064895,1399.502685546875,594316
2017-05-31,1400.4996049678086,1412.4164584329606,1397.840802870875,1406.0069580078125,536696
2017-06-01,1396.1319003900985,1424.3336605030306,1396.1319003900985,1410.6600341796875,560468
2017-06-02,1418.7312946561522,1443.2772888527484,1408.286180877807,1438.1497802734375,638560
2017-06-05,1442.2801841474554,1442.6125054618406,1426.8023797840578,1429.3187255859375,447987
2017-06-06,1433.5442177279156,1446.1733551126374,1420.0605729290542,1434.7786865234375,456242
2017-06-07,1436.3929768168648,1444.1794037320883,1426.2327763728454,1440.4285888671875,392417
2017-06-08,1444.1792416585795,1459.1821516967655,1440.5234755116592,1447.2177734375,1261815
2017-06-09,1443.3246681811695,1460.4166708306834,1436.630254111752,1449.8291015625,724205
2017-06-12,1443.324586231267,1447.3601977388214,1426.327516934585,1429.8409423828125,325151
2017-06-13,1437.4376677287219,1437.4376677287219,1412.1793898168169,1416.8797607421875,671410
2017-06-14,1421.4848673416054,1429.6510230897131,1410.232655602275,1424.428466796875,1032366
2017-06-15,1422.2445003775083,1425.5204210083089,1412.4165066599965,1415.7874755859375,424499
2017-06-16,1417.5917282976484,1436.6777746930143,1412.0368506328675,1423.2890625,1375090
2017-06-19,1427.277248913659,1444.749098193285,1423.858871338042,1435.111083984375,692751
2017-06-20,1435.8232082744744,1444.7015312424294,1427.70457626196,1438.5294189453125,472248
2017-06-21,1432.215000340022,1435.7283102898573,1413.936051945128,1418.9686279296875,859762
2017-06-22,1422.2919547389479,1430.4581104195563,1412.2742118439346,1415.4552001953125,905839
2017-06-23,1418.3513891643083,1427.1823040775198,1410.375213528261,1416.16748046875,596334
2017-06-27,1419.5857907750185,1426.2326807652694,1410.0902336460886,1414.98046875,1285379
2017-06-28,1411.0872672417368,1423.3839669554814,1389.342418946963,1415.4552001953125,972763
2017-06-29,1419.6333976102017,1433.6393451911297,1399.787658872339,1404.915283203125,806219
2017-06-30,1394.5648616653928,1408.66573920904,1388.5352067596132,1404.34521484375,806197
2017-07-03,1408.096015170957,1420.1553248638331,1398.4580026980818,1415.7398681640625,1167857
2017-07-04,1402.5413473681738,1425.283160898903,1402.5413473681738,1422.24462890625,812900
2017-07-05,1429.0814517765705,1443.1823319554396,1423.3841170851024,1439.85888671875,498116
2017-07-06,1446.6481597191037,1446.6481597191037,1430.1733909284455,1442.8974609375,803617
2017-07-07,1438.1020813455486,1452.725262040587,1435.3009384468091,1449.306884765625,840805
2017-07-10,1461.271357879233,1486.0072154672118,1449.496843469064,1481.6392822265625,240968
2017-07-11,1486.05469355556,1491.752027843952,1472.4285922316687,1481.9715576171875,2874052
2017-07-12,1493.2711508227212,1501.4373060049857,1483.2058843928346,1497.44921875,1550156
2017-07-13,1501.247735278567,1505.0459585177284,1482.5415321907265,1500.2032470703125,712568
2017-07-14,1502.1969845027688,1503.0516077396737,1489.5204402117567,1495.0753173828125,971789
2017-07-17,1496.499863109543,1504.808475928203,1481.3069710982784,1501.295166015625,762299
2017-07-18,1501.7716444662415,1507.8242692528083,1491.2390371318133,1496.5767822265625,789508
2017-07-19,1502.200657833021,1509.826041882935,1496.1003273222648,1500.818603515625,704416
2017-07-20,1505.059868367513,1506.918508807073,1482.040721714124,1486.9495849609375,747783
2017-07-21,1486.9498286465239,1495.43309132437,1478.5142711586805,1493.2884521484375,665760
2017-07-24,1492.3354224050186,1492.3354224050186,1476.9416542384508,1481.70751953125,980822
2017-07-25,1481.230899102259,1483.9951241796466,1467.0285975839272,1470.2694091796875,1159201
2017-07-26,1471.5083356738637,1510.7790117078428,1464.6931263249903,1506.2037353515625,1175988
2017-07-27,1512.6856717088765,1549.7641276384782,1510.7793255567544,1531.463134765625,1980176
2017-07-28,1521.7407061524234,1560.677800229751,1519.4054788261922,1552.0992431640625,923109
2017-07-31,1557.7706640486874,1573.4980183831829,1540.8041382855815,1568.6844482421875,1287974
2017-08-01,1577.1198771880418,1595.6114549547563,1561.0589368889798,1587.7000732421875,1150244
2017-08-02,1587.5094786539773,1590.3212921916045,1571.3055392140989,1581.0755615234375,509282
2017-08-03,1577.5012980915271,1582.2671630404443,1561.3450624563486,1568.16015625,462668
2017-08-04,1558.6761715839193,1592.6568128134463,1558.6761715839193,1586.7470703125,557065
2017-08-07,1591.7989096284743,1596.1358933191125,1570.5431051917851,1573.2120361328125,386830
2017-08-08,1576.5480515570046,1583.1725569853213,1555.6259519489086,1561.9168701171875,717420
2017-08-09,1561.2971550403688,1567.9693651046439,1555.3398246258373,1560.582275390625,530640
2017-08-10,1553.6719781810746,1561.869242647892,1533.655345333343,1553.10009765625,709628
2017-08-11,1533.6552696320587,1557.0080068017203,1524.123540175054,1549.2396240234375,1142387
2017-08-14,1552.2422211072326,1563.6802970380197,1536.8008651423202,1548.6201171875,900057
2017-08-16,1551.7656531540044,1576.5481513001985,1528.3176204865074,1570.0665283203125,952709
2017-08-17,1572.7354064322997,1572.7354064322997,1541.6619907639165,1552.2421875,619082
2017-08-18,1548.9063447644146,1548.9063447644146,1519.6439760542146,1545.141357421875,620278
2017-08-21,1544.1403718729632,1564.6335928576968,1536.228988858133,1540.4229736328125,484815
2017-08-22,1543.6636408672448,1564.1091547433803,1535.561670538519,1550.145263671875,694864
2017-08-23,1551.7654665450252,1586.9851583257625,1551.7654665450252,1583.1248779296875,1091055
2017-08-24,1584.2688218475114,1605.143333842295,1578.1684913696845,1589.6065673828125,1400606
2017-08-28,1588.9394233397284,1591.7989423979282,1576.2145868015646,1582.79150390625,745075
2017-08-29,1567.9695907283317,1581.6000112197787,1561.392673733479,1566.3492431640625,514823
2017-08-30,1573.6883955944988,1587.7954004976195,1569.9234093302077,1578.263671875,379651
2017-08-31,1584.6501785722705,1590.2739227775787,1570.8291694960012,1579.16943359375,1845805
2017-09-01,1583.2205423362711,1616.3910132447556,1576.548330538346,1613.0072021484375,616709
2017-09-04,1603.713612706632,1610.433529066757,1580.837460133105,1591.274658203125,423495
2017-09-05,1592.4660275843576,1609.5278469447585,1587.0329882203869,1605.858154296875,530479
2017-09-06,1597.5179150205747,1614.4844406119653,1594.8013952974802,1605.9058837890625,1155788
2017-09-07,1610.862322614229,1634.8346461298747,1608.622389400945,1624.1114501953125,854744
2017-09-08,1632.690271271719,1632.7855653135184,1609.0515311983781,1616.486328125,741404
2017-09-11,1630.8788458026213,1719.523926258287,1621.1088234943356,1707.3709716796875,3433596
2017-09-12,1719.2857565832928,1719.2857565832928,1655.661460393724,1660.33203125,2108188
2017-09-13,1664.0015126993706,1682.3500901700638,1655.089369770141,1663.04833984375,1217425
2017-09-14,1667.0996051382863,1667.0996051382863,1638.5997086864231,1647.7978515625,989267
2017-09-15,1644.2233232706526,1646.8922540471742,1611.9584424877305,1619.7744140625,2777536
2017-09-18,1626.2085504764332,1670.8170966672117,1626.2085504764332,1663.85888671875,1469531
2017-09-19,1667.7668798711486,1675.678262921476,1659.664908747808,1664.6690673828125,858627
2017-09-20,1663.2868555433206,1674.2483448491935,1641.9834626414272,1645.557861328125,1195102
2017-09-21,1648.0359079963162,1653.7549452710286,1631.212383409048,1649.132080078125,883253
2017-09-22,1639.4574290502042,1640.5536011834738,1614.6749330296777,1627.6380615234375,1247158
2017-09-25,1615.866606760129,1633.4526029229294,1596.755440639924,1622.0145263671875,1728603
2017-09-26,1613.817028929409,1626.589569180613,1603.2845380976084,1614.10302734375,616105
2017-09-27,1619.440792292302,1624.7785373774745,1584.69768587394,1589.8447265625,1037854
2017-09-28,1585.0314173148836,1615.6282475823432,1564.3474932413237,1602.0455322265625,2385207
2017-09-29,1602.2838512190558,1616.1048600487266,1590.845774946225,1603.4276123046875,1007099
2017-10-03,1613.721899527899,1621.8238700807563,1589.7972803426403,1613.6741943359375,1236296
2017-10-04,1615.6281397496239,1633.4048384224127,1603.9040659991738,1618.20166015625,671976
2017-10-05,1615.5805488655333,1626.1131571814249,1604.1901779228242,1609.7186279296875,628607
2017-10-06,1612.7209388831927,1618.154094553357,1598.4710497103688,1603.7135009765625,709562
2017-10-09,1603.7136606484098,1633.6909066044643,1595.6116897030836,1619.9176025390625,842338
2017-10-10,1628.7820995065026,1648.3221463731807,1628.3531018359765,1644.366455078125,846533
2017-10-11,1647.2733784758693,1660.2842119836378,1627.1138644887294,1636.836181640625,1073174
2017-10-12,1649.8948335156863,1668.0528265405371,1619.726999764701,1661.380615234375,2435199
2017-10-13,1669.9588669035008,1675.6779041189238,1659.0450840923795,1668.3861083984375,1974411
2017-10-16,1658.5208023177995,1664.6687208192297,1618.2015431680845,1635.6446533203125,2888889
2017-10-17,1640.4106452006286,1653.7550664863977,1620.7276005332951,1627.7333984375,1641325
2017-10-18,1636.5028068211534,1640.4107929932516,1625.160024435499,1628.3055419921875,979869
2017-10-19,1632.7852898069898,1633.5954635567934,1601.4258759730305,1611.6724853515625,129154
2017-10-23,1611.8154580541784,1627.3045184878745,1603.1416074821323,1616.104736328125,1745367
2017-10-24,1615.1517657889467,1621.2996855437455,1577.3108414826681,1586.9378662109375,1531714
2017-10-25,1591.7035458471241,1591.7035458471241,1506.4898601304521,1517.8326416015625,3573873
2017-10-26,1533.6075697826607,1547.9528692070464,1498.7691683084838,1541.8525390625,2084712
2017-10-27,1551.7178765999981,1569.7805740383403,1540.8993867545364,1551.14599609375,1531589
2017-10-30,1558.4378174618955,1564.9670290838012,1542.3291708790796,1544.8551025390625,1549643
2017-10-31,1547.9529261652233,1565.1100398788772,1542.996473189595,1550.9554443359375,1539175
2017-11-01,1564.1569346830395,1568.4462132973438,1549.096754340052,1565.6343994140625,1051035
2017-11-02,1567.4930035522275,1572.4971618183565,1548.1912502400155,1551.2890625,1016358
2017-11-03,1558.9143890171274,1600.5204123372318,1550.4311263319023,1596.088134765625,1960324
2017-11-06,1575.7854321576763,1588.1766801755152,1567.778872675597,1570.8289794921875,1032097
2017-11-07,1575.5949350303786,1595.5638624082007,1565.5866187461565,1576.8341064453125,1135418
2017-11-08,1588.9394163385687,1610.7671016574766,1577.120047679262,1595.992919921875,2240615
2017-11-09,1599.1381244257827,1602.998521204311,1575.40421234898,1588.700927734375,1278030
2017-11-10,1587.0330893397615,1594.9444720024462,1573.35507967844,1582.55322265625,1515793
2017-11-13,1587.0329662689521,1594.1817634143079,1570.161851547561,1581.5045166015625,716930
2017-11-14,1581.5045717368614,1585.317263680638,1543.2347694345037,1561.0113525390625,1448013
2017-11-15,1555.8166650567412,1563.918635743206,1518.4523291384605,1522.5509033203125,1725981
2017-11-16,1524.1237402057013,1541.3761495163149,1517.9281152455155,1528.7943115234375,903458
2017-11-17,1555.6260314464919,1559.962898756848,1540.0415599108194,1555.4830322265625,578398
2017-11-20,1558.6761104379182,1581.313968638744,1553.5289530919583,1572.0682373046875,3072448
2017-11-21,1580.360727774832,1586.842350280815,1566.0631337358557,1571.40087890625,1109357
2017-11-22,1579.3123036562135,1585.8892203633702,1545.0933710572249,1551.14599609375,751919
2017-11-23,1551.2892024652804,1577.453757218662,1551.2892024652804,1566.39697265625,887882
2017-11-24,1568.9226466165414,1604.047045902109,1567.0163007518797,1597.8038330078125,1091064
2017-11-27,1593.419308696856,1593.419308696856,1571.544034186451,1582.839111328125,746259
2017-11-28,1583.4110721890268,1612.7688495619507,1583.2204841148937,1599.6627197265625,1333326
2017-11-29,1600.3773558569842,1610.8145529404912,1587.9861077175315,1593.84814453125,1121016
2017-11-30,1584.1735596848523,1601.3306740496703,1576.548175522711,1584.1258544921875,1743816
2017-12-01,1583.0772585221512,1602.6650090351661,1574.4034080148997,1583.3155517578125,901780
2017-12-04,1587.032865773181,1596.3263014736544,1571.0195146399506,1572.83056640625,863386
2017-12-05,1573.9270067148932,1595.2781064129194,1569.0181422119203,1587.4144287109375,1217660
2017-12-06,1586.0798130376147,1595.6115426832735,1572.7353915336923,1576.2620849609375,789146
2017-12-07,1585.8893650881032,1586.0799531562047,1572.3066491431057,1574.9754638671875,825254
2017-12-08,1581.314023376897,1606.8591065831054,1577.5013313374109,1592.7998046875,1131333
2017-12-11,1599.424377473192,1617.8206638749357,1585.2697809552956,1591.894287109375,841915
2017-12-12,1595.5161959506258,1595.61148997311,1569.0656470577026,1572.9736328125,1677983
2017-12-13,1570.828960555077,1582.1240363028082,1562.822284815405,1570.257080078125,1539500
2017-12-14,1570.8290365435776,1577.3106592068864,1555.5782691984944,1573.0689697265625,1909251
2017-12-15,1587.0328966398838,1606.001060837514,1570.3523706992244,1598.5186767578125,3543562
2017-12-18,1588.9394320057952,1615.5329826629206,1553.8626181589166,1599.9962158203125,1133385
2017-12-19,1602.2836321773548,1605.5244432824445,1587.0328658984508,1591.846435546875,880090
2017-12-20,1598.4709382039357,1602.188335749651,1577.5964286202532,1583.1248779296875,1297298
2017-12-21,1579.8841909285288,1588.748746052763,1571.9252199343439,1578.64501953125,610601
2017-12-22,1574.6415343533142,1583.934969559092,1569.685082118542,1574.49853515625,832376
2017-12-26,1574.4510130184453,1590.2736595887145,1569.780442625855,1586.270263671875,772183
2017-12-27,1589.4158729188216,1591.7035112391236,1571.6391743676766,1573.7838134765625,624678
2017-12-28,1571.782130390875,1580.2653925704176,1569.5421973206314,1573.1641845703125,940604
2017-12-29,1574.6417025021638,1584.0781379126797,1568.0647859218577,1571.6868896484375,702219
2018-01-01,1574.641903648909,1578.4068907146484,1542.3293134690641,1547.81005859375,771099
2018-01-02,1550.1453391695834,1569.8759742717846,1549.9546347518512,1566.96875,1392045
2018-01-03,1571.7822720136146,1572.7354450105906,1547.9529470892116,1553.9102783203125,1120860
2018-01-04,1561.2974858600896,1575.118495350304,1554.625274382055,1569.4947509765625,747232
2018-01-05,1567.969587584625,1623.2536216757546,1566.5398280822683,1618.6783447265625,1134406
2018-01-08,1630.8790415163264,1643.2702908089693,1620.4894323001306,1639.3623046875,1489032
2018-01-09,1644.223412972761,1648.941572746598,1626.8280058500056,1644.2711181640625,576106
2018-01-10,1644.1756608885905,1660.9515981707182,1631.0219437724354,1652.897216796875,1223879
2018-01-11,1658.5208493043724,1669.958924127161,1606.0963396999239,1620.679931640625,4145545
2018-01-12,1629.9257649286212,1639.8863758393143,1608.9559597657967,1625.398193359375,2057925
2018-01-15,1627.1616128036505,1630.2118362306999,1596.5647826282861,1603.6182861328125,997313
2018-01-16,1612.5302792459272,1612.768572474721,1582.267039189147,1586.651611328125,829183
2018-01-17,1586.1750490345448,1600.1390557253994,1568.3507617908963,1579.83642578125,600044
2018-01-18,1600.3774363112432,1627.0662797994592,1588.939360530579,1601.4259033203125,2327815
2018-01-19,1604.1901375596144,1613.006987691775,1592.5614736566847,1605.143310546875,497099
2018-01-22,1605.1433222417018,1616.3908101149743,1598.0898188137576,1604.3807373046875,820236
2018-01-23,1610.862339096295,1648.9892583648464,1601.3306092791572,1642.650634765625,1763797
2018-01-24,1644.2234187335025,1657.3772526250207,1625.1599588061576,1636.884033203125,968956
2018-01-25,1642.3171323593012,1654.0887960209404,1623.920846319951,1649.179931640625,2169317
2018-01-29,1649.179977585185,1669.0537289178524,1643.2703511701936,1660.904052734375,1232573
2018-01-30,1663.2870783861476,1665.0504253703423,1640.6492170041013,1654.7562255859375,653937
2018-01-31,1653.7551602751682,1678.5376583542197,1644.3187242742426,1671.007568359375,1237098
2018-02-01,1671.8654159555615,1732.6778989498707,1652.6589570339358,1711.3743896484375,3720115
2018-02-02,1691.786860608137,1696.1714333437062,1652.9926478695054,1678.82373046875,2192706
2018-02-05,1640.4106619902263,1657.6154804371179,1604.2377947477207,1632.7852783203125,1600927
2018-02-06,1573.2595821057546,1622.2049874200804,1567.4928394990623,1604.0469970703125,1846944
2018-02-07,1624.2066134158267,1636.740860258491,1580.9325407030565,1583.93505859375,1423804
2018-02-08,1601.330687338024,1606.0488472858503,1584.459571280936,1592.609130859375,801569
2018-02-09,1572.7354064434273,1581.8382548829763,1559.0096923527328,1572.5924072265625,1206481
2018-02-12,1572.5923969354208,1620.3940445195726,1568.1601193663516,1608.765380859375,864259
2018-02-14,1622.3002616394547,1629.4490583270551,1600.6632835399625,1615.103759765625,884974
2018-02-15,1616.581234655241,1623.8730305941726,1590.8455664148569,1607.1925048828125,872147
2018-02-16,1614.6750998126597,1617.296325624044,1572.7354868305129,1581.21875,1088167
2018-02-19,1580.170328137796,1580.170328137796,1540.3276481236383,1554.1009521484375,1151645
2018-02-20,1555.6260055462742,1571.8299461749796,1542.519877096586,1546.7137451171875,859058
2018-02-21,1559.391042454818,1559.391042454818,1515.5450840483868,1519.5960693359375,1425276
2018-02-22,1518.4046625220155,1554.6252382758364,1511.9230392665213,1547.4764404296875,2073919
2018-02-23,1547.476335293985,1570.6860741201165,1543.1870568777094,1566.539794921875,616552
2018-02-26,1570.8291245192213,1620.3941211666724,1570.8291245192213,1612.1015625,1023854
2018-02-27,1620.537115682227,1624.1115144685357,1600.043895974057,1606.287109375,529068
2018-02-28,1595.5163203965387,1609.5279170640092,1583.268070521976,1602.0455322265625,913679
2018-03-01,1596.3264559972897,1628.924925529745,1595.1349897665111,1620.7276611328125,760617
2018-03-05,1608.9559704250478,1618.2494068655953,1598.1374805061066,1610.0997314453125,789108
2018-03-06,1625.1598069714616,1650.8954754689569,1620.4416476219,1630.211669921875,1674469
2018-03-07,1621.3472561415854,1633.6907998215895,1607.2402493466166,1624.445068359375,1138136
2018-03-08,1631.7369365502873,1637.7895620319146,1603.665920948873,1614.818115234375,1112679
2018-03-09,1622.3004111077473,1628.2100370389935,1606.09647045626,1618.058837890625,1281268
2018-03-12,1625.1600694674532,1657.3773654800743,1625.1600694674532,1654.041259765625,858788
2018-03-13,1653.6597303063083,1669.0057911229087,1635.454150715654,1648.5125732421875,797998
2018-03-14,1643.270228893019,1655.2325964164595,1630.5453927927756,1652.182373046875,685008
2018-03-15,1651.8488230929067,1668.0527642311522,1643.2702660197178,1660.1890869140625,604484
2018-03-16,1659.4741439117508,1671.2458068427127,1639.457511503855,1643.9373779296875,2412430
2018-03-19,1649.9423842061417,1651.801024925731,1632.8329762148608,1638.313720703125,1392321
2018-03-20,1630.9743694406664,1656.6147475498651,1622.3958120597983,1636.2645263671875,779431
2018-03-21,1636.2645683848486,1662.1432404191657,1636.2645683848486,1650.3714599609375,1456002
2018-03-22,1656.4240912253322,1680.3487103308219,1653.8504543046472,1671.007568359375,1549193
2018-03-23,1649.9424712864388,1674.5343813515963,1644.2234332577164,1667.576171875,1854651
2018-03-26,1669.6729806814026,1690.070904724375,1666.3368754149296,1677.3460693359375,1796664
2018-03-27,1689.0225115356516,1711.8986629334256,1676.440674808525,1704.4638671875,852040
2018-03-28,1689.165614114238,1722.3836710515732,1689.165614114238,1712.6136474609375,2380088
2018-04-02,1717.236306440243,1725.1476882042482,1703.7965915622394,1720.0958251953125,663945
2018-04-03,1710.9454528423764,1754.981996786142,1710.9454528423764,1744.0205078125,1152587
2018-04-04,1744.3065722993636,1753.3140105163086,1708.6578791902891,1715.091796875,732382
2018-04-05,1746.8800451750603,1755.3633078283688,1727.1494113552008,1750.9310302734375,613812
2018-04-06,1751.836596878355,1752.8373586684118,1729.0557399880631,1738.73046875,498517
2018-04-09,1744.2111722260727,1781.6707986559875,1740.68436256381,1772.9969482421875,1148635
2018-04-10,1777.667785168399,1782.4336505441854,1758.6043236652524,1761.4161376953125,610933
2018-04-11,1763.3699635265814,1772.9969870836592,1751.979593276801,1768.8507080078125,470440
2018-04-12,1765.2763597422133,1777.191021997493,1759.7956151047847,1770.8048095703125,403510
2018-04-13,1770.0423006774106,1784.2446019665958,1756.5548791542503,1774.1409912109375,408479
2018-04-16,1771.7580675132742,1785.0547846861448,1765.896030131745,1777.3341064453125,636242
2018-04-17,1777.3339742432638,1790.3923971882873,1768.7554176461801,1779.430908203125,405779
2018-04-18,1783.3867396916764,1785.483673816685,1750.0256836311694,1757.269775390625,576214
2018-04-19,1766.2295734428483,1781.4326362894403,1717.951337600582,1747.118408203125,2259972
2018-04-20,1757.650956001424,1757.650956001424,1716.7598123333864,1727.9595947265625,1819822
2018-04-23,1729.4369449420478,1797.1122213081508,1724.0991999361077,1786.6273193359375,1620444
2018-04-24,1790.9168200844877,1799.4953773101638,1768.7078420585854,1789.487060546875,1109545
2018-04-25,1786.2461320672946,1789.677531462128,1758.8901145799512,1761.225341796875,809675
2018-04-26,1763.3701239416794,1811.0287759401033,1757.6510857018686,1793.7763671875,2077102
2018-04-27,1794.777015644844,1807.5972620347143,1776.7144342205706,1796.445068359375,567026
2018-04-30,1792.9186157612453,1814.079012212625,1791.965442653451,1809.12255859375,466913
2018-05-02,1806.2627821654908,1810.5043553497712,1774.5220756522792,1780.8131103515625,1320018
2018-05-03,1775.7611889010682,1795.7778206600174,1764.4184076335066,1790.2017822265625,1200445
2018-05-04,1790.5354779448191,1809.1223514182948,1782.7195058976233,1802.5931396484375,752654
2018-05-07,1804.832967761889,1811.0762970808487,1792.9183059731254,1801.3062744140625,2126759
2018-05-08,1803.4985153981277,1804.3563943239394,1756.6977468246278,1782.0521240234375,1401495
2018-05-09,1782.0521566142147,1801.4969084203701,1773.140012639679,1791.1072998046875,1375815
2018-05-10,1791.1072443334494,1821.4657791346795,1768.1357998009296,1797.0645751953125,2716101
2018-05-11,1801.5446935337043,1809.0270783890594,1785.8649277115885,1805.5479736328125,542317
2018-05-14,1797.684156739556,1828.519277938788,1797.684156739556,1825.326171875,497437
2018-05-15,1829.1389877158526,1860.1171102279764,1815.8898597398422,1827.1849365234375,1198159
2018-05-16,1822.0853882679778,1848.3929384217565,1811.028605316867,1835.4298095703125,506000
2018-05-17,1830.0921156293173,1843.6748305500034,1816.3664014912727,1824.7066650390625,503632
2018-05-18,1825.3263062788415,1853.9214964555335,1816.7477492258338,1839.6239013671875,952766
2018-05-21,1845.2477395644344,1855.827937199057,1822.8957616228754,1834.8104248046875,845801
2018-05-22,1834.5719176777313,1840.8629521876635,1806.2627277995132,1814.7935791015625,545822
2018-05-23,1806.2629254161693,1809.789619151055,1762.035672731459,1766.8492431640625,1220570
2018-05-24,1766.8490569988253,1790.8213798937743,1750.0255312084864,1783.1005859375,864810
2018-05-25,1786.2461771869803,1829.37725483784,1771.662583947913,1825.278564453125,674128
2018-05-28,1829.1391080019898,1834.8581463803182,1806.2152492938706,1824.8021240234375,811547
2018-05-29,1818.7492582160398,1827.2802258165239,1782.4333925792332,1789.3916015625,855287
2018-05-30,1781.1943672964344,1803.5939331578327,1771.1860506349585,1796.588134765625,848282
2018-05-31,1795.7777987528095,1901.5799939022586,1781.2419115813764,1863.8819580078125,3896725
2018-06-01,1856.7809349040979,1856.7809349040979,1815.7944974293155,1825.70751953125,1082637
2018-06-04,1841.4825067307934,1871.0785745354724,1803.4032924203332,1813.1256103515625,964088
2018-06-05,1808.1691486794407,1826.803727038003,1804.2611627201202,1810.456787109375,708586
2018-06-06,1813.8881370397232,1838.1940474414641,1793.2519192513425,1829.9014892578125,508953
2018-06-07,1835.8112591038075,1850.8237343534881,1806.3581891526555,1811.4576416015625,754249
2018-06-08,1806.2627265106582,1810.0277130928719,1791.965132369413,1800.2576904296875,1889091
2018-06-11,1809.9801381596976,1838.8136198993302,1806.5487388102679,1815.6038818359375,794575
2018-06-12,1820.5603537856502,1866.7415371607112,1818.654007865456,1863.21484375,1275739
2018-06-13,1873.5008726165559,1883.8348363059295,1853.9334561888368,1861.492431640625,1169830
2018-06-14,1856.277911211226,1886.0357450871973,1850.536845506449,1878.6680908203125,917199
2018-06-15,1878.2852606432489,1893.0206854371763,1863.1193026582148,1882.447509765625,2274265
2018-06-18,1877.4240909094433,1903.163224750435,1876.3715855885384,1883.0216064453125,792509
2018-06-19,1877.328278701786,1877.758811861315,1834.0310796134804,1848.14453125,905231
2018-06-20,1855.3209618376093,1889.7673541151512,1844.3172531933944,1882.495361328125,489671
2018-06-21,1884.313342142397,1890.4849405519758,1862.0667143464543,1875.89306640625,779490
2018-06-22,1875.893053063354,1879.0027967116355,1844.2215334213104,1868.9559326171875,956565
2018-06-25,1866.8030298373449,1891.5853179198837,1862.4972309474074,1884.9351806640625,566785
2018-06-26,1876.467095595595,1907.85163137966,1872.4005078358873,1897.7091064453125,662063
2018-06-27,1903.1631765022971,1908.9042418914441,1874.5535106192585,1884.2655029296875,555455
2018-06-28,1884.0262507631721,1904.119979186751,1864.171733392255,1882.6866455078125,1393387
2018-06-29,1884.9832132783595,1893.5948117146565,1846.2789092494693,1848.814453125,1324639
2018-07-02,1854.3641555018394,1872.5920851754383,1845.2741351317325,1864.6981201171875,708738
2018-07-03,1860.1050693154152,1871.3958772595329,1851.4934717722883,1866.802978515625,926035
2018-07-04,1869.6735581861474,1900.0533613961834,1861.3490604054077,1891.01123046875,1514361
2018-07-05,1894.7429040966435,1905.0768685373946,1875.510358367394,1879.672607421875,490611
2018-07-06,1876.8021589271295,1886.3706016896167,1868.0471272412776,1874.8406982421875,590699
2018-07-09,1883.7391724006259,1884.983116609653,1860.2964889707089,1873.7880859375,853596
2018-07-10,1884.982995884708,1884.982995884708,1840.96816450872,1851.589111328125,3301425
2018-07-11,1859.1483662354085,1862.592982153619,1820.9702575364083,1832.1654052734375,1739970
2018-07-12,1840.202677806052,1868.7166810530111,1840.202677806052,1854.507568359375,844316
2018-07-13,1852.9286444056104,1864.6978738407875,1835.5619002106826,1840.7288818359375,954344
2018-07-16,1846.661448432974,1866.3246437978441,1835.7056288778076,1839.772216796875,659528
2018-07-17,1841.0640322318384,1844.3652150369692,1810.349354597277,1822.788330078125,1131560
2018-07-18,1834.7960837912326,1847.9086551726864,1811.7410544661072,1818.033203125,773027
2018-07-19,1820.2425754401647,1830.8575421112998,1806.937925702639,1813.9024658203125,593314
2018-07-20,1813.662367466567,1838.5905718511142,1803.5757918000422,1827.6395263671875,817518
2018-07-23,1831.1936600984704,1865.9203200430927,1828.0716250058435,1863.7589111328125,1072520
2018-07-24,1873.2211154433235,1877.8321681715302,1863.6148533128448,1870.7235107421875,573920
2018-07-25,1873.173039223551,1893.0099939969202,1863.6148552991144,1887.6785888671875,1065275
2018-07-26,1887.6305095644007,1909.7249124753325,1871.1557465497651,1883.16357421875,2959597
2018-07-27,1891.472903416022,1910.4933482330423,1878.7926850472988,1903.52880859375,858768
2018-07-30,1900.1185412925674,1911.2138203275292,1887.630401233516,1892.6256103515625,1792695
2018-07-31,1892.529771143714,1922.9336157218168,1885.9495047163016,1916.593505859375,460626
2018-08-01,1926.0555033684234,1941.425522347922,1914.2397543723582,1922.5491943359375,884802
2018-08-02,1920.2917902474812,1952.2326116710574,1916.9776767346716,1943.3948974609375,1278375
2018-08-03,1953.0490731748112,1957.756164933868,1924.566483338172,1936.478271484375,1234257
2018-08-06,1943.2507442829099,1945.94042725804,1914.7681542808052,1921.060302734375,749860
2018-08-07,1925.86343045241,1930.0900918725067,1902.0879322766398,1915.77685546875,531559
2018-08-08,1917.4097739839806,1935.4215140953029,1905.9782994738746,1921.876708984375,886494
2018-08-09,1928.9374379901521,1931.8193166325677,1893.9706203427215,1906.89111328125,593894
2018-08-10,1903.000509618117,1919.3311550817757,1884.9887682979052,1901.5595703125,648603
2018-08-13,1892.4335887979628,1917.409869665347,1885.7092054875131,1915.392578125,930525
2018-08-14,1915.3926293319505,1921.2524257777843,1901.2713536441186,1918.9468994140625,322251
2018-08-16,1909.2926544781194,1916.353233609245,1896.4202399199642,1906.074462890625,812823
2018-08-17,1912.6066256629647,1916.449130184638,1904.0570296494548,1912.0302734375,462694
2018-08-20,1913.5672981169307,1921.252307346316,1908.620049972727,1912.55859375,671269
2018-08-21,1916.4493912453847,1916.4493912453847,1889.840090713622,1898.1494140625,688170
2018-08-23,1898.1013537460478,1898.1013537460478,1875.1904420667474,1880.1375732421875,1012394
2018-08-24,1881.6265838071263,1881.6265838071263,1845.891335796238,1852.2314453125,939358
2018-08-27,1856.4582418219693,1886.477811091141,1854.008598064028,1874.5179443359375,1305157
2018-08-28,1883.01944806998,1891.1368098947992,1854.1046226304286,1857.514892578125,686872
2018-08-29,1858.8117579162329,1862.94249761718,1825.285878984748,1830.5213623046875,1139011
2018-08-30,1825.28584804033,1832.346427269229,1793.4891437701447,1801.798583984375,2124825
2018-08-31,1797.3316376277485,1840.3677387106222,1788.6860017439164,1831.5299072265625,1952492
2018-09-03,1830.9534969380106,1843.2975198837821,1810.4921124223727,1822.307861328125,937981
2018-09-04,1820.3866598250454,1824.037086312329,1770.4340971279992,1782.5379638671875,1290572
2018-09-05,1782.7302922749075,1791.2797723315064,1753.1429560292179,1781.817626953125,804386
2018-09-06,1796.3709112938416,1810.780303630423,1778.1190143341714,1805.9771728515625,1003340
2018-09-07,1798.3883742286523,1811.69302430179,1792.4325384006029,1801.99072265625,763150
2018-09-10,1798.2922027492998,1798.2922027492998,1746.6104675382162,1757.12939453125,1157745
2018-09-11,1761.8844758430605,1781.9135084997097,1747.8593568882811,1754.583740234375,1430413
2018-09-12,1753.1427656171852,1764.7183579066982,1733.7381638293534,1756.36083984375,1149898
2018-09-14,1772.3553357982917,1807.706426800007,1763.7097000139097,1799.060791015625,1512590
2018-09-17,1784.6514993214726,1806.8419423079163,1776.197941391424,1803.1435546875,1009490
2018-09-18,1793.729248227419,1814.9111025628592,1782.9702818352857,1788.830078125,823718
2018-09-19,1793.1047368530446,1801.5582938254195,1728.406589510483,1733.593994140625,1471601
2018-09-21,1748.3397508933028,1761.8845573787532,1662.844015822147,1693.0556640625,4403405
2018-09-24,1699.3478094787288,1704.4391754290987,1593.5348062554017,1608.2803955078125,4685534
2018-09-25,1609.1449241996056,1649.9235767487908,1584.072603831889,1629.9425048828125,4503074
2018-09-26,1637.8677803818996,1645.0724773630518,1613.3718106459828,1634.7938232421875,2914677
2018-09-27,1637.8678424123068,1647.3299880197867,1610.2979144925312,1615.7734375,2809983
2018-09-28,1626.4361871924393,1652.277055288991,1602.6606888677866,1623.50634765625,1801534
2018-10-01,1594.6394974239013,1604.1497202890368,1552.0357487617798,1577.97265625,5213931
2018-10-03,1575.234883212761,1593.8709376052675,1542.7656708801921,1574.1781005859375,5112718
2018-10-04,1551.2192959999768,1563.1309675398059,1490.26749084161,1526.9154052734375,3065332
2018-10-05,1510.1043872633732,1573.9379513842925,1510.1043872633732,1544.0625,4352946
2018-10-08,1542.7657104492187,1565.2443874664605,1519.8067203216253,1537.001953125,2426418
2018-10-09,1544.6869815532546,1555.3019483258495,1527.4917485421304,1544.5909423828125,1065187
2018-10-10,1548.5294385503266,1601.219762308758,1541.0365072646682,1573.4576416015625,2264070
2018-10-11,1546.6082175841645,1546.6082175841645,1519.134331084837,1529.8453369140625,2131052
2018-10-12,1548.4334725659312,1594.159258516818,1542.7657542500813,1587.626953125,2169080
2018-10-15,1602.036389795152,1602.036389795152,1526.0029140405247,1562.890869140625,4301735
2018-10-16,1574.466303909459,1629.1739177773088,1551.4112756642928,1556.7427978515625,7490737
2018-10-17,1571.824772289286,1587.4830277744331,1537.0020691598825,1540.74853515625,3532784
2018-10-19,1527.3957609927156,1549.6342824750534,1508.1832356972097,1514.619384765625,4071551
2018-10-22,1527.3957018649485,1537.3862380846526,1365.5301825163674,1392.379638671875,6528861
2018-10-23,1378.4985720553743,1439.0180215602445,1368.8923102292044,1415.146484375,7242862
2018-10-24,1431.3331208092113,1468.5093099944488,1421.7749364718027,1461.44873046875,2177827
2018-10-25,1442.9567821739538,1462.9378566789212,1417.5001845112756,1432.389892578125,4971095
2018-10-26,1437.577114738491,1439.0180540449446,1381.4765209544446,1388.8734130859375,2263193
2018-10-29,1388.1048459354856,1388.1048459354856,1320.8610125683686,1357.1727294921875,4620039
2018-10-30,1354.4830949220793,1354.4830949220793,1296.461242438584,1310.58251953125,5974755
2018-10-31,1301.648644784807,1379.6514539357024,1280.6589834490012,1368.988525390625,6474213
2018-11-01,1346.797968060178,1434.166876357934,1342.9554631584372,1406.3087158203125,5635786
2018-11-02,1426.5300089640682,1493.6778085963788,1416.9237462774415,1481.0936279296875,5732745
2018-11-05,1474.5611771472738,1474.5611771472738,1421.9188159044543,1427.9227294921875,2926342
2018-11-06,1431.333239181705,1452.082744565373,1385.8476056712389,1417.3560791015625,2830304
2018-11-07,1427.4905582041094,1442.0440688418187,1416.9236698190184,1425.4732666015625,140435
2018-11-09,1418.9409674945412,1460.440090597423,1417.884302104298,1436.0401611328125,1913755
2018-11-12,1442.764562746511,1459.1912478774645,1419.9976506668174,1434.2149658203125,1434191
2018-11-13,1426.6259974454704,1437.3850816305562,1405.9245724497482,1427.058349609375,1678410
2018-11-14,1439.018147267014,1468.7975615295488,1433.7347028010802,1453.9559326171875,1888029
2018-11-15,1455.3487231880633,1472.880151701715,1439.0180774493194,1452.6109619140625,1362884
2018-11-16,1459.1910806617966,1465.9154635219893,1428.2108881987665,1441.995849609375,1222318
2018-11-19,1443.8211806980394,1480.6132111170787,1425.9054785892179,1477.39501953125,2054251
2018-11-20,1474.5611897971048,1508.0870670114032,1468.1730022321667,1496.511474609375,2718989
2018-11-21,1497.1359734837417,1507.174470641626,1477.8274097905419,1485.800537109375,984774
2018-11-22,1487.0493352184094,1502.3712759722225,1462.0730543943275,1468.6533203125,1038896
2018-11-26,1477.443128943119,1505.9736808214238,1471.7274498297031,1501.2186279296875,1365620
2018-11-27,1492.5250098935564,1531.0941786321066,1487.8180349151723,1526.0029296875,1707401
2018-11-28,1533.1595731810153,1556.2146043566697,1529.5091463392891,1549.826416015625,2408350
2018-11-29,1564.8600438601843,1605.1582651190872,1555.2537820808093,1595.1678466796875,2975979
2018-11-30,1598.9623575279109,1608.520541597042,1559.0963690404321,1567.5499267578125,1391187
2018-12-03,1583.5923953875215,1596.4167325525198,1571.8728018783431,1591.0853271484375,1509308
2018-12-04,1587.915162867879,1593.5828810943644,1567.5499336374621,1571.3443603515625,1311350
2018-12-05,1565.8206370234332,1565.8206370234332,1529.1247647055131,1540.4600830078125,1669427
2018-12-06,1531.4302842760246,1531.5264407098857,1498.5769142160955,1507.65478515625,1605950
2018-12-07,1510.1044625158918,1517.78947250325,1470.7668645486804,1505.1092529296875,1502809
2018-12-10,1479.3643595354629,1511.0650243826515,1476.5305591289423,1493.245361328125,1485061
2018-12-11,1418.6047314586851,1503.1398364990537,1416.9236356198141,1491.660400390625,2294146
2018-12-12,1503.379986408857,1527.1074063814274,1493.7737245148705,1519.9027099609375,1279021
2018-12-13,1528.8365997371177,1563.8994560930114,1514.8594415992607,1546.7042236328125,1283289
2018-12-14,1546.608192003814,1549.9703837255615,1527.4437460954302,1540.7003173828125,692049
2018-12-17,1549.394058998654,1574.9466930854026,1541.805088381867,1569.038818359375,791402
2018-12-18,1563.803432166861,1579.6056864304878,1545.647573328179,1574.9947509765625,983139
2018-12-19,1576.387536921415,1587.6268161474557,1546.0317735571903,1549.15380859375,1390871
2018-12-20,1542.8615988392505,1557.8954211768325,1530.5656547742622,1549.3458251953125,1156454
2018-12-21,1549.3459660341273,1561.930145986664,1510.2964869762652,1513.6107177734375,1119348
2018-12-24,1515.8681743739303,1528.8366283372052,1494.686319328337,1500.8343505859375,757749
2018-12-26,1498.2886611764513,1503.331948807041,1460.4400821027991,1495.1666259765625,1712424
2018-12-27,1514.9074515808572,1530.7097049787105,1498.288572137332,1502.4193115234375,1880388
2018-12-28,1516.6845983709559,1537.482178312633,1509.1437064224597,1520.911376953125,1333919
2018-12-31,1528.644579937225,1540.8444862582553,1523.1689400204589,1536.32958984375,933039
2019-01-01,1537.0018028246163,1541.8049334584434,1499.1051490292946,1532.7750244140625,4043870
2019-01-02,1525.0900812097707,1535.080616812023,1506.5019883075438,1514.523193359375,1164974
2019-01-03,1511.0649525024337,1517.7893356349937,1494.3981120480896,1498.6728515625,958038
2019-01-04,1499.3454391650794,1509.1437796256268,1479.556445379204,1487.241455078125,1868151
2019-01-07,1499.5375110089547,1546.6081952110294,1489.4509358227956,1497.7603759765625,3991996
2019-01-08,1501.6028111511016,1525.474347864839,1489.931179810054,1515.6279296875,1479592
2019-01-09,1517.789363989094,1546.608149381292,1487.0493262374162,1538.6829833984375,6447772
2019-01-10,1544.5427267915447,1544.5427267915447,1492.813032235402,1504.2445068359375,4377060
2019-01-11,1508.1832475045135,1512.025752593697,1448.9126534094382,1455.492919921875,3180775
2019-01-14,1449.5847614008921,1449.5847614008921,1413.0809701926523,1425.6171875,3615252
2019-01-15,1432.2937856640528,1445.1662012884717,1427.4906542567287,1436.328369140625,1725819
2019-01-16,1437.0967148396792,1471.6792561058746,1437.0486366267914,1466.587890625,2188162
2019-01-17,1466.58796141348,1475.5218319107025,1450.5455509017975,1463.03369140625,1467807
2019-01-18,1463.1296633401776,1472.0635334268784,1453.4273626930308,1457.173828125,1589082
2019-01-21,1451.7943774212342,1458.1344866895502,1438.0573762866024,1448.239990234375,1606142
2019-01-22,1442.8605923027903,1446.895175548792,1416.9236841854965,1442.476318359375,2666389
2019-01-23,1438.201600339939,1449.584997844377,1427.6826726413492,1436.13623046875,1441440
2019-01-24,1433.446433942497,1440.9393655489298,1420.285901309395,1431.621337890625,1088512
2019-01-25,1437.385122801021,1452.851182167129,1420.0457718655596,1426.4339599609375,1738412
2019-01-28,1414.2338029218085,1434.1667959824786,1380.8040825085413,1386.85595703125,2246761
2019-01-29,1389.0656008216793,1408.2781264208727,1373.9357369123145,1404.29150390625,1388542
2019-01-30,1408.182006094342,1431.33307465442,1400.593035467211,1417.9803466796875,3193022
2019-01-31,1421.72670683164,1460.6320660388571,1415.0983629213272,1446.270751953125,2469714
2019-02-01,1448.52837944773,1474.9456019358663,1437.9614904524753,1455.492919921875,1547424
2019-02-04,1448.7203635181684,1451.9384378681468,1411.4960978891486,1445.40625,2054061
2019-02-05,1445.5983998785825,1495.8392000421145,1439.0662116871597,1481.0455322265625,1710784
2019-02-06,1482.966659459475,1482.966659459475,1447.663647485298,1465.963623046875,1541770
2019-02-07,1464.954999689778,1469.6620916661602,1447.663727562292,1455.3006591796875,1602553
2019-02-08,1453.3313826436424,1469.2777539046945,1432.197606516867,1440.0267333984375,2194466
2019-02-11,1443.7250552023784,1458.2304865233084,1423.6479453409374,1451.506103515625,1387113
2019-02-12,1452.5628656708052,1462.7935582388413,1427.7307016466773,1438.24951171875,1136862
2019-02-14,1433.1582371156535,1470.5266193803493,1417.9323354484222,1457.750244140625,1756930
2019-02-15,1455.877020708533,1462.0249343087792,1439.6903761345727,1450.065185546875,1169312
2019-02-18,1450.0653226647473,1464.8589903500886,1440.9393733005109,1457.27001953125,1040787
2019-02-19,1452.466755319149,1461.0163516041716,1413.1771218845145,1422.20703125,1352025
2019-02-20,1421.7268134423084,1434.7913066535843,1416.0590952602565,1422.495361328125,1688403
2019-02-21,1421.1985955055184,1435.5600296842629,1397.7113283369852,1413.6097412109375,2297058
2019-02-22,1415.9630684743665,1428.4031312952086,1400.6890879057414,1405.2041015625,1314113
2019-02-25,1407.3654368888022,1436.1361441759148,1403.522932155221,1432.4857177734375,1055629
2019-02-26,1421.7268246233357,1430.2283433313014,1404.243474090978,1419.901611328125,850891
2019-02-27,1423.6960845264118,1435.127442317898,1400.7850562007325,1418.556640625,1553126
2019-02-28,1429.1716980035828,1430.3724808115173,1412.6008952540874,1415.8189697265625,2400890
2019-03-01,1423.3596985357767,1459.6714133752655,1416.875472119006,1454.4840087890625,2243654
2019-03-05,1450.545482317502,1486.088649765017,1450.545482317502,1480.9012451171875,1768341
2019-03-06,1476.9626748848032,1480.3248663398256,1462.313126402206,1474.4169921875,1694922
2019-03-07,1474.4652937334022,1484.11951744391,1460.2960561696266,1470.958984375,2128646
2019-03-08,1468.7973562047102,1471.2949606957643,1448.576129215351,1458.23046875,966595
2019-03-11,1461.016469747855,1464.9550138733484,1443.2448843336538,1454.9644775390625,2472505
2019-03-12,1465.9156238636504,1522.5925713131624,1451.2660738872935,1507.2706298828125,7399042
2019-03-13,1512.8901038997603,1575.4268410267557,1506.1657210417193,1571.9205322265625,7407679
2019-03-14,1584.072502672895,1634.0250618839264,1570.6237367314636,1616.445556640625,6598388
2019-03-15,1619.6157220112284,1650.355759439674,1618.7511350057662,1636.1865234375,3884063
2019-03-18,1640.7496221142055,1666.1581393215783,1635.562216952156,1648.2425537109375,2427808
2019-03-19,1661.8833917150964,1666.6865229050245,1650.5479552012882,1657.2723388671875,1738526
2019-03-20,1660.9226343248977,1661.8832604870288,1640.7494849201416,1645.9368896484375,1592600
2019-03-22,1647.4737740345245,1663.3721830160562,1627.5888605188047,1631.719482421875,2081172
2019-03-25,1615.8693507160015,1633.0165053910962,1609.0489279666626,1617.2623291015625,1689972
2019-03-26,1614.8127207280606,1652.2771443499491,1602.9009318160045,1647.1378173828125,2216791
2019-03-27,1661.8834598430788,1742.0476757836868,1652.3732362443661,1733.2099609375,5562677
2019-03-28,1741.1350003763796,1762.17273776475,1707.176887408034,1749.3963623046875,4070284
2019-04-01,1726.2454184328303,1728.1666709853432,1670.5771726293492,1674.419677734375,2594605
2019-04-02,1685.5628358824085,1709.9146873306488,1662.6519237774244,1704.6793212890625,2760486
2019-04-03,1713.75713747591,1746.4184282125584,1692.575282901419,1703.7666015625,2494990
2019-04-04,1703.7665406232102,1712.5562934745628,1655.399036729794,1667.7911376953125,2164515
2019-04-05,1679.174664777009,1704.9674558260863,1676.4369034502702,1698.339111328125,1183378
2019-04-08,1699.2516281022508,1727.7821779845615,1677.3013439253016,1682.056396484375,1816648
2019-04-09,1688.7807863494565,1702.6138264822391,1662.1234104557152,1697.5224609375,1675803
2019-04-10,1696.5139817268953,1708.905966146366,1673.6029525823765,1678.646240234375,1891510
2019-04-11,1680.0393024479513,1683.8818075174124,1659.7701116593332,1672.1141357421875,965883
2019-04-12,1674.851798119268,1675.7643461137277,1658.136878602657,1668.4156494140625,1029735
2019-04-15,1674.8517796377173,1695.409203769741,1664.5731262036757,1680.0391845703125,973597
2019-04-16,1684.8423095257704,1748.3396776628244,1683.977722496116,1743.6806640625,2593532
2019-04-18,1744.4972143781015,1751.9420675782283,1683.3053711097332,1694.8328857421875,1857583
2019-04-22,1689.7416555448651,1690.702281841366,1616.6859787904002,1624.4190673828125,2184388
2019-04-23,1624.4189310370548,1648.434586433818,1580.2301251070107,1586.330078125,2161145
2019-04-24,1601.363800637,1637.8675945327443,1595.696082868821,1632.343994140625,3467827
2019-04-25,1648.4345675696488,1656.1195772086683,1607.12764075992,1617.1661376953125,3070975
2019-04-26,1617.6945628789122,1636.1866177099212,1596.0804728166938,1631.9598388671875,1639196
2019-04-30,1613.7559573617245,1613.7559573617245,1513.1783250768979,1543.2459716796875,5059803
2019-05-02,1538.1067381368005,1553.90899298718,1490.4116215421689,1499.8258056640625,4071588
2019-05-03,1503.3799522054646,1516.8287185510726,1485.8966028617488,1495.3106689453125,2042908
2019-05-06,1482.5343746669782,1482.5343746669782,1461.688716987668,1468.076904296875,2018992
2019-05-07,1479.17233945813,1481.2856702922682,1436.616549884622,1456.1173095703125,3333379
2019-05-08,1456.1173110874633,1465.8675736765217,1423.7441362278887,1430.13232421875,2652472
2019-05-09,1427.4904679255728,1430.372346393794,1411.015705896121,1418.41259765625,3040828
2019-05-10,1420.3339145497887,1433.7346031307616,1373.6954656462237,1383.2056884765625,2304082
2019-05-13,1377.5378661517864,1389.065379676069,1332.6285947134347,1338.4404296875,2608583
2019-05-14,1338.4406040461938,1385.2230556210197,1331.9082986258973,1376.2891845703125,5582146
2019-05-15,1379.4591830158856,1394.8292017681517,1318.9397341788379,1324.7034912109375,3321014
2019-05-16,1327.5853617719483,1327.5853617719483,1295.0201112829318,1304.722412109375,4571270
2019-05-17,1314.1366174309167,1337.1916458068977,1311.254738883919,1319.4681396484375,3070835
2019-05-20,1344.8766364212593,1446.3668146154082,1344.8766364212593,1435.7999267578125,4545248
2019-05-21,1440.8431353819244,1454.3879401698216,1386.183485908225,1390.7464599609375,3331988
2019-05-22,1389.9780867326806,1476.3384088924597,1327.8736943212903,1459.09521484375,18578611
2019-05-23,1486.0887412804193,1575.426978474394,1482.3903538386182,1535.8011474609375,12378857
2019-05-24,1545.359318953633,1592.7182374554413,1531.2381607382229,1583.9765625,6065381
2019-05-27,1583.0159296121462,1583.0159296121462,1543.726294798282,1549.2979736328125,2426340
2019-05-28,1551.4113604789447,1567.742006378723,1533.8318535753704,1555.8782958984375,2044030
2019-05-29,1553.3324841947538,1565.1961936917537,1538.971170161112,1545.311279296875,1628713
2019-05-30,1545.2631422906034,1557.7512817626064,1518.3176501728317,1524.4176025390625,4997347
2019-05-31,1536.0412824793075,1547.5207185791273,1493.821808206043,1542.1412353515625,3138032
2019-06-03,1537.0980822089332,1601.3640035860838,1527.107545476422,1597.185302734375,3064055
2019-06-04,1597.521516569368,1607.0797012271462,1565.820849072802,1573.505859375,2614383
2019-06-06,1570.335605329405,1570.335605329405,1450.5455648588866,1462.697509765625,6402947
2019-06-07,1469.7581290164178,1498.5769158598769,1423.6961482838665,1491.083984375,6289576
2019-06-10,1502.4192511169554,1522.6884387885732,1475.6658371377675,1490.5555419921875,3211040
2019-06-11,1502.4194118353562,1532.4870595020886,1501.4587856129551,1527.9720458984375,3468327
2019-06-12,1534.119963894838,1539.4994468902735,1499.7295007666999,1508.0389404296875,3504083
2019-06-13,1460.1518005873577,1464.9549315103425,1383.301705819602,1430.228271484375,10175722
2019-06-14,1434.214865217029,1436.136117548197,1355.6836761805305,1370.6214599609375,10500760
2019-06-17,1371.293944417781,1392.8119954397175,1341.2262964892425,1344.54052734375,7360154
2019-06-18,1354.9632781917444,1387.9607652713107,1344.9727420886943,1353.5223388671875,6611201
2019-06-19,1368.7003408870578,1382.3411868608564,1316.1540141553128,1326.9610595703125,5716245
2019-06-20,1325.6641578308966,1384.358395279172,1294.9241193884409,1379.074951171875,7571159
2019-06-21,1388.1048968762252,1407.3174214004637,1363.2727323814358,1391.6112060546875,4913512
2019-06-24,1424.608557508224,1426.5298097772843,1391.995347146498,1404.003173828125,4102227
2019-06-25,1397.7593047384703,1402.9946710181346,1384.7908500594256,1392.5718994140625,2445906
2019-06-26,1392.9079898879365,1395.4055945549476,1371.0537438396948,1378.3065185546875,2478755
2019-06-27,1382.3411308953725,1406.6450211724944,1378.6907043529625,1393.10009765625,4007859
2019-06-28,1400.5928752132443,1400.5928752132443,1344.8765605614144,1354.963134765625,4108364
2019-07-01,1371.6780425451757,1385.3669645789782,1360.5827640964167,1377.153564453125,3446607
2019-07-02,1390.0261685718958,1394.829299769449,1354.5790368811643,1360.775146484375,3100554
2019-07-03,1373.6956169319644,1421.2466190565324,1367.355506768146,1412.697021484375,5366734
2019-07-04,1415.002350493297,1453.9077104355772,1408.5662020503958,1434.3109130859375,4799912
2019-07-05,1439.690472240715,1479.3643821213655,1425.9535876222399,1472.207763671875,5145552
2019-07-08,1455.5886397679863,1484.119186890537,1412.936819182254,1418.3643798828125,3857205
2019-07-09,1418.3645964018012,1449.9211438882608,1399.7284245100052,1433.350341796875,3733488
2019-07-10,1441.899894135963,1460.8722611640678,1410.7755824952972,1428.6912841796875,3222571
2019-07-11,1444.7816200324412,1494.7341760442011,1436.1359853380982,1480.56494140625,4337246
2019-07-12,1488.9705449471057,1500.9783719224856,1434.8392843948805,1450.065185546875,10637123
2019-07-15,1469.7099757905164,1469.758054005046,1410.1992309015734,1417.0196533203125,5656516
2019-07-16,1426.529893969849,1426.529893969849,1402.5623174043487,1415.1944580078125,3863867
2019-07-17,1424.4166295710652,1449.1527551467573,1399.6324257779975,1442.14013671875,5290039
2019-07-18,1437.1448028346265,1443.8211076911641,1410.5353880431019,1413.5133056640625,2404071
2019-07-19,1421.72674189994,1430.084142733912,1351.7931093117193,1366.154541015625,4698852
2019-07-22,1363.0805201533574,1372.5427821772957,1327.5854284333113,1362.55224609375,4578591
2019-07-23,1369.5647206339484,1376.385260436214,1349.1034530189715,1360.9671630859375,2946083
2019-07-24,1351.7930573586061,1370.1890713931573,1300.063363170243,1308.372802734375,4148585
2019-07-25,1314.1366357680351,1363.4647674663354,1313.1760095722982,1336.85546875,6816446
2019-07-26,1345.3569647257762,1366.0104275901847,1331.9562764239793,1359.766357421875,3106622
2019-07-29,1354.4828967762292,1379.4591771423156,1346.8939265968233,1375.9049072265625,3185949
2019-07-30,1379.5074793698398,1390.602643052734,1265.7692991650079,1284.6456298828125,8804120
2019-07-31,1265.7690219517578,1363.8008464796142,1260.3414609575009,1357.2205810546875,7730088
2019-08-01,1335.3663118920263,1378.4984470324473,1311.2546203479376,1343.5797119140625,9532030
2019-08-02,1341.0341305198108,1356.884462291714,1312.6475803500095,1328.449951171875,4625690
2019-08-05,1311.2546585363837,1349.3914687325655,1296.8452666843355,1333.5411376953125,6796784
2019-08-06,1333.5412244984002,1373.695445978739,1323.5027277602849,1361.3033447265625,3140739
2019-08-07,1361.2074983959737,1404.4837611115338,1359.7184806911582,1370.1893310546875,6078493
2019-08-08,1380.9567651579805,1380.9567651579805,1325.863303002881,1365.5538330078125,5079904
2019-08-09,1385.785455599753,1385.785455599753,1357.1040894910373,1364.92626953125,4666041
2019-08-13,1366.4712421726838,1368.547529474299,1305.824980172208,1326.34619140625,3477027
2019-08-14,1341.3630699762623,1360.484059379987,1329.8711669662987,1352.806640625,2823062
2019-08-16,1332.6715450118486,1395.4423061899429,1327.843024921226,1389.74462890625,3127077
2019-08-19,1392.5452241524047,1407.8999419483196,1381.4879600600518,1393.028076171875,2484182
2019-08-20,1401.2367031031154,1402.15407487995,1340.493889295351,1356.66943359375,3395591
2019-08-21,1364.0569880524301,1364.3949608974892,1311.281237468899,1320.310546875,2929477
2019-08-22,1319.1034136560763,1319.1034136560763,1284.4347322077313,1289.8426513671875,4436240
2019-08-23,1293.6572652457894,1297.5684142354812,1236.1978678996102,1265.5552978515625,7921907
2019-08-26,1299.8860252802576,1308.4324828196684,1223.7884965499861,1302.251953125,7080111
2019-08-27,1313.357525466249,1353.6273377332764,1308.7704311677455,1338.5623779296875,4755041
2019-08-28,1331.7059908519432,1358.2628543388385,1307.2736292904779,1319.0069580078125,8031108
2019-08-29,1310.4603109482484,1333.63720664667,1292.111935186998,1304.2315673828125,4555489
2019-08-30,1312.4402960029188,1353.579269961924,1284.5314219852257,1347.881591796875,5254735
2019-09-03,1332.6717136385412,1340.349014400545,1289.7944262316703,1297.8580322265625,6169187
2019-09-04,1293.0777111519515,1297.8578990023188,1252.083621757,1272.41162109375,6069299
2019-09-05,1281.4893804611909,1289.2150135008965,1258.7470010470352,1263.237548828125,3820454
2019-09-06,1275.7914469629018,1294.0432749399301,1266.3276191152515,1285.448486328125,2744448
2019-09-09,1284.3864453490753,1294.9608580275644,1263.140955275632,1289.2149658203125,3024923
2019-09-11,1294.622930000758,1332.6716962083965,1294.0435311009066,1325.0909423828125,2958610
2019-09-12,1331.7060187754282,1363.5742556279222,1328.2295074228266,1342.5701904296875,3847286
2019-09-13,1341.3629316461224,1358.4558462565612,1323.980258665827,1350.6336669921875,3506741
2019-09-16,1332.7201015646192,1347.157331910784,1318.1862064933478,1328.7606201171875,2406553
2019-09-17,1328.808796903888,1337.4035866815518,1279.799315477382,1286.897216796875,3418892
2019-09-18,1294.043440477924,1302.7347770184474,1276.4676737383843,1284.772705078125,3466276
2019-09-19,1287.1869827355413,1287.573287941578,1234.3146847282314,1238.2740478515625,4668596
2019-09-20,1244.7926370515738,1404.5201254602437,1227.8928145935422,1370.91357421875,12418793
2019-09-23,1411.8593975845818,1495.0548295757824,1411.8593975845818,1459.7100830078125,8634884
2019-09-24,1453.3846160658147,1474.6301054700991,1445.0312523369164,1464.297119140625,5167834
2019-09-25,1457.247454920471,1468.8842362236203,1441.3616699776076,1452.3223876953125,5158518
2019-09-26,1455.3160449281836,1501.4284146331076,1455.3160449281836,1494.909912109375,7017228
2019-09-27,1486.7979775961307,1492.0128032035047,1420.4058221137743,1430.0146484375,4445539
2019-09-30,1425.186049993457,1425.186049993457,1299.9824993343036,1336.099853515625,9439585
2019-10-01,1349.0885980003434,1361.8358446861973,1147.3047779010556,1253.5322265625,13839863
2019-10-03,1250.586841238395,1264.5412186840197,1178.159031900264,1212.4415283203125,13455663
2019-10-04,1236.1011980506569,1248.6070184867915,1212.2000225414743,1221.9053955078125,7423301
2019-10-07,1231.2726659494217,1232.238370001147,1173.3304228459197,1198.487060546875,5212929
2019-10-09,1198.4388874694848,1273.7638135151092,1193.2240613203332,1263.768798828125,6865376
2019-10-10,1265.0723121279761,1275.695056733631,1178.158947172619,1186.367431640625,13975918
2019-10-11,1193.5619954744857,1210.944670151701,1150.491614017703,1181.249267578125,12987781
2019-10-14,1197.4730332072056,1221.519087854013,1185.7880376696044,1207.70947265625,4786662
2019-10-15,1213.8417452550818,1233.735344414042,1193.6102911150274,1228.6170654296875,4669980
2019-10-16,1231.2243145849247,1240.929687308442,1221.6156065721239,1230.789794921875,4118174
2019-10-17,1232.2382904362585,1298.871865702796,1226.444066500038,1294.139892578125,5237964
2019-10-18,1286.3178886714043,1314.9992539004209,1271.928873697343,1296.6026611328125,5604223
2019-10-22,1294.0434512053737,1311.2812452435517,1274.7293698440997,1295.0091552734375,3577455
2019-10-23,1293.0777464057455,1301.720750656507,1264.7343556008705,1286.897216796875,3003881
2019-10-24,1294.2365152932011,1301.624174821846,1228.3755465096453,1238.998291015625,6833303
2019-10-25,1243.8267598689292,1243.8267598689292,1216.8835945217186,1228.423828125,4141541
2019-10-27,1238.0327044972914,1239.9641127726381,1229.8725516874736,1232.8662109375,303098
2019-10-29,1231.272632380808,1280.5235376760404,1220.7947672820123,1270.1905517578125,4248732
2019-10-30,1269.9008837394094,1278.54388822807,1238.4189538485614,1252.7113037109375,3333740
2019-10-31,1259.2298345855143,1297.9063315750325,1245.75830932425,1268.16259765625,7559742
2019-11-01,1282.4550010965406,1338.3209578009821,1271.0596459513506,1332.5267333984375,7803620
2019-11-04,1327.7948573476522,1346.0950214924578,1303.7005862588353,1305.9217529296875,3641707
2019-11-05,1307.5633195025198,1313.647302337624,1269.9008605212803,1274.825927734375,2656825
2019-11-06,1275.9366085595013,1307.177114244348,1265.0724368688338,1296.940673828125,3214840
2019-11-07,1303.7006057581252,1349.9095258743462,1303.7006057581252,1334.506591796875,5563949
2019-11-08,1320.165782816735,1404.0853713516813,1309.0601861230316,1374.0037841796875,8506906
2019-11-11,1367.4369720853026,1405.0028842313548,1359.131940605612,1395.49072265625,3521409
2019-11-13,1395.4423400315197,1412.29382840295,1360.2424748707476,1365.6986083984375,4578522
2019-11-14,1351.6958705261195,1351.6958705261195,1306.7906335666974,1327.9395751953125,5279888
2019-11-15,1329.8710659874591,1340.5903577067293,1299.547934275984,1312.391845703125,4476838
2019-11-18,1314.7095192062884,1332.5750441579164,1312.8746579317947,1327.263671875,2034198
2019-11-19,1334.603056004308,1360.6770665051158,1327.4086076677904,1344.984375,4880427
2019-11-20,1353.9170091386986,1428.0347912010347,1353.9170091386986,1418.908935546875,7334715
2019-11-21,1429.3385848698151,1450.5358601507346,1388.2961614801932,1396.552978515625,6229283
2019-11-22,1400.2225832884178,1410.7005668608074,1387.7167626090995,1396.552978515625,2062280
2019-11-25,1396.5530093839507,1447.7353267423027,1396.5530093839507,1445.51416015625,3029183
2019-11-26,1443.7275287433747,1469.3186856073878,1429.724820270613,1463.9107666015625,6748616
2019-11-27,1466.9045397904758,1484.6735189512683,1456.2817946043697,1474.00244140625,4156766
2019-11-28,1473.6644558960527,1521.7565672066003,1467.8702312988205,1514.4654541015625,5080043
2019-11-29,1502.6354339058603,1527.357432892078,1498.8209502342295,1515.2861328125,5852032
2019-12-02,1537.4009730924809,1541.7949740321653,1507.6572387710894,1521.94970703125,3906554
2019-12-03,1525.0398127125713,1525.812423118302,1480.3277852210917,1491.7230224609375,3594869
2019-12-04,1485.6391145952202,1500.7040740007078,1470.7672488436797,1491.3367919921875,3417501
2019-12-05,1491.3369264080936,1495.7791418034049,1455.2195685801373,1457.9718017578125,3222397
2019-12-06,1464.973056674486,1466.5664919476942,1406.0651091088014,1415.5772705078125,2990724
2019-12-09,1407.0306797211745,1433.925511621586,1395.7802049304494,1400.270751953125,2831428
2019-12-10,1409.9280938741128,1411.3766501349423,1360.2908757595908,1363.18798828125,2751068
2019-12-11,1370.0444184983332,1382.8883307347976,1348.2678608361102,1371.9276123046875,3263070
2019-12-12,1375.4040471064693,1401.2366314561957,1372.4586024850366,1394.62158203125,2490582
2019-12-13,1400.0295340668126,1442.713608593411,1400.0295340668126,1434.4569091796875,3512530
2019-12-16,1452.901909794667,1455.3161701964527,1432.3806963794882,1442.1826171875,2909431
2019-12-17,1448.6525885275792,1456.7645259378664,1435.2292789643861,1441.5546875,2861481
2019-12-18,1449.5217069281243,1452.4188189339768,1438.898962906666,1449.32861328125,2573443
2019-12-19,1441.796149217948,1454.157208233482,1427.5036820989737,1438.802490234375,2656772
2019-12-20,1439.3820263139285,1456.7647009020873,1431.6563931636356,1436.91943359375,2875305
2019-12-23,1436.9676413745167,1450.0046461853742,1428.614277678208,1444.9830322265625,1584336
2019-12-24,1443.7276071739823,1479.458658321432,1443.7276071739823,1469.65673828125,4488835
2019-12-26,1465.069628289251,1477.1409292241433,1453.0466597116176,1463.427978515625,2265163
2019-12-27,1472.4089613055871,1487.1842808598572,1460.2411134934935,1472.6021728515625,1755565
2019-12-30,1472.6021958527704,1499.2556052583814,1465.9871463886159,1478.8792724609375,2526529
2019-12-31,1478.8792252854203,1482.1626426755593,1453.3846144518316,1458.213134765625,1979911
2020-01-01,1460.1446099334291,1471.6847268597394,1430.0146889454666,1433.3946533203125,2135253
2020-01-02,1440.5890468200723,1481.6798021634315,1435.132795246307,1476.5615234375,2365906
2020-01-03,1471.7331065535673,1485.2529644877864,1460.24120373272,1476.416748046875,2622870
2020-01-06,1463.0900305759167,1465.6973844687254,1415.191013343725,1419.005615234375,3151046
2020-01-07,1437.4021603719389,1456.2817218908192,1392.738347615009,1411.5213623046875,3572603
2020-01-08,1391.5795597417693,1430.7871212625225,1389.6964839657278,1408.575927734375,3363919
2020-01-09,1438.899025631729,1463.9589984212605,1432.332190978684,1455.9437255859375,3496433
2020-01-10,1459.0339774562847,1469.463628614938,1433.2979402927822,1440.106201171875,3189536
2020-01-13,1448.3630293843669,1493.944214902734,1436.3399428327953,1486.8463134765625,3732412
2020-01-14,1492.9783547543734,1530.6408100166118,1419.8262781873336,1430.8353271484375,15123110
2020-01-15,1413.2113134550946,1413.2113134550946,1343.6322903307323,1352.468505859375,13995235
2020-01-16,1356.8142486774284,1366.471289593282,1329.871080945437,1338.900390625,10544088
2020-01-17,1303.700456920757,1329.7744660591723,1271.8805558849867,1305.873291015625,10020063
2020-01-20,1320.9867898053465,1320.9867898053465,1277.6266479424055,1286.2696533203125,6047237
2020-01-21,1286.3177657410051,1303.7004382510188,1274.729317400996,1290.5185546875,4501887
2020-01-22,1300.1757791983007,1301.769214647591,1277.6266105183702,1281.875732421875,3038713
2020-01-23,1284.3864413416331,1293.8503885892494,1274.8259472616535,1286.124755859375,4358219
2020-01-24,1288.2492616280995,1298.8720066640133,1262.802982323375,1270.963134765625,4563516
2020-01-27,1266.5209504430234,1267.0038025019037,1221.6157089671558,1227.60302734375,6019701
2020-01-28,1237.06689453125,1240.8331639227413,1197.7144542875744,1211.7171630859375,6103759
2020-01-29,1225.3819400763005,1232.9143612277264,1208.0958133351132,1215.09716796875,3977924
2020-01-30,1209.0615833079578,1210.9929915880025,1179.6559393978002,1189.2646484375,5301706
2020-01-31,1202.3016569504637,1227.9893635543308,1199.5010913615288,1215.6766357421875,8391172
2020-02-03,1180.0903488489525,1224.947254808392,1174.344456906193,1219.78076171875,7697534
2020-02-04,1229.341268742778,1239.9640134059127,1213.1657257330046,1229.0032958984375,4632688
2020-02-05,1236.101092782449,1244.4544557752754,1221.8086267436374,1229.1480712890625,4360609
2020-02-06,1236.1011570170508,1293.4639999116318,1219.104789684825,1288.4906005859375,7628363
2020-02-07,1298.872076182098,1299.886112688774,1250.3454428526181,1254.256591796875,3850541
2020-02-10,1259.2782406631693,1259.2782406631693,1224.9957425469559,1231.2244873046875,3955195
2020-02-11,1245.758243464283,1264.9757779285922,1240.9780554975318,1248.3173828125,3456066
2020-02-12,1216.7871790052063,1258.215908914763,1208.771787736016,1233.5904541015625,8957173
2020-02-13,1237.791317862465,1237.791317862465,1183.22903234717,1188.5404052734375,6508945
2020-02-14,1191.5822571147057,1198.5352791576158,1131.032542132196,1135.66796875,11532869
2020-02-17,1135.6679787270136,1167.536212823945,1124.5623819962648,1132.7225341796875,9900428
2020-02-18,1132.481144300723,1132.481144300723,1070.4346562381875,1101.57861328125,11207411
2020-02-19,1115.3881550491194,1127.9423074436115,1077.7256978656426,1102.9788818359375,14324736
2020-02-20,1105.7794625170307,1162.562789562724,1105.7794625170307,1141.6552734375,15703698
2020-02-24,1129.8738083475753,1148.7050384867016,1107.22809412866,1130.115234375,7179792
2020-02-25,1140.4966012116154,1142.2349158352322,1099.7439332329368,1114.2777099609375,6114855
2020-02-26,1105.7312603248897,1110.5597811123348,1086.6102708530846,1096.07421875,5870515
2020-02-27,1099.9370984745342,1100.3234037364507,1063.2403383849535,1077.2913818359375,6835782
2020-02-28,1062.274520149423,1079.6571941155046,1047.8372908700042,1066.1856689453125,10233947
2020-03-02,1091.245691769096,1097.957288472029,1033.3517750097365,1042.2362060546875,5724823
2020-03-03,1047.7889355310579,1079.6088380786884,1036.2004864744931,1070.0484619140625,5233056
2020-03-04,1076.228731941754,1076.228731941754,1014.9548627835492,1029.39208984375,6863681
2020-03-05,1038.1319580078125,1057.3977085866206,1026.5435082440044,1038.1319580078125,6815347
2020-03-06,963.7727037040846,995.5926070385891,882.4604056913718,979.9965209960938,16835425
2020-03-09,917.4188636552565,936.6846715803966,856.6277808488784,872.1273193359375,14498980
2020-03-11,859.3801132513539,897.139120471623,816.019975025319,824.2767333984375,12305857
2020-03-12,748.6137702548532,803.4174735481612,743.5920975479683,757.7396850585938,16135734
2020-03-13,699.1697332450427,806.0731835282098,532.1994791737147,776.1846313476562,21139779
2020-03-16,721.3809333402197,732.6796826387474,632.5361597561498,641.3723754882812,16613929
2020-03-17,647.0217693900647,683.1874009749496,565.3232232796623,583.43017578125,19508083
2020-03-18,607.4278679139844,616.940029550186,361.94587834542193,444.9964294433594,74866076
2020-03-19,400.52577409019403,455.8123336240424,378.3145798669886,428.8208923339844,29186013
2020-03-20,428.8209209655978,462.47571687549856,391.3516113017675,425.2478332519531,28086017
2020-03-23,382.75683428935116,391.1101690426143,318.77893626694816,324.9111633300781,9515210
2020-03-24,342.87320989468424,347.6534567128656,227.4715910824157,301.6376647949219,37275347
2020-03-25,281.98557803820074,312.8881071382775,271.5076833710163,290.96661376953125,40292991
2020-03-26,305.50049621625305,436.4499773362112,300.96167518332203,420.9504089355469,42326717
2020-03-27,463.00682462046063,520.0799111456431,378.89399487044795,397.0009460449219,43890479
2020-03-30,357.31049628270944,413.0316314103114,357.31049628270944,399.2220458984375,29380383
2020-03-31,384.3502233177934,385.3159273964813,319.40662402603056,339.2518310546875,38989984
2020-04-01,373.1480688724049,376.624609624669,309.0253207176771,330.5122375488281,33427621
2020-04-03,337.9964246105745,337.9964246105745,299.56141440038033,302.4585266113281,23013838
2020-04-07,332.6850549813297,378.07314666238193,332.6850549813297,370.6855163574219,45710645
2020-04-08,368.89893631539866,426.2617493142318,349.5848558800374,385.46075439453125,56093585
2020-04-09,410.4242325473449,410.4242325473449,370.8303654074834,381.8393859863281,32940091
2020-04-13,374.69318553029535,407.3339718628535,358.51764208278905,396.324951171875,31201235
2020-04-15,410.4242119596523,429.73829252245946,399.84974106313615,409.5550842285156,28311987
2020-04-16,409.5550855325234,426.84118179708446,399.0771908996496,420.467529296875,23556832
2020-04-17,455.81232741600866,462.4756796980273,427.4206332550489,458.1783142089844,26188305
2020-04-20,463.0550887375238,464.5036448023962,437.4639315914459,441.03704833984375,16950369
2020-04-21,415.25277819587023,418.10161718350156,382.4188375943363,387.1025085449219,29550439
2020-04-22,383.38449162549654,406.078535840104,371.4097678064464,401.63629150390625,28908719
2020-04-23,405.595725886573,412.8385067059761,393.0415724662743,395.8904113769531,18750968
2020-04-24,378.7974049617327,386.1850348813283,366.9675306193969,369.76806640625,19653294
2020-04-27,380.6805500903003,396.7595167042967,373.7274691091916,393.4278259277344,26819351
2020-04-28,429.7383054851053,467.7870394473495,415.25274462605677,451.9977722167969,60610249
2020-04-29,437.9468381334333,472.22933593660173,427.8069444170032,454.9432373046875,47307868
2020-04-30,469.5736101399063,474.9815588963759,445.7690103992403,452.0943603515625,26654890
2020-05-04,428.77261983442816,428.82089325098434,401.73290507009483,408.5411071777344,17565171
2020-05-05,418.149857776574,423.84750583361233,401.68461534996385,404.3403015136719,18470026
2020-05-06,405.59573181367506,414.6250712613364,394.4901343949673,410.9071044921875,17184968
2020-05-07,405.59569928844707,445.67241719432934,401.25003108178515,438.76763916015625,26784490
2020-05-08,447.12102660757154,461.31688956470254,420.5158887565602,425.2478332519531,29096376
2020-05-11,434.5668260683212,443.01673657520524,414.093888251834,418.5361328125,18434346
2020-05-12,415.05961527615574,434.56685011410235,410.4242473299856,430.8971862792969,26126553
2020-05-13,458.70945714970856,463.5379777512845,429.2554814800957,433.2148742675781,20820446
2020-05-14,423.94412637871005,426.84123885965795,410.4242681342865,413.3213806152344,16520436
2020-05-15,415.6390213276057,416.2184496575136,402.7951691242337,404.3403015136719,14848712
2020-05-18,404.1471212142813,404.3402738013288,361.22156692178106,363.8289794921875,25374856
2020-05-19,371.89264162398564,373.72747345476756,348.6191677446281,355.1859436035156,28794743
2020-05-20,351.51631114640696,358.13139047838,338.76900455821146,345.04608154296875,29736164
2020-05-21,349.8746033583702,351.51631220926686,331.4296775856895,334.90618896484375,25554090
2020-05-22,330.2708164198367,341.56956666468545,318.68236672089506,326.7460021972656,27953815
2020-05-26,333.07133750497724,341.8109772744203,330.270801514976,336.2581787109375,19932807
2020-05-27,338.865562627717,362.5736159535269,335.72702430427387,356.2965393066406,34413192
2020-05-28,362.13901239801737,391.88268482792853,358.8556245797983,373.5826110839844,47047469
2020-05-29,363.10471339795737,386.281609997827,360.6904533354709,380.1493835449219,33013516
2020-06-01,388.5027083837399,402.5054164187777,387.2955783807194,396.03521728515625,22990598
2020-06-02,399.8014791933587,423.8475042941318,390.3858646471383,419.79156494140625,28744172
2020-06-03,429.7383376231582,436.7396925619625,411.48653546998287,417.5221862792969,27908796
2020-06-04,410.2794089584332,419.93645033925566,391.11017592331024,400.81549072265625,25795376
2020-06-05,402.89174233048834,412.6453296800842,397.0975180178022,407.8651123046875,26349793
2020-06-08,439.3953569762568,447.7969942716552,428.7726120823253,436.1119689941406,42805660
2020-06-09,444.17559890968533,461.6065455897034,436.8362420814332,447.9901123046875,40690351
2020-06-10,448.08671683334563,492.75053289701424,447.265862427715,482.4657897949219,42547635
2020-06-11,492.75049349339486,529.6886735543892,487.77712351009126,505.2080993652344,78669422
2020-06-12,473.1949914098029,516.3619748635259,466.7247623919423,510.3263244628906,57429819
2020-06-15,506.99465334257536,506.99465334257536,466.9179331259718,473.72613525390625,45035607
2020-06-16,492.5090814816823,497.3376018883655,440.6507605255253,465.2762145996094,50389388
2020-06-17,456.391743512233,484.78343691125195,451.94949895311936,474.3055419921875,40940232
2020-06-18,472.71215673685913,485.7008886643828,465.61422571086945,482.0794982910156,25255403
2020-06-19,485.7491545908275,492.9919352258796,455.95717768445655,467.0627746582031,41823242
2020-06-22,473.2432689061278,484.83171777529236,469.18732948448985,473.0984191894531,27934720
2020-06-23,481.8863674747843,506.0289710556853,480.1481118053401,502.5524597167969,45717057
2020-06-24,511.8231512411094,512.2577298560145,459.7717083581373,465.1796569824219,43255370
2020-06-25,463.53797998229254,474.112451939019,445.18960160799344,458.85430908203125,37360999
2020-06-26,466.43506958354953,483.8177429841787,464.5519348434348,475.65753173828125,33898936
2020-06-29,465.46937204996743,470.2978925069173,456.2951831817627,463.5379638671875,19597701
2020-06-30,472.2292750095352,477.05779520390666,455.81230634867194,458.5162658691406,17436951
2020-07-01,464.02079886459364,477.63723194710974,458.8542762712872,475.56097412109375,20509324
2020-07-02,480.9206175356673,490.57765804843166,476.0920972792851,477.8303527832031,22971526
2020-07-03,482.70714693525724,482.85199664005984,467.73873503941536,470.4909973144531,15633495
2020-07-06,480.9206235875466,491.5433682852635,476.6232287169087,478.89263916015625,24848329
2020-07-07,479.9550000527665,511.8232394928898,475.5610576153129,508.2501220703125,42696302
2020-07-08,515.6859393151913,557.694063585249,513.7545313027748,533.6480102539062,81334991
2020-07-09,538.8145947166306,550.4030434936519,531.4269350445202,537.4625854492188,26574065
2020-07-10,533.358346751313,535.4346340812145,514.1408710989982,520.7559204101562,26964951
2020-07-13,530.8475879581939,535.9658082121998,516.1688729539114,521.1422729492188,16507937
2020-07-14,516.6516659742259,516.6516659742259,487.72881793177527,493.2816162109375,22219927
2020-07-15,500.0898298721965,509.6985971724371,482.8520357718993,486.2802734375,21841548
2020-07-16,490.5776477619304,504.09750419631433,473.4364012111937,500.8140869140625,21502321
2020-07-17,504.3872157493522,508.4431845656056,494.4404757788985,502.93865966796875,14445406
2020-07-20,506.9463338502649,523.0736026696632,503.7595223929935,510.6159973144531,19937276
2020-07-21,517.3277142350566,521.238804173219,502.8421522848977,505.5461120605469,13311222
2020-07-22,509.8917525938605,510.4228780477659,490.57767105621423,495.93731689453125,15202237
2020-07-23,497.82043247664,503.1318046951105,492.60563655633143,496.27532958984375,11300182
2020-07-24,488.4530851862872,518.2933632045584,482.85201361671255,504.33892822265625,31277822
2020-07-27,504.6286449647271,505.8840484548453,487.6805504933861,489.2739562988281,12280255
2020-07-28,494.44051895692024,510.85748931291175,493.8610905795773,508.8778076171875,16991267
2020-07-29,515.6859992336513,545.3814008749149,513.9960170264249,531.6201171875,37044099
2020-07-30,526.3087533118193,527.226184027991,497.82048134356484,502.0212707519531,13848662
2020-07-31,507.1878193939144,510.3746312252946,498.0619036034923,505.78753662109375,11161107
2020-08-03,504.04925495485054,504.04925495485054,483.81774274624354,485.79742431640625,13508456
2020-08-04,490.57767816990184,490.57767816990184,466.67650192048245,475.7058410644531,21481518
2020-08-05,482.079480490815,488.64625633700376,473.33984102988603,475.8506774902344,15082924
2020-08-06,480.7274461454298,484.7351413783255,469.09072457080686,477.9269104003906,16624606
2020-08-07,478.989242463777,495.7441853320698,475.1264259922949,491.54339599609375,16540870
2020-08-10,494.44048808712034,499.80013393327863,489.1773890720319,491.8813781738281,9409531
2020-08-11,493.4747892065523,506.8980996130013,491.881383354772,504.0975341796875,11701319
2020-08-12,500.71756640716126,512.2577419729097,494.77846272740425,502.7938537597656,12644367
2020-08-13,506.0289615493223,509.457199405026,498.64130141559133,500.9590148925781,8109014
2020-08-14,502.1661150197383,505.5460792554481,482.9968833887373,489.80511474609375,9318623
2020-08-17,492.5090645796288,497.144432222587,485.26628421816366,495.5510559082031,7173558
2020-08-18,494.8750254265073,506.7531728102408,489.1290748516188,503.711181640625,10993530
2020-08-19,505.06319543429237,511.823123480258,501.3452585857692,504.24237060546875,10895768
2020-08-20,497.916982215042,502.6972290279936,493.5713434818341,495.79248046875,7658596
2020-08-21,502.166119978802,503.5181292631969,494.92333940218464,495.93731689453125,6411009
2020-08-24,500.2346956501077,517.0862430351945,498.3032875587946,511.0023193359375,14887687
2020-08-25,516.6516636602255,527.6607133411461,512.0162960363263,518.1002197265625,18377629
2020-08-26,522.8804870604603,552.5758875861163,519.9833748140547,548.1819458007812,26850404
2020-08-27,552.7690239017561,598.4950872666263,552.382718703526,585.07177734375,48561125
2020-08-28,579.4224285508632,665.3700887859079,575.0767603367317,642.8209228515625,55986681
2020-08-31,680.8213852965712,687.5813139449059,599.4608154933993,608.5867309570312,57316603
2020-09-01,616.215743249785,639.7789461253499,568.5099975755397,605.9310302734375,47295290
2020-09-02,610.324968119838,628.7698921555611,593.0388418067731,618.5817260742188,19765424
2020-09-03,621.9133809816822,626.0176230145582,603.5650048347071,610.1800537109375,14985734
2020-09-04,590.0934893570379,619.9820435894911,582.8507084739831,595.0186157226562,21613014
2020-09-07,600.1850350363047,603.5167256193341,577.0564124850627,587.8240356445312,13889593
2020-09-08,588.1138087054184,591.8800783477802,578.4567675115691,579.8087768554688,13303702
2020-09-09,569.7654285392972,588.7898114161931,568.4617515592306,583.8646850585938,17123149
2020-09-10,592.9423391166139,606.2690443963265,589.0795225751375,599.171142578125,15925284
2020-09-11,596.8050786932046,601.0541999176165,582.5609445334558,589.4174194335938,11346718
2020-09-14,595.9359273487104,598.7364925843309,583.140349079771,588.4517211914062,9287409
2020-09-15,588.4517711400661,617.0849213490638,580.5813180717247,611.677001953125,13446734
2020-09-16,619.0163061503288,619.0163061503288,592.6043235286303,600.3299560546875,17940987
2020-09-17,593.6665612256742,603.371875082383,589.272619612546,596.1773681640625,9390779
2020-09-18,601.5853533130182,603.2270619961597,579.4224334453539,592.1697387695312,10335095
2020-09-21,591.8799585676703,596.2256262254598,534.8550947047222,541.3735961914062,15649376
2020-09-22,544.6570991067325,558.1769561767578,518.5830890431123,525.343017578125,26363293
2020-09-23,532.1029217699306,534.8551546850854,501.29693956438655,509.94000244140625,20046261
2020-09-24,499.4138955792212,501.2004245756112,468.3664853933939,473.4364318847656,20946967
2020-09-25,482.75546029421685,503.42152156632403,474.3538525400209,497.1927185058594,19311510
2020-09-28,504.96669234353755,543.98110222257,498.4481897346721,536.0623168945312,24396893
2020-09-29,539.8285940459281,542.5808271651085,510.8091975139502,517.8588256835938,21321940
2020-09-30,517.8588358395087,521.190526851472,502.40756987506654,509.3123779296875,18784941
2020-10-01,521.4801901138921,576.5735947069895,518.5830779465928,571.8899536132812,49858446
2020-10-05,572.8556453724789,609.0695466863759,571.6967887420549,580.9192504882812,43964114
2020-10-06,594.8253809712103,606.8000750124661,585.4097671234424,601.4404296875,25112823
2020-10-07,599.6539585133916,604.3375997109556,585.3132176021269,597.8673706054688,19071775
2020-10-08,598.7365495642118,616.6020756399181,592.9905983082394,596.5154418945312,20977726
2020-10-09,596.8533646103084,611.2906516630844,593.9079791039445,601.681884765625,18622149
2020-10-12,606.6553233765964,610.3249871438279,589.5623491318147,593.3768920898438,11751051
2020-10-13,590.6246061454735,599.4608222695825,581.7884489632653,587.3412475585938,11579298
2020-10-14,579.4224338425593,604.9653179228317,577.0081737015486,601.295654296875,14624404
2020-10-15,601.2955929347405,610.8077533428486,573.0004198160957,577.490966796875,14728367
2020-10-16,584.0578407513615,592.8457836199941,580.7744821042091,587.4378051757812,11569890
2020-10-19,586.7134550777348,609.0212529062198,585.4097782507905,605.5929565429688,14576825
2020-10-20,600.6679193556952,607.3313008802908,595.4530939067163,603.8064575195312,9607553
2020-10-21,609.3592812602337,625.5830981963734,578.9878758179165,606.5587158203125,26626983
2020-10-22,599.7022508061152,609.2144126890009,584.878716331549,587.8723754882812,15976059
2020-10-23,595.8394883344223,596.5154930593255,583.6233066905115,587.2930297851562,12435551
2020-10-26,595.8393766367349,611.5803402765224,592.5076860000629,595.5014038085938,17438151
2020-10-27,595.4530675855104,602.0199019915458,574.6904314194567,592.9422607421875,15012129
2020-10-28,593.4250927649992,594.8253753174287,565.9990762923495,572.517578125,14933120
2020-10-29,564.9368928430242,579.2293015915275,551.4170355784048,568.510009765625,16511146
2020-10-30,571.6967158251329,581.3537549438007,556.7283051911978,565.61279296875,16811219
2020-11-02,569.7653262017666,613.2220036239352,569.7653262017666,606.800048828125,33145934
2020-11-03,609.8904202708795,627.7076729293308,609.8904202708795,624.4242553710938,19566145
2020-11-04,627.321360818169,657.6444931849551,625.7762578323801,654.795654296875,33533745
2020-11-05,671.116031529971,702.0668340918586,655.0370357556478,689.8989868164062,23471764
2020-11-06,690.2369713516115,721.3809270369413,682.7527649466098,713.3173217773438,29896664
2020-11-09,720.4635016878002,753.7320183207001,709.840757034978,748.855224609375,28036644
2020-11-10,757.1119140813263,840.162455676982,756.1462101092837,806.5559692382812,59758713
2020-11-11,810.2256933564983,810.273966770345,726.6922935050833,760.926513671875,51561819
2020-11-12,762.9062128820837,775.3154865654948,735.6733464060144,742.819580078125,28387177
2020-11-13,733.9833490970071,748.1309369616037,716.3109768261766,742.1918334960938,25472191
2020-11-14,749.9657167080999,758.0776540350421,731.4725201308538,744.0266723632812,3253864
2020-11-17,751.2212463207092,766.5276327972867,745.7649945545885,757.2568969726562,14873173
2020-11-18,753.2492036065197,805.3972253946635,748.4206830705805,799.8927001953125,25491255
2020-11-19,788.0145756131571,816.8891528796651,776.6192785875239,789.9459838867188,29797661
2020-11-20,790.0425107775282,801.437866457367,761.7473920725938,783.18603515625,25424060
2020-11-23,807.3286243426376,850.6887618344508,803.9486600062748,820.6070556640625,39219488
2020-11-24,822.7798611298288,831.4229242763212,807.6182955624136,824.4215698242188,19828772
2020-11-25,833.9820390467886,844.8945425546932,816.2613923489516,825.7252807617188,24215222
2020-11-26,827.6084421191453,831.2781060367772,806.3629511895989,821.379638671875,16934720
2020-11-27,826.6427096776214,832.8715129115864,819.4482023435658,828.2361450195312,10212987
2020-12-01,833.4025827106452,869.1336320273241,828.6706093595155,864.7879638671875,14690547
2020-12-02,871.06500465297,874.6863946390549,851.0749201414021,866.5261840820312,14965085
2020-12-03,869.2302051390814,876.762743997948,859.9594696938742,865.5122680664062,9724314
2020-12-04,871.5479277441035,888.4477490577011,859.2834742024272,882.3155517578125,12658012
2020-12-07,883.6192254177757,920.7988321703269,881.8809698774647,903.0781860351562,15479752
2020-12-08,904.9129793750055,906.5546880685426,875.9901309339997,885.2609252929688,13141739
2020-12-09,898.1047450051747,906.3132292337166,887.1923012897277,896.6561889648438,7937423
2020-12-10,886.4680162469413,895.2076258326566,873.9621374094436,884.4400024414062,9145597
2020-12-11,885.309224204346,901.3398885160967,883.7157888796316,892.0691528320312,8417189
2020-12-14,895.2076444172956,902.9332767315765,886.5645814773145,889.6548461914062,5936096
2020-12-15,891.3448572933175,899.4567950642958,877.2938748524257,894.9662475585938,7646858
2020-12-16,900.0362288483352,905.5890274705218,883.6192590088269,890.18603515625,6068477
2020-12-17,882.6535343027954,915.4874732155907,882.6535343027954,903.7058715820312,14078222
2020-12-18,903.7058553878752,905.3475640924759,857.1106340892491,874.1553344726562,14605713
2020-12-21,874.1553322439495,874.9278837082924,786.7591142797106,813.798828125,18106992
2020-12-22,813.7988398001403,828.0912483921734,785.7451480715608,811.867431640625,21961153
2020-12-23,813.0746145050535,832.3886973535997,804.1901246063417,826.0150146484375,12353093
2020-12-24,832.4369185404668,840.1625511951346,819.9793123080549,823.5524291992188,10293688
2020-12-28,825.6769273595407,841.1281914972632,823.7455193423255,837.2171020507812,5449095
2020-12-29,844.9910406223086,886.1783417791148,843.5424845526703,881.5912475585938,20727636
2020-12-30,887.530266904102,891.0551101503314,857.5451689014996,868.2161865234375,11462263
2020-12-31,872.9965072982687,875.7970727679107,859.524923301027,864.2568969726562,6435333
2021-01-01,864.3051041025199,872.9964403448915,862.4219694616268,869.2785034179688,4632855
2021-01-04,878.7907010386003,882.6535173069019,857.0140861144301,867.057373046875,6991890
2021-01-05,861.1184084786748,895.5457263063203,852.7167705254341,890.041259765625,11907501
2021-01-06,893.2279679321354,904.6232638711966,878.2112818254552,890.7171020507812,9768197
2021-01-07,902.93331675897,928.6693541235658,899.1670472620391,919.3985595703125,12154311
2021-01-08,931.9044186713027,942.5271633400947,900.1327314942472,907.5686645507812,10838196
2021-01-11,910.5623585450099,918.3362642415118,894.435089365635,897.235595703125,8419415
2021-01-12,888.4477286026927,909.2103657385165,875.458997303763,895.8353881835938,8805330
2021-01-13,900.8087135165796,920.7987988617907,894.3868170385808,910.41748046875,9473962
2021-01-14,920.3159677395497,947.0659819480611,918.6259856371948,936.4432373046875,14887258
2021-01-15,940.5957387490644,949.2870751440762,920.7505324355,932.7735595703125,9195430
2021-01-18,926.1101734313203,927.0758774703519,892.3105320652137,900.8087158203125,10668611
2021-01-19,909.7415115981693,919.3502789278646,904.1404397544256,907.665283203125,6309233
2021-01-20,904.7681617958506,921.1367985390268,896.4147980594208,915.19775390625,7004445
2021-01-21,926.4964630156555,933.8357900118965,886.7577189021964,894.0970458984375,8216362
2021-01-22,898.104740511076,901.9675565992957,859.4765796288792,862.6633911132812,11366492
2021-01-25,874.9279026864668,881.060100061207,810.4188814732397,820.0276489257812,11829328
2021-01-27,818.9170515767335,831.2780518876251,778.3574806259991,792.022216796875,15810173
2021-01-28,773.8186931225241,800.4238296185509,761.9405443338369,775.0740966796875,13789865
2021-01-29,789.0767954924092,831.3263498116801,787.6765717027768,817.0822143554688,19305853
2021-02-01,829.5397696938369,947.7419676716733,826.6426575761634,937.3123168945312,38067807
2021-02-02,948.7076500652585,964.7383131738718,916.7428117310969,942.1891479492188,20556081
2021-02-03,946.3899891055845,1043.7330065671065,938.8575091439402,1012.5890502929688,34995822
2021-02-04,999.4070897996198,1006.263564599693,981.1552606845376,996.7514038085938,13666242
2021-02-05,1009.1607722379403,1047.7889357685792,981.4450531163269,989.9432373046875,19524257
2021-02-08,1000.5177092870365,1018.8177535358939,992.7437446776293,999.6002197265625,7162284
2021-02-09,1008.1950913885099,1015.5344190517424,985.0181927359005,990.6193237304688,7984133
2021-02-10,999.5037083273783,1002.8353402016173,969.1805770776916,987.7221069335938,7815034
2021-02-11,989.8466864283832,1000.4694313559073,980.4793450220957,986.85302734375,5760021
2021-02-12,988.687858540966,1023.1635071439172,977.2925618024013,992.1644287109375,13959383
2021-02-15,1009.0640979920955,1026.5433162058616,1002.1109587042683,1021.3284912109375,9121286
2021-02-16,1031.3719748017807,1058.8945415450867,1005.3945110357247,1021.9563598632812,13883441
2021-02-17,1042.9603139140079,1047.788833885832,991.005391863665,997.7653198242188,13855321
2021-02-18,1009.1608292192004,1019.2041758810141,997.9586847395573,1010.1748657226562,8911120
2021-02-19,999.5038332642567,1037.6974810029035,992.5508102733345,1029.3441162109375,14557527
2021-02-22,1028.426511361168,1030.5027987069373,983.0867520239935,987.8187255859375,9412265
2021-02-23,997.7170952366737,1017.803667385486,983.08665629366,1012.3475341796875,7160332
2021-02-24,1011.38190970691,1039.0975690895152,1005.5393529874142,1033.3033447265625,6833820
2021-02-25,1042.9603681502028,1081.1056779112519,1041.9946641056192,1071.6900634765625,12716781
2021-02-26,1033.3033781879594,1045.7609845484808,1015.196426467376,1026.4951171875,12247085
2021-03-01,1038.1318692058176,1058.9910534196124,1026.6882996197037,1031.3236083984375,6358886
2021-03-02,1038.1318874594374,1049.044390732298,1023.6463262390732,1036.5384521484375,4917345
2021-03-03,1042.960305254035,1066.1372009263468,1040.2080724697055,1062.032958984375,5695638
2021-03-04,1041.0289639623425,1077.7257177940392,1035.8141385252898,1054.50048828125,6128220
2021-03-05,1046.823245032405,1046.823245032405,990.2812227897266,1004.2357177734375,13926140
2021-03-08,1017.8520439479499,1019.2522676328814,979.7067349005647,983.328125,10522267
2021-03-09,990.4260569682023,1000.0830975351383,970.5325769770732,989.653564453125,9915907
2021-03-10,1007.3742485913784,1023.6463389881565,997.6206608249495,1004.1873779296875,8832614
2021-03-12,1015.920660804252,1020.1697822018652,980.8173421564534,987.5772705078125,5735382
2021-03-15,992.5505779857132,1007.8086298348829,954.3086657759047,1003.0284423828125,8019663
2021-03-16,1009.1607270398201,1013.8927004371485,992.743758274579,999.2139282226562,5161126
2021-03-17,996.6066357878404,1003.3665645189595,968.2149115403801,974.34716796875,4712570
2021-03-18,989.8466619496497,995.3511279406316,954.1156117134184,968.4080200195312,5797610
2021-03-19,956.0469812057082,983.8592452342224,947.4521918383127,977.1959228515625,6838935
2021-03-22,971.498286300046,977.1476314855682,928.0898769279813,934.9464111328125,12692489
2021-03-23,943.492849907518,960.2961238306339,936.7329216072594,956.0952758789062,7530882
2021-03-24,946.4382537430047,951.2185006361038,922.247378789319,925.8204956054688,5028085
2021-03-25,925.820512228237,936.7329565314086,896.9942101079814,924.9513549804688,7614686
2021-03-26,940.4026445589942,943.01005742782,917.4188986752986,920.0745849609375,4891178
2021-03-30,932.8701518235638,944.8449061276657,922.2474068235025,928.0899047851562,5831461
2021-03-31,928.0898707481224,935.7672297777123,917.4188527232474,921.7162475585938,4453746
2021-04-01,930.9387086710784,962.8069424741341,926.2067352265929,959.2338256835938,7932671
2021-04-05,951.2184567035532,955.0329993589162,887.0474129883202,905.20263671875,11223431
2021-04-06,915.2943658682697,921.4748958989267,889.8963589476716,895.4491577148438,6925347
2021-04-07,899.0705378058753,919.7849030163138,889.5583757785676,913.1215209960938,5714921
2021-04-08,916.4531963057443,925.096259840106,900.0362265089079,902.8367919921875,3946239
2021-04-09,902.9333129233028,907.472133878249,885.9852181429084,891.9725952148438,4980026
2021-04-12,853.6824098911068,859.4766343926301,812.157134296856,815.4405517578125,10674765
2021-04-13,820.8484616901103,850.785287939985,815.5370892909391,847.3087768554688,6778840
2021-04-15,837.7482639804892,853.4892282184866,812.3985326496675,828.9120483398438,6862663
2021-04-16,834.4648333575302,840.1142373293869,823.793815555441,833.3543090820312,5338683
2021-04-19,801.4861386734276,807.8597622289537,783.1860339824971,803.4658203125,8550122
2021-04-20,816.0199584960938,835.1408877470305,811.2397114478846,816.0199584960938,8240669
2021-04-22,802.5000586104011,811.14312157154,787.0487939440154,807.0388793945312,9717099
2021-04-23,801.534368537454,830.4572168772755,794.5812875280267,820.8484497070312,7695324
2021-04-26,827.6084501117563,841.080034687837,822.2488039093315,830.0709838867188,4894557
2021-04-27,830.070960104047,855.6138457293823,829.539834629277,852.1856079101562,5202133
2021-04-28,859.4766405049804,899.0705082136369,857.5452323240704,895.1111450195312,9935828
2021-04-29,904.7198469087778,925.9653367424564,885.6471912626345,907.230712890625,12187280
2021-04-30,896.1733548562853,915.9702878030027,883.715749083787,902.885009765625,7301455
2021-05-03,897.1390781205929,934.5118372967734,868.1679561145457,882.2672119140625,16854199
2021-05-04,898.1048106686352,902.4504791073543,874.9279123287994,878.9356079101562,7499852
2021-05-05,891.3448811028763,902.6919042371762,878.1147231919509,899.2153930664062,5975741
2021-05-06,905.2992668453825,906.4581234852936,888.4477195076461,893.2279663085938,3705397
2021-05-07,900.5673783379607,919.1571829167308,893.2763239149275,894.4351806640625,5419712
2021-05-10,906.7960940987257,917.3705651313873,899.2153409569808,912.9766235351562,5087341
2021-05-11,892.2622924564481,924.1788003672724,891.2483149654281,916.3082885742188,5732298
2021-05-12,909.6932207265305,917.9499786167197,882.6535071592875,885.212646484375,5074561
2021-05-14,891.344832918439,891.344832918439,857.6417381944932,860.2974243164062,6169600
2021-05-17,866.3331309532517,926.9793960361949,866.3331309532517,923.647705078125,10987165
2021-05-18,933.8358381306676,953.1016461659004,933.8358381306676,941.1268920898438,8715366
2021-05-19,931.9044682405112,945.0380205892127,928.2348044026594,933.8358764648438,4787294
2021-05-20,929.9730107607077,954.0190654568248,929.9730107607077,942.0443115234375,5835440
2021-05-21,951.218567495271,985.0182120255598,948.1283024926927,981.1553955078125,12591860
2021-05-24,983.955873487437,987.6738104781098,962.8552047720697,970.2911376953125,5385688
2021-05-25,977.2925134508855,978.0167914993916,948.7076967132712,959.8132934570312,4583345
2021-05-26,964.5934606078645,973.3814027719015,953.1498912651782,964.2072143554688,2972854
2021-05-27,961.1652822272828,978.5479560867041,953.1499499582632,972.3191528320312,4427518
2021-05-28,979.7068006284642,990.3295456328142,968.6012035784619,984.3904418945312,5388785
2021-05-31,980.1895867636738,985.4044120828203,969.5668424736242,978.2581787109375,2643491
2021-06-01,981.155252277541,995.9787849236774,971.4982123929195,975.4093017578125,3766919
2021-06-02,974.298850431183,994.6751825354906,969.0840249265678,992.7437744140625,4177378
2021-06-03,995.6409254574284,1001.676576072471,930.9870242807118,971.2568969726562,14752885
2021-06-04,977.4856850476458,988.301582570568,969.5668997750473,974.6851196289062,4323154
2021-06-07,983.0867725641363,997.2343611881113,974.8782877244554,990.039794921875,3823401
2021-06-08,989.8466660380572,992.7437782313392,971.1119836114067,985.1630249023438,3141410
2021-06-09,984.0524641435559,1000.1796752345869,963.0484002621796,969.13232421875,4767864
2021-06-10,977.2924512079223,993.3231140837845,971.498227188903,989.2188720703125,2984339
2021-06-11,992.7438001303318,996.6066164732514,977.3890815904666,980.2861938476562,2679470
2021-06-14,977.2925082462705,992.7437731987808,959.6684091598136,989.1707153320312,3982216
2021-06-15,989.8467382933685,1013.9893416663775,989.8467382933685,998.9725952148438,6026006
2021-06-16,994.6751682771811,1003.0767463314413,975.699060179406,978.9342041015625,3325800
2021-06-17,967.6354242704762,986.7563520036094,934.8014877183841,950.301025390625,6126591
2021-06-18,959.8133456796419,965.5109646060865,927.0759525291941,961.2619018554688,4895262
2021-06-21,943.492810657621,975.3610427473872,934.8497480448965,972.9950561523438,3160990
2021-06-22,981.058831308263,986.659903371485,961.8895693130697,965.8006591796875,4141759
2021-06-23,974.3953852646213,982.8935691059036,962.3240846543064,965.2694702148438,3975716
2021-06-24,969.5669333593581,973.4297498269252,962.0344530359824,966.3318481445312,2285845
2021-06-25,962.80696374419,985.0181574915485,952.8119501346384,978.1616821289062,3499315
2021-06-28,984.0524769843202,986.5632840652236,966.669803200495,974.2988891601562,2819763
2021-06-29,974.3953520604124,986.9495042673354,965.7040159171579,983.2315673828125,4543628
2021-06-30,986.4666855594306,992.3092422064724,977.4373762825619,981.4932861328125,2628556
2021-07-01,976.3268263287866,982.072777401693,965.7040814330234,973.1400146484375,3070067
2021-07-02,973.4297579764028,979.3688619217697,970.6775247969804,975.023193359375,1501210
2021-07-05,977.2925580647355,991.29526764175,977.2925580647355,985.54931640625,1993126
2021-07-06,983.7627285888198,999.5036928324881,980.1896118115704,995.689208984375,3019919
2021-07-07,989.4121546847398,1011.0921639599707,978.2582254932668,1009.064208984375,3781022
2021-07-08,1007.0844079827131,1024.61195942331,1000.6624527092866,1009.59521484375,4139752
2021-07-09,1004.3322679055835,1012.6372996211193,991.0055041202387,1004.283935546875,3625932
2021-07-12,1009.5471457515372,1021.3770216331528,1005.3463562601331,1013.3134155273438,2010018
2021-07-13,1018.8177934441804,1023.5979814352573,1008.1950486784118,1019.6869506835938,2096758
2021-07-14,1013.9894367311967,1024.1293310985086,1012.5408803930093,1016.500244140625,1566799
2021-07-15,1017.8520557758719,1030.7925134583202,1013.9892396249198,1018.914306640625,2748272
2021-07-16,1017.8520229211168,1022.6322106001053,1006.2635748423186,1008.4847412109375,1218164
2021-07-19,988.8810101320104,999.2139969710796,971.0637574872477,981.010498046875,2644846
2021-07-20,982.1209994705167,984.0524075324056,946.3899503255717,947.8867797851562,3752725
2021-07-22,965.6074973580644,971.256842439792,954.1155956554954,958.123291015625,2181872
2021-07-23,961.841261826757,965.7040781393142,943.4928843421101,955.3710327148438,3449852
2021-07-26,955.3710797830768,962.4690404722353,944.7483344001939,947.6454467773438,2335433
2021-07-27,955.0812894092869,959.9098095781912,930.0212579442939,942.333984375,3311920
2021-07-28,957.9784807038529,975.1680021377797,945.4243272268872,958.7027587890625,8820340
2021-07-29,963.7244111222691,969.035783632251,953.1499395185615,958.0267333984375,3459503
2021-07-30,955.0812840826286,965.7040283949733,946.3899478270738,947.3556518554688,3115750
2021-08-02,957.785264184427,962.9518162126574,951.6530670489182,954.1156005859375,2149603
2021-08-03,953.1499468476675,989.8467026533527,952.8119739893754,986.9978637695312,4450926
2021-08-04,993.709527913649,1012.0579059800818,982.0245317744182,985.54931640625,5055711
2021-08-05,976.7613403983651,977.7270444159734,952.184161361853,963.48291015625,3955681
2021-08-06,970.5325724975527,998.5379900124074,963.9657967307248,994.1923217773438,7609448
2021-08-09,995.6409600078103,1011.0922261185037,992.7921799721732,1007.0363159179688,4274598
2021-08-10,1001.4351509126161,1018.8178246989489,996.0272315336284,998.1517333984375,3469468
2021-08-11,998.1516399068418,1009.4986620101045,985.0180889640787,1005.490966796875,2155833
2021-08-12,1010.5610279819456,1011.2370915953993,992.0195560541913,999.8417358398438,2453701
2021-08-13,999.8416559844769,1007.9535935114114,986.5632254112727,989.0258178710938,2348979
2021-08-16,989.7983211563338,994.5786269450372,981.2518638710585,984.0524291992188,1132546
2021-08-17,983.5672191908393,985.0229180845604,963.963795575555,970.6600341796875,3082005
2021-08-18,973.377327325679,976.0946200818748,957.8498724530859,960.421630859375,2344486
2021-08-20,955.9089623687062,961.6832466274923,941.9827996556404,950.5228881835938,3465186
2021-08-23,958.9173549290714,969.3984342846591,935.6261727745019,959.402587890625,2914978
2021-08-24,960.9553650466769,979.2001124812872,957.8498622587022,975.3667602539062,2510063
2021-08-25,980.0735520191736,983.9554156822142,968.7190889582723,975.8519897460938,2105187
2021-08-26,970.4658710176922,982.7422879790804,968.6219621697442,971.9215698242188,1971408
2021-08-27,967.5545398302468,971.290809997157,957.8498804538151,960.9553833007812,2368969
2021-08-30,965.9047289292647,982.1115218176247,962.0228652066653,975.415283203125,2868604
2021-08-31,979.200165540329,979.9765264712559,960.7613120762395,963.0904541015625,3138652
2021-09-01,964.6431553846605,994.727599868488,963.6726894335693,969.2528686523438,3854558
2021-09-02,973.0861660321563,982.5967199690529,965.8076718101632,980.267578125,2136382
2021-09-03,980.1706369668431,998.2698511345449,967.1178577270632,974.105224609375,5363972
2021-09-06,976.2886590288067,978.5207186691448,961.7316710711207,962.6536254882812,3349749
2021-09-07,962.7507176767687,982.1115249005151,955.0840723400929,971.6790161132812,5483796
2021-09-08,983.2760696396458,991.6220527537969,963.0903906037046,970.0776977539062,6385224
2021-09-09,970.4658847978677,977.1621230959877,964.1578565466815,969.9806518554688,3193603
2021-09-13,974.3477825271349,974.3477825271349,963.3330180411833,966.8751831054688,2386618
2021-09-14,969.4954891332573,1008.314127336791,968.136813103117,1005.9849853515625,7838383
2021-09-15,1005.4026338789232,1030.634746312178,997.1536740449745,1022.8224487304688,6071710
2021-09-16,1039.3689577108569,1151.4577668757534,1039.3689577108569,1097.54833984375,27230283
2021-09-17,1103.9049590794386,1112.6877228431997,1079.4977180494143,1096.62646484375,5784278
2021-09-20,1082.0694959160567,1098.9556265408562,1052.5673083881998,1057.75927734375,2954179
2021-09-21,1058.7783749212615,1109.3881990287089,1052.9555790921802,1103.95361328125,6332732
2021-09-22,1111.183472937748,1123.6539362554313,1094.879598175862,1107.6898193359375,5587136
2021-09-23,1116.035793439265,1140.2974411227274,1113.1243957172496,1134.6202392578125,4879235
2021-09-24,1137.5799848483857,1154.2234973255825,1107.5441151574157,1128.7003173828125,4615559
2021-09-27,1137.3860593936224,1143.1602842374477,1111.086456627963,1116.715087890625,3083520
2021-09-28,1125.7404706088896,1125.7404706088896,1085.951367768403,1101.2362060546875,3684708
2021-09-29,1093.8121847733507,1103.3227987843254,1081.1961270055724,1090.02734375,5574048
2021-09-30,1091.774237993739,1101.3818749811012,1074.305850185839,1079.0611572265625,3180267
2021-10-01,1071.3944224799097,1079.1581501790395,1059.0695521435744,1071.4429931640625,1940798
2021-10-04,1074.7910050164594,1091.7741585945978,1073.3353061383334,1086.727783203125,1817348
2021-10-05,1083.816363296401,1142.3353859220435,1075.9070425272134,1134.08642578125,5270013
2021-10-06,1143.6455651198514,1144.324962372056,1093.4239516044884,1098.421875,3329243
2021-10-07,1109.2425585444723,1151.1181871379204,1106.3797314355731,1132.2425537109375,4002618
2021-10-08,1144.5676621927719,1145.1499181191361,1124.1878755143805,1139.71533203125,2344868
2021-10-11,1138.0168652447612,1159.1729508585292,1135.4451069078948,1138.59912109375,2535840
2021-10-12,1130.5927552061144,1160.6771976193243,1125.7889964648732,1146.99365234375,2354120
2021-10-13,1153.010499211065,1156.7467691912939,1140.5400362284488,1149.516845703125,1235622
2021-10-14,1154.8544750371254,1179.1161236723592,1127.4873827626143,1174.2637939453125,3315820
2021-10-18,1184.9387539519464,1193.333306901048,1160.7256793796585,1183.580078125,4512591
2021-10-19,1185.9093743456867,1203.3777612018425,1150.584390565778,1158.736328125,3879525
2021-10-20,1154.8545791758625,1178.04874105569,1137.8228529120638,1166.208984375,2850772
2021-10-21,1169.4113730281713,1175.1855975670535,1130.7867840267722,1149.4197998046875,2408608
2021-10-22,1156.8440483302336,1169.1203485180588,1142.0444417580268,1161.0655517578125,2618946
2021-10-25,1170.3334018592493,1175.2343024470654,1122.5379523171207,1142.96630859375,3612312
2021-10-26,1145.1496843707196,1157.7657402154819,1104.0989321975048,1120.791015625,3413917
2021-10-27,1121.8585042153813,1129.476637320024,1088.8626658561054,1108.8057861328125,4329232
2021-10-28,1137.3860805796928,1205.3186963139747,1134.7172992472745,1141.2679443359375,17223159
2021-10-29,1132.4851087155917,1147.0906675625486,1090.4154366058683,1106.525146484375,5112475
2021-11-01,1123.799576850717,1198.525455449599,1112.202556064586,1192.7996826171875,10563295
2021-11-02,1183.9683264523753,1203.4746661705854,1171.3522705147682,1176.7384033203125,3730392
2021-11-03,1179.1160878927012,1183.9684174725066,1139.5696018172875,1143.1602783203125,2922214
2021-11-04,1159.7067294302383,1159.7067294302383,1150.0020706065543,1153.98095703125,278458
2021-11-08,1096.6266215311941,1096.6266215311941,1010.8374001891866,1029.81005859375,29099645
2021-11-09,1049.0736355093027,1052.8584762036926,1031.1200164002164,1036.7001953125,7752739
2021-11-10,1035.2931213796621,1035.2931213796621,997.4449493832695,1001.7149047851562,6796906
2021-11-11,1001.7148634316454,1007.3436130873356,990.3604596875009,1002.782470703125,4527396
2021-11-12,1009.2845188648974,1012.6811494572312,998.1727318845777,1006.4216918945312,3479296
2021-11-15,1011.2255283892298,1019.9597220125532,1002.0546724707732,1010.7402954101562,3105993
2021-11-16,1011.2254639454956,1015.107327530699,988.1768989083502,990.7486572265625,2685826
2021-11-17,987.837253810193,1011.2254580824242,984.0524131435491,1003.4617309570312,3042496
2021-11-18,1001.3267969076674,1011.2255020367747,972.6979926558523,978.6663818359375,3244457
2021-11-22,993.7570520790081,995.6009609272472,959.3540250994922,977.162109375,6198324
2021-11-23,965.6135826129379,980.1705712955451,945.233798457288,952.36669921875,8136685
2021-11-24,959.7907539539824,964.3034439825744,937.4700387457502,941.7401123046875,6646771
2021-11-25,939.4110219962613,941.3519538598899,923.252740538537,930.9679565429688,5711537
2021-11-26,922.9130718721123,928.6873558297019,871.4783791179357,875.1661376953125,6746021
2021-11-29,899.5248882886245,910.2970363476978,862.5986125091711,869.0037231445312,11905868
2021-11-30,875.3603011030843,900.1071832296128,849.8370580504674,856.9214477539062,6964145
2021-12-01,864.6851648978795,911.0249141951564,863.8602925301067,906.0755615234375,14626216
2021-12-02,907.3856803536767,921.9426698780671,898.3118472431566,917.6240844726562,5703967
2021-12-03,917.041754421831,929.560728860849,910.7822375860534,923.0586547851562,4928235
2021-12-06,923.8835915987257,923.8835915987257,887.0058852113817,888.607177734375,4617346
2021-12-07,895.6431011083705,908.8414151039959,893.6050869551564,899.2823486328125,3434735
2021-12-08,908.3560876160874,920.972144388533,904.9594569465828,917.3814086914062,3774244
2021-12-09,919.03123047104,922.4278612066773,910.4911421822309,918.448974609375,3111606
2021-12-10,931.6473232005822,939.4110508939203,910.2970720439022,916.8477172851562,6605152
2021-12-13,926.1156493436315,927.3772432390778,906.6093073341207,910.830810546875,2681792
2021-12-14,904.4742790086996,921.1177939946339,896.9046563313153,918.1093139648438,2725729
2021-12-15,917.0418163541291,922.767529951167,909.3266001625914,910.830810546875,2266938
2021-12-16,917.0903384101285,921.3118416716981,893.9447488004134,900.883544921875,2457432
2021-12-17,898.6514842809935,901.5628821782321,854.2526663481042,856.9214477539062,4786306
2021-12-20,848.1872294049083,848.1872294049083,806.263089056922,821.1112060546875,4700733
2021-12-21,829.7968364873262,842.3158699967333,823.2947032633127,831.8833618164062,3568436
2021-12-22,836.007875023016,858.8623354938879,835.5711535143927,846.003662109375,3619713
2021-12-23,853.9130114995777,857.8918981941133,843.3349089713624,845.3728637695312,2642247
2021-12-24,852.0690626080421,852.8454234837286,821.7905145959639,835.7167358398438,3462247
2021-12-27,818.1027594384866,836.3475066399546,787.5330833740592,829.990966796875,12325932
2021-12-28,838.4825995585626,840.1809150090573,820.1407690002022,827.4678344726562,4660498
2021-12-29,828.826415460621,849.0606656355334,828.7779040106411,844.3053588867188,6067054
2021-12-30,838.4825549340519,867.0627881264021,834.6006912538016,859.2505493164062,12354342
2021-12-31,855.465689604816,866.5290245417278,852.4572690122102,861.9193115234375,3606043
2022-01-03,861.9678138509466,888.4615207555327,850.8074561352846,885.3560180664062,5594214
2022-01-04,887.9763070357121,890.8391933147393,869.6344776563852,877.6893920898438,4102750
2022-01-05,878.2716629225424,884.9679015041389,865.8982223675563,877.252685546875,5448165
2022-01-06,868.8096190365319,896.7105143700145,858.9108547586667,894.4784545898438,5209239
2022-01-07,899.1366872479839,910.7337669980142,889.0438178481368,895.01220703125,4207773
2022-01-10,899.5248695193399,902.3876965482276,890.887699286402,893.6535034179688,2569322
2022-01-11,899.6218767896393,907.4341153294928,887.0058202650812,890.8391723632812,3383081
2022-01-12,900.5924461092721,918.6430899783585,892.9257410323502,913.7422485351562,5506622
2022-01-13,920.0016945798332,921.9426264249382,898.6514442836767,899.7189331054688,2109207
2022-01-14,891.955181782284,899.2822466869067,886.2779799807603,892.8771362304688,2557488
2022-01-17,891.8581439530572,904.3771775013432,885.3074992613454,893.3138427734375,3048497
2022-01-18,893.3139031928783,899.961571229217,868.9066609606976,873.0797119140625,3088062
2022-01-19,870.5079607062736,877.1071173467249,858.0374968908445,866.8687133789062,3628266
2022-01-20,868.567006295903,871.9151255968476,846.2462899329914,851.292724609375,3565267
2022-01-21,844.2084104282437,847.1683199284901,820.1408058620335,828.875,4042974
2022-01-24,833.6302418892253,843.6260292178733,806.9909400079569,826.109130859375,4657809
2022-01-25,817.4719160970892,860.7062187423924,817.1322767297056,858.1344604492188,5165597
2022-01-27,848.38134737631,867.2083513120522,835.6682078612188,861.8707885742188,4323258
2022-01-28,870.5079617932278,898.4088580045492,868.567029882875,876.864501953125,5520247
2022-01-31,900.0586480834054,900.0586480834054,841.0543307658578,846.3433227539062,10148990
2022-02-01,853.0395663731027,899.6219317723165,853.0395663731027,895.0607299804688,11628936
2022-02-02,902.6303608582019,952.803462567411,902.6303608582019,946.5439453125,14380553
2022-02-03,938.7802140673758,950.7655041025233,926.261238838193,930.0460205078125,5623611
2022-02-04,929.7063241437028,946.1557328526692,917.0902675530261,927.8139038085938,5000045
2022-02-07,923.9320155091225,931.0649751608901,900.737916860524,905.4931640625,2587054
2022-02-08,910.2970483445687,912.9658296696728,886.0353999345323,910.0059204101562,3160992
2022-02-09,914.4700074065607,942.7106006880598,912.6261577326899,938.5861206054688,4101202
2022-02-10,937.4700724663426,948.8730469502758,931.8898934635668,943.6325073242188,4037566
2022-02-11,926.79501165595,960.7613209836551,926.3582901180853,953.3858032226562,7171664
2022-02-14,930.8709466269157,936.3055322278635,909.5206958291999,913.7907104492188,3652419
2022-02-15,915.149339750931,943.2928507294856,895.9826383086395,941.060791015625,3985559
2022-02-16,937.567075396336,958.3835806446307,933.539677480501,939.7991943359375,3683264
2022-02-17,951.0566381097314,951.0566381097314,923.0101482520503,927.5713500976562,3152042
2022-02-18,921.94261359912,937.4700681439473,920.5839376334322,927.1345825195312,2417043
2022-02-21,923.8835299665664,943.2928478230068,920.9721322881003,924.3202514648438,3535914
2022-02-22,897.6810165905661,921.7970721000095,895.7400846628027,911.3645629882812,2866135
2022-02-23,916.1198148285703,932.4236301951134,915.2949425018776,922.6219482421875,3507003
2022-02-24,892.3434845068361,906.7063694201981,843.1893580511528,849.78857421875,7305449
2022-02-25,872.157725296568,902.3391914091573,868.5669895825124,899.67041015625,4821342
2022-02-28,888.9467331541281,897.4868209274423,876.3306768975739,893.5079345703125,3299912
2022-03-02,880.212613667754,885.6957699596929,861.3370391576981,879.581787109375,4507940
2022-03-03,890.8876739025247,898.6514009082111,879.7273163318504,885.3074951171875,3731807
2022-03-04,869.5374719575982,895.6430291279125,864.6851423149777,875.2632446289062,3623960
2022-03-07,852.0690646713692,870.459405419383,801.1196046540038,809.7567749023438,6323502
2022-03-08,806.5542189762856,822.7610120194937,791.9002069764772,815.8707275390625,6163433
2022-03-09,837.5120841036377,854.0100046479736,813.4930527229135,849.497314453125,6967640
2022-03-10,882.9298475067036,900.5923384038027,864.3939728554159,877.59228515625,6312569
2022-03-11,873.419360358331,888.4615826756134,866.5775872153656,875.11767578125,3451877
2022-03-14,872.4488774736018,887.0058665304472,865.9467438483695,880.7948608398438,3718477
2022-03-15,889.820270836893,894.7696235867093,861.0459311576006,870.1683349609375,4390735
2022-03-16,885.064984151826,908.356167945295,884.6282626091897,901.2232666015625,5705364
2022-03-17,916.0713694609395,921.4574437786983,902.0966357200939,904.9110107421875,4492246
2022-03-21,910.297021626117,910.297021626117,884.0944421123589,886.423583984375,2363059
2022-03-22,888.9467458564419,904.474199932537,876.9129452544537,900.3012084960938,2764481
2022-03-23,905.4447373453379,916.5565843929224,900.6894304658347,903.8434448242188,2433056
2022-03-24,894.7695846923192,910.248528074448,888.1704282352395,897.4868774414062,2923793
2022-03-25,902.5332901062753,905.7358157407899,888.9952789081735,898.89404296875,1984601
2022-03-28,895.7885765539212,915.0523610558511,893.071283760896,907.53125,2654339
2022-03-29,912.1893934243809,916.6050012237905,894.1872636375356,901.7083740234375,3351562
2022-03-30,911.60719616711,917.0903526564327,895.6915896076246,898.942626953125,4849869
2022-03-31,902.5332642897887,910.7337127849505,896.7104690363062,907.7738037109375,2311242
2022-04-01,901.9995215393516,942.273855448925,901.7083936226571,939.9932250976562,5222165
2022-04-04,946.2043098041119,965.4195239413178,929.7548999563936,958.0440063476562,5033678
2022-04-05,964.6431498141696,964.6431498141696,939.4110352315053,944.5059814453125,3827808
2022-04-06,938.4405545746521,949.8435292553679,932.61775899301,939.7021484375,2406015
2022-04-07,932.1325082312117,957.7528319942988,931.6472752753391,943.8751220703125,3182285
2022-04-08,942.3224318447963,960.7612847851167,939.653650498171,956.4912109375,2659878
2022-04-11,954.5502793537365,969.3984556911876,947.9511227773919,951.4933471679688,2413145
2022-04-12,948.1452309614732,958.480716998133,937.4701055361137,956.0059814453125,1963842
2022-04-13,962.702245887637,966.8267262757645,952.9975861508665,954.3562622070312,2060127
2022-04-18,943.2928581593441,953.9679830973613,937.5670856359377,948.5819091796875,1575552
2022-04-19,950.959558492142,959.7422630349927,922.9130703071434,935.3350219726562,1747142
2022-04-20,937.0333378216509,953.7253631467896,924.368769674197,943.8265991210938,2421543
2022-04-21,947.2717360234981,963.3815054133373,947.2717360234981,960.0333862304688,1957820
2022-04-22,951.0566213719262,958.8203488933297,928.8329276488926,931.501708984375,1942893
2022-04-25,917.0902721289119,930.1430502824394,903.5037495788539,918.594482421875,2096910
2022-04-26,933.58823864475,954.3076628676022,929.8033977680388,951.4933471679688,2673266
2022-04-27,941.4489206023372,950.8624514259241,938.5860936602853,945.718994140625,1476543
2022-04-28,949.1156745152233,963.1389189759899,943.2928789660501,959.1599731445312,2003774
2022-04-29,960.7613224410844,979.685409095227,946.3984377500899,949.6494750976562,3476442
2022-05-02,943.2929149218701,995.698076861974,937.9068406800899,988.0313720703125,8962019
2022-05-04,995.2128026654077,998.6094333912282,942.3224099347741,949.4067993164062,4565643
2022-05-05,965.6135737029166,965.6135737029166,904.4742218001188,909.1324462890625,4679266
2022-05-06,891.8581554741546,906.7062717873365,875.845468243117,888.364501953125,3713381
2022-05-09,885.8413241627584,885.8413241627584,854.9805182122743,863.423583984375,3283626
2022-05-10,861.7737672205257,892.828677750995,861.7737672205257,883.8518676757812,3972560
2022-05-11,883.9973980013083,900.5923409354446,864.9762311230634,896.0796508789062,4209334
2022-05-12,888.9468317078575,889.4320646945977,830.7188732990459,844.2083740234375,4776857
2022-05-13,859.8328212495124,867.7421423388982,843.0922838154785,846.5859375,2932319
2022-05-16,850.807540934834,872.2548155112955,839.986821508573,859.73583984375,1971123
2022-05-17,863.7146496128825,878.271638089504,861.8707407128286,877.1555786132812,2038983
2022-05-18,880.2125884541748,890.839202112781,872.497372552308,876.476318359375,2665522
2022-05-19,861.7737097537879,864.5395138454558,834.6976877475628,840.6660766601562,2656251
2022-05-20,861.7737446841885,873.4193358285695,855.1745882155473,870.022705078125,2286465
2022-05-23,873.4193322088545,894.7695825517376,872.400354834452,875.7484741210938,2577890
2022-05-24,878.6598534389514,889.9172342357228,868.8581122660798,871.4298706054688,2149695
2022-05-25,880.988942508199,896.2252691634409,863.2779396254347,866.9656982421875,3664893
2022-05-26,875.9425396938583,880.01850851602,851.5353566767908,871.0902099609375,3909078
2022-05-27,881.522722032841,899.6219356942476,878.4657898297152,898.0692138671875,2509528
2022-05-30,908.3561268975776,918.4975078958803,904.5712860091547,908.5502319335938,2036338
2022-05-31,898.6514184010723,912.1894294772719,898.6514184010723,903.358154296875,1249259
2022-06-01,903.3581716189638,910.6366659680424,891.5670463129795,900.9320068359375,1144864
2022-06-02,893.7990917772095,917.0902733218924,893.7990917772095,915.100830078125,1735855
2022-06-03,921.9426342160991,925.6303929064555,894.769588154993,897.0016479492188,1398174
2022-06-06,892.8286743985532,906.3666862536046,891.3729754729034,901.3202514648438,1417254
2022-06-07,896.9531169623748,902.4847844936924,889.4320061628525,896.4193725585938,929573
2022-06-08,901.5628383878998,910.297031655382,879.7758666686166,886.7147216796875,1905868
2022-06-09,881.1830323191867,896.2252536858689,879.581739900041,893.1197509765625,1031195
2022-06-10,885.550215183678,897.6810400492078,876.5734047831859,886.2295532226562,882217
2022-06-13,868.5670275600755,873.7589967133679,834.697742121979,839.8897705078125,3353078
2022-06-14,838.4824847106647,844.2567682979452,815.4824324849417,819.2672729492188,3770890
2022-06-15,826.8369248152968,831.6892541862786,803.5457438345842,818.3938598632812,3911673
2022-06-16,828.7779208331178,834.0184606531819,781.3706828953405,785.689208984375,3141825
2022-06-17,786.0774516366937,797.5774499213243,773.2187772735009,783.0690307617188,2624540
2022-06-20,790.5415210752465,790.5415210752465,746.7735314254576,760.893798828125,3103978
2022-06-21,772.5393601854922,785.4951153615037,760.3115136597983,775.2566528320312,3425596
2022-06-22,776.0331119909841,778.1680896712379,745.0267133863694,754.682861328125,3066728
2022-06-23,757.9339205315202,770.8411060512976,740.6596381584882,761.7672729492188,3888446
2022-06-24,770.5014503463798,791.754619042824,769.0942628769423,782.6807861328125,4706175
2022-06-27,795.0056584767441,805.1955501877029,793.5014482135384,799.1786499023438,2569316
2022-06-28,794.8116249179509,799.1787217581593,788.0183631665154,792.4824829101562,1280737
2022-06-29,781.2250830649399,793.2103137518642,764.9212670909623,784.912841796875,3774208
2022-06-30,787.8242297185615,792.5795364661091,766.9107007844249,770.8895874023438,2686640
2022-07-01,769.5794194628196,786.0773389216695,759.8747609576138,783.3600463867188,2796110
2022-07-04,788.794715185493,815.1914009681116,787.241993352856,807.4276733398438,4711395
2022-07-05,808.3980838789932,814.2208792010508,796.8010046827212,799.71240234375,1836183
2022-07-06,805.2926166926721,815.1913810230311,800.6829035261728,811.84326171875,1660551
2022-07-07,816.1618483628683,837.9003089207217,815.433998914269,835.5711669921875,3868679
2022-07-08,841.3939500823608,841.8791830408858,821.2082708542283,823.537353515625,1342616
2022-07-11,820.043693450839,834.6006820919781,818.1512730809832,832.9993896484375,1503503
2022-07-12,824.896028387815,835.7167470414472,820.0436988090632,822.0331420898438,1221366
2022-07-13,830.864365132946,830.864365132946,766.1827922289625,794.8600463867188,10850036
2022-07-14,798.7904952701133,805.2926289451391,789.6681509308216,796.655517578125,2463571
2022-07-15,799.8094855726821,804.5162214381412,787.2419404721047,790.9782104492188,1365475
2022-07-18,801.6048787390175,828.0015645585297,798.8875859118341,825.9150390625,2536142
2022-07-19,816.1618826614731,846.0522227602362,815.1914166892241,842.4614868164062,2608372
2022-07-20,859.832760615366,870.9446066707287,847.0225992879075,853.3306274414062,3995680
2022-07-21,876.3307636894565,933.5882554476824,866.2378939916001,920.0987548828125,23581540
2022-07-22,921.9911792706276,927.7654636155803,910.9279027963269,914.6156616210938,4842122
2022-07-25,912.2379572378953,937.9553039047083,911.8012357310078,933.63671875,6043152
2022-07-26,930.6768244885037,941.2549267914515,923.7379694137436,933.2000122070312,2983144
2022-07-27,932.326672430424,954.6959012693108,927.0376210292342,950.862548828125,3405140
2022-07-28,965.0798556116231,989.8752482683066,959.8878273483391,987.6431884765625,7001490
2022-07-29,992.0103006015804,1018.9406713367108,988.662181245578,1012.6812133789062,5862550
2022-08-01,1009.2845821965708,1016.9512868505033,994.2909307413177,1009.43017578125,4299697
2022-08-02,1002.4912791070069,1040.2424264759782,1001.5693838839845,1035.729736328125,5074834
2022-08-03,1032.1390131495923,1038.3984705627508,1020.4934228255241,1027.0440673828125,2753893
2022-08-04,1029.761391073145,1041.164365932727,1012.9724012951073,1019.1832885742188,2142720
2022-08-05,1024.3267453297476,1026.510293578911,1003.025066462828,1005.69384765625,2382020
2022-08-08,1005.6939067038847,1026.4617831654414,1003.1706004735292,1019.1832885742188,2057991
2022-08-10,1014.525191569843,1035.9724667194478,1012.2446201370615,1031.702392578125,2727232
2022-08-11,1047.4038991019188,1062.4205935522168,1045.7897002829832,1055.7681884765625,3998702
2022-08-12,1053.7626888277603,1064.426049338845,1052.1974522894116,1056.990966796875,2463516
2022-08-16,1061.4422808717068,1073.0839297716989,1051.7572076046579,1060.9041748046875,3083931
2022-08-17,1059.4856019038752,1071.2250545565498,1058.507314182819,1064.9639892578125,1768441
2022-08-18,1058.9965543386327,1083.4047874304874,1058.0672286870802,1081.1058349609375,2407824
2022-08-19,1080.9590936999643,1080.9590936999643,1036.9851033585235,1040.2135009765625,3660413
2022-08-22,1032.0936641440494,1044.1266522617464,1022.7999297275863,1034.245849609375,2662510
2022-08-23,1012.5278440654832,1055.4747011421912,1011.6473611866649,1047.795166015625,3030759
2022-08-24,1053.6159518941724,1081.0080100678372,1053.6159518941724,1077.975341796875,3685015
2022-08-25,1084.9212212743607,1095.4378156194457,1059.192203155168,1066.2847900390625,3775014
2022-08-26,1074.1600695255902,1077.779686837086,1041.5341933014852,1046.5234375,3662548
2022-08-29,1027.202192563622,1039.8221290990973,1018.397602341648,1036.202392578125,1642550
2022-08-30,1048.52892033843,1085.7038570408724,1046.7679545161443,1083.40478515625,3200407
2022-09-01,1073.8177067964114,1096.6607047281323,1071.2252200511193,1087.2691650390625,3487969
2022-09-02,1092.698557065125,1095.1932388295268,1071.2251867068617,1076.850341796875,2428618
2022-09-05,1075.6274248804857,1088.2962039903828,1072.7415236685465,1083.94287109375,2419887
2022-09-06,1090.7907999194124,1094.4593788429083,1073.7685698304147,1084.7254638671875,2516672
2022-09-07,1071.2251914295987,1076.1166306598707,1062.4206008151089,1066.2847900390625,3165749
2022-09-08,1079.051355439701,1090.790808082744,1073.5729680902584,1084.236328125,2995969
2022-09-09,1094.7040140376293,1124.5907531629146,1092.307256770384,1112.4599609375,4751837
2022-09-12,1119.454697075515,1120.139450718479,1103.5085593104318,1112.1663818359375,1918731
2022-09-13,1120.1395139424262,1140.243375694242,1112.1176018725434,1138.5313720703125,3571187
2022-09-14,1123.661459189738,1198.4026787091302,1117.4983170654655,1189.353515625,9043198
2022-09-15,1192.5328855907621,1193.5111734378424,1159.3200609503508,1169.885498046875,4063705
2022-09-16,1169.8854715995626,1223.8870311895314,1159.27107258268,1200.7015380859375,16270762
2022-09-19,1199.380802410514,1228.7294354221906,1191.5545002740669,1199.13623046875,6074889
2022-09-20,1214.2998323259305,1248.0997263834088,1213.0769724746456,1236.6536865234375,5704241
2022-09-21,1232.6426116276546,1237.534050562685,1195.272065931981,1197.6688232421875,6121456
2022-09-22,1192.5328658160795,1211.6094785178134,1178.8368361840655,1190.1361083984375,5463724
2022-09-23,1183.728254468252,1187.5924435640525,1150.515430964148,1157.6568603515625,4197496
2022-09-26,1144.5967437509842,1154.379621902702,1111.0414239226322,1124.6396484375,5082576
2022-09-27,1141.1237652420268,1152.423037186132,1115.835049303204,1139.8031005859375,4493527
2022-09-28,1130.1179834901307,1134.8138125514045,1108.4000427765009,1116.1285400390625,4898528
2022-09-29,1134.813950844003,1149.2926593641141,1112.6068635394156,1117.4493408203125,4998273
2022-09-30,1116.2264009917235,1166.4126138524753,1104.2913373730935,1159.4666748046875,4392250
2022-10-03,1152.4230232263512,1160.1515206956346,1128.0147904938879,1131.145263671875,3397982
2022-10-04,1159.17330192416,1195.467757418431,1150.613283202874,1192.7774658203125,4446589
2022-10-06,1198.4025170127425,1208.1364325462355,1171.3039935796771,1174.8258056640625,2773277
2022-10-07,1174.9236507251935,1191.4077763122543,1156.8253263801344,1187.054443359375,3338767
2022-10-10,1167.1952276587162,1190.478526609912,1157.559116074006,1184.0218505859375,2547644
2022-10-11,1188.6196945768434,1189.5490202326268,1136.7704404101169,1139.31396484375,21664338
2022-10-12,1149.5371251211425,1166.2168604296498,1130.9984996920518,1163.233154296875,3412460
2022-10-13,1163.2331828304502,1170.7659512939197,1141.6618885815785,1158.537353515625,1982808
2022-10-14,1175.1682031003752,1189.9403247871062,1153.5969096480353,1155.94482421875,2918993
2022-10-17,1152.4230717922799,1177.662945750598,1138.7270420765822,1173.60302734375,3419791
2022-10-18,1180.7933750023951,1201.9733297635923,1176.9780286971154,1196.6905517578125,3451130
2022-10-19,1201.239657290328,1204.9570794138933,1183.728281148042,1191.9459228515625,3896969
2022-10-20,1187.6413962499646,1187.6413962499646,1125.1287815749035,1134.764892578125,11242103
2022-10-21,1140.6836781759548,1143.6185418419307,1114.3677100870561,1117.4493408203125,5309754
2022-10-24,1134.8138658071337,1134.8138658071337,1118.182972946167,1120.9710693359375,674170
2022-10-25,1120.9710594290525,1128.014803289268,1097.443309329734,1112.75341796875,3514202
2022-10-27,1125.0310063935995,1128.552818703547,1110.5522987172692,1117.69384765625,2590606
2022-10-28,1120.1394938009141,1135.7920980811016,1112.8023355445762,1122.0960693359375,2778938
2022-10-31,1129.9224065921492,1134.4225065785802,1114.2208396676501,1117.840576171875,2048520
2022-11-01,1121.6069437821236,1134.7160239649952,1120.1395121068742,1126.156005859375,2664189
2022-11-02,1121.117875611826,1132.563795683881,1110.356709266512,1113.4871826171875,1947283
2022-11-03,1108.840326764598,1125.9603643086625,1100.8184140833414,1123.074462890625,1742221
2022-11-04,1128.6996132974998,1132.8573366834278,1117.3025358967989,1127.67236328125,1571565
2022-11-07,1132.8573687673486,1132.8573687673486,1114.5144709569963,1119.30810546875,2601148
2022-11-09,1130.9007492928633,1147.4338377642569,1119.1612951479547,1124.052734375,3456108
2022-11-10,1118.1830317335175,1132.6617399298752,1093.7258350639306,1102.872802734375,2072769
2022-11-11,1115.248046875,1136.2322715679804,1106.0521180431049,1115.248046875,2198448
2022-11-14,1120.8242835742608,1134.8138468682682,1109.5251311474676,1127.9168701171875,2007506
2022-11-15,1132.7105309072574,1142.3956042297943,1122.2428989789992,1127.819091796875,1802234
2022-11-16,1126.0092428172861,1132.857257326166,1111.334926012543,1119.259033203125,2331206
2022-11-17,1116.666532563997,1127.721232185081,1112.8513057789219,1121.60693359375,1721557
2022-11-18,1126.351616177925,1126.351616177925,1097.6388936026894,1104.14453125,2082130
2022-11-21,1095.2421259405428,1117.2536008714374,1092.7474443470835,1114.269775390625,2602264
2022-11-22,1118.183063396914,1147.7762722051,1113.780767871729,1144.0098876953125,3927395
2022-11-23,1150.4663714914595,1157.31438560748,1135.7920555285582,1148.8521728515625,3265438
2022-11-24,1154.3795779610318,1161.1786302497087,1142.2487856306827,1150.0262451171875,3496170
2022-11-25,1154.379619861666,1167.8800394551265,1150.5154307665293,1161.325439453125,4715695
2022-11-28,1154.3796273168878,1179.2770045618215,1153.1078053832396,1171.842041015625,2846018
2022-11-29,1166.1190575377593,1173.7985928833698,1152.8632100805078,1154.966552734375,1875146
2022-11-30,1154.379643882509,1157.9992610996037,1137.7487507079304,1142.444580078125,2421938
2022-12-01,1149.488202105757,1155.308966935694,1136.868265194403,1148.412109375,2693170
2022-12-02,1144.2543551018555,1160.0047648797472,1141.7108306926136,1153.1077880859375,2299901
2022-12-05,1156.3362052276113,1171.9888103745163,1154.2328625270159,1169.5430908203125,3842074
2022-12-06,1172.9180521587764,1181.7716040798143,1153.4012592798852,1158.3905029296875,3130375
2022-12-07,1158.292760166246,1163.1841991872182,1136.2323224137015,1139.3629150390625,2752097
2022-12-08,1139.7053024655056,1168.369183162426,1137.797688997579,1164.9940185546875,3666432
2022-12-09,1169.5429771248862,1189.5978755197505,1163.4286788337693,1176.3909912109375,6171282
2022-12-12,1175.2172072679082,1193.413336856582,1169.2985181822303,1180.548828125,2790292
2022-12-13,1186.4674953077226,1214.0062014276787,1183.2390977896964,1208.136474609375,4161518
2022-12-14,1214.7889012113517,1229.707790475272,1206.2288827812333,1225.94140625,3913725
2022-12-15,1225.5500554762116,1245.8984897170549,1208.1854468274767,1212.685546875,3097282
2022-12-16,1208.185380274995,1221.6857990937979,1181.967220611192,1202.853759765625,1944616
2022-12-19,1207.158228829359,1214.7399595669328,1185.7826634725668,1196.984130859375,1382378
2022-12-20,1188.6196149447483,1207.5494590024825,1183.679214044717,1201.9732666015625,1245359
2022-12-21,1209.1636930523937,1211.2670356581061,1165.0917809057867,1175.706298828125,1495106
2022-12-22,1181.6248913887887,1182.5543364476146,1144.7923319581605,1154.5263671875,2126536
2022-12-23,1134.8627949567572,1154.0860544333484,1118.1829404222208,1122.9276123046875,2621761
2022-12-26,1125.030943809676,1181.7716348887727,1116.2263538146437,1169.7386474609375,2100374
2022-12-27,1175.559631031483,1183.679348618773,1159.2711142760286,1176.244384765625,1462244
2022-12-28,1171.988835465429,1200.3591829015704,1168.0756840949268,1187.7882080078125,2834356
2022-12-29,1179.8151049503247,1208.08764668925,1175.7063438950743,1204.4190673828125,3134405
2022-12-30,1211.1202617213164,1211.1202617213164,1185.195635763631,1193.60888671875,1767556
2023-01-02,1193.6089676122572,1204.3701338334347,1185.4402880465257,1199.7232666015625,2587946
2023-01-03,1199.9189764775963,1222.713011090329,1195.7612532318942,1214.0062255859375,2195814
2023-01-04,1230.6860924574598,1245.7517489518098,1179.9129301008704,1196.5438232421875,8001367
2023-01-05,1202.5603754095157,1205.739811016659,1177.6629966538485,1189.4512939453125,2364186
2023-01-06,1187.6414185935423,1191.261035775167,1150.564286171922,1156.2384033203125,3029739
2023-01-09,1164.3093471097147,1197.033029007677,1162.2549664406786,1192.1905517578125,2836421
2023-01-10,1188.6196573419688,1204.4190289346498,1178.8367795037634,1200.897216796875,2442613
2023-01-11,1205.6418267555907,1211.315823958457,1181.184633415936,1186.9075927734375,2675249
2023-01-12,1187.6414005068166,1198.1579944569387,1171.3040418592375,1182.896728515625,1862790
2023-01-13,1186.6631274781316,1210.4355693085142,1183.826068911805,1207.5985107421875,2184432
2023-01-16,1213.0768554884507,1222.859733355293,1205.8375019830082,1212.3431396484375,2398823
2023-01-17,1213.0768535494549,1213.0768535494549,1186.3695492477061,1203.6363525390625,1803413
2023-01-18,1205.2505126354251,1211.1202391580002,1191.55448408275,1196.4459228515625,1865108
2023-01-19,1188.6197321052177,1217.9683674658404,1157.5590930152255,1174.4835205078125,9691261
2023-01-20,1182.3586571738779,1201.3374651158776,1172.4779738936315,1176.3421630859375,4144033
2023-01-23,1186.3696378262412,1193.6579540214977,1174.4345737246151,1178.5433349609375,1848813
2023-01-24,1180.1086665277796,1193.3155523383223,1172.3312065651855,1185.9783935546875,2472106
2023-01-25,1183.7281327428966,1184.7064204559072,1126.3515344908442,1131.04736328125,3420414
2023-01-27,1137.7976721587966,1143.27605994808,1081.9863054694695,1092.1605224609375,4781085
2023-01-30,1085.8995014066022,1100.3782091933178,1032.0936702558247,1065.4044189453125,7991091
2023-01-31,1073.2307216452623,1074.991568103689,1045.1537890113432,1059.436767578125,6080048
2023-02-01,1070.2467948120848,1094.703988477809,968.5048691626727,1019.2290649414062,7563064
2023-02-02,1012.4301153215522,1057.5291611208957,1006.0712443249881,1052.5399169921875,4494575
2023-02-03,1085.8995084445376,1106.4435531988936,1055.5725852357261,1079.589599609375,9207051
2023-02-06,1084.9211444068576,1110.3566266021492,1076.5567361477558,1104.6336669921875,2865938
2023-02-07,1109.3782982294413,1123.2210936477636,1098.1279892085959,1118.0850830078125,3603258
2023-02-08,1119.1612689173817,1126.2538556303634,1111.33496633754,1120.48193359375,1675932
2023-02-09,1125.1777199196836,1142.8357427888473,1113.5850335501973,1138.5313720703125,2284751
2023-02-10,1134.8138953277512,1141.6619102133498,1122.1939582974535,1135.98779296875,2126093
2023-02-13,1139.7053615906573,1144.596800910789,1123.6614167366447,1132.221435546875,2112106
2023-02-14,1135.4986842244634,1136.7705062248633,1112.31330944722,1131.7322998046875,2433798
2023-02-15,1129.9224265234075,1135.254047348134,1120.1395483716897,1124.6396484375,2050158
2023-02-16,1130.2647625054599,1130.9984783403083,1118.867685986836,1123.416748046875,1918858
2023-02-17,1117.2047430346986,1119.063513864184,1084.9212434548867,1090.4974365234375,3146155
2023-02-20,1092.9919391010792,1098.4214836352103,1079.834017228479,1085.214599609375,1613608
2023-02-21,1085.8994878531314,1088.002830564935,1072.2034582766055,1077.82861328125,1767689
2023-02-22,1072.937199250699,1073.1328090526943,1055.7681997190268,1069.0240478515625,1983022
2023-02-23,1068.9750354517419,1073.7198268361233,1043.4907098145134,1052.246337890625,3193602
2023-02-24,1056.5997211310414,1065.9912595490732,1046.3765425982738,1055.71923828125,1862986
2023-02-27,1056.5019203853315,1066.186994025984,1043.8821026019552,1058.45849609375,2047252
2023-02-28,1058.996610756188,1066.2359648199342,1044.8603989163653,1054.30078125,1360243
2023-03-01,1053.6650431655767,1082.5245365634967,1046.8658705266625,1076.556884765625,4006038
2023-03-02,1076.0676923246872,1086.3886770970385,1069.6599784431003,1078.1221923828125,3831094
2023-03-03,1084.9211284264406,1108.5956445069235,1080.7634054365287,1101.943359375,3365349
2023-03-06,1107.4217919368887,1115.2480943534038,1092.4050980591799,1096.269287109375,3623590
2023-03-08,1085.5570295400155,1153.4012613603097,1081.5460736347002,1148.75439453125,7227479
2023-03-09,1148.7544560149313,1156.9720974680192,1137.0639645030283,1144.401123046875,3086720
2023-03-10,1130.0201396825564,1137.0149208771575,1113.2914432851842,1119.94384765625,3255900
2023-03-13,1094.7040617599105,1095.1932056659696,1032.0936417843661,1037.0828857421875,12242080
2023-03-14,1037.0828471501127,1058.898712316486,1029.3543498379956,1040.898193359375,5410127
2023-03-15,1056.3553038631508,1062.9587470735994,1017.419398350616,1021.6749267578125,4117107
2023-03-16,1017.419294677534,1019.3269080870963,980.146554016115,995.7012939453125,9261210
2023-03-17,1015.4627491167397,1016.0496979201106,984.4021110777643,998.3427124023438,5324960
2023-03-20,997.8536097670379,997.8536097670379,968.7006436981874,980.5379028320312,5439347
2023-03-21,985.4782015423057,1007.5874821648371,974.3746587825286,1000.6416625976562,6200518
2023-03-22,1005.6799050476129,1021.3325105736458,1001.9135207268919,1008.7615356445312,2992139
2023-03-23,1005.8266135163765,1023.4846364448646,992.2283893737869,996.1415405273438,3703523
2023-03-24,996.8752637395305,1002.6960283555268,982.8368577563241,987.6304321289062,2709449
2023-03-27,991.9838805958638,998.7829931001236,982.2010020890011,990.8588256835938,2116764
2023-03-28,995.6035317822,1015.854101708559,985.3315096162157,1013.6529541015625,4396283
2023-03-29,1008.6147820673614,1040.8493192355,1002.7450549166299,1034.1480712890625,5803091
2023-03-31,1039.9199741308541,1052.6377160534328,1037.3764496303188,1044.762451171875,3097113
2023-04-03,1049.7027264538674,1057.6757952778255,1040.8981369495943,1055.327880859375,1534155
2023-04-05,1065.3554082115165,1065.551018002458,1037.0828670664603,1044.0286865234375,2979782
2023-04-06,1044.028738442471,1069.708794325177,1041.1428370731376,1058.5074462890625,3458673
2023-04-10,1058.5073364334373,1059.4856241750579,1039.919869342647,1046.0831298828125,1602094
2023-04-11,1054.0073016022488,1054.692055295588,1032.1425931147753,1050.876708984375,1932390
2023-04-12,1050.1919351929591,1053.7137473282578,1034.5882928199505,1051.414794921875,3005913
2023-04-13,1049.7027081275078,1090.3016479106313,986.0651048190822,1085.214599609375,6082307
2023-04-17,1083.3559357362597,1112.0196966807378,1081.008021127659,1099.9378662109375,5360050
2023-04-18,1105.4652034691426,1124.5418153874155,1102.5793022545931,1121.998291015625,4455007
2023-04-19,1118.1830119835695,1121.020070631113,1094.2639218311474,1096.07373046875,2207739
2023-04-20,1094.6550940620982,1106.981615968327,1088.24738057709,1101.7476806640625,2530597
2023-04-21,1101.7476833053463,1111.090379654153,1084.2852697895228,1092.111572265625,1894300
2023-04-24,1106.198893441479,1116.2263430614437,1068.2902424391732,1078.0731201171875,7711772
2023-04-25,1095.6334432601557,1103.1173692883085,1088.9321952895516,1097.3944091796875,5268567
2023-04-26,1093.481228391206,1115.0525229370921,1090.937703902279,1113.095947265625,2688362
2023-04-27,1115.2481522302905,1123.5146368187727,1105.4652737019546,1119.89501953125,2990958
2023-04-28,1123.8081501731624,1132.4171308869545,1110.3566924453007,1127.770263671875,2239678
2023-05-02,1133.7866444840797,1136.6237031042706,1125.0310160833917,1125.9114990234375,2000569
2023-05-03,1117.6938738842173,1134.7161064382947,1115.5416883720518,1121.2646484375,1816420
2023-05-04,1121.2646040728048,1126.009276095919,1104.486944146214,1109.96533203125,2752160
2023-05-05,1106.443624513419,1129.8735721540281,1042.2189994364167,1049.9964599609375,8504838
2023-05-08,1063.3988091980339,1110.0142454631407,1063.3988091980339,1101.8944091796875,6764292
2023-05-09,1110.3566950045458,1124.9332076599514,1106.5413485562326,1115.8350830078125,4181498
2023-05-10,1129.9224316617615,1150.2708660778294,1125.0309925636586,1147.0914306640625,6466598
2023-05-11,1149.4882108518143,1173.9454068273849,1143.8630557774331,1161.6678466796875,6086958
2023-05-12,1166.6082206599744,1187.6414087054163,1150.515433853631,1182.4075927734375,3983609
2023-05-15,1182.3585998920396,1196.103591118589,1170.032197613866,1193.0709228515625,3323300
2023-05-16,1193.0708496317309,1199.4785626152843,1182.407489484119,1193.8045654296875,2888698
2023-05-17,1190.6252728670352,1220.9032339868074,1187.641447163449,1209.310546875,4661849
2023-05-18,1220.9031271735369,1220.9031271735369,1203.9787011202413,1212.000732421875,2489971
2023-05-19,1216.011759146666,1223.8380616995005,1195.0763759338536,1220.9031982421875,2366675
2023-05-22,1219.9249045473161,1223.8380558048857,1205.7397312386265,1219.0933837890625,2106351
2023-05-23,1218.9466176293095,1239.392856849126,1217.9683298141977,1232.8382568359375,2142459
2023-05-24,1227.7512517546259,1248.1974917036835,1220.5608599410793,1244.1375732421875,2782379
2023-05-25,1241.398297891408,1244.2843186506384,1222.566257106552,1235.9688720703125,2589092
2023-05-26,1229.16958889274,1244.8221928058056,1228.631602285163,1240.517822265625,1981580
2023-05-29,1244.5777334488191,1266.882743810509,1244.3821236501678,1257.0509033203125,2985334
2023-05-30,1257.0509393520979,1268.0078350483575,1248.6866497916385,1265.1707763671875,1818000
2023-05-31,1261.0129536281763,1269.2305948980954,1249.5180721657007,1258.6650390625,2764078
2023-06-01,1252.2084162140104,1269.81759706702,1224.3272131967453,1262.1380615234375,3244947
2023-06-02,1268.3194198325446,1278.7535096095298,1257.044566373674,1274.0556640625,1912458
2023-06-05,1280.781084465939,1292.1053168049323,1268.5667098527463,1287.5064697265625,3040374
2023-06-06,1287.704197835411,1301.4516016664425,1285.7261575929604,1291.6602783203125,2902701
2023-06-07,1295.5668254668883,1298.3361300255556,1288.890939824022,1296.8031005859375,2679118
2023-06-08,1301.9954423995864,1309.3637144696613,1285.726110295915,1289.5338134765625,3215312
2023-06-09,1284.7371590253158,1321.7265363257009,1284.1437710886246,1316.435302734375,4233651
2023-06-12,1322.270414804737,1322.270414804737,1304.1219195612114,1317.81982421875,1904622
2023-06-13,1321.3308699719364,1328.1551328924909,1317.7209224162089,1321.578125,3756073
2023-06-14,1320.3913104699686,1321.5780862779038,1303.726225482771,1308.7208251953125,2858453
2023-06-15,1300.5613935760202,1305.456994636269,1274.3523616902678,1282.85791015625,5952095
2023-06-16,1282.8579241641921,1304.12185592633,1280.3359953931886,1299.5723876953125,3508045
2023-06-19,1295.6163889381073,1302.7867849837573,1276.429373994093,1287.11083984375,2679485
2023-06-20,1280.7809843902496,1300.9570178656381,1271.0885394596255,1284.1436767578125,2102065
2023-06-21,1283.5008651233081,1293.143811326315,1270.297470622113,1272.4732666015625,1490552
2023-06-22,1272.473233582452,1274.896405259865,1255.1160033054355,1258.725830078125,3185099
2023-06-23,1258.7258425358925,1303.5285016980897,1248.1433756775336,1294.33056640625,4636121
2023-06-26,1300.363706883147,1312.0340719043643,1291.5614036365537,1300.6109619140625,2236596
2023-06-27,1304.2702811861159,1306.4460771546749,1283.1052265056085,1301.5009765625,2638788
2023-06-28,1310.4516633423427,1332.16060675628,1301.797737263667,1319.40234375,5550351
2023-06-30,1327.1661099474895,1367.073047245779,1322.3693865592927,1359.5565185546875,4590286
2023-07-03,1364.7982154769843,1371.7708553553216,1352.583841595846,1365.19384765625,2890340
2023-07-04,1373.748980188158,1378.6940809087776,1348.3312107761717,1352.336669921875,2262047
2023-07-05,1356.2926666898716,1397.5842551555422,1356.2926666898716,1384.18310546875,5288351
2023-07-06,1379.9302686486512,1381.3642994747634,1358.3202040148801,1374.9356689453125,3337234
2023-07-07,1369.3478942515133,1378.6445870590276,1338.1442602890631,1342.19921875,2922616
2023-07-10,1346.303612932988,1357.3312112087958,1330.380413447603,1351.990478515625,1941110
2023-07-11,1356.935550019615,1368.4576580998175,1354.9575098592366,1365.7872314453125,2110648
2023-07-12,1356.8861116247897,1369.5951168096324,1336.1661883068484,1356.3916015625,4921224
2023-07-13,1368.8038834021454,1376.221534504397,1351.3971529615283,1361.1884765625,5174896
2023-07-14,1361.0894728980597,1368.7543790085253,1351.9905358718286,1361.8807373046875,3885754
2023-07-17,1364.847711030205,1389.3259580215074,1354.5618780474574,1375.232421875,4003275
2023-07-18,1382.6501354649006,1393.7271125786297,1367.3203235194744,1374.9852294921875,4106331
2023-07-19,1414.2987125067311,1427.5516057069879,1394.5183109332104,1403.9635009765625,8850582
2023-07-20,1410.3427181674351,1417.7603692096902,1402.628312791491,1409.5020751953125,4491531
2023-07-21,1406.436129340061,1414.6449240113056,1385.2215750354048,1391.8974609375,2138540
2023-07-24,1393.0348578901535,1423.5956041581308,1389.8700417552807,1419.9361572265625,2738185
2023-07-25,1421.2218786366898,1430.123059504978,1395.9029883128906,1399.908447265625,2982900
2023-07-26,1405.842550255609,1414.1998424042702,1395.7050943935576,1412.02392578125,1537232
2023-07-27,1417.4636150678061,1417.4636150678061,1389.7216726040167,1400.056884765625,3362598
2023-07-28,1399.6611565693277,1406.3370420504002,1382.2544274609734,1386.556640625,1565680
2023-07-31,1393.8754346670348,1404.3096448708895,1380.672040659165,1402.1832275390625,1721385
2023-08-01,1405.1503766270973,1407.5734277000363,1374.0951198039265,1379.2874755859375,1578914
2023-08-02,1374.7379100678734,1378.8423675424913,1354.0673662668978,1366.083984375,1913777
2023-08-03,1361.1389306649571,1365.4411440109782,1339.182732445956,1349.5179443359375,3631489
2023-08-04,1355.0070089368764,1399.3645353802167,1351.2981836367646,1394.1226806640625,4063355
2023-08-07,1394.5183378461184,1402.0843657400053,1383.9852496589417,1399.710693359375,2792582
2023-08-08,1399.710766015909,1405.348132573788,1386.903003377044,1388.5347900390625,1846797
2023-08-09,1389.5732804114953,1394.9633918193135,1376.7160187422073,1392.9853515625,1218020
2023-08-10,1387.0511529381304,1418.2547845299302,1384.7269799128273,1414.4964599609375,3730443
2023-08-11,1416.0295184100116,1416.0295184100116,1377.457734776004,1381.9083251953125,3074690
2023-08-14,1379.6830228050612,1382.155573025142,1363.9082006929425,1373.6500244140625,1783022
2023-08-16,1368.8038537688315,1372.8094335693297,1351.9905116343878,1365.5400390625,2051360
2023-08-17,1365.9850904652694,1375.9741690016917,1354.9574925659067,1359.2103271484375,3329471
2023-08-18,1353.9684880242585,1361.880648655518,1345.9079502351651,1356.6387939453125,1720129
2023-08-21,1359.9026852149261,1384.62818858247,1351.1992597375518,1382.452392578125,1763990
2023-08-22,1387.5951659233606,1389.177573898159,1378.7928631054324,1385.7655029296875,1224910
2023-08-23,1385.7655646639325,1392.5403283369021,1376.8643835879154,1385.6171875,1681561
2023-08-24,1392.7876107007648,1419.2438994181414,1386.8534898669607,1409.5020751953125,3559546
2023-08-25,1402.3809677600561,1405.8425380242984,1373.7983841621626,1385.7655029296875,1862535
2023-08-28,1384.628173356219,1395.75464974926,1378.4962968804966,1393.974365234375,1072295
2023-08-29,1393.9743035644813,1398.1776389047843,1377.1609622032695,1384.7764892578125,1831565
2023-08-30,1389.7216386397943,1395.4085043006414,1371.6225222445787,1377.1610107421875,1500390
2023-08-31,1377.160981309489,1386.507293633824,1348.2816428627423,1363.01806640625,4106180
2023-09-01,1366.8257674818935,1407.9689791732662,1361.0894026548788,1400.9964599609375,2792033
2023-09-04,1408.2162615639452,1411.8262091167924,1399.4634577234756,1406.1888427734375,998692
2023-09-05,1409.3537068220478,1414.101051810711,1400.7986584206021,1408.117431640625,1469938
2023-09-06,1406.1393670706618,1406.1393670706618,1381.1171095387213,1393.1832275390625,4046484
2023-09-07,1393.1832106602988,1427.353783232822,1382.6501222780614,1423.7933349609375,2278316
2023-09-08,1429.1340691562434,1443.9198716143394,1418.3537257342562,1432.9417724609375,2862657
2023-09-11,1433.1395789736314,1436.0571398845693,1416.0294834915512,1434.27685546875,2220230
2023-09-12,1434.1780531229742,1437.9363778742663,1409.4525501013038,1413.4581298828125,1943026
2023-09-13,1414.1998510554101,1443.6231987374545,1400.5019469527929,1439.07373046875,4302942
2023-09-14,1443.9198112273205,1451.7330939713543,1434.5241205081632,1442.238525390625,2407947
2023-09-15,1448.3210147171185,1448.3210147171185,1430.5680320218514,1434.0791015625,1647901
2023-09-18,1438.035259878047,1446.6891859605319,1429.28245592919,1440.9034423828125,1504046
2023-09-20,1425.1779204631528,1459.4474900248676,1406.6832934514282,1424.6339111328125,5683215
2023-09-21,1415.2877242921902,1427.7988523601282,1390.9083553496846,1395.8040771484375,2514377
2023-09-22,1400.452520328878,1447.4309770489501,1397.4854599044527,1436.9473876953125,4397398
2023-09-25,1435.5627397409326,1438.579299473655,1418.3537650806427,1426.9088134765625,2013653
2023-09-26,1424.18901412689,1428.0955954222525,1396.1503170572666,1407.4251708984375,2870137
2023-09-27,1409.3536247350519,1423.1999059605191,1402.7272384405749,1420.6778564453125,3697690
2023-09-28,1421.2219572613953,1429.48025137784,1393.9744038040851,1397.4854736328125,5876746
2023-09-29,1399.5129717096524,1424.1394761596123,1383.935904790584,1413.161376953125,2593595
2023-10-03,1416.2768337611406,1422.6065867731115,1404.408592137444,1419.6395263671875,1442499
2023-10-04,1409.2052917837711,1412.815239362513,1370.9796400554403,1385.9139404296875,3978667
2023-10-05,1393.2325270185138,1399.859033938356,1378.9907345668898,1386.457763671875,1647175
2023-10-06,1389.5237948689244,1422.2109587283587,1385.7160914828626,1419.046142578125,2167139
2023-10-09,1404.5074536099546,1429.1340788376544,1394.5183745059467,1412.86474609375,1613546
2023-10-10,1418.2547863539737,1420.5789593822658,1396.5458440180269,1404.9525146484375,1874201
2023-10-11,1415.2382830200004,1416.1779245657551,1399.0184497437515,1405.5953369140625,1855211
2023-10-12,1417.562619061497,1428.1450862981612,1405.3976230122487,1408.6119384765625,2069952
2023-10-13,1405.5953081488242,1450.200210935661,1404.4085323289935,1447.628662109375,4480890
2023-10-16,1446.7880088830343,1446.7880088830343,1428.5900151518194,1430.5186767578125,1913782
2023-10-17,1438.9254148050022,1442.436363837098,1409.8976980644513,1420.23291015625,1373704
2023-10-18,1421.221847058319,1428.1449875798278,1400.056793317994,1404.754638671875,3067244
2023-10-19,1435.5626902417057,1448.6177074069528,1407.4251163928996,1434.42529296875,13948984
2023-10-20,1432.1010610254355,1455.639786977932,1427.2548385375699,1452.9693603515625,5135316
2023-10-23,1452.8705811397538,1453.612346242446,1414.3482950986054,1419.243896484375,3319090
2023-10-25,1429.0846206111682,1431.0626609155431,1394.5679138838277,1397.188720703125,4045910
2023-10-26,1397.1392693689563,1413.6064781912457,1378.347887456072,1399.1173095703125,4194418
2023-10-27,1404.4085548308522,1428.6395475022296,1397.1886597428932,1425.4747314453125,2424655
2023-10-30,1424.1889320960454,1444.859476159271,1412.3206909952448,1438.6781005859375,2255111
2023-10-31,1440.0132787561413,1443.9693591922846,1420.7768859273924,1425.4747314453125,1454345
2023-11-01,1428.0462152173136,1429.7275011761774,1411.4801277455742,1416.8702392578125,2658439
2023-11-02,1431.1120907423883,1463.700254882984,1423.298807773401,1445.1561279296875,4524652
2023-11-03,1454.848583319417,1458.8046637635214,1432.1011207658162,1434.326416015625,3052041
2023-11-06,1446.9364157515995,1455.738718845096,1440.0132750063765,1454.1068115234375,2090640
2023-11-07,1453.4145036086697,1474.084926650494,1448.1726489043854,1470.0794677734375,2830149
2023-11-08,1477.5465409660442,1479.524581180587,1464.9860338956955,1472.6014404296875,3210977
2023-11-09,1472.6014443088334,1499.6512408979547,1468.5464860043378,1490.7994384765625,3207721
2023-11-10,1483.4806603274467,1492.8763513384035,1476.7553960418106,1482.3433837890625,2247500
2023-11-13,1485.5082513500226,1499.3545333199963,1479.7225076728548,1493.0247802734375,2026629
2023-11-15,1521.6074019004714,1521.6074019004714,1473.887182763846,1477.5465087890625,6293703
2023-11-16,1483.5302214126468,1490.0577302408626,1476.6070803793878,1482.195068359375,2728834
2023-11-17,1474.1840297981162,1492.4314032355373,1469.2389290584358,1481.9971923828125,4182376
2023-11-20,1482.4422231978278,1492.8763126118563,1474.332186097598,1488.2774658203125,2125867
2023-11-21,1488.9698104251074,1490.8983513927096,1477.6949567614422,1485.5577392578125,1661103
2023-11-22,1483.5302212433057,1488.9698320545313,1442.9308958966144,1454.2552490234375,3914008
2023-11-23,1458.8046161159266,1479.821292788783,1454.3045264657424,1469.78271484375,3832098
2023-11-24,1475.074011931122,1475.519143423798,1457.8156591028055,1459.991455078125,2813844
2023-11-28,1463.7497110480838,1470.4750958503005,1451.8814701476938,1461.32666015625,4305915
2023-11-29,1467.705875024952,1473.1949850463232,1455.0958683493673,1467.2608642578125,3477076
2023-11-30,1483.5301242909102,1483.5301242909102,1434.1286194440193,1450.0023193359375,45549217
2023-12-01,1462.7607979231548,1476.6070799859838,1442.1397519970126,1445.0079345703125,4063279
2023-12-04,1473.6399180110466,1500.887469485059,1457.2715874082567,1498.019287109375,4254987
2023-12-05,1503.1127545834136,1508.750120705065,1470.178337874847,1490.0576171875,3457904
2023-12-06,1500.3434824199155,1504.6456956823065,1476.9531330535935,1485.112548828125,3405245
2023-12-07,1488.4752823740448,1498.3159842877753,1479.6236005814928,1488.22802734375,1931490
2023-12-08,1493.4203553375135,1504.2500771719704,1477.6455329886937,1492.3818359375,2568088
2023-12-11,1496.1896990618914,1521.0634587159052,1493.4203944093986,1505.1402587890625,2194782
2023-12-12,1512.1128761276316,1512.1128761276316,1473.590470257308,1480.5631103515625,1621785
2023-12-13,1485.5081476200987,1496.041235529182,1478.5850071185403,1490.3543701171875,2562565
2023-12-14,1506.2776463659832,1537.431780220565,1498.958873314463,1534.6624755859375,3427500
2023-12-15,1535.8987506777557,1560.6737530340781,1530.063628540015,1553.5528564453125,3478643
2023-12-18,1552.7616237002846,1552.7616237002846,1534.959261135568,1539.261474609375,1352458
2023-12-19,1539.2614098378517,1568.6353792715877,1525.2667512645899,1549.3494873046875,2297704
2023-12-20,1560.673786696105,1563.6408471270863,1532.486712601784,1539.063720703125,3218717
2023-12-21,1525.1679110385526,1556.7176771807822,1510.7777406538178,1552.7615966796875,2400593
2023-12-22,1557.014419484357,1573.6298850226235,1540.7944654091484,1545.195556640625,2214206
2023-12-26,1545.788951901039,1565.3715986151376,1539.9043304651836,1553.5528564453125,1129332
2023-12-27,1555.8770395613456,1582.4322058701039,1550.0912959546322,1579.91015625,1887827
2023-12-28,1582.432122905409,1600.9267500498702,1574.519962290882,1592.8663330078125,3143161
2023-12-29,1597.267498017727,1601.1247006419112,1569.624433882731,1581.3936767578125,1779207
2024-01-01,1581.3936776710066,1593.7070506426287,1574.3222803742467,1581.2947998046875,1341121
2024-01-02,1576.5969207182122,1580.7013782882034,1552.761560401989,1558.300048828125,1227193
2024-01-03,1558.2011900016018,1587.32778407428,1540.8933380022188,1583.569580078125,2620296
2024-01-04,1575.5089830952004,1636.8282278860995,1575.5089830952004,1630.4490966796875,4271262
2024-01-05,1635.8393026599474,1635.8393026599474,1611.1137992944705,1625.1578369140625,2294140
2024-01-08,1615.069862016506,1631.9327034177397,1604.190640655709,1609.234619140625,1791003
2024-01-09,1614.0313555526716,1625.8502185638756,1603.2016334031132,1607.256591796875,1619091
2024-01-10,1602.2125780611038,1624.7127855616532,1602.2125780611038,1622.141357421875,1629958
2024-01-11,1625.8995689188819,1649.8833066951913,1624.5150373425956,1639.64697265625,1914421
2024-01-12,1639.646930323671,1659.4273321027183,1629.3117186861155,1655.61962890625,2161848
2024-01-15,1666.3011814928043,1675.8946285664556,1649.7350941345935,1670.306640625,2930339
2024-01-16,1670.306536972926,1673.1747193492258,1644.7898913620302,1648.7459716796875,1316138
2024-01-17,1631.8832183879367,1658.636261260174,1613.9324788396702,1625.8502197265625,6683398
2024-01-18,1616.9983726385842,1621.5973402735747,1577.5859455939753,1595.1905517578125,3557256
2024-01-19,1604.8828415254504,1613.8335215749175,1533.178885457314,1543.959228515625,10982524
2024-01-23,1518.1458634868268,1530.9042470067538,1412.3702113879992,1425.8702392578125,10097057
2024-01-24,1443.9198456075003,1479.3763127495938,1426.1669831179665,1474.4805908203125,9155544
2024-01-25,1473.6399946263227,1526.9975823813645,1472.2553422974531,1495.3984375,8118578
2024-01-29,1506.2776858865839,1520.8657330742576,1498.7116576059602,1510.0360107421875,3058020
2024-01-30,1513.200748757873,1527.4920408708115,1493.4698461101839,1503.211669921875,1721705
2024-01-31,1502.5192540869923,1531.0030806231398,1490.601634586027,1517.206298828125,3867886
2024-02-01,1520.8657009753824,1530.5581465163216,1506.8216634576909,1524.2283935546875,2240634
2024-02-02,1533.9701422581754,1547.668046203909,1512.7557098593668,1516.9095458984375,3554450
2024-02-05,1515.9205613257639,1532.981158085098,1505.0908395009662,1520.9151611328125,2624023
2024-02-06,1532.9812067127525,1533.4262174807673,1487.6346577440554,1494.8050537109375,3312270
2024-02-07,1505.684187678572,1505.684187678572,1475.815708948747,1498.7115478515625,4066189
2024-02-08,1505.9808845208283,1524.0305016639518,1453.8595726241902,1461.0794677734375,2931291
2024-02-09,1463.9970316278122,1475.0246301042623,1446.5903016737273,1469.93115234375,2388841
2024-02-12,1471.8597017403297,1480.5631271323714,1426.3153974218503,1431.260498046875,2821957
2024-02-13,1436.4528070180304,1460.0409120867787,1414.941619998293,1447.8265380859375,4601482
2024-02-14,1434.128642552031,1478.0905376515434,1420.1833625750046,1465.2332763671875,4208176
2024-02-15,1474.6289346694246,1476.4585976657058,1444.2660666003533,1460.733154296875,1906763
2024-02-16,1469.6343508174823,1489.9587619088327,1454.8485488004599,1477.2498779296875,1844045
2024-02-19,1483.431256415215,1486.2994388208178,1460.782672219237,1467.3101806640625,1209609
2024-02-20,1472.650902997353,1491.442284566829,1458.8541211370234,1487.6839599609375,2390096
2024-02-21,1503.3106257208767,1510.03601102268,1486.0027731221167,1500.5908203125,5259113
2024-02-22,1500.5907572654644,1503.3105625595688,1447.4309265170584,1472.79931640625,4969478
2024-02-23,1481.9971270993608,1488.376379210535,1458.8541532411266,1464.0465087890625,2557861
2024-02-26,1464.7387403975238,1469.6838408039976,1447.8265211533817,1450.39794921875,2077787
2024-02-27,1450.3979624506974,1480.9092080909957,1442.485801728157,1476.656494140625,2843312
2024-02-28,1478.5850094416658,1486.9421807682531,1426.6614555983965,1433.287841796875,2661887
2024-02-29,1435.0682053479359,1467.705869563292,1424.1889839428172,1458.705810546875,4216252
2024-03-01,1463.7497610207706,1511.9644913246643,1461.6233436408565,1509.8875732421875,3549401
2024-03-04,1513.1512985070938,1522.0524796706559,1503.65672941196,1514.486572265625,2985524
2024-03-05,1512.8546529689816,1530.0141279306729,1507.2666651366164,1525.5140380859375,2694157
2024-03-06,1525.513961717055,1547.5691576139661,1519.6788398764274,1537.481201171875,5167456
2024-03-07,1539.3603050854565,1554.2451060635865,1529.074592504284,1546.5802001953125,2285176
2024-03-11,1548.9043983708616,1551.5253258561556,1519.7283045938057,1524.1295166015625,1694488
2024-03-12,1524.1294458130544,1538.8657484523603,1511.7171954906964,1516.21728515625,1918571
2024-03-13,1518.1459001183537,1523.684388702428,1478.5850949035432,1486.151123046875,4165036
2024-03-14,1455.3925442763023,1490.3543798924904,1453.0682505086854,1460.535400390625,3652530
2024-03-15,1457.8156677805835,1473.1454797552096,1440.7055712846475,1468.052001953125,2985042
2024-03-18,1470.92014656105,1475.2223598583464,1450.2002237180973,1464.4420166015625,2365287
2024-03-19,1459.8432271099011,1466.6673694973767,1415.139444308047,1418.353759765625,3180412
2024-03-20,1424.1890163735359,1447.9254999797615,1407.0789194820488,1425.7220458984375,5480729
2024-03-21,1443.969327540703,1470.573992036595,1442.9803074533463,1467.8046875,3870591
2024-03-22,1461.5244971330308,1503.6567305257677,1456.8266515154487,1495.497314453125,5309042
2024-03-26,1495.4972717477222,1506.8710029181327,1485.705948594153,1502.0247802734375,9046136
2024-03-27,1502.3215015360377,1526.0084841602945,1497.8214118799935,1516.7117919921875,8408702
2024-03-28,1517.898625046533,1547.3219735366026,1516.7612277656237,1535.9482421875,3964429
2024-04-01,1535.948188339357,1555.4813349714898,1522.101907182402,1525.464599609375,2159432
2024-04-02,1526.0085011660883,1553.7010637149892,1520.1238799164437,1542.2779541015625,2335256
2024-04-03,1536.9372682917333,1539.8054507891134,1521.162445651136,1525.7119140625,3711781
2024-04-04,1531.0526344209463,1533.42618610846,1494.6071466681567,1527.4920654296875,6077155
2024-04-05,1534.9592262044478,1539.2614395803491,1511.3216211909962,1535.3548583984375,3286862
2024-04-08,1542.8713450415294,1559.0417994156778,1532.9811441117758,1551.129638671875,2372626
2024-04-09,1557.6078554480334,1557.6078554480334,1524.0800482801662,1537.8768310546875,1176425
2024-04-10,1547.668045628996,1547.668045628996,1531.0030814529769,1535.7998046875,2528578
2024-04-12,1529.025145314792,1545.541733456659,1525.0690647318302,1538.5692138671875,1749128
2024-04-15,1527.9865444615816,1540.7944271045405,1513.2007423625198,1522.9920654296875,1528341
2024-04-16,1513.2007509172774,1517.9480956827404,1471.6124074775212,1474.5794677734375,3981325
2024-04-18,1486.2994995468746,1491.7884888299736,1452.0299278988914,1458.2113037109375,3856849
2024-04-19,1449.903522243804,1473.887260589242,1428.5407114099492,1465.77734375,4311650
2024-04-22,1477.5960535969225,1484.519194410295,1453.8100715104094,1461.2772216796875,2887202
2024-04-23,1466.5190960293141,1469.486156417237,1454.9474880784173,1458.3101806640625,1206443
2024-04-24,1460.7826691532428,1466.9640446997612,1446.6891329071807,1458.45849609375,2964953
2024-04-25,1459.8431927151078,1483.0356661782819,1454.4035820689053,1479.6729736328125,3697957
2024-04-26,1494.9038602203798,1502.321510866528,1427.452738636736,1430.5186767578125,6135488
2024-04-29,1442.7330927384724,1474.6289914468293,1434.1780445978288,1470.920166015625,5463640
2024-04-30,1481.3543757922325,1520.1239159886907,1472.650950492622,1499.0577392578125,6293171
2024-05-02,1491.4422781441745,1504.596293478158,1483.5796168133281,1488.6729736328125,2554549
2024-05-03,1500.541230595524,1501.2829956622031,1456.8760902543363,1467.4090576171875,2119368
2024-05-06,1479.2773326945426,1493.4203685830553,1465.7773047545916,1481.0576171875,2600170
2024-05-07,1481.0576015459746,1486.1510792131496,1432.1011065366085,1436.6011962890625,1884596
2024-05-08,1439.0242503148017,1439.0242503148017,1415.6834000227047,1426.6614990234375,5278612
2024-05-09,1429.6285163210744,1440.6066149915164,1378.1499732006373,1386.0621337890625,3272042
2024-05-10,1386.6062099131498,1408.8591626400014,1380.2270784234504,1394.666748046875,1575172
2024-05-13,1399.8096410490964,1402.183313548131,1362.1279975906639,1389.1282958984375,3624862
2024-05-14,1391.5513014018243,1413.655876819671,1387.3974652120255,1405.3975830078125,1279355
2024-05-15,1405.3976079352337,1414.1504119596966,1391.9469582825566,1401.5404052734375,2516309
2024-05-16,1404.6063366590608,1409.3536815626387,1370.4357636949608,1393.2821044921875,5666243
2024-05-17,1392.5403159610341,1401.540374823022,1379.6830545210528,1396.842529296875,3673405
2024-05-21,1404.4085339689611,1405.2491769031553,1384.6281320820742,1391.0567626953125,3010012
2024-05-22,1393.5293835881262,1397.6338413337644,1376.5676639641022,1389.5238037109375,6739695
2024-05-23,1393.0842652530973,1435.0681188531178,1391.1556036822553,1425.029541015625,6444146
2024-05-24,1425.1779739038097,1432.8428797315369,1412.1723353533455,1425.96923828125,2155290
2024-05-27,1431.9527091592345,1459.3980165800447,1423.496659851358,1449.0133056640625,3253683
2024-05-28,1456.6288084044006,1462.5629288285413,1433.1889602910514,1443.326416015625,2381333
2024-05-29,1437.0462787133786,1455.4915286666767,1423.4472516436545,1444.2166748046875,4383563
2024-05-30,1441.9912832957566,1461.4749306696906,1423.3482788477047,1430.914306640625,3415942
2024-05-31,1440.0133285736056,1453.7607327107955,1430.6671365118818,1445.799072265625,3546505
2024-06-03,1498.316005738141,1518.0470298761302,1479.9697546656214,1512.904052734375,8265525
2024-06-04,1493.3708152394477,1505.189677583863,1348.5783727188311,1376.221435546875,7911282
2024-06-05,1385.1227020778344,1499.1567721831673,1357.2817610710774,1484.4697265625,11014467
2024-06-06,1483.5301505270138,1493.2225958024542,1454.7496897527883,1464.837646484375,3279775
2024-06-07,1452.4255672094614,1481.9477940863665,1447.3814679381335,1475.7169189453125,3964791
2024-06-10,1482.0466511360462,1489.2665463104556,1463.8486567658877,1469.5355224609375,2416022
2024-06-11,1468.694911348298,1474.6290322022305,1459.0024656615424,1464.788330078125,1737873
2024-06-12,1474.6290108640728,1475.8652860240863,1456.8266485598788,1467.953125,5419536
2024-06-13,1479.574085280519,1493.420366827262,1464.9365393533933,1490.7005615234375,2446832
2024-06-14,1493.914908333307,1499.255641188343,1479.5246171308486,1485.8543701171875,2706742
2024-06-18,1497.3765046183767,1499.8985542886965,1482.6400802617998,1491.343505859375,2811967
2024-06-19,1499.5522905263774,1532.981219607231,1496.6347294004145,1511.4205322265625,11002582
2024-06-20,1519.13487880895,1523.832724300058,1496.3874164309511,1511.0743408203125,3589441
2024-06-21,1506.2776224893614,1520.9151683603757,1494.6566362357503,1510.382080078125,5249389
2024-06-24,1490.6017319181617,1492.3325171675403,1461.9695263547248,1474.03564453125,4609137
2024-06-25,1478.3377639646458,1485.6565366995974,1465.925513673816,1479.1290283203125,3309896
2024-06-26,1481.552124935324,1504.2995874677088,1465.2827924161159,1481.4532470703125,5605220
2024-06-27,1477.5960738645817,1488.4257959934782,1468.6948926967227,1486.25,5166134
2024-06-28,1491.0,1491.0,1460.5,1464.5,6425323
2024-07-01,1468.949951171875,1469.0,1452.949951171875,1456.9000244140625,3166439
2024-07-02,1457.4000244140625,1460.449951171875,1420.6500244140625,1429.449951171875,4644571
2024-07-03,1438.9000244140625,1458.0,1421.9000244140625,1455.5,5907225
2024-07-04,1455.449951171875,1457.8499755859375,1436.199951171875,1442.8499755859375,3010077
2024-07-05,1437.0,1449.699951171875,1426.0,1434.25,4216309
2024-07-08,1428.0,1441.699951171875,1422.800048828125,1438.050048828125,2772277
2024-07-09,1441.0,1449.5999755859375,1426.0,1434.25,3126274
2024-07-10,1433.5,1433.5,1415.050048828125,1425.949951171875,3979121
2024-07-11,1427.949951171875,1435.8499755859375,1415.699951171875,1429.75,2416195
2024-07-12,1432.0,1450.949951171875,1427.3499755859375,1434.550048828125,3340305
2024-07-15,1438.5,1449.0,1433.0,1444.050048828125,4284427
2024-07-16,1445.050048828125,1450.0,1435.75,1445.9000244140625,2284985
2024-07-18,1440.699951171875,1460.8499755859375,1438.0,1456.9000244140625,3634938
2024-07-19,1451.550048828125,1452.0,1429.0,1432.449951171875,2981749
2024-07-22,1428.0,1429.949951171875,1409.5999755859375,1423.4000244140625,2883674
2024-07-23,1422.5,1427.0,1395.6500244140625,1413.199951171875,3054925
2024-07-24,1409.800048828125,1412.5,1386.4000244140625,1396.6500244140625,5553500
2024-07-25,1389.0,1396.550048828125,1374.0,1379.0999755859375,3631639
2024-07-26,1365.0,1409.0,1359.050048828125,1403.9000244140625,3607419
2024-07-29,1415.0,1444.949951171875,1406.449951171875,1411.5,5955870
2024-07-30,1411.5,1432.699951171875,1407.199951171875,1429.699951171875,2158067
2024-07-31,1435.0,1435.0,1414.050048828125,1427.800048828125,3926481
2024-08-01,1432.0,1440.0,1416.800048828125,1419.8499755859375,4074181
2024-08-02,1413.949951171875,1413.949951171875,1392.699951171875,1404.300048828125,3268026
2024-08-05,1388.0,1396.199951171875,1369.0,1389.449951171875,3532894
2024-08-06,1395.0,1407.300048828125,1376.25,1381.0,2425599
2024-08-07,1391.0,1399.5,1329.199951171875,1345.1500244140625,8728852
2024-08-08,1347.949951171875,1355.800048828125,1334.0,1347.300048828125,3669342
2024-08-09,1367.0,1367.0,1338.050048828125,1349.800048828125,5082087
2024-08-12,1349.800048828125,1357.5999755859375,1336.6500244140625,1350.8499755859375,4436342
2024-08-13,1355.0,1371.6500244140625,1343.5,1350.5999755859375,3905817
2024-08-14,1356.949951171875,1356.949951171875,1335.949951171875,1338.0999755859375,4868357
2024-08-16,1347.0999755859375,1367.9000244140625,1338.550048828125,1364.1500244140625,5456176
2024-08-19,1370.050048828125,1375.800048828125,1345.550048828125,1347.5999755859375,5895105
2024-08-20,1363.9000244140625,1391.6500244140625,1357.199951171875,1381.300048828125,5507239
2024-08-21,1380.0,1387.3499755859375,1366.4000244140625,1384.0,5441231
2024-08-22,1384.050048828125,1395.949951171875,1379.5999755859375,1381.9000244140625,3510879
2024-08-23,1382.0,1390.300048828125,1373.800048828125,1388.550048828125,2252945
2024-08-26,1395.300048828125,1395.550048828125,1379.800048828125,1384.5,2541300
2024-08-27,1385.9000244140625,1387.1500244140625,1377.550048828125,1383.199951171875,1167406
2024-08-28,1389.050048828125,1421.949951171875,1382.550048828125,1415.75,6532773
2024-08-29,1414.199951171875,1423.050048828125,1405.25,1417.449951171875,3316387
2024-08-30,1422.1500244140625,1430.0,1415.550048828125,1425.25,2792988
2024-09-02,1425.25,1451.25,1425.25,1449.050048828125,4024426
2024-09-03,1450.0,1451.9000244140625,1433.9000244140625,1436.699951171875,2351018
2024-09-04,1417.0,1439.25,1417.0,1434.4000244140625,2919356
2024-09-05,1443.0,1444.0,1418.9000244140625,1422.9000244140625,3427784
2024-09-06,1426.449951171875,1438.199951171875,1401.5,1409.3499755859375,2608515
2024-09-09,1409.3499755859375,1431.0,1400.0999755859375,1428.0999755859375,1802343
2024-09-10,1428.9000244140625,1438.5,1420.5999755859375,1435.550048828125,2414043
2024-09-11,1435.4000244140625,1438.949951171875,1417.800048828125,1421.199951171875,2622902
2024-09-12,1425.1500244140625,1446.5,1420.1500244140625,1443.3499755859375,2437399
2024-09-13,1450.0,1470.949951171875,1442.3499755859375,1464.050048828125,2999055
2024-09-16,1469.949951171875,1473.949951171875,1461.0999755859375,1470.199951171875,1495683
2024-09-17,1478.0,1483.5,1462.25,1466.3499755859375,1866702
2024-09-18,1470.0,1488.75,1461.1500244140625,1480.25,3966006
2024-09-19,1494.949951171875,1498.0,1474.9000244140625,1484.75,3861906
2024-09-20,1488.0,1491.949951171875,1473.199951171875,1480.199951171875,5335400
2024-09-23,1490.199951171875,1490.8499755859375,1453.050048828125,1465.0999755859375,4610747
2024-09-24,1470.0999755859375,1474.0999755859375,1446.0,1448.300048828125,3893140
2024-09-25,1450.0,1456.0,1432.25,1439.5,3012173
2024-09-26,1445.0,1457.300048828125,1437.300048828125,1452.699951171875,3388674
2024-09-27,1457.0,1481.0,1454.0,1462.699951171875,4708951
2024-09-30,1467.0,1474.800048828125,1437.0,1447.5999755859375,2888962
2024-10-01,1450.0,1450.300048828125,1404.6500244140625,1409.699951171875,3377999
2024-10-03,1404.0,1412.699951171875,1382.050048828125,1387.75,2081630
2024-10-04,1384.050048828125,1410.949951171875,1380.8499755859375,1382.8499755859375,2178195
2024-10-07,1388.0,1394.050048828125,1338.199951171875,1350.8499755859375,3878973
2024-10-08,1357.8499755859375,1371.0,1343.550048828125,1359.550048828125,2429248
2024-10-09,1369.0,1371.5,1335.550048828125,1341.550048828125,5269772
2024-10-10,1350.0,1362.0,1344.300048828125,1356.4000244140625,1673393
2024-10-11,1360.0999755859375,1371.300048828125,1339.0,1347.5999755859375,2755874
2024-10-14,1354.5999755859375,1371.5,1348.300048828125,1370.449951171875,1381439
2024-10-15,1371.0,1374.449951171875,1349.449951171875,1360.9000244140625,2775029
2024-10-16,1355.0,1358.3499755859375,1341.0999755859375,1346.300048828125,2126519
2024-10-17,1348.0,1354.25,1337.0,1347.3499755859375,1353852
2024-10-18,1345.0,1354.949951171875,1331.0,1347.25,3676670
2024-10-21,1352.050048828125,1353.949951171875,1299.5999755859375,1308.25,5862686
2024-10-22,1309.0999755859375,1312.199951171875,1271.25,1274.3499755859375,4183194
2024-10-23,1274.3499755859375,1284.9000244140625,1266.5,1274.300048828125,4860497
2024-10-24,1276.0,1285.949951171875,1258.1500244140625,1280.050048828125,2441333
2024-10-25,1163.0,1166.75,1025.5,1041.5999755859375,56935420
2024-10-28,1051.4000244140625,1084.6500244140625,1031.0,1054.800048828125,11099823
2024-10-29,1058.800048828125,1058.800048828125,1018.0999755859375,1038.1500244140625,7951124
2024-10-30,1037.6500244140625,1069.4000244140625,1030.25,1056.4000244140625,8907271
2024-10-31,1054.0,1066.9000244140625,1044.0,1055.5999755859375,4509824
2024-11-01,1061.449951171875,1069.9000244140625,1058.550048828125,1062.5,441083
2024-11-04,1067.0,1070.5,1054.0999755859375,1063.800048828125,5143749
2024-11-05,1063.699951171875,1092.4000244140625,1062.0,1090.0999755859375,4840541
2024-11-06,1092.300048828125,1098.5999755859375,1068.25,1077.6500244140625,7153974
2024-11-07,1086.0,1086.0,1051.0,1056.800048828125,4901367
2024-11-08,1061.449951171875,1061.449951171875,1048.050048828125,1053.800048828125,2107903
2024-11-11,1053.0,1067.5,1040.0,1060.800048828125,4918839
2024-11-12,1061.300048828125,1065.449951171875,1051.550048828125,1059.550048828125,2186055
2024-11-13,1053.800048828125,1067.800048828125,1032.199951171875,1036.699951171875,4850346
2024-11-14,1043.0,1045.0,1015.0,1017.1500244140625,2612235
2024-11-18,1015.5,1017.9500122070312,1000.0499877929688,1004.5999755859375,5427908
2024-11-19,1010.5,1032.0,998.0999755859375,1000.2000122070312,5718490
2024-11-21,1000.4000244140625,1003.0,966.4000244140625,981.4500122070312,6606440
2024-11-22,986.0,1002.4500122070312,981.4000244140625,998.2000122070312,4026863
2024-11-25,1020.0,1022.0499877929688,997.0499877929688,1003.5,6491357
2024-11-26,1011.7000122070312,1017.7000122070312,998.0999755859375,1009.5999755859375,2390208
2024-11-27,1012.0,1012.0,994.5,1001.9500122070312,4798242
2024-11-28,1005.9500122070312,1013.4000244140625,991.3499755859375,993.5999755859375,4822835
2024-11-29,998.0999755859375,999.5,987.2999877929688,995.8499755859375,4815934
2024-12-02,990.0499877929688,993.1500244140625,979.0,990.9500122070312,4969967
2024-12-03,993.0,1011.5,991.4000244140625,998.3499755859375,4665094
2024-12-04,1005.0,1005.9500122070312,990.5,998.8499755859375,4256690
2024-12-05,1006.0,1006.0,990.5499877929688,998.2000122070312,5254145
2024-12-06,1000.0,1003.0499877929688,986.2999877929688,990.3499755859375,6258019
2024-12-09,992.7999877929688,994.0,977.7999877929688,982.5999755859375,3565285
2024-12-10,983.0,988.4000244140625,979.0999755859375,984.2999877929688,3843321
2024-12-11,985.5,999.9000244140625,981.25,984.8499755859375,4679888
2024-12-12,986.0,1005.5,986.0,997.9500122070312,5771673
2024-12-13,991.0,997.6500244140625,965.5499877929688,986.6500244140625,5674567
2024-12-16,987.9000244140625,1007.9500122070312,985.5499877929688,999.3499755859375,3058066
2024-12-17,1002.0,1002.0,972.0,975.6500244140625,3294161
2024-12-18,976.7999877929688,979.2999877929688,960.5,965.2000122070312,2958191
2024-12-19,959.0,966.8499755859375,948.0,964.4000244140625,3665813
2024-12-20,960.0,966.8499755859375,926.4500122070312,929.4500122070312,4466131
2024-12-23,938.9500122070312,948.7999877929688,930.0499877929688,945.7000122070312,2502370
2024-12-24,941.0,946.0,929.7999877929688,935.2999877929688,5603093
2024-12-26,940.0,945.0,928.25,931.9500122070312,5262262
2024-12-27,933.0499877929688,971.0999755859375,933.0499877929688,953.4000244140625,6300341
2024-12-30,953.2999877929688,973.5,948.8499755859375,963.5,8165774
2024-12-31,958.0,961.4500122070312,949.0499877929688,960.1500244140625,2295670
2025-01-01,958.5999755859375,979.2999877929688,953.5,969.4000244140625,4024591
2025-01-02,975.5,998.0,968.7999877929688,991.3499755859375,3956740
2025-01-03,993.0,1025.4000244140625,990.6500244140625,997.9000244140625,5896120
2025-01-06,1004.9500122070312,1004.9500122070312,963.2000122070312,970.0499877929688,3370654
2025-01-07,970.1500244140625,994.5499877929688,970.1500244140625,983.5999755859375,3581533
2025-01-08,985.9000244140625,986.0,967.0999755859375,981.0499877929688,3781895
2025-01-09,981.0499877929688,985.3499755859375,970.4000244140625,980.9000244140625,3134034
2025-01-10,971.75,975.0,933.0499877929688,937.5999755859375,5611356
2025-01-13,936.9000244140625,973.5,934.5,941.7000122070312,8752532
2025-01-14,945.0999755859375,979.2999877929688,945.0999755859375,962.0999755859375,5735697
2025-01-15,971.25,983.0,954.6500244140625,962.4500122070312,3633812
2025-01-16,967.0,990.6500244140625,967.0,975.3499755859375,3948431
2025-01-17,972.8499755859375,975.5999755859375,959.0,970.9500122070312,3066978
2025-01-20,966.2000122070312,980.4500122070312,948.0999755859375,970.7000122070312,4485164
2025-01-21,971.5499877929688,978.5,958.0,960.4500122070312,3369291
2025-01-22,964.4500122070312,977.5499877929688,949.1500244140625,970.9500122070312,2639472
2025-01-23,965.9500122070312,988.5499877929688,962.5,970.9500122070312,3359986
2025-01-24,970.8499755859375,973.0,948.25,950.7999877929688,2938649
2025-01-27,947.0,947.0,923.7000122070312,926.4500122070312,3907787
2025-01-28,937.3499755859375,948.9500122070312,925.7000122070312,934.1500244140625,5708478
2025-01-29,935.7000122070312,953.0,931.9500122070312,948.2999877929688,2571504
2025-01-30,948.2999877929688,967.4000244140625,946.0999755859375,957.0499877929688,4509409
2025-01-31,957.5499877929688,999.2999877929688,953.0999755859375,991.2000122070312,5365839
2025-02-01,977.0,1023.0,972.4000244140625,1009.4000244140625,6054296
2025-02-03,994.0,1023.9500122070312,990.0999755859375,1012.7000122070312,3655089
2025-02-04,1022.4500122070312,1053.9000244140625,1014.7000122070312,1047.1500244140625,9861468
2025-02-05,1052.4000244140625,1078.699951171875,1052.4000244140625,1061.199951171875,5000442
2025-02-06,1062.0999755859375,1076.75,1058.050048828125,1065.550048828125,3889634
2025-02-07,1061.5,1086.550048828125,1061.5,1079.0999755859375,3975043
2025-02-10,1076.0,1082.0,1062.699951171875,1068.0,4457079
