Date,Open,High,Low,Close,Volume
2010-01-04,227.99742439305982,239.02447624072047,227.99742439305982,237.31265258789062,3739348
2010-01-05,238.3943409937806,247.00594273893037,235.45379405641236,241.68145751953125,5197364
2010-01-06,243.58229593211757,249.29537394264847,242.0280273467454,247.47853088378906,6827232
2010-01-07,248.47623642392935,248.78078283997834,239.6861058845996,242.76318359375,3304396
2010-01-08,244.69556096107215,244.90560006919324,240.82034967205382,242.78421020507812,2527272
2010-01-11,244.0653687235459,247.00591533467298,241.54490019972272,243.4772491455078,3167868
2010-01-12,239.98020850130908,251.8369066529654,239.98020850130908,250.40863037109375,4942468
2010-01-13,248.28715351752575,249.94646712466317,238.31029873733962,242.30104064941406,4584900
2010-01-14,243.6453248264224,248.2661844351994,241.77597194769194,246.09228515625,4109484
2010-01-15,246.911411702729,248.28715207544488,241.55541600973734,243.0571746826172,3066960
2010-01-18,242.59510789555077,250.13551507839267,241.5764236093505,248.61273193359375,3562064
2010-01-19,247.63608857119306,248.8753243374127,241.69197203330447,243.5613250732422,2497004
2010-01-20,244.69552283704442,246.77491481137793,239.49705572097847,240.58924865722656,3390516
2010-01-21,240.074643929149,246.16577662726388,239.23448769492626,240.4632110595703,4982164
2010-01-22,236.7140213744249,240.2426878494845,230.83292767568145,237.99525451660156,3873740
2010-01-25,239.44453449761158,242.08053502355253,221.82225178694188,225.0043487548828,10824500
2010-01-27,223.64961776275788,225.5819670008053,208.98888004264552,212.32850646972656,11011728
2010-01-28,214.2398436286801,219.84787633844076,213.55721667594165,214.72293090820312,4491372
2010-01-29,214.23983322715438,216.7603018533562,207.466073794237,213.72523498535156,3918172
2010-02-01,214.49189699747038,221.6752356264711,211.59336044745737,219.94241333007812,3360188
2010-02-02,221.5912234400858,223.7966337207691,213.1896604660541,214.19784545898438,2531300
2010-02-03,215.28999704840408,222.1477762286322,215.121955575384,221.42312622070312,2630556
2010-02-04,221.10811020615955,221.25515293320979,211.29929627125009,213.60972595214844,3005292
2010-02-05,209.82904842049456,211.08928294554258,202.87675975188708,205.0506591796875,3751776
2010-02-08,208.98888528912917,212.13947149951807,203.14980140982874,209.9970703125,3964924
2010-02-09,206.11134288129486,213.05313178474725,206.11134288129486,208.19073486328125,2370192
2010-02-10,210.66920498450924,211.08928315995192,199.53713333527793,201.29095458984375,4258584
2010-02-11,203.716918122687,209.19893323311726,202.2676432765983,207.26657104492188,2966324
2010-02-15,210.0390615182131,212.08694236801566,207.93867090303095,209.12539672851562,3113388
2010-02-16,209.26192366845873,214.8699694226214,208.043699621805,213.30517578125,1299928
2010-02-17,215.50010234309033,218.61917764383296,214.65994599867284,216.14073181152344,2328552
2010-02-18,217.348498331522,217.348498331522,210.27016438560977,212.8116455078125,1857412
2010-02-19,210.24911876190947,213.6097440368251,208.6003171143112,210.39614868164062,2149848
2010-02-22,212.1394465395638,215.26903360156894,207.11950797374075,208.44276428222656,2741260
2010-02-23,207.72862764259017,208.78932231786342,204.15796366895617,205.96429443359375,3033172
2010-02-24,204.78809824639166,205.60725576728433,199.74716044340354,201.07040405273438,3799488
2010-02-25,200.20925189337038,204.32601269796064,200.06222197468475,201.0283966064453,3644784
2010-02-26,202.68772921116232,216.72883775969632,201.08092498639934,211.66690063476562,8142060
2010-03-02,213.81978267211338,224.0066780155294,213.81978267211338,222.0113067626953,6109472
2010-03-03,223.06152195048486,227.18879535177015,219.85842570778723,226.08609008789062,3781732
2010-03-04,225.581986585294,227.8083958501277,222.03232077461973,226.31712341308594,2624304
2010-03-05,226.21205834476675,228.9005684583449,224.32170688227566,226.1385498046875,2153996
2010-03-08,227.89237077392318,237.76420618993643,227.89237077392318,235.684814453125,7297960
2010-03-09,235.66384000835126,239.54956286053888,232.95433083756745,237.2601318359375,5358980
2010-03-10,235.2438016658082,239.3710752782993,235.2438016658082,237.89028930664062,3402064
2010-03-11,233.62646055886006,238.16329920200943,233.62646055886006,236.30445861816406,5573876
2010-03-12,236.2939330352543,242.58459237446866,236.2939330352543,239.623046875,4017164
2010-03-15,239.4445218047405,239.4445218047405,231.27399746788268,232.09315490722656,2656692
2010-03-16,231.8831493570228,239.44455640127356,229.7827585113976,238.23683166503906,2447432
2010-03-17,236.29394579960996,241.33488331000163,225.0148583759222,235.9368896484375,2328192
2010-03-18,235.97891053975934,235.97891053975934,226.05456383481618,228.5330352783203,5245816
2010-03-19,225.81300025935766,230.83293918761404,224.40574873850468,225.4664306640625,4432196
2010-03-22,223.69161321518905,224.53176950895502,219.0707535994762,220.23648071289062,3922832
2010-03-23,221.59121167606463,222.4313679288649,216.55027415926318,220.32046508789062,3139500
2010-03-25,220.4570151160832,224.32173934887751,218.0835888756081,221.9903106689453,6435736
2010-03-26,224.32171054734232,228.71153192097876,222.64139810878544,227.03121948242188,3605436
2010-03-29,229.44664400461215,237.34410649091714,216.34020326163244,232.55520629882812,3289808
2010-03-30,234.4036078754836,239.44454567925746,228.9425919213953,230.89596557617188,2499226
2010-03-31,233.94152196315437,234.82367578452755,224.00666388568752,227.40928649902344,4349328
2010-04-01,231.8831451801591,233.52146026605078,222.03230716371067,224.4267578125,5670058
2010-04-05,225.58196244269197,231.0009807348388,224.19570970083942,230.53887939453125,2741756
2010-04-06,231.48406078365494,232.68129890187947,223.73361374291173,224.1116943359375,3461256
2010-04-07,226.0860388588418,227.36727193769738,220.2889661987756,222.59939575195312,3736486
2010-04-08,225.16190996242844,228.39651715509478,218.69269557709572,220.1209716796875,4282900
2010-04-09,221.3811751577977,223.6916048795584,219.1967637474989,222.20033264160156,3040418
2010-04-12,200.10421785505656,223.33454591135052,200.10421785505656,217.5584716796875,2716380
2010-04-13,218.4406303708207,220.49902348974422,212.1814687183795,213.5257110595703,5941176
2010-04-15,217.60049573739684,220.12096479999215,213.39971396640462,214.575927734375,5727760
2010-04-16,214.6599164163691,215.8151312307429,210.03905715887387,211.2362823486328,4684012
2010-04-19,207.93870139101617,214.00883628680285,206.04834956018874,211.55137634277344,3964724
2010-04-20,215.08001113292707,218.1045789173909,211.5093468856031,214.596923828125,4393500
2010-04-21,216.76030506409862,216.76030506409862,212.97960206879458,213.50469970703125,2358306
2010-04-22,213.81973739395607,218.02051808931867,210.5011232085727,213.56768798828125,5861678
2010-04-23,214.23986776535418,219.80590354553252,211.71939873282062,218.90272521972656,6228608
2010-04-26,220.54100243056797,223.6915881795761,220.12092433070023,222.3683319091797,4647798
2010-04-27,222.64140142859222,227.13624239666106,222.64140142859222,225.4769287109375,5384902
2010-04-28,220.96111442120326,225.47695468741605,218.44064543541006,220.49903869628906,3507390
2010-04-29,222.22137993317963,224.27977348138234,216.82338502426714,219.91094970703125,4087402
2010-04-30,220.58303681416155,223.4185644616998,218.2306093179445,221.02413940429688,5085548
2010-05-03,220.54103758719808,225.01488031978155,218.9027224807357,220.64605712890625,2645630
2010-05-04,222.64143573646578,225.14090603915056,215.08002848503864,217.5374755859375,4344102
2010-05-05,214.28186781778516,221.80126417177627,211.1312816789815,217.76852416992188,4318424
2010-05-06,217.60046972789377,218.98672241871677,213.16865061713403,217.51644897460938,3504234
2010-05-07,214.23987701648974,222.09534430166863,212.30751477748524,220.1209716796875,3518742
2010-05-10,224.53174237256258,233.14334334288537,221.8222335247253,232.5762481689453,5213278
2010-05-11,233.98355144802306,238.47839320159284,231.46308231213771,236.79808044433594,7827086
2010-05-12,236.2939657355608,237.7642393001376,225.1618944609077,230.2238311767578,4138028
2010-05-13,232.68132330433878,241.50296543111074,231.92516203898475,238.05831909179688,4696740
2010-05-14,236.4619712304914,238.03726409539644,232.87028298688207,235.1597137451172,3763568
2010-05-17,231.88307998726108,235.6217848298238,227.7663202893061,233.3113555908203,2616144
2010-05-18,233.58446134757136,238.81443969303058,229.95080056006262,235.4328155517578,2668758
2010-05-19,233.1433792309013,234.80269309387532,216.17221127972033,220.70907592773438,5216126
2010-05-20,223.4815695944081,227.34629359500033,217.26441827495185,219.15476989746094,2376514
2010-05-21,214.23987219973503,227.640376422553,212.2235020598803,226.14907836914062,3328598
2010-05-24,241.54494932940335,241.54494932940335,220.1419613000471,222.3053741455078,2522056
2010-05-25,218.90270585885108,226.21207566253514,213.0846339458142,216.73931884765625,3382896
2010-05-26,222.6414063770091,225.4559349440215,214.97498059138567,217.32740783691406,4813004
2010-05-27,218.4616438391035,227.4723255756876,215.92017607738396,221.9903106689453,4841974
2010-05-28,225.07788623298248,230.93798203741932,224.74182881313203,229.34169006347656,2678902
2010-05-31,233.14339214250447,242.8471879380261,232.30323577442337,240.5787811279297,4970220
2010-06-01,240.28468873746957,245.32562626343045,234.44559251408452,237.02908325195312,5718168
2010-06-02,238.3523676757003,243.14124350556048,236.9240916193433,241.3559112548828,4822088
2010-06-03,245.74573766892507,247.42605040512285,242.23809508792726,244.88458251953125,3806716
2010-06-04,246.5858320686339,246.79587110787463,240.34768285899625,245.82969665527344,3537110
2010-06-07,240.68378552951592,246.54388095605725,235.66384641819093,243.75035095214844,3295406
2010-06-08,243.6453825875014,246.1658520625445,239.33958056763606,239.75965881347656,2473282
2010-06-09,241.46090670475618,245.32563067201679,239.78059416590673,242.95217895507812,2263042
2010-06-10,243.64527129161613,252.00483482105415,242.805115183714,249.0012664794922,2620950
2010-06-11,252.02584688765225,258.978133919299,252.02584688765225,254.8613739013672,5418614
2010-06-14,254.56738724233415,259.81836470195327,252.9920940044484,258.64215087890625,3005094
2010-06-15,259.60834128702226,259.60834128702226,254.14732439910756,255.4705810546875,2226442
2010-06-16,256.667709249576,267.14866257024323,256.4576702076369,264.3551330566406,6623234
2010-06-17,262.54886322384283,269.3541348865123,262.54886322384283,266.6236267089844,6815058
2010-06-18,266.1195086719304,270.11025110663184,258.3480628780382,260.1123962402344,5478530
2010-06-21,263.38900384053375,268.8500198691254,262.54884752844276,267.56878662109375,2801608
2010-06-22,267.58976365807973,270.95038863337743,263.97710206544826,265.97247314453125,3188464
2010-06-23,264.6492021702162,267.54775130694105,263.4309654282229,265.02728271484375,2551704
2010-06-24,265.4893771980455,267.92582521531057,260.49043721334453,265.5103759765625,3510454
2010-06-25,260.44840615989887,266.95961631389633,253.349076445857,257.6548767089844,2249686
2010-06-28,256.24766653333035,263.388994944915,255.40751024961455,261.6456604003906,2442170
2010-06-29,261.2885781642686,262.7588515140675,255.82756286501535,257.8859558105469,1652116
2010-06-30,255.82761675777266,265.8884944987322,255.82761675777266,263.5360412597656,3473310
2010-07-01,262.5488310996607,264.69121930562017,257.5078935425472,258.41107177734375,2102312
2010-07-02,259.9863870305561,261.03658244489907,252.46697760804597,253.03407287597656,3142034
2010-07-05,252.8870500420273,257.9279879166192,251.45877405507858,256.2896728515625,1504652
2010-07-06,256.3526957405432,264.3341807369714,256.3526957405432,263.4100036621094,2641624
2010-07-07,264.62824520455246,264.64924398489796,260.02838416928864,261.1416015625,2404716
2010-07-08,265.3384290018371,269.66310428462737,262.12156525238805,265.0827941894531,3236166
2010-07-09,266.3823086472142,273.07169670838,266.3823086472142,272.0704040527344,2743146
2010-07-12,273.5404068914798,276.0968592923347,269.3435746023077,271.7508850097656,1742978
2010-07-13,272.68821008531404,273.4977636112345,265.1892947101976,269.32220458984375,2781902
2010-07-14,267.57529646883864,273.1142755358688,261.6102420889601,262.7606506347656,3296870
2010-07-15,264.1667218005198,264.5075768855988,259.60771027155687,262.5689392089844,3474800
2010-07-16,262.2494128164427,265.40238122816527,256.4121745437018,257.3282470703125,4613614
2010-07-19,257.7755876388639,261.56766866917,253.51483412417195,258.3934020996094,3115018
2010-07-20,260.1190216513128,262.0363608772438,255.6452301241403,256.53997802734375,2266842
2010-07-21,258.20167222968183,264.57150416319604,257.1364838128927,262.781982421875,5724102
2010-07-22,263.52761369743604,270.13178186608644,260.3320484545407,269.8122253417969,3952244
2010-07-23,269.2796440422827,273.1143225175684,266.7231917254256,267.5327453613281,1972120
2010-07-26,264.1667840482725,271.8148437230446,263.527670861059,264.37982177734375,1555444
2010-07-27,266.2971194572092,273.817360512912,263.8258873897619,272.62432861328125,4084588
2010-07-28,273.22085647757683,280.3576195902465,272.26218680572566,276.1181640625,6198744
2010-07-29,275.2446929559233,277.88636548881385,271.26089859168684,274.3499450683594,2166672
2010-07-30,273.11424254217746,283.29745169129797,272.6881672808012,281.8487854003906,4685954
2010-08-02,284.6396293405187,285.4704814653014,278.4402382650365,281.8062438964844,2403426
2010-08-03,282.91406749881617,283.34014290167585,276.94901185878086,277.7159423828125,1414664
2010-08-04,277.4176509574084,281.20973198796116,273.79601046968463,279.8675842285156,2163534
2010-08-05,281.12450355004785,281.16712668730474,274.05166332289116,274.9464111328125,1853342
2010-08-06,273.96644858652456,280.35757880238435,273.54037323880056,276.4163818359375,2275590
2010-08-09,280.22973883571643,289.6033957308985,265.29580430155244,276.65069580078125,1715038
2010-08-10,276.9490336909125,279.8463414576397,271.09049643975857,273.1569519042969,2192742
2010-08-11,274.81861548378015,275.6707662294663,264.35847028159816,267.1279602050781,4120430
2010-08-12,264.1667416288891,274.81862637198947,262.0789618170102,269.7270202636719,5151604
2010-08-13,271.17561994219614,271.6869154845616,265.7857571926116,267.3409423828125,2749328
2010-08-16,267.57529938905293,270.7495657055314,263.3571433435884,266.3822937011719,2474604
2010-08-17,266.40365933654334,268.3422973181243,262.0789833729104,264.2519836425781,2019616
2010-08-18,265.8710093139951,266.29708464943417,260.33202995328685,263.37847900390625,2983554
2010-08-19,264.6354096109004,266.0201546037239,262.0363601804473,262.4837341308594,2556726
2010-08-20,260.75801176574396,265.0187635919816,259.18152838892297,263.1866455078125,4478298
2010-08-23,266.29715128210495,270.3448679815929,264.1880726428344,265.93499755859375,3858098
2010-08-24,267.2557863653538,268.34227340055816,261.6528846268064,262.5050354003906,1777466
2010-08-25,263.3145545351555,264.06018636434084,258.75554329273615,262.1002502441406,2257516
2010-08-26,263.3145916322976,266.0414845368698,259.4373159765128,263.78326416015625,2815598
2010-08-27,263.95372913040063,264.37980456079674,259.4799371112413,260.6729431152344,2666498
2010-08-30,261.8232654285683,263.86842161729464,257.4559937106792,259.62896728515625,1546066
2010-08-31,260.33203523657767,268.2144291021696,257.7755831720614,267.02142333984375,4321692
2010-09-01,269.2796230436352,271.3674026751595,266.38231584491376,268.49139404296875,3435526
2010-09-02,270.0039169966639,270.4299922874885,265.91357860140454,266.82965087890625,1282542
2010-09-03,267.5327603956989,273.0291175824704,265.8710558941289,268.7044677734375,3344436
2010-09-06,269.748253750229,271.7508127998926,268.4487293262209,270.2382507324219,1960008
2010-09-07,262.03636633198937,272.666952573728,262.03636633198937,268.1079406738281,2154446
2010-09-08,268.4274418097882,271.8360442454681,267.36225354863825,270.6643371582031,2019674
2010-09-09,272.6881965488509,280.3575520767874,271.6017097168412,279.3349609375,4424118
2010-09-13,280.3576085601431,284.66095962669215,277.6520402171511,283.2762145996094,2926698
2010-09-14,283.76619637591546,289.092138500088,280.12325716409674,285.8752746582031,3402996
2010-09-15,285.8965755583846,291.8616307861303,284.19227406474295,288.0695495605469,3218328
2010-09-16,288.06953023571145,291.009460517252,283.7661796551828,287.40911865234375,2940474
2010-09-17,289.731201171875,292.28765294692096,288.5381955446347,289.731201171875,2231462
2010-09-20,292.28769602042433,295.6962988894672,287.13219458322743,293.05462646484375,2709896
2010-09-21,293.99196959731313,301.0009137837551,289.73121641474336,291.9894104003906,3773068
2010-09-22,292.7137759627649,298.955790466676,286.1096078005773,290.5408020019531,4169084
2010-09-23,293.13984941068117,295.69630158577434,291.05206973212455,294.3328552246094,2001696
2010-09-24,294.4819487752283,295.9092906026885,291.9041724514816,294.396728515625,2178346
2010-09-27,298.25274671385665,299.9570481236501,293.82155264616335,295.9093322753906,2488416
2010-09-28,296.46318521888,305.0699113836103,296.46318521888,303.0673522949219,3650554
2010-09-29,304.64387831577034,306.859475359182,296.6762639894735,297.72015380859375,2426774
2010-09-30,297.72011895500395,300.21264908356096,290.6259547343837,294.6310729980469,4695752
2010-10-01,297.7414275692256,306.68900926381224,296.676239272251,304.9634094238281,3136178
2010-10-04,306.7742310405267,316.7870010814327,305.0699297569682,311.4610595703125,3647092
2010-10-05,312.3131951476906,319.4499564283506,312.1001574975216,317.1491394042969,3023730
2010-10-06,318.70428972166997,323.6041551385138,313.5061664261652,315.4874267578125,2346064
2010-10-07,317.38354544871,318.27829330073865,306.3481832439506,309.09637451171875,2312254
2010-10-08,310.630227298641,311.92975190909476,295.7388886829913,300.4044189453125,5141872
2010-10-11,301.7039991114881,306.689086802804,298.67887398547924,301.4483642578125,2266932
2010-10-12,302.08740087919296,306.22033667061544,300.3830996048393,304.79296875,2924386
2010-10-13,306.26291773806867,315.18920039546566,304.30298177758164,313.5274963378906,3440122
2010-10-14,313.5914630830143,317.00006594261225,302.51350378932085,306.02862548828125,3184188
2010-10-15,308.4998916471977,309.54378159008326,300.6174966583243,302.7904968261719,2345872
2010-10-18,308.4785192725118,308.4785192725118,293.1398083694587,298.7640075683594,4708334
2010-10-19,301.7678850082865,303.2591488240705,296.5910587884056,298.8918762207031,4203720
2010-10-20,298.21017432759766,302.4709282056569,296.12239452511744,297.8692932128906,2898738
2010-10-21,298.6574998098043,304.64385283574154,297.4431695483036,303.70648193359375,4364822
2010-10-22,304.6438682023354,306.092534761052,297.8692598918297,298.9344482421875,1825938
2010-10-25,299.7440332520755,306.8807959485535,298.72144192617,304.5160827636719,4055336
2010-10-26,306.43340099555934,310.3532994687948,304.6438793006501,305.4747314453125,4422230
2010-10-27,306.73160930559703,312.8244807044524,305.11250241163725,310.58758544921875,4016586
2010-10-28,312.3132351247776,315.167945203568,307.3494468382312,312.33453369140625,6460580
2010-10-29,316.2970785382262,317.5540062319324,300.63880680850053,312.6115417480469,5639100
2010-11-01,317.00003631054307,328.50406988632886,315.2318133401836,326.58673095703125,7258484
2010-11-02,328.07802252532485,328.9301732331828,319.556515446745,322.794677734375,3010558
2010-11-03,323.5402959638837,328.07800869415615,320.8347279827267,323.774658203125,3485120
2010-11-04,326.8210974058514,339.1346856261397,326.1180886701037,331.2735900878906,5243630
2010-11-08,340.1785567935855,340.1785567935855,329.93142421468684,330.9966125488281,2619186
2010-11-09,340.22112135661604,340.22112135661604,328.5679724988531,332.7861022949219,3576570
2010-11-10,334.8526366057702,345.0571206970654,332.72225980081066,343.56585693359375,6669918
2010-11-11,343.84285763794963,352.2365484592236,343.84285763794963,346.67626953125,5873120
2010-11-12,346.3992903375545,347.2514411132926,327.2258978834463,329.4201965332031,5882410
2010-11-15,329.69710819731256,342.4793689907383,326.4802444320823,340.8389892578125,2646680
2010-11-16,340.4342058963742,341.6698348181282,330.20839745893613,331.61444091796875,3866078
2010-11-18,335.66215832147986,335.66215832147986,323.8172686940495,332.50921630859375,3537676
2010-11-19,334.8952023935508,334.8952023935508,318.27826487020667,320.834716796875,3235580
2010-11-22,322.11297288710904,328.9301786624976,312.909755492565,326.6080627441406,3477512
2010-11-23,328.07801848728917,332.1257342997947,317.0000594214846,324.73333740234375,5636698
2010-11-24,328.0780833818073,339.9442737876053,327.20463394534846,334.3200988769531,5661098
2010-11-25,336.1734312955882,340.348964277866,327.1406292079506,332.5730895996094,8334036
2010-11-26,335.2786345765976,336.38641985724325,319.6416672364578,322.730712890625,3213206
2010-11-29,323.8172825543868,330.1231928556463,316.3396649807265,328.269775390625,2520902
2010-11-30,329.9101173596821,333.8300155319442,322.5390194737482,326.075439453125,3357116
2010-12-01,328.93014824888047,344.22626269532606,326.79977164105094,341.9254455566406,3998890
2010-12-02,345.12105299734765,347.16620959177203,333.0205019715061,336.4078063964844,4022968
2010-12-03,338.3038632757603,342.5646172212989,336.173486302991,340.8177185058594,4149926
2010-12-06,343.33151269977924,344.90799669989326,337.4516780559795,338.6446838378906,1695766
2010-12-07,338.3463832579486,343.1184317898703,337.8777108330447,341.2650146484375,2069200
2010-12-08,336.599466388945,339.5819933063154,334.04301474548464,336.30120849609375,2744072
2010-12-09,336.59954538500034,337.87777150671553,319.98260580270284,323.9664001464844,3721616
2010-12-10,323.81723209103825,334.4478161614573,319.5564790372088,332.6582946777344,4954314
2010-12-13,336.5994868249376,336.5994868249376,323.51896992062615,327.3962707519531,5447910
2010-12-14,327.6519654633703,327.6519654633703,320.8560579876895,322.9012145996094,4415392
2010-12-15,322.60299572169185,327.77979616751804,318.32091719754277,320.79217529296875,5004014
2010-12-16,320.40863001037667,320.40863001037667,307.2002955285659,312.2919006347656,11975430
2010-12-20,313.12279247030096,321.60167653106544,308.90463600401563,317.7669982910156,3900342
2010-12-21,317.89483321146474,322.87992039928474,317.89483321146474,321.3034362792969,1731572
2010-12-22,321.2607797632543,325.9050109869947,320.4938494158624,322.1981506347656,2135510
2010-12-23,324.88240263009664,324.88240263009664,317.04260703653193,320.13165283203125,1995952
2010-12-24,319.55651404485627,325.9476443257534,316.38224747089555,324.5841979980469,1476358
2010-12-27,323.90255467439846,326.75726532338496,322.11303262536353,323.8812561035156,800846
2010-12-28,323.8172977798646,327.60937916925474,320.08913810147794,325.67071533203125,1423448
2010-12-29,324.0516310427061,330.165828461974,321.3460627319687,329.4201965332031,2068256
2010-12-30,331.44408058613647,333.4892374069805,329.2497817645098,330.6771240234375,4179444
2010-12-31,329.93146306539796,334.4265791692511,329.93146306539796,331.5718688964844,983276
2011-01-03,338.62347362700734,341.5847032907947,334.1283827013356,335.55572509765625,3674214
2011-01-04,335.36389881261346,337.4516784375,330.29361773236513,332.8713684082031,3201716
2011-01-05,332.87139528047555,336.1734795216579,326.032890536949,328.5254211425781,2542148
2011-01-06,331.0605595766435,331.486634942894,322.9651276178839,328.6106262207031,3362466
2011-01-07,325.60682699915066,326.3311603827535,311.9084924398833,315.4236145019531,5000746
2011-01-10,315.72181833246304,319.55649628791804,307.64768565847345,310.41717529296875,2875516
2011-01-11,310.8219879946063,316.5527070250945,309.33072417283637,313.14410400390625,2192548
2011-01-12,314.1453549083378,321.21822142422496,308.90463322847336,320.089111328125,2933516
2011-01-13,318.4061089213044,323.51901320267604,312.63279303803745,314.3157958984375,2129098
2011-01-14,312.35584308846774,321.005193896832,310.9072024350025,315.1040344238281,3220780
2011-01-17,311.2693742422709,317.93746456824323,311.2693742422709,314.2945251464844,2076858
2011-01-18,315.27445290002265,320.387356977848,314.1879659845997,318.02264404296875,2953880
2011-01-19,317.8522155799019,326.2885024276902,317.63917790189925,319.9186706542969,4056480
2011-01-20,320.15301352382926,325.8411087799351,319.5564976593021,323.945068359375,4019932
2011-01-21,320.6004309058707,330.46406053485185,320.6004309058707,328.16326904296875,4604140
2011-01-24,328.5466752522105,339.4968163907123,328.5466752522105,337.2812194824219,4429296
2011-01-25,337.0468847438633,340.3063714220289,326.58674058887016,328.63189697265625,3060040
2011-01-27,331.4440024684495,331.4440024684495,309.117645255229,312.54754638671875,7676224
2011-01-28,313.16535489331574,313.18665345784007,288.4529867520745,297.35797119140625,10172806
2011-01-31,289.3051492249087,305.8368668366457,288.4529985644524,303.9408264160156,4297722
2011-02-01,305.0700040739108,305.92215492327927,297.03849272084506,300.7240295410156,3566886
2011-02-02,305.45343886955766,306.7316649616235,295.0571895851918,298.4870910644531,3056802
2011-02-03,295.73887386927106,303.323035489222,295.73887386927106,300.6600646972656,2994606
2011-02-04,297.8266372281816,299.9570137462659,281.6357756907411,285.2574157714844,5693360
2011-02-07,289.3051720362311,290.4981778538219,282.6157836230852,285.129638671875,3711164
2011-02-08,289.0921659283037,289.0921659283037,265.93497777754595,267.4475402832031,6482610
2011-02-09,268.21441001632354,284.06441688957045,263.69802209262275,279.16455078125,12804616
2011-02-10,279.0793539363936,282.0192842503202,273.7108149346566,278.0567626953125,3721688
2011-02-11,276.3311586201041,285.2574422608992,271.13303423215865,283.4253234863281,4956350
2011-02-14,283.3827338429547,293.8215809847485,283.3827338429547,289.77386474609375,4315510
2011-02-15,288.92170074565496,289.64603408266686,278.9515525960731,284.6396484375,3997940
2011-02-16,284.61832076627695,284.61832076627695,275.47899972618507,279.4201965332031,3476762
2011-02-17,281.2097632185943,286.961781102611,276.3311947010348,285.2787780761719,4597826
2011-02-18,285.08697173615514,288.79383203307583,275.3085644430553,276.77850341796875,2956902
2011-02-21,276.94898567258304,278.6745856898892,270.557855233985,277.37506103515625,2145022
2011-02-22,274.77605546053593,274.8186526013427,268.8748951462906,272.5817565917969,2440704
2011-02-23,273.1142576548817,276.4376396764009,269.91869301773414,272.9438171386719,2637332
2011-02-24,270.238308510223,272.6882419338474,258.2229776488974,262.4624328613281,6912314
2011-02-25,266.8722351710566,267.14919449900157,250.19140394084891,253.60000610351562,5959942
2011-02-28,252.8756606566243,273.75334788859493,249.25402103475182,262.3558349609375,11510142
2011-03-01,265.8710374809891,285.8539832323521,264.0815156814439,283.0418701171875,12328552
2011-03-03,279.9315490039146,288.41046020550397,278.4189864744919,286.2587585449219,7782578
2011-03-04,291.2437618833577,294.84410331717464,286.4078177008323,288.0908203125,6034444
2011-03-07,285.4705051930842,285.4705051930842,276.1607685229735,281.95538330078125,2602778
2011-03-08,284.55440197485854,285.4704743470079,281.3801615347134,283.2122802734375,1915264
2011-03-09,283.4892534030166,287.0682971199907,282.9140620225214,285.0870361328125,3122696
2011-03-10,283.2974727619828,287.1747475266569,282.1683628331284,285.4065246582031,2917362
2011-03-11,283.1271245242759,283.6810173846821,277.58814390905303,279.63330078125,2156372
2011-03-14,279.1858425661174,284.40526503301544,278.1206543075668,281.8275146484375,2198460
2011-03-15,275.3298881697118,279.93149661152603,270.64305945932097,274.5629577636719,3620494
2011-03-16,276.9489635120739,282.3175022486936,275.71333465725183,281.209716796875,2225270
2011-03-17,277.8437734016124,283.2336379138255,277.8437734016124,279.5906982421875,2150908
2011-03-18,280.3575862417797,282.4666644700937,266.12665884794524,268.8961486816406,3856988
2011-03-21,272.4326444668007,274.77605936726223,267.4475566592481,273.1569519042969,2360246
2011-03-22,274.392451310441,279.9101308042103,272.6881503706246,278.69580078125,1720280
2011-03-23,279.29238049115685,279.29238049115685,273.0929896035664,275.2872619628906,3843974
2011-03-24,276.94899331887444,284.8100891765025,276.30988025736934,283.55316162109375,2991290
2011-03-25,291.6698863616774,291.6698863616774,282.4666688656444,286.9404602050781,3181136
2011-03-28,289.2625954289875,291.62730866490006,285.51311115680437,288.8578186035156,2828276
2011-03-29,289.4542405207017,293.99195280315314,287.28126692395074,292.436767578125,1930810
2011-03-30,293.65115397653074,303.36566733618065,293.65115397653074,302.4922180175781,4072464
2011-03-31,302.08738668603013,305.3255485529321,291.88287808416754,298.4018249511719,6478300
2011-04-01,298.4657866633911,305.06995467664245,297.03844462404777,302.96087646484375,2832206
2011-04-04,303.7917251586914,318.7043624385711,302.53479767255783,317.00006103515625,4891860
2011-04-05,319.08781264150264,319.08781264150264,309.79935000393385,312.50494384765625,2042660
2011-04-06,311.0776051807043,315.72183693597395,306.19906318770626,309.607666015625,1845794
2011-04-07,309.9698082806888,314.8270775343275,307.20031858471015,312.4410400390625,1816444
2011-04-08,312.3131473896528,313.80441071279574,307.20024456744835,310.7366638183594,1901040
2011-04-11,309.01116882109307,309.01116882109307,301.5122525480379,302.5135192871094,2295382
2011-04-13,301.66133525832686,312.18540116690036,299.50966003139865,310.6089172363281,2394120
2011-04-15,308.1802605690949,313.12274967297,306.0072869322972,308.6702575683594,2141846
2011-04-18,308.9046425342212,315.04013825023503,306.45470916239805,307.6903381347656,2596894
2011-04-19,304.26038166541946,313.46362436393446,304.26038166541946,309.3306884765625,3549108
2011-04-20,313.1228294059844,328.0780659040544,312.3132757242492,325.2020568847656,6623506
2011-04-21,325.2020375257043,330.1232030201956,321.09039965917844,325.7985534667969,4247300
2011-04-25,326.6720161953136,331.89143987430003,323.81730579834397,327.1619873046875,2350256
2011-04-26,325.94767271057066,327.2258988780631,318.7256896631228,322.38995361328125,2453096
2011-04-27,323.753328081671,330.2083797131316,322.96509912587584,328.2484436035156,2958010
2011-04-28,326.84239203423135,330.05928174547756,324.0729022469324,328.1845397949219,2282926
2011-04-29,326.41635789634813,328.50413778645736,317.1066206842683,322.283447265625,2145334
2011-05-02,324.66940187112476,326.2884829260601,314.187959142082,315.998779296875,2499470
2011-05-03,313.6979489092368,315.018771976099,298.508353612455,301.70391845703125,5306574
2011-05-04,302.5135112732742,303.7491402426774,291.56336911480236,299.9357604980469,3456298
2011-05-05,300.80917625014104,304.3455962089075,291.861594520321,295.0571594238281,2150516
2011-05-06,294.92936652769,307.2003315753546,294.92936652769,304.38824462890625,3179698
2011-05-09,306.77426041116684,308.47856185789556,300.17009230509314,302.6200256347656,2187694
2011-05-10,302.5347985384835,305.3469114655123,296.2075899624263,298.0823059082031,2241276
2011-05-11,297.0171618889778,300.19142893713075,294.97200509468735,297.4432373046875,2494810
2011-05-12,296.1223574898837,300.53222679991325,291.8616041447055,293.67242431640625,2286104
2011-05-13,292.71374638811625,297.8479488201555,287.9416975777629,294.3541259765625,3846000
2011-05-16,293.56593130489557,293.56593130489557,285.0018267300169,286.599609375,2942882
2011-05-17,286.1095775174703,291.32900018997816,283.36138650103516,285.6835021972656,2858850
2011-05-18,287.9416599770013,287.9416599770013,279.46277777471397,285.640869140625,2545688
2011-05-19,288.83645207666916,290.9029068494234,286.3225974409557,288.0908203125,1707394
2011-05-20,290.58336977684905,295.56845624832914,286.9617295376948,294.3541259765625,1690740
2011-05-23,289.9443034962922,293.9067994303941,289.36911212083055,292.6498718261719,1464506
2011-05-24,290.66860131529455,293.991983756646,287.38781600559093,292.7776794433594,1631474
2011-05-25,294.84419635177755,294.84419635177755,289.0495809297551,290.2638854980469,1153150
2011-05-26,290.8177308508115,298.67882641916435,281.8062526185433,291.7976989746094,6743098
2011-05-27,290.2638230250681,301.61874114637044,290.2638230250681,300.34051513671875,3584940
2011-05-30,301.2352305367071,303.5573460722275,280.8901354049847,282.50921630859375,9630202
2011-05-31,284.19226047673357,289.7312400662351,276.5016055555023,286.365234375,12347424
2011-06-01,286.74870835931966,291.201200933919,286.3652301450191,287.9630126953125,3062502
2011-06-02,285.04434986071254,285.32130918283514,279.9314467241975,281.8487854003906,3282586
2011-06-03,282.4878932265617,286.9403848292104,282.4878932265617,285.0656433105469,2481004
2011-06-06,282.4879510322794,283.34010171412643,278.3337164582753,280.1871337890625,2586026
2011-06-07,279.0793716149264,284.06445872122447,278.6958933738353,283.02056884765625,2609038
2011-06-08,279.4628525236745,284.1709802779515,277.7798495692739,283.0418701171875,2801962
2011-06-09,281.2949646576113,285.19353869229445,281.2949646576113,283.5318603515625,2413294
2011-06-10,283.46791787541815,284.72484532675975,280.2723528324691,282.1470947265625,1625844
2011-06-13,282.65844296210713,285.68356803044367,280.3363267307661,282.9992980957031,2516510
2011-06-14,283.3827085659852,287.98434321025456,283.3827085659852,286.17352294921875,2332576
2011-06-15,284.7035827693339,289.66734549383756,282.5305826619494,283.2762145996094,1769380
2011-06-16,277.20460091499456,283.6383540389204,277.20460091499456,279.9740905761719,2926134
2011-06-17,278.355018008544,281.2097280244527,273.47645010155014,274.43511962890625,3508586
2011-06-20,275.6707616204383,275.6707616204383,262.76068324025647,269.8122253417969,4543106
2011-06-21,272.0917139830384,273.7534182861498,269.2796270145473,270.3235168457031,1609290
2011-06-22,272.34733473195854,277.1832789451475,270.23825681310683,276.3950500488281,2835006
2011-06-23,274.7120544197831,279.505401627573,273.7959821067318,278.4189147949219,2707678
2011-06-24,279.9315083265705,288.1334589130035,279.5267315380729,287.0895690917969,2583302
2011-06-27,285.214825843728,298.9344301620901,283.7661593726294,295.39801025390625,7790954
2011-06-28,295.05716358881267,298.63620673349146,292.75634642358006,295.80279541015625,2618356
2011-06-29,296.54843986304894,300.29789769468505,293.5659124506332,294.60980224609375,2267666
2011-06-30,295.31283278029287,300.38314015824443,294.5033051690283,299.06231689453125,3799826
2011-07-01,303.2804178206971,303.2804178206971,293.2889460280375,294.7589111328125,2148088
2011-07-04,299.1049152829095,301.2139936046095,297.63495002805325,299.6162109375,3128130
2011-07-05,300.74526710050293,307.9672492849307,299.2753279880053,305.58123779296875,3936710
2011-07-06,305.7091554098252,306.774344104633,302.0875138474789,304.72918701171875,2583022
2011-07-07,305.4960531188657,310.1828823856823,304.30304723388247,309.3946533203125,2820428
2011-07-08,308.64904262583553,314.63539703645574,302.9822187725398,305.751708984375,3106930
2011-07-11,305.49600367747837,313.08013915343355,303.49344447736206,309.6502380371094,2753104
2011-07-12,305.19776516072926,308.8194056019908,298.2953393539156,299.6800842285156,2397508
2011-07-13,300.1913306743452,308.222865234827,300.1913306743452,306.04986572265625,2142282
2011-07-14,307.3903888473662,312.57914189208395,303.97444920304855,309.27130126953125,2148456
2011-07-15,308.3632498550583,312.9682518966065,305.7688735866841,311.8224182128906,2097732
2011-07-18,310.35223423390124,311.3683542944945,304.622987137281,305.61749267578125,1580096
2011-07-19,306.97959867982945,310.02798572986325,303.75824264327605,309.7469177246094,1537806
2011-07-20,310.2874433005662,311.23872003715246,304.406866660266,305.1203308105469,1072138
2011-07-21,303.5420216156435,307.2390024980748,301.42327045238056,303.8230895996094,1179430
2011-07-22,306.52558698425855,313.91954928271997,305.0554297781804,313.2060852050781,1437780
2011-07-25,311.7575440979623,325.59421734502854,311.7575440979623,323.56195068359375,4088972
2011-07-26,323.302531359906,325.788808643535,308.4929666704638,310.3522644042969,4101922
2011-07-27,310.4603438446983,311.5413338998678,306.4174515949076,310.5900573730469,2394090
2011-07-28,306.5687624002969,314.1140778391962,303.54199041609087,309.6387634277344,3075146
2011-07-29,309.1631673600498,313.24931519993356,306.30936406403936,311.6494445800781,1922582
2011-08-01,313.27094613466977,318.0705318543087,313.27094613466977,316.0599060058594,3287918
2011-08-02,314.1573503500482,317.7030033004038,311.3900314164094,312.7953186035156,2828730
2011-08-03,309.29289264570605,311.32515938104893,303.3042178447121,306.52557373046875,3104520
2011-08-04,305.3580983404224,306.87148452807105,292.5591593186339,293.79150390625,5177722
2011-08-05,285.381364411145,289.272928471297,275.97675126577775,282.50592041015625,6048310
2011-08-08,277.12264765342474,293.98609412990834,273.5337392132892,288.94866943359375,5129658
2011-08-09,275.0903193570418,302.6771767606719,275.0903193570418,299.6936340332031,9495834
2011-08-10,307.0011332951279,317.16243841123423,304.471627471703,315.822021484375,7799668
2011-08-11,310.89280065763165,319.7136917891642,308.8821482053169,315.0437927246094,3592542
2011-08-12,317.2490318749841,321.2270813739053,315.6491609862331,319.9515075683594,5078270
2011-08-16,321.31347074618697,322.39446079228685,315.0437284788076,316.5138854980469,3883590
2011-08-17,314.243841148532,315.6491283638505,308.62269228725796,310.9576416015625,3229408
2011-08-18,311.28194612071366,317.7246318276468,304.92571851601633,310.1144714355469,3242690
2011-08-19,304.2555036568961,314.5897538422574,304.2555036568961,310.67657470703125,3147054
2011-08-22,310.8927210487239,312.83850303025275,302.0934730887973,308.6442565917969,8068954
2011-08-23,309.16318778467297,310.8279020854305,299.4558908060288,306.6769104003906,6500122
2011-08-24,303.6285580655654,308.08223278403005,300.342331747717,301.5746765136719,6351584
2011-08-25,304.7094948488222,305.87696943579357,298.37488230248323,301.5530090332031,6294038
2011-08-26,300.6017582312441,311.2386911767751,300.5801437056505,304.55816650390625,4514026
2011-08-29,305.92023588053223,320.83790109308114,305.92023588053223,317.0760498046875,4836220
2011-08-30,319.97307887893436,321.96209016406993,317.4219316124094,319.17315673828125,2773386
2011-09-02,323.4322704392792,332.9017552239261,320.3190133599869,330.82623291015625,6187726
2011-09-05,329.78847530414095,334.9772279464779,326.45902041370255,332.5341796875,3614312
2011-09-06,329.48578412110635,345.9168337229463,329.20471613716245,344.7493591308594,9012384
2011-09-07,346.15463531489286,350.52185103727436,337.11757415464604,339.6038513183594,4960100
2011-09-08,342.8468373536291,344.59803607148285,337.65808477251545,341.91717529296875,3830148
2011-09-09,342.4144626625912,346.73842341655063,340.7281074120022,342.2198791503906,3642282
2011-09-12,337.03113540212075,341.1605127560668,334.5664724271314,338.7391052246094,4443066
2011-09-13,339.7551802887046,343.9278125312629,330.99916068851843,338.0472106933594,2869218
2011-09-14,339.6038727907102,347.8193978511242,338.7174397632085,343.08465576171875,5912254
2011-09-15,345.91682092176575,350.67317720944004,342.9116632617361,348.25177001953125,4934022
2011-09-16,350.45697866202323,352.5757297434822,342.89004821589685,344.425048828125,5968350
2011-09-19,343.754905741547,347.3654026855573,340.901101986276,345.8736572265625,2746406
2011-09-20,347.0842721032218,354.3485195752421,344.72770864107594,352.143310546875,4012450
2011-09-21,353.2243149468482,353.2243149468482,348.12202086056334,352.1865539550781,3835756
2011-09-22,347.4085853429142,349.48408094747316,336.66352847927794,338.80389404296875,2594714
2011-09-23,336.18793467038535,340.728093273651,333.33413124773415,335.3447570800781,3173724
2011-09-26,337.26892877479617,337.4635122812077,328.2750959524072,333.42059326171875,2782680
2011-09-27,337.3121008444773,346.58700009730563,336.68514777280245,344.96551513671875,2956338
2011-09-28,347.5599718263098,347.64645632257304,336.1014754425434,342.0036926269531,2325638
2011-09-29,340.40378928833417,356.2511150273711,337.24730341156675,351.9271545410156,7254578
2011-09-30,350.67317829683134,354.5647425442684,346.88971305626745,347.970703125,2838314
2011-10-03,345.91685812956774,353.85131550636993,344.25214380636396,350.4137878417969,3996994
2011-10-04,347.75453102362513,351.5379965461078,334.5880657271131,335.88525390625,4014422
2011-10-05,336.66354969241246,343.71162633087687,335.8203985187224,339.1065979003906,3639250
2011-10-07,344.70612255238643,347.9923218444167,342.0252618713304,344.31695556640625,2772016
2011-10-10,342.45771262452314,350.67323855869734,342.45771262452314,348.8787841796875,2818386
2011-10-11,352.4028096803477,352.4028096803477,343.3441064109055,345.3763732910156,2135540
2011-10-12,345.5276933691873,350.7380871919567,338.65261160368027,349.2247009277344,4914106
2011-10-13,352.40278915910534,352.40278915910534,343.0197893719342,345.44122314453125,3727320
2011-10-14,343.1495302612114,349.8300552038418,343.1495302612114,348.35992431640625,1481590
2011-10-17,350.8893451015973,354.32689849269394,349.46244361605443,351.4298400878906,1791178
2011-10-18,346.8249015755052,350.0895132466274,344.5980774932555,349.15985107421875,1492326
2011-10-19,350.45703933143216,353.48381203386276,349.31117910896654,350.4354248046875,1428572
2011-10-20,348.51128769716695,352.40285294440577,340.0795629948161,346.6087341308594,2275984
2011-10-21,347.5166866459859,350.45697430450707,343.75483599269967,346.80322265625,1188030
2011-10-24,351.7109609429533,352.40278407293255,349.37601169439205,350.1759338378906,1664082
2011-10-25,352.18661016158,371.23365236963974,349.8084317013115,369.2013854980469,5349704
2011-10-28,375.4278352968587,379.3410139050675,371.23358872589546,376.4007263183594,3443196
2011-10-31,378.34652135218386,378.34652135218386,368.0338867267279,374.17388916015625,1811934
2011-11-01,371.5147258341422,373.1578256979929,359.6670624107083,360.63995361328125,4103788
2011-11-02,359.5372912611059,367.49338859961495,358.75898370201145,363.4504699707031,2495188
2011-11-03,362.6505812344042,365.655739133274,357.61315657282944,363.0829772949219,2305300
2011-11-04,367.01776609300947,367.40693309893425,359.45083513283345,361.6344299316406,1904518
2011-11-08,363.2126687843147,366.0232430070505,358.9751929267696,361.3317565917969,1590322
2011-11-09,362.45605775614945,363.21275098737317,350.2408670235384,351.5380554199219,1893452
2011-11-11,351.5379660930639,366.4340143380098,348.42470945455835,363.8180236816406,6495974
2011-11-14,365.80710745358823,367.83937443993653,338.2202410350065,342.04693603515625,9510898
2011-11-15,341.9388451883677,343.6900441897987,325.39969365783026,328.2967529296875,4986120
2011-11-16,330.02627442429736,337.5715905295644,326.5238770898005,335.21502685546875,4285388
2011-11-17,334.1989341746833,336.70682611077916,326.2860649541907,327.9508056640625,2966038
2011-11-18,325.59419404688265,327.6696896071569,312.4277303240857,319.0866394042969,5070078
2011-11-21,316.08148519952647,321.8756023247068,307.8659609604143,310.9792175292969,4154262
2011-11-22,313.5303822538899,316.0815296433978,303.97443958865756,306.8498840332031,4577000
2011-11-23,305.70398754271605,305.70398754271605,294.5481754537996,301.4016418457031,4107174
2011-11-24,300.9909208343765,311.0657712843568,296.83992874568025,308.4065246582031,7212078
2011-11-25,306.136453954646,313.4655734907315,301.250383061044,305.3797607421875,3705350
2011-11-28,309.6388476605829,312.77371949702217,303.7582710480839,308.5794982910156,3189574
2011-11-29,311.28191523453205,315.5193910867564,306.1796209234999,313.7465515136719,4674526
2011-11-30,311.67108562918116,316.5139269481909,304.2338678597764,313.5736389160156,4627892
2011-12-01,324.0808795860614,326.45905815540544,313.660144047845,315.6059265136719,5409808
2011-12-02,317.22738261713414,325.2050688774764,311.865660871942,324.232177734375,3532738
2011-12-05,322.99987852463954,327.32383941519697,321.0108670715283,323.8214416503906,1883908
2011-12-07,325.16182455769547,329.8965665100456,324.5132304927533,327.6481018066406,3888496
2011-12-08,327.66976196698056,328.4913251202085,312.47105476317296,315.6059265136719,3485446
2011-12-09,309.24965756231046,311.2602833425961,301.4665287296585,304.08251953125,4894924
2011-12-12,305.9850601199656,307.7794878033981,294.4616954040703,295.391357421875,4268204
2011-12-13,293.5969359742081,305.2716300409292,291.91058071913693,303.1096496582031,4201860
2011-12-14,301.92057939522425,304.6230550432302,290.4404681207677,292.3213806152344,4515986
2011-12-15,287.65142353708865,291.65108632208387,284.94894868236213,287.47845458984375,5525220
2011-12-16,286.89478682728054,297.70468836561065,280.1926478735159,285.40301513671875,4902920
2011-12-19,284.6030574010609,287.2839179257033,277.9225338072361,282.0519104003906,3498620
2011-12-20,283.65183069785303,284.6895918545121,273.36080919166073,280.9925842285156,5168588
2011-12-21,286.57048750722106,301.3800524972208,283.976111158608,298.5046081542969,5175216
2011-12-22,290.6998836690206,300.9476761971085,290.6998836690206,299.5423889160156,2821650
2011-12-23,305.2716195423621,305.8121146194555,299.2180746789158,301.1422424316406,2892840
2011-12-26,299.88826855520466,305.271604536709,299.7153259738525,303.4555358886719,1813534
2011-12-27,303.10961464871536,307.649772928047,299.6288319128329,304.21221923828125,2188960
2011-12-28,304.75270932990725,306.1363818708722,295.47780943139514,297.2290344238281,2258932
2011-12-29,296.1048543137405,301.3368631407661,292.88349797828226,296.7534484863281,3281970
2011-12-30,296.9263990941525,300.2990833043958,292.01868765745587,294.8076477050781,2626542
2012-01-02,297.4019655686574,299.2180340594283,289.61883751508844,291.4349060058594,3061024
2012-01-03,293.38074023497245,294.0293343548729,283.457244922223,287.2839660644531,6255640
2012-01-04,288.40816785169716,288.64598040298785,275.04711923425714,276.32269287109375,7171646
2012-01-05,276.7334537607662,281.79249249060194,271.5879305483585,281.1222839355469,8515844
2012-01-06,279.3278295558752,284.94897782867145,276.1280884440477,283.47882080078125,4451408
2012-01-09,282.72219335705023,283.5869855996551,276.4957050451141,282.37628173828125,2521148
2012-01-10,284.9057892360938,300.3423082639356,283.932898050741,298.00738525390625,4719090
2012-01-11,299.0018599193997,299.43425595688257,289.31617812323964,294.1806335449219,4350152
2012-01-12,293.16454953563454,297.89929200773486,290.5701729910714,296.62371826171875,3569874
2012-01-13,298.35326463825595,302.11511542718415,294.894096352595,299.369384765625,2929640
2012-01-16,296.9263829419604,298.7424516921819,294.8076316681418,297.4020080566406,2980790
2012-01-17,300.29901732616526,306.5687592285834,298.3532353564493,305.0986022949219,4886072
2012-01-18,306.13647159596604,306.84993579394387,291.00260647469656,295.78057861328125,5468830
2012-01-19,299.65049344648685,301.25036427418513,289.87835226870226,290.98095703125,6062714
2012-01-20,293.0780933103191,293.5537448908561,279.3495161043766,284.0842590332031,9640546
2012-01-23,283.45716841013734,288.2783939565745,282.87344441633337,286.0515441894531,4112980
2012-01-24,287.5433601595952,298.02896389473835,284.0841919170738,296.3858642578125,5084102
2012-01-25,299.39108295802185,299.39108295802185,294.61308473626997,296.8399353027344,2870504
2012-01-27,300.0612391561762,304.7959811027428,287.5433684398102,302.720458984375,5635446
2012-01-30,300.9476576943485,302.56914291899477,285.59759756769705,287.58660888671875,4371634
2012-01-31,291.34844970703125,293.618528942224,287.1542027942127,291.34844970703125,4152954
2012-02-01,291.65120099445926,302.6773027370222,291.21880484769207,297.8777160644531,12111934
2012-02-02,302.6340503766288,307.4336366796386,298.6992299092016,302.93670654296875,10285782
2012-02-03,303.9744532059644,310.3522955740838,301.20710765579446,307.3471374511719,8194784
2012-02-06,312.4926275743919,313.03312263163576,303.3690551732991,307.0876770019531,4730274
2012-02-07,311.75750799214035,311.75750799214035,296.32096591037464,298.201904296875,8966772
2012-02-08,294.02932690560607,301.6827426048037,290.5701583537754,297.03448486328125,8695042
2012-02-09,297.92086620803144,305.70399478821224,294.8940939824056,303.5636291503906,5032290
2012-02-10,303.10961576225986,307.8659720723667,295.88859681318957,299.0234680175781,4776944
2012-02-13,300.42873030128607,306.52552963015864,299.28289675601127,304.9256591796875,2724396
2012-02-14,304.8391581504909,311.3250976856078,304.40676218148315,310.1576232910156,4696856
2012-02-15,313.48713907681736,324.5997229402953,313.48713907681736,317.61651611328125,9761694
2012-02-16,317.29221883018056,318.54617794207303,308.12541721625945,313.162841796875,4193388
2012-02-17,317.7679059410123,325.46455127893705,315.6491544845024,323.69171142578125,6917376
2012-02-21,324.01599121160183,332.64229826511223,319.2164052916986,329.7452392578125,5670406
2012-02-22,330.15599478664154,331.3883393493536,318.2434890285854,321.18377685546875,4938240
2012-02-23,319.10830513427567,322.2431766955541,310.4603835859213,312.83856201171875,4393892
2012-02-24,315.649147485334,319.69204039315576,311.36841561357676,315.6275329589844,2994266
2012-02-27,316.9462835448033,316.9462835448033,298.87213513661834,301.22869873046875,2938314
2012-02-28,303.4339529978136,307.4336167886647,301.5962696344496,304.4500732421875,4424346
2012-02-29,307.00124082323043,310.4171806790769,297.92092243268416,306.9363708496094,3214850
2012-03-01,304.060974363463,306.52563766759744,289.1649218938007,294.78607177734375,6435950
2012-03-02,295.69401913798595,297.9424838070769,291.5214132186858,294.0076904296875,6605184
2012-03-05,291.867326261522,295.6724061256225,289.1216219710131,291.9970397949219,5459590
2012-03-06,291.8673647813496,299.17486935982794,290.1377803974601,294.526611328125,4574076
2012-03-07,294.0293674139019,295.0022587031391,288.51631677489127,291.82415771484375,4784326
2012-03-09,296.1048395488954,296.14809499306307,285.81381780192476,292.7105407714844,5623564
2012-03-12,296.19130756561026,296.3210211081696,286.02999993379734,287.0245056152344,4873620
2012-03-13,288.21365137792134,288.97034464796616,282.1601052175632,284.12750244140625,5793622
2012-03-14,286.7434509630304,294.9373349931267,285.5111063863631,289.2513427734375,6638430
2012-03-15,289.61890425909365,289.61890425909365,283.5437442955032,284.3220520019531,3179316
2012-03-16,283.13293448431955,301.6394805527775,281.05743867697714,293.1429138183594,12535248
2012-03-19,295.75890265325387,301.7475774793814,295.41299108631756,298.7856750488281,7740356
2012-03-20,297.4884400731568,302.1583114704525,294.2022411172635,296.92633056640625,6035234
2012-03-21,296.1481013801066,303.49883512809976,295.6724498321829,302.5043029785156,3251422
2012-03-22,301.5530442529339,305.0986710840798,293.5969456263951,296.62371826171875,6251682
2012-03-23,296.62370847745706,300.51527316593683,291.8024816679623,297.3804016113281,2853048
2012-03-26,295.78049964130764,297.4884692415331,291.4781538558363,294.6562805175781,4061450
2012-03-27,299.6504379310179,299.6504379310179,292.9699142313404,296.1480407714844,3221298
2012-03-28,294.50492374051055,299.90987408365135,292.7537251076048,294.5697937011719,2987300
2012-03-29,291.8673361893959,295.5427026451142,290.7863460553611,293.79150390625,4167620
2012-03-30,294.46166374231973,304.839167310331,292.73207981431784,302.763671875,2895548
2012-04-02,305.9850993458821,308.68757487041165,301.8340811053871,307.28228759765625,2880294
2012-04-03,308.81732386193266,309.2929490522949,303.9960964162688,305.5310974121094,1912026
2012-04-04,303.10965541551445,304.81762522858196,300.0828828222069,301.7259826660156,1830792
2012-04-09,299.21804408566993,301.20705520946484,294.5049169387598,295.5859069824219,1092178
2012-04-10,297.27229745808745,300.8179505024053,294.89411907842276,300.21258544921875,1845300
2012-04-11,298.3532676461647,303.1096240869006,296.92636599221584,300.2774353027344,3426258
2012-04-12,299.4774758745775,303.41229553053523,298.3532567679375,300.66656494140625,1932496
2012-04-13,301.81244452050987,307.3254941876109,298.37489062628066,299.1531982421875,2321388
2012-04-16,297.92083712069217,299.13154061446426,294.11575768682695,296.645263671875,1683990
2012-04-17,295.3264892479495,299.2180535279371,293.42393615452295,295.9318542480469,2902502
2012-04-18,297.0560702953574,300.29904049508843,296.73177327538434,299.3045349121094,2327608
2012-04-19,302.20164610525933,306.7850342278044,299.4343004971875,305.50946044921875,2832348
2012-04-20,304.83923460260183,315.36806853197663,304.7311355832392,314.1141357421875,6215068
2012-04-23,313.4871332915272,317.29221321734536,306.1580150349222,308.9902038574219,3264910
2012-04-24,308.773970375623,311.13053383353355,302.093473346429,309.9198303222656,3191268
2012-04-25,307.2173827051896,309.48746188774027,302.7637088253145,304.1041259765625,1762188
2012-04-26,306.4823459224598,308.64432639086226,302.7204946291669,304.34197998046875,4072598
2012-04-27,305.05539159706126,312.1899259150648,305.05539159706126,308.14703369140625,2831972
2012-04-30,310.7630946354452,312.03866845915246,303.67178775851863,307.0228576660156,2939768
2012-05-02,309.1632269879974,311.7359891901565,307.52012700395653,309.3794250488281,3507106
2012-05-03,307.7795510978313,309.16322395183266,303.28264731153246,305.1203308105469,1710010
2012-05-04,302.1367367640413,303.73660741050935,294.764389467248,297.07769775390625,4106908
2012-05-07,294.0293711786685,302.2448977263078,289.2946282321506,298.35333251953125,4231810
2012-05-08,300.2991011420109,302.2448836548101,291.49985077956467,292.5808410644531,1865514
2012-05-09,288.92704059306686,290.82956734338273,280.19263526487146,283.34912109375,3109084
2012-05-10,282.61404617940934,292.73212425067396,282.3762336314807,285.7056884765625,4236132
2012-05-11,282.7870172569092,286.2461856637216,277.5982646466907,283.24102783203125,3522152
2012-05-14,283.6517876173619,289.66210282006585,283.04642263602534,284.04095458984375,2372118
2012-05-15,281.1654955292146,285.2948719999689,280.3871880170937,283.1761474609375,2234486
2012-05-16,276.7334249038867,284.9489484557208,276.6685549508825,283.8463439941406,2914242
2012-05-17,286.15971865281904,287.3271933396952,273.771586874119,275.28497314453125,2643030
2012-05-18,271.54477089670246,280.81967320639956,268.5612270293486,277.3605041503906,2309952
2012-05-21,275.1119826120049,282.7437833345244,275.1119826120049,279.88995361328125,858272
2012-05-22,281.5546980435487,283.6518083260001,274.744460267429,276.0632629394531,1468180
2012-05-23,276.0632796786528,280.27914141473815,274.11749733892105,278.744140625,3469116
2012-05-24,280.4088458146501,283.99772784595626,274.18233197401776,282.22491455078125,2953242
2012-05-25,281.0574835863428,281.66284872292107,275.0039377860216,275.9984436035156,2175892
2012-05-28,276.88478709777985,283.65179552000666,276.88478709777985,282.7437744140625,1574674
2012-05-29,283.8896691999502,285.6841236664568,282.05198567770145,283.37078857421875,1766542
2012-05-30,283.2193944662696,286.59207816026793,279.9764243006253,284.3003845214844,5021358
2012-05-31,283.0464326911402,284.3003917435872,280.214243952803,282.181640625,4402734
2012-06-01,281.0574374714881,283.1329332699284,276.3010808373552,278.9603271484375,4479520
2012-06-04,276.69026431196596,281.2736522392582,275.11200805108075,280.9925842285156,1616758
2012-06-05,281.9222085376694,284.47335564386367,281.0574164869404,283.1112976074219,1559474
2012-06-06,285.40301707495496,292.29973958151896,283.9112453742622,291.6727600097656,3074456
2012-06-07,292.14842471060285,299.15322015829986,287.9757919434656,297.726318359375,2676424
2012-06-08,300.0828620250112,300.0828620250112,292.64564460433246,297.7911682128906,2526222
2012-06-11,299.6504880387262,301.0557753202931,292.25652551379625,293.8131408691406,1463296
2012-06-12,291.86734828369276,302.4826665615162,291.5646657553484,300.7530822753906,1418462
2012-06-13,298.39648290508575,298.8937488847286,292.0618970456351,295.49945068359375,2947442
2012-06-14,296.10476649743725,300.082814854471,292.99151011404746,294.2022399902344,1816126
2012-06-15,296.6237130469471,303.06642524255847,295.3697538492416,302.0070495605469,3654156
2012-06-18,303.9743916076773,306.95793459963005,295.8669665114555,299.7153015136719,2109428
2012-06-19,298.78567740163606,302.67724194087594,298.3748958664441,300.7746887207031,1827626
2012-06-20,302.2448151992877,303.6933312964176,299.4342410951455,300.147705078125,1814974
2012-06-21,297.9857381787586,301.38003649812623,295.24000752075335,300.4720153808594,1907932
2012-06-22,297.4885063136576,304.320359174565,297.4885063136576,301.7259826660156,1818590
2012-06-25,303.2826121485697,305.92021760244904,296.7101866476017,297.9425048828125,1954370
2012-06-26,297.4884875314403,301.3800520485667,296.7101799062872,299.60723876953125,1082318
2012-06-27,301.38012323885016,303.06647881782385,296.34269742300256,299.4775695800781,1390402
2012-06-28,301.3800542644566,303.3474510620858,296.19130153680453,299.04510498046875,3097968
2012-06-29,302.67720173592704,308.2118652893982,302.33129021221464,305.81207275390625,2685552
2012-07-02,306.5687869346351,310.46035122576586,303.15284772254324,309.11993408203125,2416424
2012-07-03,310.89273932471434,312.0818283833276,308.29836319683073,310.4171142578125,1505186
2012-07-04,311.32519129176825,314.6546465324668,309.7469349738132,310.6982116699219,2751392
2012-07-05,310.0280137889329,313.9195788155722,309.768586677036,312.21160888671875,1825486
2012-07-06,312.2115432004798,317.162482943237,312.2115432004798,316.3193054199219,3759414
2012-07-09,314.9573242939662,318.654305606104,314.1357611617742,315.6275329589844,3393804
2012-07-10,315.649119912156,318.6758922948753,315.649119912156,317.1625061035156,2954326
2012-07-11,315.1734947178562,319.51906978780903,314.78432771221713,315.8869323730469,3768838
2012-07-12,316.7448278533352,318.39454049840464,314.9851343652611,316.10693359375,3151010
2012-07-13,316.10684659900176,318.94435693777746,315.248990889495,316.6787414550781,1269456
2012-07-16,316.74485068498075,320.2642379148139,315.05115632094106,315.7330322265625,1963240
2012-07-17,317.2067482571711,319.0104502283663,309.3541266526467,311.5097351074219,1562276
2012-07-18,312.7634785577075,313.6213343712376,305.30677317977313,311.7736511230469,1580934
2012-07-19,314.5452388969994,315.84301832974023,310.8278807035124,312.41162109375,1723084
2012-07-20,311.0258476911846,313.35743637019596,307.946383852658,309.3321533203125,834062
2012-07-23,307.06649335227877,310.5858800955713,303.98702995189774,304.4489440917969,900332
2012-07-24,305.08683963697786,307.7483705030184,300.46764451630264,301.78741455078125,1064264
2012-07-25,301.7874190921486,302.31533248404224,296.9922438210679,299.85174560546875,942334
2012-07-26,302.18331427351626,302.18331427351626,298.37796712970453,300.0276794433594,2302232
2012-07-27,306.09861107754085,306.14261951575713,299.96167598699645,302.4252624511719,1823968
2012-07-30,303.76708565438406,311.90566796373395,302.8212396727106,310.8278503417969,1779854
2012-07-31,310.2559555435704,313.2254382800739,303.61312342148653,308.3202819824219,3136338
2012-08-01,309.92603605855146,312.27961551399454,305.3068403472459,307.4844665527344,1908952
2012-08-02,305.74670738309567,307.1764581730166,303.5910723748994,306.0106506347656,983320
2012-08-03,303.98702098252875,304.0530202223341,299.4778068507329,301.2594909667969,1255444
2012-08-06,304.11894638458404,306.53852433142487,302.31527174634397,305.7906494140625,1329338
2012-08-07,306.296595785006,308.2102513881953,303.98699847388025,306.6485290527344,2100568
2012-08-08,308.1662540790393,320.4401241895252,307.9023108544037,317.93255615234375,5686870
2012-08-09,320.66017091930655,330.9983706232526,320.48419082232647,326.88507080078125,4783322
2012-08-10,326.4230933497469,327.52290161575013,322.72772683566114,325.34527587890625,1679326
2012-08-13,324.663435081421,326.2031668196121,321.14404825127014,325.4552917480469,1361920
2012-08-14,323.4535790228732,330.60233204446,323.4535790228732,329.2825622558594,1339482
2012-08-16,329.0626711355067,338.30106163530036,329.0626711355067,336.67333984375,2828960
2012-08-17,336.98131499885363,342.48035734544067,334.38575627094747,338.4550476074219,1961664
2012-08-21,338.74095437681245,346.6155924980953,336.9372795159006,345.5817565917969,1506570
2012-08-22,343.9760796359619,348.19933307443864,343.1622053243661,345.7797546386719,1044364
2012-08-23,346.2196945463676,347.4734654190841,338.30107383247355,339.2029113769531,1259146
2012-08-24,336.5413457404639,336.5413457404639,331.8121699669868,335.1995849609375,2275312
2012-08-27,336.5414126888736,342.28240788811314,336.5414126888736,340.28076171875,1508728
2012-08-28,340.1047489214327,342.26038418942056,336.5413803404971,339.2029113769531,1048902
2012-08-29,339.62082695441603,341.7324536689486,334.8916509314109,339.5328369140625,1309932
2012-08-30,338.30098827144644,344.2179615118908,336.1453535486486,339.6207580566406,3828734
2012-08-31,337.9711068445109,340.78662696823704,333.7698443066115,335.7275085449219,1468502
2012-09-03,338.2790356027304,340.78660384736054,331.5482143098301,333.1319274902344,1345712
2012-09-04,332.93398261625805,337.1132543999142,330.3824325816576,335.067626953125,1245912
2012-09-05,333.5938110408837,335.3975125625185,328.7106734729261,332.20806884765625,968164
2012-09-06,330.162470750804,335.35356085680786,326.5770847451728,333.94580078125,1654206
2012-09-07,338.6969453458342,340.6106008810542,334.7816173981043,336.0133972167969,1811974
2012-09-10,336.1014426657754,340.7646194807696,334.1217875715398,337.17926025390625,1164884
2012-09-11,334.38576821683637,336.98132703746853,333.06599800650685,335.3976135253906,1447586
2012-09-12,336.9812565794089,337.81712161150074,333.2858900228182,335.6394958496094,1347052
2012-09-13,334.42974072107455,335.4415590700786,330.82236383042505,332.4720764160156,1089010
2012-09-14,334.3417301173387,346.48360326023175,334.3417301173387,341.9084167480469,3792260
2012-09-17,347.4515051651873,349.9370831814289,341.9524625193379,348.4193420410156,3300546
2012-09-18,347.5174043121483,355.01809095029654,347.47339587318197,351.16876220703125,3457900
2012-09-20,345.8897025613452,353.06044714571846,343.558114388005,345.163818359375,2666092
2012-09-21,349.2331360946162,362.4088456251398,347.759403631686,355.85400390625,6069858
2012-09-24,357.21776669367216,371.4272857868214,357.21776669367216,369.1396789550781,4341418
2012-09-25,370.5474309981386,375.012663724847,365.57630253122943,372.1971435546875,3054860
2012-09-26,370.96533989716244,378.20208388731226,368.58974322688,373.8468322753906,4493424
2012-09-27,374.770707810206,382.71131880594953,371.7352259937282,374.9026794433594,5886478
2012-09-28,375.5845672535486,383.8331302239779,375.5845672535486,380.4017333984375,3832424
2012-10-01,380.0937512411624,383.6131378267287,377.7181545555896,379.9397888183594,2716792
2012-10-03,380.8415868829955,385.7467153189813,380.0497303532761,382.68927001953125,2673908
2012-10-04,383.61311596395126,385.5707800107596,375.71648739247166,377.65216064453125,1898630
2012-10-05,378.7740091514807,387.1325529074367,378.7740091514807,382.29339599609375,4792872
2012-10-08,382.29335531830395,383.26119196774835,378.4000447760334,380.84161376953125,1666914
2012-10-09,382.73325038956256,385.174819202925,379.5877882236328,382.3813171386719,1765936
2012-10-10,378.77397203683364,380.66563691029785,373.49489228719136,374.7046813964844,1328716
2012-10-11,375.25458314569755,377.36620966194016,370.78935081226535,374.0887756347656,2012474
2012-10-12,373.9347875591461,379.2138669129223,373.9347875591461,375.782470703125,973046
2012-10-15,376.5744074041193,379.6538710160689,374.6167430235073,377.4542541503906,1343426
2012-10-16,378.33404970492467,380.8416179626615,362.0568871013407,363.13470458984375,2984004
2012-10-17,366.8080946257513,366.9400662644667,360.297234224814,363.66265869140625,3836722
2012-10-18,365.24633217599126,369.77753694905874,362.27684980057666,368.2597961425781,2435976
2012-10-19,368.65574823359253,368.6997298260017,361.1770516703813,362.3868408203125,1913796
2012-10-22,361.507029610608,369.33766023323193,360.34122193878164,367.1600341796875,2247784
2012-10-23,369.095659977451,369.1176507729655,362.6727903415198,364.52044677734375,1399528
2012-10-25,366.34616495364133,379.8078085484576,364.54248998238734,377.4102478027344,6681196
2012-10-29,388.4083563205088,395.79906360834934,388.4083563205088,391.02587890625,2671916
2012-10-30,392.60960400664266,395.49109661516,381.58952932095013,384.33905029296875,2421606
2012-10-31,385.3728523054133,391.0918558213612,385.3728523054133,389.0902099609375,2219132
2012-11-01,390.2119139229279,397.6466274200593,386.9124896225649,395.8429260253906,2708222
2012-11-02,400.2863410309525,405.1694803799035,398.72459136861295,403.6077575683594,3453854
2012-11-05,403.8495956999073,404.68546072326143,398.74649608061577,400.5501708984375,1085646
2012-11-06,398.57055419147315,405.12542283184774,397.33877418443905,402.50787353515625,1427522
2012-11-07,402.529799937956,408.24880256002535,401.21003010209387,404.5534362792969,1838264
2012-11-08,400.3962050486547,406.26917040460546,399.53834923746956,402.1338806152344,1368402
2012-11-09,402.13390233526155,406.44517241904407,398.8344773838702,400.0662841796875,1026656
2012-11-12,401.6500359565556,403.673672713939,395.95302295700253,398.39459228515625,1190764
2012-11-15,396.810822768641,398.1745742795263,391.59774232291574,396.6568603515625,1550830
2012-11-16,395.05116342102303,401.0781186117468,392.0156816031958,393.48944091796875,1580698
2012-11-19,393.73137069395057,401.8259705077505,393.73137069395057,399.80230712890625,2597128
2012-11-20,401.51802553666766,414.58375370615204,401.51802553666766,412.8680419921875,5080080
2012-11-21,414.7597271626054,418.32312239220914,411.8342530086089,415.30963134765625,3204064
2012-11-22,416.2114102867014,421.8864314183578,413.39591736580985,420.28070068359375,2460064
2012-11-23,420.2367756893205,421.24859401357276,416.78338816827966,419.7088623046875,1261182
2012-11-26,421.3145635177868,422.61234266526037,404.7514399924049,405.63128662109375,4127288
2012-11-27,408.3588199221885,412.2081489545819,405.82926084375856,408.4028015136719,3183710
2012-11-29,408.6887559049993,414.82569146339665,405.67529196506774,410.8443908691406,4789062
2012-11-30,410.8884181956177,418.3671153148099,406.92910795604536,416.607421875,2966406
2012-12-03,417.88316634098624,424.74595929302853,417.46523382289655,421.2925720214844,2507742
2012-12-04,419.68681455332467,421.0065844104106,412.0761470809531,412.95599365234375,1401692
2012-12-05,414.0778242065397,416.5634017003923,408.3808118526107,409.17266845703125,2058044
2012-12-06,411.1083497587572,412.64808140579373,402.04593994794345,408.6227722167969,3167508
2012-12-07,409.3486867856094,417.66324903613327,409.3486867856094,413.176025390625,2634598
2012-12-10,414.40774039809526,414.40774039809526,406.357149537589,408.8207092285156,1422454
2012-12-11,409.1506178465465,411.2402533073059,406.3131074823056,409.0186462402344,1873574
2012-12-12,410.162548245871,419.8188717044584,410.162548245871,417.7072448730469,5889234
2012-12-13,417.9491828204666,420.91866550062736,412.252169938,414.561767578125,2166214
2012-12-14,413.5279513585499,420.08282005125164,413.5279513585499,418.85101318359375,2395326
2012-12-17,413.52789368613315,425.64777498730876,413.52789368613315,422.43634033203125,2935890
2012-12-18,425.18591425418884,428.2653776786889,423.69016413625843,425.4938659667969,2785784
2012-12-19,428.9252273307359,429.3651506408187,424.08607091982503,425.84576416015625,1671612
2012-12-20,427.1655478435825,427.1655478435825,417.09129297801667,419.31292724609375,1357158
2012-12-21,418.3670777905788,418.8070011110736,411.04234376402445,412.4501037597656,1244612
2012-12-24,416.167459074583,417.091287302615,411.32830257371575,412.4941101074219,1253242
2012-12-26,412.51610541534694,417.92715691898235,412.51610541534694,415.5735778808594,856308
2012-12-27,415.5955386311858,418.6750016700629,406.9730260118578,409.2826232910156,2413928
2012-12-28,411.328264585495,412.6480344183896,404.77339700847057,406.7530517578125,1286474
2012-12-31,406.4890687030542,411.0422634400965,406.4890687030542,409.8544921875,854622
2013-01-01,412.2081366902367,415.28759982452874,411.28430849026415,414.31976318359375,770220
2013-01-02,415.7274763620445,416.98124689964794,410.6683589248344,412.9119567871094,2060272
2013-01-03,414.8476663504536,414.8476663504536,410.0524917042852,411.9441833496094,1902904
2013-01-04,410.2944900593672,415.15563731503437,408.84272164070745,414.07781982421875,1914216
2013-01-07,416.9593089980865,421.33655131481936,413.50592174537496,419.7528381347656,2523912
2013-01-08,421.00662676972814,423.8441376181146,418.93898174876813,421.5785217285156,1769202
2013-01-09,421.4465771045611,428.83728415126785,420.9846629486652,424.2840881347656,2354020
2013-01-10,426.6376331565693,428.48531648281306,419.6428684332882,422.8982849121094,1518936
2013-01-11,423.77806906670116,424.5259439754677,409.06263071625466,412.6040344238281,1949538
2013-01-14,411.5702605636083,417.2672729818579,409.59060560481197,411.32830810546875,1252832
2013-01-15,414.58372045492723,416.2774143860909,407.9848710855308,408.8207092285156,2584822
2013-01-16,409.1726510429972,409.56859275375075,395.0511238376672,396.2389221191406,2349322
2013-01-17,396.0409557866876,399.8902847099128,392.4115885162181,396.3489074707031,2400242
2013-01-18,397.8006648543726,398.1306073466488,381.25955864857315,389.7720642089844,5929114
2013-01-21,389.81605931996364,391.57575267313047,383.2612176898911,388.0563659667969,1726676
2013-01-22,387.13251988123545,394.0613121404735,387.13251988123545,388.7382507324219,1464620
2013-01-23,388.9141846269976,393.42339841294955,385.1308550200747,387.9903564453125,1853356
2013-01-24,387.94637845061055,389.2881660899223,374.37475443837184,385.9447326660156,2272096
2013-01-25,387.13252976809486,397.8666697428895,381.63348815207075,396.59088134765625,2626786
2013-01-28,397.27273466311675,404.201526707327,395.49105065047735,398.08660888671875,2654740
2013-01-29,398.1306447842109,400.33026160622313,393.7314111401865,395.31512451171875,3007664
2013-01-30,396.9208501194228,397.6247167525518,389.7720955453684,393.5114440917969,1418660
2013-01-31,393.2914178358694,395.95294834703986,389.3981074935806,391.2017822265625,2278724
2013-02-01,390.23400311022283,395.75503579477277,387.6604622473484,389.8160705566406,1398676
2013-02-04,390.7618917994274,391.53175761496243,386.6926010601708,388.8482360839844,1911016
2013-02-05,385.52671513008954,392.3675428950601,385.06480110484034,390.2558898925781,1398634
2013-02-06,391.20177651328083,393.07145045219727,386.84652530349047,389.3981018066406,2203620
2013-02-07,388.1223227087275,395.4910378182443,388.1223227087275,394.4352111816406,1770238
2013-02-08,395.9310504187939,398.79055244959636,385.5708599696607,389.1562194824219,6374558
2013-02-11,391.5317552258543,392.3896110709451,385.83474285550017,388.2323303222656,2140968
2013-02-12,387.6824318048575,390.2339817305501,386.0327193290922,389.1121826171875,1191346
2013-02-13,389.72806809131583,396.766840997531,388.56226058840883,394.6112060546875,1802018
2013-02-14,395.44715116054516,398.1306731341709,392.65362148719413,396.2829895019531,3293954
2013-02-15,394.6991713102634,397.5806634177118,390.23393928785794,395.02911376953125,3271588
2013-02-18,393.75335005534714,395.9309757923627,391.5317427280031,392.5655517578125,1598600
2013-02-19,392.41161764000157,395.93100434529305,392.41161764000157,395.5790710449219,1315964
2013-02-20,398.1526106503037,400.70416063390377,394.08331978439656,395.2711181640625,3005672
2013-02-21,393.2914337362674,395.0511269520896,388.49625898283676,389.64007568359375,3804512
2013-02-22,389.44213623455937,395.4910821517863,384.7129603356364,393.84136962890625,2926370
2013-02-25,394.6112388247444,395.49108551108725,390.387985470615,393.6434020996094,2315532
2013-02-26,392.8514645406011,392.8514645406011,378.0040547665302,380.8635559082031,2102498
2013-02-27,381.4135330830992,395.4910798635596,373.9348363559796,392.7635498046875,3706706
2013-02-28,393.8413654431203,397.25077128750365,380.97360790141545,384.36102294921875,8501418
2013-03-01,384.0529830374413,392.52150528654875,379.3238082749528,390.2558898925781,5771830
2013-03-04,388.54030569483336,391.5317790862331,384.49300552962666,389.5521240234375,5970552
2013-03-05,389.42013754012277,399.9342890289061,387.3305017201868,394.8531799316406,3787836
2013-03-06,394.391267189947,395.31509544695297,384.2950213490593,386.252685546875,3576974
2013-03-07,383.1731998039928,392.6755324801717,382.4253248130927,389.5960693359375,3841368
2013-03-08,393.5993846266964,398.9444366485218,391.53173973211085,397.7786560058594,2466284
2013-03-11,398.52650855385366,405.5652810066814,393.7973333121101,401.5839538574219,2939170
2013-03-12,402.5298720115673,409.1067315747013,401.8260053800601,403.3437194824219,3979108
2013-03-13,401.89200526988714,402.96982293939226,398.6585791121643,400.5722351074219,1039436
2013-03-14,399.93428663541295,405.9832323937633,392.85153179686023,402.2218933105469,1994128
2013-03-15,402.7717851740279,410.14050069105605,402.7717851740279,408.13885498046875,4064768
2013-03-18,404.6854971338288,407.63296207436906,399.89032191727694,401.8919677734375,1594380
2013-03-19,404.7294641900436,404.7294641900436,384.66897105311364,386.4066467285156,3577832
2013-03-20,385.9007376522477,388.5622683403511,379.3238787166349,384.2290344238281,2192042
2013-03-21,384.9329403398951,394.3473109925244,377.1462914908613,387.41851806640625,3100226
2013-03-22,391.97168879987555,393.6214012948245,381.0396047403294,384.20703125,1691910
2013-03-25,386.03271145774147,387.1325197524929,378.55401505343195,380.2917175292969,1724612
2013-03-26,378.4440240271707,384.05304617927345,375.4965325064964,379.7637939453125,2226562
2013-03-28,381.08357059779235,382.6893014335558,369.57956520104733,378.90594482421875,3656070
2013-04-01,379.65378559689907,381.3254886685359,372.8789564345775,377.0582275390625,1135020
2013-04-02,379.21392822265625,380.70967835503393,373.9348480153803,379.21392822265625,1362702
2013-04-03,378.77402166194696,379.3239258745804,370.0855351023378,371.2513427734375,2095266
2013-04-04,369.1396629721398,377.0143014796502,368.65575803961127,373.2089538574219,2364276
2013-04-05,371.867171782721,375.7165007784476,365.79623542247555,368.61175537109375,2327420
2013-04-08,370.41538712289383,373.58283998388794,367.4459051002341,369.5135498046875,795854
2013-04-09,371.2952448645711,374.748631840118,367.3359353814181,369.22760009765625,1563698
2013-04-10,370.4154062214148,370.8553295067134,363.50860527206964,368.2157897949219,931878
2013-04-11,366.588063452063,368.21578495643627,360.84707002451233,366.0601501464844,1605646
2013-04-12,362.9367301478765,370.17347395552815,358.9994111597511,362.2108459472656,2589774
2013-04-15,359.6813085530173,362.342866214819,355.87598780942136,357.63568115234375,2840046
2013-04-16,358.097566381559,373.31890182896143,356.13990232540897,371.669189453125,3578520
2013-04-17,371.73524385584756,391.4878137075577,371.73524385584756,387.52850341796875,5989870
2013-04-18,386.2966549096614,401.84796031603094,382.8432676026561,397.6466979980469,3677892
2013-04-22,399.9782814514085,402.08990798313164,388.27630521801296,392.5215759277344,2103264
2013-04-23,395.4030887369764,395.4030887369764,386.20870713178573,389.4861145019531,1350424
2013-04-25,391.5317108897974,404.2894857390155,387.3084582317498,399.9342346191406,3437440
2013-04-26,398.1305521584254,398.54848462753324,387.7483739142766,391.4217224121094,2593644
2013-04-29,393.7313808781093,398.46055668195254,392.0596775920249,396.8988342285156,1918246
2013-04-30,396.964839377454,409.89859710448576,387.57248623456076,406.5331726074219,2481850
2013-05-02,402.0459593044986,426.19773504890304,401.38607428114125,419.5108947753906,4519532
2013-05-03,419.02697853937855,428.35335865497984,413.2639935643497,422.7663269042969,3424494
2013-05-06,420.1707639795538,428.8372589968496,420.1707639795538,425.1639099121094,1756394
2013-05-07,422.8323147367024,425.1639029899966,417.0473122702749,421.9304504394531,2250700
2013-05-08,423.7561420977597,424.0860845909581,414.1218105560521,416.34344482421875,2003464
2013-05-09,415.52956718125336,422.89828280269865,412.8020372228592,417.0033264160156,1999972
2013-05-10,416.2773705115145,430.0689534996405,416.2773705115145,426.81353759765625,3589228
2013-05-13,424.08609687585005,427.60548357191516,418.01516019529555,420.7206726074219,1231670
2013-05-14,420.2367780376401,423.44821310681704,416.56342882337435,418.27911376953125,1148012
2013-05-15,419.35696451460996,436.8439189750933,418.10319361436393,432.7746276855469,2801338
2013-05-16,431.1248914046224,438.6035885004169,427.6494861315545,433.50048828125,2046714
2013-05-17,431.16885032560293,437.48176629965786,431.08088713914634,434.3363037109375,1305790
2013-05-20,433.14848519993313,451.36132118088045,432.88454195125377,440.80316162109375,2904248
2013-05-21,440.8031477642132,440.8031477642132,431.5427676449129,434.53424072265625,1308286
2013-05-22,436.62391146468474,442.1009623741226,432.2246780998013,435.5680847167969,1368140
2013-05-23,429.14515795514956,433.1044674596051,418.0590859725169,421.9524230957031,1379700
2013-05-24,424.56997007783724,431.1028472546755,418.8509671241164,425.8897399902344,1349358
2013-05-27,425.0319384948645,425.1859009209454,414.69374017966305,418.7630310058594,1247108
2013-05-28,418.8070398127281,429.78313304352446,410.27251586614386,427.97943115234375,2517018
2013-05-29,429.58508918830194,430.8608774592321,420.6106434050366,422.78826904296875,1086242
2013-05-30,420.2807810244301,443.81668133260405,420.2807810244301,441.9690246582031,5534838
2013-05-31,441.94698171297426,443.5966942569717,422.4144013025185,425.6478271484375,4675066
2013-06-03,421.5565363682853,435.0841789389347,416.03550387627575,428.3973388671875,4781134
2013-06-04,430.2449975377582,438.82350208989146,428.485304296295,434.29229736328125,2319644
2013-06-05,433.32453281703033,439.04353680344803,429.76116415042554,434.00640869140625,1894806
2013-06-06,432.0047020222698,439.4833984931238,427.71544963457416,436.052001953125,1776942
2013-06-07,436.05198323517817,438.38357137055397,422.76629411651015,425.119873046875,1397688
2013-06-10,429.4091536884681,433.1925104547019,427.187546231697,429.5191345214844,1841766
2013-06-11,425.4498765583251,425.9118175733017,412.0102230959185,416.5634460449219,1872440
2013-06-12,416.6074082493013,423.91012504535104,407.25903715606194,416.7393798828125,1734204
2013-06-13,418.3670544459903,418.3670544459903,401.73795922933544,406.4231262207031,1600804
2013-06-14,410.4484403105757,420.0827713540006,407.5449572609123,417.4872131347656,1997326
2013-06-17,424.52603625896154,440.25329615145677,421.88649613714415,435.2381591796875,3254262
2013-06-18,436.8439189750933,439.81340180800555,431.1909142483106,432.7746276855469,2068668
2013-06-19,431.8287503151815,434.1383479064013,427.60549688869577,431.0809020996094,1065006
2013-06-20,424.96592893252756,424.96592893252756,411.65824844576883,414.8037109375,2822484
2013-06-21,412.4280556193199,419.90675102788356,406.13715838109687,413.3739013671875,2351226
2013-06-24,412.0322010263557,414.4077978691063,402.6178573975531,407.7869567871094,1498646
2013-06-25,409.1286705059022,422.3263695544797,406.97303558765293,420.9186096191406,1594854
2013-06-26,418.91692537862025,421.88640739101794,397.6906280307406,400.8360900878906,3998270
2013-06-27,406.04927190581213,418.08116537635567,405.719329377178,410.7344665527344,4182584
2013-06-28,413.3739281916158,429.34313817130385,413.3739281916158,426.9895324707031,3284804
2013-07-01,424.52602760502435,435.48012962758406,418.1031575131815,434.0943603515625,2396738
2013-07-02,431.1248961704041,437.4157948974262,426.7696441320397,430.6409912109375,1639610
2013-07-03,426.2857032003024,433.7424089515181,423.51419161466873,431.1468505859375,1814958
2013-07-04,433.2804698815642,434.95217305515405,428.08935344929785,432.02667236328125,1513212
2013-07-05,433.8523865483771,435.2161381094736,424.61399676461866,427.4515075683594,2038138
2013-07-08,423.05228004761847,423.95411750185616,413.57191082760966,416.91534423828125,1470242
2013-07-09,418.41108109999715,422.2604103541268,410.9983835052177,412.69207763671875,2237702
2013-07-10,413.5719086463244,417.04731366719994,399.0104572744202,401.4520263671875,2389012
2013-07-11,406.92911130270954,409.1067373225418,402.5518684650249,403.76165771484375,3315822
2013-07-12,405.27931770499197,406.92902998873006,393.73133171882534,399.1203918457031,3761184
2013-07-15,398.96646135862,409.96454413010264,398.57051963853144,408.3368225097656,2018096
2013-07-16,399.9342608239703,406.48912872665227,398.7904709856172,401.86993408203125,2356220
2013-07-17,406.53311580879836,411.17432816172925,385.63675880080905,392.9175109863281,3625068
2013-07-18,396.6429833049398,397.31223468284463,384.7749364295238,390.28509521484375,4034936
2013-07-19,390.6866542764065,401.10465642881894,387.7196289617838,392.2928466796875,3244576
2013-07-22,390.3966749261672,403.7817037807786,390.3966749261672,402.7555236816406,1196498
2013-07-23,403.82630872502693,413.1066171618097,401.082394155269,411.0542297363281,2109578
2013-07-24,409.13569544225305,410.0057277219091,393.98829974476484,398.7622985839844,1781426
2013-07-25,394.8583350772114,404.80786733955466,390.5751369115107,392.6051940917969,2267884
2013-07-26,393.18524361407253,400.5693128137189,393.18524361407253,399.25311279296875,1741962
2013-07-29,395.3491331941236,403.53632569171134,395.3491331941236,400.5469970703125,1603764
2013-07-30,399.76615418957,403.7593595020193,397.5353162755657,400.1453857421875,2590040
2013-07-31,396.1969028643663,408.8011399205806,396.1969028643663,406.6372375488281,2787640
2013-08-01,406.94947758850464,411.87965160264616,386.84963164131017,388.8350830078125,2654138
2013-08-02,391.2890470760822,391.7352147466365,379.2202170339723,381.36181640625,3615722
2013-08-05,381.96407560307694,392.5828863835829,381.9194697353576,385.7565002441406,1792026
2013-08-06,382.20947414283336,387.2511624275271,378.5955003504395,381.09405517578125,1929898
2013-08-07,381.91948342786077,382.81181866951465,373.48690450146745,375.9408264160156,3016134
2013-08-08,379.2424485690305,388.5450318558722,377.54701718651535,385.3549499511719,1771846
2013-08-12,387.05038828635253,390.3966452456005,381.0271257597061,384.2618408203125,1631690
2013-08-13,388.2550387389201,400.83697010905445,386.4926713280412,389.83892822265625,7312106
2013-08-14,390.39669357095664,394.85837006891046,385.53345529542213,389.70513916015625,5129438
2013-08-16,389.5043029023558,389.5043029023558,369.85062616907106,374.82537841796875,7310122
2013-08-19,377.01168127392447,377.01168127392447,350.7993306528084,361.5073547363281,5474550
2013-08-20,356.0417828249615,358.71878871086346,346.93995192012994,353.1416931152344,2451758
2013-08-21,360.503427334765,363.89429026346676,345.77989626787485,349.7731018066406,4046642
2013-08-22,345.86915949312777,357.55875709124473,334.424948650287,353.9001770019531,5914786
2013-08-23,352.918600377896,365.723616988432,350.4869813132336,363.0912170410156,2387096
2013-08-26,365.8574491067744,366.63824244328276,355.8186776373812,360.4588317871094,2182110
2013-08-27,356.93410847618554,358.94186283636407,349.79542630666185,352.2047424316406,4255842
2013-08-28,348.0107338173458,350.4869585923565,330.23096555290294,346.18145751953125,3903860
2013-08-29,345.333727785278,359.14262066700144,342.05440676690256,354.3686218261719,3233194
2013-08-30,356.4656219232793,357.6479497654509,342.7682706782356,349.4607849121094,4061386
2013-09-02,346.2260860780165,349.3938654058111,337.0796495256978,341.7867126464844,3730944
2013-09-03,342.65677421108256,345.6907089530271,339.08743281305044,342.6790771484375,2920674
2013-09-04,343.0806360423802,351.98168652470827,339.4889917374166,348.16693115234375,2228394
2013-09-05,353.36472993445153,356.15327736133327,345.15523541694836,346.69451904296875,3914814
2013-09-06,348.01068148929744,350.26382212178936,333.3763916115132,343.3036193847656,4822424
2013-09-10,347.4752813858143,364.4296482317612,342.0097289157393,362.7119140625,3849196
2013-09-11,364.51895568243333,372.5499730658896,359.2095499639394,369.13677978515625,2612550
2013-09-12,372.95148160842666,372.95148160842666,355.9524809000195,362.66729736328125,2683098
2013-09-13,363.5819474450148,372.54990430866457,362.0203610197689,370.4529113769531,2459686
2013-09-16,374.78082472278226,385.17652548597226,370.09606441374746,373.44232177734375,4538326
2013-09-17,372.10377313484616,379.5101442972846,368.84675514731384,376.7439270019531,1497692
2013-09-18,379.15323374190115,379.15323374190115,369.5160241516493,375.5838928222656,2230732
2013-09-19,384.5964681570675,397.981496051165,383.77106899636175,387.07269287109375,4488298
2013-09-20,387.27354983382196,394.8584004642079,371.4568999846638,390.039794921875,3041998
2013-09-23,387.63042073057414,388.16582731808455,379.8894234578569,384.105712890625,1742988
2013-09-24,382.3656524815781,393.5198430440512,379.8671246883483,388.8350830078125,2064670
2013-09-25,390.39672619359595,391.73522925483115,371.67998627427437,379.2871398925781,2691988
2013-09-26,377.90393856916285,385.84571601124776,377.0116034131554,380.17938232421875,2564332
2013-09-27,382.81186874895866,382.81186874895866,374.3346828442614,376.5655212402344,1711676
2013-09-30,375.226962188594,377.0116326389559,363.6266042612415,369.181396484375,2953590
2013-10-01,372.3268809273646,377.6808923966616,366.4597657994957,371.1222229003906,2866908
2013-10-03,371.76918892172483,384.15034102802895,371.76918892172483,380.04559326171875,3033472
2013-10-04,380.04552820223387,388.79042885637335,379.68859959494205,383.168701171875,3064158
2013-10-07,385.7118832450381,388.1658050007903,377.99318935059955,385.9349670410156,1558494
2013-10-08,385.9349878198397,390.08434120204095,382.81181450800284,385.1095886230469,1336004
2013-10-09,382.3656654940649,383.5703235621904,376.1193185665072,379.68865966796875,2380630
2013-10-10,379.7779129864271,387.71969179076456,379.7779129864271,386.9165954589844,1778282
2013-10-11,390.3966384494202,395.97373328441194,386.1803493077848,389.2812194824219,2764482
2013-10-14,389.5043384162927,393.72062793831515,384.596494518722,386.0465393066406,1649438
2013-10-15,386.8273725447876,393.18526188592165,383.3695730785568,387.0950622558594,2408832
2013-10-17,388.92432594750744,391.1997699527077,384.15032689167015,386.0465393066406,2141818
2013-10-18,387.5411436735994,396.1968054972712,387.5411436735994,393.8321228027344,2849200
2013-10-21,392.62749227744047,399.3200063503514,389.0804543724158,396.06298828125,2234406
2013-10-22,398.76233549450427,399.27543918259073,389.9505244444159,390.7090148925781,1744880
2013-10-23,391.15520562633367,394.7468499591783,383.79343899810374,386.31427001953125,1287454
2013-10-24,386.4703699827828,398.78458451279096,385.19877601846025,396.79913330078125,2461684
2013-10-25,393.63138735284036,394.54602553816505,385.9349958177466,387.1619567871094,2221828
2013-10-28,388.8797408194007,394.25608317415146,381.9864719165969,387.67510986328125,2174064
2013-10-29,389.95047891962827,402.88933920414684,384.194906038234,401.8631591796875,2556270
2013-10-30,403.6924548908146,405.0309577433915,392.04749096615956,399.6992492675781,2564122
2013-10-31,399.32002272843823,400.1900550399829,390.7089930478272,396.1299133300781,2812436
2013-11-01,394.9475576516255,414.04352513157056,392.4713329638691,412.8388671875,5918258
2013-11-05,408.24337203257664,411.7011710853116,402.4431929763761,404.51788330078125,2052830
2013-11-06,405.1425062225025,406.77102894566315,399.3200241656866,401.2831726074219,1222656
2013-11-07,400.65850830078125,409.00184794006356,398.8961408190006,400.65850830078125,1966708
2013-11-08,400.2123639334874,400.65853156329064,389.34819304054344,392.00286865234375,960318
2013-11-11,391.735168043299,396.17454128242684,374.78079858356625,388.1435241699219,1449756
2013-11-12,390.7089763585768,394.5014009934446,385.55574597757965,392.5828857421875,2766468
2013-11-13,390.8428332583701,401.5508560873665,390.39666564049526,399.4761657714844,4221190
2013-11-14,406.01249249719183,414.46737347414677,404.45090598758725,412.7719421386719,3641892
2013-11-18,414.9358488069752,422.96686523549727,408.2433351165401,421.53912353515625,2592024
2013-11-19,421.6284163583237,424.72928687739414,418.5052429038176,422.74383544921875,1896218
2013-11-20,421.62838386463625,427.7185825243336,417.1890107786215,420.267578125,3537004
2013-11-21,419.8437180621931,422.8776523425093,415.3820419935194,416.92132568359375,2057192
2013-11-22,418.5052248583933,422.4091915081917,414.5343221732628,417.8582763671875,1598272
2013-11-25,423.4130787629501,423.4130787629501,416.36363569041276,420.8030090332031,1601784
2013-11-26,420.7806830004978,425.1977534516795,418.549844839681,421.7176513671875,1473916
2013-11-27,421.6283589756622,422.9668617025691,417.6128507949416,420.0667724609375,2109830
2013-11-28,422.5206948873563,430.4178664367011,422.0745273109177,427.8077697753906,2044766
2013-11-29,429.21320553476676,430.5963141192987,420.3567900971086,421.7398986816406,1311512
2013-12-02,418.95142705749083,429.86023164291026,416.05133730682667,428.4101867675781,2026714
2013-12-03,423.9707953207173,428.20938785483656,420.7806858364841,423.5246276855469,1262496
2013-12-04,422.1638308180595,425.510088152965,419.39758597482194,421.093017578125,1181472
2013-12-05,428.2763071474087,428.2763071474087,418.8398511397517,421.33837890625,1390184
2013-12-06,420.37918968145306,427.1832467389619,420.37918968145306,421.7622985839844,1105716
2013-12-09,430.5516956412188,436.2180291027747,425.39846576671306,431.44403076171875,2411550
2013-12-10,431.51103680087533,433.54109408300667,422.9223098725487,425.19775390625,1749224
2013-12-11,422.9669373100402,427.8301756465599,420.111453422777,423.8146667480469,1094546
2013-12-12,421.62839488618965,424.7738711159427,419.39755681800875,420.2006530761719,2130544
2013-12-13,420.24531102835766,425.77777342546864,415.404375794985,424.1046447753906,1485332
2013-12-16,424.75155212814826,424.75155212814826,411.8126918217236,413.41888427734375,1041084
2013-12-17,413.59743935984454,419.3976191998424,413.418961395079,415.71673583984375,865728
2013-12-18,415.69441111402915,424.9523899887782,413.5528118086625,423.03387451171875,986716
2013-12-19,424.30535493284833,426.40234793778325,413.329643710629,418.90673828125,2101856
2013-12-20,418.05909613591064,433.67496418794576,414.71283869618884,432.6933898925781,2114490
2013-12-23,433.6748946907286,436.8426736665909,428.7001152014615,430.75250244140625,1096064
2013-12-24,430.55175876271,435.0134350193184,428.6109404838497,429.88250732421875,554490
2013-12-26,430.1279066852867,432.69337060806777,426.42472073008935,428.7001647949219,1641748
2013-12-27,428.32093781905166,433.63034367019844,424.3500348985895,431.51104736328125,1541872
2013-12-30,431.9348973060891,433.9426517600658,420.4237772163385,423.1454162597656,1777974
2013-12-31,426.09008936330224,427.4285922618257,419.17449105426437,421.271484375,854370
2014-01-01,422.96685791015625,425.1976957683322,420.51293626616274,422.96685791015625,623518
2014-01-02,421.1822363370507,427.87475068562674,414.9358896117131,417.6575012207031,1007552
2014-01-03,414.04356645723414,416.72057227484555,400.4354535510427,401.66241455078125,2091942
2014-01-06,403.20165970084014,403.73706625943316,395.92913337301843,399.49847412109375,1276106
2014-01-07,399.76615052725697,405.14246440437256,397.1337509200844,402.9339294433594,1798394
2014-01-08,405.1202192429088,408.1987868678057,401.1270133976013,405.3879089355469,1176368
2014-01-09,406.0125329027512,409.33648710751294,397.0891805312622,399.0299987792969,918880
2014-01-10,398.8738581163429,399.76619336939956,385.84575797533296,390.1958923339844,1793254
2014-01-13,389.5043840523743,397.55770521784183,389.5043840523743,396.3084411621094,1015350
2014-01-14,393.9660038524654,401.9300848835593,393.8098560800558,397.5576477050781,1343398
2014-01-15,397.7584340513435,404.6740321756237,395.7283768225336,403.7370910644531,1649988
2014-01-16,404.00481951399155,404.2725092194686,396.35303318813413,398.2715759277344,1652120
2014-01-17,397.53533952896777,403.9601639898766,397.53533952896777,401.3500671386719,1833502
2014-01-20,397.5353598014888,407.46258960573476,397.5353598014888,404.5625,1016848
2014-01-21,404.2278872176195,411.2550276411047,400.65854605013504,403.1570739746094,1039276
2014-01-22,400.7254279358007,409.5818436180018,400.7254279358007,408.8902893066406,1911630
2014-01-23,408.89035365089563,409.13574041523106,395.6168658893328,397.1338195800781,2094830
2014-01-24,393.7428934879254,398.2045693348141,389.95046901807,394.7690734863281,3982058
2014-01-27,384.23954535739733,390.39665283573913,382.923345481455,386.7603759765625,2608894
2014-01-28,385.93500198568273,392.62751647098355,385.06496965621136,390.4412841796875,2258654
2014-01-29,392.1590067067387,395.5498694809401,383.2579578845744,384.57415771484375,1569436
2014-01-30,383.25794898673485,391.73513295733784,379.220137857645,387.2288513183594,1549420
2014-01-31,389.9505151066809,400.92622809449335,387.74197985506055,397.1784362792969,1884416
2014-02-03,393.60905405943475,397.8030130739086,386.8273012327329,394.7913818359375,1980024
2014-02-04,390.39661859872575,390.8427861628386,377.7254488851586,380.9155578613281,3645936
2014-02-05,382.36562912109787,393.0736514068696,381.9194615258574,391.89129638671875,1835988
2014-02-06,390.61973252386815,401.41699385497594,386.78270206916716,400.1900329589844,2221996
2014-02-07,402.68860320761297,402.8893840945741,395.5053150041179,399.5654296875,1443216
2014-02-10,399.4315748179269,402.66629016830944,395.75069183300883,398.9631042480469,1580562
2014-02-11,400.70305909637244,402.5769682215804,395.75061026652094,400.2345886230469,1393540
2014-02-12,400.52466499902795,401.9300766175416,397.06686605558025,399.5430908203125,876740
2014-02-13,399.32001963842197,406.4587015537457,399.32001963842197,404.51788330078125,1609454
2014-02-14,404.6740937015149,407.6634226625617,395.5945921281001,403.5140686035156,2537296
2014-02-17,403.7593712620899,417.479024832821,400.346178261486,414.088134765625,2243006
2014-02-18,417.1667370579561,419.3529693534842,412.48197690917686,417.2336730957031,2043648
2014-02-19,417.6128141212261,422.65450183677865,417.59051119078447,420.8252258300781,1783782
2014-02-20,417.679818846151,420.1114105342609,413.64198019155504,414.91357421875,1651326
2014-02-21,415.0697579340989,418.951421922253,411.7458035065442,414.9359130859375,934626
2014-02-24,414.935884638703,422.0745665249603,414.06585233743334,421.2268371582031,782596
2014-02-25,422.0299083674114,423.54686174114795,417.41205775523355,421.1375732421875,1910380
2014-02-26,420.73606493123185,432.78259065036576,417.8136724716759,430.41790771484375,1708188
2014-02-28,430.55175186243343,436.75349265249065,423.4130699662688,434.79034423828125,1907672
2014-03-03,433.98723103334487,436.32961093910365,423.8592210420632,424.86309814453125,1068942
2014-03-04,423.90379983899027,430.70785532121243,421.4498781896643,426.44696044921875,1150848
2014-03-05,427.20551662780935,427.76322617954276,419.48682187820094,423.2123107910156,1219512
2014-03-06,423.99310518981565,428.76710441059276,423.21231181549877,426.2462463378906,1917512
2014-03-07,428.32097312709317,442.57603596036205,424.5508507818313,438.8282165527344,2003428
2014-03-10,436.9319583145299,455.53715408954486,435.0134429356574,453.2393798828125,2469256
2014-03-11,451.521710349304,455.9164512815781,439.0736206830739,443.7137756347656,1534812
2014-03-12,441.4382726361442,445.27530343631776,438.71663370084343,442.263671875,3267066
2014-03-13,447.0154479577736,457.3219113600481,443.6468598983201,453.3287048339844,2430098
2014-03-14,451.9231893499332,462.00656658347185,444.3829457432525,458.2141418457031,2474884
2014-03-18,458.8610541731372,470.66222007045417,448.4207484962075,450.4508056640625,2542738
2014-03-19,451.075547260521,455.93878611089315,436.35201307694314,437.44512939453125,4050158
2014-03-20,438.5381662073055,442.5982806715077,433.7864701440256,436.48577880859375,1507352
2014-03-21,439.4750703041091,441.70590822443455,430.77480241483994,432.98333740234375,2147898
2014-03-24,437.2442632791475,443.93677751301203,435.6603736901816,440.724365234375,2183452
2014-03-25,440.36746006724525,443.93680118227866,433.2287778371785,434.2995910644531,1514294
2014-03-26,437.24427052725986,438.71661823673486,424.7738800183911,427.8524475097656,2427292
2014-03-27,428.3208698931725,435.01338348525337,427.71855456264825,430.4847717285156,4435008
2014-03-28,432.33645679524113,434.1211274115269,426.31319346527647,432.0018310546875,3124794
2014-03-31,433.8087607815042,439.4750948621494,430.99791029120433,437.55657958984375,3331040
2014-04-01,439.4751678489641,447.6623339409989,437.5566522580367,446.234619140625,2151116
2014-04-02,449.0677520386473,450.18317119423267,442.5983209362525,447.05999755859375,2211080
2014-04-03,448.2646163427208,451.0754669216666,441.5051659604776,449.3800354003906,1286358
2014-04-04,448.84457803751013,448.84457803751013,442.21900047713495,445.7214050292969,1357998
2014-04-07,446.16763488733744,454.3548000947556,446.16763488733744,452.4585876464844,1798996
2014-04-09,454.1986552162493,457.3218286804082,451.32086850646346,456.4964294433594,1960936
2014-04-10,454.6447936890433,458.4818242346756,444.47217764758403,455.60406494140625,1858602
2014-04-11,451.566246975945,454.64481451261224,446.1676295511406,448.6215515136719,1221984
2014-04-15,444.60601986881187,448.7107672949159,435.281106000375,439.34124755859375,1704660
2014-04-16,439.47510843107676,443.17829425370775,430.57405891037996,435.7049865722656,2324426
2014-04-17,437.24424696442014,446.16759894328584,436.46345366626934,444.8067932128906,1343906
2014-04-21,446.16760195024204,463.9697001608204,442.33057146623366,460.95806884765625,3012408
2014-04-22,461.78350294216324,466.69134693478526,455.53715604246247,457.94647216796875,1463862
2014-04-23,458.05800597089274,464.9066681648174,456.7641089575161,463.6351013183594,2422384
2014-04-24,463.6351013183594,463.6351013183594,463.6351013183594,463.6351013183594,0
2014-04-25,463.1220098928604,482.26261252397154,460.4673342228381,477.711669921875,2642998
2014-04-28,475.16854726832497,479.1840561184798,471.5546001959505,476.0608825683594,1827654
2014-04-29,476.06082093313836,483.19950240917416,473.6515050422128,476.5069885253906,1710806
2014-04-30,477.39937210264816,487.1927299597855,473.8746368737986,479.27325439453125,2710352
2014-05-02,472.4914971970043,473.6738522517815,466.28975654877456,471.9783935546875,1596842
2014-05-05,468.47598765380184,478.4924286519197,468.47598765380184,472.7591857910156,1234584
2014-05-06,474.0530682639414,476.95315762273253,471.2868509687753,475.3915710449219,656016
2014-05-07,475.61467885373565,478.73785216703413,472.9376731566227,473.80767822265625,822242
2014-05-08,475.1685077012182,479.02786844526435,471.6437726668207,474.7892761230469,979170
2014-05-09,477.39940091385273,495.24610749007155,473.40622210295425,491.92218017578125,1716590
2014-05-12,491.230542440598,508.51953746291696,490.7843748271188,504.057861328125,1622008
2014-05-13,509.07724023586997,525.2731461761409,493.550585706952,501.0016174316406,1580544
2014-05-14,493.01520095690444,495.98222640746314,479.0724633732816,484.2926025390625,20408324
2014-05-15,481.8610464040677,496.76305632451357,481.63796258628804,492.8144836425781,2112808
2014-05-16,499.7077583807126,528.2178815596626,491.85521878463754,497.3430480957031,3352052
2014-05-19,508.5865991162673,508.5865991162673,480.433426644789,490.60601806640625,2191014
2014-05-20,491.2304412512495,514.0965267318367,480.2101252539339,507.04705810546875,2059554
2014-05-21,502.83095623615526,519.026864189718,500.6447237945372,513.2266845703125,1792354
2014-05-22,515.1896966286449,522.9084177547496,502.1839548946212,507.56024169921875,1662910
2014-05-23,505.50795631371886,520.1868831488682,505.50795631371886,517.2421875,1993708
2014-05-26,523.7562195556802,559.3826958098049,522.0161548135368,548.406982421875,4540298
2014-05-27,553.314764445234,553.314764445234,523.6892246762183,534.5087890625,1625424
2014-05-28,535.4010954591755,538.5242685160207,515.8143278241976,518.2682495117188,2355502
2014-05-29,519.7852018249303,528.2623853740064,519.4951820212782,525.1168823242188,2397058
2014-05-30,530.4932585669548,570.5144691560756,513.0927227518906,551.2400512695312,8431084
2014-06-02,551.0170565003561,566.4098406697993,534.5088531881997,552.9132690429688,2156308
2014-06-03,553.4709227920523,554.1401742101805,543.6552353261715,549.1207885742188,2081200
2014-06-04,549.2768309620104,556.8170730523562,536.7395343605646,544.2574462890625,1699872
2014-06-05,542.0936574284868,543.1644706075294,531.9433440898052,536.6057739257812,2174850
2014-06-06,538.5243150922984,553.1586347527457,533.2818455791794,550.0354614257812,2537836
2014-06-09,553.2478123085172,553.2478123085172,538.189656126733,546.109130859375,1975974
2014-06-10,548.3400437439647,553.2032820385272,537.4089362812086,550.191650390625,1705904
2014-06-11,548.7861454619358,552.8016538433646,540.7551286990782,547.4922485351562,1477054
2014-06-12,543.1644931497602,549.8570077167514,537.765875625152,548.3400268554688,1023538
2014-06-13,549.6785101908374,559.9403654947248,540.46513790567,548.2730712890625,2271998
2014-06-16,545.7968512180453,548.2061127062035,530.9394482340359,534.5087890625,1937424
2014-06-17,533.0364158967458,533.0364158967458,521.2129743644948,526.901611328125,2469364
2014-06-18,530.4933444697195,531.7649114001157,513.5389734942365,517.6883544921875,1851454
2014-06-19,520.2315103329029,528.6863660094717,517.1752726443816,524.73779296875,1036362
2014-06-20,524.7600314378079,525.4738887020584,507.7387266762406,510.3934020996094,1483562
2014-06-23,512.869704127705,521.5253672693409,510.4157820983858,518.08984375,1845248
2014-06-24,517.7774100426401,527.816179302407,517.554326281312,520.6998291015625,1069250
2014-06-25,520.4545121306504,533.4603087316084,516.6620874816058,526.2323608398438,1138482
2014-06-26,533.1702889128828,533.1702889128828,520.9676157874313,524.6484985351562,2526204
2014-06-27,524.6931295208875,524.7823412607876,513.0704410482678,514.6543579101562,2033818
2014-06-30,513.8066544104711,518.8929765089124,510.3934609981076,511.843505859375,2625272
2014-07-01,513.0926665212548,534.4641023934674,513.0926665212548,532.85791015625,1944486
2014-07-02,534.5088059757059,548.0499822794047,528.307065197247,544.2129516601562,2012020
2014-07-03,544.168374780148,556.3710488808814,543.8783549204446,551.262451171875,1783056
2014-07-04,551.01697948806,551.01697948806,539.639705822517,548.8084716796875,1067960
2014-07-07,553.2030837644656,556.2816503494718,546.5551772464216,553.0469360351562,1388010
2014-07-08,558.1557873992481,558.6688911421412,538.5244087856854,541.8706665039062,1443260
2014-07-09,542.0936595840236,542.0936595840236,513.9850994574446,525.8308715820312,2461348
2014-07-10,522.5068983410944,536.0704051272147,513.985107537704,520.0307006835938,2633406
2014-07-11,519.5176304613385,523.3546614169844,503.92403817816387,519.4953002929688,2129542
2014-07-14,518.9598691888906,525.9646789171392,515.9036319371087,520.6552734375,1823582
2014-07-15,523.3546956032519,537.4981894619003,523.3546956032519,535.5350952148438,1600810
2014-07-16,537.1858489342859,546.8230592516378,534.5088430425868,545.2391967773438,2541006
2014-07-17,533.7122870332225,539.532153079557,526.3133905518785,533.915283203125,5309172
2014-07-18,531.8173585808444,538.5846304236331,528.7495066499004,534.0054321289062,2962372
2014-07-21,535.9679099835573,539.9831688084796,533.7121527866568,536.2611694335938,1454796
2014-07-22,536.2612258298334,538.6748752699104,528.7495425597446,532.1331787109375,1169902
2014-07-23,534.6144570484149,542.1261395479651,531.5466052238152,539.01318359375,2492700
2014-07-24,538.8103363411677,544.8106191149326,535.6522753848034,542.3743896484375,1916146
2014-07-25,542.2840489309773,551.3070780313263,542.2840489309773,546.1639404296875,1636728
2014-07-28,546.7955886844355,552.6605578699947,537.4341955613315,544.02099609375,1336960
2014-07-30,545.3067231779852,552.6605136745334,542.8253902594465,551.1716918945312,3184402
2014-07-31,551.3072049469738,551.713252364405,536.1936277246141,542.1262817382812,6176218
2014-08-01,534.7498936842941,537.6823784271947,524.2380417308606,529.7195434570312,2752838
2014-08-04,526.4937853803116,540.4794814786746,526.4937853803116,534.840087890625,3269214
2014-08-05,535.4942283610425,555.8863083462103,535.4942283610425,554.96142578125,3053002
2014-08-06,559.2925135656552,563.7815042028856,554.9163658798755,559.9467163085938,2703720
2014-08-07,559.3826407336837,567.9996215957171,552.9988373081416,563.6685791015625,1180246
2014-08-08,554.9163063440122,562.3152014430392,542.1712773568428,554.623046875,2483456
2014-08-11,559.4279075724546,597.2344285163155,558.1646612361492,590.3768920898438,4557070
2014-08-12,593.2642423054285,596.0388351374959,582.5719734273615,591.0535888671875,2807746
2014-08-13,585.7073383037861,597.775638938969,585.5494463192601,593.8280639648438,2570182
2014-08-14,593.8281160321353,602.287206004103,591.7528303067859,596.3545532226562,1765326
2014-08-18,594.6176591885005,600.7082042560611,591.0310268998182,598.2494506835938,3994764
2014-08-19,598.2042321251407,622.5889895792052,594.3920244714514,619.9271850585938,2722190
2014-08-20,619.9272118963933,623.4011111913785,611.1297584019159,612.347900390625,1052734
2014-08-21,610.408008363896,623.0402509612272,610.408008363896,620.9198608398438,1613706
2014-08-22,622.5439424705359,630.70977329924,615.1901512679942,627.9351806640625,1576730
2014-08-25,627.3713783840698,646.8160005373788,622.7470746724815,636.4395141601562,1164162
2014-08-26,630.7098092254492,634.3190212954089,625.7471426292547,631.431640625,1209158
2014-08-27,628.9051912719073,638.3793727760034,627.3938447606947,629.7623901367188,1059010
2014-08-28,629.1081700934194,637.9282037082241,625.3185416539053,634.8603515625,3022632
2014-09-01,636.1462223462387,640.026114401,628.4540669069016,633.1234741210938,2157758
2014-09-02,630.2586983627306,640.499816242819,627.2134254823094,629.6270751953125,2369658
2014-09-03,629.6270977175952,641.7179813930967,625.2960538138464,636.822998046875,2333062
2014-09-04,636.8905469913992,641.4246415701525,630.8676855142195,636.4619750976562,1586892
2014-09-05,634.4543796409916,640.0035100753257,629.9202850145119,635.3115234375,892526
2014-09-08,640.1839554475504,640.5900027973698,625.521532225531,629.333740234375,2521044
2014-09-09,629.3337440302336,637.0033193003185,629.3337440302336,633.4166870117188,946316
2014-09-10,631.2060731314822,631.2060731314822,621.7318913238455,624.7997436523438,1069184
2014-09-11,623.0401410209292,625.7244700703085,610.5206885130865,619.9271850585938,2634266
2014-09-12,618.596255602662,628.2734311425538,616.4983905698191,626.7620849609375,1956754
2014-09-15,621.2355101700759,623.9875228390338,615.6638011041952,618.0548706054688,887168
2014-09-16,618.1001409303586,621.9800328556298,613.8367261683983,619.1377563476562,2003856
2014-09-17,622.4988428708593,631.6120808659005,619.0700475169679,622.6341552734375,2595312
2014-09-18,618.5286773999646,629.3563128905548,617.1752229636409,627.7772827148438,1932500
2014-09-19,629.8074668938002,632.5143757772979,615.9345588658744,619.6791381835938,2373404
2014-09-22,618.9798643354811,620.7844703539519,609.9568342431271,619.1377563476562,1692988
2014-09-23,617.1753041499287,617.1753041499287,602.5128791609867,607.9718017578125,2545074
2014-09-24,607.2498634719217,616.5886766390811,605.873829493867,612.3253173828125,1109336
2014-09-25,614.0172322591146,617.8520202636719,599.3097033972542,610.4080200195312,3655990
2014-09-26,606.189731521203,631.5895282434667,606.189731521203,628.6570434570312,1792468
2014-09-29,628.7698088879613,630.7097823216948,620.6942412836651,624.0552978515625,1236056
2014-09-30,623.8071760466981,627.4840718982812,608.5808124573072,613.927001953125,1927940
2014-10-01,613.5660351055467,629.8074889759877,611.310277623541,626.9426879882812,1399690
2014-10-07,629.3564566455558,631.56711041094,606.8890858417964,611.9420166015625,2572744
2014-10-08,614.0172440229863,623.4012180545725,611.9644824935114,618.8445434570312,1184080
2014-10-09,621.2355790466756,625.2508381755063,611.5358223658452,616.791748046875,1023944
2014-10-10,613.5659013350548,615.0547229774653,593.2189842978676,594.3468627929688,1232604
2014-10-13,594.3470330354862,594.8432887010379,569.398331548759,572.4887084960938,2384870
2014-10-14,579.7297604545666,579.7297604545666,570.751833305458,574.7896728515625,1047968
2014-10-15,574.7896728515625,574.7896728515625,574.7896728515625,574.7896728515625,0
2014-10-16,575.2181590082255,577.1355528715862,546.0512036958381,549.998779296875,2075760
2014-10-17,551.7583161647868,572.0601348298853,551.7583161647868,565.6312255859375,1535146
2014-10-20,575.0376176280382,577.8347896150124,563.21747186276,568.7666015625,1308326
2014-10-21,568.4509103651055,568.4509103651055,551.3522568880948,554.48779296875,2074688
2014-10-22,561.6836087456045,570.7066386049715,555.0517038278512,568.744140625,2661394
2014-10-27,574.2707299627087,574.2707299627087,559.337626987686,567.0072021484375,1816036
2014-10-28,567.0071330902084,577.3384566671629,564.976951677274,576.2557373046875,1261392
2014-10-29,581.0830957223632,592.7904543875785,578.9627058336232,585.7525024414062,1781356
2014-10-30,584.8501673086978,587.4217635999372,573.4134891415957,580.9702758789062,2277170
2014-10-31,583.0681493346318,596.8733727929542,579.1656782486433,589.2940063476562,4043468
2014-11-03,589.2038072877192,589.2038072877192,567.7290087869253,571.8570556640625,2741470
2014-11-05,573.4135748293169,575.4663362488158,561.3001676815495,566.69140625,2573752
2014-11-07,559.6985167728358,566.1500049853038,555.0291099550997,559.0217895507812,2729494
2014-11-10,559.4729594315328,564.367942150935,551.4650203738632,555.3223876953125,1817558
2014-11-11,557.2172569251144,571.1578505477113,556.1119576792415,568.6990966796875,2036522
2014-11-12,572.0600070636413,574.0450843486482,563.2174501455509,565.5634155273438,2298010
2014-11-13,568.7215071660823,569.8944899222831,559.4277983054477,566.2852783203125,1943662
2014-11-14,563.9395094617252,568.1803455873209,561.6837514238782,566.5787353515625,891830
2014-11-17,568.4509157860349,568.4509157860349,558.6383702159188,564.0747680664062,1275834
2014-11-18,564.4357645246091,573.6166887129629,564.4357645246091,570.6390991210938,2556372
2014-11-19,570.7065613528332,572.511167080431,559.4277755553463,561.6835327148438,2230532
2014-11-20,563.9844121518986,565.2250786295463,551.7582189684279,553.9688720703125,2922272
2014-11-21,555.2773568795049,564.5484883074001,553.1343869895629,562.4506225585938,4689312
2014-11-24,561.7287530218384,567.0974671862532,554.6005919668792,564.232666015625,3445088
2014-11-25,564.2326255849952,570.4810627469445,557.8488209463004,567.3906860351562,2330848
2014-11-26,567.9546469310491,576.5716297572682,567.9546469310491,574.6542358398438,1721898
2014-11-27,578.6017799957065,586.4969309897999,575.2407234585306,583.3614501953125,2421828
2014-11-28,584.2411865003836,599.0840817124017,584.2411865003836,597.2117919921875,3399766
2014-12-01,598.6552930442115,603.6405377503226,580.4964502606161,584.2861328125,2027214
2014-12-02,580.2259440743428,581.985445971955,566.7816621642055,570.503662109375,1139618
2014-12-03,575.0828281570945,583.970546262523,573.0301217571414,580.5192260742188,1167678
2014-12-04,584.6923628330001,585.978133634974,569.1727397186705,570.7517700195312,1569834
2014-12-05,575.6242113103038,586.4067432018285,571.8345276863439,583.8126220703125,1647748
2014-12-08,588.5271867570696,588.7527625281532,561.1423101764065,563.37548828125,2116276
2014-12-09,564.0296148561902,573.8647401358287,557.6232852263241,570.9999389648438,1878164
2014-12-10,567.5485135276846,576.5489627586445,565.4055441801039,571.38330078125,1969950
2014-12-11,572.9623826551975,578.8273519264712,567.9320326119339,571.202880859375,882384
2014-12-12,569.37581980967,571.2255300985848,560.1497378264316,564.571044921875,3716288
2014-12-15,563.9844235006839,568.4508339245307,557.1720475371392,564.9769897460938,2213146
2014-12-16,559.5180540236582,561.6836031973969,547.0437594240649,553.7884521484375,2114132
2014-12-17,545.1263190515814,554.3749237763727,541.3817399877864,550.0213012695312,2063130
2014-12-18,557.1720203062165,558.0743231731092,544.1112083368238,546.9083251953125,1778968
2014-12-19,551.3071950224675,564.841741545114,550.1116323985249,551.4199829101562,1435300
2014-12-22,552.8410851463498,575.082822100335,552.8410851463498,570.8871459960938,939758
2014-12-23,574.3158840000455,577.9025165491677,564.8417020958813,572.2631225585938,868296
2014-12-24,571.3833680740611,579.1883109617514,559.6985333461437,564.819091796875,2831472
2014-12-26,565.8567742627014,569.5336700371512,557.1721078050119,566.3305053710938,459322
2014-12-29,565.7439072858598,573.5713737765317,562.2925877461118,564.6611328125,450752
2014-12-30,565.0220199884868,570.6163083194999,563.9392456224533,567.4356689453125,667652
2014-12-31,555.0518371777691,561.5935353974381,553.563014864406,556.924072265625,1295788
2015-01-01,558.5255567592146,561.1422574869684,554.9614488963102,558.0969848632812,713338
2015-01-02,555.0291228869696,561.0970884238916,551.5326988248895,552.502685546875,1279856
2015-01-05,550.4498552186537,563.0369912785019,549.0512967836032,549.7054443359375,1456708
2015-01-06,548.1491641460564,552.3674203618734,541.8330420900525,546.6378173828125,2579114
2015-01-07,546.795537640365,555.5478864685197,542.5095990202466,552.2770385742188,2189814
2015-01-08,554.9163523425102,562.4731400674997,554.9163523425102,558.3450927734375,1672412
2015-01-09,560.6910634556931,562.1347261166792,552.7507536036683,558.61572265625,1532294
2015-01-12,556.8562943440865,558.4353245256494,549.0513517034798,556.269775390625,897684
2015-01-13,554.9164002162232,568.9472022478988,554.9164002162232,563.3980712890625,1478978
2015-01-14,561.8190393300163,569.5788238518265,552.4124855872499,558.0518798828125,2831716
2015-01-15,567.9997169107166,583.790018810538,565.4732796211857,576.61669921875,2859036
2015-01-16,576.1205543541796,592.2943271091946,575.0152550375929,588.5723266601562,2131084
2015-01-19,588.7076440928037,602.287294167839,584.6923844505764,601.0240478515625,1362458
2015-01-20,601.4751209460593,604.0918215147348,593.3995536482462,597.8884887695312,1838290
2015-01-21,603.6406066987814,604.5429095488544,593.2867035230729,597.7982177734375,1391960
2015-01-22,597.775733252562,602.7835038525388,593.2642182846181,600.0089111328125,1815350
2015-01-23,602.7383833100962,620.6265506854987,600.6179933617635,614.4232177734375,4563196
2015-01-27,613.4080912293249,613.565983225274,592.4069688187271,597.5275268554688,2382932
2015-01-28,597.5276098808687,601.8361289347341,587.8504317855761,593.8507690429688,1659912
2015-01-29,593.9409461587859,595.4973967954932,578.5566911162464,585.0532836914062,2952528
2015-01-30,586.9481204056583,587.354167783178,568.4509083098612,570.7517700195312,1628740
2015-02-02,570.8419716281586,579.7070538721654,556.540437120919,559.9691772460938,1455970
2015-02-03,560.3752217864405,563.4655982969068,537.8176486119426,541.0208129882812,4694416
2015-02-04,542.6902840580071,550.3598614474331,541.3819333712496,546.322021484375,1828968
2015-02-05,546.3443896287519,548.2617832339726,530.2157257730723,532.2233276367188,4854858
2015-02-06,531.0504705090125,532.4490292785505,515.6662138996759,518.7114868164062,4184102
2015-02-09,511.15466187105255,511.78628500078014,499.10893855840175,502.3121032714844,5283110
2015-02-10,500.3721524886959,520.0649278498258,497.16898763002223,514.4029541015625,4016676
2015-02-11,515.3955077250375,520.0649149449752,506.64315721813676,511.33514404296875,2159236
2015-02-12,517.4031279504209,520.8093440754676,510.5681711668569,511.808837890625,2265072
2015-02-13,511.60586721559326,540.9307185110197,506.9138799938827,538.0208129882812,5989004
2015-02-16,541.2239707896783,554.0141062843246,530.8249054791542,546.0963745117188,4291626
2015-02-18,546.7956760351974,560.3302224717122,545.0136494499405,554.1043090820312,3603180
2015-02-19,558.0744215772726,567.977175258674,550.8559973693208,563.894287109375,2829468
2015-02-20,566.96212607809,570.9097021073222,560.3302203778642,564.8417358398438,1295648
2015-02-23,566.5785416454106,574.9925272643861,563.0595933527848,569.0147705078125,2705104
2015-02-24,568.9021115245746,572.5113239688225,561.8415786660723,567.8644409179688,1833458
2015-02-25,568.4508274163126,578.0152161344378,568.4508274163126,571.6539916992188,1399182
2015-02-26,571.6089583551299,572.9398332695371,561.6610456145424,563.7589111328125,4445506
2015-02-27,566.6012673615269,581.0832217334537,564.007145835931,577.6995849609375,2313528
2015-03-02,584.2863397217383,590.4671487708434,567.7967842240956,576.6393432617188,2758186
2015-03-03,567.5485978391578,567.5485978391578,550.2018443617478,555.6607666015625,2632558
2015-03-04,566.1951498745481,568.7441669422094,543.7277824562213,546.3895874023438,2727706
2015-03-05,549.95374949541,556.5180266966968,543.1864761217995,554.307373046875,1604900
2015-03-09,552.2093677733174,554.3749167346409,541.8328845553548,544.4495849609375,1868972
2015-03-10,545.9834642952701,561.4579811026312,545.9834642952701,554.1267700195312,1823950
2015-03-11,552.5252056361654,570.9322083858224,549.5927209625125,568.5862426757812,1966554
2015-03-12,568.586278873116,569.0148507853602,556.382608310046,559.9467163085938,1995764
2015-03-13,565.2928203069321,565.2928203069321,550.6303967953796,553.9012451171875,1215886
2015-03-16,555.8187208572454,555.8187208572454,544.7880872652213,550.2921142578125,1130904
2015-03-17,552.773396896576,558.6383666249216,543.9759423040574,555.9314575195312,5156560
2015-03-18,554.9389099698408,556.2246806964934,545.8933006044966,548.3746337890625,1164304
2015-03-19,554.01404688151,555.7509691573734,541.8329562741803,544.7203369140625,1550130
2015-03-20,543.6375602887786,543.6375602887786,520.809305286114,525.7268676757812,3144054
2015-03-23,528.95253895582,541.3817844527625,522.5462098686769,534.840087890625,2470122
2015-03-24,530.1030710966226,551.9162375183691,529.7421278278428,537.7952270507812,2037534
2015-03-25,537.7951089546227,548.1490127215957,537.7951089546227,546.0511474609375,1495138
2015-03-26,543.3442329220114,551.3070669575649,526.4260536986819,541.8779907226562,5380628
2015-03-27,542.8254473127258,543.6375420184811,528.8849104174832,536.1935424804688,1580906
2015-03-30,540.4795413500327,546.9761344975634,533.982948202502,541.5172119140625,1381266
2015-03-31,542.509651267186,545.8932873457754,532.3587430314174,535.8777465820312,1622908
2015-04-01,535.9679983037497,544.9910285782236,531.5241669080125,542.3292236328125,1379942
2015-04-06,539.4870354139354,561.6836692292934,537.2312777061871,560.6234741210938,1813774
2015-04-07,561.1872154507803,579.1881666187758,555.6155068938791,572.4434204101562,1322082
2015-04-08,575.2181820106558,578.2183506018586,567.1425588723002,574.8572387695312,1054736
2015-04-09,575.2181328544061,577.4062065021963,568.9020121799264,575.01513671875,1213928
2015-04-10,574.767044117781,581.9854685337029,571.1804115150029,580.5192260742188,928554
2015-04-13,578.7822443013835,578.7822443013835,559.8789862881724,562.9468383789062,1573142
2015-04-15,561.2776065273315,562.134805447351,543.1187574749592,545.3970947265625,3648224
2015-04-16,545.9159007831031,557.1721088066303,541.9457455092831,554.2396240234375,2282350
2015-04-17,555.8186337216721,558.5255426521348,547.7655906679863,552.4349975585938,914614
2015-04-20,549.5024295867945,552.4349138169375,533.5316583035768,535.83251953125,3364204
2015-04-21,536.87018504402,545.7804255100866,530.1029138039693,537.0731811523438,1125000
2015-04-22,539.126034847732,550.855973681239,530.7571526126367,547.2241821289062,1662436
2015-04-23,550.8559930226916,550.8559930226916,533.712235664082,540.8629760742188,1658818
2015-04-24,540.1410869637215,543.6375107882934,526.9449067225949,528.7946166992188,4042390
2015-04-27,526.9675427942898,533.3738722014493,518.3505049035391,526.0200805664062,2429722
2015-04-28,526.358349153275,537.772502313471,518.8241423326273,533.3511962890625,1349770
2015-04-29,533.7121923740226,534.4791278489763,523.7868599714626,529.0427856445312,1009096
2015-04-30,527.8473316175969,529.6293582723781,513.2751140235423,516.5685424804688,3247284
2015-05-04,519.2754012331893,545.4196098745613,519.2754012331893,542.5097045898438,1616036
2015-05-05,542.2840197564991,542.2840197564991,527.1478672260978,532.0203247070312,1315182
2015-05-06,532.0204253675149,535.0656981012277,522.6364518036361,524.7568969726562,2243846
2015-05-07,524.531231235852,531.4563948056801,516.1172458893872,528.185546875,1957782
2015-05-08,530.5542253951553,545.2617549826535,530.1030738429484,532.5167236328125,954900
2015-05-11,533.7122045065385,545.8932945502211,533.7122045065385,538.7876586914062,707060
2015-05-12,538.7876742115337,538.7876742115337,527.8472504312283,531.0504150390625,1630000
2015-05-13,536.4190680621123,553.6756108319826,531.0278303236724,544.4946899414062,2096774
2015-05-14,544.9458280608719,555.5478867582734,539.3741188662514,553.6304931640625,2122604
2015-05-15,554.9163451169629,566.7364923905725,553.72078262727,563.5108032226562,1670000
2015-05-18,561.6609089875116,572.2855464028986,555.6606284579781,570.0974731445312,942950
2015-05-19,570.0975760434005,576.1204372587205,561.5256979635918,565.67626953125,1390012
2015-05-20,565.6763297118844,571.7668753112825,557.6232859893439,564.2777709960938,1165122
2015-05-21,566.1950644476933,569.668908551282,560.127099530898,563.465576171875,1292072
2015-05-22,566.1950218178866,568.3154114245024,561.1646725617989,566.48828125,1502662
2015-05-25,566.488489583735,574.5189546238959,563.3529530752239,568.4058837890625,756930
2015-05-26,568.4057661068324,574.2707354029678,564.8416583662788,569.826904296875,705404
2015-05-27,566.6462362952919,567.7741149503383,547.6752952885322,551.6680297851562,1997572
2015-05-28,552.1869805191902,552.1869805191902,534.1860756806295,540.5473022460938,2378236
2015-05-29,539.1259824642175,571.9472504343194,527.6893042272195,567.5936279296875,6907312
2015-06-01,567.5936279296875,572.9623411962813,559.4277977034558,567.5936279296875,1242246
2015-06-02,567.9545578994185,570.5937828046527,549.9085003290006,552.4800415039062,1425648
2015-06-03,553.2246006917234,554.2396917021669,541.4269763781261,543.5699462890625,1276568
2015-06-04,544.5398050713907,549.3896832027224,532.381295412885,539.3966674804688,1169336
2015-06-05,539.6899529403928,555.2320992532439,536.9153603497072,544.02099609375,1311658
2015-06-08,544.9909352878614,550.8559039623169,536.261166006092,544.2691040039062,1142562
2015-06-09,544.1338305805839,551.2394669333918,540.2539385706348,543.727783203125,962068
2015-06-10,542.2841289790621,554.9163715842316,541.4720342112755,550.6304321289062,936760
2015-06-11,553.1117660838381,553.1117660838381,534.614553678098,535.7875366210938,1028418
2015-06-12,536.8702969492603,540.9306605396328,530.5541758086807,538.201171875,1206728
2015-06-15,539.1260666772168,554.1268547249301,537.3214605962888,550.5402221679688,1435222
2015-06-16,557.1496176065084,558.9768035209953,549.4349366595234,556.247314453125,1340132
2015-06-17,557.3977085780404,567.9771897997887,551.9838902834742,565.541015625,2391462
2015-06-18,566.2627893293122,571.8119194722818,561.7061704102942,565.7213745117188,1893300
2015-06-19,565.7439143433056,597.6402996063496,565.563442750128,589.0007934570312,3766568
2015-06-22,591.0084026615795,596.6928999475488,585.5945852326184,591.9107055664062,1686240
2015-06-23,592.3619796422786,604.0919198332148,589.6550703674471,602.7835693359375,1157398
2015-06-24,604.5204138268637,605.4001922710727,583.5193451208031,587.55712890625,1481094
2015-06-25,577.8122802278971,591.3242455445751,576.3460378615175,586.40673828125,2473112
2015-06-26,586.5420736275294,594.5725926232814,583.3389088855226,588.3466796875,1320310
2015-06-29,581.9854165832918,584.2411740119093,575.8948715260248,579.34619140625,1287240
2015-06-30,581.1508193976973,581.7824425161142,570.7743348323789,578.5341186523438,2502056
2015-07-01,577.4739178959627,587.3992508597996,574.3384370112688,581.0831298828125,1826964
2015-07-02,582.887703301052,597.6854936490305,581.6470367499081,592.5648803710938,1513902
2015-07-03,595.5199317339936,599.9863422364385,590.1061141727755,592.2039794921875,1733252
2015-07-06,586.0456924395185,597.9786254260565,584.2410867661097,596.3093872070312,1210678
2015-07-07,594.6176130465722,601.8360362702028,591.4595528862338,594.5274047851562,1246580
2015-07-08,591.9107073073369,591.9558114382712,574.9925277920738,577.0903930664062,2030192
2015-07-09,582.7299678320702,582.7299678320702,568.9021604513821,570.255615234375,958292
2015-07-10,567.5485973759695,573.797034750763,561.8415197821913,563.7363891601562,3604156
2015-07-13,572.9623521512871,573.8646550680608,564.4130540437362,571.8795776367188,1739946
2015-07-14,572.9622768644572,574.7668824608807,564.3904002814456,572.939697265625,913798
2015-07-15,573.8647059091129,583.7900388729498,572.9849825162,581.0831298828125,1395890
2015-07-16,581.9938072391325,587.3218973228817,577.0983194239363,581.4700927734375,1644288
2015-07-17,584.6806876347963,592.786671916054,579.261484951581,590.4641723632812,2085314
2015-07-20,594.2895947226694,599.7543266281652,588.7793345026533,598.5703125,1363818
2015-07-21,599.7087994427792,602.4866937152776,586.912229991342,591.3750610351562,836144
2015-07-22,591.1472625100962,614.782235111287,589.735551458605,611.2529296875,1867150
2015-07-23,613.8714576007117,622.9793427283186,612.7557639086274,618.8352661132812,2399756
2015-07-24,620.5657927184957,620.5657927184957,602.9420554779617,605.5377807617188,719700
2015-07-27,600.6650367588469,610.2283163433319,597.0674109399927,599.2760620117188,900076
2015-07-28,601.1204884150256,610.0006774484294,594.9954571895744,598.3881225585938,1242534
2015-07-29,602.8964640084702,604.3081750778929,592.0125302194881,599.0939331054688,1372156
2015-07-30,603.6935126026934,611.8222903818134,597.1130310937838,600.0958862304688,1368146
2015-07-31,605.0369061822006,629.3549749427314,602.4867090081285,620.9757080078125,2508732
2015-08-03,616.6039324358761,616.6039324358761,606.585257019636,609.2720947265625,831716
2015-08-04,610.8204252416485,623.8446917095174,608.7938871582985,621.2944946289062,1124208
2015-08-05,622.0686382230555,632.9753099002129,614.6229522437551,631.5635986328125,1282268
2015-08-06,631.4041939157133,640.9446822188156,625.5751246676758,636.2996826171875,1255418
2015-08-07,635.2750967615501,656.7014224403479,630.7211534155892,633.134765625,4958870
2015-08-10,628.4440492044736,635.2521708348086,615.6930105249626,619.1995239257812,1431622
2015-08-11,620.6568829505344,623.4119850242887,607.95137126451,610.0234375,1486050
2015-08-12,609.7729835124289,610.0006806683335,589.7356337928271,591.7393798828125,1515180
2015-08-13,593.4243113785151,613.8715269168415,592.4679944501564,610.0462036132812,1535240
2015-08-14,613.8714751937699,629.2638237366057,612.5052923854752,627.6016235351562,1466162
2015-08-17,628.3985502904811,628.3985502904811,612.5963361194774,615.2604370117188,790168
2015-08-18,616.6494368535209,624.6871577098948,615.2832538951614,621.5904541015625,844484
2015-08-19,622.5240730088881,630.5845307232803,614.1903342139021,621.9093017578125,1065202
2015-08-20,623.8902983207295,626.2583268520247,604.6043575162141,607.837646484375,1406780
2015-08-21,602.4866873426865,605.5833909649281,586.5478860902344,602.1451416015625,1548770
2015-08-24,585.1360653371739,591.1017187146529,557.8579394649073,566.1688842773438,2079760
2015-08-25,569.2427517486223,580.1494206360809,558.3132909150487,569.6753540039062,2133382
2015-08-26,571.5881953319188,574.7076353248084,548.7956872416628,553.5317993164062,2001506
2015-08-27,567.7400186984889,567.8766592166265,553.3040424604661,560.2260131835938,4865668
2015-08-28,563.1405217078564,567.8994250021108,555.125593979256,561.9337158203125,3995432
2015-08-31,560.5903770221863,565.5997142660889,551.8012448945623,555.9909057617188,3746160
2015-09-01,549.8886184827651,554.8296355308172,532.3559378934596,536.0901489257812,3174664
2015-09-02,539.6422217258572,540.9628762557002,512.5462620695799,516.6676025390625,4493220
2015-09-03,520.9482633725182,527.3465752303165,497.35887306775686,519.4454956054688,2712720
2015-09-04,518.2386470814852,519.8325269275178,501.38906013771106,505.7608337402344,2989644
2015-09-07,505.9430808034246,511.1345870800088,497.6321346066087,505.8975524902344,1389426
2015-09-08,505.943032612555,529.3503091457774,502.29987846232956,521.8363037109375,2745142
2015-09-09,530.5798651483925,539.1412998587429,524.2498735307515,533.0845336914062,3132170
2015-09-10,530.9897670002032,538.9819593999358,522.8381977095333,532.8568725585938,1425516
2015-09-11,538.6858842498721,544.150615400081,528.2801364693731,531.2174072265625,1622658
2015-09-14,533.0844898920557,537.2741502829386,525.0923542791631,534.0635986328125,1439596
2015-09-15,531.0352408725465,533.6082295857568,521.471961315217,524.5686645507812,1468462
2015-09-16,527.8019898627131,532.8113271262936,524.1816274400841,531.8777465820312,1953384
2015-09-18,535.1110126230029,553.2584615849084,532.6974009660375,546.1315307617188,5269170
2015-09-21,538.2760462485085,545.539562876811,536.0218667680347,539.7788696289062,2274848
2015-09-22,545.106942340232,547.5660825214452,536.795996895195,540.7351684570312,4025672
2015-09-23,535.0883030827288,556.26413805579,534.2003064328115,550.2301635742188,3068924
2015-09-24,548.7500087478726,561.501046295541,545.3345522618899,556.0363159179688,4290468
2015-09-28,557.8351298377254,564.5977785045155,552.3248708711795,556.3095703125,1689472
2015-09-29,549.2055525633009,582.4948663974955,547.2018064276316,569.1062622070312,6506062
2015-09-30,569.7437423121248,577.8269903525573,567.2390739052303,575.5272827148438,5297210
2015-10-01,581.5385405955426,581.9939349108092,566.123454141791,569.2656860351562,2110700
2015-10-05,571.7474031358056,582.9045607437922,571.7474031358056,578.6693725585938,2226118
2015-10-06,581.5385776947486,587.4587041708894,573.4553280830949,575.7322998046875,2787718
2015-10-07,574.2749592577751,591.5343574034367,573.7967730441901,586.4794921875,1427976
2015-10-08,589.4850562715692,589.6216967806683,577.0755631360038,579.5574951171875,9205452
2015-10-09,582.9045420395554,586.3655266398935,576.7339287530149,579.8761596679688,1427498
2015-10-12,578.4192130080921,584.0433227760564,573.7969486922659,580.5823364257812,1496340
2015-10-13,579.3069697256101,587.4585372913186,578.3506529922284,584.2479858398438,2852984
2015-10-14,584.2480312465957,587.4585829475892,579.7168806916907,586.5933227539062,567184
2015-10-15,588.3694720895755,592.6501898930825,577.1212544180319,580.5594482421875,2148492
2015-10-16,581.9939194520612,589.7128306547534,577.5538249961476,586.9349365234375,1478824
2015-10-19,587.4586380525915,591.96705267195,581.0603259989924,583.4739379882812,1646242
2015-10-20,583.8155418202937,584.7263304970804,567.8995319294972,569.5389404296875,3016880
2015-10-21,568.3093978199626,575.5274432599679,561.0458796498356,572.2713623046875,1502156
2015-10-23,576.8024407360988,582.8819438548114,564.871131661098,567.7173461914062,1629182
2015-10-26,569.2428087522048,573.7512229155459,563.1633066727549,567.1024780273438,1165248
2015-10-27,565.5997395612089,573.9562141283271,561.6378312544394,569.2656860351562,1624822
2015-10-28,565.5996474895195,570.7000407541832,555.6720307967322,558.7232055664062,3883340
2015-10-29,559.2241742954809,563.3227228041611,552.8486543930894,559.1331176757812,2387748
2015-10-30,556.7194866239875,558.7004405503924,534.3141111161498,539.004638671875,1933272
2015-11-02,546.495920677,563.0950197260419,546.495920677,550.5033569335938,2576854
2015-11-03,551.8924366545883,562.6397324452696,551.254873431808,561.4784545898438,1311030
2015-11-04,561.4783977544198,573.5691390388882,561.4783977544198,571.2011108398438,908280
2015-11-05,569.6982225651636,578.2368649897014,567.2390824288727,573.6829223632812,1734508
2015-11-06,571.519840540257,577.8953606737738,552.3932801397066,569.0379638671875,2328754
2015-11-09,556.03637946541,576.0737264731725,553.0991087878194,568.8329467773438,1149942
2015-11-10,567.9222442213347,577.4399966083784,562.6396812378955,574.320556640625,1205674
2015-11-13,567.1481271002331,573.5691762322064,565.9185290174319,569.8804931640625,3279020
2015-11-16,569.242852668233,586.8438527907592,563.869177902996,581.9483642578125,4053098
2015-11-17,582.4492236582258,591.1017140800448,578.1229784473164,586.912109375,3017600
2015-11-18,585.1816737641182,593.8341654384515,580.3089770046223,582.1305541992188,1383404
2015-11-19,585.2270964418811,591.0789010052409,580.6959462242494,588.4148559570312,921622
2015-11-20,588.4149475558032,603.39743072736,588.0506654800039,598.9573364257812,3969672
2015-11-23,598.9572918426778,607.6325746068402,595.2913458664034,602.7142944335938,1826316
2015-11-24,602.7143736804742,603.8300675120604,597.3862824506677,600.9155883789062,2482202
2015-11-26,603.374663999043,616.5810988839954,599.7543014993907,613.0745849609375,1818860
2015-11-27,617.5146501545303,624.8009587109259,614.5090589930415,615.3287353515625,3275350
2015-11-30,616.1485133972503,623.7991601898966,615.5564785467011,621.8409423828125,4884086
2015-12-01,623.8902659338584,629.1273010128652,617.7424421454591,623.3893432617188,2366346
2015-12-02,626.1671590631142,627.0551557071904,620.930124641859,624.0950927734375,2032040
2015-12-03,623.2070470458293,623.3208956112378,610.5015360282229,612.8240356445312,1129668
2015-12-04,608.2245108421034,611.685495805914,597.5910668929139,598.9800415039062,1567306
2015-12-07,600.4373309740635,606.3119280379086,595.5190507368628,602.8053588867188,1126844
2015-12-08,601.1204703252805,606.9722759070132,592.9689013142084,598.501953125,1853618
2015-12-09,597.932693120848,605.1279450227837,594.8132534027126,597.5228271484375,2248652
2015-12-10,598.388176420596,601.0066939353742,584.7263459087103,587.7774658203125,1494658
2015-12-11,585.6370392798635,590.145453732935,566.5104796766332,574.6620483398438,1292080
2015-12-14,560.6359291767867,590.3276718211084,559.4519150777163,585.0906372070312,2761612
2015-12-15,589.7356359408017,594.0390899670219,582.0622528768945,587.0260620117188,1552806
2015-12-16,571.6337000712348,571.6337000712348,550.3440163601572,554.6930541992188,6682490
2015-12-17,553.3040307027544,571.2010475121507,544.4238425556731,568.1271362304688,4996832
2015-12-18,566.9886513888489,573.090890062528,562.434708742748,566.1917114257812,2740974
2015-12-21,564.6889242511148,584.7262731761545,564.6889242511148,582.3809814453125,1876456
2015-12-22,581.4701165688496,581.4701165688496,570.6772954590224,572.2256469726562,1222278
2015-12-23,574.0244373927064,578.4417392682893,567.9904637350678,570.0852661132812,1002636
2015-12-24,570.2674264530614,578.8060682945426,570.2674264530614,572.7720947265625,693062
2015-12-28,573.7967110190095,576.5746046130629,566.9657977925928,568.9695434570312,1232286
2015-12-29,569.2428561210309,578.3052135085022,569.2428561210309,575.8916015625,862010
2015-12-30,576.0965443581272,580.5821668062881,573.364178734055,575.1629638671875,940950
2015-12-31,573.3413355500783,581.9255056672567,571.6563991351832,579.4208374023438,1163700
2016-01-01,579.2388682028115,582.6543261046878,573.7969275152095,576.2332763671875,486818
2016-01-04,575.1629132706395,575.1629132706395,564.5522054611916,565.8273315429688,727368
2016-01-05,567.4212396293486,579.2159619082072,564.5522335974224,568.8784790039062,1466066
2016-01-06,564.7345036386783,568.423186633651,555.5810886244489,558.3817749023438,1178150
2016-01-07,555.1256591817532,555.1484511331103,535.0883097116981,545.3118896484375,1954754
2016-01-08,546.0177722351381,550.275697873075,542.6933715692994,545.5623779296875,3530992
2016-01-11,541.0084326795233,541.0084326795233,525.5705546693805,529.44140625,2263750
2016-01-12,530.0789607653279,540.530237626842,526.4585983466658,538.2305297851562,1162522
2016-01-13,540.5984675438584,553.0534883451367,535.953468735046,548.7728271484375,1652518
2016-01-14,543.3309218193593,546.3820969475352,524.8874528863579,541.2589111328125,1620082
2016-01-15,545.5623726230664,546.2682560256986,532.8113321944804,536.0901489257812,925828
2016-01-18,534.4961511924955,540.5984446006623,526.5040163232768,530.8302612304688,1228894
2016-01-19,531.3540795248915,531.3540795248915,516.2122193904606,524.8419189453125,2012000
2016-01-20,518.2387056717427,528.5306055802394,501.38911682301284,524.0449829101562,2616840
2016-01-21,525.980382934383,529.8057059282936,515.5973713209287,518.5574340820312,1634526
2016-01-22,520.2878634325552,548.7500003818197,519.5364518990724,545.9721069335938,1505188
2016-01-25,549.2055878219354,554.6931119926928,534.7240252104789,536.5911865234375,1650040
2016-01-27,537.0920246672383,545.471290532851,523.7944783441665,535.8624267578125,2116716
2016-01-28,536.2268877154884,552.5527652807737,536.2268877154884,548.3631591796875,1347616
2016-01-29,551.9378618804479,564.6889015938576,547.5205596443511,561.614990234375,2034158
2016-02-01,558.3134014362959,563.9603017695,550.047983926698,558.4727783203125,1027972
2016-02-02,559.2013908088477,565.2809489941666,546.4731427614122,549.5015258789062,1032894
2016-02-03,544.1051443591281,559.2242132299459,541.9192294329281,547.83935546875,1042488
2016-02-04,550.1162798522467,556.446271342743,541.4637886956303,548.5223999023438,887888
2016-02-05,548.2947210770935,557.0838530446941,544.0367956153251,555.3533325195312,1290006
2016-02-08,559.2241805163693,563.641482833259,543.695246556537,547.2700805664062,1042654
2016-02-09,542.374668954419,554.1238653794082,536.4545424251097,538.8225708007812,759394
2016-02-10,537.3652296517997,547.3611114758,528.9176438479204,538.4126586914062,1233280
2016-02-11,535.9990628020673,537.8206399058977,509.1080085707239,513.0471801757812,1382986
2016-02-12,513.0016647237381,536.7049596174621,496.9490160939008,530.648193359375,4933968
2016-02-15,529.6236144452915,560.5676374384382,528.9860512548466,558.6777954101562,1493674
2016-02-16,559.6795475529157,564.8710532536111,546.5414342226877,549.228271484375,1198744
2016-02-17,550.116197227141,550.116197227141,539.8698276595825,546.6552124023438,1079510
2016-02-18,552.1655813010326,556.9244294357837,541.1677979863728,552.66650390625,1406810
2016-02-19,551.0271057116503,568.6964268746524,547.1334621914395,560.2488403320312,1361338
2016-02-22,561.0457566543391,568.7874594653161,560.9547000337883,563.3455200195312,1101500
2016-02-23,563.3227392954925,565.1898447749711,548.1580871333801,550.43505859375,1709506
2016-02-24,546.4731586049605,557.4026217770597,544.0595465850722,554.9434814453125,1284148
2016-02-25,554.3287779943304,565.8958057162226,554.2377213594863,559.7024536132812,2585106
2016-02-26,563.7780768654413,568.2636990730434,559.2013424545171,560.15771484375,1777842
2016-02-29,557.4936046717056,577.8952887975313,553.3267918605073,559.2696533203125,3427866
2016-03-01,554.3287442693806,582.7680977405571,550.1618750613449,577.4855346679688,3171988
2016-03-02,578.3507976892405,578.3507976892405,541.7598744810216,546.0861206054688,4975766
2016-03-03,551.9377584521402,559.3607059874997,546.6324050189634,553.4633178710938,2128882
2016-03-04,553.3041130475389,559.679633691708,551.2776305074078,553.9188842773438,1402812
2016-03-08,557.8579971619704,561.9565457125482,553.2812623777762,555.3078002929688,1459818
2016-03-09,553.2586317536834,563.7782305925945,551.5736392290117,562.6625366210938,1762268
2016-03-10,561.0457671855762,568.0588503934206,556.0364299785622,558.4727783203125,1316558
2016-03-11,554.9434555748334,562.707950244095,553.7594415710774,555.8087158203125,1353850
2016-03-14,560.1349989535823,562.8445728506816,548.7501412512738,551.960693359375,1425720
2016-03-15,553.2584490982433,554.3286143974182,545.3801068547418,548.7728271484375,1281014
2016-03-16,548.7045818411095,553.3040529741459,539.1868302233652,551.9833984375,970990
2016-03-17,555.1711762993566,557.8580137694137,541.9192133760018,545.7672729492188,1315728
2016-03-18,546.518674440725,558.8598485394674,544.1961746876975,556.7423095703125,1669452
2016-03-21,559.6795411857964,560.1349354422535,553.8277361083462,559.2013549804688,986906
2016-03-22,560.1349791857531,576.4608534366789,556.4918248495856,570.6773681640625,1927934
2016-03-23,571.5197658938852,574.6164689331816,565.7362813356273,568.94677734375,1591314
2016-03-28,574.7074936756713,576.5290705177495,563.4592789118839,566.4420776367188,2335552
2016-03-29,564.7799692584066,570.7000949554135,558.9281638220821,561.1596069335938,1942358
2016-03-30,566.5105364268421,568.7191877699663,553.6228548814024,555.4672241210938,3656452
2016-03-31,555.1256199048725,558.677717477474,548.2947057961169,551.3458251953125,5135346
2016-04-01,549.5243273861247,549.843136777938,541.0084754712402,544.2872924804688,4983622
2016-04-04,545.3117880125693,568.9695511611311,540.4163001340169,567.3756713867188,2898226
2016-04-05,567.3757433140029,568.2182116121135,552.9397113158872,553.622802734375,981922
2016-04-06,555.5810405950442,563.277215308197,553.121900280943,555.7404174804688,1253168
2016-04-07,557.8123433650892,561.9564192937227,550.5715647699438,552.2337646484375,824062
2016-04-08,553.2585272175361,564.0513495214149,550.4350493002746,561.1596069335938,971094
2016-04-11,564.188025230578,564.4157223869718,551.049910424681,562.8673706054688,998468
2016-04-12,563.3227467519619,568.6964217056131,559.7251206789325,564.6661376953125,2127960
2016-04-13,571.064497688135,614.6685053864118,569.7438429949134,606.7901611328125,5955162
2016-04-18,605.6743322736272,616.922547636948,599.3443412919924,610.5242919921875,3446600
2016-04-20,612.4825797210322,612.4825797210322,593.9708447444149,603.8756713867188,3542876
2016-04-21,607.9286193727385,609.4769711638,592.9917191751695,595.9517822265625,1693322
2016-04-22,596.5664751101763,607.9968598129658,593.2193384480018,603.852783203125,1421344
2016-04-25,603.5341154574629,607.4732318594013,599.8681689397911,604.08056640625,1211802
2016-04-26,607.4959573027551,622.0685739696877,604.8319119363556,616.5355224609375,2435670
2016-04-27,616.6038644476947,632.7020413711961,614.4179496345785,630.6072387695312,1671196
2016-04-28,632.7021356534342,636.1859135852955,610.6838297193136,612.2777099609375,3997186
2016-04-29,612.0499122179643,612.8013238978634,600.3463014599643,606.1069946289062,1806098
2016-05-02,600.6651554504706,612.5054087042327,598.0238459501172,608.6573486328125,1204758
2016-05-03,608.8621421178908,615.8296967207333,599.2988623987616,603.7844848632812,1916636
2016-05-04,603.807371135443,605.6289485093548,594.7450125822057,601.575927734375,1044784
2016-05-05,603.3974658799677,606.1298317631978,594.8588224948738,601.507568359375,1343540
2016-05-06,597.3407418719752,607.4960580316447,594.9727135070044,606.038818359375,1092306
2016-05-09,606.1297151309755,617.7422679002015,606.0841868263741,614.6000366210938,1891170
2016-05-10,613.6437979709689,617.0364631522732,606.5851865657369,614.7367553710938,1346258
2016-05-11,609.3175857312639,615.2377117510744,597.5456539560505,613.9625854492188,2414330
2016-05-12,618.5847706780949,620.793421680814,606.2435975750601,607.6781005859375,1287602
2016-05-13,606.1299171251607,606.403142633937,592.9234801630047,597.8189697265625,1207170
2016-05-16,601.1204835701693,601.1204835701693,594.5172661370121,599.435546875,1124564
2016-05-17,602.4866937942123,615.4199037812897,600.4374193255245,611.1163940429688,1869828
2016-05-18,607.9058031978516,607.9058031978516,597.7049607496996,603.852783203125,1679064
2016-05-19,603.8529232721937,605.3557469010054,594.5173388626312,597.0447998046875,1311608
2016-05-20,597.8417244046859,602.0541221385829,586.6845628392293,588.8704223632812,1558094
2016-05-23,592.4679133523523,592.4907053006729,582.9729544523924,585.1588134765625,732148
2016-05-24,579.147610995548,593.3331523534072,573.4551831304453,589.6444702148438,1391044
2016-05-25,592.8778416835935,600.2096786891617,592.0125814081262,597.3634643554688,1755228
2016-05-26,600.1868210412023,614.7594368345723,594.7448820669127,609.8184204101562,2812820
2016-05-27,609.7729871028505,620.2470563361333,604.5587444379842,607.359375,1473552
2016-05-30,607.4959654928588,615.5564219593765,597.841629056907,606.0614624023438,4824894
2016-05-31,607.8146293719907,612.6418524662776,598.5018400208746,602.1677856445312,2957786
2016-06-01,605.2190182114721,614.3269041138268,603.9666838998983,607.3821411132812,1890434
2016-06-02,611.1391802991104,612.8924373212874,605.9476739087975,607.1544799804688,1523970
2016-06-03,612.505340914397,618.6986923513429,611.4807037269937,616.6949462890625,3376508
2016-06-06,620.4746626556448,631.449652910099,619.8143632323521,623.7534790039062,2434724
2016-06-07,626.167107216531,631.6090463850196,625.2563186969434,627.510498046875,3529094
2016-06-08,628.4213729673423,636.6412627228116,628.4213729673423,631.3131713867188,2266562
2016-06-09,629.8102502619125,634.4552493943911,621.7042103435354,625.4384765625,1386668
2016-06-10,623.3209109993529,639.7834250818532,620.952883016445,626.55419921875,2835080
2016-06-13,618.5392604878082,626.8502058247509,608.065192391935,618.12939453125,2380866
2016-06-14,619.791659939262,622.4557055520559,614.3724564970066,617.33251953125,1174906
2016-06-15,618.4254471948999,623.3437277738836,614.8733494889534,617.3097534179688,1365592
2016-06-16,617.970016997834,621.2488334665645,609.8639768527503,612.027099609375,1998934
2016-06-17,614.9189943467999,619.2452405402769,609.8640727433708,612.0499877929688,1931630
2016-06-20,610.2512080716481,616.603936883995,605.6972646677781,615.16943359375,2144048
2016-06-21,616.9682205099987,624.6188114037851,616.9682205099987,622.4556884765625,1986504
2016-06-22,621.9775880112526,628.7857108977228,614.372469470146,619.1085815429688,1218652
2016-06-23,620.6340806650875,628.466895600897,618.6531266737774,626.0532836914062,1998834
2016-06-24,609.3176100023651,636.5502130143067,598.8435404731765,632.4971923828125,2768948
2016-06-27,635.3433698481745,638.1440559159829,627.5333464718103,633.8178100585938,1746496
2016-06-28,633.0435894501578,643.92752406547,631.5863499627209,641.4683837890625,2010980
2016-06-29,644.1551615702077,649.3238751491243,641.1950989684359,645.6351928710938,2111922
2016-06-30,651.6692262776215,654.4015920062488,644.6106148120008,651.1910400390625,4694178
2016-07-01,652.5799969380216,671.6610282037801,652.3522998002205,666.287353515625,2329862
2016-07-04,670.6592453445837,672.8223685339692,661.4375096424666,667.3348999023438,1728496
2016-07-05,670.6592009386269,675.8051790529111,662.7353841469011,664.7390747070312,970110
2016-07-07,662.598725032273,669.2929991934559,660.3217534685882,663.41845703125,1597782
2016-07-08,663.008571653295,667.380345809766,658.978343221394,661.892822265625,1428498
2016-07-11,668.4959888585469,673.8013431621372,665.3310209538494,670.3175659179688,1316600
2016-07-12,670.909703025687,674.1202553186407,669.452463391939,671.7749633789062,940948
2016-07-13,671.2511984471826,673.9835642481887,664.9895268198768,666.9021606445312,1505342
2016-07-14,662.849191877473,665.3538605134029,651.0544684557053,659.0693969726562,1832622
2016-07-15,663.9192919765694,676.3515217183472,659.9118003176841,667.0615234375,2521152
2016-07-18,669.429620274627,674.7577113428039,666.4695573278345,668.8375854492188,1474504
2016-07-19,668.6098943470002,671.7065978477041,657.2250367563612,663.3273315429688,1392118
2016-07-20,666.697258697092,670.2265645406046,664.0104211949736,665.5132446289062,1445068
2016-07-21,666.7070825454296,668.4978359193659,656.1692760782389,658.8323974609375,2491952
2016-07-22,659.8195282156931,664.250477802441,659.6358511661723,661.4495849609375,2033726
2016-07-25,661.1970805208678,674.2373674856591,660.3935424021793,672.0563354492188,1919612
2016-07-26,674.0536265233831,674.8341839159682,663.1254867249967,665.3065185546875,2004548
2016-07-27,666.0412842709517,672.1481402912866,659.360416406021,667.5335693359375,1342568
2016-07-28,671.7578127941454,671.7578127941454,664.0209004597338,666.9365844726562,3059592
2016-07-29,667.6253266582421,679.5177009772895,666.936579760039,673.4796752929688,3784502
2016-08-01,676.303535140761,685.8771056225577,668.5666230171167,675.0408325195312,2556022
2016-08-02,679.5635660691826,683.5582754225522,666.661052815374,669.43896484375,1498848
2016-08-03,671.160920615844,674.9261042309433,661.4725580843435,664.181640625,1345026
2016-08-04,670.2885069388891,672.584329943817,657.1104492603833,659.2225952148438,1361794
2016-08-05,663.2632667973356,684.1552561633991,663.0336844966097,681.4002685546875,1870776
2016-08-08,686.4510357334287,691.1574726004974,676.6937885699937,687.7596435546875,3560014
2016-08-09,691.9610914532727,692.8564400539173,674.0077657848974,679.9080200195312,1546836
2016-08-10,683.6961995839257,685.9920229539186,658.9013071880008,665.3984985351562,6602056
2016-08-11,663.5846869162309,667.0284215688899,647.8812793202532,652.7484130859375,3344252
2016-08-12,655.6871752255274,678.1862449636583,653.8734971259718,666.1790771484375,3848548
2016-08-16,666.8217287900669,671.0001150542516,657.2251783259321,662.8729248046875,3017988
2016-08-17,662.8730439718778,668.7503177356572,659.1997268506265,666.018310546875,1181104
2016-08-18,668.5895728589003,673.8010799368448,667.0513826359463,670.4951171875,1371966
2016-08-19,671.2986678567885,674.2373326060437,666.5233446455449,669.898193359375,1527874
2016-08-22,670.5640615275139,671.2757330999694,658.9242489389392,662.8271484375,1207950
2016-08-23,664.8244572061215,665.2147359187612,657.0645640032768,662.436767578125,900824
2016-08-24,662.505714720141,666.5234054723948,657.6155999087517,658.8323974609375,1003038
2016-08-25,663.4928693530338,663.4928693530338,646.5037785806724,649.1898803710938,1965574
2016-08-26,651.5086547024706,657.6384908323253,649.809712071672,654.2406616210938,1336100
2016-08-29,655.6870944202351,656.0544485459407,649.0292072570044,653.1157836914062,1113022
2016-08-30,655.6641755770466,660.7149870045961,654.3096622052631,659.3604736328125,2720064
2016-08-31,662.1154256142199,665.0311099330291,656.8120514840542,659.6359252929688,2587538
2016-09-01,660.7379549261549,672.6762362521313,660.30177091324,667.4188232421875,2331330
2016-09-02,670.380372127245,677.7270063423381,659.1767437391538,676.625,2816632
2016-09-06,679.5637259315988,686.4511961268515,679.1504665098084,684.0864868164062,2300042
2016-09-07,686.451077580552,688.7469005824937,679.9079820250183,683.581298828125,1940376
2016-09-08,685.991991922301,688.7469798416678,680.7345790629921,685.1195678710938,1721426
2016-09-09,686.0149864133648,687.3694997475608,670.7936666417459,676.0969848632812,1298158
2016-09-12,668.7732282447402,669.4619751327368,650.1770622688308,654.7457275390625,1374956
2016-09-14,657.7074832741307,657.7074832741307,645.4937142853059,648.1339111328125,2284122
2016-09-15,651.508700085942,653.4371690980859,640.7872172617277,645.7002563476562,1365672
2016-09-16,648.340430591055,657.1563687001914,643.312600521845,645.8839111328125,1548846
2016-09-19,651.0494898139126,656.3757879005491,646.0445845233106,650.63623046875,1107456
2016-09-20,653.391174641376,655.0671365102263,645.3557947705228,647.3531494140625,1226474
2016-09-21,646.5038492190025,654.7458325470639,643.3815070725111,645.998779296875,2095174
2016-09-22,652.0137992304285,653.1617108487919,646.5956339716043,649.0751342773438,1936070
2016-09-23,651.5086886425786,655.2279108437413,646.0675991213991,647.468017578125,1472766
2016-09-26,647.4679852597757,647.4679852597757,631.8104837547068,633.7389526367188,1781186
2016-09-27,633.6472095759657,638.5832295056335,628.4357020696,629.8361206054688,1958762
2016-09-28,631.6498373413402,638.1929333485881,629.0555459599714,632.1549072265625,2085302
2016-09-29,636.8154574435333,650.1541567522979,623.7062844069269,626.4842529296875,5270206
2016-09-30,629.2851799497269,649.8787041798163,619.872304218994,645.44775390625,2137750
2016-10-03,648.7995663094556,666.706985337105,642.853407283241,662.9647827148438,3603220
2016-10-04,666.0181853159075,667.9696346696426,647.8811854400176,649.8785400390625,3167876
2016-10-05,654.7228641483202,654.7228641483202,640.4428552122554,642.463134765625,2300598
2016-10-06,646.4579710007606,646.4579710007606,626.9893771533353,630.38720703125,2127622
2016-10-07,631.3513154719768,637.3204551818936,629.0554925066242,630.8921508789062,1374730
2016-10-10,632.7747910761839,637.3205323077618,631.3284112229038,632.2238159179688,729386
2016-10-13,624.4869816992422,635.8972134494144,621.2498480972092,628.9408569335938,1654226
2016-10-14,632.2697118012608,632.2697118012608,621.295665651426,623.13232421875,1595846
2016-10-17,624.3260749460596,624.6475237915149,600.6102685478695,602.9290161132812,1865522
2016-10-18,606.2810130737902,612.938900476868,604.9724050356734,612.2271728515625,1576968
2016-10-19,614.6836143530685,614.6836143530685,602.4469228670691,609.7246704101562,2310602
2016-10-20,610.6890562780547,616.9795903022712,607.4749033502756,609.4952392578125,1040256
2016-10-21,609.2655411760237,610.6889402778759,606.2809711671468,609.1966552734375,812896
2016-10-24,610.0002591345144,616.7499573084764,606.2580558943708,614.936279296875,1778610
2016-10-25,615.2805421760459,615.6708208621294,596.5925660390534,598.7047119140625,2905508
2016-10-26,596.9599029149808,608.3931130033822,593.5391489639014,601.0234985351562,1250544
2016-10-27,601.5056315292003,604.3065244048736,593.6998332574474,596.7991943359375,1908564
2016-10-28,595.9957801156235,603.7326940942598,592.3224625186089,602.332275390625,1498016
2016-11-01,606.5105756556258,614.2704691725587,598.7506821386929,609.0130004882812,1854896
2016-11-02,605.6381282635955,636.6317398312927,599.8985705658738,628.734130859375,6050492
2016-11-03,624.9459246735674,631.6038105577558,621.2496276763397,624.8999633789062,2224808
2016-11-04,624.463849939483,639.1571169968826,618.1503367507567,630.134521484375,3198050
2016-11-07,635.4839625852419,639.7771414403192,629.3311442229677,632.7059936523438,2123570
2016-11-08,635.483911818436,637.5960581187401,627.701092977515,635.7593994140625,884762
2016-11-09,603.3423481133918,624.0047572953573,575.7235832967568,612.2271728515625,3743020
2016-11-10,623.5226144966728,632.9354898284558,601.5056919334559,606.6942749023438,2512840
2016-11-11,596.9141269472243,604.7199270688418,565.5072493654636,569.4560546875,4555506
2016-11-15,570.2825049777439,577.606158849378,536.8782761233712,568.5836181640625,4130936
2016-11-16,574.8741118492999,586.9730885363738,559.9742421532258,568.1473388671875,2696932
2016-11-17,564.7724842221385,571.6599535419206,556.048356417081,560.0201416015625,1058432
2016-11-18,561.2139411737949,572.5782652024727,560.6399854147708,569.2952270507812,1094450
2016-11-21,571.4074413310037,571.9813971586295,546.4059478997729,550.7221069335938,1510636
2016-11-22,555.5891912849145,561.8338189190348,544.1100757624989,559.767578125,1287998
2016-11-23,562.4536843362051,563.1654119242963,545.0743145097241,547.232421875,1161412
2016-11-24,545.4876187319247,550.9057841664148,531.7126788649568,534.3298950195312,3266868
2016-11-25,537.1767594224161,541.1255643800702,529.5316564457496,538.6001586914062,1527176
2016-11-28,539.5184273668515,543.6279282870729,530.7942996051747,533.7788696289062,1327884
2016-11-29,533.0901363459075,551.4567215774632,532.6539523668059,544.5003662109375,2076356
2016-11-30,547.32425309829,550.033335695344,542.0668403691303,544.156005859375,1876180
2016-12-01,546.4059136285966,548.2425721618021,531.2075754763963,532.6768798828125,1331604
2016-12-02,531.7126712932367,534.4676592273985,524.2053403827201,525.99609375,2193510
2016-12-05,531.6438095864148,544.3856293619493,528.0393780852125,542.4112548828125,1325654
2016-12-06,544.569282586121,547.5308722002723,538.1639580483643,539.7021484375,1087404
2016-12-07,543.1458643669241,549.1150046924283,537.2226292953878,542.7326049804688,1875400
2016-12-08,545.028430158758,557.5176860034101,545.028430158758,555.2218627929688,1803138
2016-12-09,559.7216609349208,559.7216609349208,543.1917349352021,545.6482543945312,1954666
2016-12-12,545.1202772679193,548.8854612160707,533.641160444973,535.2023315429688,1082646
2016-12-13,534.4676376174393,539.2888663072873,529.4627318626658,536.02880859375,1501832
2016-12-14,539.4267117882889,543.6510046066351,532.1948677658611,539.036376953125,1104776
2016-12-15,537.2225808104304,549.5282144833286,535.4318276643224,544.82177734375,1923330
2016-12-16,544.1100348101946,545.9237125060828,536.2583315938925,542.2733764648438,1602460
2016-12-19,543.3294955572119,546.3140654679622,538.1409131383762,540.459716796875,1482614
2016-12-20,540.9418044185936,544.5921966213011,537.2225823661321,541.17138671875,1064722
2016-12-21,544.5692276977238,553.1555834883251,539.5184169855189,546.6124877929688,1676032
2016-12-22,545.0283950135988,547.7374774373036,538.6230710896518,543.4672241210938,1711402
2016-12-23,537.6817878195789,542.6407882998906,530.3351536563737,537.957275390625,1540542
2016-12-26,538.1409410051912,538.6001056306222,526.0878695876262,527.4423828125,2124360
2016-12-27,527.580145631007,537.8883688761479,524.0905057472638,535.9598999023438,1161856
2016-12-28,537.7277306076219,544.0642254358361,537.2226606837206,539.105224609375,2138830
2016-12-29,540.8040863087554,541.35506140658,536.4649472245136,539.4954223632812,1667556
2016-12-30,541.0107007301963,545.8549097768686,538.1409219230129,543.9722900390625,1023018
2017-01-02,543.8804846522743,566.1499684054489,537.3373889103622,564.6806640625,2106528
2017-01-03,564.7724383008508,565.8055586148158,557.8849695410844,561.3516845703125,1553022
2017-01-04,561.397559661584,565.1167813819965,556.9666104540822,561.0761108398438,1130816
2017-01-05,562.0175955902515,567.0684073153274,554.3954727424856,563.5557861328125,2508486
2017-01-06,568.905039455183,568.905039455183,558.8952269945783,560.3875122070312,2254066
2017-01-09,559.8594081418534,561.9944786493886,551.4566737076769,552.8341674804688,1042782
2017-01-10,551.4566706723032,558.6196270413209,551.4566706723032,557.1962280273438,558120
2017-01-11,558.9181179442963,568.3309923890349,557.2651365689522,565.6907958984375,1411696
2017-01-12,567.0683978538402,567.1372837681085,555.6810910071504,557.1504516601562,655710
2017-01-13,561.0073985704253,563.395032359133,558.1835247287217,559.1936645507812,787588
2017-01-16,557.8850595110414,563.3032248959893,554.3954193200593,556.0484008789062,980302
2017-01-17,555.5890960786487,557.6553365186106,551.3418240631714,553.0407104492188,957954
2017-01-18,553.3392909439051,560.3645322860979,552.0536635949297,557.7013549804688,1958376
2017-01-19,556.5073958999782,557.2650285648638,552.2601241078372,555.9564208984375,787858
2017-01-20,555.5892118336874,558.7115537914135,545.0743304161823,547.3472290039062,1537666
2017-01-23,549.1608754029609,553.0637746010589,540.5974441876489,545.9008178710938,1086802
2017-01-24,548.6558441202399,562.1093345541794,545.0284322239238,560.5022583007812,1587220
2017-01-25,566.1500081949436,573.2211549493829,556.5075506344457,571.1090087890625,3701216
2017-01-27,571.1089724944895,583.0701771255941,570.971200689375,574.736328125,1632060
2017-01-30,574.7363790388929,575.4481066777539,566.6321676790219,571.9354858398438,880280
2017-01-31,569.9151040517271,573.2900088497793,564.8872738817464,569.4100341796875,1846324
2017-02-01,570.2824961353931,600.4036860094425,563.8541910259764,598.0160522460938,3047124
2017-02-02,595.5365622288895,595.8120498139862,577.9276087809241,580.8203125,2895658
2017-02-03,581.2795110828114,584.8610180492104,575.0119579671781,578.868896484375,2265052
2017-02-06,579.4657166030569,583.5981979417475,577.6290582303055,581.2564697265625,1710456
2017-02-07,580.4529974022969,581.1646689720881,571.568172728323,578.0653076171875,2674292
2017-02-08,578.7080931860825,588.1898533990363,578.5933020359265,586.490966796875,1681180
2017-02-09,587.2714767021187,594.5033185770666,580.6135905315317,593.1028442382812,1524034
2017-02-10,593.6998378829082,600.5184210986362,584.3099440735846,586.6516723632812,3535424
2017-02-13,590.4627647139137,598.2685638361805,557.3340797500028,596.294189453125,1752192
2017-02-14,598.0159906863951,603.2963836255672,590.0265153770526,597.763427734375,1834652
2017-02-15,597.0057920530566,605.546298475569,596.0415576006211,597.3042602539062,2093830
2017-02-16,597.3730797521432,606.8318582752719,597.1434974770656,606.0283203125,1932262
2017-02-17,607.0156335075147,610.6200645992819,602.3780820107611,604.7886962890625,1750224
2017-02-20,604.7198161788647,608.186531546735,599.0261635712069,604.2376708984375,940842
2017-02-21,605.1558865823101,605.1558865823101,598.2913990896448,602.26318359375,1125370
2017-02-22,603.5489256729688,604.2606532698404,598.9113741185859,602.056640625,1207634
2017-02-23,603.3422975675466,604.031044482578,594.3885876721378,599.1409301757812,4754094
2017-02-27,598.2456112726824,598.2456112726824,588.1898946044987,594.0901489257812,1495124
2017-02-28,594.572329535655,605.0872114613493,592.7356708953721,602.492919921875,1350030
2017-03-01,604.2606971153846,623.912967131688,596.133504992265,619.29833984375,5875460
2017-03-02,622.1221609235541,624.9230539228331,602.8831519475973,608.3931274414062,1599896
2017-03-03,607.4749414001581,611.607423994717,603.5031552519778,607.0387573242188,714316
2017-03-06,607.0844258527443,614.8213373721121,604.352363128156,610.5970458984375,2634892
2017-03-07,607.5206439744182,611.5154094466023,602.7453211371678,606.2120361328125,1357652
2017-03-08,607.4747349438817,607.4977155928608,596.8909690313278,598.5440063476562,1755722
2017-03-09,597.8323125779001,602.3321481034717,596.0415594177086,598.7276611328125,1947556
2017-03-10,598.7277329815851,606.0973481577432,596.6155867662615,598.1767578125,921202
2017-03-14,608.5767463484265,623.2470322787188,603.8932339960027,608.8522338867188,1826798
2017-03-15,609.3115126720518,614.6607922488406,604.6739607487523,607.7274169921875,2281418
2017-03-16,609.0359644975023,612.0664397859939,605.3855721303728,606.5105590820312,1868436
2017-03-17,607.4747761451283,611.5842769649655,596.913990165281,598.6817626953125,2367164
2017-03-20,603.3424156891434,604.4673467837854,595.261128180704,597.0059204101562,1482690
2017-03-21,597.5339455456875,599.669072519327,583.5983087075533,594.3427734375,7791312
2017-03-22,591.4039806535577,591.4039806535577,577.4683468226091,583.529296875,2647756
2017-03-23,585.8940377434822,588.1898607753924,581.94523333867,585.228271484375,1991010
2017-03-24,585.0216935613834,590.9449290015438,583.7360661184114,585.8023071289062,1450556
2017-03-27,585.4348948367754,589.7510535068222,578.1112415136708,581.1876220703125,2196248
2017-03-28,584.103353437751,589.4067276869094,583.1391188607332,586.353271484375,1746870
2017-03-29,589.8887288869952,589.8887288869952,579.9248796613368,583.4375,2308496
2017-03-30,583.460497482935,591.0826755021037,578.9836421519717,587.661865234375,8849392
2017-03-31,586.3532456673292,594.6182091927889,584.2870047859643,590.8989868164062,2188282
2017-04-03,595.8119869590141,599.2098162844169,587.7307010299261,590.7152709960938,1935486
2017-04-05,591.1744629946554,594.1590330990945,583.0931766911715,592.666748046875,3975030
2017-04-06,591.3580351570297,594.1130224570388,585.5036871445103,591.8171997070312,1084388
2017-04-07,589.5673574876647,592.2075539873174,582.565097205977,585.6874389648438,1710604
2017-04-10,587.7307903671202,589.0393984949718,581.9912318674412,588.09814453125,1087208
2017-04-11,586.3532223970416,590.3938934914992,583.1620506937282,588.4424438476562,1414324
2017-04-12,590.4857321882436,590.4857321882436,582.5881227315355,587.707763671875,1663874
2017-04-13,584.5165923154713,588.5113023015634,582.7029143902577,587.9603271484375,1104418
2017-04-17,583.1620860922213,587.0190243115238,581.1417504223562,582.8406372070312,2118848
2017-04-18,584.8839501530563,584.8839501530563,577.9046138838472,579.9938354492188,1951614
2017-04-19,580.3840822903878,582.634000148581,575.3332714476709,578.2948608398438,1718390
2017-04-20,577.6291442906281,586.3532728609954,577.6291442906281,583.919677734375,1324892
2017-04-21,583.1389894067958,585.2741158143023,576.2974262737619,577.7208251953125,1331830
2017-04-24,577.9045582797035,583.5982105684939,577.9045582797035,580.6595458984375,1137378
2017-04-25,590.0266142141031,601.9189906445249,587.5700943844543,600.3348388671875,11584768
2017-04-26,605.0641867969508,624.2802152130977,603.571901760267,621.1349487304688,5752818
2017-04-27,621.5710888524433,626.1627347952119,611.6072395767816,613.994873046875,2318584
2017-04-28,614.2704861767244,617.6682597186953,605.0183073446624,613.2373657226562,1052588
2017-05-02,612.1123050108095,621.134900433425,608.9900194224388,615.7167358398438,1634378
2017-05-03,616.198924416334,621.8007103999712,612.5026267789349,619.2523803710938,1811584
2017-05-04,615.7397356554583,620.3313817080717,610.5282285958154,612.9388427734375,1479754
2017-05-05,611.148119770725,611.148119770725,600.128168700479,606.6712646484375,1791334
2017-05-08,607.2452476255409,617.8978450503164,602.8831834649037,612.2271728515625,1159430
2017-05-09,613.3062113421555,620.7447124328492,610.069134133101,616.9566040039062,1183118
2017-05-10,620.7905735894444,633.5094112938734,618.9539150877006,631.9942016601562,2141724
2017-05-11,636.2643829630989,643.8405990912822,625.7495581467025,631.87939453125,3489420
2017-05-12,632.7288918128688,632.7288918128688,625.2444855490697,628.068359375,3499498
2017-05-15,630.4330438158452,636.70065229328,629.0555499109307,631.6498413085938,1116380
2017-05-16,632.2698151519426,633.8768916610434,625.8874143771519,627.3796997070312,1032024
2017-05-17,625.8414284297746,635.6445826613549,624.6476115298585,633.0962524414062,1841768
2017-05-18,628.5963670174374,629.9738608823404,618.7243276522987,621.1808471679688,2435692
2017-05-19,619.8723054288148,623.3619457159687,610.0002650090225,612.2501831054688,1953484
2017-05-22,615.3495060469089,616.1759687720988,597.4191043607242,599.7838134765625,873594
2017-05-23,603.8015454326134,614.5230293448589,596.9140753326216,611.4925537109375,1560364
2017-05-24,611.3777658908512,614.7296904446875,597.5798449614857,600.8858642578125,1251366
2017-05-25,601.9649201646363,613.3981323755505,598.7507672728343,609.5411376953125,2913396
2017-05-26,612.5256318528277,619.3671962222776,609.5410616826302,615.6708984375,670446
2017-05-29,617.5764273398717,631.69573971214,609.4951410620781,624.4868774414062,2117528
2017-05-30,626.3004605058004,633.1879289131222,616.3366119633527,624.9688720703125,4447770
2017-05-31,639.3867887731664,665.1000097220334,639.1572064432657,650.6133422851562,7883572
2017-06-01,656.6054706342637,661.6562819468351,650.2230705837579,654.4244384765625,3424678
2017-06-02,656.6054053267922,658.786437267563,646.9629483254896,651.3250122070312,2884778
2017-06-05,654.2866633476021,657.7533789693002,652.5188906072185,653.7127075195312,2303902
2017-06-06,653.4142451406817,656.5365309753415,644.736022476746,648.087890625,1607632
2017-06-07,653.4602143920531,666.2938445587255,649.052244749409,657.4779052734375,3809378
2017-06-08,658.2125403241085,661.1971106150794,647.4680760665389,650.8659057617188,1698402
2017-06-09,651.095499766161,658.7635273079962,649.3047463493949,655.0902099609375,1817262
2017-06-12,658.9012111590381,669.8981810784445,649.7179190174487,653.643798828125,3822974
2017-06-13,657.9829810230244,661.1282478450552,649.2588521748476,650.934814453125,1966036
2017-06-14,656.6055074283767,657.9141155862528,643.3356366625808,645.2182006835938,1884770
2017-06-15,646.9629433719203,649.2587664498902,633.1191190016882,637.1597900390625,3134784
2017-06-16,642.0040568997676,647.1237544811901,635.1625477550416,636.9992065429688,3300750
2017-06-19,639.6163347444513,645.1263103488542,635.3690618827238,637.435302734375,2225100
2017-06-20,640.3509148621157,642.3712502330358,635.9429460848853,637.9862060546875,1879408
2017-06-21,639.4786281984556,640.7184064661984,634.0834432018529,636.9302978515625,2989436
2017-06-22,635.9431301684051,646.1365644195444,634.427864189007,641.1317138671875,2256732
2017-06-23,642.8304844050335,651.210238933885,629.101450706595,631.90234375,2441604
2017-06-27,639.7540845517339,640.3050596730765,626.7597034447825,629.1932983398438,3336218
2017-06-28,629.0554699074478,631.3512927903217,619.2982226552338,622.650146484375,1655834
2017-06-29,624.4638464686594,633.2338789847271,620.859415623748,622.4664916992188,1873788
2017-06-30,622.1681574252668,623.9359302787244,617.6224157661063,619.2294921875,1909516
2017-07-03,622.6272887570241,629.9739234326232,616.6581480830998,627.425537109375,2047918
2017-07-04,626.7596987187819,632.2696740921339,620.652786926503,622.2369384765625,860360
2017-07-05,626.7597008440039,640.7183163805666,625.1526246879936,635.9429931640625,2433212
2017-07-06,639.9376449569164,639.9376449569164,629.0554669631732,631.8334350585938,1561776
2017-07-07,629.2392360919783,640.006624517919,629.2392360919783,631.810546875,1316700
2017-07-10,626.7596880699169,632.7288279562971,623.5455358234046,627.8616943359375,866646
2017-07-11,630.8921587420704,640.5346153167308,630.8691780919843,638.3076782226562,4146842
2017-07-12,640.5346936129923,641.0397635233294,631.3514005145981,632.1319580078125,1472052
2017-07-13,634.9131576994424,639.2241189162928,633.2212754588231,635.2376708984375,1589676
2017-07-14,638.7374551471154,640.8233934250025,634.5887783171967,637.625,1307346
2017-07-17,639.6877262204232,651.461700034463,638.899727742291,641.8200073242188,2626156
2017-07-18,640.5915434057505,649.8623790516078,638.2970342172769,639.7572021484375,1645736
2017-07-19,643.3959935612855,645.7137024718089,638.366576542388,640.8001708984375,3795788
2017-07-20,642.9324195003444,647.9386931296077,640.2902541088755,645.9222412109375,1804436
2017-07-21,646.1771997095078,648.031366710109,633.082145267762,642.4920654296875,1401986
2017-07-24,642.3761924374252,645.2269289883301,637.3699188049369,643.8363037109375,1161322
2017-07-25,644.8793209584686,647.1506870652305,642.6080114363983,644.2304077148438,1441876
2017-07-26,644.6475333345202,658.3220158980262,643.8827346622796,655.21630859375,2535586
2017-07-27,658.2293177594588,659.9675994084714,646.6407734327078,648.1240844726562,3867130
2017-07-28,648.0314606824329,648.0314606824329,637.9494261546482,645.3428955078125,803316
2017-07-31,645.8527416884467,653.1303245158202,639.7339566491972,650.4881591796875,1021808
2017-08-01,655.9116798976053,664.4408607623294,650.4882631994678,662.5171508789062,3883480
2017-08-02,663.142803107104,664.5566280504938,652.8058562375207,655.7261352539062,952938
2017-08-03,657.4877965297225,658.9943075999013,650.8591251870557,656.6070556640625,1126038
2017-08-04,658.2293232843227,660.2689184198881,646.6871217210611,657.325439453125,4474648
2017-08-07,644.3231387447294,662.8648118021316,641.982229887354,649.3062133789062,2987954
2017-08-08,648.9817568541106,656.6301969917013,644.43902432033,648.9585571289062,1705654
2017-08-09,647.7997382585688,652.0179577954058,641.7273513134784,645.3893432617188,1542222
2017-08-10,642.4688859545352,647.0116178830384,639.6876353659874,642.9556274414062,1632346
2017-08-11,639.6877017639591,642.5152955055422,621.1460292490618,624.8775634765625,2253020
2017-08-14,627.9600358338192,635.4694467294751,624.6689004650552,628.44677734375,1370684
2017-08-16,631.2976155356293,638.042115061119,625.0166012451223,635.6085205078125,1489816
2017-08-17,635.9793912808042,637.3468170465455,629.7679194367784,633.6616821289062,1223074
2017-08-18,632.2708738452326,639.4557701389284,630.7180204793376,635.0521240234375,1357710
2017-08-21,635.1449882972429,645.6905648544484,635.1218451567257,639.0619506835938,1405084
2017-08-22,640.9393027031001,642.3763277268042,635.5158856129308,637.2078247070312,584698
2017-08-23,638.7606270551953,642.9325034292858,633.6848667672631,636.9991455078125,1578484
2017-08-24,637.3699715735916,641.0783059536561,634.0324932654104,637.4395141601562,1580092
2017-08-28,639.6877185383462,639.8962897257305,633.4299039004711,636.4661254882812,2070446
2017-08-29,637.4858053529201,639.2240869526827,633.6847855553144,638.2738037109375,1075712
2017-08-30,642.0054125642135,643.6510086382377,627.5660737372565,629.559326171875,2110352
2017-08-31,629.4897618158485,630.5559305853486,617.9012168634212,623.3710327148438,3116004
2017-09-01,623.3710621673222,626.5463123173703,619.7090704723983,624.6689453125,2174602
2017-09-04,624.8542840952764,624.8542840952764,613.775624863,615.7225341796875,814606
2017-09-05,616.0701735908864,617.1826285016843,608.8388771625879,614.0305786132812,1547776
2017-09-06,612.524167469021,614.0306783722253,607.2397794454574,610.2760009765625,1298532
2017-09-07,611.2494565618043,622.5366890106196,611.2494565618043,621.1228637695312,2328682
2017-09-08,623.4637073584348,624.3212483527332,597.1345110606483,600.4720458984375,3938974
2017-09-11,602.6042970811254,616.5105500906898,592.4063782074447,593.4261474609375,3330838
2017-09-12,595.1876405814554,604.8756750200073,592.846731978003,602.9519653320312,2122904
2017-09-13,607.2398107679024,611.8984288966038,603.9950178859366,606.0114135742188,4776058
2017-09-14,608.6303945951814,608.6303945951814,597.1577348341527,598.3165893554688,1431844
2017-09-15,597.9688513912196,604.4584358249227,595.6511426648971,599.9389038085938,1680374
2017-09-18,603.0678105299078,605.4782049711722,598.4323930777178,600.2865600585938,1302442
2017-09-19,604.4585382373527,604.7829948801358,597.0882119219674,600.1707763671875,975052
2017-09-20,602.6505977737576,605.4781910375862,597.7834095609644,599.1044921875,1676474
2017-09-21,599.5913355973851,601.0515036264474,593.3798639812542,598.6410522460938,970210
2017-09-22,597.0418263535494,601.2137024693739,594.0520044377516,596.6478271484375,1716992
2017-09-25,594.5387167394694,598.8960210890997,577.5730977376302,584.0626831054688,2290416
2017-09-26,586.519496653403,586.588982659734,575.8811777671964,578.106201171875,1314494
2017-09-27,580.8178117925471,581.9303233076504,567.3751010647068,571.0834350585938,1420550
2017-09-28,571.0834899202097,578.9637004142385,567.8386973638449,570.411376953125,3082168
2017-09-29,570.6199913458304,584.2944752976598,570.6199913458304,581.3973388671875,2433430
2017-10-03,586.380303753563,598.6409601981725,580.7019174128664,586.0558471679688,3570708
2017-10-04,585.9167464839961,598.803229206679,582.3242980779431,597.389404296875,2356486
2017-10-05,607.2397267614537,610.0209774183763,599.3595165668394,602.9519653320312,4212796
2017-10-06,607.193445011493,612.4314336583922,602.2567132816622,603.9949951171875,1825894
2017-10-09,603.0910532208228,608.5840119760999,602.1407699415427,604.8524780273438,835364
2017-10-10,610.948084246195,611.4116260400085,603.1374163373758,604.9683837890625,1387442
2017-10-11,606.7762498133488,616.6265136090201,605.3856243363128,611.6202392578125,3285560
2017-10-12,611.9910428634959,621.8876486759921,609.16344928631,620.2884521484375,1648332
2017-10-13,620.2189284413594,623.7650345285343,613.2658014408956,614.3319702148438,1083280
2017-10-16,620.6360912516767,637.787136854474,616.6496433203968,634.4032592773438,2340580
2017-10-17,636.8600120964592,637.6016675684058,622.7683317907329,636.6050415039062,2047488
2017-10-18,635.9793639678697,638.9923857359391,631.4366315913646,635.3072509765625,1196844
2017-10-19,633.5457750362374,639.2241622644751,630.463210652541,637.7176513671875,350390
2017-10-23,639.6876578841766,646.1540430963037,624.2053510793172,633.684814453125,1199328
2017-10-24,630.6717774742324,633.1517146254847,624.3675641378115,626.0827026367188,781906
2017-10-25,627.6355844589378,636.7209922375647,625.2946757825816,632.595458984375,1328304
2017-10-26,637.1149904191432,640.0121266056769,632.5027722440578,636.419677734375,3304178
2017-10-27,636.4197161944054,644.6475834613868,635.7708029171598,643.2569580078125,1549084
2017-10-30,643.3959565801737,645.5514370600057,635.0754047035196,637.2540283203125,1126068
2017-10-31,638.7605977777903,638.7605977777903,622.1194359091663,623.3710327148438,1599456
2017-11-01,624.5066930476811,631.9001621592934,619.2918477726495,626.1290893554688,3930716
2017-11-02,622.5366456849124,625.5033245613324,616.9973437350706,618.9905395507812,1740658
2017-11-03,620.682434964937,622.5134023371191,611.9214841253424,616.8582153320312,2168762
2017-11-06,624.7848016161078,638.6215129805148,622.6757203843395,633.2676391601562,5150692
2017-11-07,639.6877488746537,640.6148325686751,624.854409770314,627.519775390625,4427324
2017-11-08,630.8804311466287,637.370016771943,627.6356383339715,633.6616821289062,1371018
2017-11-09,636.4428866000643,639.7108788992947,621.1460073154307,631.0194702148438,968514
2017-11-10,631.3902383280115,654.5905267241144,624.4834545863547,645.6904907226562,5939800
2017-11-13,652.6667745046732,663.675890907007,652.6667745046732,654.1500854492188,6476230
2017-11-14,657.7657897089499,666.6657693036939,655.9348223010005,662.6793212890625,3592110
2017-11-15,662.4012881792638,662.4012881792638,652.2033677174417,656.027587890625,1994072
2017-11-16,655.9348680221242,661.0106282630575,652.6668755921353,655.4249267578125,1744892
2017-11-17,660.5471205623014,660.5471205623014,654.5210766554173,656.722900390625,2896880
2017-11-20,658.113424853845,658.2525100180646,649.0048177993634,652.6668090820312,2529602
2017-11-21,658.2292890818105,659.1563725875596,652.7594737640167,656.3751220703125,1707526
2017-11-22,660.083637334951,668.3347054355188,658.0440417453465,662.6331176757812,2879234
2017-11-23,664.9042981949447,664.9042981949447,654.775922264054,657.603515625,980022
2017-11-24,660.5469792385131,667.4537624787159,658.2524702602955,664.7651977539062,1933116
2017-11-27,665.182414078196,669.3542898459337,660.5701962799604,663.3282470703125,1735164
2017-11-28,664.0931831842827,668.1723171477742,661.3814749218237,665.1824951171875,1487160
2017-11-29,667.0134188155093,668.9371285111366,662.8647425363083,664.4407958984375,1383574
2017-11-30,662.8647837119476,662.8647837119476,649.2135001358131,651.9947509765625,5367350
2017-12-01,655.4480155346465,661.45085838958,651.739681641947,653.3157348632812,2154686
2017-12-04,658.2292903924653,658.2292903924653,645.597777601483,649.4219970703125,2925628
2017-12-05,648.9585244071166,653.2926289496113,641.0783137536016,643.4887084960938,2599242
2017-12-06,642.9323806590698,645.4355173224803,632.0159502641861,633.8701171875,2369644
2017-12-07,638.2043250868554,640.8464905151402,634.1714777780087,639.4790649414062,3113720
2017-12-08,642.7933456237988,646.0149948550552,639.4095246757289,643.4655151367188,2399392
2017-12-11,647.0348643843678,661.8682032262503,645.4820105412977,657.418212890625,2646642
2017-12-12,658.1366406218004,662.1694314662277,654.1037931926833,657.8353271484375,2812240
2017-12-13,659.0637076535795,663.7918110481195,653.593892163302,654.7527465820312,3787148
2017-12-14,656.8386857761224,665.6459793750965,654.9845187026541,663.6063842773438,5505930
2017-12-15,668.6590489164223,690.6772844959926,667.9637362139096,687.617919921875,7105514
2017-12-18,687.8960578215906,713.3908578082398,674.4533451013574,705.2556762695312,8530702
2017-12-19,711.5366326619453,723.5655192251883,705.51058951888,721.4100952148438,11347974
2017-12-20,723.1251029294024,728.4094899985157,710.6558190042599,714.6654663085938,9660028
2017-12-21,711.0731446550449,711.0731446550449,685.068460134208,688.0814819335938,6803736
2017-12-22,692.5313893857231,698.4647465471331,688.8230553060138,691.7897338867188,2338232
2017-12-26,693.4584596719798,695.2662838182758,682.9824274136585,687.478759765625,3887128
2017-12-27,690.4918582689754,699.8554366381823,685.5319836119226,692.2996826171875,2523905
2017-12-28,692.5314494838157,698.9746918233948,691.0017389093118,695.266357421875,5643656
2017-12-29,696.2397117443801,698.0938787530202,689.6574414975821,696.3323974609375,2055582
2018-01-01,696.2397410696385,703.5637236961242,688.8230727226916,690.352783203125,2476302
2018-01-02,699.0210510887508,702.7293855772853,691.8824958813832,698.0012817382812,3020597
2018-01-03,700.782491282311,703.656427707583,695.3126756003784,699.8554077148438,2256643
2018-01-04,705.5106624219784,705.5106624219784,695.7762840311364,700.875244140625,1663380
2018-01-05,700.8753113894583,703.1930207525187,698.6502877670398,701.1997680664062,1255982
2018-01-08,701.8486833427938,704.583591495142,701.3851415062838,704.4909057617188,2309604
2018-01-09,704.5834924020457,710.1459936578514,701.9876697996076,706.8548583984375,1947163
2018-01-10,706.4840532655443,709.2189612303647,699.2064695652275,704.4444580078125,1275821
2018-01-11,704.8615819469917,712.880876949317,700.4115924120721,710.7485961914062,2291617
2018-01-12,711.1657040383703,713.3907269903425,706.205830129816,711.5365600585938,1363265
2018-01-15,713.8542872493524,719.0923316013551,700.5506618026706,703.841796875,2127778
2018-01-16,703.6565362913137,706.947672146751,686.9690295017964,692.25341796875,1611817
2018-01-17,692.5778235280725,699.0210661577387,684.9757263457576,691.0017700195312,1940533
2018-01-18,695.3127210690546,709.2189754904357,690.6773029285943,703.8882446289062,2810014
2018-01-19,704.5835694385324,712.2783523667774,693.736679486816,709.58984375,2005133
2018-01-22,706.5304166103468,712.9273163348756,700.8752290626346,704.2127075195312,934811
2018-01-23,706.3913618720723,716.6356243573968,705.8814772079027,712.9736328125,2775928
2018-01-24,712.9735646991396,714.7813888672978,697.5376581510666,700.3189086914062,2080315
2018-01-25,701.338747941634,706.4377077746532,693.7829939188285,702.5439453125,2878048
2018-01-29,702.0804048895787,715.7085452415574,702.0804048895787,708.6163330078125,2074165
2018-01-30,708.2918838485614,712.6028453042919,698.1866497828131,709.1262817382812,1648188
2018-01-31,709.0335291197231,714.9205439567478,701.4778316969,707.4111328125,2242045
2018-02-01,712.83463265075,744.0309631518355,707.3648165468505,740.508056640625,6896060
2018-02-02,740.5080023805494,741.6668568443687,709.72881650457,714.0861206054688,3783976
2018-02-05,707.2720813171927,713.6225811659232,690.6772627068694,705.0470581054688,2018332
2018-02-06,689.5647160613897,704.49079479681,677.4662873510523,696.9813842773438,5626253
2018-02-07,711.4439254494988,715.6621442052887,689.5183772727651,692.6240844726562,1909559
2018-02-08,699.0210340841826,705.2325055183147,691.6043652875335,697.352294921875,3024010
2018-02-09,692.5314152645589,698.3720303414184,687.8959974917036,695.3590087890625,2214895
2018-02-12,713.8543136637588,713.8543136637588,688.8230585093153,691.6043090820312,2662221
2018-02-14,696.9815016865025,698.9747542391863,687.9424357756438,692.4851684570312,1207191
2018-02-15,693.5512284911619,696.517907370726,689.286666503765,694.7100830078125,1652980
2018-02-16,697.7694993522989,698.78926868599,687.896036305147,689.5184326171875,1042980
2018-02-19,689.7502023555619,690.4918579228766,663.838204270024,671.8111572265625,1185926
2018-02-20,673.8042596288824,679.7376165143431,651.7396841977312,657.3021850585938,2981323
2018-02-21,663.7919686904479,663.7919686904479,649.885712363134,656.7461547851562,2290218
2018-02-22,650.8126551717054,671.6720351451575,649.3293441185803,669.3079833984375,3325355
2018-02-23,669.8641879789564,671.2084704037467,661.9376351771756,666.2485961914062,1648932
2018-02-26,669.354280270706,683.2605326309007,666.8048006713369,681.7772216796875,1525511
2018-02-27,687.8033548498553,687.8960405772418,677.698120838226,685.8564453125,1429191
2018-02-28,680.4793781025612,681.3601188598234,672.2283112382848,675.2413330078125,1814444
2018-03-01,674.916851794007,682.7970622888547,674.4533100001925,679.1350708007812,1831321
2018-03-05,673.9897295719962,688.8230661237872,669.49339706361,685.6709594726562,2170367
2018-03-06,688.8230780878624,688.8230780878624,663.791822221951,667.407470703125,1763292
2018-03-07,668.4272109183773,672.8772004508272,651.2298231194536,656.189697265625,2343794
2018-03-08,658.7392638031449,676.0293961843868,655.5408139538519,673.6653442382812,2500680
2018-03-09,673.897060036823,685.7637182463092,670.6986104490909,675.38037109375,2191343
2018-03-12,681.4527006322251,685.3464625650201,677.8834518682291,683.3532104492188,1867680
2018-03-13,683.2142988185044,686.9689762380893,677.188255167293,679.5523071289062,1823994
2018-03-14,677.6517748448543,680.7574822989702,670.374134568443,675.102294921875,1366237
2018-03-15,677.6980848988794,684.0949841207203,676.5855733057736,681.267333984375,1249262
2018-03-16,685.1147254122458,697.1668112449375,681.916275932017,686.7371215820312,4929069
2018-03-19,687.6642421964043,694.3855981194565,685.1147623635225,688.5449829101562,2081202
2018-03-20,686.4127227568206,689.7502010959886,678.6715407157476,686.922607421875,1248986
2018-03-21,688.8231460944295,696.0080443208519,685.5783533470129,691.0017700195312,2788242
2018-03-22,692.577848900731,694.2929876523025,673.0627488361271,677.55908203125,1877037
2018-03-23,672.135611634871,683.5387286256689,668.6127052632405,679.4595947265625,2276332
2018-03-26,680.8038433525419,695.3127248448488,674.0361441476576,692.0679321289062,1890961
2018-03-27,694.385614844169,697.1668656379373,687.5251735856634,690.5845947265625,2422064
2018-03-28,689.7502599094773,691.6044272748254,681.406506765411,685.0221557617188,3301815
2018-04-02,694.2928767269268,697.0277278666734,683.4459881327978,693.5048217773438,3567965
2018-04-03,693.4584383147037,715.1522142327541,690.7235307504026,713.9469604492188,2500384
2018-04-04,716.6356070015163,729.3830062204954,694.4782868161053,701.3850708007812,3295198
2018-04-05,713.8543347806004,724.0522538488947,710.7022280710701,718.118896484375,2224647
2018-04-06,718.1189079103389,718.1189079103389,708.3381876016102,715.6621704101562,1194886
2018-04-09,715.7085100101303,730.7272750345348,713.8543428857517,728.8731079101562,1813902
2018-04-10,719.8803772123479,727.7605873943246,712.3710230845752,720.900146484375,2193150
2018-04-11,724.5159272748707,732.9523664940956,717.5164565048942,731.4690551757812,1448946
2018-04-12,731.8862609832357,736.6607082355082,723.7279354871245,730.4028930664062,1146053
2018-04-13,737.0313588222626,737.494900557371,726.0454423340688,732.0250854492188,2183881
2018-04-16,726.0919532218593,746.3023662327125,726.0919532218593,743.01123046875,2896629
2018-04-17,756.50021153224,759.0960342744809,747.6929174028818,750.3350830078125,4339790
2018-04-18,753.7190847524728,753.7190847524728,737.6805472794772,740.0909423828125,1503151
2018-04-19,742.9648029370047,745.8387393983862,735.8262480608776,743.4283447265625,2590266
2018-04-20,734.1575561203831,745.7924444691288,734.1575561203831,741.203369140625,2561105
2018-04-23,745.2825356578082,773.0023016067506,741.7132298135454,764.1950073242188,2751312
2018-04-24,763.8242039763128,782.4585617830026,762.1554082213438,777.4059448242188,2872669
2018-04-25,780.6043535005381,799.609566382677,777.4059039180695,791.5902709960938,3602302
2018-04-26,796.3648417168506,805.4039071496088,788.9481726438182,795.5768432617188,5461957
2018-04-27,797.1991603097867,803.5960027980522,789.1335221783584,799.7949829101562,1087577
2018-04-30,801.3710000777043,814.8600536865048,801.0928297599401,809.6220092773438,1137366
2018-05-02,815.3700754144613,815.6481891943093,798.219027779251,800.2122802734375,1341643
2018-05-03,800.0730447830567,811.661588305407,789.5042704567993,802.0198974609375,2126154
2018-05-04,801.8809702876384,805.1721057472141,790.199682989195,792.0075073242188,961238
2018-05-07,799.1459979448189,823.1574838580104,795.9012056097761,821.025146484375,1916654
2018-05-08,821.3959615788165,821.8595033178565,796.8282494096984,802.205322265625,1834833
2018-05-09,801.9273147979283,805.3111925751723,791.4976242875506,797.3845825195312,1630905
2018-05-10,797.2919730895177,809.1122901324146,790.0143887597309,794.0471801757812,1369399
2018-05-11,795.3913843509581,809.1585531496299,786.9548896569647,805.7283325195312,1304682
2018-05-14,808.4168890389266,810.2710562156215,788.021050095284,790.4778442382812,1492933
2018-05-15,791.6366277388939,801.9272320129309,776.0615795834947,785.2860717773438,2060487
2018-05-16,783.8490856173522,795.205858294836,773.3730535664879,790.8948974609375,1559853
2018-05-17,792.7027772600128,796.828310370024,784.312682458453,787.0939331054688,1065979
2018-05-18,786.3985820021926,791.5438841307162,767.6714839107851,775.0418090820312,1983383
2018-05-21,773.1876816801794,785.4715387332517,761.6918230117302,765.7246704101562,1670673
2018-05-22,762.2481263253446,775.9689519119876,753.0236334414718,769.664794921875,1937535
2018-05-23,767.7179116643224,774.5783529841151,760.7184417544147,771.1481323242188,1315364
2018-05-24,775.9690359427972,785.9815283154422,771.2409318343722,781.577880859375,1394760
2018-05-25,783.3856340166419,798.1726286028885,782.4585504260897,795.1596069335938,2069467
2018-05-28,799.5169337918392,801.6028719297165,783.4319990889468,787.9747314453125,3096495
2018-05-29,791.7293263878914,811.8470500966523,788.0209923064492,806.79443359375,4666224
2018-05-30,814.9063663823571,835.3022026285594,811.2443753757611,832.474609375,8212884
2018-05-31,834.3752151308197,865.4325148051336,826.0314629795115,855.6517944335938,9417129
2018-06-01,855.2345896719252,859.8700075021253,831.6403015992685,835.8585205078125,3431462
2018-06-04,841.7918888715658,851.3871812705315,839.937721715461,847.8179321289062,3364222
2018-06-05,845.5003120154068,849.1159609835621,832.9846823967578,835.5805053710938,1836194
2018-06-06,836.6003068949585,850.228391257785,831.454947378921,847.632568359375,2102493
2018-06-07,851.9898099872033,860.2872193448222,849.2085592473104,853.1950073242188,2668799
2018-06-08,850.1356558448801,850.738282814961,837.2491712521769,845.17578125,1335422
2018-06-11,845.6856772116093,852.9169180257587,843.6460819602613,849.99658203125,1747134
2018-06-12,852.916979015107,858.8503371551777,847.4008198447547,850.6919555664062,2032546
2018-06-13,851.0626768150485,854.2147834371275,848.0496553557359,850.7382202148438,1353228
2018-06-14,847.4471177228887,857.5523518542925,843.228898552328,854.8174438476562,1385264
2018-06-15,855.2808797298909,856.9960181719898,837.0173232895212,843.1361083984375,2619109
2018-06-18,848.281488068993,853.8903324928386,842.7189865078849,847.26171875,1496081
2018-06-19,848.2814314270654,848.3277742867085,821.3960090102513,826.4022827148438,1878313
2018-06-20,830.6670030213886,842.5800060446796,827.3758671723397,838.4545288085938,2671370
2018-06-21,843.4606213792008,843.4606213792008,810.3637265853973,819.1710205078125,4202520
2018-06-22,818.4294093484143,846.1492322517686,817.7340966326248,841.9773559570312,4589148
2018-06-25,845.5003137352695,847.8180229286228,835.3023932845151,839.5669555664062,2984963
2018-06-26,839.0107037176799,848.2815402228478,826.1242183416186,832.5211181640625,2106484
2018-06-27,834.3752602532427,840.2158757580767,820.9788905911269,827.5612182617188,2168303
2018-06-28,827.5611201868476,850.7845508613983,826.0777526158205,841.56005859375,4493297
2018-06-29,842.7190145960166,848.1888306139607,829.6007586766235,832.2429809570312,2441612
2018-07-02,840.8648473856109,841.513817239672,814.5820492660353,821.9987182617188,2180118
2018-07-03,822.2304699617733,832.9846171204362,814.9528297289373,828.9981689453125,1406654
2018-07-04,829.7397312635763,836.8782855198762,820.9324380267003,834.4678344726562,1457165
2018-07-05,835.8584376143664,849.2084622752751,835.8584376143664,845.8245849609375,1935437
2018-07-06,848.2351455068468,859.4064914957595,837.0174000704883,857.5059814453125,2998570
2018-07-09,863.1147864021459,871.4585383652171,859.9626796933321,864.7371826171875,2472960
2018-07-10,869.0480654717584,869.1407511846776,858.8501473245248,862.697509765625,1617650
2018-07-11,861.2142971197281,871.1804455371672,858.89658818544,863.1148071289062,2732003
2018-07-12,870.1243979542892,870.1243979542892,850.4975318350195,855.9182739257812,2173358
2018-07-13,858.4417483155758,865.3579049792511,843.0206390643978,847.413330078125,2296504
2018-07-16,845.8243647659256,855.824730542721,836.4782391884015,841.4783935546875,1901810
2018-07-17,843.9553154775481,864.7971684487113,842.1795284301669,862.133544921875,1791101
2018-07-18,866.0120851043928,869.0028570845218,841.1514106732966,843.4412231445312,1442856
2018-07-19,846.7591027283852,862.0867737632364,846.7591027283852,853.3013916015625,2040980
2018-07-20,853.3014073341749,855.3575667125015,844.8898929135752,850.263916015625,1667834
2018-07-23,850.4975920478381,853.3014302633803,844.8899156167535,850.8714599609375,1179253
2018-07-24,854.0957706373284,864.4232863363756,851.6190812739387,860.217529296875,1982289
2018-07-25,864.4233171428921,864.5167555960742,849.2825798522548,850.5910034179688,1433236
2018-07-26,854.6098573613738,856.9463890612417,846.7590880321253,853.8621215820312,2785063
2018-07-27,855.1705777869726,856.0117519926515,843.7682920076337,850.3572998046875,1658854
2018-07-30,856.1052259827886,873.8628671330866,852.4134944400646,872.227294921875,2458481
2018-07-31,873.8628389841148,880.2181936769714,864.096125257211,874.750732421875,2011316
2018-08-01,878.068712456568,881.7137251397027,865.5448783063366,868.9562377929688,2000884
2018-08-02,865.217751060413,865.217751060413,850.5443195147596,851.7125854492188,1652795
2018-08-03,854.2827546640533,864.5167754689925,854.2827546640533,860.4512329101562,1575164
2018-08-06,861.6661476858665,874.6105101248987,860.3576671526936,871.432861328125,1702042
2018-08-07,879.423783150398,882.2743403199164,862.9278470841401,866.3859252929688,5202007
2018-08-08,875.6387787419624,877.5547236247621,863.5822504792637,867.60107421875,2056171
2018-08-09,868.255218188581,878.5359581240755,866.8532991064682,872.1806030273438,2452570
2018-08-10,871.059124963827,890.4056212297038,868.3955013156993,884.0969848632812,3163115
2018-08-13,882.2743961580017,903.2097436302913,877.2274647182182,892.0878295898438,4285645
2018-08-14,896.2002238301035,899.004062189721,886.0129216391316,888.302734375,1801054
2018-08-16,883.2089638428056,902.1348702108656,882.2743511826544,889.05029296875,1832039
2018-08-17,892.134557164326,905.4527883750197,888.0222954380903,898.630126953125,2246030
2018-08-20,904.3779567088516,918.0232786282145,899.1908108480809,906.1536865234375,1877608
2018-08-21,909.3781829582679,912.7895422279631,893.0224602431911,895.1720581054688,1557070
2018-08-23,897.2282116654403,906.5743388702887,891.9009077498301,900.12548828125,1978510
2018-08-24,903.0228097639543,908.8174199616662,898.3030269979993,904.9854736328125,1634893
2018-08-27,910.5931599358275,919.5654762571113,904.5181772675115,912.6026000976562,1635797
2018-08-28,917.789675403772,923.070259999501,910.4062122238695,916.3877563476562,1460036
2018-08-29,917.1821450213296,928.0704057310329,911.6679643497689,919.5186767578125,1795568
2018-08-30,920.5467766418507,926.761916778274,913.957768613271,918.6775512695312,1831626
2018-08-31,917.7896843439732,923.3973606230606,896.4338066654752,902.181640625,2243187
2018-09-03,911.1539667623304,911.2006859896486,880.405185348085,885.825927734375,2189450
2018-09-04,889.938281811064,893.2094264722779,867.4140800601648,870.825439453125,2067396
2018-09-05,869.1897730981678,883.208962986848,854.6098384316324,868.6290283203125,2133045
2018-09-06,873.8628202974744,881.9939616919759,866.8532254822541,873.8161010742188,2144816
2018-09-07,878.6293293690713,913.7240800088296,873.9095468958374,910.0323486328125,3132025
2018-09-10,907.181853093658,912.3222230174387,873.4890191396721,876.0592041015625,2151834
2018-09-11,881.3398267731517,898.1628563404017,875.0779099142727,881.4800415039062,3909701
2018-09-12,886.4334454048065,888.8166964311854,852.7406682686014,876.8069458007812,2787531
2018-09-14,879.6574697842045,892.3681794717232,867.3672901691937,889.6578369140625,2803861
2018-09-17,885.6857376669043,893.8635986967472,875.358221816689,888.6764526367188,1978897
2018-09-18,887.3680534992791,898.1628189466592,878.909819838961,884.6576538085938,2227889
2018-09-19,885.0781560655205,902.5087043432136,876.8535763725955,886.8539428710938,2083160
2018-09-21,900.0320422163105,912.8362477875282,813.1130599461995,897.134765625,4633394
2018-09-24,892.5550830287252,895.5458549252065,827.1321973616982,837.4596557617188,4569708
2018-09-25,837.4130301651735,841.1514811926967,808.6736878910898,834.6091918945312,4269089
2018-09-26,843.9553151726154,857.834291724039,827.4126580510825,834.936279296875,2357565
2018-09-27,829.9360803431185,836.8989563899787,809.8419072267029,820.075927734375,2588148
2018-09-28,820.0759563301044,823.3471009049798,784.6541108301888,804.6548461914062,4188699
2018-10-01,804.2341995558749,807.9259309975457,785.9625333339047,792.1776733398438,3060818
2018-10-03,790.2150004310088,790.2150004310088,735.5401600700224,739.83935546875,6680994
2018-10-04,729.1381514223834,747.6901914808071,715.3993327450768,742.7367553710938,5036305
2018-10-05,739.2786552548253,743.7180656372025,703.6699337422923,719.231201171875,5157618
2018-10-08,718.4834561125823,729.8857415566454,704.0436796345473,724.1845703125,3874262
2018-10-09,724.8388341009401,731.2876842463575,710.5859910940105,714.791748046875,2933355
2018-10-10,717.7825244064747,723.9509451579011,701.8006707041789,714.1375122070312,7578601
2018-10-11,698.1556090901294,707.0344287505795,668.2480060233501,682.4074096679688,6199047
2018-10-12,690.2115548803346,725.1660965233848,687.4544357031768,718.2499389648438,4477653
2018-10-15,724.3248321981392,724.7454193160038,689.74416278997,700.02490234375,5282462
2018-10-16,704.324126737822,728.9979254953583,701.0529822003427,726.8483276367188,4357854
2018-10-17,737.5963187578997,739.044956964349,702.0810378667896,709.744873046875,2634539
2018-10-19,699.1837175305886,708.4364058067061,684.2299147694972,692.7349243164062,2985488
2018-10-22,698.1557134729024,700.0249389440481,683.2019097037372,685.7720947265625,1842855
2018-10-23,682.734606652903,686.3796191570394,669.3696558781271,682.2205810546875,2967082
2018-10-24,692.3611192150918,700.2118891942886,678.2017701682089,688.108642578125,3729119
2018-10-25,680.3980714970188,695.8191816339704,676.6596205547274,685.7720947265625,3966709
2018-10-26,683.2019262869328,693.295732667277,675.4446518022347,680.5850219726562,1813847
2018-10-29,680.3980153435624,703.6231170880787,680.3980153435624,700.4921875,1954444
2018-10-30,701.8941560574838,712.8758555697015,688.809577915267,697.50146484375,2756355
2018-10-31,700.0249408633532,718.8106340821794,687.0805772578728,715.8666381835938,3093083
2018-11-01,720.1189937728075,727.7828283470477,701.8940484404651,706.6138305664062,4171044
2018-11-02,715.0254603293165,743.8582973832831,715.0254603293165,732.3157958984375,4117317
2018-11-05,732.7362877512609,733.3438087667046,719.6517111842741,724.745361328125,2168486
2018-11-06,728.9978598490462,730.8670851307104,718.5769060860767,727.5025024414062,1839552
2018-11-07,736.4748789034518,742.0825556463715,732.4093360825301,741.0545043945312,731279
2018-11-09,747.6901426438227,753.2043802635133,739.2786285390797,743.250732421875,3085813
2018-11-12,745.8209039893339,754.8866582160954,727.2220892049908,729.8390502929688,2101138
2018-11-13,724.7920838780119,741.8954833459784,723.2499502435594,738.3906860351562,3010295
2018-11-14,741.2413538645595,745.2602343501985,715.4460646201807,719.2779541015625,4237768
2018-11-15,723.3902719277459,725.0725634768703,705.6326295936022,716.3806762695312,4315301
2018-11-16,717.4554066378718,725.7267055772426,710.0719440596395,717.4086303710938,2373384
2018-11-19,724.6051873086931,732.3624610144551,719.745190044912,730.2595825195312,2681651
2018-11-20,728.9980079734097,740.5872298922216,722.7828098313249,731.427978515625,2902880
2018-11-21,736.2878768857831,736.2878768857831,714.6983462386297,718.8106079101562,1851514
2018-11-22,719.7452820071503,722.4089626675984,694.5107368438328,697.3145751953125,2578750
2018-11-26,699.0903256628219,705.6326148067253,690.9124642329426,698.9968872070312,2676798
2018-11-27,698.1557431260652,704.6045940931172,689.8376666084749,702.5951538085938,2179714
2018-11-28,705.3522210053931,709.557978184649,696.8004919232129,699.4641723632812,2007876
2018-11-29,706.5671679964232,729.2782441303194,702.8287173721035,722.6425170898438,5038807
2018-11-30,727.1287144896021,743.9517438736802,725.9137293318212,739.1852416992188,5214780
2018-12-03,747.6901635514449,748.43784230615,707.127949361086,711.2869873046875,5839713
2018-12-04,712.1749066602358,712.1749066602358,690.2115073078533,691.893798828125,7101096
2018-12-05,691.8938281585778,691.8938281585778,668.341574743653,671.0986938476562,4837874
2018-12-06,670.5846538157596,674.7904112264507,660.3039134785145,664.4629516601562,3970063
2018-12-07,679.276584252992,679.276584252992,663.2012323854435,673.9492797851562,2716587
2018-12-10,663.5749637229289,678.061459409838,654.2288374733103,664.0889892578125,3150111
2018-12-11,654.1354230743209,682.1738028538592,648.6211855666531,675.117431640625,4383980
2018-12-12,677.5943356154856,703.763496163394,674.0895373278194,701.7073364257812,3460143
2018-12-13,705.6325985934419,715.0721641807736,697.4547373514649,709.5579833984375,3510371
2018-12-14,703.8568080741803,714.0441094162677,702.4548890111902,707.7354736328125,1760631
2018-12-17,710.305646254474,713.1094843317943,701.4268256762931,706.894287109375,2022203
2018-12-18,706.1932738525898,721.520943659948,703.2025590997439,720.5396118164062,3600834
2018-12-19,724.3248602621334,735.5402129371599,716.9413969333808,731.4746704101562,3361238
2018-12-20,728.7175330907327,744.8863213806122,727.5959864426683,743.4376831054688,2707144
2018-12-21,743.0171173467354,760.7747591449593,726.8483285919363,730.07275390625,6125095
2018-12-24,731.708313344254,740.6805725409369,724.3248501188972,737.0823364257812,2034516
2018-12-26,734.2785133222986,741.6152004269129,721.52102675435,736.1944580078125,1683700
2018-12-27,742.5498063429307,749.5594017457903,736.568262114797,743.6246337890625,3156130
2018-12-28,747.0826717194792,754.2324820060032,744.8863545957678,751.008056640625,1820270
2018-12-31,756.0082308524813,757.0362819979957,748.8117017011849,751.2883911132812,2232551
2019-01-01,752.3632933998371,753.1576914509493,720.8668310747479,722.7827758789062,3442903
2019-01-02,722.2687034781435,722.2687034781435,687.0337922876721,693.2022705078125,10596260
2019-01-03,694.7911510096237,696.1462938809316,669.3696724406736,671.3323364257812,11084172
2019-01-04,672.9211598362414,680.6784340199514,665.9115644212806,678.1549682617188,5919404
2019-01-07,686.519804612256,687.7815660889902,676.2390640551365,681.8467407226562,2792255
2019-01-08,672.9210493321654,685.2579466454332,670.5845179108732,676.0987548828125,4764487
2019-01-09,681.3326698431616,682.2205633320508,673.0613701257219,678.8092041015625,2569424
2019-01-10,680.3981196976646,686.8001945721794,675.5381217195478,685.2581176757812,2550750
2019-01-11,686.9402923750749,686.9402923750749,674.0893685381262,680.3045654296875,2215240
2019-01-14,677.5941710856188,678.902651612993,667.593804324199,677.173583984375,1713221
2019-01-15,679.9307399200472,682.2672716723498,676.052074393532,679.3699951171875,2138402
2019-01-16,679.743783065928,684.6037803557982,677.1735982250018,678.762451171875,1288969
2019-01-17,681.3326963821561,691.613436656784,680.3513644011523,686.61328125,3318440
2019-01-18,686.4731505941035,689.6508571585941,680.3981669605274,686.8937377929688,1601885
2019-01-21,689.7441362413692,689.7441362413692,679.7904886933652,682.547607421875,1341152
2019-01-22,680.1176708910822,680.1176708910822,659.0421659864418,662.173095703125,5097285
2019-01-23,662.1730309681614,663.3412967249859,648.2472803291221,650.3501586914062,4714919
2019-01-24,653.2943585675881,654.2756906158161,641.191111188139,651.7055053710938,3891245
2019-01-25,656.0981984672184,657.5001176947125,636.4713292823016,638.807861328125,3421228
2019-01-28,638.8077289616424,638.8077289616424,623.8539269669295,629.041015625,5762442
2019-01-29,628.0130623179899,632.6394069391301,618.3397859202901,625.8634643554688,4860919
2019-01-30,627.9663273385494,635.5366677692837,626.4709127172572,634.2749633789062,2738163
2019-01-31,633.6674293406202,638.3404929788253,628.7607125205047,635.5833740234375,3496189
2019-02-01,643.9480738372865,668.6218690052007,636.0505860511917,643.3873291015625,8005192
2019-02-04,643.0134145216882,643.3872823478196,626.5174807064593,630.3494262695312,2652101
2019-02-05,631.0972966212244,647.3128059714345,628.6673261457465,640.1163330078125,3550741
2019-02-06,642.92012590749,652.5933449374186,637.4526071583801,649.6492919921875,2221744
2019-02-07,649.5558305770709,662.5469700063054,647.780043618232,655.070068359375,2710457
2019-02-08,656.0980821842301,660.4907730606911,634.1814040699423,637.499267578125,10858152
2019-02-11,625.6296934352025,629.3681438123612,603.012057244547,605.2083740234375,7931599
2019-02-12,604.6944111763489,614.788216831961,601.8905731028882,606.2832641601562,3357448
2019-02-14,598.8063837136646,600.3952367534122,590.9556140138727,592.9183349609375,3530468
2019-02-15,593.4791119318943,595.2548990215112,578.3383735729734,586.5162353515625,5765467
2019-02-18,588.8059747427599,588.8059747427599,575.3475296452335,583.8525390625,4750172
2019-02-19,586.0022141888315,600.0214059158371,584.3666418206809,591.2360229492188,3526711
2019-02-20,595.3482654233111,595.6286378129377,587.0769661860638,592.1238403320312,2369483
2019-02-21,592.1238632061592,594.3669564982833,584.1329360498437,592.7313842773438,2813880
2019-02-22,593.4790120610986,606.1897208403068,590.9088273631962,604.3204956054688,4053346
2019-02-25,607.4047871054006,611.1899569480784,600.3016967031642,608.1524658203125,1863303
2019-02-26,602.6382741189237,613.1059480555481,598.1521444444372,608.7132568359375,3862642
2019-02-27,611.7040209901769,618.7136163414776,604.8346403635953,613.2461547851562,3193418
2019-02-28,620.3491334359437,620.3491334359437,600.4886150396894,603.6663208007812,3955320
2019-03-01,607.4982679149265,609.3674933546648,599.0867534361045,607.2178955078125,3957539
2019-03-05,607.3579739866417,614.8816510358486,600.0680071311585,613.8068237304688,6039244
2019-03-06,616.8443352540866,621.3771836878838,611.2366594790494,615.8162841796875,7495708
2019-03-07,618.4332372477414,633.2001065525939,611.4236419722515,627.872802734375,8703088
2019-03-08,628.0597602602174,635.2562897553794,622.8259517424095,626.3307495117188,3877059
2019-03-11,628.0129918988354,639.134848390105,627.5924047905764,636.5179443359375,4027884
2019-03-12,641.9855532184191,647.7801069257051,638.6676321529477,642.920166015625,3876498
2019-03-13,643.3873595662695,644.3219721995475,636.7048564206406,639.4619750976562,1808059
2019-03-14,638.3405035475848,643.0135672631602,632.8730418180558,641.0509033203125,1901877
2019-03-15,643.2471780905046,651.4250390542414,642.0789122385422,649.1819458007812,5208071
2019-03-18,650.4903927614911,658.1542277632163,637.4525351184174,639.4619750976562,2600716
2019-03-19,641.1443154704726,648.4342831588123,630.9570141708144,644.322021484375,2331409
2019-03-20,643.9481442199813,648.948299300078,631.9383939560676,634.2281494140625,2369729
2019-03-22,634.3217226699331,639.7424655344231,626.190579851079,634.4151611328125,2770303
2019-03-25,628.0597729448021,630.8636112168772,620.0221260492148,621.1436157226562,2337486
2019-03-26,621.1903630923478,628.4336116248514,617.7790038690238,625.816650390625,2434715
2019-03-27,628.1064037556147,628.6672055576273,615.4891333074037,616.8910522460938,2426853
2019-03-28,615.9564806166657,619.414558971107,610.8628300582268,613.0592041015625,3910004
2019-04-01,633.8076157053655,643.9481405288013,615.9097599542526,617.685546875,5458057
2019-04-02,621.5174361910556,627.0316738561575,618.1995725645962,624.8820190429688,3802792
2019-04-03,628.8073591944474,632.4990904515137,613.9470527661199,615.3956909179688,2745080
2019-04-04,617.7790217110845,619.3678747794002,608.6198282594645,610.6292114257812,3684739
2019-04-05,614.5077471156438,619.648116102923,611.236603214648,615.1619873046875,2694077
2019-04-08,617.2182368430039,624.6483620154647,615.2555159879778,623.3866577148438,3413270
2019-04-09,624.1343110501734,626.003536334567,617.2649309477184,624.1810302734375,2401571
2019-04-10,628.6205727251574,630.8636663565659,619.7417507542132,626.4242553710938,2499060
2019-04-11,625.5362559939983,635.3029699194436,625.5362559939983,628.7606811523438,4863931
2019-04-12,629.9289245528266,635.0692941152013,623.9006615662868,633.8543090820312,3302657
2019-04-15,635.5366935008727,641.1443702082333,629.2747764354725,638.5274658203125,2408677
2019-04-16,642.3126575884149,650.023213317923,640.0228447811071,643.1070556640625,3002929
2019-04-18,644.5088553033119,646.7052292392232,636.7048625579083,639.882568359375,2996875
2019-04-22,636.4711971899538,640.9106071556694,627.0316325015971,629.3681640625,1483513
2019-04-23,627.1251618130692,631.6580108803129,620.3492193046567,622.2184448242188,3248237
2019-04-24,624.3213331177485,625.4428798555499,618.9473096665105,624.4615478515625,2247998
2019-04-25,627.872855618295,628.9944023656846,620.5828873266189,621.65771484375,3169504
2019-04-26,623.0128301706501,624.6951787393997,608.9002006029194,616.3303833007812,3632433
2019-04-30,616.5639747215424,618.9005063393714,598.1520941642048,603.1055297851562,5042085
2019-05-02,603.7597592461314,617.4985763220328,593.6659542465277,603.6663208007812,3007579
2019-05-03,602.8719164449133,609.8347925348087,600.8157570765625,603.5728759765625,2330580
2019-05-06,598.1522244518403,602.8252887053703,593.5725986656843,596.7503051757812,1498420
2019-05-07,599.7877194866444,600.8625469438543,592.7314047838836,594.4136962890625,3160875
2019-05-08,593.9930342065499,595.3482339029293,578.5252068852641,581.001953125,3853705
2019-05-09,580.3009908413977,586.8899983157336,575.8148046898082,584.553466796875,1366143
2019-05-10,585.3011637208002,590.5349716685164,578.5252221048707,587.6376953125,2093110
2019-05-13,587.5909702300764,587.5909702300764,574.7867658263989,577.2167358398438,1463136
2019-05-14,576.5625617490292,579.9738636662745,570.6277372449528,574.0858154296875,2756314
2019-05-15,577.5906757226757,587.3106710768029,567.2632163115621,569.7866821289062,2805369
2019-05-16,570.1137265721809,572.5904729561291,558.1506958496763,565.67431640625,1940170
2019-05-17,567.3099384122645,581.7964360158726,567.3099384122645,579.1328125,2599966
2019-05-20,593.4791435886971,619.1809962637982,590.908958321187,610.5358276367188,4938702
2019-05-21,616.8443789311405,619.3678446174324,592.9183167478677,597.3577270507812,2150188
2019-05-22,601.7503481146512,601.7503481146512,589.974251224729,598.6661376953125,1458607
2019-05-23,607.4983097222562,612.1713736431966,593.5725564201587,597.6848754882812,3161573
2019-05-24,602.5914953617593,623.8539327708015,596.142645373853,621.93798828125,3165620
2019-05-27,624.0409340563182,638.3404974812385,621.5174682650419,634.9291381835938,2987573
2019-05-28,635.5366301511584,637.6395087068056,623.6203183358242,626.7045288085938,5411769
2019-05-29,624.3213462948397,633.2001678364579,617.6388420010845,628.2000122070312,5418102
2019-05-30,616.8443136810341,623.8539081546822,613.4329548861684,618.4331665039062,5394745
2019-05-31,616.5640236443653,622.4053531524326,602.9186436869801,604.7411499023438,4226041
2019-06-03,604.7411998932861,615.9098342448128,593.5258463106795,610.676025390625,4170532
2019-06-04,611.9843888024482,616.2836414788532,605.4420998570006,608.19921875,1640476
2019-06-06,611.5171919488264,612.6387388062906,590.0678150852037,592.6380004882812,3846513
2019-06-07,598.1520254470313,603.4793283325133,588.8526192675649,601.9371948242188,2173168
2019-06-10,601.3298413613421,606.9375176300116,596.4698438529821,604.647705078125,2306052
2019-06-11,605.5823660328466,605.5823660328466,594.4137318324923,595.2081298828125,2274832
2019-06-12,591.6098613965195,597.1240993520323,588.2919975953226,590.8621826171875,1734002
2019-06-13,590.6751296753116,600.6754953365705,587.0301179244996,599.1333618164062,2141936
2019-06-14,598.1989357885823,599.08682939388,591.9837946399795,595.58203125,1338649
2019-06-17,599.0866470738326,599.9745404089177,581.5626616875076,584.1795654296875,2647789
2019-06-18,583.1983341176856,588.6190764554457,579.5533217117568,584.97412109375,2252507
2019-06-19,588.6657624516773,591.0022941071087,568.2444986008994,574.927001953125,2316163
2019-06-20,574.5998936054079,589.6939119760947,571.2820298307794,586.1423950195312,2283701
2019-06-21,586.0021423830665,592.0304054958532,581.5627322134978,586.4227294921875,2713987
2019-06-24,585.0675673674901,595.3483073691553,585.0675673674901,593.3388671875,2166403
2019-06-25,593.4790774935759,602.4981130637307,593.4790774935759,599.6942749023438,3352119
2019-06-26,598.1521343240094,605.1617296481188,598.1521343240094,601.4232788085938,2124949
2019-06-27,602.8252471418125,617.5921177559737,602.8252471418125,614.8817749023438,3744033
2019-06-28,616.6575124794762,619.1342592109393,608.9002376678432,612.4984741210938,3503838
2019-07-01,614.32101631221,620.0689081706558,611.6573925012666,616.844482421875,3547891
2019-07-02,617.7790737130629,624.7886698595802,613.3863820523974,622.685791015625,2275170
2019-07-03,625.2093125966655,630.8637092484882,619.9287268793322,625.4896850585938,2615478
2019-07-04,627.5924910733306,630.1159570255854,621.7978803425848,628.2000122070312,1777421
2019-07-05,628.0597151134951,631.1439255199386,596.7501906249504,600.0680541992188,3039710
2019-07-08,598.4792559403428,603.0121620369184,585.2545196594644,594.2734985351562,3903971
2019-07-09,590.6752274734022,596.7502100344419,588.8060020700053,591.3294677734375,1260744
2019-07-10,588.8059456182817,594.5070597343553,578.6186453287827,581.001953125,2081711
2019-07-11,584.5068309009946,594.0866114939813,582.8244823322044,592.6846923828125,1399434
2019-07-12,592.6378894110707,595.3482890549162,587.4040811161929,590.581787109375,1806912
2019-07-15,590.721968135657,596.2829253214042,584.5535468983018,590.5350341796875,2223638
2019-07-16,583.8526407903421,586.8434132269165,578.3851215599857,582.1703491210938,3177195
2019-07-17,582.2636666349614,585.4880916070342,575.0671379980432,577.5438842773438,1881478
2019-07-18,581.761005540358,584.1774958540195,563.8504390464785,566.1248168945312,4915489
2019-07-19,569.6784957324502,570.0101493251358,540.1592437495052,541.3911743164062,6294798
2019-07-22,541.3912054853133,546.5085270145391,530.5880546922643,535.3262939453125,4198301
2019-07-23,536.4633064362444,537.3162124490764,526.7499181159568,529.8297729492188,4805198
2019-07-24,527.8398335404829,528.6927397108619,517.4157075639205,521.206298828125,3041526
2019-07-25,521.2063313818358,524.0492750075549,513.5304067283287,518.8845825195312,4763735
2019-07-26,517.3209262031951,536.7477049408374,516.4680200982942,534.8997802734375,5063750
2019-07-29,534.473237329261,535.4208849131782,523.2436365957703,524.1912841796875,2984154
2019-07-30,522.912042728019,531.9146967979933,518.8845395914515,520.021728515625,3186153
2019-07-31,517.9842731176182,524.8073489611528,513.3882043457031,521.206298828125,2986522
2019-08-01,517.4156631647066,522.9120084581976,511.066411774024,519.8321533203125,2737518
2019-08-02,516.3732237725064,534.3311003343122,513.7671927544286,527.3185424804688,5848740
2019-08-05,521.632770499079,525.2338207604122,513.9567882116702,516.89453125,3152495
2019-08-06,514.5727794650835,523.3385220250319,514.5727794650835,520.6851196289062,2811436
2019-08-07,522.6277178927455,522.6277178927455,488.0385760920471,491.1658020019531,8411409
2019-08-08,491.3553120044181,513.1512081974781,489.3178463982681,511.30328369140625,5648169
2019-08-09,512.5826091134932,519.5951666378028,502.2532271549449,516.9891357421875,4313483
2019-08-13,516.4680315281587,516.4680315281587,483.5372717197119,485.5747375488281,3618940
2019-08-14,488.89146014404463,498.32050826689505,476.24032894071553,496.14093017578125,4641413
2019-08-16,497.23073439607373,504.05380905601913,488.559735247419,500.2157897949219,3120580
2019-08-19,499.4103743470129,507.7022923271578,490.8815444245782,493.29803466796875,2998027
2019-08-20,495.52501788873434,506.9915322102695,490.407697044513,500.16845703125,3175896
2019-08-21,500.6422578359763,507.56007433283975,490.97623993085415,493.62969970703125,2709407
2019-08-22,494.2456690139935,496.3305056174884,483.15820776789974,485.006103515625,2516270
2019-08-23,484.2479980583209,508.2234744568435,482.58961450332663,505.3331604003906,2807785
2019-08-26,523.7648902024191,523.7648902024191,501.21088673238876,515.8046264648438,4036331
2019-08-27,518.3633450857637,529.7351186525447,515.9942255926843,525.0442504882812,4144339
2019-08-28,527.5555071463943,530.5879914750047,506.7546277358808,511.44549560546875,3322911
2019-08-29,507.9391835530599,515.7099065112027,496.804322719574,500.3580017089844,4399017
2019-08-30,502.82184314790493,505.00147911530365,491.87652385349094,501.1160888671875,2929342
2019-09-03,491.49751111510153,494.57736619257633,486.14327838294554,488.46502685546875,3379359
2019-09-04,488.98625496038875,492.5399341388799,476.8089751914425,479.2254943847656,3431149
2019-09-05,480.3152798082233,492.3030183596584,480.1731384261737,489.93389892578125,2329699
2019-09-06,492.2556017917582,503.2009209911141,487.6594758132742,501.7794494628906,2670087
2019-09-09,496.2357995058888,508.6499626975534,494.6721574813654,504.6698303222656,3061953
2019-09-11,505.28586362434044,519.5479527192546,505.28586362434044,517.1788330078125,3224627
2019-09-12,517.5104157737802,523.0541898434013,511.96669954398783,515.1412963867188,3726538
2019-09-13,513.6250066432823,523.8595893036346,513.1511828364158,522.3907470703125,4358612
2019-09-16,516.4679685074742,521.6800305749808,507.6074861286419,508.83941650390625,2441611
2019-09-17,509.36063541227054,511.2559307998511,492.77680077094084,494.6247253417969,2445056
2019-09-18,497.515074351707,503.5326144960294,491.0710811471174,499.4103698730469,2401637
2019-09-19,501.3056590862638,501.73211214116486,486.143295106339,492.11346435546875,2336366
2019-09-20,496.99386776661163,543.9498016169756,491.4975224541269,539.1168212890625,14378491
2019-09-23,546.0819962763153,570.6734660713876,523.1015391662057,535.4209594726562,9599883
2019-09-24,534.378577888972,545.2765267800165,525.565407731309,529.4981689453125,3615703
2019-09-25,529.4507900372922,529.4507900372922,500.3579936133965,506.7072448730469,5044376
2019-09-26,509.7397065260887,539.922261780151,507.9391528111644,537.2688598632812,6270296
2019-09-27,533.3362067679138,538.0744460921487,520.4008481166538,526.039306640625,4326078
2019-09-30,528.550536248177,529.3086428854976,512.0140713273996,518.5054931640625,3381186
2019-10-01,522.1538775523181,536.4633345453175,508.5077276709193,527.5554809570312,5664019
2019-10-03,528.7874381038773,535.3736014546779,518.4580546178884,533.2413940429688,3797753
2019-10-04,535.4683116564827,544.8974176693343,526.3709170365419,534.710205078125,4653685
2019-10-07,531.7250635214081,533.4308755319627,517.8894312212341,524.0017700195312,2367535
2019-10-09,526.8920643708922,548.498418032526,522.1064555700196,546.3662109375,4863273
2019-10-10,545.8451226272387,545.8451226272387,529.9720222730612,536.416015625,2156410
2019-10-11,538.7851625930969,544.2341376197895,525.0916398710938,530.7775268554688,3133395
2019-10-14,533.4309690053237,542.3861944308572,525.5180751825593,538.8799438476562,2630640
2019-10-15,538.2639878155671,555.8428441595345,535.6105853590913,552.8577880859375,4967499
2019-10-16,552.004824415149,556.1744977269205,545.2291197434776,553.6632080078125,2279203
2019-10-17,550.6780661478161,565.129693856605,548.4511171450154,562.2393798828125,3744228
2019-10-18,558.1645062607587,564.3242164317178,553.0471854443389,562.2393798828125,2955289
2019-10-22,562.3342006011326,569.7258415175426,556.6956848944443,564.6085205078125,3494913
2019-10-23,565.6509012440193,568.2569322622758,556.4113367247467,560.865234375,2371317
2019-10-24,561.0074299970704,564.3241968973908,548.308927871342,550.6306762695312,2212393
2019-10-25,555.0373595888992,555.0373595888992,540.3961886783961,547.4561767578125,2284548
2019-10-27,553.8526651578013,563.8503360183987,549.6356216649937,560.5335693359375,851951
2019-10-29,564.276856656885,585.6463015617637,561.4812842643123,579.7708740234375,6543163
2019-10-30,584.8882109788486,587.4468715072964,573.3268967005574,584.272216796875,4296705
2019-10-31,585.2672264636843,589.1052461177984,572.1423282800647,574.7009887695312,4595842
2019-11-01,577.1175258195011,577.8282616887369,550.5833867013631,558.8753051757812,7558094
2019-11-04,560.0598402635919,563.4239783283429,551.4362685663623,555.70068359375,3128961
2019-11-05,552.7628875592266,559.6807041476621,546.8874602967843,549.77783203125,2653917
2019-11-06,559.3490356487217,559.3964064641242,546.8874456872427,549.4461059570312,2763550
2019-11-07,549.4461514991323,552.9524597268914,542.054510649155,549.9673461914062,3279435
2019-11-08,547.7403857000943,565.2718686334018,546.6505676791201,549.6356811523438,8374614
2019-11-11,551.2467124850854,556.2218632153842,540.1592221467391,544.8974609375,3492576
2019-11-13,543.9497942041561,550.4885866432379,542.0544987539674,544.6131591796875,3342543
2019-11-14,545.0870148310177,549.3040590215855,538.0270272993698,548.1668701171875,2193683
2019-11-15,553.1893048513764,559.917579898651,549.3987143256282,552.5259399414062,3063043
2019-11-18,549.7304382577106,552.0995576396863,541.864973477517,543.66552734375,3212994
2019-11-19,543.7128677867422,544.89742741155,530.3510583548414,531.2987060546875,3208662
2019-11-20,532.8148850416552,538.6903119715728,528.3135587562876,531.109130859375,2876499
2019-11-21,531.1565958287923,533.1940617497954,521.3958349845615,522.9120483398438,3346254
2019-11-22,525.7075048593374,525.9444167587783,510.9715962820778,517.4155883789062,2798026
2019-11-25,518.8371161835088,523.9070082468147,517.6525565575191,519.1213989257812,3054435
2019-11-26,521.2063152691474,523.9545171583184,508.83952244754624,510.4031066894531,4408905
2019-11-27,513.6250085767986,525.4706037930531,506.99147525569595,511.6823425292969,6630809
2019-11-28,513.5304489945252,514.857121425151,508.1762149228054,513.5778198242188,2426425
2019-11-29,514.5727942183928,515.3309009476167,500.5949881139337,502.7745666503906,3328894
2019-12-02,497.5150956737314,509.36069318977263,496.0936239718065,506.18609619140625,4087250
2019-12-03,509.12371493805324,509.12371493805324,494.67208785046773,495.5249938964844,3052238
2019-12-04,495.4302539730041,501.54259379793143,491.971374236917,498.0362854003906,2612985
2019-12-05,498.03621324507424,503.3430748140673,494.6720756396275,497.2781066894531,2332044
2019-12-06,500.1684445500675,500.26324402397375,481.49980220984907,483.4898681640625,3409528
2019-12-09,483.48985081017577,491.35531487080846,483.347680524332,486.7592468261719,2566094
2019-12-10,487.6595172593854,487.8964292008911,477.3775621339701,479.2728576660156,2462096
2019-12-11,481.07335078358057,484.6270296708619,476.3351122672055,481.1681213378906,2148791
2019-12-12,484.2479529703786,487.32780785717654,481.59455109740964,485.100830078125,2994158
2019-12-13,487.6121393229501,495.43023327854246,486.8540326891614,489.17578125,4066433
2019-12-16,488.98621608244264,492.58726579570475,481.0259811395017,482.2105407714844,2346317
2019-12-17,483.20554576068,485.90634742993853,478.5620779173456,479.3675842285156,3521314
2019-12-18,480.3626355696488,497.42032387872314,479.9835822560947,495.2881164550781,10092679
2019-12-19,497.0411625338549,510.5925115459371,497.0411625338549,507.37054443359375,10732682
2019-12-20,505.57010116928456,511.39815827371035,500.8318621705096,502.8218994140625,4746509
2019-12-23,502.205942823512,507.8444585729487,497.2307920751553,498.36798095703125,2963573
2019-12-24,501.3056880137367,504.7646256321838,498.65228573210294,499.88421630859375,2372038
2019-12-26,502.2533086751368,508.12873630684936,499.45773623813017,500.6896667480469,4623580
2019-12-27,502.15859586084645,504.8593689737644,497.5624692948679,502.3955078125,3017840
2019-12-30,503.53259262509897,511.5875982409242,503.53259262509897,508.7920837402344,4697710
2019-12-31,510.4505019384007,510.4505019384007,502.82189100607053,503.72216796875,2502181
2020-01-01,505.0015011172074,509.8344814297742,501.8268465010622,508.50775146484375,2611808
2020-01-02,508.8868430085489,512.6774340179236,505.57007587534605,511.5876159667969,2776519
2020-01-03,510.7347412936386,510.78211211084147,502.6323649978789,504.85931396484375,1930883
2020-01-06,502.15855007308994,502.25329170917985,493.25063836722285,497.0412292480469,2059404
2020-01-07,501.21091224653657,504.14859710123295,495.66713827000416,499.0787048339844,2111349
2020-01-08,493.6297316144021,498.8891650110276,491.82917776987216,497.18341064453125,1612378
2020-01-09,502.11115970566146,514.0515565947145,498.1784560707989,512.9143676757812,2897598
2020-01-10,515.6150727258957,518.9318395619855,511.0190046746723,517.9841918945312,2355888
2020-01-13,520.1638981660267,527.8398221748268,517.9842619641759,525.8971557617188,3442869
2020-01-14,525.8972108789484,534.2365007866754,525.8972108789484,533.0519409179688,2793249
2020-01-15,532.5780924336332,541.1069230953817,527.5555703896815,539.92236328125,2564513
2020-01-16,539.4484299998462,539.9696246444419,534.5206506040394,537.74267578125,2243200
2020-01-17,537.1266694799706,543.9497440393695,535.5630855816598,539.4957885742188,2646260
2020-01-20,539.2115526678399,543.9497912677331,534.8049676340087,537.5057983398438,1847978
2020-01-21,534.4733468586712,535.3262529949097,521.301019606896,523.8596801757812,3101684
2020-01-22,524.5230562076924,527.365999601772,520.2586411165729,524.6177978515625,1862669
2020-01-23,524.5229874667297,537.695313268942,520.7797675871233,536.8424072265625,2113303
2020-01-24,536.4633965679251,542.0545417251486,534.5681009674876,538.0270385742188,2284717
2020-01-27,535.4208956178488,552.0047286679592,533.5256004121219,548.0245971679688,3654906
2020-01-28,550.8202998398693,558.875306375162,538.7377900369303,542.5283813476562,3689004
2020-01-29,547.2665670701097,550.2990513906715,542.1966748227937,547.5034790039062,1934080
2020-01-30,547.7403510491683,556.7903746931753,534.3311134368623,538.1217041015625,2901951
2020-01-31,540.9173760090791,546.7928041905317,535.7053128842127,537.45849609375,2352196
2020-02-03,516.4679604764872,536.1316488799497,507.1810252322137,529.4507446289062,3818209
2020-02-04,532.5780832062869,548.4985552644157,529.545598566683,546.6980590820312,2793702
2020-02-05,549.8725413594541,558.9699355385634,547.1717687299808,553.7578735351562,3320830
2020-02-06,554.3739002047095,558.3066612651686,545.8924417874588,549.77783203125,2207104
2020-02-07,548.6880096317792,551.0571288443517,531.9146340388014,539.3062744140625,4083215
2020-02-10,537.1267624654339,537.3163035937507,498.51011454401356,500.73712158203125,9648880
2020-02-11,505.28580744464256,509.5502224511036,495.3355057629,496.61480712890625,5404802
2020-02-12,499.0786833832156,506.32815357040886,496.4726522132165,503.200927734375,3426829
2020-02-13,502.6797090018341,509.8344372125965,500.6422434123603,505.6647644042969,3392352
2020-02-14,507.22840415998354,508.839416731352,493.3927716196196,495.6197204589844,3507540
2020-02-17,496.6622054896775,497.89419394283277,488.9862811883519,495.3829040527344,2652464
2020-02-18,493.25063525790443,497.420308336457,487.1856667508873,495.8092956542969,2868873
2020-02-19,500.50018043131337,501.92165205101054,494.482582537365,498.841796875,1952880
2020-02-20,498.3679706881405,505.0962465208738,495.61976910021957,497.3728942871094,2077458
2020-02-24,494.67208208966673,494.67208208966673,484.3427283051101,486.3327941894531,1911411
2020-02-25,488.55978031109095,492.30300044839464,479.60452652879997,482.3053283691406,2105613
2020-02-26,481.12073418659867,485.62206062433455,473.82383555114626,476.6667785644531,3058370
2020-02-27,477.61451753656917,477.61451753656917,462.02569879900585,467.6642150878906,6039260
2020-02-28,459.60917300799764,459.60917300799764,429.85303851888557,433.1224060058594,8613275
2020-03-02,429.80561905519636,447.71618439987566,421.08727723674866,434.30694580078125,9225488
2020-03-03,437.8132866171665,446.3421168759425,431.41666392308457,441.8407897949219,4582866
2020-03-04,441.6512185093728,452.0279728503174,433.5488418847384,449.8009948730469,5912943
2020-03-05,447.95309810303416,457.2400343836907,444.4467898983439,454.2075500488281,4081050
2020-03-06,434.8281873678492,448.9481334321818,432.6012093124876,446.34210205078125,4502562
2020-03-09,429.8056157362533,441.3195587746123,417.9126483103527,438.950439453125,4540694
2020-03-11,438.6188017060619,445.06279534987044,426.1572385878623,427.957763671875,5104905
2020-03-12,405.4984616691846,413.12704331886135,378.72741304672144,401.1866760253906,9408350
2020-03-13,379.5329232252892,426.2045748328934,327.5544384427867,406.39874267578125,6230411
2020-03-16,398.95968524988353,406.1618136179495,368.44541747040705,371.2883605957031,3156508
2020-03-17,371.47790748793005,386.640271058866,350.5822867596994,353.8516540527344,4526913
2020-03-18,359.1584889569798,363.61244484710306,321.3473503890272,328.2651672363281,6595508
2020-03-19,314.38208868337927,314.42945949502115,286.1895728180273,297.7508850097656,10486153
2020-03-20,299.456670573913,311.0179839804911,292.11240096331863,305.7111511230469,8819518
2020-03-23,283.34668936797306,287.9901577575788,265.90997580623474,278.03985595703125,6001358
2020-03-24,284.2943156075744,293.6760222386417,250.55805103815956,254.917236328125,6690908
2020-03-25,249.61040345030568,273.2542256120276,232.55274450491012,263.3039245605469,9393732
2020-03-26,263.30393667786257,278.6084422630938,258.80260980456427,270.5534362792969,7557558
2020-03-27,281.45139487611414,289.03257722967953,266.09948904217805,279.082275390625,9505126
2020-03-30,266.95242339646535,269.9375084795734,255.86493146501394,260.0345764160156,8942833
2020-03-31,268.98980829740145,272.16443391023716,263.2565222993159,270.0322265625,6236559
2020-04-01,266.28899659301476,268.18429194243123,251.60045763503706,258.565673828125,5980392
2020-04-03,259.6554788454593,274.8178425736613,257.1442181369586,266.0047302246094,6961905
2020-04-07,280.02992719133323,306.84834858280755,277.42389572000945,304.1949462890625,10795407
2020-04-08,298.50901713107646,332.05573898658645,296.4241806815613,309.31219482421875,8451195
2020-04-09,318.17274549787703,371.1462511757892,314.99811961734025,361.432861328125,11027315
2020-04-13,360.1061256436047,360.1061256436047,336.41493316705174,343.8539733886719,7717484
2020-04-15,353.5199568014268,360.0113492181136,331.0133243157733,334.6617736816406,11300538
2020-04-16,325.1379550284697,341.57964958946184,325.04318446767405,338.0259704589844,6155773
2020-04-17,351.3403977771239,351.3403977771239,336.9361406360976,344.1856689453125,6178483
2020-04-20,347.7866941817983,348.21314720039464,335.46727449688444,337.2204284667969,4834154
2020-04-21,330.77645559647857,330.77645559647857,306.56406568599897,314.66644287109375,8003757
2020-04-22,309.8808381909984,327.6492348762621,303.8158979064117,322.3898010253906,9071476
2020-04-23,320.30496290467624,331.3450542148926,314.192622902582,329.3076171875,6738333
2020-04-24,324.09554457949184,326.7015760052041,314.6190666678108,316.79864501953125,5754928
2020-04-27,319.8784720003095,325.37484605406735,310.9705893365309,313.0080261230469,5770537
2020-04-28,316.940802540504,320.3049404954939,311.30228684251404,318.3622741699219,4244512
2020-04-29,319.3572777934458,333.38245231255183,318.6465420120064,329.7814025878906,7748491
2020-04-30,337.0308925797876,348.73434724551487,336.41492736999396,347.45501708984375,7422465
2020-05-04,331.72410089655665,343.427557013169,323.24267043660075,338.3576354980469,7125034
2020-05-05,344.70688141348904,361.81191234590364,342.5273030783595,348.87652587890625,13401536
2020-05-06,352.0511538151388,372.4255812903083,339.49482060369706,366.8818359375,7015473
2020-05-07,367.2135167546572,382.3285104961376,364.9391678542243,379.6750793457031,12971483
2020-05-08,383.79732493351554,386.54549752560007,360.7694970054699,366.45538330078125,9444781
2020-05-11,368.16112608218685,380.95436984566055,364.2283939685089,369.6773681640625,7658595
2020-05-12,368.5401985894608,374.51039667566647,360.2956806417203,372.4729309082031,4686856
2020-05-13,393.2738280562537,396.969648608221,383.0866144379291,391.4259033203125,7361621
2020-05-14,380.4805837868865,386.16647046863324,375.2685209952853,379.4855651855469,4765875
2020-05-15,381.66516167033683,382.8023506287551,353.66217999843144,361.3381042480469,14226503
2020-05-18,362.0961962728868,363.4228972847285,348.02362197605356,357.4527282714844,7717665
2020-05-19,363.896727366282,370.53026145889646,351.766848022038,362.85430908203125,5950003
2020-05-20,362.85433375472945,392.0419030988238,359.82187817242993,383.8447265625,10608175
2020-05-21,379.20120734397307,390.6203790585138,376.97422954736874,386.9245300292969,6249309
2020-05-22,382.8496702047301,407.8201928448875,377.8271489705044,404.02960205078125,10016203
2020-05-26,404.64557709868177,412.41629998329626,399.5756560044463,406.6830139160156,5895376
2020-05-27,404.1717793194545,412.17941465119407,393.273829818461,409.857666015625,7591278
2020-05-28,407.01467092397513,420.7555620261815,401.66046741640804,417.3440246582031,7449375
2020-05-29,411.27906480182247,426.44142663783435,408.5308925030273,413.50604248046875,9539035
2020-06-01,418.7181103055276,445.86820906956467,418.3864278516744,436.9603271484375,9668047
2020-06-02,440.7509512222986,453.7811071022747,436.7234484957606,438.6187438964844,8520940
2020-06-03,445.39443198584377,466.8112764142522,442.0776649391407,459.70391845703125,9873294
2020-06-04,459.89343292219104,460.79370983585125,444.82583976244103,453.4020690917969,5829493
2020-06-05,453.9232639235974,463.8261942974117,450.51172630219304,458.8510437011719,6265829
2020-06-08,460.08301646406625,468.2801643204829,443.73609157425136,446.1999816894531,5955200
2020-06-09,448.9954424061095,457.52427120679897,439.0451421386385,453.6863098144531,7656301
2020-06-10,451.2224586257515,458.3772163038437,444.30464179890214,447.33709716796875,4849036
2020-06-11,447.28974754685737,454.87092970866854,444.92062812129143,449.70623779296875,4331683
2020-06-12,433.07496904427074,486.0484949582622,432.2220919570497,481.8314514160156,18368009
2020-06-15,478.704237033246,493.6770882692129,472.59192662874307,481.54718017578125,17605860
2020-06-16,490.0286204189974,491.8291742506437,475.0557977804886,480.2204895019531,6712936
2020-06-17,478.46734709274347,478.46734709274347,466.7165206809026,471.5495300292969,9273745
2020-06-18,470.8861442115385,482.2579168014887,466.2426761879582,480.0783386230469,7114752
2020-06-19,480.0783255418095,480.0783255418095,470.4123075357674,473.8712158203125,9811021
2020-06-22,475.48225597869185,475.95607985111707,468.232756514569,472.6393127441406,5149581
2020-06-23,473.82384999440944,492.68206236011713,471.5495012984188,489.36529541015625,9132472
2020-06-24,492.7768243809968,500.02635272176377,485.7168371560343,488.3702392578125,7568963
2020-06-25,483.20556609106546,489.3178765261229,476.9984851001338,480.6943054199219,5248401
2020-06-26,488.0385888511021,488.2755007874375,472.59194216999396,475.15057373046875,4079405
2020-06-29,468.2327768870577,484.2006478665211,467.2377293597225,480.8838806152344,4459947
2020-06-30,482.352701866275,488.5124122044495,480.55217693602225,483.9637145996094,5487685
2020-07-01,486.8540640061154,494.10359291265036,468.3749316496789,472.8288879394531,8990865
2020-07-02,479.9835561129928,504.14857226478216,477.99349017533353,501.968994140625,16513522
2020-07-03,503.5800178941554,507.46535038206514,496.75694279164134,502.72711181640625,7982179
2020-07-06,505.71225215101117,543.523363212506,505.71225215101117,540.680419921875,16728066
2020-07-07,535.4209780011859,538.2639212472099,522.7699036923104,530.6827392578125,9208254
2020-07-08,534.4732541454082,538.5007565037733,520.2585399394133,522.3907470703125,5172833
2020-07-09,524.996871553292,534.7576321459736,519.3583556789322,530.967041015625,4123902
2020-07-10,526.2287601650505,539.1641745024137,523.1015342997023,525.8023071289062,5752443
2020-07-13,530.6827614574473,531.1565853516058,520.4481769115913,526.75,3165043
2020-07-14,524.0491721463407,524.9494490190777,509.8344568078323,516.6575317382812,3097258
2020-07-15,521.2062183854767,530.3984123504217,514.3357727794864,521.348388671875,5671780
2020-07-16,520.5871009809458,546.7592130046679,516.351965781333,543.3330688476562,11751032
2020-07-17,544.3322508221262,562.7002997284412,538.1936904802258,560.3685913085938,9124092
2020-07-20,560.4638524760778,568.7437097489558,554.0397892270099,565.3175659179688,5771917
2020-07-21,564.2231053856987,568.6485946714637,557.2280371215766,559.892822265625,3850519
2020-07-22,560.1782759418334,582.448384465398,553.8969930700354,563.4141235351562,11559026
2020-07-23,562.4148570960125,579.5932665984576,556.2762961031173,574.216064453125,7605913
2020-07-24,565.4127342642042,571.9320039072011,561.6058818319578,569.7906494140625,3531702
2020-07-27,569.267166011644,571.0278118630406,559.6072556257798,565.6982421875,3345182
2020-07-28,563.0333926065495,595.581989115599,560.321033767442,590.3951416015625,10289416
2020-07-29,590.0620916820033,594.7255088675752,571.9795437111031,575.6436157226562,5182915
2020-07-30,576.7380862858737,585.113149188606,567.4588844025614,569.4574584960938,4958267
2020-07-31,570.9326730727381,581.3538843381998,563.5568970496658,577.1663818359375,3962668
2020-08-03,580.5448559063406,590.5378411309579,565.5078040430767,568.3153686523438,5002825
2020-08-04,568.3154081871463,580.1641878788106,568.3154081871463,573.502197265625,4889709
2020-08-05,576.6429412094956,590.062071536681,574.0733044416646,584.5897216796875,3834812
2020-08-06,588.1586952042677,588.1586952042677,576.3098555036776,580.2119140625,3857553
2020-08-07,580.6400498382691,586.7310359773497,569.7905570184645,571.4560546875,7679198
2020-08-10,575.7863252334214,609.857636662702,575.7863252334214,598.5322875976562,12341769
2020-08-11,599.5792224321631,609.6673575426652,592.3462264760999,599.1509399414062,5128836
2020-08-12,597.675744382329,617.2810083036395,594.201968811169,604.2901611328125,8891590
2020-08-13,604.4806398782521,614.1404936485202,598.0565760156359,600.9592895507812,5773589
2020-08-14,603.3861316644861,607.0502040237945,578.2133074561597,584.7801513671875,3622823
2020-08-17,597.6757807675044,601.4826328743038,584.1614441707759,593.4882202148438,5687622
2020-08-18,594.82060869884,602.1963842467057,588.729622430584,592.5841064453125,3989439
2020-08-19,596.7240296349688,601.3874464031811,591.9654648053439,593.7737426757812,2762486
2020-08-20,590.0621021882408,592.9172413923775,580.5449715077852,582.4959716796875,3165784
2020-08-21,590.0620991189738,590.9662381465052,578.6415423618324,580.3546142578125,4191258
2020-08-24,583.4000843004035,585.9697210853858,571.979528000885,572.8836669921875,3707968
2020-08-25,575.7864019856585,582.8291018732272,572.4554062716918,579.9263305664062,4248590
2020-08-26,583.4001389772603,595.2965529042028,581.0208561918718,583.7332153320312,5814785
2020-08-27,589.2531691409814,608.4301526036434,585.8745412800562,606.0032958984375,7637436
2020-08-28,611.2377461585263,615.7583834403528,598.9606237790144,600.9116821289062,7809917
2020-08-31,606.2412047126501,609.5722003429394,573.0263964782981,577.5946655273438,5012805
2020-09-01,580.5449654458932,591.5372396494498,575.7864001553531,578.2132568359375,5572232
2020-09-02,578.6415335715675,614.7114813501086,572.9788293145838,611.7135620117188,7887097
2020-09-03,609.5722181310149,624.3237706384789,601.4826570785345,613.5218505859375,9194655
2020-09-04,598.6274660327766,618.4230844525184,596.0578293622636,601.4826049804688,5889085
2020-09-07,601.7681111342099,603.2432546490969,576.071860439447,580.9732055664062,9387992
2020-09-08,581.4966589117449,594.3447847633138,576.0718830457141,579.2125244140625,6825892
2020-09-09,577.4994554607094,587.206939992273,568.5533878241341,584.2566528320312,6589023
2020-09-10,589.5862377799527,593.7737984586082,583.3049548499246,585.7318115234375,4699612
2020-09-11,585.2083583769635,591.8703495072164,582.5435154545002,584.5897216796875,2837723
2020-09-14,585.303547984714,599.0082396605144,582.3532606528192,585.5890502929688,4918699
2020-09-15,589.3483547023535,593.8689920617983,582.400860483325,583.8284301757812,3805649
2020-09-16,586.2552538005826,618.4231440960752,586.2552538005826,608.5729370117188,18993356
2020-09-17,600.5309183615473,612.4273311658568,597.3427029651735,606.0508422851562,6363964
2020-09-18,609.0963475571103,627.5596038276169,603.9094998548535,622.5631103515625,13518207
2020-09-21,625.2755374687408,634.4119604431455,585.731867835456,592.3938598632812,9301954
2020-09-22,592.3937953434056,594.1068672035342,573.882965036013,586.0648803710938,5369370
2020-09-23,592.0131093972143,593.2503247827888,574.1209151228703,583.0194091796875,4116481
2020-09-24,575.7864461405849,577.1188677635321,540.0972036112097,547.3302001953125,8991885
2020-09-25,555.7052909721921,566.6975654350298,548.7577390137635,563.6996459960938,5415792
2020-09-28,566.2692539752959,588.1586537087946,564.4609759795211,585.5414428710938,5494528
2020-09-29,585.5414542372204,596.2482260538294,573.9781174401006,583.5904541015625,5747565
2020-09-30,586.2076651588046,592.91723054822,576.309826196975,578.54638671875,4990827
2020-10-01,585.0179654359406,591.8703103339795,578.7842571942329,580.6876831054688,3842191
2020-10-05,585.3035855489665,586.4932269830091,568.267896978292,577.6898803710938,5977261
2020-10-06,582.0676845377625,602.4343672666349,579.5932538157673,597.1047973632812,9071955
2020-10-07,599.4840630243841,606.1460542587457,594.8206459251494,601.1019287109375,6086867
2020-10-08,603.5288696289062,610.0005069200548,597.2951025185052,603.5288696289062,4683786
2020-10-09,603.5288338092229,616.1866053354229,597.96127779922,602.6246948242188,4972397
2020-10-12,607.0977803568319,608.8108522363705,599.5792239953589,603.7667846679688,3247640
2020-10-13,603.7191299392398,610.9997577646067,594.2019997559905,597.5806274414062,3769222
2020-10-14,593.2979718629218,597.4854746648825,586.5407739763695,593.7261962890625,2776984
2020-10-15,590.9661459791766,602.4342749833075,584.4468776609497,587.4923706054688,3794955
2020-10-16,587.6828139434414,593.8213747916967,572.9788355640266,577.3567504882812,4274910
2020-10-19,583.1145130269298,584.8275846516071,566.4595370604478,568.6008911132812,3646287
2020-10-20,568.5534043548116,579.5932525976806,561.7962067870245,573.169189453125,4377671
2020-10-21,577.5946410586862,581.3062868938568,563.6044483865473,571.8367309570312,3684706
2020-10-22,570.8375026805016,577.6422745439463,565.412726422198,575.1677856445312,3818694
2020-10-23,580.3070951816449,597.6758602280819,576.119534072251,594.9635009765625,6421723
2020-10-26,594.7729750580274,595.6294817959424,565.8884543417241,568.3153686523438,4800537
2020-10-27,571.4084355075825,575.7862915136657,564.8415934105133,568.3153686523438,5712121
2020-10-28,570.0760719365181,583.4000535844501,565.5078612748173,574.9774169921875,6811118
2020-10-29,569.3147839810547,574.9774885032979,561.7486532723741,563.3665771484375,3680773
2020-10-30,563.9375703431704,572.6933422409726,558.4652201680385,565.3175659179688,4209087
2020-11-02,563.4141284332084,570.9326848011984,560.558989268851,567.2685546875,4085120
2020-11-03,570.3616354178754,576.2146940764987,565.3175677274606,567.0306396484375,3669816
2020-11-04,568.9340739304225,574.5016303630829,563.4141496226569,567.9823608398438,2475177
2020-11-05,574.1685567049876,578.0706156421724,570.3141298977395,573.0264892578125,3794240
2020-11-06,573.8829348441724,589.3958450142438,572.6457195707221,583.9710693359375,5908936
2020-11-09,591.0138068094383,591.9655198638818,580.735317439039,586.5883178710938,3819808
2020-11-10,591.9654652962054,597.3902408240659,581.4966226623496,590.0144653320312,7876161
2020-11-11,594.8206364563213,613.4266143470844,592.1082775892615,602.6246948242188,7561527
2020-11-12,602.4819410819484,622.8010497679657,599.1033713361663,602.1488647460938,6913788
2020-11-13,603.3384594649683,608.0970243979076,597.7233296089196,599.4364013671875,4107823
2020-11-14,603.861871688793,603.861871688793,599.4363832001022,600.8639526367188,295788
2020-11-17,608.1446237724965,614.8066149562328,603.0529823172509,606.4791259765625,6173551
2020-11-18,606.4315334153786,675.6686539596176,606.241179198354,671.6714477539062,32986476
2020-11-19,665.2473499262704,693.2277338021256,658.870861564037,669.9107666015625,15336768
2020-11-20,675.7162675414244,683.8534025259167,663.7247063103782,681.0458374023438,6730897
2020-11-23,681.8071939163641,685.9471220944494,665.2473650281236,671.3859252929688,4484068
2020-11-24,675.7162130837086,709.502023737894,672.1472894230552,694.1318359375,16121626
2020-11-25,696.6539831892421,697.5581222440328,681.4265737206249,685.1858520507812,5423034
2020-11-26,687.1368628549675,701.2222052127962,685.2334366420728,693.322998046875,6798860
2020-11-27,701.3173888868283,707.075241378604,676.6679969851,687.1368408203125,11302666
2020-12-01,700.8414533565099,700.936601418196,673.860355842225,699.0807495117188,5710611
2020-12-02,698.55744424022,721.3985595832245,695.2740222920711,717.2109985351562,6337698
2020-12-03,713.8323504082543,719.8281309122059,707.7889958701353,709.8351440429688,2957787
2020-12-04,712.9282319806584,727.5370623447963,707.313159763917,714.3082275390625,5356456
2020-12-07,713.7847655176594,719.3522634535159,708.122061426962,715.9736938476562,3525945
2020-12-08,716.9729770742041,727.1087439256258,707.6462011388219,717.5916137695312,4333519
2020-12-09,720.2564067909358,726.1094651387128,713.9751240516241,718.5433349609375,3213975
2020-12-10,709.026213817301,718.4957701697672,695.749805310111,700.6035766601562,3814006
2020-12-11,703.2207393083195,710.6440888835438,687.2319148842056,692.4187622070312,4197494
2020-12-14,696.320853833853,701.7932036950467,675.7162437300035,677.3341674804688,4183639
2020-12-15,675.7162187907346,685.2333486328575,667.1508019328238,683.2823486328125,5495877
2020-12-16,701.5076716722621,710.2158693863522,691.1340341949699,696.6063842773438,11262389
2020-12-17,699.6042170895378,702.7924905562229,690.3250151535209,695.369140625,3630553
2020-12-18,691.0387278087671,702.3165607607925,687.6601585611782,698.1765747070312,6671658
2020-12-21,693.7988107064889,694.7505237527256,628.3685387777219,652.8275756835938,9130116
2020-12-22,655.5400129650736,665.5805751850933,635.0781800258644,661.4882202148438,7305751
2020-12-23,659.5371083455947,680.4747943248199,655.0164716000802,677.143798828125,4383472
2020-12-24,678.0955325512523,687.6602368664898,666.2942677671087,676.5728149414062,3373695
2020-12-28,680.8555571650884,684.0913467676706,673.1466464039665,676.6204223632812,2484872
2020-12-29,679.9990268300038,682.3783096390661,670.0060390319421,672.9087524414062,2808820
2020-12-30,675.7162560576778,689.3257408649107,670.3390541651358,685.8995971679688,3219036
2020-12-31,684.9954494884515,690.5153734138036,679.0472430844184,685.8043823242188,3723205
2021-01-01,689.9919407262771,708.7882729046826,688.0885146828942,697.0822143554688,9543128
2021-01-04,699.5091517701825,714.7365618767443,692.1333749998166,712.9282836914062,4547027
2021-01-05,711.8814108564236,711.8814108564236,694.7505747662958,704.3628540039062,3551554
2021-01-06,705.2193865274237,710.4062343887052,695.1788252329173,700.5559692382812,3601608
2021-01-07,707.1227178026032,718.5432731372348,704.3627270282213,708.4551391601562,4063641
2021-01-08,713.7847444904385,735.4837891053576,709.0261795271689,733.2948608398438,5998381
2021-01-11,735.7217220887451,753.1856904691161,726.3473722859496,750.9967041015625,6643610
2021-01-12,751.805757347713,758.2773946584904,739.8617698401532,742.1934204101562,5532160
2021-01-13,746.7140544851538,797.0596993254928,744.4775519968558,788.3515014648438,19610461
2021-01-14,788.8750080959053,803.1030724032782,787.3998063275129,789.8267211914062,8576718
2021-01-15,788.0183746606076,797.5355047893589,775.9791818125562,780.0715942382812,4996951
2021-01-18,778.4061830781851,781.1661162698464,758.6581358636818,769.9359130859375,3955069
2021-01-19,770.887651576683,780.0240745824075,762.8456638407908,769.0317993164062,3991167
2021-01-20,768.0324002295425,791.7776514824826,763.2738351723583,784.6873779296875,4502291
2021-01-21,783.259812897512,794.6803691001489,761.6559157966001,769.2220458984375,4455107
2021-01-22,768.9841392690123,786.7811848028539,756.6118697015653,759.8477172851562,5588252
2021-01-25,763.3690772891939,773.6951995882849,746.3810211772138,756.1836547851562,3353172
2021-01-27,758.5153111080654,777.5495723654823,726.5377754307871,732.771484375,6585102
2021-01-28,721.3984339894812,740.5278415236793,719.5901561044594,728.0604248046875,4622634
2021-01-29,735.2458780439363,761.3228378873962,709.9779091159136,713.404052734375,8761073
2021-02-01,716.6399112416906,769.7930607061751,705.7427854358963,756.754638671875,6592083
2021-02-02,770.8875274876768,796.9644868378726,763.8448280754483,777.40673828125,5334431
2021-02-03,781.3563749102731,817.4263209336382,778.5012359032928,792.96728515625,8802838
2021-02-04,794.6804603537038,850.4032522734884,794.6804603537038,824.659423828125,14706560
2021-02-05,837.4123327039454,839.1254045697546,800.5810261932517,823.7076416015625,15668083
2021-02-08,847.9763426320562,906.0784137503651,847.9763426320562,883.5704345703125,21179625
2021-02-09,884.6173042510475,893.658578474162,842.4564265966416,851.783203125,9210613
2021-02-10,855.5900083418828,872.7208427691953,843.312887100461,870.0084838867188,6465767
2021-02-11,872.197445694182,875.623589475941,858.7782566917225,870.0560913085938,3640848
2021-02-12,871.7691679985393,874.1960246979746,861.3003242780328,864.6788940429688,2484145
2021-02-15,866.9154381182957,875.5760036145184,854.8762448334143,867.8195190429688,4178613
2021-02-16,870.8174338270053,877.241496863434,858.5403123444264,868.1526489257812,4223635
2021-02-17,861.3002802900843,875.7187557312265,860.9195718481452,870.7698364257812,3903522
2021-02-18,870.7698210926458,870.7698210926458,848.5949198070514,851.2597045898438,4616205
2021-02-19,847.024616483331,861.9189489858884,821.1855838801463,836.793701171875,5171996
2021-02-22,837.5075315095553,839.8868142695256,792.8721636973288,796.6790161132812,5960870
2021-02-23,801.4375137373748,815.570486987062,779.5481142000648,800.3430786132812,7348084
2021-02-24,800.4857571247464,814.5711555738567,799.4388960912355,808.5753173828125,3184114
2021-02-25,811.9063543204794,824.7544800935441,801.3899370645615,817.521484375,6134649
2021-02-26,807.1002394106742,815.2850064830604,759.9428694606094,767.46142578125,12073749
2021-03-01,781.3564302616091,811.525746190154,776.7882191444187,779.8812866210938,9223619
2021-03-02,792.729412065776,826.0869435008398,780.452290246307,818.5208129882812,9706013
2021-03-03,825.0876523797208,826.0869394792417,806.1485391726067,810.9071044921875,5028771
2021-03-04,801.1995165333861,816.8552060380018,794.4899519136789,804.4353637695312,4574138
2021-03-05,799.4389936781698,819.187040248196,797.8686438482621,799.8197021484375,5179108
2021-03-08,807.0050628003385,815.9511302898252,799.4389327124339,809.9077758789062,3474579
2021-03-09,811.8111489882491,823.8979151101188,801.3423065042272,810.8594360351562,3536262
2021-03-10,815.0470799564013,832.748919466449,808.0043801451602,822.0897216796875,3971353
2021-03-12,827.5145555441682,833.8910450480693,803.388651254286,814.47607421875,4012449
2021-03-15,820.376652390917,820.376652390917,784.2115563458418,803.6265258789062,3069303
2021-03-16,810.8595653320592,815.1422743038835,799.4390080738611,802.1513671875,2996797
2021-03-17,806.6719022779376,810.2408259691531,793.4431266486029,796.5361938476562,2034583
2021-03-18,801.342386249714,818.9966516688596,793.7286818672939,804.816162109375,5033325
2021-03-19,799.3913705309453,818.4732051496934,780.9281145284336,809.2415771484375,7538327
2021-03-22,808.7656973922807,817.8545449427819,791.9679977616154,811.8587646484375,2906300
2021-03-23,818.425638784243,823.2317780093659,800.8665216125796,803.8644409179688,3925212
2021-03-24,795.8700161080453,804.1975050658275,769.5551277662721,772.219970703125,4066262
2021-03-25,772.6006619971278,774.6944423779025,750.0450505216049,753.4712524414062,4501404
2021-03-26,761.2276265237251,775.3130255182249,753.8994828295015,760.7517700195312,4170972
2021-03-30,766.6525003821502,766.6525003821502,745.1913809146521,756.6119384765625,5670999
2021-03-31,756.7070122897737,766.8427793664102,751.9484471059922,756.8497924804688,3972382
2021-04-01,762.7979675050511,770.6971737668019,742.0982098091873,768.6033935546875,5678798
2021-04-05,769.2695997237496,769.7454562196925,732.1052190081971,737.0541381835938,4176802
2021-04-06,746.1429865203803,753.375982032081,737.5775695832841,743.3829956054688,2984229
2021-04-07,743.5733648744385,760.0379883692403,737.9582929547756,757.8490600585938,2271095
2021-04-08,763.273849689025,771.8392669548621,754.7084324231881,756.754638671875,3324494
2021-04-09,756.611887008087,762.3221654006009,747.0947563538972,752.9478149414062,2065092
2021-04-12,741.3844496066461,741.3844496066461,702.887645965193,715.2123413085938,4628388
2021-04-13,717.5915807973805,777.5494980258089,714.5460876697751,772.0771484375,12501628
2021-04-15,766.1290340555107,769.8407383252481,747.237552537896,766.2241821289062,5256004
2021-04-16,766.224139458177,797.3927412818107,764.415919548662,781.9750366210938,6915568
2021-04-19,747.189922283484,768.0324621494893,747.189922283484,756.5643310546875,4317341
2021-04-20,768.9840755546211,781.5466983075094,761.893802349306,771.9819946289062,4830957
2021-04-22,756.6118978483523,765.9862484418569,747.5706235973344,761.0849609375,4576665
2021-04-23,757.5635679680857,766.6999897737255,736.7210294835312,740.3375854492188,4796085
2021-04-26,742.3361552090006,754.9939267507431,738.1962268093623,742.81201171875,3528851
2021-04-27,743.287907308113,749.9023247589837,739.4810550299663,740.8134765625,3624649
2021-04-28,748.0463594061648,762.8930578080549,741.2415887539961,744.3346557617188,5214319
2021-04-29,749.9499395085322,753.8043660318154,731.4866817219964,737.1969604492188,3642323
2021-04-30,731.2963571597404,740.8134880020694,714.2130956801686,716.211669921875,4466148
2021-05-03,708.9310074425613,729.5355581826093,704.3151647318165,716.59228515625,3749870
2021-05-04,722.3502381042184,725.8715881684312,695.7974195553231,705.3621826171875,3820769
2021-05-05,707.2656221614938,712.8331206294913,701.7456396435288,711.453125,3102424
2021-05-06,715.2123027075795,722.8260065288179,710.1206615123065,711.310302734375,3662506
2021-05-07,715.6881407438526,734.7223998061891,714.7364277907358,730.3445434570312,4833670
2021-05-10,734.7224784003432,745.9526808308403,731.5342629015341,742.7644653320312,2095644
2021-05-11,732.8190793696137,742.0507079610821,729.2025812448617,738.5293579101562,2938331
2021-05-12,734.2466208722235,734.4369751005396,718.6861356806253,723.0164184570312,3480378
2021-05-14,726.2522308347058,726.8232935376199,700.4608295052259,705.6952514648438,4984389
2021-05-17,704.2677502313877,719.4951610472015,699.8898928570261,717.1634521484375,3479938
2021-05-18,724.2536376822495,761.3228729367967,717.5916462712432,759.1815185546875,8634396
2021-05-19,755.6601909619593,755.6601909619593,740.4327815722977,746.9044189453125,4360320
2021-05-20,746.1906585290476,770.4593430373561,744.239658254795,764.4635620117188,10092542
2021-05-21,765.1772741287482,781.3563955966446,762.0842067892975,779.4053955078125,5721630
2021-05-24,781.8322733561198,784.2115559895833,768.0324340820313,770.8875732421875,3495533
2021-05-25,780.0715606364704,788.0183407164869,769.3171575838685,772.0771484375,5044078
2021-05-26,776.5978335492828,786.1149638623867,773.7426944553515,781.5467529296875,3084558
2021-05-27,785.4487142384969,790.8734898659982,777.4543600240297,788.58935546875,6902630
2021-05-28,788.9701278776217,811.8112413505565,771.3634362422346,805.0064697265625,11638455
2021-05-31,784.2115053401889,784.2115053401889,751.853263614987,768.9365234375,17596018
2021-06-01,773.7427614521538,778.5013270207402,761.6084192522584,767.3662719726562,7230033
2021-06-02,767.3662051968148,772.7909810905336,763.5593530732161,767.2710571289062,4244490
2021-06-03,772.7910908227948,773.9331582396326,759.5622545796829,763.321533203125,5001405
2021-06-04,774.6943551050683,774.6943551050683,764.3206605300295,765.7482299804688,5084092
2021-06-07,768.8889690493849,772.5530409266987,763.8448435929906,765.0344848632812,2994862
2021-06-08,765.2723849144054,770.887514738421,758.9911024739392,768.84130859375,2960405
2021-06-09,768.9841606014032,777.3116499643515,762.3221691110446,765.6055908203125,4176767
2021-06-10,768.9841503739221,771.7917155108239,764.2731591222334,767.98486328125,2264605
2021-06-11,769.9359130859375,776.4551247143369,766.6049171702381,769.9359130859375,1783272
2021-06-14,769.935836929969,770.4116934422867,755.6601415604393,768.460693359375,1598770
2021-06-15,768.3655344273413,774.2185931237547,767.0807450003026,769.55517578125,1640381
2021-06-16,769.745454276391,782.1652971715561,762.8931091345221,767.2234497070312,3863280
2021-06-17,763.2738163425889,770.7923721826402,754.2801169887924,766.795166015625,1988175
2021-06-18,767.0806736319608,769.8882385835639,735.7692928750787,743.811279296875,5793496
2021-06-21,738.5293849500821,741.2417441209651,725.5384775595264,739.3383178710938,3024852
2021-06-22,742.4313032787281,751.4250029306174,735.3886617871813,737.7679443359375,2925669
2021-06-23,744.1445035988326,748.0465041128383,737.5776599076968,744.1920776367188,2700327
2021-06-24,745.1912220374688,755.6600642372289,741.3843703284651,753.5662841796875,3251137
2021-06-25,754.898845183308,763.1787607999185,751.8533516350428,755.8981323242188,1763201
2021-06-28,756.611834636032,760.4186866342006,751.1394848886645,755.1842651367188,1409432
2021-06-29,750.9015248169296,753.7566636945605,741.7651036436904,743.8588256835938,3167773
2021-06-30,746.9995620614898,751.28227059088,738.0058625321799,740.147216796875,2393862
2021-07-01,740.4326876869198,760.180731735125,737.4824007269461,741.8126831054688,5697553
2021-07-02,748.0464555075846,749.2836708520292,739.4810380781084,744.8106079101562,1963778
2021-07-05,748.0463882605285,755.1842354767549,746.6188188172832,753.5187377929688,1320469
2021-07-06,752.4242657119066,756.611826097817,741.09891599793,744.1444091796875,1420179
2021-07-07,740.2423874487258,744.1444457473349,731.4390418697036,741.289306640625,3004815
2021-07-08,740.3851967909821,749.5691930930683,733.7707793157457,738.7672729492188,2010027
2021-07-09,734.7224719416663,738.5293241278926,729.9639067088835,734.294189453125,1658120
2021-07-12,738.5292912687621,743.2878562898237,731.3914437371697,735.5313720703125,2681410
2021-07-13,740.3375966840339,744.4299511364136,736.2928162660398,743.4306640625,2189466
2021-07-14,742.3361507147126,748.9981418108703,739.5285857065985,748.189208984375,2067565
2021-07-15,751.6539198749839,754.4930853539777,746.0718666613963,750.5952758789062,2109663
2021-07-16,754.5412202945733,754.5412202945733,747.3230326004289,750.4990234375,845054
2021-07-19,746.6493530273438,751.3652593384357,741.0672994035658,746.6493530273438,1265906
2021-07-20,745.8794385472252,746.5531478529757,724.0804869433002,731.6355590820312,2179910
2021-07-22,735.4852380057417,738.2762354172479,727.2565155424998,729.9512939453125,2182264
2021-07-23,729.9993949996058,738.998045653522,729.758788738894,735.4852294921875,1179241
2021-07-26,734.3303241644119,735.3889682385854,724.2248609878374,725.9572143554688,1187498
2021-07-27,727.5933646339597,731.4430649759383,714.7450132393122,717.5360107421875,1732564
2021-07-28,722.4925041478552,722.4925041478552,697.4213430881529,701.3191528320312,4016758
2021-07-29,702.5702922302652,711.0877304955293,698.816811007946,703.9658203125,2489035
2021-07-30,707.5749168116179,731.4430465833535,704.3507576112249,715.1780395507812,4642619
2021-08-02,721.8187469354544,730.5286814001236,716.6216284608151,729.2294311523438,2260861
2021-08-03,734.7153558673288,743.665897683354,727.112173966472,741.8853759765625,3235393
2021-08-04,743.9545599733636,746.6493383516934,735.8220565927019,737.4581909179688,2659372
2021-08-05,737.2175324064659,737.5543576517235,728.2669918684206,730.8173828125,1451370
2021-08-06,735.1002977862194,743.2809113382536,726.6309684454078,729.7588500976562,4471604
2021-08-09,733.367822757595,752.6163220425713,732.8866102754706,745.8312377929688,6700633
2021-08-10,747.7561105484596,760.1232482198892,746.0237573082793,756.7547607421875,4724852
2021-08-11,756.7548368782697,760.2677119551453,738.6612569260244,749.4404296875,3147983
2021-08-12,751.6539300404387,764.7910548752377,744.6763487436484,747.0343017578125,3551026
2021-08-13,753.5307502012139,759.8346229114674,743.5696150864468,749.392333984375,3391864
2021-08-16,751.07649899853,773.7415961662056,750.9321117507682,769.2662963867188,7131928
2021-08-17,769.2182383678877,773.7416479521231,752.6164058851275,760.94140625,3835522
2021-08-18,764.0692821773343,767.0527763804774,757.3323067260628,761.6150512695312,2450964
2021-08-20,759.1608148773165,761.6149868357287,747.0823930884573,756.1292114257812,3050982
2021-08-23,760.3158200665481,763.6361983708881,734.9559424762245,737.1213989257812,2512960
2021-08-24,738.1800691964443,750.5953767774201,732.9829500365549,748.9111328125,1662376
2021-08-25,751.6058900494437,753.5788497467877,741.5966455599319,743.040283203125,1693443
2021-08-26,742.029696641067,753.4825779717908,738.4206027858088,752.0389404296875,2576883
2021-08-27,750.5953227150239,755.5036669911271,736.2551659212895,746.0238037109375,2907125
2021-08-30,754.4931490811193,764.3098965916946,753.578833511775,761.8075561523438,3028708
2021-08-31,758.3908587445808,765.8977615878636,751.9425998470051,763.49169921875,3324467
2021-09-01,763.4917173659163,772.3460388430608,740.0085833302603,740.9710083007812,6031309
2021-09-02,743.8101313636274,745.0613308462872,721.8187437992476,724.1766967773438,4879865
2021-09-03,727.5933647405147,728.5557898261503,717.1029078103804,721.7225952148438,4257842
2021-09-06,724.7060759557955,731.2505546676013,718.9796350548039,726.3903198242188,3682183
2021-09-07,726.7270960993015,730.1918613543507,719.990121079871,724.80224609375,2273976
2021-09-08,727.5933511588067,729.3257045322605,720.8563756851141,726.3903198242188,2380939
2021-09-09,721.818830583479,728.0745937818692,719.4608773218863,722.5406494140625,3313559
2021-09-13,725.1873019202231,725.1873019202231,712.5313885492623,717.5360107421875,3139833
2021-09-14,716.8141726850466,724.2729668973974,716.6698441711562,722.0112915039062,3089381
2021-09-15,723.7436177399807,731.4430179287039,718.4502801102335,726.7271118164062,3336656
2021-09-16,731.2986267027129,732.4054389705293,723.1180140466689,728.5076293945312,2686018
2021-09-17,729.7106758681311,737.217579419349,721.0007410189052,725.8128662109375,5504398
2021-09-20,721.2413078573554,728.0745017598518,704.6875863531947,710.3177490234375,2933375
2021-09-21,712.2907248069449,713.0607118066268,702.137152722567,710.7027587890625,2380834
2021-09-22,711.135836338987,730.4805548075426,710.7027333526071,724.2247924804688,2287017
2021-09-23,728.0745533416839,733.3678911386161,724.46545938923,729.9512939453125,1890322
2021-09-24,730.961780106024,752.6644518881405,724.2729146753325,750.1621704101562,4967824
2021-09-27,759.8345619603709,783.173368961687,753.6269087621839,780.863525390625,9210666
2021-09-28,789.1885364306173,791.1133865194726,766.3309416254623,775.7626953125,3853344
2021-09-29,769.9400080237822,785.050092429601,768.9775830137525,781.5853271484375,2291977
2021-09-30,777.6875525122318,786.6862620049683,771.1911834029454,772.8754272460938,3264689
2021-10-01,769.940075912593,799.775253854206,757.4285496790134,796.7435913085938,7704216
2021-10-04,801.2188837899075,819.9861729597612,796.9841899164138,809.5438842773438,6544700
2021-10-05,809.5438032536506,814.2115409550936,803.6729755738123,811.3723754882812,2647442
2021-10-06,814.2116098661382,822.7772164926415,797.8503836631544,802.7587280273438,3288323
2021-10-07,808.1483422309465,854.4409645556207,805.6941700532179,845.2498168945312,9515673
2021-10-08,860.1192934762222,861.3704343140238,839.7639798278499,844.8167114257812,3938358
2021-10-11,845.9716431855772,868.5886325085136,845.9716431855772,861.9478759765625,5493159
2021-10-12,854.6334109512749,861.0335607799905,844.0467358156172,856.6544799804688,3433345
2021-10-13,859.4455473209589,934.65908652106,859.4455473209589,900.2042236328125,17519612
2021-10-14,903.2358427798898,910.6946363670439,887.5483273707433,896.4026489257812,3354982
2021-10-18,922.0032182233774,922.0032182233774,874.1706804356697,876.7211303710938,2885649
2021-10-19,876.769200695568,892.745432667081,867.3374471675025,883.0249633789062,3476818
2021-10-20,878.6940712387893,890.146952838169,861.0335950561608,865.5569458007812,3551282
2021-10-21,874.170617828264,876.8653960863135,859.8305205392548,863.2952270507812,2614538
2021-10-22,870.0322009352881,875.6142541929368,851.8423449190298,854.489013671875,1999394
2021-10-25,849.8213100746929,871.860866981036,849.8213100746929,857.2319946289062,2833933
2021-10-26,859.8305633318766,866.1825451663915,850.7837443634335,860.9373168945312,3410657
2021-10-27,866.18247598599,869.8396791362458,850.3024639262469,853.4784545898438,3362019
2021-10-28,853.6710668698387,862.3328928020017,844.913021924025,850.639404296875,2171227
2021-10-29,850.302595221056,867.6262474157124,829.6104550996607,851.0244140625,2482056
2021-11-01,851.0243379401722,854.5372128176876,828.0705243321296,837.6466064453125,4146270
2021-11-02,842.1218880926256,846.2603039086142,826.7230878532175,829.129150390625,3704926
2021-11-03,831.5352528710247,837.2135842287709,811.3243265859651,817.098876953125,3288759
2021-11-04,823.5952884787915,842.121971859705,820.9486194243752,840.052734375,973315
2021-11-08,845.0091471070117,845.249753356188,822.1996629367505,827.2042846679688,4481883
2021-11-09,831.5352147152635,871.3796339170743,830.1877961947148,858.6275024414062,15376349
2021-11-10,871.8608935813235,890.243188904152,861.3704368315849,885.09423828125,17083220
2021-11-11,884.4205099443916,893.9003731740926,876.7692190615285,890.0025634765625,4935551
2021-11-12,898.9049914041177,904.1983291479321,890.2431660051487,902.5621948242188,6239600
2021-11-15,899.8674237418863,912.9082714499,886.4896920205689,893.5154418945312,3757546
2021-11-16,893.51547192524,929.6545220990017,890.772525189421,924.216796875,7368780
2021-11-17,923.8799467087744,942.2141323259052,911.6571367167658,918.5866088867188,5416608
2021-11-18,919.1158327254816,919.1158327254816,883.6986061028408,888.991943359375,3463426
2021-11-22,891.5906181540142,895.2959312175743,860.119306270413,867.0006103515625,3731367
2021-11-23,864.1132629873688,874.3631127368494,860.0229567362608,867.4817504882812,3195288
2021-11-24,873.5932246691369,873.5932246691369,856.5582896325857,859.6380615234375,2708554
2021-11-25,857.424480041037,865.1238802569475,850.302511344615,857.7131958007812,2288825
2021-11-26,851.7461305676932,851.7461305676932,811.3242803034636,821.6703491210938,3934155
2021-11-29,813.441620264349,835.1924017279639,797.2247237988782,818.8311767578125,3936245
2021-11-30,818.83123185227,828.4554824822726,797.4172742005142,804.1061401367188,6067618
2021-12-01,804.5873835573616,811.0356434753731,792.3164635330119,803.3362426757812,5121634
2021-12-02,804.3948296439374,827.6374176532336,803.6730108702545,817.628173828125,4677008
2021-12-03,817.0507484144919,823.4508396772733,802.6143728329005,805.5016479492188,2933597
2021-12-06,806.5121644922467,809.0144460405063,789.2366236834699,791.2577514648438,1552749
2021-12-07,795.4443000539817,802.3256626255641,791.5945998722323,794.9149780273438,1976433
2021-12-08,803.1437178471951,811.9980402057267,795.8774203448035,809.1588745117188,2346456
2021-12-09,825.183258872112,825.183258872112,804.5873393676698,819.1199340820312,4078098
2021-12-10,818.1574742465143,835.962336860618,818.1574742465143,827.3967895507812,3434165
2021-12-13,836.2992548935708,836.2992548935708,808.148322317476,811.4205322265625,2683048
2021-12-14,808.437057971913,810.3137986048436,794.9631070057144,805.4053955078125,1979863
2021-12-15,812.28670597046,821.62224028743,806.704652677783,814.404052734375,3208613
2021-12-16,820.8523088960403,829.8509591811204,814.4040496249123,821.2372436523438,3965285
2021-12-17,816.1363864465969,820.2266926286701,798.8127367342871,803.2398681640625,2675800
2021-12-20,794.9630824620726,798.812782619274,767.052756322363,783.7026977539062,2907378
2021-12-21,791.4983879243769,795.9255196761725,777.158231122744,781.681640625,1973119
2021-12-22,788.0336579778742,796.1180522924853,780.5267539667446,787.9374389648438,1979912
2021-12-23,793.9044460783482,802.4699937657385,791.8352087271751,795.7811279296875,1495208
2021-12-24,799.7752223935814,800.7857569551123,777.6394460818458,782.11474609375,1071730
2021-12-27,777.6394570387581,792.2202203549406,776.6289224629888,787.7930297851562,1492196
2021-12-28,793.038192928582,808.4369927912729,788.2741774727101,807.1858520507812,1677680
2021-12-29,811.7573847540723,811.7573847540723,799.6307944080945,801.4113159179688,1575343
2021-12-30,811.3243343337074,811.3243343337074,796.0699204648269,798.1390991210938,1874659
2021-12-31,803.4324795868637,813.2492275733811,799.0053475251831,805.6942138671875,1528983
2022-01-03,803.6249223361092,808.4370476195589,795.2518125945539,798.6203002929688,1537088
2022-01-04,806.4640283401416,810.3618377830263,794.62621276696,800.5932006835938,1886453
2022-01-05,798.8128331305371,815.1740598332108,798.8128331305371,807.9558715820312,2634010
2022-01-06,807.4746257694892,810.602507216153,796.4067375736023,808.2926635742188,2962301
2022-01-07,809.3994420400143,817.8206609673034,791.5945791651745,797.850341796875,2531717
2022-01-10,804.5392314443926,814.9334102250396,798.5240748882586,810.3137817382812,3403434
2022-01-11,810.3618553352226,816.858224127993,804.1542022960009,809.784423828125,2117911
2022-01-12,814.9814742794109,850.9761926006761,810.8430585479338,847.4633178710938,9022415
2022-01-13,847.463346282648,875.3255625792912,835.3849239349365,862.3328247070312,5658001
2022-01-14,856.3658214199596,862.2847591378221,846.5972421374187,848.0889892578125,2027852
2022-01-17,850.9762815530183,870.0322867037065,849.4845344027093,866.9525146484375,3617269
2022-01-18,868.1073653624626,875.9029845037136,854.922130880778,858.6275024414062,3468168
2022-01-19,874.796303190534,874.796303190534,847.7040132280182,860.7930297851562,4215758
2022-01-20,862.3328098381602,863.8726663590239,840.0526473372668,847.4152221679688,2486026
2022-01-21,842.8918236070843,851.6499265636446,832.6901418574228,842.3143920898438,1872843
2022-01-24,838.4646681944092,845.3459716701858,816.1845060421425,822.5846557617188,3386669
2022-01-25,814.3078179316013,826.0013058809176,813.489780129153,822.3922119140625,4742388
2022-01-27,813.8265134557618,830.4283438276042,809.5918789248099,825.8087158203125,2927566
2022-01-28,831.9201692876605,862.3327749059436,828.0704693996876,836.972900390625,4208702
2022-01-31,845.8753549989826,855.4514367442794,839.3308180132939,852.5160522460938,2335040
2022-02-01,858.4831234672347,861.0816827866201,831.7277194842092,837.0210571289062,2921070
2022-02-02,842.7956384899452,847.2227702781674,832.6420658348222,836.6842041015625,1341479
2022-02-03,835.3849238889046,849.243867781923,820.1305106993892,824.0283203125,2630289
2022-02-04,829.032966498485,829.032966498485,804.731733841421,810.0731811523438,2080640
2022-02-07,809.3994305445675,812.9604148173131,791.3058521689745,798.33154296875,1801701
2022-02-08,798.8127460744539,806.2234302863882,786.4456083819329,800.7857055664062,2729631
2022-02-09,806.512169801226,814.1634604874301,801.8444319333294,808.6295166015625,2165223
2022-02-10,812.2867084738949,825.5200523619471,798.957145581543,820.9966430664062,6949276
2022-02-11,820.9485579430356,829.5622737870389,804.202338774339,821.5741577148438,5146850
2022-02-14,810.1212769978204,813.6341518886949,751.3652400847926,794.0487670898438,4202165
2022-02-15,796.8879802733455,825.7607331818,789.5735730332435,822.4884643554688,2728328
2022-02-16,822.4883929946311,845.4903743127056,822.4883929946311,831.7758178710938,4401342
2022-02-17,839.2346575773774,844.3354986789789,826.7231317189992,829.8510131835938,2041741
2022-02-18,824.9907056349789,837.0691274007162,815.3183463222474,819.986083984375,1616856
2022-02-21,813.4416443586441,818.5424852520742,800.7376222571731,809.4956665039062,2255753
2022-02-22,795.9254911854719,823.8358167530398,792.412616367332,821.1891479492188,2768989
2022-02-23,823.835809900214,837.0210443070159,813.9228440294398,818.3499755859375,2265060
2022-02-24,787.3598935697237,800.6414059775286,760.7969862376382,765.8978271484375,5677898
2022-02-25,782.162797200702,794.0006127700121,771.8648381109695,777.25439453125,3470318
2022-02-28,776.6769763359396,776.6769763359396,757.1878700524169,761.1337890625,5026913
2022-03-02,755.984939838397,780.2861743780782,740.1049251887043,749.1035766601562,5779175
2022-03-03,762.2405948951525,763.3474071344441,731.4911046027347,733.4159545898438,2763929
2022-03-04,721.8188101803275,727.5933606617701,702.5703085755188,704.7838745117188,4829850
2022-03-07,692.8016420414159,692.8016420414159,656.1332714879683,664.6026000976562,7008637
2022-03-08,664.602531923166,676.6328436976848,645.9315232941668,674.3230590820312,4000294
2022-03-09,678.5096137953328,712.0982692373658,673.6974888747985,707.2379760742188,5490287
2022-03-10,733.3197608825759,733.8490828989375,707.3823946632381,711.0877075195312,4064470
2022-03-11,706.4199521171383,713.9268553912844,701.3191113502031,707.1898803710938,2364792
2022-03-14,707.1898379213713,717.9690090549989,698.1911881812588,715.2742309570312,3563695
2022-03-15,717.0066040968123,740.2973001661612,717.0066040968123,732.597900390625,4811450
2022-03-16,739.960452077321,746.8418144572333,736.2551392522982,744.5801391601562,2277631
2022-03-17,755.5035968790936,769.843752342037,747.8041971656761,764.5504150390625,3787641
2022-03-21,759.9308281505496,761.3744657866577,750.7877897885322,754.06005859375,3008019
2022-03-22,753.5788340233714,759.4014939810738,740.1048829680366,756.0811157226562,5436875
2022-03-23,760.3157648901423,764.3579617176573,743.0883335560535,745.01318359375,3277274
2022-03-24,744.6283086152445,750.6915749724379,733.9935230514882,736.8807983398438,2248114
2022-03-25,743.9544710057669,743.9544710057669,729.7105937879015,736.0144653320312,3148869
2022-03-28,736.158933574246,743.665837107113,723.069917838857,740.345458984375,4719388
2022-03-29,742.0297064866716,753.5788069767365,741.7409907227725,744.2913818359375,3519610
2022-03-30,750.017856308614,765.1279418776965,746.7456462676554,763.5399169921875,4407033
2022-03-31,768.0152346113346,782.4516112017732,768.0152346113346,776.2439575195312,7059986
2022-04-01,780.5266736300873,798.3315360988378,777.3506828840136,795.4923706054688,3406177
2022-04-04,787.2636942001814,804.5873451728015,779.5642937679057,802.373779296875,4163250
2022-04-05,805.54980225864,819.9861786432035,802.3738112023892,805.11669921875,2669967
2022-04-06,807.1859388332178,807.1859388332178,792.0277435886887,796.7435913085938,2049292
2022-04-07,794.9631164903856,808.7257833931372,791.4021319441943,802.9512329101562,2913537
2022-04-08,798.8127587533908,828.3111088233378,795.9735932239272,825.1832275390625,4145522
2022-04-11,822.8252364034639,828.98472094061,814.404017951236,824.65380859375,2922901
2022-04-12,818.0613261518702,834.8075462074501,811.6130663032611,828.4555053710938,2961076
2022-04-13,830.0915678882765,842.1218804663674,829.9471806406351,833.5562744140625,3695363
2022-04-18,833.5563366795747,843.0843684498577,825.8569360544617,841.2557373046875,3076843
2022-04-19,845.105376865939,854.4409112011464,832.5938517495349,839.7158203125,3301212
2022-04-20,840.6301207389603,856.4620236005935,840.6301207389603,848.1370239257812,2208791
2022-04-21,848.1370806563175,879.6565012424104,847.6558681282855,876.7692260742188,3206906
2022-04-22,869.839743381776,892.2161256641123,855.643973976853,886.056640625,4924905
2022-04-25,879.9933021199123,893.1304272676991,861.4666203042839,870.0322265625,5476626
2022-04-26,872.5344480342258,907.4705211875404,872.5344480342258,904.8238525390625,6384561
2022-04-27,895.0552829638253,905.3532425914391,888.2701982122908,892.0236206054688,3154605
2022-04-28,909.491614659918,909.491614659918,883.9873524498779,888.2220458984375,2869224
2022-04-29,893.9966245314362,903.9576999912496,883.5061683172394,887.4520874023438,3467791
2022-05-02,880.6189707618175,898.6163319672703,875.518129455485,886.7303466796875,2740823
2022-05-04,883.4099280363821,889.2325875185182,857.5687816279201,862.4290161132812,2408261
2022-05-05,875.8067540233272,886.3934290719608,861.9959787065866,865.2681884765625,2690817
2022-05-06,856.5582371071636,880.4263649995506,853.9596778979248,860.2635498046875,4247088
2022-05-09,846.9340274238943,868.0111591030802,842.1219022680767,861.6591186523438,1790691
2022-05-10,861.6591417733282,876.7211174119016,850.8799693867057,854.9702758789062,2436623
2022-05-11,855.2108632679927,864.6426756117223,843.5655438321602,853.7191162109375,3048794
2022-05-12,851.6499571322155,855.5958763724357,821.6222835809156,832.73828125,4908042
2022-05-13,846.7414922402389,870.9946136731925,837.4059581132905,856.0770263671875,4956950
2022-05-16,861.3703908101396,874.7481220523871,859.1568250178625,869.4066162109375,2856221
2022-05-17,872.9194569800986,882.5437067814228,864.4020194026305,876.57666015625,3469290
2022-05-18,875.8067971632586,888.0777165740625,871.1871686628381,878.9827880859375,3203522
2022-05-19,867.144936834439,878.6940369920563,847.0783988072832,849.38818359375,2658159
2022-05-20,863.1990242840568,877.106018835276,855.2590178658432,869.8397216796875,3426756
2022-05-23,876.7691621160841,907.9998646555084,876.0473433766911,906.5081176757812,6613972
2022-05-24,913.3413931628504,924.3130624783723,907.6630617423713,911.2721557617188,4546511
2022-05-25,917.9610029735844,917.9610029735844,888.6551483878623,893.5154418945312,1363358
2022-05-26,895.1515087332122,898.4237773751508,880.4264173280138,894.86279296875,2384886
2022-05-27,904.6795534110956,922.0032044338614,888.3183274451503,917.0466918945312,3269005
2022-05-30,935.7177655379367,973.733555446652,921.0888928626857,960.8370361328125,11690785
2022-05-31,960.4520778475961,1003.8093140352835,954.7256371265591,995.4843139648438,13301109
2022-06-01,996.1099840895415,1017.5239426847031,976.6689852120976,1007.9959106445312,7889745
2022-06-02,1005.6860234996636,1018.19754933,996.1099411075483,1005.3011474609375,4081658
2022-06-03,1010.6425674591136,1016.8502798039752,987.1593716746994,989.9985961914062,2660682
2022-06-06,989.3729378724003,1009.1988701346169,979.7486875039916,997.024169921875,3443406
2022-06-07,995.9175481906403,1005.7342372932953,979.8449784059766,1003.3763427734375,2162861
2022-06-08,1017.2350626829709,1017.2350626829709,995.3880620490992,1005.734130859375,4293398
2022-06-09,997.0723389553112,1009.8726389488232,993.2226388049046,1005.8303833007812,2757706
2022-06-10,994.1851011093147,1004.2905643829331,988.02555714107,997.5535888671875,2425545
2022-06-13,985.1863745180782,990.3353247701792,961.029471778628,966.5634155273438,4047155
2022-06-14,962.4249793046358,986.4856037872516,961.5106638259446,980.95166015625,3614327
2022-06-15,986.1488201399436,1000.2483701782219,981.6735203006917,986.9668579101562,3333753
2022-06-16,998.7084291367886,998.7084291367886,959.5377765267502,967.477783203125,3255301
2022-06-17,962.4250053439791,970.0762958848159,946.2081675006373,960.163330078125,5318310
2022-06-20,967.2371517954316,970.1244268754181,942.310320108178,945.7750854492188,3722583
2022-06-21,945.7750453331304,966.9965045225463,944.9088393491708,960.4520263671875,6263423
2022-06-22,957.7572996560984,966.2266282385531,936.102736310285,946.833740234375,2629024
2022-06-23,948.951090270745,992.8376486364597,948.1811619864235,989.0841674804688,7303072
2022-06-24,997.9385582476582,1034.1257166456735,992.8376584871726,1031.767822265625,7273273
2022-06-27,1048.8507672499984,1053.8553300430983,1031.7677242287518,1042.0174560546875,6316257
2022-06-28,1041.3438040095266,1079.311421589296,1038.8895733745085,1070.216552734375,11020641
2022-06-29,1064.442008613602,1073.5368775165775,1049.71685969272,1069.9759521484375,5052023
2022-06-30,1067.6181389936532,1075.509977292231,1047.1666069869777,1052.074951171875,4165189
2022-07-01,1051.3531258090134,1071.5158831852877,1024.0202314722594,1065.7413330078125,2839545
2022-07-04,1059.629932174456,1060.5923571809722,1038.841575530408,1050.1981201171875,2784613
2022-07-05,1050.005770401973,1060.5924463638628,1037.494244265194,1041.2957763671875,3675577
2022-07-06,1042.0174299756397,1070.216527560338,1039.9963611091437,1063.0465087890625,4957228
2022-07-07,1076.953583985513,1096.153915902302,1072.718890453477,1090.71630859375,4917004
2022-07-08,1140.4255073276108,1150.00170699237,1083.8349853082734,1091.0050048828125,10482265
2022-07-11,1086.529559967553,1124.016080868332,1080.4663534977813,1121.273193359375,4520273
2022-07-12,1120.2627482379303,1120.6957925131687,1099.0893973262168,1103.564697265625,2452632
2022-07-13,1109.8684807241582,1113.0445302682679,1095.335886488869,1097.5013427734375,3379695
2022-07-14,1103.335090386616,1119.4261321116137,1099.834813772193,1110.9674072265625,2423203
2022-07-15,1111.3077013093018,1143.2954970263722,1108.7798160145787,1139.98974609375,3879759
2022-07-18,1146.7955329128688,1146.7955329128688,1127.107012742046,1131.1419677734375,3480683
2022-07-19,1129.6837033814072,1156.5184068653682,1128.8086341914186,1153.3585205078125,4056414
2022-07-20,1161.865892310246,1161.865892310246,1130.2670291302602,1133.3297119140625,3028752
2022-07-21,1134.7394414907278,1147.2817830253346,1132.5032854979052,1142.5662841796875,2062279
2022-07-22,1147.28184207423,1153.0182750217289,1137.8508438975362,1148.351318359375,1983433
2022-07-25,1152.143185465094,1152.143185465094,1100.6127307565287,1104.35595703125,4380502
2022-07-26,1102.5572855774785,1114.2245584407322,1093.9526955779563,1104.5018310546875,2598868
2022-07-27,1108.390921040424,1118.4053777135528,1095.556968376316,1106.5435791015625,1647876
2022-07-28,1110.4326612243822,1120.0581849887565,1103.8698202967137,1117.2872314453125,1929675
2022-07-29,1126.6695962632757,1151.365226667934,1121.2734355720945,1132.162841796875,2230572
2022-08-01,1156.4211803887185,1214.0768806498788,1151.4139522151065,1203.4305419921875,12673841
2022-08-02,1203.38195655927,1224.8206185515348,1192.2008197358189,1219.7161865234375,5626351
2022-08-03,1225.014936776466,1225.014936776466,1196.867689680253,1218.938232421875,3820503
2022-08-04,1229.8278646579824,1229.9250681989724,1204.6946370014798,1226.8138427734375,3075648
2022-08-05,1242.7588993293061,1243.0506286092548,1197.1107442120806,1201.6318359375,5766297
2022-08-08,1210.4795392861424,1244.509084567279,1208.1947221258217,1241.300537109375,5412651
2022-08-10,1241.5922965313569,1244.2173854710677,1225.3067280373082,1232.8905029296875,2530492
2022-08-11,1241.5922676908929,1243.48815202713,1219.2299950543302,1231.0916748046875,3077633
2022-08-12,1229.9249695708634,1233.7168568505404,1214.6603356045928,1224.52880859375,3355489
2022-08-16,1245.0924084154515,1262.6905207254601,1239.3074332664753,1252.5789794921875,4085782
2022-08-17,1258.1208423766432,1258.1208423766432,1234.834959267494,1238.91845703125,2197165
2022-08-18,1238.675443391134,1242.9048059795575,1219.9105324494947,1226.1817626953125,2659857
2022-08-19,1234.7864355597492,1237.3629821742268,1201.2430245150158,1205.034912109375,2513148
2022-08-22,1205.034824315804,1212.8130060203623,1185.249098341961,1192.6868896484375,2443323
2022-08-23,1186.1240946080736,1241.5923025034913,1184.2282102186784,1237.8004150390625,4449168
2022-08-24,1239.5990635963476,1247.9120428715771,1226.0359065532207,1233.133544921875,2570071
2022-08-25,1238.675355383871,1242.0296485501813,1221.854991074345,1224.7232666015625,1769049
2022-08-26,1244.411804525223,1262.9821886426585,1233.6196017081272,1239.307373046875,4325600
2022-08-29,1214.3685986944367,1245.2869179368904,1207.7085544563374,1241.3978271484375,2554692
2022-08-30,1248.3981203018038,1278.5385733620499,1248.3981203018038,1272.4132080078125,5078317
2022-09-01,1244.5089043732812,1288.9417138754864,1244.5089043732812,1275.6702880859375,4913035
2022-09-02,1282.0874879147145,1293.7547609364647,1274.843984702328,1279.4622802734375,2316436
2022-09-05,1282.4277442316684,1287.726583191123,1265.0240384462113,1283.934814453125,2271837
2022-09-06,1288.2612493387935,1290.2057946208145,1264.5377731610145,1270.177001953125,1930221
2022-09-07,1255.2039432772922,1275.5730070436782,1245.675624196446,1253.93994140625,3162428
2022-09-08,1268.8158819762295,1295.0185839420217,1265.8990638567439,1285.247314453125,4026323
2022-09-09,1300.9009456051874,1300.9009456051874,1258.1696055164025,1265.169921875,3415016
2022-09-12,1271.7326418854987,1279.121890379512,1259.093097279603,1261.0863037109375,3077887
2022-09-13,1273.6285238818746,1273.6285238818746,1255.2040044434966,1263.80859375,2460291
2022-09-14,1248.3494540786521,1277.420430809611,1244.5090244851567,1262.05859375,2955136
2022-09-15,1268.8158238995227,1277.8093460229484,1253.308122415002,1261.0863037109375,2555055
2022-09-16,1255.4471567410772,1261.0377249124313,1200.2706795716242,1215.4381103515625,9047956
2022-09-19,1224.9663504244245,1262.4473903280532,1215.4380308638686,1252.919189453125,4476773
2022-09-20,1263.9545967187214,1275.621869919202,1260.6003031478394,1266.82275390625,3780649
2022-09-21,1272.6563220473781,1286.3168011590349,1257.731959618374,1270.420166015625,2887754
2022-09-22,1261.0378050931006,1283.9348767076372,1257.1487139440085,1274.0662841796875,2010645
2022-09-23,1268.8159774998412,1281.552727176696,1226.0359751933331,1237.022705078125,4639618
2022-09-26,1215.3409275467689,1224.0427211137487,1182.5753836143629,1202.1180419921875,3345338
2022-09-27,1208.1461287686247,1218.1605858443697,1187.3394676070452,1201.486083984375,3588217
2022-09-28,1198.909476317944,1226.7651136927143,1177.6653409631863,1207.95166015625,3361451
2022-09-29,1220.2022607187553,1232.7931449387709,1211.1600769698525,1223.4593505859375,3474302
2022-09-30,1222.0980654507068,1247.1340863010332,1198.860843959488,1233.0361328125,3320684
2022-10-03,1234.737567322427,1240.7170676775283,1207.6112561503478,1216.6533203125,3150821
2022-10-04,1229.925022666327,1242.5159072422925,1220.2022952144193,1225.4039306640625,3011962
2022-10-06,1232.8417636047113,1241.592217762789,1219.716082367595,1222.049560546875,3531469
2022-10-07,1225.063591160172,1226.9594754341435,1198.7635673836317,1204.5,3501889
2022-10-10,1199.7844582002967,1211.9865275144289,1184.2280956952686,1208.534912109375,2230590
2022-10-11,1214.6116094963363,1214.6116094963363,1191.5201340306264,1195.4578857421875,1569478
2022-10-12,1201.3888530907773,1224.4316699030765,1195.992691827898,1213.2991943359375,2884899
2022-10-13,1220.2021998671132,1238.821245219741,1206.1042461634693,1213.5906982421875,2137351
2022-10-14,1232.598824213796,1236.730983553499,1193.9509809777492,1196.187255859375,1696759
2022-10-17,1192.9786895007621,1204.4028945550685,1163.3243699980944,1195.8955078125,2158727
2022-10-18,1201.8748860794387,1232.2097459425493,1199.2983397639794,1219.0355224609375,2722206
2022-10-19,1225.014956941066,1229.7305745463564,1209.5072546471347,1213.7852783203125,1449579
2022-10-20,1206.7847734632492,1219.2299109375,1189.6242560289384,1215.3408203125,1831346
2022-10-21,1218.3548675161223,1233.7168232832487,1209.6530745333343,1221.9036865234375,1750934
2022-10-24,1226.0357737728089,1242.5644083121726,1226.0357737728089,1235.7098388671875,318933
2022-10-25,1235.7099185129623,1248.2522598560013,1224.6746473022502,1245.8702392578125,2809493
2022-10-27,1247.7175886990983,1263.8086304833334,1243.5854297727321,1258.2667236328125,3279938
2022-10-28,1264.5864945794322,1279.4136530619949,1254.2317667216967,1275.281494140625,2111224
2022-10-31,1281.6984571537812,1320.8324324243592,1280.094183498731,1311.2069091796875,4306893
2022-11-01,1323.2631069730946,1328.6592677785002,1311.9361066039066,1316.505859375,3405472
2022-11-02,1316.505962227139,1323.2632103531441,1301.484277055465,1314.85302734375,2298917
2022-11-03,1302.845355272228,1317.4294450700515,1291.7128808674734,1298.3729248046875,1931917
2022-11-04,1300.9008976632517,1314.5127157254979,1294.0949886321284,1301.192626953125,2204968
2022-11-07,1307.7067878065195,1318.0128547390948,1299.5396733500065,1313.8321533203125,2599224
2022-11-09,1327.0063520282374,1327.0063520282374,1294.0949453373623,1300.46337890625,2459869
2022-11-10,1301.8731185214203,1301.8731185214203,1254.815097072243,1262.204345703125,2792546
2022-11-11,1268.913140926537,1282.1846876869263,1243.0993706531137,1251.4122314453125,5308986
2022-11-14,1267.8436762727656,1273.3855835184138,1232.8905181013113,1242.71044921875,3794391
2022-11-15,1248.932988452212,1260.3571930814526,1239.8908045480052,1255.8846435546875,3192070
2022-11-16,1253.210806860483,1259.093103971047,1240.619923295024,1251.023193359375,2478281
2022-11-17,1244.7035033387801,1249.370459924035,1219.3758698956708,1224.431640625,2319979
2022-11-18,1215.3894567619784,1221.1257703689746,1183.4988668097178,1193.1243896484375,4525364
2022-11-21,1184.2282452817183,1200.6596789903253,1168.671880811679,1184.4713134765625,4120736
2022-11-22,1186.8047713975257,1201.1943370725332,1182.2350182019497,1194.388427734375,2469455
2022-11-23,1200.3679016522933,1205.9584699100199,1190.0618343403946,1201.4373779296875,2396267
2022-11-24,1207.4654280161126,1222.146721296954,1204.3055419029743,1219.278564453125,2133523
2022-11-25,1223.1191415111273,1232.5501398815913,1211.4518683011643,1225.841552734375,1370326
2022-11-28,1223.9941921588338,1236.7309414825722,1211.4518499113874,1216.021484375,2126619
2022-11-29,1221.174542294582,1229.9249968173935,1213.9311579693976,1222.2440185546875,2435651
2022-11-30,1227.1053089199092,1279.510829392804,1222.7787430272926,1269.399169921875,7536690
2022-12-01,1278.5385834501549,1280.4344677156193,1252.2872209002276,1257.5860595703125,2613761
2022-12-02,1250.7802693004303,1257.9265691759088,1225.0637017654055,1229.5361328125,2892150
2022-12-05,1234.2514768154924,1234.2514768154924,1217.8687062840115,1224.869140625,2764806
2022-12-06,1213.882437803146,1230.3624122117644,1213.882437803146,1228.029052734375,1686075
2022-12-07,1227.00816009118,1233.7168655276957,1217.674365811765,1231.4805908203125,1731982
2022-12-08,1237.6544195559404,1246.4535344928745,1234.3001263952451,1239.015625,1906386
2022-12-09,1245.967408799616,1249.0300914034747,1221.6605923969703,1230.3138427734375,1308941
2022-12-12,1228.8555552509695,1241.8840338676648,1221.6607131475134,1228.9527587890625,1723401
2022-12-13,1232.841872072669,1250.2941208158452,1231.8695993028957,1247.7662353515625,2164600
2022-12-14,1251.3149488195677,1255.2040395695897,1241.0574244921324,1250.7801513671875,1436837
2022-12-15,1250.2455422545008,1257.6347913540885,1246.2105866394302,1251.266357421875,2417555
2022-12-16,1242.5158462153381,1251.3149616013955,1215.3408717962272,1216.896484375,2136354
2022-12-19,1216.2159301516224,1258.9959284586316,1210.528158659294,1254.86376953125,2767603
2022-12-20,1252.2385627505732,1252.2872238592922,1228.0776101578056,1239.8907470703125,1286604
2022-12-21,1244.411811850754,1248.8842423876517,1223.6051530127363,1230.60546875,1251993
2022-12-22,1230.6056230008805,1242.2243540543918,1195.2149883884447,1199.7359619140625,1557590
2022-12-23,1186.172710855137,1195.8954379932939,1174.5054382893488,1190.6451416015625,1913648
2022-12-26,1190.6451335831348,1212.812998783096,1182.5753413241912,1202.75,1677560
2022-12-27,1208.7780422483447,1213.8824739570146,1190.0131315403146,1200.027587890625,1304940
2022-12-28,1195.7494760704146,1220.2021565706893,1191.0339775291588,1217.6256103515625,1959508
2022-12-29,1213.1045702329693,1232.4528202202946,1204.2083701970846,1227.348388671875,1289676
2022-12-30,1230.26521585079,1230.26521585079,1210.4794904863913,1214.56298828125,1372710
2023-01-02,1216.3131866002107,1235.7586412221165,1208.1460719218828,1227.8345947265625,1718385
2023-01-03,1227.9804896609098,1229.9250351710616,1212.1323962789163,1214.660400390625,1510751
2023-01-04,1217.6256897254661,1220.9801017452821,1196.8676913582076,1201.9234619140625,1344532
2023-01-05,1205.6182064800319,1220.2022976874516,1196.86775175558,1217.91748046875,2745160
2023-01-06,1217.9174182448407,1239.5990281874326,1213.542191106147,1229.8277587890625,2214972
2023-01-09,1237.6545534265692,1277.4691938723204,1236.3906700590835,1274.017578125,3634805
2023-01-10,1274.1632609399794,1289.6224192432585,1269.5449660224176,1278.4412841796875,3139930
2023-01-11,1279.0248149345766,1283.4000423516848,1264.4407235442168,1276.2052001953125,2041750
2023-01-12,1279.5109688945909,1290.2059693944695,1273.6773322582933,1283.3028564453125,2448619
2023-01-13,1288.2614137325538,1299.9286869135278,1275.232934943338,1291.3240966796875,2600139
2023-01-16,1296.0395170632607,1298.227130651702,1266.8226747744907,1279.1219482421875,1651972
2023-01-17,1282.3790984642092,1287.143258684978,1267.940871837649,1284.2264404296875,1607137
2023-01-18,1283.740218135017,1288.261309865255,1271.829877723055,1285.4903564453125,1179938
2023-01-19,1281.0663994950783,1291.8586020010298,1275.9134257435426,1282.96240234375,2066881
2023-01-20,1287.337715810119,1288.261327400795,1275.281510593921,1278.2955322265625,1332666
2023-01-23,1284.7124882613168,1308.630372569116,1275.91349167568,1291.6156005859375,1681075
2023-01-24,1298.0813016630036,1298.0813016630036,1284.420940980241,1287.19189453125,1408040
2023-01-25,1288.1640977693498,1295.0672100618328,1269.8367814842045,1275.1356201171875,1359090
2023-01-27,1281.5526114357315,1302.6510000610024,1250.974682750219,1283.5943603515625,1914769
2023-01-30,1283.4972083212363,1304.7900048650283,1268.8159138218048,1294.6783447265625,2402331
2023-01-31,1312.8598850266671,1347.08383687245,1298.2757944073337,1340.52099609375,5265862
2023-02-01,1348.1046856042458,1351.4589787607324,1285.3444387925815,1314.561279296875,3010838
2023-02-02,1310.6722488584921,1339.9861755499373,1293.6088156535225,1314.901611328125,2029111
2023-02-03,1321.5130247435284,1353.354956111342,1313.1029607200787,1349.5145263671875,1803085
2023-02-06,1353.3063268590026,1353.3063268590026,1322.2908055505088,1337.84716796875,1504382
2023-02-07,1344.555942687152,1346.5976916232448,1323.2631467864521,1328.8050537109375,1413825
2023-02-08,1335.465262343957,1341.7363740090927,1322.2909193133087,1334.9791259765625,1241238
2023-02-09,1333.9581808195703,1347.5699989911986,1325.2077262806663,1334.152587890625,1866387
2023-02-10,1340.3267123445937,1348.4937088943273,1313.3461422164505,1327.58984375,3282665
2023-02-13,1336.8748610581808,1345.625314694198,1288.3098908525349,1315.48486328125,4401219
2023-02-14,1320.3462876306594,1338.8194683854329,1312.5681062602284,1325.353515625,2373179
2023-02-15,1326.3742937500458,1344.7989315691036,1322.339457225096,1341.104248046875,2007214
2023-02-16,1341.8335775266257,1358.26501048146,1325.4021445717915,1330.2149658203125,2646301
2023-02-17,1322.2422169304987,1334.4929479549637,1295.358971601207,1304.3038330078125,2150027
2023-02-20,1304.887163708469,1317.3808441354704,1295.6505730812928,1308.922119140625,1497314
2023-02-21,1316.9433676724288,1324.62434571344,1303.8176862670557,1314.3668212890625,2118816
2023-02-22,1309.554087163926,1315.3390620947448,1274.7953390998468,1283.1568603515625,2196484
2023-02-23,1288.504306347582,1289.476578980178,1268.8157855375173,1277.517578125,1847879
2023-02-24,1283.5942742059233,1283.9346645737435,1242.75882388736,1244.703369140625,2824384
2023-02-27,1234.8349171971533,1249.7592785238025,1213.7851907479296,1222.53564453125,2019964
2023-02-28,1228.661027969449,1257.3917352358712,1225.0636662649897,1234.3974609375,3407211
2023-03-01,1240.5712739432126,1269.3506401123416,1233.8626874247461,1236.876708984375,2338935
2023-03-02,1243.0992623248203,1243.0992623248203,1215.3408302868181,1216.847900390625,1563750
2023-03-03,1223.021900082766,1241.5436245184023,1218.500808116839,1233.4251708984375,1493291
2023-03-06,1234.3489264201262,1248.641288477204,1232.8418561721585,1235.223876953125,1570410
2023-03-08,1234.7863128319802,1256.1276508432884,1223.410769865182,1254.18310546875,2370800
2023-03-09,1255.2039729697615,1258.8986564604984,1210.4307706115012,1213.5421142578125,3596577
2023-03-10,1214.368618624147,1221.8550710405307,1191.37434522292,1192.6868896484375,2664696
2023-03-13,1188.7977401016099,1196.8676506959066,1149.6637653327145,1160.3587646484375,3842775
2023-03-14,1159.2407241126562,1159.3379276401993,1124.77358757642,1128.6141357421875,5379592
2023-03-15,1134.6422731179043,1141.8371150393266,1121.2248620026671,1128.1766357421875,2226887
2023-03-16,1127.8362265301907,1142.6633838186265,1108.5366389771218,1134.6907958984375,3604480
2023-03-17,1140.3786615574788,1153.3584782286582,1120.0581386043534,1139.0174560546875,3683701
2023-03-20,1137.5104480894904,1146.455428535615,1113.2522906282222,1135.2742919921875,2082268
2023-03-21,1138.1423892718674,1142.4204128528681,1124.3361645227064,1128.1280517578125,2209422
2023-03-22,1135.128382769137,1147.7679279305921,1127.0099294217905,1131.8226318359375,2211909
2023-03-23,1128.8086181151743,1142.4204360769422,1121.808302066233,1132.6490478515625,2594282
2023-03-24,1128.371138392235,1138.093865469207,1115.2939992623278,1118.8914794921875,1839876
2023-03-27,1109.849279051398,1118.6969368205073,1094.2929159635116,1106.34912109375,2446528
2023-03-28,1111.8910825814255,1117.141379118588,1092.251220692586,1097.015380859375,1903339
2023-03-29,1102.5086592333487,1120.4957054647439,1100.612774807539,1112.57177734375,4003003
2023-03-31,1115.7801839098872,1130.75320799362,1114.078706597773,1126.5723876953125,2343070
2023-04-03,1129.1002709759205,1147.2817219770695,1123.2666351014607,1137.4617919921875,2546562
2023-04-05,1139.503636701324,1140.7676387214074,1120.0095210394745,1123.4124755859375,2028469
2023-04-06,1122.0028300510273,1142.4205591940702,1116.4609224721742,1138.7745361328125,2029418
2023-04-10,1138.7742826058222,1157.976666453391,1138.7742826058222,1155.6431884765625,2586918
2023-04-11,1166.7273107371698,1170.8108088504941,1155.254444707332,1168.380126953125,2443384
2023-04-12,1170.1301869520498,1179.3181164339226,1165.366027015451,1173.8734130859375,2469405
2023-04-13,1179.8041321176197,1188.3115173180224,1166.2896380049037,1171.1510009765625,4470196
2023-04-17,1185.1517513910605,1185.1517513910605,1170.032982229696,1179.318115234375,1956198
2023-04-18,1179.366785889656,1184.1309458599726,1169.2551260657594,1171.296875,2075066
2023-04-19,1171.2483501285376,1184.179506029601,1170.033009234511,1181.7974853515625,1818732
2023-04-20,1184.2281835374165,1190.936889102465,1180.8738900977103,1184.8115234375,2172677
2023-04-21,1188.0686411357767,1188.0686411357767,1175.526417590839,1179.123779296875,1015815
2023-04-24,1176.838997778476,1183.3531779364705,1162.8382459959118,1174.262451171875,1389756
2023-04-25,1174.2623282593208,1181.3113051832538,1166.1438751254343,1176.3040771484375,1360260
2023-04-26,1178.394541132126,1183.4989729315846,1171.8803613575474,1179.901611328125,1708865
2023-04-27,1176.498611083656,1191.034040264055,1176.498611083656,1190.061767578125,1340045
2023-04-28,1191.0341277504747,1194.6801505905273,1177.9084455262857,1192.8814697265625,2333102
2023-05-02,1195.8954039093676,1206.3959963935556,1183.7419953330527,1202.9930419921875,2607580
2023-05-03,1202.9930132419972,1207.5626472832303,1195.9925788579642,1201.1942138671875,1307304
2023-05-04,1200.7567651058673,1203.722244267223,1193.9508563157935,1197.5482177734375,1541188
2023-05-05,1198.6177611754138,1207.902893700124,1174.5540132729934,1177.6165771484375,4753718
2023-05-08,1183.2071638901202,1205.4722314994212,1180.0472777510558,1197.6455078125,3513667
2023-05-09,1204.6458807185452,1215.3408804666517,1199.8331783061503,1210.9169921875,1846359
2023-05-10,1215.3408647092597,1220.9800937957632,1200.7567743327486,1214.0283203125,2108081
2023-05-11,1215.3408564334945,1225.8899913302112,1209.6530849625117,1216.6048583984375,4100467
2023-05-12,1221.56342921914,1243.3423611724372,1216.6048622463345,1240.5712890625,2427624
2023-05-15,1244.411751763353,1252.044068103583,1237.314114153475,1250.0023193359375,2647630
2023-05-16,1251.3148976164161,1255.8845315864526,1223.9453988459559,1227.445556640625,1571371
2023-05-17,1229.924978605561,1236.4391582907203,1225.744158476759,1228.07763671875,1643851
2023-05-18,1234.7375948055353,1234.7375948055353,1206.8334174414613,1210.965576171875,1900447
2023-05-19,1218.160590862385,1227.4457247081043,1203.1389051868885,1225.45263671875,1588996
2023-05-22,1224.3344730050565,1234.2516076825984,1216.6049520374697,1230.4598388671875,917769
2023-05-23,1230.4597688002166,1235.5155393899631,1221.7093144586784,1233.3765869140625,1803955
2023-05-24,1225.0636130172868,1242.5645217746767,1219.7161131191956,1240.3282470703125,1369297
2023-05-25,1244.5090696767536,1245.286935319555,1222.6815947961295,1242.3701171875,2040166
2023-05-26,1254.2317855158335,1256.9541965555475,1233.182057781484,1246.3077392578125,3508112
2023-05-29,1284.8583721015816,1312.5681440311275,1262.0099636684472,1293.2685546875,6185862
2023-05-30,1293.0740096130671,1298.2757634250002,1283.3999438740263,1291.6156005859375,2493657
2023-05-31,1288.261370770944,1291.4212571520802,1267.1144388356472,1282.427734375,5629378
2023-06-01,1282.4277699450845,1300.609223075812,1276.3997263096667,1282.33056640625,2364455
2023-06-02,1288.1155038675163,1307.7068231333703,1283.6917341530566,1304.2066650390625,2313841
2023-06-05,1312.3737391616007,1362.154053973903,1309.0193271320843,1356.7093505859375,5105293
2023-06-06,1356.7094504685554,1375.6687695320948,1349.563269327888,1372.0712890625,2335838
2023-06-07,1383.3495922840973,1383.3495922840973,1356.3203647805283,1367.404296875,2491079
2023-06-08,1373.5295368335028,1376.300608858013,1339.3055867374042,1342.7572021484375,1776230
2023-06-09,1342.465560635943,1348.5422651472409,1325.2077198238567,1332.6456298828125,1881329
2023-06-12,1339.694701483969,1346.40340747413,1331.333179224565,1343.09765625,1389300
2023-06-13,1344.7990210341825,1350.0006562896012,1330.2634728249418,1335.0762939453125,2516583
2023-06-14,1335.9027361759236,1342.708645312191,1328.1245543059035,1340.423828125,905086
2023-06-15,1343.4864738339732,1368.1821056400888,1333.4720174789086,1354.1328125,1720070
2023-06-16,1360.2095498228355,1370.7101427853577,1354.7648462697498,1364.925048828125,2132678
2023-06-19,1370.4183806525677,1376.1061522519558,1357.2926991067645,1363.6611328125,1476764
2023-06-20,1363.7097257164867,1370.8073642152758,1342.4169289057572,1357.730224609375,1042428
2023-06-21,1355.3967988006154,1364.487524767518,1332.6455939860264,1336.145751953125,2008628
2023-06-22,1340.764019315921,1353.403564095549,1336.5346569152482,1340.4722900390625,1296616
2023-06-23,1338.7222809440968,1341.3473697139138,1330.5551666698668,1335.1734619140625,1258590
2023-06-26,1336.8749721058882,1365.9459497818991,1331.964947461355,1358.89697265625,2281046
2023-06-27,1367.6959601894368,1377.7104164778905,1354.9592115512207,1363.5152587890625,2737379
2023-06-28,1369.8834681507508,1374.5504242271506,1351.6048140037017,1356.3203125,2611913
2023-06-30,1363.7584048560009,1420.4904964279567,1361.1818583156328,1413.295654296875,4114865
2023-07-03,1429.2408871986952,1456.5131842552096,1418.837616650482,1427.2476806640625,3615176
2023-07-04,1445.7695237069565,1445.7695237069565,1421.5599094249048,1423.8447265625,1595700
2023-07-05,1423.3585723604708,1437.0190512761512,1416.6985280994636,1434.4425048828125,1456527
2023-07-06,1436.8732564413433,1509.8423736299771,1431.8174856275937,1505.8560791015625,5628945
2023-07-07,1504.0086911232943,1547.8095058552497,1496.6194422040537,1520.7803955078125,6905845
2023-07-10,1523.5513417229854,1535.2186142824467,1503.0849536340102,1508.3839111328125,2276342
2023-07-11,1515.0438215868573,1532.3016607225331,1507.4115051991903,1525.9332275390625,1563376
2023-07-12,1525.4958748960535,1535.8506029465282,1498.904240138338,1527.2945556640625,2658457
2023-07-13,1548.3186810267493,1566.7885203698972,1531.0768863227408,1539.3785400390625,1859405
2023-07-14,1551.3409834654826,1555.5105271768498,1531.486359648516,1535.3084716796875,2174792
2023-07-17,1547.6678835028292,1547.6678835028292,1518.3823141870282,1525.1329345703125,1520990
2023-07-18,1524.8350325502286,1530.9403533038753,1514.9077211403962,1523.54443359375,1059058
2023-07-19,1519.077213402146,1538.2369737784948,1512.9223285178612,1533.2236328125,1081196
2023-07-20,1538.7829745658205,1542.4560313644124,1519.424717052317,1534.1170654296875,1538263
2023-07-21,1537.6908625527253,1541.31435547795,1507.8096792475196,1512.4259033203125,1668783
2023-07-24,1510.9368555914928,1545.6824468830187,1503.9380523009975,1535.606201171875,2129706
2023-07-25,1540.1726707123005,1558.0915161698042,1536.797481800161,1554.3687744140625,1996604
2023-07-26,1558.7368746755158,1562.558865452888,1520.8641562095454,1533.6207275390625,2100855
2023-07-27,1488.104055620341,1489.0967868115486,1427.8948846369926,1436.879150390625,11879512
2023-07-28,1449.3875077780526,1460.3075506448736,1439.4601960809428,1457.130859375,4714146
2023-07-31,1466.065395480748,1468.2493555147366,1447.0048848900262,1464.4769287109375,2460789
2023-08-01,1464.476901036766,1493.067605791071,1459.5132454324075,1482.4949951171875,4184243
2023-08-02,1482.4950753551173,1486.1185683790152,1454.5993535854054,1474.503662109375,3188395
2023-08-03,1474.2057112603225,1490.6354597479042,1437.0775431845739,1458.470947265625,2222395
2023-08-04,1470.2347917178715,1491.5288258120916,1405.459086005791,1454.003662109375,8066091
2023-08-07,1478.176733410002,1519.8714431502437,1469.9867011395972,1515.80126953125,9257291
2023-08-08,1518.878629856135,1522.8495543786346,1474.2057289780132,1488.798828125,3426948
2023-08-09,1494.060364813462,1526.3738118744884,1481.4030427859727,1523.5941162109375,3713003
2023-08-10,1523.345954242828,1544.7393590626777,1520.6656286029915,1534.166748046875,3600607
2023-08-11,1537.2938166629745,1548.2634227743295,1521.9064843799088,1535.208984375,2402812
2023-08-14,1533.7199876937339,1539.4778770095318,1512.9223179510086,1535.606201171875,1875450
2023-08-16,1547.7174999619854,1561.566050602521,1527.4160758632345,1559.1834716796875,2361632
2023-08-17,1561.5661344137272,1567.572206480828,1548.8095630831215,1562.0625,2377711
2023-08-18,1557.3469606328456,1571.046698703963,1533.37247959989,1541.364013671875,2202570
2023-08-21,1534.7623758291347,1541.364062290356,1520.615956776376,1527.3665771484375,1487526
2023-08-22,1526.8204751554438,1543.696904334665,1523.594098988828,1539.2296142578125,975607
2023-08-23,1534.8120883719023,1543.5480500407468,1524.9343404271506,1531.2381591796875,1405076
2023-08-24,1538.7830270095017,1543.6473128861203,1516.9429408653136,1530.989990234375,2111147
2023-08-25,1519.772207841974,1536.0033386135037,1497.2371370474864,1509.0010986328125,1455320
2023-08-28,1516.8932321082782,1541.7115114294213,1513.0215562975789,1537.98876953125,2132512
2023-08-29,1543.597692649408,1552.9789535636282,1528.8059742463977,1549.50439453125,1325882
2023-08-30,1557.5951607971087,1577.4497836243504,1548.4620827697777,1571.69189453125,3140040
2023-08-31,1577.400165293189,1578.4425815088973,1555.758698206204,1563.94873046875,3512885
2023-09-01,1565.537013771835,1592.8371202263218,1563.5515514842361,1580.3782958984375,2147299
2023-09-04,1594.22697512173,1594.22697512173,1552.8300135322293,1564.94140625,2200142
2023-09-05,1566.1326818815055,1572.5854345372913,1553.8724760721136,1559.7296142578125,1078759
2023-09-06,1565.5369873046875,1569.408662936651,1547.3699592070898,1565.5369873046875,1301466
2023-09-07,1560.7718417607384,1566.4304819392657,1548.9087531723078,1554.3687744140625,1514369
2023-09-08,1553.7234976929133,1566.529753756803,1548.660593067562,1556.15576171875,1223910
2023-09-11,1556.2550585086462,1577.4498449642967,1552.631565465173,1570.5999755859375,1921950
2023-09-12,1570.6992193164535,1577.896520347597,1502.0519553934007,1546.62548828125,3770868
2023-09-13,1552.631501964864,1557.198040969337,1518.9778921038335,1525.778076171875,2382637
2023-09-14,1533.7695897127933,1563.948640180635,1527.1679034881095,1554.616943359375,2220196
2023-09-15,1568.1677576734896,1598.9919866274859,1560.4244063668725,1589.4617919921875,5425897
2023-09-18,1597.0562934203174,1657.861078484494,1590.4546068053198,1629.5185546875,6887528
2023-09-20,1608.323693599292,1652.8973459642987,1608.323693599292,1622.1226806640625,6116670
2023-09-21,1625.895109299798,1644.161265326416,1563.6507941221582,1571.7415771484375,2898266
2023-09-22,1568.515220488763,1606.1893192418586,1554.71623323647,1595.4678955078125,3827771
2023-09-25,1601.2256664958172,1608.224469605263,1570.8481174176516,1577.896484375,3231962
2023-09-26,1577.8965320198204,1594.9218960629303,1570.500733171828,1583.604736328125,1479841
2023-09-27,1583.257270736041,1587.9727437592846,1571.7416134842995,1577.6483154296875,1991198
2023-09-28,1584.3492564740486,1585.2924237918899,1532.7769208550108,1544.7393798828125,2369699
2023-09-29,1562.558832824815,1565.040660704143,1538.8325340618405,1542.952392578125,1254881
2023-10-03,1585.5901019915198,1586.3843353635243,1521.906497364971,1526.224853515625,3436776
2023-10-04,1520.6655752983131,1526.7212108825995,1490.833956723864,1511.0360107421875,2580901
2023-10-05,1521.8569031420716,1539.527566668065,1502.0519645195893,1526.7708740234375,1991367
2023-10-06,1533.7696839711987,1542.704264654526,1529.1534597148782,1537.5916748046875,1743027
2023-10-09,1528.8059376832323,1530.0468515936896,1502.9949283457233,1504.1861572265625,2123175
2023-10-10,1510.3908151648461,1532.628017978129,1508.1571699953136,1526.671630859375,1956653
2023-10-11,1528.8059824883267,1547.8168083902854,1528.8059824883267,1544.987548828125,1536986
2023-10-12,1547.6679113295725,1558.637639353892,1544.292601077243,1555.2623291015625,1731806
2023-10-13,1549.156996122532,1562.9559836696765,1539.0311866268457,1551.0927734375,1465554
2023-10-16,1551.4898313993958,1565.7851839919854,1547.171475195124,1563.1048583984375,1089610
2023-10-17,1563.5515469892123,1572.3868783802277,1557.1980434505608,1565.139892578125,997962
2023-10-18,1565.139867359287,1567.9691268287943,1550.397834390382,1563.402587890625,1212994
2023-10-19,1542.0589179044607,1567.4232474293913,1542.0589179044607,1558.1412353515625,1239578
2023-10-20,1554.61700638236,1563.5515868788104,1533.8689007706691,1546.92333984375,1435102
2023-10-23,1536.9960125830341,1563.4523221323022,1535.2587330596882,1553.773193359375,4069167
2023-10-25,1562.5588649880228,1565.1399417990515,1535.7551233395625,1557.6944580078125,2510769
2023-10-26,1542.704189530029,1546.8736118393424,1489.0967080405685,1495.15234375,3343802
2023-10-27,1497.3859733302354,1522.799865981434,1496.3436783551838,1499.8182373046875,3341111
2023-10-30,1491.1813908319523,1504.4343270448335,1452.5641260346931,1486.9127197265625,2637486
2023-10-31,1483.3388865758664,1486.4164501924972,1444.9699232628368,1447.9976806640625,2555737
2023-11-01,1454.2519129067284,1474.2057851560785,1439.4601942601441,1444.0267333984375,2627536
2023-11-02,1454.3511796974396,1466.7603194559504,1441.9420399389292,1459.0169677734375,2091122
2023-11-03,1469.2420638508338,1477.2831617204447,1449.8341218990643,1458.322021484375,2456723
2023-11-06,1471.02905908117,1481.353366042397,1462.8390271352152,1477.4818115234375,1271868
2023-11-07,1477.4321111288198,1486.1185085569248,1464.2784235948322,1468.993896484375,1940908
2023-11-08,1474.2554848737414,1478.573841262939,1463.2857568798322,1476.58837890625,1342202
2023-11-09,1476.588339417017,1547.3699978302252,1476.588339417017,1540.7684326171875,4831782
2023-11-10,1538.733244766078,1539.7259758917337,1504.2855231790304,1513.021484375,4872228
2023-11-13,1515.1559627058057,1532.082077789415,1502.0519596096603,1529.05419921875,1968032
2023-11-15,1537.740502939324,1539.527467426268,1522.40285562788,1532.92578125,2782942
2023-11-16,1532.9754059596896,1572.4364694966066,1527.3168868313705,1558.091552734375,3224223
2023-11-17,1563.5515953997315,1584.3989500050614,1561.2187013828789,1573.0322265625,2035309
2023-11-20,1578.2440243636445,1578.2440243636445,1529.4015792712737,1540.917236328125,2918577
2023-11-21,1541.711540044854,1559.9778182008536,1537.8895491950595,1548.4124755859375,2213144
2023-11-22,1548.6605838590528,1553.2768079129253,1523.842305271568,1532.2308349609375,1269475
2023-11-23,1545.285263039067,1549.6036192468005,1523.941543601558,1534.6134033203125,1552635
2023-11-24,1537.7406116593656,1548.1642891431768,1536.2515148759642,1541.9100341796875,1239270
2023-11-28,1541.9099340805017,1560.5733276940625,1530.9403278647158,1554.6666259765625,2596766
2023-11-29,1564.5442455694945,1611.599724907613,1555.8578482669989,1607.3309326171875,3581220
2023-11-30,1603.3104458856865,1647.9336613137234,1601.970161925569,1635.772705078125,5214960
2023-12-01,1643.9627476401492,1653.8900589181694,1609.4156559194391,1613.6844482421875,2489755
2023-12-04,1650.7630277386008,1662.824735880244,1627.5330937589563,1644.806640625,3001010
2023-12-05,1648.8272204921798,1695.5848342492195,1628.6747293168357,1673.79443359375,3423953
2023-12-06,1675.829408956041,1698.0169256422867,1671.9081694361657,1690.0255126953125,2279220
2023-12-07,1690.6211788978212,1693.599372401458,1669.4263927002069,1680.346435546875,2461051
2023-12-08,1686.6502463061395,1695.7337606861784,1650.4652438800715,1656.421630859375,1942667
2023-12-11,1661.831894501457,1662.2785750321561,1635.1274031429402,1640.1903076171875,2037178
2023-12-12,1650.9119291893671,1657.86104735192,1614.6772416274837,1623.5125732421875,2051527
2023-12-13,1627.0863870081994,1658.357418851249,1617.705125928486,1654.0390625,2247441
2023-12-14,1663.8174440696496,1697.421370001162,1658.903473242049,1691.167236328125,3326228
2023-12-15,1715.340128540747,1726.9550341854701,1685.657443780567,1712.4114990234375,3858594
2023-12-18,1707.4975800710017,1719.2614199761695,1686.4020431079152,1698.364501953125,1739425
2023-12-19,1707.4976034537563,1711.3195942016305,1679.006267497235,1686.9976806640625,1660221
2023-12-20,1697.570262975757,1699.5060402410375,1628.6746970721874,1634.978515625,3047660
2023-12-21,1623.1154199346572,1641.1335144292477,1608.62156947337,1621.9737548828125,3211338
2023-12-22,1618.151742305817,1639.9918271712943,1610.9544416115118,1622.370849609375,2751274
2023-12-26,1628.972572527168,1656.8682936784433,1622.6190689139698,1650.1673583984375,1203594
2023-12-27,1657.8610658355997,1679.5026539706078,1648.1819368584158,1675.6805419921875,1793638
2023-12-28,1676.6732610628303,1727.3025507317593,1676.1273316291445,1721.842529296875,2963938
2023-12-29,1717.4248380683753,1745.2213094359558,1702.5338712643143,1716.8292236328125,2273255
2024-01-01,1716.8293269444505,1717.4249414158548,1686.6502748355708,1690.9190673828125,1307485
2024-01-02,1691.216734848838,1692.6065826723832,1637.4603197314702,1644.1612548828125,2857334
2024-01-03,1659.8465087411266,1666.0013934941185,1636.0706458002433,1643.21826171875,1927812
2024-01-04,1654.7836219849812,1662.278669656125,1626.2921645158174,1629.7667236328125,2835768
2024-01-05,1635.9712771620698,1649.422832939715,1624.6045537802247,1630.0645751953125,1709313
2024-01-08,1636.1698624918336,1641.381701008255,1594.4254693299624,1604.4024658203125,1492195
2024-01-09,1613.1880834691603,1624.9023592561668,1603.2607721862732,1618.052490234375,2542484
2024-01-10,1633.042790472834,1635.474933389698,1609.5646738382497,1620.9315185546875,1954233
2024-01-11,1631.9507958620236,1639.2473457305673,1614.0319497564606,1616.8116455078125,2228002
2024-01-12,1618.1517962735884,1621.973787015916,1589.8589581178846,1612.64208984375,3061539
2024-01-15,1623.1154484116269,1628.9725864987647,1604.3528052300844,1623.6614990234375,1405514
2024-01-16,1626.0936284998832,1628.0790908057438,1605.7923248956588,1608.5718994140625,2236688
2024-01-17,1600.2826521096076,1603.2608456309035,1579.4352974605372,1586.0865478515625,2548169
2024-01-18,1588.3698939171434,1611.500578970514,1569.160569749184,1605.4945068359375,2328588
2024-01-19,1613.138442970633,1646.9409872951908,1610.458117323462,1643.51611328125,2836976
2024-01-23,1607.2317869817884,1635.6238746091028,1576.705303072159,1583.604736328125,2772880
2024-01-24,1583.4062468720465,1620.435168704702,1563.551623086817,1616.265625,2543323
2024-01-25,1619.7401406355714,1630.8091173349844,1592.241535905194,1623.61181640625,2038472
2024-01-29,1623.6118113447978,1633.0427573599466,1613.18813417016,1628.0791015625,3075670
2024-01-30,1637.9567173041999,1647.4373482878855,1602.714761375173,1608.5718994140625,2569098
2024-01-31,1603.3104793332366,1646.246101224012,1597.3540924813371,1639.545166015625,3154787
2024-02-01,1647.1891694102883,1690.224040755388,1633.5888010560545,1639.1480712890625,4065784
2024-02-02,1642.9700186639132,1674.7870998248338,1638.0063630184027,1648.67822265625,3304158
2024-02-05,1664.5123074167634,1700.3995635167996,1652.9966500595647,1691.167236328125,3525423
2024-02-06,1698.5133576611836,1717.4249350433893,1693.5993868115736,1715.092041015625,2219874
2024-02-07,1718.8643487767902,1739.2650229472329,1703.2288327314598,1708.4903564453125,1213661
2024-02-08,1716.4321971070226,1731.22391581262,1663.3707644145966,1673.6455078125,2550690
2024-02-09,1673.7447471545288,1677.4674890298725,1616.1663394825462,1634.4326171875,2033950
2024-02-12,1641.9773037211212,1662.8743426679184,1628.6251183762747,1648.38037109375,1197925
2024-02-13,1657.86102864781,1667.1927257402724,1611.649344914995,1634.780029296875,2075130
2024-02-14,1619.1445533311812,1667.4409494375323,1612.0961861952187,1645.0052490234375,4368695
2024-02-15,1668.8307958612136,1771.925904497665,1655.9748543916028,1752.22021484375,9887134
2024-02-16,1775.0033476479678,1851.0962167375983,1763.9343707680362,1822.207763671875,7188957
2024-02-19,1822.704141432462,1842.9557606682793,1806.7707574335407,1835.11328125,2682236
2024-02-20,1824.044266036507,1846.479966119422,1807.2670851184987,1840.1761474609375,1830562
2024-02-21,1836.4534393269244,1875.9640676931763,1833.2766268321113,1846.132568359375,4466234
2024-02-22,1857.3503564512216,1903.065675854577,1839.530880207893,1896.4639892578125,3360123
2024-02-23,1912.3475789044203,1933.6912980974705,1887.2811179916523,1915.92138671875,3323441
2024-02-26,1920.934736410237,1936.8184344890815,1911.2059228637452,1915.7725830078125,2436063
2024-02-27,1912.0002242899648,1942.7252053815478,1901.1298665035738,1936.42138671875,2821465
2024-02-28,1937.7615760944582,1938.9529262188883,1883.2607313216765,1887.8272705078125,2010429
2024-02-29,1889.0185048730052,1936.7192866271894,1878.793446411235,1918.353759765625,5539065
2024-03-01,1919.5449399475685,1967.8910199783097,1916.4674975990579,1958.60888671875,3384932
2024-03-04,1952.7021284924006,1960.5942924856547,1905.1007193849134,1907.086181640625,1645331
2024-03-05,1911.0075114236538,1953.6949519385716,1909.0717341060629,1925.1539306640625,2208384
2024-03-06,1930.8621051174262,1965.5084468186017,1908.0292884502278,1956.32568359375,1673183
2024-03-07,1916.1200919830333,1918.1055543230032,1870.6033920758246,1883.757080078125,18323831
2024-03-11,1899.094660088288,1899.7895234091611,1859.6832825262004,1880.5802001953125,3250782
2024-03-12,1878.2473842789364,1884.551203007542,1863.0089849697224,1881.37451171875,3186510
2024-03-13,1882.218284667423,1887.5790571831399,1830.8444469925607,1840.2257080078125,4270994
2024-03-14,1840.2257424188178,1881.8212031545158,1831.1919129050186,1876.8079833984375,2388133
2024-03-15,1861.3708784395405,1868.4192452626314,1775.79750306128,1786.419677734375,5504948
2024-03-18,1794.8082501341694,1853.8261902364366,1787.958502084642,1842.5587158203125,3404076
2024-03-19,1842.5586556647886,1851.4435507730468,1813.5212702170077,1830.4969482421875,2189225
2024-03-20,1838.4884558842064,1845.5369441915745,1807.316793853952,1830.993408203125,1550415
2024-03-21,1846.4302156156878,1861.3708675860446,1831.5889337046679,1852.287353515625,2072960
2024-03-22,1852.28736959998,1891.5994984281647,1833.8225946697871,1865.143310546875,3786990
2024-03-26,1864.54766451345,1903.562048584765,1847.5719854745364,1850.4012451171875,4092744
2024-03-27,1856.3079710355792,1886.089905044868,1841.8141207209917,1867.4761962890625,4196597
2024-03-28,1867.4762881410124,1948.6816261572972,1856.7547428971286,1907.384033203125,3790854
2024-04-01,1923.912963632418,1949.5750395557238,1878.048833096425,1902.023193359375,2765845
2024-04-02,1902.0232646016398,1963.1259174850597,1887.6286624253903,1957.6162109375,3431715
2024-04-03,1952.7021351903059,1988.7383237282786,1941.9805904994878,1974.840087890625,3615370
2024-04-04,1984.4695214309686,2000.3532194514266,1948.9296986369943,1988.142578125,3007920
2024-04-05,1980.846052769981,2012.7126980760233,1977.768610477541,1998.6656494140625,2767027
2024-04-08,2003.331391894029,2071.829838891397,2002.2394119031342,2062.99462890625,2781568
2024-04-09,2079.7717105817783,2083.3950822480874,2055.052802471621,2075.701416015625,2853137
2024-04-10,2083.196666881659,2093.273033636464,2054.953513681318,2061.1083984375,2280814
2024-04-12,2068.8516740894993,2072.3262330431044,2036.7367251004916,2055.896484375,4008660
2024-04-15,2040.310646140124,2068.75229594566,2020.2078408442537,2038.523681640625,2024919
2024-04-16,2032.1703053148278,2058.676177975783,2013.0105460592617,2016.5347900390625,1981730
2024-04-18,2016.5348969786933,2071.8299753020033,2001.8424270227551,2010.23095703125,3539862
2024-04-19,2019.2150674003506,2071.82981596093,1983.675245371138,2067.759521484375,3253248
2024-04-22,2109.1071019614483,2117.495632058755,2049.9899110179695,2075.453369140625,2449171
2024-04-23,2080.7645462282253,2098.633707407666,2041.8992176093452,2047.607421875,2886136
2024-04-24,2040.0625526972888,2075.65206205936,2038.027405327236,2043.4874267578125,1929834
2024-04-25,2045.0261587961295,2098.5839555981966,2027.0577493073852,2081.6083984375,3084498
2024-04-26,2084.2887938728813,2087.7136679648142,2023.9803747911587,2030.0360107421875,2952484
2024-04-29,2030.6315305884084,2053.3155339019286,1986.4549952126156,2047.061279296875,2724604
2024-04-30,2057.9814677517465,2153.2339781554524,2057.9814677517465,2140.676025390625,5745143
2024-05-02,2149.3622919228337,2187.9794363900323,2149.3622919228337,2169.266357421875,3347541
2024-05-03,2193.9357550569284,2193.9357550569284,2156.5595256784873,2177.059326171875,3859227
2024-05-06,2184.4551866998613,2223.717751726991,2174.0811947687994,2208.777099609375,2111447
2024-05-07,2219.7468486196667,2220.6402097071464,2149.114124332039,2175.5703125,1727823
2024-05-08,2175.768825173057,2179.0448864596137,2144.2992960149277,2166.536376953125,1993202
2024-05-09,2169.6635449513087,2240.345952129658,2169.117494362824,2196.46728515625,3998822
2024-05-10,2195.7725252430027,2215.428408426071,2167.132134173419,2177.109130859375,3045912
2024-05-13,2191.9504120407464,2192.0000970721912,2144.299316126817,2168.373046875,2575573
2024-05-14,2159.19029933821,2263.7746252663514,2159.19029933821,2253.400390625,3830189
2024-05-15,2264.717587563747,2300.306853346706,2239.601441366008,2285.56494140625,2569084
2024-05-16,2302.5901242477366,2376.498906902208,2269.5818148455205,2354.510009765625,7444517
2024-05-17,2407.7205246691838,2539.35652608037,2407.7205246691838,2496.32177734375,9796445
2024-05-21,2484.8061615399697,2518.509336871914,2449.067838801081,2504.313232421875,3747292
2024-05-22,2503.3700318010847,2516.573404249241,2471.9005035820946,2502.724853515625,2974921
2024-05-23,2501.682558607272,2598.3744780133875,2482.0761179197743,2590.234130859375,4715263
2024-05-24,2570.9752879624034,2586.0647535984895,2553.701619812425,2560.998291015625,2919241
2024-05-27,2562.38788405352,2570.9254688005512,2522.5298257446475,2530.571044921875,3328559
2024-05-28,2531.4644449181637,2563.182156843055,2529.478982608424,2534.244140625,1549203
2024-05-29,2492.003342582216,2528.4862119537515,2482.423584033778,2515.233154296875,2720451
2024-05-30,2499.697158510565,2513.0493446608593,2459.9879105596424,2475.375244140625,3367101
2024-05-31,2499.4488790474984,2550.5248487758636,2477.0130578765015,2488.032470703125,8769724
2024-06-03,2556.332308945664,2635.0559349243354,2551.7159638362755,2614.853759765625,2701157
2024-06-04,2615.102153887073,2619.817627069559,2430.404466339868,2554.197998046875,6372249
2024-06-05,2554.197850791944,2733.683689210767,2553.105991958557,2721.0263671875,4242881
2024-06-06,2725.047057101152,2741.8241168997433,2651.485580580543,2680.225341796875,4992660
2024-06-07,2648.954365082014,2846.7560544878343,2648.954365082014,2836.6796875,6447821
2024-06-10,2840.203764437845,2865.022042701021,2779.647165475696,2787.142333984375,2021106
2024-06-11,2800.494677604456,2834.247537951337,2792.9498236393365,2814.93896484375,2298974
2024-06-12,2814.938938307982,2827.8941286451413,2761.827820321644,2767.287841796875,2580846
2024-06-13,2829.2837756663534,2858.172349059032,2768.379622706924,2840.898681640625,2492637
2024-06-14,2854.1020141976032,2924.585924809092,2844.174702843872,2907.3125,3515019
2024-06-18,2943.4479249076526,2991.595386748469,2935.158522675253,2940.370361328125,4887512
2024-06-19,2953.375204397086,2955.3606667193694,2905.1780580504465,2912.5244140625,3512298
2024-06-20,2923.6428812000504,2933.2723247481917,2836.530723996682,2850.32958984375,4024418
2024-06-21,2863.7812903962067,2899.6684258435357,2804.515287032455,2819.306884765625,8400461
2024-06-24,2815.8818419010713,2902.6961304891265,2792.6023454447522,2894.60546875,2699784
2024-06-25,2899.9662293396063,2925.5787418575737,2870.0354816755557,2888.251953125,1910886
2024-06-26,2885.919214535403,2891.776231529168,2823.9232010486858,2830.77294921875,3282318
2024-06-27,2821.3420033348716,2883.884067448206,2772.7478607231888,2867.95068359375,6900180
2024-06-28,2834.2475228240173,2874.9495012603693,2834.2475228240173,2845.812744140625,2548169
2024-07-01,2820.349266546695,2873.013703823242,2817.6192558170214,2854.946044921875,1718501
2024-07-02,2869.191449486778,2869.9856828601114,2829.2837067282317,2844.323486328125,1507890
2024-07-03,2850.131084672546,2873.9566318798397,2844.274067930486,2857.030517578125,1019710
2024-07-04,2868.9929443293277,2900.7603402526975,2864.0789737456307,2881.699951171875,1502213
2024-07-05,2886.0,2886.0,2840.0,2880.60009765625,1966103
2024-07-08,2880.60009765625,2918.60009765625,2847.5,2851.35009765625,1631998
2024-07-09,2855.35009765625,2940.0,2837.25,2925.5,2902129
2024-07-10,2930.0,2930.0,2697.89990234375,2732.0,14481615
2024-07-11,2757.949951171875,2757.949951171875,2691.0,2698.050048828125,4314565
2024-07-12,2689.64990234375,2722.300048828125,2687.14990234375,2703.949951171875,3398732
2024-07-15,2722.85009765625,2739.0,2708.10009765625,2731.050048828125,2017720
2024-07-16,2754.949951171875,2766.85009765625,2740.0,2756.75,1925983
2024-07-18,2756.0,2825.949951171875,2736.5,2819.449951171875,4122844
2024-07-19,2819.949951171875,2819.949951171875,2743.0,2749.300048828125,2042568
2024-07-22,2751.050048828125,2819.0,2725.0,2804.75,2208103
2024-07-23,2824.0,2854.5,2743.39990234375,2821.35009765625,2572524
2024-07-24,2823.0,2830.39990234375,2763.64990234375,2805.5,2276082
2024-07-25,2799.800048828125,2827.0,2781.800048828125,2811.39990234375,1857122
2024-07-26,2821.60009765625,2897.39990234375,2790.0,2887.800048828125,2352661
2024-07-29,2900.0,2945.0,2875.5,2933.0,2388937
2024-07-30,2945.0,2950.0,2904.60009765625,2922.10009765625,2290006
2024-07-31,2937.0,2979.60009765625,2872.949951171875,2907.800048828125,4238740
2024-08-01,2926.5,2926.5,2820.10009765625,2828.39990234375,4971708
2024-08-02,2810.300048828125,2810.300048828125,2733.85009765625,2749.64990234375,3041513
2024-08-05,2679.64990234375,2729.199951171875,2635.800048828125,2678.949951171875,3731770
2024-08-06,2688.300048828125,2748.75,2625.699951171875,2632.949951171875,3069277
2024-08-07,2697.5,2704.75,2661.0,2680.85009765625,2479171
2024-08-08,2660.5,2716.5,2656.5,2682.949951171875,2673182
2024-08-09,2734.0,2765.0,2705.0,2749.14990234375,2279076
2024-08-12,2749.14990234375,2757.0,2708.699951171875,2717.64990234375,2321474
2024-08-13,2718.10009765625,2738.64990234375,2704.10009765625,2718.050048828125,1292521
2024-08-14,2728.800048828125,2771.949951171875,2715.300048828125,2745.25,2609359
2024-08-16,2789.0,2845.050048828125,2776.14990234375,2840.449951171875,4376092
2024-08-19,2859.89990234375,2859.89990234375,2760.0,2765.14990234375,2500718
2024-08-20,2779.75,2783.199951171875,2748.5,2771.300048828125,1762399
2024-08-21,2774.0,2780.949951171875,2755.0,2769.39990234375,1497501
2024-08-22,2771.10009765625,2775.75,2724.050048828125,2732.949951171875,2346622
2024-08-23,2732.949951171875,2769.0,2725.300048828125,2759.0,1943539
2024-08-26,2764.949951171875,2799.0,2753.10009765625,2793.10009765625,2765969
2024-08-27,2797.949951171875,2800.0,2773.949951171875,2780.800048828125,1604159
2024-08-28,2781.89990234375,2827.0,2780.800048828125,2798.0,1851275
2024-08-29,2789.35009765625,2801.64990234375,2741.64990234375,2757.60009765625,2237121
2024-08-30,2780.0,2821.550048828125,2765.0,2805.39990234375,4895220
2024-09-02,2848.800048828125,2848.800048828125,2756.5,2777.0,2270687
2024-09-03,2780.0,2798.10009765625,2772.60009765625,2784.85009765625,1592710
2024-09-04,2761.0,2779.89990234375,2731.10009765625,2749.60009765625,1697000
2024-09-05,2756.199951171875,2760.0,2711.89990234375,2723.10009765625,2360312
2024-09-06,2723.0,2738.89990234375,2680.10009765625,2698.10009765625,2835519
2024-09-09,2688.14990234375,2714.300048828125,2660.050048828125,2708.85009765625,1269082
2024-09-10,2691.25,2715.0,2677.0,2690.0,2034126
2024-09-11,2681.5,2708.0,2644.10009765625,2654.25,2034245
2024-09-12,2665.0,2751.60009765625,2635.60009765625,2740.89990234375,3730285
2024-09-13,2755.0,2758.550048828125,2711.75,2739.10009765625,2102332
2024-09-16,2740.199951171875,2784.300048828125,2732.050048828125,2757.39990234375,1234752
2024-09-17,2765.0,2793.5,2745.300048828125,2787.64990234375,1387175
2024-09-18,2781.5,2848.0,2777.64990234375,2808.199951171875,2526756
2024-09-19,2812.0,2852.0,2792.199951171875,2797.5,2807727
2024-09-20,2798.699951171875,2960.0,2798.5,2950.85009765625,12492909
2024-09-23,2962.75,3056.89990234375,2956.14990234375,3049.800048828125,3925490
2024-09-24,3020.0,3098.550048828125,3020.0,3074.300048828125,3697722
2024-09-25,3045.0,3149.0,3034.550048828125,3091.050048828125,4218815
2024-09-26,3072.0,3197.199951171875,3045.64990234375,3181.10009765625,4753617
2024-09-27,3171.0,3222.10009765625,3152.550048828125,3183.64990234375,6803795
2024-09-30,3163.14990234375,3179.0,3087.0,3094.89990234375,3554400
2024-10-01,3105.5,3185.449951171875,3095.800048828125,3165.5,4028211
2024-10-03,3085.0,3171.0,3072.449951171875,3129.85009765625,3237011
2024-10-04,3127.050048828125,3157.60009765625,3009.5,3017.449951171875,4281562
2024-10-07,3028.0,3066.949951171875,2982.89990234375,3060.199951171875,2732276
2024-10-08,3074.0,3176.89990234375,3066.0,3165.85009765625,6060165
2024-10-09,3164.800048828125,3204.300048828125,3145.0,3153.0,2432656
2024-10-10,3156.0,3220.300048828125,3155.0,3194.300048828125,2507231
2024-10-11,3200.0,3210.5,3121.0,3134.35009765625,1652856
2024-10-14,3151.0,3174.0,3115.0,3154.89990234375,2425178
2024-10-15,3177.0,3192.949951171875,3086.550048828125,3155.800048828125,2245701
2024-10-16,3138.0,3147.89990234375,3052.14990234375,3068.0,1972106
2024-10-17,3055.0,3065.300048828125,2952.199951171875,2964.60009765625,3622197
2024-10-18,2945.35009765625,2988.85009765625,2914.699951171875,2964.25,3407751
2024-10-21,2959.75,3001.39990234375,2892.89990234375,2998.199951171875,5059952
2024-10-22,3005.0,3008.949951171875,2878.199951171875,2887.199951171875,4195638
2024-10-23,2876.14990234375,2924.89990234375,2781.25,2793.5,7913897
2024-10-24,2763.0,2842.199951171875,2763.0,2826.35009765625,3992102
2024-10-25,2825.0,2825.050048828125,2679.300048828125,2720.85009765625,4532596
2024-10-28,2730.0,2834.89990234375,2713.89990234375,2781.0,2813985
2024-10-29,2762.0,2797.949951171875,2702.550048828125,2746.89990234375,3156567
2024-10-30,2689.25,2755.85009765625,2669.050048828125,2707.699951171875,5677865
2024-10-31,2707.699951171875,2752.0,2671.60009765625,2728.550048828125,3833325
2024-11-01,2780.0,2840.89990234375,2780.0,2817.64990234375,1061709
2024-11-04,2804.5,2971.75,2804.5,2883.949951171875,7559263
2024-11-05,2875.5,2908.0,2822.10009765625,2899.449951171875,3562624
2024-11-06,2910.0,2953.800048828125,2885.39990234375,2934.550048828125,2902347
2024-11-07,2971.75,2972.550048828125,2857.949951171875,2891.35009765625,4251557
2024-11-08,2910.0,2990.949951171875,2851.25,2974.89990234375,4455563
2024-11-11,2962.35009765625,3009.60009765625,2889.050048828125,2930.60009765625,2628672
2024-11-12,2931.199951171875,2945.89990234375,2880.0,2898.550048828125,2414528
2024-11-13,2876.0,2895.0,2782.89990234375,2798.949951171875,3949602
2024-11-14,2815.0,2842.39990234375,2736.25,2807.199951171875,2478112
2024-11-18,2844.0,2874.699951171875,2800.050048828125,2846.89990234375,2405351
2024-11-19,2845.0,2998.0,2845.0,2948.949951171875,5230405
2024-11-21,2962.5,2974.0,2918.0,2936.25,3821808
2024-11-22,2944.0,3063.5,2896.699951171875,3012.949951171875,4827125
2024-11-25,3075.0,3149.64990234375,3022.39990234375,3045.60009765625,6299837
2024-11-26,3053.5,3068.10009765625,2952.5,2985.199951171875,2144702
2024-11-27,3025.949951171875,3070.0,2986.050048828125,3004.800048828125,3593911
2024-11-28,2995.0,2999.949951171875,2892.0,2898.699951171875,4457143
2024-11-29,2903.0,2991.64990234375,2903.0,2966.10009765625,3542836
2024-12-02,2984.0,3026.25,2961.89990234375,3016.39990234375,2318823
2024-12-03,3041.699951171875,3041.699951171875,2987.64990234375,3027.300048828125,2308865
2024-12-04,3003.0,3051.85009765625,3003.0,3031.75,3364025
2024-12-05,3049.949951171875,3099.0,3016.050048828125,3071.60009765625,3797063
2024-12-06,3075.5,3099.0,3065.949951171875,3073.0,2688767
2024-12-09,3063.39990234375,3073.0,3040.0,3051.25,1879542
2024-12-10,3047.949951171875,3081.25,3005.300048828125,3066.89990234375,2061909
2024-12-11,3052.0,3115.0,3047.800048828125,3072.050048828125,2409385
2024-12-12,3084.800048828125,3086.0,3045.0,3067.449951171875,1958999
2024-12-13,3051.0,3093.10009765625,3000.0,3081.39990234375,2467964
2024-12-16,3089.39990234375,3092.14990234375,3040.0,3084.85009765625,2300493
2024-12-17,3055.10009765625,3093.75,3028.0,3041.5,2564201
2024-12-18,3026.10009765625,3062.0,3024.550048828125,3051.199951171875,2014105
2024-12-19,3006.0,3045.0,2970.5,3014.64990234375,2372390
2024-12-20,3014.64990234375,3025.0,2886.35009765625,2906.35009765625,8046336
2024-12-23,2918.0,2942.39990234375,2891.10009765625,2909.300048828125,2142508
2024-12-24,2909.39990234375,2950.199951171875,2900.800048828125,2928.699951171875,1858546
2024-12-26,2925.0,2984.449951171875,2923.35009765625,2975.64990234375,2162163
2024-12-27,2987.199951171875,3064.0,2978.050048828125,3049.449951171875,2290315
2024-12-30,3028.050048828125,3044.60009765625,2991.050048828125,3002.89990234375,2336275
2024-12-31,2994.39990234375,3018.89990234375,2971.199951171875,3007.10009765625,1536411
2025-01-01,3007.10009765625,3086.949951171875,2995.199951171875,3082.0,1686613
2025-01-02,3100.0,3228.10009765625,3085.050048828125,3211.10009765625,4298090
2025-01-03,3215.0,3237.050048828125,3175.699951171875,3190.550048828125,2257218
2025-01-06,3209.60009765625,3235.0,3090.10009765625,3105.699951171875,2657204
2025-01-07,3110.0,3131.300048828125,3081.75,3108.85009765625,1978328
2025-01-08,3135.0,3135.0,3057.0,3086.10009765625,2715102
2025-01-09,3103.800048828125,3157.89990234375,3085.35009765625,3126.5,2434207
2025-01-10,3110.0,3149.60009765625,3055.0,3092.85009765625,2341303
2025-01-13,3053.64990234375,3066.85009765625,2993.449951171875,2999.64990234375,2207294
2025-01-14,3000.0,3078.449951171875,2999.64990234375,3049.5,2851530
2025-01-15,3057.10009765625,3063.949951171875,2951.0,2960.25,2440803
2025-01-16,2978.14990234375,2997.39990234375,2945.0,2980.60009765625,2598449
2025-01-17,2969.949951171875,2970.35009765625,2903.10009765625,2917.35009765625,2002830
2025-01-20,2910.0,2935.949951171875,2877.300048828125,2888.10009765625,2905527
2025-01-21,2900.10009765625,2907.0,2808.89990234375,2821.300048828125,3381309
2025-01-22,2848.0,2851.89990234375,2805.85009765625,2826.449951171875,3133157
2025-01-23,2826.449951171875,2899.39990234375,2810.0,2886.449951171875,2650506
2025-01-24,2875.0,2896.0,2790.0,2801.39990234375,2665366
2025-01-27,2772.300048828125,2846.89990234375,2754.14990234375,2831.60009765625,2022141
2025-01-28,2835.0,2925.0,2784.0,2870.60009765625,2432787
2025-01-29,2883.949951171875,2933.5,2856.300048828125,2924.35009765625,1808565
2025-01-30,2924.35009765625,3008.89990234375,2919.0,2971.449951171875,3055352
2025-01-31,2970.0,3049.85009765625,2955.10009765625,2989.85009765625,2412370
2025-02-01,2990.0,3098.949951171875,2990.0,3076.75,2674573
2025-02-03,3056.60009765625,3187.949951171875,3044.75,3173.300048828125,3664084
2025-02-04,3225.0,3270.550048828125,3137.85009765625,3189.050048828125,3862456
2025-02-05,3189.050048828125,3218.64990234375,3142.0,3178.75,2264208
2025-02-06,3170.0,3180.85009765625,3121.25,3139.949951171875,2341341
2025-02-07,3168.0,3219.949951171875,3110.0,3198.449951171875,4790111
2025-02-10,3209.199951171875,3270.949951171875,3128.800048828125,3137.25,3852706
