Date,Open,High,Low,Close,Volume
2010-01-04,858.7824573614531,915.568072475761,857.6551882537552,907.5363159179688,322796
2010-01-05,911.2000770970415,929.9877075526505,911.2000770970415,926.3240966796875,399360
2010-01-06,928.108628113524,941.2599649491408,915.8966724804513,927.4510498046875,341762
2010-01-07,927.1693726096097,942.1994738879822,916.9300931796038,919.043701171875,185302
2010-01-08,933.7450706391188,933.7450706391188,920.5937316160326,930.2693481445312,335191
2010-01-11,939.2405191126148,945.0177379597066,928.2027870837613,931.4436645507812,240284
2010-01-12,929.9876609301718,944.0783830654774,914.0651334502174,924.9149780273438,114835
2010-01-13,921.5331557930012,974.1385143296047,912.1862993716716,969.8173828125,242789
2010-01-14,976.9095710625022,986.3503993242635,967.5627726704681,980.714111328125,655019
2010-01-15,981.6536193063577,995.5565106920416,953.4721756899072,974.091552734375,345312
2010-01-18,950.8419093651715,962.3023744524208,930.927011279421,941.9177856445312,522516
2010-01-19,944.0782183083729,947.8357435553714,928.4374965336276,938.91162109375,219429
2010-01-20,934.6842880834399,954.8809837555947,913.4072811040122,918.2451171875,86992
2010-01-21,919.6542517951269,920.5936330533447,876.4427139171128,888.091064453125,177821
2010-01-22,882.9244950651268,883.0184102597643,839.055377471335,857.3263549804688,168573
2010-01-25,851.079510866987,857.6551803769968,831.3525023369575,850.8446655273438,66982
2010-01-27,845.4432829409106,867.9884371526683,829.4268411033663,854.97802734375,182223
2010-01-28,860.520327790321,883.018523990979,838.0691465283206,866.2975463867188,321650
2010-01-29,854.8370072559644,882.0790657289566,847.3219566427251,873.6246337890625,86068
2010-02-01,892.4124104248333,901.8062252714105,865.264262584107,875.2217407226562,34440
2010-02-02,880.2002538223921,915.3331364074737,878.321491274212,902.5105590820312,100556
2010-02-03,925.2905118253494,925.2905118253494,892.4121687655654,912.7967529296875,72908
2010-02-04,903.6847713316322,913.9240499908124,898.0484837765492,903.7786865234375,213394
2010-02-05,883.9577413922299,889.500113608185,861.4125917711741,876.0199584960938,63337
2010-02-08,876.4428389681373,883.0185087138789,859.7688192557209,873.4837646484375,57942
2010-02-09,873.6246999027787,901.8061418351264,864.700576624202,898.9410400390625,67728
2010-02-10,901.806195651022,929.8937240538536,899.9743903490471,925.1028442382812,153517
2010-02-11,922.2845886359017,943.1388658620604,918.7149510090588,940.226806640625,164610
2010-02-15,941.2602110771668,946.4268090421612,932.8996932542402,939.5693359375,68387
2010-02-16,948.7750520893426,988.2290641564241,935.6237147336487,979.9624633789062,943309
2010-02-17,991.0474541151024,995.6504462673853,969.5826103890023,983.955078125,499371
2010-02-18,983.9549093111259,983.9549093111259,956.3840907401427,962.8658447265625,202540
2010-02-19,962.86584111717,976.6747004825249,948.8690366877919,965.0733642578125,111290
2010-02-22,988.229286172727,988.229286172727,946.4268116150404,973.0113525390625,114581
2010-02-23,973.0112959429777,976.9566519383426,955.491809971698,962.6781005859375,544180
2010-02-24,963.8053484532797,972.2597813344488,931.9133373955888,960.79931640625,82751
2010-02-25,961.9265416839538,976.439938265934,937.59654079123,970.944580078125,298315
2010-02-26,978.8354099545896,986.3034461488711,960.5644304226404,977.003662109375,422959
2010-03-02,986.3505708446825,1019.2289232061719,966.9993349603244,1009.50634765625,95622
2010-03-03,1033.3194691153913,1033.3194691153913,1001.5214338408186,1014.2969970703125,192373
2010-03-04,1014.5320908097138,1033.3197221210048,1009.8351829818911,1025.2879638671875,166225
2010-03-05,1031.4410221635874,1047.0817491223208,1023.925969178789,1031.2061767578125,343773
2010-03-08,1034.8224771831071,1055.7707272566877,1025.8514540499773,1044.2633056640625,306978
2010-03-09,1048.3024489424463,1050.2282263527309,1023.9255516319113,1026.367919921875,132044
2010-03-10,1024.8650789177807,1046.4708505173307,1024.8650789177807,1041.7269287109375,299608
2010-03-11,1042.80741943032,1052.1073195641584,1035.1045367088927,1044.6392822265625,77414
2010-03-12,1047.4100692404638,1051.6372847665464,1027.6830634520784,1039.6131591796875,80067
2010-03-15,1031.9106872085058,1052.0134763750002,1027.6834700101097,1045.5787353515625,255900
2010-03-16,1042.7134813806051,1052.107296528178,1029.092449416624,1050.1815185546875,264272
2010-03-17,1052.1071357484077,1060.2797078096507,1024.0196098152944,1032.380126953125,158750
2010-03-18,1016.6923806850984,1044.5919581598105,962.8657887714079,1039.002685546875,309482
2010-03-19,1027.683096341425,1057.2736059709998,1027.683096341425,1054.408447265625,210978
2010-03-22,1027.6830649567914,1064.0840875958002,1027.6830649567914,1055.5826416015625,168236
2010-03-23,1056.8040492403732,1056.8040492403732,1040.411890078165,1043.6527099609375,96928
2010-03-25,1047.222417541581,1047.222417541581,1007.4865389483917,1020.4969482421875,575656
2010-03-26,1022.9863298089601,1051.0738561969677,1019.228804263289,1048.3026123046875,102350
2010-03-29,1043.6526663109046,1077.0007038032873,1039.8951409596502,1071.8341064453125,83328
2010-03-30,1079.8189269324087,1082.9189314425528,1065.2585151294925,1075.779541015625,80771
2010-03-31,1061.500999256807,1091.4672893380848,1061.500999256807,1084.8446044921875,108222
2010-04-01,1072.3037863079835,1082.0263601222596,1067.1371890020757,1074.8870849609375,129245
2010-04-05,1081.2277216501143,1096.9153412480591,1073.055151377279,1077.5172119140625,33395
2010-04-06,1077.9402970631265,1088.2734938105727,1070.9888508625436,1077.141845703125,29411
2010-04-07,1070.894657227567,1092.4065114340585,1070.894657227567,1080.241455078125,37900
2010-04-08,1078.0340707349883,1095.3187114135378,1069.0630471754164,1092.594482421875,69738
2010-04-09,1092.5004379649924,1102.833632133191,1084.9853876608481,1089.58837890625,42657
2010-04-12,1089.682550449016,1094.9430639653406,1060.6556388865567,1065.07080078125,79470
2010-04-13,1065.2583621189317,1074.6521748360299,1055.3948587659786,1069.5325927734375,189740
2010-04-15,1061.5010375733693,1078.12804335562,1053.0466045307496,1061.360107421875,41211
2010-04-16,1042.1026757810428,1060.0918515347325,1031.4407204121721,1037.1240234375,56404
2010-04-19,1032.1920563316119,1040.8343170671985,1019.2755654835305,1034.0238037109375,29812
2010-04-20,1033.3196152923638,1051.1678631928683,1024.0667307622728,1037.922607421875,42694
2010-04-21,1037.828649129023,1046.2830819941091,1028.7165804609683,1038.29833984375,41635
2010-04-22,1038.0163183517993,1060.0917785158422,1033.319411933918,1051.59033203125,60758
2010-04-23,1051.8252132698456,1061.4538717553016,1025.8043966944508,1028.3876953125,27811
2010-04-26,1051.1677616977568,1051.1677616977568,1026.83776108002,1031.53466796875,29033
2010-04-27,1047.316083534326,1055.3947386172233,1023.925469597484,1028.4814453125,31539
2010-04-28,1005.2792763443923,1030.360720048689,1005.1383461654809,1012.8882446289062,46992
2010-04-29,992.5503234397285,1019.228777035416,943.3267745075781,953.8008422851562,310248
2010-04-30,945.0176328386019,961.6446941080881,905.5636163582627,913.783203125,340376
2010-05-03,925.2907323912137,939.1935664463782,894.3850596137754,897.5789794921875,152993
2010-05-04,911.199980771143,953.6600325792898,849.2008068217663,870.6656494140625,415567
2010-05-05,856.7158846322128,914.0181532315165,854.8371217273176,909.697021484375,275248
2010-05-06,901.8061604031684,913.0787374082081,887.809354354461,892.9759521484375,128252
2010-05-07,886.7759471714245,892.4122349712428,864.230795972151,888.1380615234375,87338
2010-05-10,897.1092681729674,917.5877719375013,883.5821526088077,889.6411743164062,179022
2010-05-11,892.41229595458,901.5712642551665,882.3139462898308,893.915283203125,184752
2010-05-12,886.1653372597349,916.3664693582442,883.5350810546207,908.8983764648438,129046
2010-05-13,911.1999625862419,919.1847045264306,895.3243939122209,904.1546020507812,93569
2010-05-14,905.6576540920403,911.2000277101686,875.5035317792548,882.26708984375,57315
2010-05-17,892.4121953068136,893.3515765650313,853.897563719888,888.091064453125,111527
2010-05-18,873.6247035930903,901.8061456444804,873.6247035930903,896.5925903320312,63338
2010-05-19,896.5925617700385,900.8667355446158,876.4428198781299,893.3516845703125,115525
2010-05-20,904.6243483364154,904.6243483364154,884.4276468938059,892.7411499023438,261264
2010-05-21,878.3216958048397,909.32128506854,860.6143775989354,891.9896850585938,69205
2010-05-24,883.3942752492832,907.4424157129431,883.3942752492832,898.1425170898438,144671
2010-05-25,881.1397172679222,889.5941495231581,853.9915729808827,868.5989990234375,318460
2010-05-26,873.2958696171496,886.212362804792,856.7157663367161,875.8321533203125,32516
2010-05-27,867.0489962687967,891.2850239173782,862.5869348037081,880.4351806640625,88299
2010-05-28,896.1697673574574,896.357655086015,873.6246159773957,881.5154418945312,66477
2010-05-31,868.9277452345233,883.0184654275156,862.6808363481819,865.874755859375,14823
2010-06-01,868.9277381384518,868.9277381384518,855.776399399059,862.7278442382812,156118
2010-06-02,871.7458569891605,906.5029655113576,862.3520438750533,891.1441040039062,35339
2010-06-03,909.7909066035323,909.7909066035323,879.2610104087829,888.7017822265625,24929
2010-06-04,880.2003700164206,906.2212462107517,880.2003700164206,894.9486694335938,35998
2010-06-07,886.3064064974969,892.4123859805215,872.7323329489449,891.0972290039062,21466
2010-06-08,888.6548710667332,904.6243560647612,875.503530480122,890.1109008789062,120197
2010-06-09,888.6548176173462,894.760796808163,875.5034778217406,887.6215209960938,36259
2010-06-10,892.4124092966156,935.5769999291267,878.3216870445638,922.2847290039062,65403
2010-06-11,894.8546670597635,922.2846144367743,894.8546670597635,915.5210571289062,68795
2010-06-14,906.5030966031482,926.1361917849399,906.5030966031482,919.8892822265625,19878
2010-06-15,904.2484522103636,937.5025744797312,903.6848463421858,924.398193359375,32853
2010-06-16,922.1907816075404,927.1694918291284,914.0181515194954,921.533203125,34334
2010-06-17,921.5331634189724,934.5905879550498,915.8968749576943,923.27099609375,215271
2010-06-18,925.2905806877667,925.2905806877667,892.506150377,901.8999633789062,41011
2010-06-21,902.7508315135057,919.7660304320848,898.4970317838608,916.45751953125,195193
2010-06-22,907.4773814834871,913.1018622099782,896.1339142149434,905.0196533203125,87148
2010-06-23,905.5867271075217,905.5867271075217,889.5168165012295,903.507080078125,54744
2010-06-24,902.7507568811128,905.113978757765,889.7530365595262,894.0068359375,110843
2010-06-25,898.0243091100889,898.4969534833047,869.6656467171387,880.6782836914062,31816
2010-06-28,875.3375818330619,880.0640266593743,802.0776870252192,873.2579345703125,60013
2010-06-29,897.079098282854,897.079098282854,820.5107031712512,830.6253051757812,248036
2010-06-30,832.7994463730172,834.6900240038299,814.838958880296,831.1924438476562,138545
2010-07-01,830.8617310360662,830.8617310360662,814.3664273810508,819.1873779296875,111445
2010-07-02,821.5033312565802,841.3071458353593,807.7966418019591,822.9212646484375,64677
2010-07-05,823.3465850724481,841.3070731509516,788.3236448585369,819.5654296875,82383
2010-07-06,817.5804642158192,822.9685652605223,808.2220802087421,815.9262084960938,56175
2010-07-07,820.3217619897015,821.4561203002893,812.0032305384908,817.7694702148438,32953
2010-07-08,818.620065820439,826.5605144794841,812.9483332627916,815.1697387695312,21013
2010-07-09,813.0428896537248,818.6201167608051,806.37861502296,811.2941284179688,152254
2010-07-12,818.6200827801814,818.6200827801814,805.9059371608807,808.0328369140625,59232
2010-07-13,815.7842382336261,820.936073757006,799.7143285581085,810.3015747070312,414287
2010-07-14,811.0578632120033,826.2769911799472,800.8487547946596,808.1747436523438,198248
2010-07-15,805.3860088810594,812.6647437399284,791.1594248408156,798.4854125976562,143291
2010-07-16,806.4257740223371,812.0030004799901,794.0425150211778,798.8634643554688,168166
2010-07-19,796.8784750676682,800.6596303467556,786.4802980501779,794.798828125,109465
2010-07-20,794.7987597122585,801.6048501679479,791.4429962300878,797.445556640625,73858
2010-07-21,803.3063645721858,806.3313000976534,793.1445105557148,802.9282836914062,201199
2010-07-22,808.2692717704738,810.0180908732491,790.2615295560064,797.87109375,388327
2010-07-23,806.2840693560634,806.2840693560634,777.8781533058107,783.9752197265625,588751
2010-07-26,783.975327541623,790.2615218162307,776.0821882908199,783.7863159179688,28065
2010-07-27,790.2616050517029,801.605073066799,779.2962757154546,799.3836669921875,164527
2010-07-28,802.5029187467823,817.4384698837187,795.4605058191955,809.8761596679688,81029
2010-07-29,812.9485208658067,831.8543004208254,795.8860663565744,822.2123413085938,568193
2010-07-30,817.6748043575667,822.4012483133909,808.2219164459185,816.635009765625,44897
2010-08-02,826.087971745947,826.087971745947,809.6399222265751,811.3414306640625,26310
2010-08-03,811.0578888347565,817.5804054247074,811.0578888347565,815.1226196289062,23832
2010-08-04,805.9532702198898,816.3987584255356,805.9532702198898,812.1449584960938,65725
2010-08-05,823.3466206483449,823.3466206483449,809.1672873421162,813.1375122070312,47361
2010-08-06,811.0579233480223,829.9637024470437,811.0579233480223,823.8665771484375,27255
2010-08-09,831.8069673213547,855.4864423920408,815.0280895838313,850.287353515625,196903
2010-08-10,851.7052932893246,858.3223155457343,827.6476794036348,836.9114990234375,107103
2010-08-11,840.3617685705556,840.3617685705556,825.4262166188206,830.6253051757812,51847
2010-08-12,827.1277762103641,839.1329566156741,813.5629037588561,828.8292846679688,64258
2010-08-13,828.1674910974237,851.7052051961681,823.3937942167927,843.5757446289062,116975
2010-08-16,856.3372334496046,856.3372334496046,836.6751782679481,848.1604614257812,65160
2010-08-17,852.6504688199321,852.6504688199321,839.4164260666295,846.5533447265625,46598
2010-08-18,850.712802313424,850.7600552217647,838.4712988685613,847.16796875,56459
2010-08-19,841.3070520861396,881.9544714565935,838.4711856184335,877.22802734375,214574
2010-08-20,891.123770234799,905.303102345157,878.1733020348354,897.173583984375,598284
2010-08-23,901.5218916942425,901.5218916942425,874.6284152390496,885.6410522460938,75420
2010-08-24,895.1411759305698,897.0790062911868,875.3373654643193,892.7779541015625,465100
2010-08-25,897.0791491823093,897.0791491823093,866.3572605116822,870.1856689453125,57643
2010-08-26,874.8648448411543,920.7113548085189,867.7751783513556,882.2853393554688,297538
2010-08-27,874.3921424551694,883.7032140829738,858.7948772113745,868.6731567382812,238036
2010-08-30,873.2578576969873,877.2280825407609,855.5809440635145,869.665771484375,129158
2010-08-31,868.7203724869071,868.7203724869071,851.4215996773165,853.1231079101562,225117
2010-09-01,860.3073788332033,864.9393173816762,851.2326287455732,860.0238037109375,386620
2010-09-02,868.7203733740615,881.9544160587589,862.7178128061271,877.4642944335938,213842
2010-09-03,882.8996478440005,896.1336896746386,862.3868714673426,869.8546752929688,140388
2010-09-06,878.5515495221857,878.5515495221857,860.4492435393888,873.1633911132812,124247
2010-09-07,875.242937754422,945.2888159370145,875.242937754422,939.80615234375,816451
2010-09-08,940.5623799218334,961.2642282466946,925.0123672271716,938.7190551757812,341705
2010-09-09,945.2888806950978,973.6475471159507,940.798758511796,970.1500244140625,743659
2010-09-13,970.1498734367256,1022.8024097408293,966.0850857256262,997.7522583007812,322711
2010-09-14,997.2324330493316,1007.2052766425024,975.8689279698873,988.2994995117188,434321
2010-09-15,987.8268024495536,1002.0061345421309,962.3985104851917,974.4037475585938,112022
2010-09-16,964.19455580636,978.0902547186553,951.9058016637299,956.4431762695312,156659
2010-09-17,959.9881692208141,999.9266845377734,959.9881692208141,991.324462890625,359547
2010-09-20,995.8618709904479,1028.4743385264426,984.0457595643628,1019.68310546875,255933
2010-09-21,1007.3471599900428,1033.531616899518,1004.0386487722968,1009.4740600585938,268288
2010-09-22,1041.7081445672518,1041.7081445672518,983.431073292389,992.4113159179688,194962
2010-09-23,1000.1155190020892,1000.1155190020892,965.3761566927066,976.3887939453125,232230
2010-09-24,955.308871303263,997.2324079575802,955.308871303263,970.6226196289062,104297
2010-09-27,960.8862356220355,985.8418874464904,945.8088650487549,968.4485473632812,399147
2010-09-28,960.8861093307167,997.2324192033178,959.4681760655951,990.1900634765625,261689
2010-09-29,995.2947914198933,1025.1659001485516,993.4987192772039,1017.0364379882812,224233
2010-09-30,1020.9120396414905,1032.2555067486182,988.866721985512,1004.4639892578125,382605
2010-10-01,989.4338749184739,1034.146087375776,989.4338749184739,1030.081298828125,127875
2010-10-04,1034.0986434058916,1048.230780293876,1024.7403765376898,1030.412109375,240297
2010-10-05,1025.6381807939722,1044.5439537118334,1020.9117375645069,1030.3646240234375,269622
2010-10-06,1030.3645519600993,1046.4344578163577,1024.6928204814199,1044.02392578125,169014
2010-10-07,1044.0243330504227,1074.7935344818538,1035.6113537218541,1044.6387939453125,168803
2010-10-08,1045.5367709524967,1058.7235041556103,1025.6383946507474,1030.2230224609375,107331
2010-10-11,1030.3648491998892,1052.5791372330978,1019.9666718226426,1041.4246826171875,336218
2010-10-12,1037.9273198451467,1037.9273198451467,1028.474429864772,1031.073974609375,172203
2010-10-13,1030.3646709706431,1063.4497750843796,1025.8745496980648,1060.2830810546875,168014
2010-10-14,1063.449739704983,1082.2136964783301,1053.9968531298275,1078.2435302734375,93562
2010-10-15,1089.3981165811288,1089.3981165811288,1058.723538779426,1071.6739501953125,300547
2010-10-18,1071.673798425048,1087.7437070057038,1058.7233888431965,1070.4921875,963707
2010-10-19,1067.278495449437,1075.4551522493762,1054.4697844967582,1069.4053955078125,392994
2010-10-20,1067.230888319058,1067.230888319058,1050.5465205296223,1059.6685791015625,619154
2010-10-21,1059.6688271799396,1062.3628773910384,1046.434782951109,1054.9423828125,464106
2010-10-22,1047.5217426691966,1065.151400788251,1047.3799262795387,1051.9173583984375,135952
2010-10-25,1051.9173209958715,1053.9969099979367,1034.193157711153,1037.927001953125,241348
2010-10-26,1023.3697285613102,1048.3253783192079,1019.1159285591133,1039.9595947265625,196460
2010-10-27,1030.3649116245103,1043.5044505483397,1025.0713168082682,1039.0615234375,291539
2010-10-28,1038.3997012730765,1053.7133330049958,1011.6952938438873,1032.4443359375,341023
2010-10-29,1023.653235389783,1041.7082278762684,1018.5013423417657,1039.72314453125,106049
2010-11-01,1028.805289532376,1047.2857361682688,1026.2057447079358,1042.18115234375,238264
2010-11-02,1038.8724970283263,1066.6640136577446,1027.529030272785,1060.8504638671875,232414
2010-11-03,1067.136586110462,1080.3233191674383,1052.1064705950491,1055.9349365234375,173316
2010-11-04,1068.081935114589,1068.9799133993906,1054.8478907137505,1060.3778076171875,240228
2010-11-08,1075.0296093217326,1075.0296093217326,1050.4047917226899,1061.1339111328125,334545
2010-11-09,1063.970000968706,1088.831030584511,1062.1266183207824,1084.766357421875,563045
2010-11-10,1088.0276354896914,1095.589947465293,1060.7087603994858,1070.303466796875,310985
2010-11-11,1086.1368281114126,1109.1545872476183,1063.638908578709,1072.052001953125,545462
2010-11-12,1055.9819960780433,1072.430042729312,1038.9667992784598,1042.8897705078125,326344
2010-11-15,1049.3180653632758,1053.0519106311779,1030.5539870301254,1038.541748046875,272848
2010-11-16,1023.0387013589477,1050.9247181666067,1011.4589147184791,1016.9888305664062,141635
2010-11-18,1016.9889320473258,1042.6535460367238,1012.404304447263,1039.864990234375,334264
2010-11-19,1039.8177887011334,1049.1288612761605,1021.9991160367335,1037.549072265625,113320
2010-11-22,1049.270608085198,1049.270608085198,1027.5289648546038,1039.6759033203125,228523
2010-11-23,1037.9270255216964,1064.3951099612295,1033.2005818717796,1060.330322265625,672748
2010-11-24,1063.261021700355,1076.6840781865574,1054.1861557692573,1064.678955078125,351318
2010-11-25,1076.6840286373197,1079.3308836440333,1061.5594066371466,1073.517333984375,1129002
2010-11-26,1071.012279280957,1095.589789661632,1044.5441911786916,1062.079345703125,641934
2010-11-29,1062.0792608531335,1095.069747145896,1062.0792608531335,1091.99755859375,1113772
2010-11-30,1092.8012445940199,1110.7144225283255,1049.8851068069243,1075.360595703125,4001641
2010-12-01,1049.837643206976,1093.651752878795,1047.9470657420286,1085.47509765625,867315
2010-12-02,1077.6293240091986,1087.082212816297,1022.8025689280289,1030.8375244140625,333090
2010-12-03,1034.145899580707,1055.1312638177146,1015.2401244512607,1049.7431640625,283496
2010-12-06,1061.0868176923004,1061.0868176923004,1047.3801282878119,1050.2633056640625,130377
2010-12-07,1039.8177468747156,1123.948455485488,1039.8177468747156,1062.079345703125,473062
2010-12-08,1070.8229531717789,1070.8229531717789,1020.0136918263851,1040.10107421875,140072
2010-12-09,1020.911924437067,1045.962078138532,1002.951436877526,1023.275146484375,67095
2010-12-10,1011.5063017679797,1047.3799646907357,988.2994161409424,1037.0762939453125,523398
2010-12-13,1030.317503276244,1047.7108406438322,1014.4839155401079,1018.8323364257812,82602
2010-12-14,1019.9665614120823,1030.1757260703819,997.2796314084771,1009.1902465820312,90737
2010-12-15,1004.1331175336375,1018.2179449906578,986.8815953919675,995.767333984375,128473
2010-12-16,1000.8720587318318,1007.6780935068954,987.8270241226131,1002.47900390625,314701
2010-12-20,1002.0061187376343,1016.1854506065632,995.6254193966164,1015.8073120117188,129233
2010-12-21,1016.1854995485787,1020.9119437325256,1010.0884327079688,1014.294921875,156228
2010-12-22,1004.7002047168045,1015.2401981954044,995.6727656717829,1005.4564819335938,48544
2010-12-23,999.170499434465,1016.1383912766851,992.5534762594024,996.4291381835938,50119
2010-12-24,997.3269277796156,1005.5982042254719,983.1002861360662,993.0258178710938,75614
2010-12-27,992.5533056389055,1002.1480106717562,979.31926156372,996.901611328125,111275
2010-12-28,992.5534762594024,1010.4194619104169,990.7102088173256,996.4291381835938,42405
2010-12-29,996.3816781045832,1016.1854317575045,989.8118518921566,1011.9789428710938,103737
2010-12-30,1013.3496287082788,1015.2402063737793,993.9712076368985,1010.6555786132812,232928
2010-12-31,1004.9365609524187,1027.5289877165235,1002.0061885736108,1024.929443359375,68746
2011-01-03,1025.6383182285765,1038.4942224570655,1020.9591849610783,1028.1905517578125,114830
2011-01-04,1026.819745041887,1039.5811411827988,1012.5459102144614,1030.5535888671875,144318
2011-01-05,1013.8222572735147,1029.7503507779797,997.2797029590283,1013.8695678710938,66346
2011-01-06,1009.8520126257117,1018.9739567032836,950.3460168820135,955.5451049804688,132194
2011-01-07,953.7964331246243,963.2493214608446,926.3830569495856,933.7090454101562,57196
2011-01-10,945.194339871185,947.1794233687666,915.1341084219614,940.98779296875,54879
2011-01-11,953.796328208857,977.14491367434,944.0598658327126,958.2391967773438,82402
2011-01-12,964.1947305528348,973.6476200680587,945.6197795770764,952.5676879882812,51876
2011-01-13,946.2815023248255,991.3244866730154,946.2815023248255,981.8244018554688,194443
2011-01-14,983.0531377651955,983.0531377651955,939.5699063986858,964.8563842773438,44574
2011-01-17,970.8115650434586,980.2644527264524,951.9057896774711,955.4506225585938,69969
2011-01-18,951.9058683693395,968.9683782043397,951.9058683693395,963.4856567382812,32023
2011-01-19,973.6474834731555,973.6474834731555,952.0003464418683,958.9010009765625,24236
2011-01-20,950.015259969134,997.0906891571209,946.2341047055753,977.2396240234375,77757
2011-01-21,975.4435739332621,987.3541902005672,960.224389040759,967.9757690429688,22787
2011-01-24,964.1473960800257,968.4484489064228,954.2691158331222,962.0677490234375,32146
2011-01-25,992.4587873535344,992.4587873535344,960.4134722388765,967.125,123169
2011-01-27,973.6473865581856,973.6473865581856,933.9452601160071,949.8733520507812,235938
2011-01-28,955.2144502793158,955.2144502793158,939.6171831545175,943.3038330078125,145636
2011-01-31,935.8359829274416,1131.9361131932815,917.8754943662079,947.9356689453125,126353
2011-02-01,958.5228658497355,963.1548041575273,937.7265117583212,941.6021728515625,245077
2011-02-02,947.1795501302624,958.5230177964931,932.1021794847255,945.1471557617188,128802
2011-02-03,945.288808976594,958.5228523022664,945.2415560753153,950.298828125,408520
2011-02-04,977.0978249579216,977.0978249579216,941.5076773299111,951.7640380859375,323791
2011-02-07,955.6869331122014,967.9756869504394,932.1492199898529,939.0025634765625,104833
2011-02-08,939.9951821083989,944.3434874004722,890.6983493524474,901.2383422851562,105297
2011-02-09,898.0717035653856,901.191145381138,837.5259613521786,848.1604614257812,120443
2011-02-10,853.5958451246696,873.3524054821977,835.068206448367,867.1134643554688,224235
2011-02-11,860.2601827398433,873.82511355856,848.9167155332633,864.7503051757812,109057
2011-02-14,866.8298909697303,894.1487623021886,866.8298909697303,885.1685180664062,42529
2011-02-15,884.7902764931289,901.7109683206419,870.6109451390724,894.2431640625,53279
2011-02-16,893.2978306813441,897.0789855202069,875.6209202704915,887.106201171875,46628
2011-02-17,884.837601470199,898.0243922428299,884.837601470199,888.4296875,27930
2011-02-18,894.2432017181968,922.6018656204652,883.8922778546989,894.3377075195312,115233
2011-02-21,879.1659700172581,915.4650885117263,876.3301031878734,908.6589965820312,51489
2011-02-22,905.586666094831,916.9773845415095,882.0016991077844,904.0269165039062,280978
2011-02-23,903.1289815095515,923.2636222778804,893.297954487643,915.890380859375,172107
2011-02-24,914.0942675863475,921.4202557702092,906.1065657047737,914.236083984375,217634
2011-02-25,900.4821889726265,928.699097440362,900.4821889726265,906.7211303710938,184440
2011-02-28,890.6511324569111,921.4675247276671,874.3921533102425,879.8748168945312,64250
2011-03-01,874.3921243734135,912.2036756976693,874.3921243734135,903.5542602539062,45974
2011-03-03,879.6857573253232,929.2189148257053,869.9492939685578,920.6640625,31344
2011-03-04,929.2188361352787,961.0750783741009,914.0942162185295,954.5053100585938,145996
2011-03-07,952.851164681103,966.0852086350072,935.8359653117976,953.5128784179688,63194
2011-03-08,952.803789770272,976.3887551929334,952.803789770272,968.96826171875,270198
2011-03-09,977.8540190390365,977.8540190390365,958.5229079302619,964.1946411132812,121672
2011-03-10,964.1946724253769,970.8590052885307,955.6870723745648,961.9732666015625,106798
2011-03-11,959.3735668778522,966.0850938645217,946.8957439502176,959.2317504882812,56373
2011-03-14,953.7492375614004,980.7372238446533,948.1720100293875,974.0256958007812,207549
2011-03-15,938.2936916595627,972.7022289596041,938.2936916595627,963.7219848632812,99741
2011-03-16,959.421015704881,975.5381805005293,959.421015704881,970.9535522460938,117703
2011-03-17,964.1473865205518,969.8190619977836,960.4134839757667,967.59765625,361406
2011-03-18,954.0798893822426,991.9860015058908,954.0798893822426,980.028076171875,127049
2011-03-21,977.3813204229718,990.4736627746594,946.3286060457856,961.5477905273438,267687
2011-03-22,952.4257581245799,977.4286594534444,952.4257581245799,966.1324462890625,192035
2011-03-23,962.3040870641972,974.5455319954125,961.3587981771008,965.6598510742188,126849
2011-03-24,960.5079647062364,982.6277465820962,960.5079647062364,976.341552734375,111649
2011-03-25,987.259770005987,999.1703873061279,976.861591897787,992.9786987304688,156849
2011-03-28,985.8888939868153,1015.2401569721587,985.8888939868153,1011.128173828125,185034
2011-03-29,1007.630624448654,1037.9271788776773,1002.9514907005606,1029.3250732421875,215000
2011-03-30,1038.8724070765866,1082.3556925411208,1030.6484405475835,1064.111572265625,204737
2011-03-31,1059.6688271799396,1084.718982327369,1045.158666050242,1069.5943603515625,204043
2011-04-01,1044.2132656173578,1069.925074072603,1002.0060988470192,1050.4521484375,45434
2011-04-04,1030.6012520711665,1068.1764868978842,1030.6012520711665,1058.345458984375,103258
2011-04-05,1044.827770841424,1076.5894518700297,1044.827770841424,1071.72119140625,149246
2011-04-06,1068.2236916336715,1072.9028251992247,1052.1064708781823,1056.9747314453125,45122
2011-04-07,1050.1687274558938,1063.497394149698,1036.0367036134744,1040.385009765625,138620
2011-04-08,1066.3804481881755,1066.3804481881755,1025.6385172628077,1032.0665283203125,93699
2011-04-11,1030.3649874073647,1039.7233713805097,1014.2477641540747,1020.439453125,66419
2011-04-13,1038.8724545229218,1038.8724545229218,1004.5112276268243,1027.009033203125,139358
2011-04-15,1025.6856300901484,1031.4045579361848,1006.2125890379966,1011.9789428710938,53590
2011-04-18,1013.2550378955765,1015.287431793821,975.065349178077,988.4884033203125,109862
2011-04-19,986.8816874432506,992.4589154602107,965.6599384681581,976.0108642578125,140077
2011-04-20,967.1249109886019,991.4189014488366,951.9057849725436,963.580078125,449774
2011-04-21,972.4659303594102,976.908741916155,949.5426751358713,956.301513671875,227968
2011-04-25,959.4683141640447,983.1005386508439,959.4683141640447,979.13037109375,44755
2011-04-26,983.71499958089,1016.1856529479044,982.1552496863932,1000.82470703125,419657
2011-04-27,1011.4591440696789,1012.5462494056667,987.8269210773967,1002.1480712890625,255168
2011-04-28,1002.0536337711886,1014.2950799588307,999.1704562129395,1007.3472290039062,180321
2011-04-29,1011.458856483131,1034.6184284306419,1011.458856483131,1029.5611572265625,356499
2011-05-02,1032.4918807127424,1035.0914253883752,998.6977999295145,1005.8347778320312,76412
2011-05-03,993.5931957307516,1019.7777689720729,960.6026458782476,976.6253051757812,153182
2011-05-04,961.4061301964776,976.4361901206233,950.015409708793,959.5628051757812,146645
2011-05-05,942.6419322252052,968.4009923980868,942.6419322252052,952.472900390625,97845
2011-05-06,944.2963507489479,997.0907700152082,944.2963507489479,988.39404296875,89940
2011-05-09,987.6851472536054,1007.6780318455834,974.7819298650438,981.8244018554688,158657
2011-05-10,971.8044051149036,998.2251865764058,971.8044051149036,992.3644409179688,114122
2011-05-11,992.5533846664222,995.3892514797549,979.3666501411119,991.324462890625,174707
2011-05-12,990.1901691389546,992.5533914996681,967.3614180561189,975.8690185546875,90671
2011-05-13,973.6948717564969,1002.9515168791818,970.9062002832108,993.3568115234375,80415
2011-05-16,983.0530609252728,997.2797038044722,983.0530609252728,990.5681762695312,36657
2011-05-17,978.4212539461059,996.2399253915377,975.5380768452598,982.1077880859375,42787
2011-05-18,975.6326019129551,1005.7873393961237,966.0379546743853,979.4137573242188,41315
2011-05-19,971.8041950737625,980.2171730637563,967.0304404865286,969.2046508789062,51044
2011-05-20,964.3363855377819,993.4985217319745,964.3363855377819,977.3341064453125,41927
2011-05-23,987.7794900316786,991.607955846297,965.6125137244923,976.7669677734375,34231
2011-05-24,969.8663915931703,976.483413758036,967.9758138317801,970.1500244140625,15316
2011-05-25,965.6599040029649,982.7696684147264,957.5776951144676,967.2669067382812,242741
2011-05-26,965.1399295538099,987.2597120362249,954.7417520561685,969.4410400390625,357876
2011-05-27,964.1945495439901,1002.9513892805622,964.1945495439901,977.9485473632812,106758
2011-05-30,990.662585147383,999.170183683954,958.5227684536701,962.4457397460938,112972
2011-05-31,980.9262539618027,980.9262539618027,964.3837557628208,969.48828125,169380
2011-06-01,960.55531620622,984.9910106177722,960.55531620622,979.03564453125,79530
2011-06-02,964.2417799565876,989.7173233626366,964.194527058156,984.3292236328125,34408
2011-06-03,986.8342019632865,990.6626677807606,967.0304476524027,973.6001586914062,70745
2011-06-06,971.7568879846019,973.6474655876848,956.2541285609824,958.7119140625,38104
2011-06-07,957.9558008507603,973.6002630170883,953.1347928104725,964.005615234375,117461
2011-06-08,976.0579910966087,976.4360143011191,955.2143270173827,973.9310913085938,87521
2011-06-09,965.4707567294301,987.7323556001414,965.4707567294301,983.2894287109375,89448
2011-06-10,990.0009944619188,990.0009944619188,952.7565931125714,967.4085693359375,135619
2011-06-13,968.9209633834254,975.5379845967756,959.4680759357822,970.480712890625,21494
2011-06-14,968.2592755290461,994.2074045615453,968.2592755290461,991.0407104492188,88721
2011-06-15,990.6154971980072,991.6080967403728,974.5928958430165,976.6724853515625,99452
2011-06-16,972.7023130684332,972.7023130684332,919.5298105318935,951.8587036132812,120373
2011-06-17,948.1247198689845,961.3587638153112,903.7433966669537,911.1166381835938,111376
2011-06-20,912.2982123134359,916.9301505854552,863.9939769434083,893.4869995117188,234635
2011-06-21,900.8129371440693,921.4674735121515,885.7355698533933,914.897705078125,54551
2011-06-22,944.0126980501333,944.0126980501333,908.4225510918671,918.8679809570312,34201
2011-06-23,915.9377052553917,918.679008489962,898.5443661500318,904.59423828125,38645
2011-06-24,898.9696540497816,909.3678309105047,898.9696540497816,905.3031005859375,28527
2011-06-27,899.8677407795085,912.1092430415767,897.9771630616865,909.2733764648438,33971
2011-06-28,909.3678295825547,912.0146266949763,901.0965525463308,909.2260131835938,48852
2011-06-29,909.3678684580434,910.3131573025944,897.0791134788807,904.3578491210938,24886
2011-06-30,906.5319279035608,912.0618441143102,865.4591194223583,879.0240478515625,164882
2011-07-01,885.7356824614739,889.9894824306058,869.9493465924132,884.837646484375,321160
2011-07-04,888.2879213923273,905.5866953701442,867.7278894254164,897.882568359375,145671
2011-07-05,891.5491680823953,914.283352521964,889.6112798568412,910.502197265625,166978
2011-07-06,890.7455627943233,922.2709767008278,890.7455627943233,908.4697265625,77813
2011-07-07,907.4773781631851,948.4083775349155,904.2161197962396,930.9205322265625,141558
2011-07-08,929.6915713289653,939.5698512162676,921.798432617172,927.9428100585938,36894
2011-07-11,921.8456347498816,948.1246514359557,906.5319448924043,925.0123291015625,155645
2011-07-12,926.3830527253746,929.2189192133094,913.1490091150121,924.3034057617188,29145
2011-07-13,924.2561671754725,943.303760459475,912.6763788370429,937.584716796875,38627
2011-07-14,933.1418366780784,943.3981968014382,931.1094427348864,938.6717529296875,60976
2011-07-15,935.835906545821,948.5500523708911,935.3160092480209,943.8236083984375,47885
2011-07-18,945.0998320599592,954.7417903932003,938.2464875249585,942.3112182617188,15110
2011-07-19,937.9156046232646,947.6048152956209,936.9230628740473,942.5474853515625,62705
2011-07-20,936.1195718694007,949.0700411412763,929.5025496702085,931.3931274414062,114606
2011-07-21,929.2661700377585,938.388230298559,913.7161572911822,919.8605346679688,136704
2011-07-22,929.1715999017184,955.7814439274836,920.7112539448829,948.408203125,34892
2011-07-25,949.0699300438993,953.7963739186199,939.7115480936133,945.4778442382812,55364
2011-07-26,946.8959528760871,950.9606838224387,943.5401886423268,948.6447143554688,83901
2011-07-27,949.1172549380633,976.4833785877023,946.2341354949565,970.8116455078125,890845
2011-07-28,964.1946607444719,981.2098606399626,961.6896221259606,969.8663940429688,349612
2011-07-29,959.4208726296813,980.7371233867733,955.6869703556895,973.1275024414062,97150
2011-08-01,973.6475911801839,990.6627918027501,968.0231682421879,972.5604858398438,105480
2011-08-02,979.697367465087,984.8964560352599,969.8663405449652,972.98583984375,22916
2011-08-03,968.8738041183035,980.5482142529277,968.8266089087093,971.6624755859375,246388
2011-08-04,958.7118987033992,973.4584383887077,958.7118987033992,962.9656982421875,563900
2011-08-05,945.2888418804208,958.1920576504294,931.298578559761,945.7142333984375,44864
2011-08-08,926.6193701749331,926.6193701749331,896.3701277922779,913.3380737304688,345486
2011-08-09,903.7433834365073,945.1470230661405,898.118903302488,933.4254760742188,58939
2011-08-10,938.4827204500738,978.3266092344035,938.4827204500738,961.5477905273438,106189
2011-08-11,972.7022453697363,977.4286897106971,950.9606014013165,968.873779296875,160135
2011-08-12,968.8738479173534,976.4361593984913,959.6100855879888,964.1474609375,292746
2011-08-16,974.5927113389258,974.5927113389258,954.7416473834288,966.746826171875,168744
2011-08-17,960.886126278637,968.9210815893782,943.3982823670239,955.3088989257812,261990
2011-08-18,975.5381176902292,975.5381176902292,925.4850602870102,931.4403686523438,249027
2011-08-19,918.442624985582,939.664371239692,918.442624985582,933.8981323242188,63880
2011-08-22,937.7263845196834,974.5926435885016,933.9452297433943,965.9905395507812,244536
2011-08-23,966.0851777103702,1023.6532901454244,966.0851777103702,1002.5733032226562,356587
2011-08-24,1007.7251099187337,1026.5362635777685,1001.249789720412,1009.237548828125,374429
2011-08-25,1003.058625763609,1025.9688165732912,1003.058625763609,1015.4642944335938,294550
2011-08-26,1008.9523384003363,1020.9302675694594,1001.2998273407658,1007.2412719726562,142205
2011-08-29,980.1483744437011,1025.9687532343085,980.1007964647414,1014.7037963867188,187660
2011-08-30,1020.9779235453364,1027.4422622162358,1013.3728738355014,1017.365478515625,213573
2011-09-02,1021.9285843484129,1138.8562270226964,1021.9285843484129,1045.741943359375,279434
2011-09-05,1041.5594261608842,1070.4110689764732,1036.2359129697782,1049.687255859375,83733
2011-09-06,1033.3361130729993,1085.430749183639,988.6564467303765,1047.5955810546875,171846
2011-09-07,1050.9705026271226,1067.5589727496322,1045.6944523816521,1061.997802734375,217231
2011-09-08,1074.070577377851,1074.1181553526997,1054.0122834008178,1062.5203857421875,122799
2011-09-09,1056.7692176298667,1064.3266894020876,1000.6819757184335,1035.1898193359375,129276
2011-09-12,1018.6489370560761,1062.8057111043656,1018.6489370560761,1045.9320068359375,217600
2011-09-13,1060.6664384682,1064.5165400735327,1047.595263447866,1057.7669677734375,63127
2011-09-14,1062.8057233842324,1067.9391552748227,1045.6943611114987,1047.880859375,32935
2011-09-15,1052.3010814618513,1092.9881401863904,1047.8807395486147,1089.9461669921875,329961
2011-09-16,1090.3738981148701,1096.9807380023901,1067.5587511621613,1070.41064453125,201974
2011-09-19,1049.7346357479162,1083.6246655352834,1049.7346357479162,1080.2498779296875,88361
2011-09-20,1078.9666690705565,1093.2261404679648,1069.4603548056177,1087.760009765625,175315
2011-09-21,1096.9808618088152,1116.4688020303502,1088.7104165225824,1110.7650146484375,102761
2011-09-22,1100.8310755265063,1114.9955054929171,1088.6629481359566,1098.5020751953125,96944
2011-09-23,1070.125464859574,1111.2878410615117,1070.125464859574,1104.6334228515625,119773
2011-09-26,1089.4234362343025,1112.0009289136783,1069.5552194676804,1081.4381103515625,76462
2011-09-27,1085.6209056580958,1087.5221681898963,1072.4071078533111,1078.6337890625,112105
2011-09-28,1069.8878152956122,1101.4963020359935,1069.8878152956122,1091.989990234375,289662
2011-09-29,1093.2259244145123,1101.8766454771958,1065.8952763041495,1081.1529541015625,172273
2011-09-30,1108.1507902656151,1108.1507902656151,1057.8149125153832,1085.2406005859375,155234
2011-10-03,1072.3597700653684,1077.303006802795,1039.0400939205426,1046.2174072265625,71714
2011-10-04,1037.4239167596795,1062.710684489332,1031.5775114354465,1046.169677734375,124457
2011-10-05,1036.1880929129463,1059.8112569600344,1036.1880929129463,1051.398193359375,40853
2011-10-07,1069.4602805472155,1089.8038148703981,1030.627012680119,1041.4642333984375,184226
2011-10-10,1046.6926448258657,1054.0600374398837,1020.0273903021016,1031.4825439453125,377845
2011-10-11,1040.9410430252149,1040.9410430252149,1012.5647282117875,1031.2921142578125,94494
2011-10-12,1037.709152062386,1062.8058427566468,1037.709152062386,1055.8187255859375,159463
2011-10-13,1055.2483820303892,1083.7197446949604,1052.016212214631,1075.1640625,128485
2011-10-14,1065.8476348592428,1076.1144980425581,1056.2938611062855,1069.8878173828125,23772
2011-10-17,1074.2133654088605,1078.4912062445594,1050.4475829883104,1068.1768798828125,27700
2011-10-18,1078.9665587389618,1083.6246754612332,1040.9413055675448,1068.4620361328125,92116
2011-10-19,1069.5074863424293,1074.0704456585265,1066.6080152844195,1068.50927734375,34443
2011-10-20,1083.4342733867059,1083.4342733867059,1040.9411074718307,1063.8038330078125,188426
2011-10-21,1076.8274963229144,1076.8274963229144,1050.9703739918477,1065.419921875,43252
2011-10-24,1066.703342387005,1097.9791348927208,1066.703342387005,1073.738037109375,147832
2011-10-25,1056.1987531835139,1087.9973177567729,1056.1511752099386,1078.348388671875,121302
2011-10-28,1082.0560089277806,1135.1487404729012,1062.5204905282797,1106.9150390625,215918
2011-10-31,1108.4358677027217,1115.232903307779,1089.4232456151963,1095.6973876953125,150776
2011-11-01,1079.4893372052177,1104.5859087854376,1079.4893372052177,1086.714111328125,72345
2011-11-02,1089.4234788470992,1100.736014619816,1082.2937440378905,1088.3778076171875,127878
2011-11-03,1093.2258767998471,1095.9351525031468,1072.644688171324,1091.3721923828125,185881
2011-11-04,1091.3245971589636,1109.196509801753,1085.145494474701,1093.2734375,114167
2011-11-08,1090.9921356656919,1105.10898856896,1090.9921356656919,1100.7835693359375,152906
2011-11-09,1121.507108708018,1126.5455002632134,1101.7815121785063,1106.53466796875,151749
2011-11-11,1101.401469298959,1148.2676417139435,1084.0524469976763,1118.32275390625,228013
2011-11-14,1125.5475480325244,1136.7174666890971,1112.2387087821398,1114.7103271484375,146545
2011-11-15,1112.2385274317292,1116.5163679218513,1088.6153648228253,1091.8475341796875,155971
2011-11-16,1093.273504215095,1104.3958433079504,1081.8183513530857,1099.405029296875,181442
2011-11-17,1100.7832922507216,1102.2092389738118,1084.670140697338,1090.8492431640625,200155
2011-11-18,1091.3247163902186,1091.3247163902186,1072.0268548657752,1079.536865234375,123544
2011-11-21,1060.3814947547003,1073.9755669365152,1050.44744542142,1055.0579833984375,86558
2011-11-22,1073.9756785670368,1081.6283067172324,1055.2957508804234,1073.9281005859375,155954
2011-11-23,1056.1988938433028,1073.0725984846847,1046.7400433053429,1053.489501953125,80932
2011-11-24,1045.7891241205432,1097.9312104754665,1041.4638227620635,1067.130859375,145846
2011-11-25,1059.906189302543,1078.4434973401605,1056.4364783254498,1063.2333984375,64460
2011-11-28,1096.1731177529948,1133.960718440906,1077.2080664668026,1111.66845703125,241730
2011-11-29,1117.0867340090151,1121.7924282189597,1086.5714947663423,1091.6573486328125,78547
2011-11-30,1095.079541569901,1111.0977697907044,1086.1911632441568,1091.989990234375,344701
2011-12-01,1095.5549881135219,1116.7541123826363,1095.5549881135219,1107.675537109375,106972
2011-12-02,1105.1086290446233,1123.6459350802104,1102.732051347753,1118.6075439453125,337589
2011-12-05,1118.6077260214065,1143.0390183482198,1115.1854767896396,1131.1561279296875,111391
2011-12-07,1131.1562052400786,1169.2764970993424,1131.1562052400786,1160.055419921875,606339
2011-12-08,1164.5232924048507,1164.5232924048507,1138.2858928622961,1156.9658203125,297693
2011-12-09,1154.9693495963693,1159.8176616336143,1139.8068281169406,1148.505126953125,91662
2011-12-12,1169.2763550681743,1169.2763550681743,1074.403316589007,1091.562255859375,121519
2011-12-13,1074.4510110063065,1111.0503155174704,1067.5589341827758,1086.1912841796875,122023
2011-12-14,1107.39030061601,1109.3866029137694,1084.7177698577757,1093.5111083984375,167171
2011-12-15,1084.8600465171917,1096.8855518286762,1077.5402342634998,1090.7540283203125,201276
2011-12-16,1091.7524925355024,1110.0046834974446,1070.7435635819147,1081.9610595703125,89753
2011-12-19,1079.9170534581897,1086.1437342948764,1064.7545320916993,1075.7342529296875,62228
2011-12-20,1092.2276754100594,1092.2276754100594,1055.153058454338,1065.419921875,227252
2011-12-21,1064.7068494975385,1078.1583029923688,1058.5277472459904,1066.3228759765625,144200
2011-12-22,1067.131035925599,1113.1414904088554,1067.131035925599,1109.29150390625,107009
2011-12-23,1098.5969283161135,1132.2017167679207,1098.5969283161135,1122.6478271484375,145218
2011-12-26,1121.7448944283794,1136.0043634253504,1121.7448944283794,1131.869140625,151147
2011-12-27,1121.7448550153695,1142.4686623137025,1121.7448550153695,1132.01171875,231161
2011-12-28,1135.0536489481613,1146.9841168852138,1111.0502112296176,1117.56201171875,65347
2011-12-29,1121.7447518413358,1121.7447518413358,1085.7158082132569,1100.4981689453125,145752
2011-12-30,1095.174801512997,1121.7448991038898,1095.174801512997,1108.911376953125,44396
2012-01-02,1108.91145618247,1111.2880345283388,1079.9647783473315,1097.028564453125,24412
2012-01-03,1077.2551364854571,1130.300399286673,1077.2551364854571,1117.6094970703125,122519
2012-01-04,1098.169081777668,1113.1415227135012,1075.6867474297303,1085.5257568359375,68602
2012-01-05,1088.4727269272935,1098.6920123547768,1062.9957642812376,1093.3209228515625,97715
2012-01-06,1084.4326913130728,1102.7323444428353,1074.1658265162318,1093.79638671875,42809
2012-01-09,1083.7670664901664,1100.7358089568481,1074.213177213344,1094.889404296875,28622
2012-01-10,1093.2259749540776,1118.7979796639488,1093.2259749540776,1107.4378662109375,98735
2012-01-11,1084.00496688918,1118.7980508357712,1077.3029695031828,1081.580810546875,122747
2012-01-12,1092.7029705625705,1093.22586413252,1069.0323468612125,1090.2789306640625,110665
2012-01-13,1110.2896113872164,1112.1434117663102,1081.247899219836,1106.96240234375,366352
2012-01-16,1093.2260003927393,1110.3373638771475,1093.2260003927393,1102.1143798828125,80620
2012-01-17,1106.5347311110747,1128.3992489938537,1096.9333790756677,1121.4595947265625,146565
2012-01-18,1121.7445457783008,1135.3386150811082,1093.4632743910936,1124.168701171875,126053
2012-01-19,1129.349858857314,1173.9344850798948,1125.1195964601095,1140.519775390625,133180
2012-01-20,1138.095500175862,1168.3256154053488,1127.4484783325825,1153.8284912109375,126539
2012-01-23,1187.3383376035486,1216.8079040292573,1151.3093928614135,1158.2965087890625,142198
2012-01-24,1133.152522190115,1197.130055808494,1133.152522190115,1157.726318359375,63304
2012-01-25,1159.722470573543,1196.8446648565691,1159.2947329567799,1178.4974365234375,175000
2012-01-27,1144.7500519990406,1195.8940573061432,1142.3260120497291,1169.0863037109375,125982
2012-01-30,1177.8319297889298,1177.8319297889298,1115.0902773546527,1131.298583984375,183932
2012-01-31,1150.2635553065188,1178.4972507010568,1140.7572449320849,1154.779052734375,262531
2012-02-01,1165.8540622470337,1185.43704067247,1152.2125284921692,1177.974609375,195335
2012-02-02,1188.241204491776,1206.3507719540062,1178.8300501697493,1200.8846435546875,256275
2012-02-03,1200.8848398733792,1216.8079121614292,1197.1773550572432,1212.8153076171875,304381
2012-02-06,1190.9506270201898,1314.9128232261437,1190.9506270201898,1296.423095703125,418569
2012-02-07,1299.085211559205,1329.9331499273248,1271.089050964085,1293.52392578125,258190
2012-02-08,1293.9039300105085,1329.9328708792636,1283.5896060791463,1318.5728759765625,218501
2012-02-09,1311.8709095464797,1340.3898423627074,1297.6590211105934,1331.50146484375,322396
2012-02-10,1335.684528410307,1349.8964196503503,1307.1180119853743,1314.5804443359375,179067
2012-02-13,1288.6282159319028,1330.8837278743736,1288.2954021648527,1327.5565185546875,90789
2012-02-14,1157.868778686804,1345.143121380811,1157.868778686804,1339.0115966796875,135805
2012-02-15,1345.0955388100585,1392.0567422091121,1340.3899608967886,1368.1959228515625,315221
2012-02-16,1368.1957332476472,1405.0326862880129,1354.9344765706471,1399.6141357421875,156126
2012-02-17,1402.181003154496,1418.2466934502556,1392.7222692456703,1403.4168701171875,247401
2012-02-21,1402.1810214309914,1420.6232899385823,1397.4278654261407,1407.314453125,240228
2012-02-22,1415.489818253714,1420.908369528618,1403.226652898892,1407.45703125,234989
2012-02-23,1390.9636041162585,1401.0878501778075,1347.900077946247,1374.61279296875,341619
2012-02-24,1364.155963535934,1368.2911866277752,1323.611513954473,1333.1654052734375,119477
2012-02-27,1309.3995228692725,1340.3900787870675,1309.3995228692725,1329.980712890625,180583
2012-02-28,1325.7028831024986,1351.7976650288679,1322.8034113134104,1335.58935546875,311245
2012-02-29,1345.095477944492,1364.0606387125479,1326.225473125,1336.9676513671875,131900
2012-03-01,1334.6386892067696,1354.6495233196647,1310.9204860756613,1346.90185546875,75492
2012-03-02,1359.3551177036334,1365.7718786797639,1342.6240308116785,1354.2218017578125,91417
2012-03-05,1332.6898666251116,1332.6898666251116,1311.158047315779,1321.614990234375,54876
2012-03-06,1318.4305172522418,1353.8889936118119,1307.165560033862,1336.207275390625,94447
2012-03-07,1354.6019329757678,1364.0132054185422,1309.0192116387143,1352.4630126953125,288079
2012-03-09,1378.4152252444765,1410.7366856984847,1349.896289549763,1399.9945068359375,179306
2012-03-12,1411.6398466893745,1415.4423717389907,1388.396958741137,1403.1793212890625,151030
2012-03-13,1410.7368250296777,1430.7000819876448,1393.7205018424484,1426.4222412109375,222365
2012-03-14,1430.6998480960283,1444.864275116511,1428.7985858394225,1433.7418212890625,150619
2012-03-15,1436.4038614583003,1444.9595429626847,1406.6966340125214,1409.8812255859375,615232
2012-03-16,1406.9342466300168,1425.3289380646856,1392.674777914172,1407.219482421875,184174
2012-03-19,1402.086059737605,1449.712662354378,1390.7735246062,1408.740478515625,93727
2012-03-20,1425.8520064507309,1449.712830484689,1383.3112529004425,1433.932373046875,290176
2012-03-21,1430.6997858712361,1468.4397936059206,1427.9429325102922,1454.2279052734375,153369
2012-03-22,1459.2189713530795,1467.7746526183419,1404.55767438057,1423.3326416015625,207822
2012-03-23,1426.8975826855146,1455.321481791886,1424.1407287040656,1440.2064208984375,122159
2012-03-26,1438.3048757224335,1444.8642536188975,1406.8864709819466,1417.3909912109375,324719
2012-03-27,1428.751347230795,1441.1571328193793,1413.9690993008212,1420.8135986328125,247067
2012-03-28,1410.8315930835633,1418.3416019864949,1393.9578910492064,1407.694580078125,201933
2012-03-29,1390.0129351229532,1435.4531542375498,1386.3055661689436,1421.3363037109375,240773
2012-03-30,1395.57421260693,1453.5151392006928,1395.57421260693,1439.778564453125,266656
2012-04-02,1412.6379229593438,1444.1037915742318,1412.6379229593438,1421.193603515625,115429
2012-04-03,1429.416907874086,1457.3179158660082,1425.9470801037262,1437.639892578125,56384
2012-04-04,1437.6871327799386,1448.429312210785,1422.857308642907,1439.3983154296875,123861
2012-04-09,1435.4054238999674,1446.3852598351473,1424.5683218864544,1428.798583984375,219494
2012-04-10,1429.7493316059604,1434.3124078052208,1421.47888654413,1425.994384765625,163962
2012-04-11,1418.2941400269594,1426.89739860799,1390.155480358449,1409.40576171875,697580
2012-04-12,1434.787770610961,1434.787770610961,1397.1902588175174,1402.46630859375,82118
2012-04-13,1427.800934844589,1436.1665384611883,1397.4283048406069,1402.51416015625,120535
2012-04-16,1409.8812015044498,1409.8812015044498,1364.4885587426293,1369.9072265625,46976
2012-04-17,1346.7117987239073,1395.5266907536939,1346.7117987239073,1388.5870361328125,136054
2012-04-18,1395.4790514952226,1415.8701607688154,1389.8228421597867,1406.9342041015625,115313
2012-04-19,1453.1825159811756,1453.1825159811756,1390.3932740986036,1396.7625732421875,67906
2012-04-20,1387.0184906994082,1394.9562379644085,1366.2946842425665,1390.7734375,102432
2012-04-23,1381.2671992846642,1403.987309253864,1374.945478295272,1394.33837890625,70986
2012-04-24,1421.2413620309305,1421.4314418721226,1337.7283100462255,1345.9512939453125,214038
2012-04-25,1340.3900496367437,1356.075465111216,1332.9276176046287,1343.241943359375,243718
2012-04-26,1352.1778671900593,1371.4756112819864,1331.1213625104053,1358.64208984375,334353
2012-04-27,1376.5141248975076,1376.5141248975076,1333.7832943025219,1348.7557373046875,300713
2012-04-30,1357.1686792042863,1363.2051642192207,1341.3406462435987,1354.554443359375,101990
2012-05-02,1362.3496007559656,1364.1558233126761,1344.2401453410876,1352.4630126953125,76435
2012-05-03,1358.2618590264135,1360.3532011781226,1334.6861596464598,1346.2838134765625,129613
2012-05-04,1349.8962019975045,1361.3037755355117,1283.3044450518526,1297.4688720703125,283978
2012-05-07,1285.253655587913,1352.178129501857,1275.7473415672923,1343.4322509765625,73553
2012-05-08,1340.3899010670766,1363.2050483192822,1322.660607181074,1335.2564697265625,96926
2012-05-09,1334.3534471321677,1340.9602872577632,1296.8035164194016,1305.69189453125,100948
2012-05-10,1328.0318422187997,1330.6936561082182,1309.3519151448902,1324.13427734375,71704
2012-05-11,1301.746717624364,1326.0353894687712,1289.5311307847835,1301.1287841796875,107131
2012-05-14,1303.9808166138002,1320.902098988152,1285.3484676454077,1307.59326171875,95056
2012-05-15,1321.3773815638415,1336.587480919972,1295.0924054052584,1330.50341796875,78220
2012-05-16,1330.4559518351416,1348.4227888077814,1311.9186433033683,1332.642333984375,262543
2012-05-17,1349.8962731176919,1353.6037579216434,1331.834280730906,1341.1505126953125,367738
2012-05-18,1330.8837760462948,1344.145035825785,1323.8016195127336,1337.300537109375,183412
2012-05-21,1351.7975354741957,1351.7975354741957,1332.9749917272702,1341.1505126953125,76782
2012-05-22,1319.4761666092977,1348.7556553406475,1294.284438644495,1312.774169921875,679644
2012-05-23,1321.2824275152727,1386.3056296970383,1297.61168564528,1301.8895263671875,212492
2012-05-24,1320.189100094993,1320.189100094993,1289.5788213834176,1305.40673828125,200458
2012-05-25,1316.529297424911,1316.6243373451894,1299.9407117793369,1315.6737060546875,180147
2012-05-28,1315.43596169805,1326.1305630126683,1305.644413632459,1317.669921875,136447
2012-05-29,1330.8838415559371,1330.8838415559371,1307.2130985937772,1312.726806640625,198020
2012-05-30,1304.361079630379,1328.792371720771,1301.414146043871,1314.010009765625,248364
2012-05-31,1314.105196275599,1400.8978831524514,1303.743291566208,1353.556396484375,632982
2012-06-01,1335.5892682419717,1416.2978809482981,1331.1213479853236,1393.8154296875,608834
2012-06-04,1392.3420562528108,1397.1426743449806,1327.4138967318613,1336.349853515625,69829
2012-06-05,1328.9825314585842,1348.9933663505217,1309.2569323686232,1314.5804443359375,66725
2012-06-06,1321.567416199741,1338.4886975723844,1320.4742831809758,1327.8416748046875,170151
2012-06-07,1341.3883515995847,1349.8964553761366,1312.821834418623,1317.432373046875,65022
2012-06-08,1315.0556871773094,1335.6368764900003,1315.0556871773094,1330.1231689453125,143154
2012-06-11,1335.5894083667713,1342.291405498739,1311.8712036744053,1316.5767822265625,121522
2012-06-12,1296.2807699512741,1344.953160353324,1296.2807699512741,1340.2950439453125,209046
2012-06-13,1345.1431032586906,1357.9290460558736,1340.3899474167872,1352.938232421875,121414
2012-06-14,1358.4042173872383,1364.1555817627252,1348.3751292521458,1358.689453125,122204
2012-06-15,1358.4520144738049,1389.5851869538728,1358.4520144738049,1378.1776123046875,146479
2012-06-18,1387.921432230713,1399.2814276728745,1355.5999742198608,1370.192138671875,150666
2012-06-19,1354.8871165276562,1384.9746171881714,1351.9401830191932,1374.0423583984375,89041
2012-06-20,1342.2438930014926,1363.633098452768,1328.6973962156846,1358.97509765625,369863
2012-06-21,1354.6018568933493,1403.9872164435142,1344.1924918639918,1393.5302734375,182741
2012-06-22,1331.8341471773185,1405.9833716454348,1296.7083750807892,1384.261474609375,312420
2012-06-25,1383.4536977921834,1414.5392930979644,1383.1684620010337,1400.9927978515625,97117
2012-06-26,1402.1811566334316,1410.9269181081102,1389.0149364392387,1406.6966552734375,117263
2012-06-27,1393.7680445578121,1412.6380518532724,1387.161087676869,1391.15380859375,19104
2012-06-28,1390.0603169866476,1472.5275643784014,1390.0603169866476,1441.15673828125,216751
2012-06-29,1444.9592889671942,1449.5223647183095,1417.7712623967104,1441.632080078125,119731
2012-07-02,1440.2063385988856,1458.2683322842843,1429.1790393470972,1440.063720703125,58955
2012-07-03,1443.0580435468978,1468.725083847139,1440.633887767673,1460.9774169921875,132633
2012-07-04,1464.9227347594976,1469.628312960425,1452.5645286907934,1461.0726318359375,72170
2012-07-05,1460.121869619287,1475.5696258194228,1451.6137672373643,1467.0615234375,91997
2012-07-06,1468.6775888856162,1477.2808474456142,1456.3669615744407,1468.630126953125,49343
2012-07-09,1459.1238355604526,1498.0997143189509,1442.2975938847442,1484.1253662109375,88451
2012-07-10,1487.785662141418,1492.491240974076,1462.2611171915762,1485.8843994140625,128279
2012-07-11,1486.0742817828864,1519.9643086030817,1475.4747202776955,1507.653564453125,95845
2012-07-12,1484.8860550108004,1511.5037307728378,1484.8860550108004,1492.301025390625,26303
2012-07-13,1455.6540428987744,1506.6078526365345,1455.6540428987744,1494.4873046875,127755
2012-07-16,1483.0321897368617,1510.4578755340624,1483.0321897368617,1493.9168701171875,51595
2012-07-17,1483.4598341441706,1504.8490339315745,1483.4598341441706,1487.3099365234375,59955
2012-07-18,1487.7380632310962,1494.4875226095057,1484.1256176823817,1488.21337890625,95859
2012-07-19,1519.0609738077999,1520.9147741449765,1487.7853023414768,1495.3427734375,117800
2012-07-20,1492.443380318884,1501.9022302222877,1479.4673574974413,1489.2587890625,85049
2012-07-23,1487.7853559232583,1527.7593269120862,1475.90246632304,1517.9678955078125,192741
2012-07-24,1520.059525627734,1545.2036783676947,1520.059525627734,1534.7943115234375,265207
2012-07-25,1521.0098451783474,1539.9274283365214,1497.3866842291895,1537.455810546875,230065
2012-07-26,1540.1177702560942,1554.2346220753777,1517.2075787728702,1535.5548095703125,277223
2012-07-27,1546.3917843161137,1560.271093189009,1540.070179435342,1550.5745849609375,233764
2012-07-30,1550.6696116440537,1569.4921563632247,1550.6696116440537,1557.846923828125,48561
2012-07-31,1567.257920598229,1567.257920598229,1551.4298902372263,1558.6546630859375,100021
2012-08-01,1561.887050291614,1565.4043392886092,1553.2363296430167,1558.1795654296875,71971
2012-08-02,1558.1797795523337,1568.5416841899978,1557.1816862887124,1558.98779296875,53102
2012-08-03,1568.5415421073435,1568.5415421073435,1550.7172064015783,1556.80126953125,42879
2012-08-06,1568.8740767518932,1577.0970593115019,1553.3312808408643,1556.9437255859375,77982
2012-08-07,1552.4282930051477,1564.7389203534524,1550.8121503748303,1558.132080078125,203177
2012-08-08,1563.1230250238011,1571.536088454126,1536.2201139863253,1560.5087890625,94304
2012-08-09,1559.9857163461772,1580.6143658730111,1552.5232850312907,1573.7222900390625,66899
2012-08-10,1573.2470357111977,1596.1097621645051,1563.88334173276,1592.9251708984375,101321
2012-08-13,1578.8084806956908,1633.8499391278883,1578.8084806956908,1626.910400390625,105721
2012-08-14,1627.528360090966,1639.7439490609877,1601.1483415725597,1627.3857421875,619868
2012-08-16,1635.085554544706,1639.3158166839862,1617.1186028586735,1636.1312255859375,92441
2012-08-17,1647.3535717552454,1658.0026327191847,1629.8280488106502,1654.5166015625,92555
2012-08-21,1665.9772750031866,1665.9772750031866,1633.3139091328005,1641.6707763671875,60597
2012-08-22,1669.9409172575536,1669.9409172575536,1642.960173241239,1657.6204833984375,46137
2012-08-23,1659.0054334320037,1666.1206627722763,1641.6708787136943,1648.881591796875,23407
2012-08-24,1651.3167815706731,1651.6033493353773,1633.5524948026782,1646.1116943359375,41151
2012-08-27,1642.8648061447711,1679.0142070231955,1628.3954624428602,1672.6629638671875,55521
2012-08-28,1672.328559210631,1690.8569514876272,1641.0499982088331,1656.5220947265625,82735
2012-08-29,1652.2719265584988,1665.0220941197044,1634.5553225613887,1640.142578125,53149
2012-08-30,1626.1986625018458,1651.9378850998196,1615.0243831263485,1635.606201171875,82143
2012-08-31,1640.8112448815182,1642.7213860280624,1609.3417161265068,1617.7940673828125,157295
2012-09-03,1617.8896291457334,1617.8896291457334,1582.552016230508,1590.861083984375,86225
2012-09-04,1585.41716493833,1603.468022241829,1581.6446827765476,1595.0633544921875,92925
2012-09-05,1571.6639972745845,1615.8838082218406,1571.6639972745845,1599.7908935546875,69033
2012-09-06,1611.1561602680983,1624.81371528066,1586.8018621110627,1615.2152099609375,120676
2012-09-07,1671.325753623157,1671.325753623157,1614.0693176577124,1658.2413330078125,98264
2012-09-10,1678.9662666656934,1680.9242079740593,1653.3226451055145,1676.1966552734375,62930
2012-09-11,1703.4639818291164,1703.4639818291164,1667.5533488368408,1677.15185546875,145223
2012-09-12,1693.0059234352218,1693.3401748282713,1662.5869481239033,1682.4046630859375,79867
2012-09-13,1676.1488209910635,1685.6040427856012,1631.1650212491393,1641.0977783203125,78260
2012-09-14,1666.5026810539596,1684.2191703901494,1647.592236905075,1675.62353515625,102859
2012-09-17,1713.3487212994032,1713.3487212994032,1659.912572072121,1684.17138671875,49465
2012-09-18,1685.6039877297942,1728.6776449582885,1665.6907906616527,1723.8544921875,140748
2012-09-20,1723.1380985120595,1765.6387345053047,1691.6685731019231,1755.0374755859375,150573
2012-09-21,1783.1165707727823,1783.1165707727823,1738.5625099481065,1755.0374755859375,156568
2012-09-24,1757.330020296084,1757.330020296084,1739.5657292776373,1749.92822265625,111426
2012-09-25,1749.689536042417,1766.8808087764585,1740.1388289679498,1753.79638671875,89045
2012-09-26,1726.7679024370027,1809.7635732772656,1726.7679024370027,1800.308349609375,149581
2012-09-27,1771.7036529818974,1900.3994083282969,1771.7036529818974,1863.1993408203125,848708
2012-09-28,1869.0731761860131,1919.405350494477,1852.8369758818933,1879.4356689453125,380939
2012-10-01,1889.0816793818856,1931.0092983268894,1871.9382102640252,1924.037353515625,158624
2012-10-03,1924.4671785527391,1938.3157016738382,1900.9246659297182,1919.9783935546875,242144
2012-10-04,1921.6021216787337,1967.206744596308,1884.975186066276,1892.997802734375,196250
2012-10-05,1918.736997028163,1921.9842606588552,1658.2892691032002,1882.539794921875,344640
2012-10-08,1889.0818734811792,1929.2426394162048,1872.272653999459,1915.5850830078125,99301
2012-10-09,1929.051596461501,1971.170068969407,1914.725537818364,1963.95947265625,114765
2012-10-10,1962.1924420495966,1981.2460528593858,1949.2989896438194,1956.79638671875,73364
2012-10-11,1956.9394455910804,1965.153145122291,1941.801601552146,1947.1021728515625,145668
2012-10-12,1934.9729905024315,1981.7236486485278,1934.9729905024315,1952.832763671875,260402
2012-10-15,1955.0293409142462,1966.394586755011,1944.5235652669298,1948.4393310546875,73123
2012-10-16,1925.4223430330276,1959.804884872903,1918.1160295749005,1935.1163330078125,61227
2012-10-17,1941.6584074434024,1948.3439012221058,1927.3801495074756,1936.644287109375,152077
2012-10-18,1942.6136942039502,1962.6701777724277,1937.8383409733603,1948.5828857421875,233635
2012-10-19,1957.798972115754,1957.798972115754,1911.0961168028216,1920.2647705078125,98678
2012-10-22,1941.6585611582873,1947.3889848508352,1900.6383248601064,1931.58251953125,317793
2012-10-23,1948.153087977482,1948.153087977482,1912.0513720801234,1931.58251953125,71073
2012-10-25,1924.4670617194608,1959.8046702969398,1919.6917092089907,1951.2568359375,301396
2012-10-29,1948.3441781303568,1954.40885360297,1931.2007061384709,1943.903076171875,42392
2012-10-30,1943.8551980749955,1943.8551980749955,1911.334998192247,1922.50927734375,132221
2012-10-31,1898.6804302853259,1919.596500596066,1893.9050770904435,1906.511962890625,105834
2012-11-01,1901.5459214087412,1920.6951371662335,1886.3602727021314,1907.849365234375,137231
2012-11-02,1932.1078609994518,1936.883214091393,1921.3633165425838,1929.099365234375,53087
2012-11-05,1929.2426630435934,1936.6922605550003,1903.3602724159546,1924.371826171875,86222
2012-11-06,1924.4673931238867,1932.8720616239486,1924.4673931238867,1929.1949462890625,171063
2012-11-07,1926.3773380265397,1938.7932554258184,1912.0990796516744,1931.9644775390625,117144
2012-11-08,1929.242617171543,1934.017970184344,1906.320922710099,1925.040283203125,104658
2012-11-09,1930.1976716546992,1962.8132391911374,1920.6947658728927,1932.0123291015625,121206
2012-11-12,1926.3774015990964,1950.1586828735217,1912.1468263316076,1924.562744140625,66891
2012-11-15,1889.1294854263042,1889.1294854263042,1783.7851606107472,1832.828125,576784
2012-11-16,1834.6907722585909,1847.058890903171,1814.7297717731876,1828.3873291015625,239750
2012-11-19,1829.055889132235,1833.7357589174615,1800.8813032530343,1820.030517578125,164842
2012-11-20,1820.4598731291003,1833.735376515819,1800.3079087147494,1815.1593017578125,392978
2012-11-21,1822.2743831561163,1852.9799208435325,1793.6222702134103,1845.578125,181052
2012-11-22,1834.6905822602066,1848.0137702029597,1797.060778130429,1814.1087646484375,187404
2012-11-23,1814.634054323203,1827.9572419298504,1797.9203196123312,1810.861572265625,179933
2012-11-26,1814.634137578065,1826.0949847627687,1773.5661018328774,1784.6448974609375,228061
2012-11-27,1795.3417627116226,1812.4852333682977,1778.6757107697651,1794.243408203125,231781
2012-11-29,1797.1084325257964,1846.8197821791107,1797.1084325257964,1828.76904296875,419354
2012-11-30,1810.5275146147837,2057.4132953727576,1788.942939691591,1854.17431640625,2041947
2012-12-03,1900.5904058319788,1926.1385431968058,1896.770123609201,1909.90234375,173745
2012-12-04,1907.276000868713,1907.276000868713,1880.1042887525368,1891.756103515625,121777
2012-12-05,1905.0793261802726,1915.6807033704013,1849.207694702029,1865.01416015625,139546
2012-12-06,1877.6689295316642,1900.5906255178086,1834.5952658081894,1891.2786865234375,147763
2012-12-07,1892.9499959625098,1902.0231669825116,1864.6799285226052,1874.03955078125,139448
2012-12-10,1874.8034463616107,1876.8090711531497,1853.7918947467583,1860.0953369140625,127419
2012-12-11,1872.893470536851,1910.1412244129026,1862.9607128527502,1889.9892578125,120525
2012-12-12,1894.8600539984573,1906.3209010992543,1840.2300627856305,1857.134765625,183915
2012-12-13,1862.387689676318,1876.7137488276742,1835.6457125937861,1861.67138671875,97830
2012-12-14,1866.2076941755663,1908.1353110312564,1866.2076941755663,1903.2166748046875,119553
2012-12-17,1909.9503052134303,1909.9503052134303,1871.0311767820374,1890.2757568359375,94070
2012-12-18,1893.18864005502,1933.9224232401743,1885.5958756471068,1922.8436279296875,129606
2012-12-19,1941.658396485256,1941.658396485256,1919.023271453696,1926.3294677734375,196911
2012-12-20,1910.379853621773,1938.697718538668,1910.379853621773,1922.0794677734375,129878
2012-12-21,1910.140878080018,1926.0428242071835,1883.9242411626685,1899.2530517578125,522262
2012-12-24,1898.680232377497,1904.3628554527738,1854.0306846593642,1868.643310546875,100104
2012-12-26,1867.067306837473,1892.4721583178268,1866.1599199289683,1888.078857421875,119760
2012-12-27,1891.1353261568663,1918.116071383189,1867.4496445468135,1878.2896728515625,256165
2012-12-28,1881.4890268895808,1887.123966581682,1867.4017359522097,1883.160400390625,78933
2012-12-31,1872.8935506094297,1910.1413060779498,1862.7220248374101,1897.056884765625,1059236
2013-01-01,1905.365619827868,1938.793086842392,1901.2587701032112,1931.9166259765625,49967
2013-01-02,1940.9422832339537,1951.59134405046,1935.9281624382945,1943.8074951171875,67886
2013-01-03,1948.344099325935,1963.625229516727,1925.7089718651334,1933.874755859375,66389
2013-01-04,1928.2876719388041,1956.9397918784593,1912.0514706396661,1950.1588134765625,55076
2013-01-07,1953.3581912100758,1954.552029488532,1925.4223754942002,1949.0125732421875,47458
2013-01-08,1951.2091961629362,1951.2091961629362,1919.6918670031826,1928.4307861328125,52801
2013-01-09,1915.0121314983728,1930.1977781069177,1857.9466603247517,1874.182861328125,150457
2013-01-10,1882.8259864250042,1902.7869829738452,1805.0832252581126,1813.8221435546875,683216
2013-01-11,1815.63682761179,1815.63682761179,1776.4311368023607,1798.684326171875,134174
2013-01-14,1800.3081115088726,1800.3081115088726,1763.251324966584,1782.3050537109375,187086
2013-01-15,1782.3051195706312,1848.0617106076559,1762.6306874673633,1834.260986328125,195235
2013-01-16,1834.6907426377434,1843.2385784326932,1814.682058892948,1834.4041748046875,387028
2013-01-17,1838.5586503214186,1841.7581134188274,1805.274347635652,1824.51904296875,115719
2013-01-18,1829.1988584511232,1838.3198287759158,1796.5354924974995,1823.5162353515625,217897
2013-01-21,1812.7239563207643,1854.7470617359982,1781.4453949037438,1844.6710205078125,218770
2013-01-22,1842.0446161185926,1870.9833018784307,1824.4236102160655,1865.205078125,130052
2013-01-23,1876.7134471190714,1900.1126733045253,1862.387390270834,1866.8284912109375,168341
2013-01-24,1868.1180922685921,1885.7868983559997,1850.353802438406,1862.244384765625,163392
2013-01-25,1867.115018701163,1867.115018701163,1814.7294253357131,1830.535888671875,106549
2013-01-28,1871.9383397247348,1871.9383397247348,1794.4343387194888,1801.7884521484375,224252
2013-01-29,1801.7882727286894,1829.915051918501,1767.1669675971416,1773.661376953125,222058
2013-01-30,1781.3976306125214,1805.704247253844,1776.8610452774783,1799.687255859375,214238
2013-01-31,1799.8306303731179,1828.7693175488464,1785.9821060216134,1817.0697021484375,154726
2013-02-01,1831.825447457191,1840.4210830292009,1635.4151513196143,1755.1810302734375,290743
2013-02-04,1803.841887058288,1827.4798856069679,1790.7574658090853,1812.103271484375,220610
2013-02-05,1795.5325968750026,1846.05585124252,1790.852727959613,1838.892822265625,144330
2013-02-06,1839.4658793064746,1891.039689006656,1825.1398210564244,1874.46923828125,229127
2013-02-07,1874.4694431639202,1886.2645424285338,1822.4180924994366,1834.977294921875,211928
2013-02-08,1837.5556784316336,1856.2273537111228,1782.591323432601,1799.7825927734375,116674
2013-02-11,1794.5777161650403,1838.3676812918284,1776.5268579167957,1826.7635498046875,92944
2013-02-12,1831.8253344036827,1842.9519297468012,1808.378305517235,1833.9742431640625,71204
2013-02-13,1836.6006686510657,1861.4325029646006,1819.4093987416954,1855.9886474609375,135113
2013-02-14,1841.4714784327184,1878.6237456262616,1841.4714784327184,1865.4437255859375,164604
2013-02-15,1853.7920314650462,1864.29780804728,1824.2803266578003,1843.2862548828125,84250
2013-02-18,1834.6904873294247,1842.3310515660908,1814.968257576379,1820.1734619140625,45828
2013-02-19,1822.2747077839679,1875.7586614715476,1805.2267208632052,1856.322998046875,58587
2013-02-20,1867.1628706489848,1877.668646391767,1838.7495226173698,1861.8621826171875,115636
2013-02-21,1839.7524579763783,1864.297724622192,1839.609174075879,1851.499755859375,349520
2013-02-22,1837.651300641628,1862.3876522632002,1834.3563537373147,1853.696533203125,115275
2013-02-25,1857.6121508641227,1857.6121508641227,1815.9232995854193,1826.1903076171875,101791
2013-02-26,1815.5890959571198,1832.4461142998598,1805.3220876554158,1820.077880859375,160911
2013-02-27,1822.2745478445356,1826.4290812795457,1807.1367034555362,1814.824951171875,171757
2013-02-28,1814.299711533225,1881.5843821019982,1756.8521972328945,1784.1195068359375,336658
2013-03-01,1785.9819119047802,1832.780368419932,1781.1587590377924,1801.8360595703125,157185
2013-03-04,1779.2964485683306,1780.2515191258015,1754.4646140740865,1765.2569580078125,224083
2013-03-05,1771.6560801977114,1824.0894829234132,1748.7343842814068,1815.684814453125,198297
2013-03-06,1805.0834245653834,1824.1848364655461,1801.5973935764505,1814.7296142578125,281284
2013-03-07,1811.7687146651826,1811.7687146651826,1783.8329029076936,1794.864013671875,182545
2013-03-08,1788.9428828573293,1832.7806507654884,1788.9428828573293,1815.255126953125,94307
2013-03-11,1805.083548345249,1821.1287820759608,1805.083548345249,1811.76904296875,126256
2013-03-12,1814.5863678995888,1833.6400966157287,1794.1001498470614,1819.5050048828125,233356
2013-03-13,1814.6342916644749,1833.7357052609432,1812.628666554001,1819.743896484375,238225
2013-03-14,1808.9990383706456,1831.8252469865342,1804.12820206338,1822.9908447265625,148291
2013-03-15,1824.423584693082,1853.7920051769518,1824.423584693082,1836.7440185546875,323989
2013-03-18,1824.1849624143065,1850.4494055904288,1812.9628821481451,1818.40673828125,179606
2013-03-19,1819.4094581605848,1835.5501743086636,1776.8610171110276,1799.30517578125,167962
2013-03-20,1796.487962085057,1796.487962085057,1731.208903951647,1762.0576171875,330057
2013-03-21,1752.649923990581,1809.858672632638,1752.649923990581,1776.47900390625,138420
2013-03-22,1767.167209331675,1806.516072119154,1763.8721457514475,1770.223388671875,190641
2013-03-25,1776.5267275533695,1791.7601729558157,1772.658761732005,1779.0098876953125,153900
2013-03-26,1771.6559550366478,1781.2544611578105,1754.2737168290853,1765.209228515625,139906
2013-03-28,1747.7791732672833,1808.8558906386838,1735.0766878327288,1784.9791259765625,407233
2013-04-01,1776.479138781079,1798.2069952077013,1758.2849969851384,1781.3499755859375,257210
2013-04-02,1774.5211563766497,1781.2066505072398,1747.779179854289,1772.8975830078125,235315
2013-04-03,1774.0432390435678,1781.6360019653398,1749.927711837188,1768.5037841796875,144084
2013-04-04,1757.329808592543,1764.0153024295798,1653.3226025820607,1665.022216796875,204519
2013-04-05,1664.3537593556043,1708.6212571501967,1659.00538745753,1691.955322265625,95182
2013-04-08,1690.5703138689303,1717.2168048475085,1675.5279530923183,1709.2896728515625,126990
2013-04-09,1719.1271303406227,1749.402822612869,1707.6662828050185,1719.6524658203125,162801
2013-04-10,1724.141110228179,1727.7226247903482,1679.157310644488,1711.5819091796875,95262
2013-04-11,1721.2757411404616,1723.902184912489,1691.4297891856054,1707.283935546875,154332
2013-04-12,1705.7560309641515,1742.048712474027,1691.6687401149234,1733.8828125,132134
2013-04-15,1728.677574965816,1801.1196478150505,1728.677574965816,1788.2261962890625,238120
2013-04-16,1776.4314024169516,1825.8085082046623,1767.549198770558,1811.625732421875,332577
2013-04-17,1805.561113923992,1819.4096387332477,1801.4065797983703,1812.389892578125,276803
2013-04-18,1807.948770301436,1848.06173826375,1790.757498317587,1841.0419921875,174586
2013-04-22,1845.005326560201,1845.005326560201,1774.5210736630688,1787.510009765625,289632
2013-04-23,1795.5327028504557,1795.5327028504557,1771.7037383485283,1781.7796630859375,222160
2013-04-25,1785.0268986062752,1852.836909200735,1785.0268986062752,1843.2384033203125,437288
2013-04-26,1842.7606574268789,1847.7270937838423,1796.5830238773788,1822.656494140625,115233
2013-04-29,1829.1988752572179,1843.2861659033706,1800.4989585268534,1832.0640869140625,80984
2013-04-30,1827.1456605338003,1833.7356714201212,1791.044059454181,1815.446044921875,225526
2013-05-02,1814.634049398324,1842.4743793154557,1782.8779535338533,1798.0635986328125,279898
2013-05-03,1798.397781210504,1817.9767267839588,1781.206511926495,1801.549560546875,187931
2013-05-06,1805.4177860772845,1833.7356542636671,1796.726666449752,1825.6175537109375,374197
2013-05-07,1825.6173675753457,1849.9716667504288,1819.9824279784684,1841.9013671875,410178
2013-05-08,1845.1962236817892,1907.1803230429093,1838.5107301177247,1889.3204345703125,972546
2013-05-09,1891.0398378476991,1918.7368859777916,1891.0398378476991,1912.0513916015625,242692
2013-05-10,1907.7534151015848,1932.2509979167871,1881.7277427303616,1888.7952880859375,174154
2013-05-13,1891.3264772967136,1899.6355454161094,1855.7977787431983,1867.92724609375,84152
2013-05-14,1876.6183268505913,1890.9443864734735,1870.076116273296,1885.0706787109375,152281
2013-05-15,1891.0397974383143,1898.680362276449,1869.980443968899,1884.879638671875,241041
2013-05-16,1884.8796148511178,1917.4474987449264,1878.719339576764,1912.8154296875,171224
2013-05-17,1919.596218137193,1943.5684643309548,1919.0708827287478,1926.138427734375,149468
2013-05-20,1926.3775152055352,1976.0889895376374,1919.739820773569,1929.29052734375,192118
2013-05-21,1931.1527699674955,1933.9224980486972,1827.6708928761534,1842.4744873046875,236742
2013-05-22,1851.547477447369,1880.5338442639975,1841.13718551545,1862.674072265625,122934
2013-05-23,1848.0618131222006,1885.2140868426918,1839.3228928592732,1866.3514404296875,157237
2013-05-24,1867.401720901374,1879.5788705965497,1839.2271392537123,1856.84814453125,113566
2013-05-27,1853.8875583558045,1934.0180067424349,1853.8875583558045,1923.177978515625,123617
2013-05-28,1924.4673921700426,1924.4673921700426,1876.7616590331893,1891.2786865234375,87550
2013-05-29,1886.2644040471553,1899.0145730307768,1857.7077702586048,1889.4638671875,66529
2013-05-30,1874.0874018319664,1910.1413192324794,1869.8373840309837,1898.728271484375,140533
2013-05-31,1895.8149094880794,1904.7447951904321,1771.799030539725,1793.908935546875,147689
2013-06-03,1802.2183446410902,1808.665071629075,1757.8075587238613,1775.046630859375,190310
2013-06-04,1785.886560650482,1805.0834566340395,1748.3522389655304,1784.5494384765625,223198
2013-06-05,1776.5267375581113,1781.2066066514526,1748.3044722674506,1770.6053466796875,100082
2013-06-06,1764.4927648565326,1819.4093191078184,1744.9138194278132,1809.4765625,127647
2013-06-07,1813.6791010133502,1816.8785642619653,1770.6531230990788,1776.622314453125,127357
2013-06-10,1781.3019487362287,1819.7913361424733,1781.3019487362287,1808.378173828125,86536
2013-06-11,1800.3079694693447,1800.3079694693447,1747.7790897235548,1774.2344970703125,102398
2013-06-12,1767.1672128095258,1776.4791513439302,1747.4926647912973,1758.3804931640625,100511
2013-06-13,1733.4530578102492,1753.222971669979,1724.045636158018,1740.3773193359375,117814
2013-06-14,1763.0603904113443,1800.0215773138286,1738.2285539266775,1789.8023681640625,137306
2013-06-17,1790.996240697428,1831.4434595045427,1763.5379594442345,1825.3787841796875,38646
2013-06-18,1806.9936039187064,1822.035966107776,1779.2965560785146,1782.0662841796875,126631
2013-06-19,1794.2911527199458,1794.2911527199458,1738.5628045662315,1755.3243408203125,306135
2013-06-20,1739.1835636523115,1742.0487754540452,1695.5368838402094,1735.36328125,387248
2013-06-21,1724.8575011992264,1746.728641225938,1696.2053832391064,1731.686279296875,117462
2013-06-24,1719.365775442141,1724.3320957192648,1683.789397086235,1701.649169921875,110002
2013-06-25,1695.2502074084805,1729.5849466650698,1695.2502074084805,1705.9947509765625,90759
2013-06-26,1718.171968410831,1718.171968410831,1681.019699639992,1695.87109375,104592
2013-06-27,1718.1717211270648,1812.72369466324,1695.8230495195467,1793.240234375,378206
2013-06-28,1791.56924797901,1814.6342273970265,1782.16182543308,1792.6676025390625,210562
2013-07-01,1794.5777208134584,1861.4326651758545,1792.3333281413036,1845.4830322265625,167922
2013-07-02,1838.5109217768697,1850.688072037989,1821.128683332559,1836.791748046875,72997
2013-07-03,1815.9234230775462,1835.5978536987693,1809.8587482146659,1823.229736328125,66479
2013-07-04,1831.108930710791,1838.1764757842388,1817.7857437639661,1821.3194580078125,35677
2013-07-05,1837.5558031006651,1844.2412971867902,1805.4176546409253,1839.7047119140625,32102
2013-07-08,1805.1787718859746,1857.6121669065553,1765.6388289236143,1803.220947265625,396469
2013-07-09,1838.5109037674242,1850.735854073535,1804.510413747372,1843.5250244140625,86087
2013-07-10,1843.28613576954,1886.598561290289,1827.8617232851973,1865.4437255859375,155998
2013-07-11,1888.0792478336255,1898.680509048886,1879.2448440566122,1891.1832275390625,244998
2013-07-12,1910.093167550676,1910.093167550676,1833.2577937588758,1852.5501708984375,222931
2013-07-15,1850.8313270700712,1862.3876579380722,1838.3199256082557,1854.412841796875,103916
2013-07-16,1832.685020702128,1854.747128522393,1814.4431953299006,1846.6290283203125,75689
2013-07-17,1859.5827239570071,1892.2069822720425,1842.406988064954,1861.645751953125,313681
2013-07-18,1858.5270985755433,1860.5421026973966,1835.2103043814593,1846.48486328125,100045
2013-07-19,1856.51218030944,1856.51218030944,1832.7156165510457,1852.146240234375,124511
2013-07-22,1845.0454968648164,1856.89575410305,1804.4091327494316,1841.927001953125,137252
2013-07-23,1851.9063726177633,1864.380353365966,1814.9641988634712,1833.33935546875,110509
2013-07-24,1823.1202043920628,1847.1566518339378,1808.7271501468622,1841.1595458984375,63243
2013-07-25,1837.513415291144,1843.2226137760774,1767.4672119928393,1779.1256103515625,309950
2013-07-26,1770.4897626010843,1802.8741371490355,1770.4897626010843,1789.488525390625,58028
2013-07-29,1766.5077269548142,1818.2267979002213,1761.7100416561864,1804.50537109375,127930
2013-07-30,1810.0706685861408,1818.3226635804144,1785.698404708787,1796.013427734375,33492
2013-07-31,1789.3447315249725,1813.4769945445046,1749.763828348898,1762.333740234375,89031
2013-08-01,1760.654481371413,1760.654481371413,1730.3331353109515,1744.3902587890625,218721
2013-08-02,1747.556762625922,1758.7832986823685,1684.6111588025587,1707.1602783203125,63123
2013-08-05,1707.975865128758,1722.9926426500472,1692.6232730826569,1701.6429443359375,122191
2013-08-06,1688.7851987003817,1700.4435972198798,1589.3291605893578,1603.0025634765625,277493
2013-08-07,1602.4268360282663,1610.0072019722018,1559.1996460842117,1576.135498046875,460038
2013-08-08,1566.1563581317616,1616.4841477103305,1566.1563581317616,1604.2020263671875,399982
2013-08-12,1612.2624076630248,1649.444474794072,1560.783212583128,1620.514404296875,125092
2013-08-13,1607.5603586984525,1640.6164800494735,1579.254015980407,1627.0869140625,148869
2013-08-14,1630.25339853924,1669.5944163968672,1603.5782225053333,1657.840087890625,166735
2013-08-16,1649.444022860493,1678.9017604768737,1571.6255993675575,1615.8602294921875,343203
2013-08-19,1625.4556324421005,1625.4556324421005,1570.905978947202,1587.6978759765625,286552
2013-08-20,1570.7624328329791,1591.8242280090938,1550.6601748791206,1580.4537353515625,267966
2013-08-21,1596.5738613013007,1596.5738613013007,1540.0571006608193,1560.1114501953125,365998
2013-08-22,1544.8546732515701,1581.98871078106,1539.2414048525993,1568.3153076171875,1088048
2013-08-23,1554.4500889405854,1573.6408307793579,1501.6755488839606,1516.740234375,624269
2013-08-26,1522.0174624070683,1545.6221650689677,1509.3516215263699,1531.8048095703125,142479
2013-08-27,1519.1869557039122,1540.0568854601477,1477.6869804415126,1487.9539794921875,183236
2013-08-28,1465.7409009776588,1472.8894053106467,1391.3287542022395,1404.474365234375,528963
2013-08-29,1410.5194102720998,1429.7101505479106,1354.7703331970656,1389.361572265625,311732
2013-08-30,1382.6930307977068,1437.8664168288435,1370.2190478689279,1415.17333984375,272543
2013-09-02,1429.326533929534,1471.8340770835314,1409.3202075162692,1437.7705078125,68125
2013-09-03,1448.900854264079,1458.4962241598678,1382.6928019831378,1386.2430419921875,148101
2013-09-04,1391.040702711831,1447.701407811975,1345.606650472809,1427.791015625,673692
2013-09-05,1454.65825840066,1518.947244754779,1438.3461275346895,1477.1114501953125,104681
2013-09-06,1477.6869443439296,1559.1516571044108,1413.6378511394119,1536.2667236328125,173597
2013-09-10,1542.9354925420937,1679.2377699390163,1538.905484003518,1638.409423828125,180094
2013-09-11,1640.808239382078,1669.5943488449213,1618.9307493379251,1664.6527099609375,201269
2013-09-12,1711.8140197670832,1754.0336480573028,1655.5371509040374,1687.681640625,699672
2013-09-13,1679.1897655158969,1688.689205329869,1632.7002442887213,1651.21923828125,175614
2013-09-16,1678.7579970780605,1693.5827968039234,1573.640672384382,1582.03662109375,170288
2013-09-17,1582.2763845929046,1640.8081368428545,1567.8353070624546,1630.876953125,102371
2013-09-18,1631.0690127632895,1660.8146609804112,1616.484096618902,1647.5731201171875,172239
2013-09-19,1684.5150573547946,1714.7404698072032,1662.8774533340952,1695.1658935546875,229392
2013-09-20,1697.4211097905404,1808.679388365059,1675.495710741491,1779.3656005859375,164273
2013-09-23,1756.0485603611407,1799.1317931267445,1712.9653275955372,1718.1468505859375,81288
2013-09-24,1727.1665929600808,1755.9046791405522,1718.5307599952805,1746.21337890625,119691
2013-09-25,1736.7618721610388,1740.5040896764206,1700.6833064196896,1724.2398681640625,206689
2013-09-26,1727.0706710393563,1763.197262543021,1704.0417830218464,1735.5145263671875,183798
2013-09-27,1731.0047391846635,1774.183903964769,1719.4902952433022,1754.9931640625,135378
2013-09-30,1737.7214980704755,1764.5885339324154,1717.6671514473312,1736.09033203125,98176
2013-10-01,1744.4383661737672,1749.0441908906478,1718.5308656860382,1739.9285888671875,134817
2013-10-03,1746.3574244557676,1834.6348327249602,1740.7441561605,1815.444091796875,231321
2013-10-04,1802.0103454332932,1863.2288481103062,1802.0103454332932,1833.099365234375,234871
2013-10-07,1805.848689960822,1840.248069050616,1789.344699901778,1828.3018798828125,70564
2013-10-08,1830.7966888573312,1871.7688739830326,1818.3227072246555,1865.9637451171875,203336
2013-10-09,1851.9543374250215,1899.883161230958,1842.9825732366508,1890.3358154296875,210070
2013-10-10,1888.3688519798864,1913.5566987098011,1871.0971856508022,1895.6134033203125,149948
2013-10-11,1904.9207815950913,1919.073951991025,1873.3519916586433,1890.6236572265625,80609
2013-10-14,1885.2982626295104,1907.6074969112785,1866.8750827504966,1896.95654296875,128323
2013-10-15,1895.085569475337,1912.2613051514616,1845.957322070951,1894.4139404296875,166800
2013-10-17,1898.9236571830006,1918.1143965178464,1866.5392845554481,1880.740478515625,192215
2013-10-18,1892.3027280396777,1907.559388425614,1869.4658197244328,1885.106201171875,319394
2013-10-21,1799.1318895908078,1904.4890998976384,1795.2937415596807,1879.5411376953125,620446
2013-10-22,1866.1076795200129,1887.4093549245194,1852.0983450516765,1881.5081787109375,142931
2013-10-23,1875.8946945831576,1885.4900638649128,1833.6750697434343,1858.527099609375,218516
2013-10-24,1854.7850623310724,1895.0856172291092,1846.0532988626944,1871.8648681640625,199926
2013-10-25,1862.4613669220073,1885.490255539281,1847.4926127469764,1870.617431640625,112066
2013-10-28,1875.9906976350685,1883.523039387294,1858.8629862288033,1865.435791015625,128024
2013-10-29,1856.9920242267817,1914.2283132277166,1852.5780602714285,1905.976318359375,151516
2013-10-30,1907.5594929822344,1927.7097693165538,1877.8138469649057,1891.1993408203125,196038
2013-10-31,1885.4901388275578,1897.9641193897755,1873.0161582653398,1887.2652587890625,190493
2013-11-01,1885.4901510250795,1890.2398121867209,1874.983268028247,1883.09130859375,91518
2013-11-05,1879.7329534978485,1909.4786000309948,1863.324894481567,1872.152587890625,51326
2013-11-06,1872.0565466381777,1886.4496005590247,1857.6634927173307,1867.6427001953125,89278
2013-11-07,1882.6115852649098,1882.6115852649098,1842.3110314518995,1857.27978515625,94254
2013-11-08,1856.7041101999214,1861.02202673527,1825.2792731926618,1848.5960693359375,166644
2013-11-11,1832.7155464976415,1844.1819660225542,1810.6942206839992,1827.3421630859375,94646
2013-11-12,1829.3091919680019,1836.5537428740495,1801.8185517473175,1808.0555419921875,279587
2013-11-13,1802.7781096829106,1821.0093121492612,1773.8959531235407,1790.927734375,79055
2013-11-14,1812.5655040680786,1845.1897640671864,1785.6025361420725,1801.242919921875,112983
2013-11-18,1823.120169890278,1874.8392339254654,1810.358281848657,1856.6080322265625,120808
2013-11-19,1844.2300524710847,1862.605208834232,1832.7156088552404,1844.278076171875,57876
2013-11-20,1842.3108929803302,1856.5120862994424,1813.5728089760726,1817.794677734375,66367
2013-11-21,1809.782757359668,1809.9747350430396,1760.7024151607673,1770.585693359375,92132
2013-11-22,1762.1898455454977,1782.3881479104086,1727.166742162753,1741.7996826171875,186940
2013-11-25,1742.7591751479908,1828.6377415214224,1742.7591751479908,1812.277587890625,179285
2013-11-26,1795.5816365220103,1818.0347086368527,1767.7550634976856,1778.5018310546875,179742
2013-11-27,1780.1809608446665,1799.1318159729146,1762.7653414398533,1795.4376220703125,132723
2013-11-28,1803.9294192835948,1843.606247712388,1795.6294014548455,1833.099365234375,194197
2013-11-29,1834.6348672167062,1853.7296782253372,1824.0319358022055,1830.6048583984375,86105
2013-12-02,1819.761875007431,1856.6560248827147,1818.418499814818,1822.5445556640625,96462
2013-12-03,1807.7675554591685,1837.513199949208,1807.7675554591685,1819.0421142578125,85852
2013-12-04,1813.524875340996,1813.524875340996,1789.5364510639988,1799.70751953125,60472
2013-12-05,1828.157900798934,1841.1116505224797,1790.112234666175,1795.91748046875,140143
2013-12-06,1794.3343750095298,1818.1309419155295,1778.502012877093,1805.22509765625,108839
2013-12-09,1841.3516827663177,1863.0371976572212,1813.5731307567635,1850.46728515625,288728
2013-12-10,1856.6083187817833,1882.0839579670837,1833.6753591526813,1845.7655029296875,181876
2013-12-11,1835.9781371452577,1851.7145675250408,1819.2821697561096,1830.70068359375,74335
2013-12-12,1831.7561810243874,1831.7561810243874,1784.7388667917028,1795.6776123046875,65531
2013-12-13,1790.4960707960379,1790.4960707960379,1711.622174979924,1727.8382568359375,145893
2013-12-16,1746.3572752401033,1746.3572752401033,1689.8405246097088,1698.6683349609375,101505
2013-12-17,1711.8139745435874,1711.8139745435874,1679.1897171812097,1682.8839111328125,113867
2013-12-18,1684.4670805600022,1702.2185137644226,1678.4219510488103,1682.404052734375,207048
2013-12-19,1693.4388136548698,1693.4868373562028,1655.2012884748497,1660.0469970703125,113356
2013-12-20,1660.0470347942921,1697.4209541164823,1636.0105860760896,1673.6243896484375,150909
2013-12-23,1687.8258433570454,1709.8951977613729,1678.8061707395116,1694.87841796875,120041
2013-12-24,1703.0342774457893,1730.477013128778,1703.0342774457893,1723.76025390625,161856
2013-12-26,1714.212803412345,1741.5596071611565,1696.0296246142107,1707.8798828125,257265
2013-12-27,1727.4064365441975,1741.5596069033293,1692.9111291992474,1698.428466796875,95471
2013-12-30,1715.6521113911285,1715.6521113911285,1659.9989668381725,1668.82666015625,60040
2013-12-31,1674.3921045742843,1698.380530141251,1669.2105812256225,1692.71923828125,70342
2014-01-01,1697.4207603084817,1701.2589078727744,1675.3514118137982,1697.66064453125,51796
2014-01-02,1689.264729866102,1705.9606955244292,1656.1607064748039,1661.0543212890625,81220
2014-01-03,1650.403636327142,1682.5001020533211,1636.1065116327632,1657.312255859375,78848
2014-01-06,1656.6405975916123,1662.6857274239212,1637.8336961913988,1654.5296630859375,65748
2014-01-07,1659.0395320190105,1664.4609396880692,1613.9412914146765,1621.8094482421875,98004
2014-01-08,1626.4152961492498,1642.727425963136,1613.4135222981397,1632.028564453125,84069
2014-01-09,1631.2129706327125,1631.2129706327125,1607.800243392728,1620.226318359375,332263
2014-01-10,1616.5321097220867,1623.3928234311297,1577.143181943235,1604.1541748046875,251293
2014-01-13,1602.6667462652867,1623.4407466749558,1585.059264950297,1601.9951171875,152716
2014-01-14,1593.3112294095233,1602.4268311435735,1567.8834982566461,1581.3170166015625,87817
2014-01-15,1585.3949836424638,1650.4036143834394,1574.8881005079377,1640.9041748046875,132016
2014-01-16,1642.9673990443137,1683.9876100585607,1628.7182965392476,1676.503173828125,214732
2014-01-17,1677.2705241429767,1684.946819447979,1637.4497422482777,1649.683837890625,285994
2014-01-20,1649.923910378892,1655.20136400325,1616.819883098827,1649.3961181640625,242621
2014-01-21,1650.403523266289,1650.403523266289,1627.5664974291687,1630.972900390625,223992
2014-01-22,1635.0506921351623,1635.0506921351623,1600.5073676534334,1626.126953125,664324
2014-01-23,1626.4631599175232,1659.9029993215217,1608.183934100565,1637.01806640625,70498
2014-01-24,1641.767690877105,1661.9179664518679,1623.0567207005395,1630.972900390625,140784
2014-01-27,1606.2652400657437,1639.369272791113,1594.7988176118215,1631.26123046875,157548
2014-01-28,1624.4960532424764,1640.3284128871906,1602.4747271344916,1626.2232666015625,63905
2014-01-29,1632.2684098577377,1659.0395162823602,1604.4418361317757,1634.4273681640625,100701
2014-01-30,1612.981822553213,1640.7124674379404,1595.2303866714553,1617.9234619140625,227549
2014-01-31,1645.5101063472423,1650.4037218637804,1610.1031658647812,1641.47998046875,95706
2014-02-03,1655.2012980962652,1666.6677182074968,1607.9921253159982,1621.66552734375,84364
2014-02-04,1610.1031798584054,1647.5251250398583,1597.6291981312545,1606.3609619140625,91012
2014-02-05,1607.4162695436219,1618.8347828009494,1597.6290393978993,1611.686279296875,577216
2014-02-06,1631.0209949741452,1634.0914664380205,1583.5239147693994,1628.0943603515625,150039
2014-02-07,1623.5366311178648,1668.634870871139,1623.5366311178648,1659.0875244140625,78752
2014-02-10,1667.6754310394551,1679.4297601707747,1650.5477177314447,1655.0574951171875,51216
2014-02-11,1661.2463875121457,1661.2463875121457,1623.5365380906287,1630.589111328125,50543
2014-02-12,1636.490390424626,1644.6464551086538,1627.374788718948,1636.6822509765625,77023
2014-02-13,1640.4244806037248,1645.2221657465357,1608.1840598702322,1620.1302490234375,89929
2014-02-14,1620.1301825110145,1621.7134419693402,1584.2914993917261,1598.9244384765625,70557
2014-02-17,1602.5228491463047,1611.878335648659,1590.4327054002297,1600.028076171875,31840
2014-02-18,1607.2244179172274,1634.091452963008,1605.9290664394298,1622.4810791015625,76714
2014-02-19,1636.0106956473594,1645.6060662963175,1627.7106766098127,1637.4019775390625,71257
2014-02-20,1624.8800349500991,1646.5655484675892,1607.4644143766486,1633.1800537109375,92694
2014-02-21,1631.2129718233539,1739.9285655625638,1621.6656251053707,1727.11865234375,274804
2014-02-24,1713.7329529406882,1770.3456316772506,1699.4838529899682,1763.7728271484375,157657
2014-02-25,1763.6290728269882,1802.9700913176882,1759.790924681554,1790.2562255859375,148155
2014-02-26,1778.2140637768957,1787.6175739814219,1744.6782897969513,1769.4822998046875,219350
2014-02-28,1776.8227545586215,1788.5770835681224,1752.2586291976177,1764.780517578125,226586
2014-03-03,1760.5584256704321,1771.2092622861385,1746.741070297987,1752.8341064453125,46525
2014-03-04,1755.2331704797318,1809.5909684625385,1749.7638560793,1801.578857421875,144401
2014-03-05,1812.4694586901137,1832.7156659188322,1780.2769455594087,1821.1531982421875,199776
2014-03-06,1818.4184822471266,1888.0329360366711,1818.4184822471266,1880.740478515625,131172
2014-03-07,1863.7088374486975,1917.1550036613362,1863.7088374486975,1893.88623046875,182120
2014-03-10,1873.5440395390333,1927.7098570113235,1873.5440395390333,1909.23876953125,178005
2014-03-11,1909.478711091574,1938.1688920361826,1893.2146051032641,1922.2406005859375,180057
2014-03-12,1922.240383807348,1922.240383807348,1873.3999305149289,1884.9622802734375,102832
2014-03-13,1890.5279618552718,1936.1539975853332,1871.0973356770867,1879.157470703125,135092
2014-03-14,1873.0163468074704,1903.5296722605206,1857.2799155494886,1890.239990234375,174903
2014-03-18,1899.8353514489902,1903.3376851374674,1881.3163565051198,1888.560791015625,136012
2014-03-19,1885.8739380083741,1907.3195653356704,1885.8739380083741,1898.7796630859375,129451
2014-03-20,1885.538307170162,1901.8983434224056,1858.2394081055136,1865.8677978515625,112317
2014-03-21,1873.0163421759444,1885.4903239629768,1852.8660639045843,1876.182861328125,242376
2014-03-24,1884.5785899987802,1899.8831574704577,1882.6114924025444,1893.2623291015625,297221
2014-03-25,1896.524833282969,1917.154878269351,1891.8230786738304,1900.0750732421875,392969
2014-03-26,1905.7363801943675,1913.3167457929628,1901.8023019867865,1908.9508056640625,170191
2014-03-27,1900.2190539327332,2000.5865996189384,1882.8994815489996,1975.44677734375,399044
2014-03-28,1980.48430784527,2074.327070447306,1980.48430784527,2060.221923828125,373217
2014-03-31,2072.5999964053462,2106.1837926433955,2072.408135850666,2098.45947265625,279470
2014-04-01,2097.547770639388,2097.547770639388,2046.068707027241,2070.728759765625,85570
2014-04-02,2072.935633457281,2089.247760740264,2021.1206409113345,2042.4703369140625,184921
2014-04-03,2043.8140574978172,2086.7053197393875,2028.4614636386787,2060.60595703125,160503
2014-04-04,2072.599552707841,2078.3567736875852,2030.9077242985793,2063.196044921875,96943
2014-04-07,2065.019378647168,2148.211177900682,2065.019378647168,2135.497314453125,186052
2014-04-09,2136.888369983981,2147.44327437097,2122.4953185471786,2133.673828125,138297
2014-04-10,2132.0909538497262,2164.667184172496,2115.8268505366077,2154.927978515625,163427
2014-04-11,2120.673072986586,2187.74462366521,2120.673072986586,2167.834228515625,103340
2014-04-15,2168.553088048228,2168.553088048228,2114.1474003464787,2122.63916015625,111024
2014-04-16,2134.010087002841,2145.428482522585,2098.41117395103,2110.981201171875,177450
2014-04-17,2113.23644524151,2136.4571942241055,2094.1415180266317,2127.869384765625,207383
2014-04-21,2130.1720452961304,2149.1709239038646,2121.008420501137,2129.452392578125,112577
2014-04-22,2132.66709109564,2139.671523987042,2107.143312458522,2112.99658203125,159728
2014-04-23,2114.8196380570425,2129.2126936699533,2067.802323054867,2081.907470703125,340327
2014-04-24,2081.907470703125,2081.907470703125,2081.907470703125,2081.907470703125,0
2014-04-25,2110.453358222981,2130.1718880935314,1983.0748365363072,1995.4530029296875,369536
2014-04-28,2003.1294157944494,2005.4322107527353,1960.3339744343723,1967.7703857421875,246765
2014-04-29,1991.998657433311,2028.3650132067232,1939.224126528286,1982.883056640625,237064
2014-04-30,1968.2503069747816,2024.6231067479775,1931.1641778254523,1945.12548828125,131946
2014-05-02,1963.9804062395851,1967.0508778306348,1933.4670823554777,1953.5693359375,94467
2014-05-05,1957.4556238839925,1966.9071577335187,1922.3365905287426,1948.6279296875,177146
2014-05-06,1951.6983638911222,1956.4960491514248,1935.4342577110913,1941.9111328125,156919
2014-05-07,1929.149137630819,1943.9260308503576,1880.5006586051304,1889.232421875,419812
2014-05-08,1881.652047801033,1904.393027737465,1871.576909350288,1899.9312744140625,199432
2014-05-09,1896.0448877805486,2001.2580136836375,1882.227533188343,1995.4530029296875,688549
2014-05-12,1995.4529650808813,2096.588057297941,1991.998538650126,2071.783935546875,263790
2014-05-13,2099.4664935676633,2144.564722634245,2077.3011000450683,2130.699462890625,336275
2014-05-14,2149.3631488669353,2158.958520067234,2134.970092066487,2149.93896484375,236987
2014-05-15,2158.958566794795,2167.8342853471736,2107.719377180997,2140.439453125,220591
2014-05-16,2160.397488127934,2450.6574215761684,2140.918840782984,2239.703125,820647
2014-05-19,2240.5190236880044,2275.685963053092,2200.410327931901,2244.021240234375,643976
2014-05-20,2244.0692732537577,2264.5074594648827,2208.854310037356,2250.882080078125,275063
2014-05-21,2264.4108104729257,2264.4108104729257,2159.4375778007097,2179.06005859375,428245
2014-05-22,2179.108612584336,2197.2437688918076,2130.1722236623627,2173.3994140625,814293
2014-05-23,2177.189288721738,2190.430945174991,2145.044801647178,2178.244873046875,449348
2014-05-26,2196.380187033298,2261.6767265583057,2097.8357842533974,2145.908447265625,1168461
2014-05-27,2125.3743662091133,2187.3125238239413,2124.4148292491996,2173.782958984375,614545
2014-05-28,2192.446050932973,2302.840832321046,2173.5912421290586,2279.42822265625,910984
2014-05-29,2289.4553242372303,2372.55132367502,2278.900417042507,2295.30859375,528999
2014-05-30,2300.969568303983,2332.6342871338543,2086.992831968792,2285.808837890625,340895
2014-06-02,2302.409276945017,2359.3098739632155,2250.977994557474,2351.15380859375,125036
2014-06-03,2338.7278383435487,2475.6057115998874,2338.7278383435487,2450.177978515625,249483
2014-06-04,2432.4263671864987,2481.3627556387714,2432.4263671864987,2467.785400390625,391679
2014-06-05,2467.929450083096,2551.3131313441713,2455.8872124847635,2525.9814453125,395460
2014-06-06,2533.1777449116985,2599.3857996082543,2491.485908045754,2566.4736328125,346829
2014-06-09,2598.4265162651745,2731.802175704192,2590.7982430273555,2687.423583984375,364434
2014-06-10,2690.2538380106785,2700.137115955588,2648.465954839926,2684.6884765625,299466
2014-06-11,2670.4873987969095,2696.298849236061,2651.200612255956,2663.19482421875,210853
2014-06-12,2655.99878101634,2689.5825806317926,2609.8929749775843,2656.67041015625,228675
2014-06-13,2648.322238811868,2711.891567913783,2638.72686838139,2655.99853515625,234432
2014-06-16,2660.796347165821,2671.3512551423173,2577.316620442624,2635.512451171875,142303
2014-06-17,2621.4556218162165,2699.993835083853,2603.6561599620973,2683.7294921875,204982
2014-06-18,2683.729021066803,2755.790345605495,2669.4320130482197,2691.597412109375,271738
2014-06-19,2692.460869893439,2702.152287470615,2638.7748206408655,2643.908203125,181951
2014-06-20,2644.483939190638,2659.356762506115,2599.385700750159,2617.089111328125,624214
2014-06-23,2614.7380660370563,2643.524173186088,2562.443304716315,2601.54443359375,215826
2014-06-24,2602.2641957521023,2629.131230221519,2578.227748419037,2596.26708984375,429044
2014-06-25,2599.0022431100742,2624.333928458777,2573.0947418053624,2614.2587890625,117721
2014-06-26,2637.767377419368,2637.767377419368,2544.692282617739,2576.405029296875,386646
2014-06-27,2582.8337777675997,2590.5580976435017,2451.856974325498,2490.862060546875,383541
2014-06-30,2491.9172412292532,2520.7033472118783,2475.7011618971464,2487.071533203125,143123
2014-07-01,2488.0794778646177,2531.8344594176983,2488.0794778646177,2523.63037109375,293772
2014-07-02,2537.9751600565146,2564.8421938869806,2519.7439585286984,2536.343994140625,318166
2014-07-03,2539.894539632363,2547.522812232208,2490.0466373597474,2521.999267578125,275955
2014-07-04,2523.582433739427,2526.4130211758275,2465.0506738694253,2495.755859375,188031
2014-07-07,2503.335666379535,2510.05242452304,2444.8999642358144,2456.318359375,228067
2014-07-08,2470.807731014146,2470.807731014146,2391.6459299234016,2398.79443359375,584531
2014-07-09,2402.6808199052725,2418.992950072361,2377.444948147322,2393.08544921875,311136
2014-07-10,2417.0738252736983,2442.0217885357533,2369.816625633075,2409.78125,882148
2014-07-11,2426.572916677573,2427.6285010349784,2355.9031135043992,2387.711669921875,386695
2014-07-14,2370.0563499343843,2436.744170307032,2370.0563499343843,2411.50830078125,319583
2014-07-15,2416.114371347836,2423.6946205873032,2396.0601400481933,2417.36181640625,192032
2014-07-16,2422.830884042235,2433.385790863805,2405.799102580156,2411.50830078125,669381
2014-07-17,2412.275855796258,2500.3133696265313,2397.451056995484,2488.03125,788176
2014-07-18,2494.796478680758,2494.796478680758,2434.777385773944,2448.690673828125,347820
2014-07-21,2408.4377448919004,2437.5117613340212,2364.5389294222573,2420.47998046875,386560
2014-07-22,2420.911988204462,2431.466895802658,2400.3299652403743,2418.656982421875,336391
2014-07-23,2400.8095058426316,2427.0049117927356,2346.1639226358734,2352.5927734375,310668
2014-07-24,2356.637206761489,2398.049303161466,2329.671190501039,2392.656005859375,189840
2014-07-25,2393.234145800722,2403.9243400593377,2359.863791902242,2384.0849609375,215621
2014-07-28,2388.4189460450607,2388.4189460450607,2303.6685963466875,2321.341064453125,238497
2014-07-30,2321.0041449383693,2388.32280181415,2284.8889352142246,2376.188232421875,347843
2014-07-31,2372.046767271069,2396.0271703810395,2323.9895597836007,2331.453369140625,209170
2014-08-01,2330.6344870449207,2419.188919806602,2283.4439540427716,2380.3291015625,548588
2014-08-04,2391.3082118641705,2418.274232779272,2373.2506085728082,2379.3662109375,114658
2014-08-05,2388.418928536562,2522.189555927567,2378.836407682965,2507.165771484375,388972
2014-08-06,2503.024588542047,2508.8030216052452,2441.3879692012656,2452.607666015625,382347
2014-08-07,2455.8340517373736,2491.2751548815727,2436.6208088282015,2450.29638671875,307606
2014-08-08,2428.771489907654,2431.757107535234,2349.8959771825625,2383.170166015625,277909
2014-08-11,2399.013132204855,2455.4972293245614,2388.419336759551,2439.125,185321
2014-08-12,2450.0553846314833,2528.064223528948,2442.4951747130167,2516.603759765625,293381
2014-08-13,2509.7662725931405,2542.5107289508405,2480.874105218699,2511.788818359375,368845
2014-08-14,2503.9874060146017,2542.510289184057,2491.949005024147,2535.33544921875,160888
2014-08-18,2533.2172071253885,2571.4029280936834,2533.2172071253885,2566.73193359375,181072
2014-08-19,2572.4625610179473,2632.3656121342988,2557.005203298898,2618.20849609375,269465
2014-08-20,2617.630185197076,2623.890154366973,2575.2550092777706,2585.222900390625,166602
2014-08-21,2582.959316232689,2590.615692236787,2533.072135508635,2547.229248046875,649656
2014-08-22,2556.66755683616,2572.799015142061,2546.8442680569765,2553.44140625,78811
2014-08-25,2569.4762690762573,2569.4762690762573,2512.5106504891346,2532.1572265625,98382
2014-08-26,2551.178367823878,2551.178367823878,2482.8002386749554,2514.437255859375,206952
2014-08-27,2515.6408375868978,2526.3789979262397,2489.5414884739653,2498.690673828125,131664
2014-08-28,2495.127516585819,2512.944352384366,2447.9369785248036,2455.88232421875,262975
2014-09-01,2489.5418629827586,2553.8269381680966,2465.705823869094,2545.881591796875,250061
2014-09-02,2534.902575571024,2641.7071945640746,2534.902575571024,2618.834228515625,230945
2014-09-03,2619.0748309961737,2641.2736920879092,2600.9208260933224,2612.959228515625,235374
2014-09-04,2590.76043924067,2631.9797384363433,2556.9565133196515,2610.50341796875,203348
2014-09-05,2607.999190814261,2627.6457671824996,2568.03169952224,2572.124755859375,186652
2014-09-08,2575.3032895668894,2624.323570994284,2572.1733048851293,2617.678466796875,346213
2014-09-09,2609.925785740752,2664.820903743417,2587.7751240905536,2595.38330078125,173333
2014-09-10,2590.6642885938304,2614.6928936135837,2577.5664122669027,2581.418701171875,142101
2014-09-11,2605.110432839224,2608.9627218341802,2561.772181645965,2587.341796875,76735
2014-09-12,2577.2292216459264,2587.0525103512437,2508.8028997543006,2541.884521484375,188618
2014-09-15,2532.8801720823017,2541.8849922193926,2479.911195099592,2493.53857421875,126296
2014-09-16,2498.113378403517,2523.7311980278887,2427.664727124137,2456.990234375,103211
2014-09-17,2460.649621006169,2508.8032339417105,2441.3881758319526,2503.843505859375,152700
2014-09-18,2478.8515643245314,2563.698323397594,2478.755398174797,2548.240966796875,105864
2014-09-19,2552.6231121050514,2567.6471339229875,2528.0647686382795,2544.003662109375,165822
2014-09-22,2543.473303156193,2567.5501045870546,2501.001731382148,2520.600341796875,132014
2014-09-23,2511.6927723095187,2570.440187612771,2494.5982375286544,2505.240234375,381918
2014-09-24,2506.0108183820257,2560.52057584937,2506.0108183820257,2533.50634765625,202208
2014-09-25,2526.13804122581,2530.231097525928,2458.482228265035,2478.947509765625,149242
2014-09-26,2461.61256377551,2566.587434452948,2461.61256377551,2548.2890625,119895
2014-09-29,2552.2378263763594,2561.7721474616255,2518.0005613655353,2548.9150390625,91728
2014-09-30,2518.7706192995647,2555.993260562574,2506.8765852465635,2534.468505859375,267977
2014-10-01,2545.4000784383848,2561.772307471095,2526.235033797183,2550.937744140625,246714
2014-10-07,2523.345789208171,2530.1834613599613,2455.8343279467445,2462.286865234375,194098
2014-10-08,2478.6589652125713,2492.4309452037396,2433.6835388446098,2454.967529296875,150908
2014-10-09,2468.402157524185,2494.2605040584167,2456.8452915535677,2475.865966796875,235119
2014-10-10,2455.834300017415,2455.834300017415,2385.5300239777007,2389.719482421875,267198
2014-10-13,2378.788557232038,2406.717653652981,2355.6748222629817,2390.2490234375,116541
2014-10-14,2399.0129032328296,2405.272872671213,2366.268447708977,2375.899169921875,179235
2014-10-15,2375.899169921875,2375.899169921875,2375.899169921875,2375.899169921875,0
2014-10-16,2383.6038366609114,2388.419197947095,2216.0292639017202,2232.016357421875,743190
2014-10-17,2234.4239583049903,2268.0832854688983,2212.3694633264886,2232.16064453125,663716
2014-10-20,2311.373201714111,2364.3421709200593,2301.742480040302,2359.767578125,535119
2014-10-21,2377.728871861845,2377.825273132324,2301.7425689697266,2311.373291015625,225131
2014-10-22,2327.7453956482327,2339.1578947203543,2308.9654886498297,2312.52880859375,460297
2014-10-27,2359.5270134670077,2364.294174081449,2316.429530261845,2340.843505859375,212746
2014-10-28,2357.985644932833,2393.1377767221134,2345.2731401874685,2373.828369140625,382196
2014-10-29,2382.6405435316815,2396.4607231919163,2361.9344919205532,2387.744873046875,153137
2014-10-30,2387.7445720025385,2433.057158817075,2387.7445720025385,2419.38134765625,271524
2014-10-31,2426.9419514447113,2465.4648395628815,2422.1265904299403,2454.34130859375,178739
2014-11-03,2470.183908637483,2490.5048270692396,2448.1296482637304,2465.416748046875,472226
2014-11-05,2489.445242120723,2503.0246542256027,2426.8937495951545,2441.677001953125,352598
2014-11-07,2446.2037317809372,2476.058974176689,2446.2037317809372,2467.294921875,178624
2014-11-10,2479.9110538728696,2490.9381841553695,2456.123216225781,2485.785888671875,103883
2014-11-11,2493.3941301828686,2553.8751163254888,2486.652624230269,2548.8671875,365074
2014-11-12,2561.7721059067594,2570.4397558891505,2523.2492170961314,2527.679443359375,125209
2014-11-13,2533.2649332594983,2544.4366644433308,2475.095468440333,2482.029541015625,129950
2014-11-14,2494.3570944876483,2529.9907672660433,2478.9479386915855,2519.39697265625,305779
2014-11-17,2520.3602872137294,2539.236598928794,2449.092934804935,2466.861572265625,200087
2014-11-18,2477.9848948548192,2486.3153757525192,2427.905137943645,2436.669189453125,396046
2014-11-19,2448.129427070285,2451.0186435459777,2388.4189532393025,2402.624267578125,155068
2014-11-20,2425.978850187633,2425.978850187633,2367.231446510997,2375.273193359375,149286
2014-11-21,2379.751159464598,2417.696106160402,2375.898871064008,2398.7236328125,345086
2014-11-24,2417.3110884425782,2450.007340801087,2383.7961307092837,2428.96435546875,213396
2014-11-25,2425.0156647998233,2430.3607622377135,2361.115733831831,2376.091552734375,349617
2014-11-26,2393.2345589640854,2426.6049186235596,2361.549575754586,2385.000244140625,142947
2014-11-27,2380.7146025430593,2405.754481048771,2371.0838800408624,2383.79638671875,129219
2014-11-28,2380.7148150535877,2421.16385317343,2380.7148150535877,2392.512451171875,148802
2014-12-01,2398.049846183128,2409.269543582115,2378.884802908233,2386.685546875,140877
2014-12-02,2380.7146621006873,2390.345384843813,2364.3906340761027,2381.677734375,121354
2014-12-03,2376.862225986919,2399.879557869267,2372.0468649132013,2382.737060546875,298868
2014-12-04,2388.4192397856964,2392.2715288821246,2364.342432933018,2373.635986328125,119759
2014-12-05,2369.1577671543355,2421.1636693601627,2369.1577671543355,2393.475341796875,105258
2014-12-08,2399.9758951838767,2431.7572774234704,2387.3115899475115,2419.333740234375,99526
2014-12-09,2410.9067000127984,2418.9964118189737,2374.5507272662408,2390.104248046875,139771
2014-12-10,2376.8619400899333,2431.6126829625173,2370.12043539762,2422.8486328125,150389
2014-12-11,2412.5921710972198,2447.792270576955,2377.1028678183548,2392.70458984375,122538
2014-12-12,2398.0500488767298,2432.190915198172,2398.0500488767298,2418.756103515625,119439
2014-12-15,2424.0526716060704,2477.0216413868943,2396.1717790828093,2443.025146484375,152979
2014-12-16,2440.4249932157236,2465.4648708098866,2388.4190935970773,2393.090087890625,134938
2014-12-17,2395.160417992602,2424.8230870015946,2341.131976757472,2349.221923828125,160929
2014-12-18,2366.2686483847183,2373.9732268084376,2329.4793334364745,2356.20458984375,110961
2014-12-19,2359.816125409558,2421.837888049715,2359.527156691887,2406.091796875,157752
2014-12-22,2410.7625337538143,2436.5247177726037,2405.802805460039,2424.052978515625,64915
2014-12-23,2425.0159387511667,2455.834250919569,2423.0897942406414,2450.537353515625,114878
2014-12-24,2494.356906932912,2565.624247130995,2477.1180092323107,2523.77880859375,873801
2014-12-26,2549.2519886400673,2551.5632677569342,2494.3568759266245,2506.82861328125,125576
2014-12-29,2522.285927129918,2558.8826683406614,2511.692133621545,2547.7109375,107647
2014-12-30,2552.8635709246696,2561.77198855404,2513.6183797466333,2532.687255859375,75556
2014-12-31,2542.5104503644297,2598.368634501224,2532.879728961534,2577.229248046875,160389
2015-01-01,2579.973977252799,2579.973977252799,2553.296924805977,2564.1796875,54097
2015-01-02,2570.9209596869273,2650.8559436367364,2568.7540474714206,2640.840087890625,228660
2015-01-05,2646.522367118308,2672.910450964593,2625.3347790263856,2646.2333984375,181680
2015-01-06,2636.6027164738016,2637.8547573595515,2553.1044037094453,2571.980712890625,292468
2015-01-07,2576.218195201442,2593.5052945703997,2515.78541323924,2561.8203125,120023
2015-01-08,2576.2181117625128,2631.402195349762,2562.0609975752195,2626.731201171875,249884
2015-01-09,2658.0791021500404,2658.0791021500404,2610.8885673654927,2628.56103515625,334880
2015-01-12,2626.9720693730055,2634.0025436626374,2590.6642934012775,2600.583984375,148064
2015-01-13,2634.0026550130556,2745.9598062544696,2614.7894102766386,2714.419189453125,517233
2015-01-14,2724.531209225617,2811.015138395717,2724.531209225617,2801.4326171875,537834
2015-01-15,2812.1707423552084,2987.7388463430093,2791.3682893891396,2969.19970703125,699207
2015-01-16,2985.716359214926,3023.9984788033516,2933.277125445224,2956.72802734375,369250
2015-01-19,2984.5609893872934,3023.9987521446,2953.261140353706,2974.44873046875,147140
2015-01-20,2985.523689513705,3012.441509302216,2971.1258077779935,2982.104736328125,303336
2015-01-21,2994.1916331247703,3000.8367376172228,2928.9916886533056,2941.9931640625,295819
2015-01-22,2948.927346729421,3028.1400424408826,2946.0381298645652,3007.14501953125,368715
2015-01-23,3051.0126297930215,3068.1071607838126,3014.415887390201,3031.65478515625,414381
2015-01-27,3081.7346069098767,3081.7346069098767,2990.7724855841057,3006.181640625,426957
2015-01-28,3014.415710969225,3072.1518370664576,3009.6003504085716,3023.8056640625,241081
2015-01-29,3019.2312899239682,3057.7541771957253,2998.140103192699,3045.95654296875,353459
2015-01-30,3045.571376844204,3067.3848674876235,2982.634516360807,3024.3837890625,170802
2015-02-02,3033.484780875313,3052.1200863683243,2926.7763369645927,2973.052001953125,258417
2015-02-03,2956.6319978159295,3070.274530631004,2947.001274696008,2992.79541015625,407784
2015-02-04,3009.9856425682096,3010.9487147306904,2954.801795758078,2982.5380859375,220090
2015-02-05,2995.0584747509965,2995.0584747509965,2928.702886820773,2950.949951171875,130329
2015-02-06,2918.108719529188,2937.37016322245,2884.40119306598,2897.25830078125,129840
2015-02-09,2851.705109369764,2879.5860037523207,2832.3954638914965,2853.34228515625,127620
2015-02-10,2842.1227882557027,2914.208609588334,2832.4920651551447,2856.6650390625,187835
2015-02-11,2865.139760362341,2908.429808203983,2865.139760362341,2896.921142578125,170700
2015-02-12,2895.958085131884,2980.7084381387367,2889.698115875696,2923.0205078125,187078
2015-02-13,2957.6911603856756,3028.6213346550267,2954.70554248243,2997.562255859375,193738
2015-02-16,3007.6749282854767,3033.6778815559564,2956.7764608893376,2965.107177734375,177606
2015-02-18,2968.4772461432735,3012.008058995679,2968.1882774819132,2995.154296875,202114
2015-02-19,2997.658891607043,3013.3567817695907,2897.0178377148923,2949.21630859375,165743
2015-02-20,3003.822074212721,3009.696908452765,2894.6577505660357,2902.7958984375,201227
2015-02-23,2916.1824500434404,2930.6285321935898,2860.3242657295305,2868.125244140625,200058
2015-02-24,2870.918593408252,2897.1141135555627,2855.5094362480604,2878.238037109375,118101
2015-02-25,2884.594083330197,2947.0012149061654,2881.704866452838,2930.484619140625,284765
2015-02-26,2931.5917693502633,2951.816285498869,2843.422462639309,2867.499267578125,218727
2015-02-27,2890.1798719968333,3020.8687315462853,2883.438366130796,3010.371337890625,251642
2015-03-02,3042.3451672248784,3254.2210573133475,3028.8621560374304,3245.36083984375,446753
2015-03-03,3250.3685881533706,3250.3685881533706,3187.768896825972,3236.7412109375,247539
2015-03-04,3244.58990238874,3272.5189932671233,3170.9148867957633,3188.0576171875,278837
2015-03-05,3192.5844545293594,3207.030538034017,3035.94084977721,3071.76708984375,490549
2015-03-09,3061.606623483651,3072.200418028577,2940.40388911736,2952.923828125,318482
2015-03-10,2956.6317550638023,2994.0951708743596,2894.9951321569347,2905.781494140625,539122
2015-03-11,2905.781299948575,2932.2175839504876,2865.1397014604304,2876.79296875,309685
2015-03-12,2887.2904719648996,2918.060581904292,2883.582549923864,2898.221435546875,483570
2015-03-13,2927.739760947805,2927.739760947805,2826.183835014942,2838.07763671875,254015
2015-03-16,2860.3244336890943,2865.139794688571,2783.278657697469,2805.814453125,214421
2015-03-17,2838.1739804644144,2855.316713900105,2784.3383346067512,2820.2607421875,290837
2015-03-18,2841.062995134901,2856.857285193428,2802.010370329308,2827.291015625,292204
2015-03-19,2844.915624223611,2882.7644133041404,2767.8698388688754,2786.168212890625,354477
2015-03-20,2781.3523203855557,2783.2784646517507,2730.88743466126,2749.619140625,284773
2015-03-23,2754.38648815836,2772.2515244684528,2720.678961205373,2724.53125,213023
2015-03-24,2732.235939452079,2740.90358959486,2687.5974471667355,2698.046875,389917
2015-03-25,2714.9004918648034,2725.2053172282135,2648.448511042288,2663.857666015625,389212
2015-03-26,2648.4488582684144,2722.1720907845015,2633.713804868306,2692.5576171875,433234
2015-03-27,2706.329134275075,2711.626031083458,2661.8350129846267,2698.3837890625,267173
2015-03-30,2718.7523583757593,2848.381948507016,2706.280622531131,2835.332275390625,340546
2015-03-31,2857.9168545008697,2857.9168545008697,2749.571228171856,2771.62548828125,465222
2015-04-01,2782.2675551401408,2801.8661696574845,2751.8346128359512,2777.21142578125,371347
2015-04-06,2791.9463879840155,2802.251213794958,2764.017293381899,2785.734619140625,137119
2015-04-07,2792.9093091116574,2836.2475570116662,2772.1068560696363,2823.583251953125,283978
2015-04-08,2855.2204137083154,2910.8860399252844,2830.276935075445,2876.167236328125,270787
2015-04-09,2889.2166026006357,2892.1058192032365,2836.2476315529575,2854.497802734375,192790
2015-04-10,2878.526510769276,2893.020794939234,2836.24773367889,2859.40966796875,118815
2015-04-13,2860.3242215534015,2917.049075870222,2843.326092535933,2890.61279296875,238104
2015-04-15,2913.197213119345,2918.0125744654547,2855.509278242979,2876.21533203125,585767
2015-04-16,2876.214991408844,2892.924387351022,2754.9643011232247,2788.14208984375,301285
2015-04-17,2775.5742138335263,2778.463430572423,2693.9538409596917,2705.414306640625,505583
2015-04-20,2705.414074969314,2721.4493675720855,2647.003842283121,2675.558837890625,496778
2015-04-21,2686.682281007462,2712.974197249691,2631.83537008665,2649.60400390625,127347
2015-04-22,2660.9681298931605,2705.2694451212046,2650.3743371212367,2689.667724609375,361828
2015-04-23,2701.4171408675184,2744.755383769136,2611.3699028386013,2627.549560546875,220291
2015-04-24,2627.7425344754674,2643.055288619751,2590.6642542565537,2606.98828125,361319
2015-04-27,2607.036390128124,2666.7468652621997,2540.6326103709625,2557.24560546875,585545
2015-04-28,2557.2938522205,2616.618958477575,2528.642454361245,2589.604736328125,461994
2015-04-29,2605.110389287318,2692.7499624574275,2564.902123574658,2580.311279296875,292385
2015-04-30,2580.310920283397,2589.4119045905477,2537.694979918541,2573.425048828125,465521
2015-05-04,2573.329111614003,2646.522604309611,2515.5447752753653,2609.010986328125,304191
2015-05-05,2609.925778256831,2636.8918010580087,2589.7494617931047,2609.1552734375,150916
2015-05-06,2604.1470900211534,2608.2883472854696,2500.7612008107208,2509.47705078125,481825
2015-05-07,2496.2835873623862,2565.9619675025724,2437.5361726906635,2522.430908203125,342436
2015-05-08,2534.8061288164845,2609.925763333082,2529.075896029012,2598.368896484375,391296
2015-05-11,2598.4650707214355,2754.289957016512,2598.368669456096,2719.523193359375,500284
2015-05-12,2726.312983464004,2726.312983464004,2629.283461020759,2647.341064453125,321050
2015-05-13,2677.340352347425,2720.5821942040366,2653.9376540411113,2691.20849609375,211737
2015-05-14,2690.7275933326237,2700.1175482171866,2630.391208047485,2692.79833984375,169391
2015-05-15,2699.68426644759,2732.4769257991397,2687.7422637913346,2701.802978515625,165461
2015-05-18,2711.0483188130797,2797.724819236944,2677.677960199914,2793.005859375,269975
2015-05-19,2793.005271903586,2874.769992721957,2787.9971092768965,2861.672119140625,639626
2015-05-20,2859.554125503122,2938.285283257458,2859.554125503122,2920.27587890625,631734
2015-05-21,2918.109001623727,2995.010417053178,2895.3804018184787,2951.431396484375,706556
2015-05-22,2954.9944499405838,2973.003852882827,2858.831597642962,2865.52490234375,303833
2015-05-25,2883.438203890279,2888.20536431659,2816.7936538180256,2826.616943359375,160917
2015-05-26,2820.8387935354076,2842.9894566461326,2773.648250386471,2799.5068359375,271690
2015-05-27,2802.5401042549006,2805.429320857225,2754.3864942161563,2778.607666015625,335348
2015-05-28,2783.2785598175715,2839.4739147552536,2747.018986816677,2809.71484375,335276
2015-05-29,2831.143247198616,2886.2309289995387,2796.18367995715,2865.4287109375,415630
2015-06-01,2884.401135716165,2912.3302285160876,2860.3243315783,2894.4169921875,199856
2015-06-02,2884.497780038999,2903.6146230602803,2786.6495457277215,2802.781005859375,190073
2015-06-03,2789.0570006379685,2806.392299675083,2716.0560832233336,2726.5537109375,135557
2015-06-04,2749.2822957528288,2773.4073025587586,2710.277869759729,2762.139404296875,113540
2015-06-05,2755.2051736061508,2797.1467794536006,2678.400166319994,2702.621337890625,218113
2015-06-08,2727.420333011676,2728.672373833617,2678.0628852479585,2706.08837890625,110182
2015-06-09,2707.195971243296,2740.9034984555033,2685.815815293706,2706.570068359375,147353
2015-06-10,2730.309631730733,2739.8921529017457,2696.6021054130697,2700.984130859375,172608
2015-06-11,2702.380462315147,2723.51984905629,2591.049227337252,2601.8837890625,264043
2015-06-12,2605.1107466643734,2665.399170748121,2581.033937545479,2647.00439453125,178572
2015-06-15,2648.4486740457032,2649.7968811388296,2604.147350770757,2610.6962890625,137756
2015-06-16,2613.7778648086687,2649.4115350363477,2591.627204937409,2643.392333984375,94874
2015-06-17,2646.137205021971,2718.3676182272766,2635.0618749971577,2693.279541015625,259492
2015-06-18,2669.684801412322,2723.5686533097514,2661.065350754482,2695.3505859375,233429
2015-06-19,2697.5651120063444,2712.9742665197687,2689.090029998953,2699.25048828125,252628
2015-06-22,2703.6322864388435,2739.4585206471224,2690.534412153012,2700.4541015625,130727
2015-06-23,2716.826679540696,2801.43266646475,2698.4801070831268,2788.960693359375,332447
2015-06-24,2818.912538112333,2860.228244501329,2725.4945277956617,2747.019287109375,483905
2015-06-25,2749.2822697808033,2769.3142193488356,2711.3373176676046,2756.312744140625,316505
2015-06-26,2773.455281574488,2813.1338079446596,2759.201766436648,2807.06640625,229021
2015-06-29,2758.141975274874,2808.31812359068,2720.678566235827,2797.6279296875,175359
2015-06-30,2802.539881386533,2889.2163725634364,2799.169128951876,2882.908203125,411445
2015-07-01,2881.5122851130145,2952.7796344105955,2870.051818938161,2945.02685546875,348256
2015-07-02,2945.0746131991477,2960.4837674866512,2918.2049944603273,2944.78564453125,317654
2015-07-03,2924.8501527068925,2965.25098283238,2921.0942653293296,2951.47900390625,232296
2015-07-06,2934.4806960295955,2995.0098717157916,2924.609206979939,2987.6904296875,262061
2015-07-07,2999.006757170004,3066.614376925129,2988.4129632300974,3044.752685546875,259506
2015-07-08,3032.714133565474,3032.714133565474,2966.5029247110356,3000.21044921875,332135
2015-07-09,3000.2590609755794,3024.0468987913778,2968.1887076672056,2988.46142578125,204698
2015-07-10,3004.7852341805296,3027.8507661166173,2978.830485673114,3014.223388671875,264743
2015-07-13,3038.49244786894,3052.8903286080053,3005.7479967667073,3046.967529296875,225978
2015-07-14,3033.773873300215,3051.9758440823675,3009.6006666952976,3022.12060546875,102650
2015-07-15,3014.416136527406,3108.5564487783813,3014.031001678193,3081.87939453125,292569
2015-07-16,3091.461817200378,3096.7587143949577,3042.393334759233,3057.802490234375,274262
2015-07-17,3067.385131369858,3128.058683418932,3052.93904754865,3104.559814453125,234184
2015-07-20,3072.200515819258,3244.590450719461,3001.8962406923597,3230.0,1148342
2015-07-21,3235.9226098655563,3243.5307862375416,3090.4987068626697,3104.848388671875,340048
2015-07-22,3083.757327740787,3147.320095895344,3073.7414704452444,3137.833740234375,346564
2015-07-23,3148.2829548587615,3148.2829548587615,3092.4247684464617,3119.53515625,231807
2015-07-24,3110.530533503637,3137.689121601143,3078.556584568805,3086.068359375,96970
2015-07-27,3077.9785736442177,3120.4981147714225,3000.9810027208973,3018.364501953125,195346
2015-07-28,3004.7853186844272,3066.325539334385,3004.7853186844272,3012.200927734375,121452
2015-07-29,3019.2316610809717,3038.3967058046305,2967.803694301105,3020.67626953125,245141
2015-07-30,3030.78839910469,3075.860227851374,3014.416170701519,3043.6455078125,273988
2015-07-31,3052.9390372122684,3090.354488232544,3020.4353487245985,3032.85888671875,408966
2015-08-03,3032.858774729583,3062.2324773152895,3024.19112478626,3046.678955078125,105250
2015-08-04,3072.2004506244116,3072.2004506244116,2990.3393100905323,3028.910400390625,187452
2015-08-05,3048.0754680848518,3110.723364920413,3032.6181114601577,3097.62548828125,199816
2015-08-06,3101.0924276251862,3135.763026194909,3082.7940561578325,3106.53369140625,223940
2015-08-07,3112.2643709345966,3119.872547644378,3072.200471364583,3084.190673828125,127506
2015-08-10,3100.129311663493,3109.6156665770964,3039.070630205754,3057.32080078125,87980
2015-08-11,3064.3993430198966,3083.9015550946524,3031.5587220332386,3038.8779296875,181332
2015-08-12,3030.8846055755394,3030.8846055755394,2942.1855621716704,2950.66064453125,220889
2015-08-13,2951.816554194787,2992.2655901739654,2918.542359715473,2956.487548828125,110660
2015-08-14,2965.3255260873143,3026.5637504428078,2962.9107658869175,2998.069580078125,235010
2015-08-17,3013.6206320293513,3023.279672516625,2958.998710910536,2976.72314453125,95647
2015-08-18,2976.0468150913152,3037.767984422822,2961.026961200603,3021.7822265625,289898
2015-08-19,3037.7681683506858,3073.7480933971287,3003.961527367451,3053.512451171875,237756
2015-08-20,3054.1882483298286,3061.8671374645337,2917.9957932335274,2941.225830078125,294583
2015-08-21,2926.6888522113577,2926.6888522113577,2826.041711783736,2871.53564453125,475339
2015-08-24,2811.7945719929235,2811.7945719929235,2704.530897622168,2745.24365234375,495165
2015-08-25,2749.156060180595,2840.3856505475724,2695.8382037793426,2793.587646484375,760739
2015-08-26,2782.768986216825,2826.234659378837,2752.8259669274385,2806.04736328125,569258
2015-08-27,2825.2693411203395,2841.6897099405264,2754.66166086697,2802.135986328125,653750
2015-08-28,2812.8088676308294,2867.6720210070766,2812.8088676308294,2846.27734375,403751
2015-08-31,2847.4848499415502,2854.5843383139254,2780.2578405688823,2791.269287109375,303137
2015-09-01,2742.2013409342176,2805.9510022592117,2683.1364081392094,2737.468505859375,263764
2015-09-02,2772.1444083161937,2810.7805673171165,2746.4031617083892,2787.695556640625,240078
2015-09-03,2784.7010673949735,2918.9617154587613,2784.7010673949735,2901.478759765625,233282
2015-09-04,2892.882420803585,2892.882420803585,2792.525091583737,2815.706787109375,382219
2015-09-07,2812.7123454143884,2844.78030988152,2752.82629959856,2757.028076171875,186676
2015-09-08,2764.9003045853133,2796.2921857727447,2713.2244386306184,2785.570556640625,289885
2015-09-09,2810.780351955088,2896.745799145467,2810.780351955088,2883.22314453125,211211
2015-09-10,2831.0648261572755,2877.379879101204,2803.1502928905506,2863.325927734375,156082
2015-09-11,2891.771649109543,2895.635264928349,2824.013345197398,2841.882568359375,120249
2015-09-14,2847.484535607939,2862.504387563853,2820.535912653801,2848.450439453125,126730
2015-09-15,2862.939473525792,2862.939473525792,2803.9226444379515,2820.439697265625,146660
2015-09-16,2826.7662260382526,2867.7688011753767,2811.891163855221,2833.865478515625,299661
2015-09-18,2844.587258201723,2916.01581129108,2821.405562379366,2837.777587890625,486571
2015-09-21,2825.1724647354863,2827.104272700929,2775.0904847212187,2807.110107421875,203198
2015-09-22,2825.2690197586567,2836.135439065421,2694.871988077488,2712.7412109375,304070
2015-09-23,2694.437802940725,2709.3609739763465,2663.4805296754994,2688.111083984375,485984
2015-09-24,2688.1104485513883,2731.576122351177,2633.971489910821,2715.25244140625,287716
2015-09-28,2694.872006732956,2694.920349093488,2618.807071059042,2625.1337890625,404543
2015-09-29,2607.9407742909093,2667.8268217005525,2532.6486053964213,2618.034423828125,386494
2015-09-30,2631.7982301996262,2648.0738047528307,2561.866884264469,2582.247314453125,755747
2015-10-01,2578.963515216613,2684.7299964586427,2577.9976112783297,2678.88623046875,677149
2015-10-05,2696.6107276841,2733.508211861137,2686.3720513625844,2720.420166015625,556333
2015-10-06,2735.343505538266,2736.1646182835198,2659.2785638067944,2673.42919921875,374824
2015-10-07,2662.0312148884373,2694.8719483086866,2641.8439172007807,2659.616455078125,445272
2015-10-08,2660.9688689363643,2731.7696801953202,2654.497359217777,2721.579345703125,238149
2015-10-09,2733.508020371397,2780.8856535414634,2706.2695777203717,2722.6416015625,256063
2015-10-12,2743.1670834157217,2772.144200494057,2716.2665654014477,2747.755126953125,95846
2015-10-13,2747.030863003096,2818.8940233205003,2743.1672471620227,2807.8828125,252692
2015-10-14,2807.641129147413,2834.9279140096864,2792.186666924532,2807.496337890625,135500
2015-10-15,2825.2689362264114,2869.748858436945,2807.979350567169,2846.22900390625,203797
2015-10-16,2862.939744903549,2873.5646899757285,2803.0536908603576,2853.908447265625,162664
2015-10-19,2873.564472615302,2893.8484571278805,2784.9427783758215,2800.05908203125,628088
2015-10-20,2844.29780467361,2849.4171436543093,2795.326513130702,2819.57080078125,239027
2015-10-21,2820.3427591356362,2842.5104427327356,2784.7009988463633,2797.982177734375,191100
2015-10-23,2810.973671658086,2829.8571413362984,2789.530650799293,2802.08740234375,342684
2015-10-26,2805.0332490772025,2823.5302143111444,2732.542114706874,2748.09326171875,206701
2015-10-27,2742.2016000938415,2816.527869636166,2739.448679222622,2810.442626953125,267745
2015-10-28,2803.053342764021,2809.8146706066636,2771.17851150585,2793.24951171875,343643
2015-10-29,2796.098912421998,2843.6213414818517,2779.4854109869475,2815.4169921875,499582
2015-10-30,2844.5872064429236,2844.635548804955,2758.670095027902,2787.695556640625,154924
2015-11-02,2806.8204421307087,2833.624279112948,2762.727017241447,2827.877197265625,245874
2015-11-03,2833.961891697199,2858.109487911388,2819.3766492572813,2825.751708984375,175363
2015-11-04,2835.024613506382,2849.4164871999246,2785.6668301981636,2793.200927734375,254107
2015-11-05,2793.2015401854405,2806.6275129288615,2729.741687600627,2738.241455078125,340136
2015-11-06,2744.664185324655,2941.0805955390474,2680.383235698063,2698.107666015625,385170
2015-11-09,2665.8946681223783,2682.315033831828,2632.0880328382177,2661.451416015625,226367
2015-11-10,2661.2101943606026,2675.5539624570115,2607.8923430662544,2610.645263671875,316784
2015-11-13,2612.6736579647313,2628.8044435579536,2570.4636999614154,2589.298828125,393530
2015-11-16,2589.588462410715,2675.553913046505,2559.6454402791474,2642.181884765625,214825
2015-11-17,2656.2360045607143,2673.3324582267874,2618.758882133085,2645.90087890625,300451
2015-11-18,2645.6109327904715,2661.5000056872154,2621.6081251817504,2641.698974609375,157690
2015-11-19,2655.2695836605367,2673.6217561194494,2634.9856035743705,2660.292236328125,289475
2015-11-20,2660.0994393501637,2699.6531583602296,2628.466085450847,2681.783935546875,217513
2015-11-23,2692.6017499242776,2714.189795112305,2667.1986675412672,2704.62744140625,120791
2015-11-24,2705.4970018534286,2744.3262940241398,2676.809701299804,2683.7158203125,173826
2015-11-26,2709.360274479213,2719.0193128909036,2646.8663431188484,2707.428466796875,222476
2015-11-27,2719.0194174137696,2749.928341519361,2707.4285708741727,2734.425537109375,207921
2015-11-30,2734.4258450431944,2734.4258450431944,2681.44615284204,2705.54541015625,322894
2015-12-01,2714.286493942012,2778.229281430368,2714.286493942012,2766.493408203125,217414
2015-12-02,2768.2812469735254,2785.087884572051,2739.7870750315437,2751.474609375,231696
2015-12-03,2743.1675719853433,2797.0650665136923,2742.2016679107005,2761.85791015625,277414
2015-12-04,2756.786267551174,2792.1865492621455,2733.7977088000985,2769.343017578125,215755
2015-12-07,2774.3175265983873,2798.2236485527123,2758.8147215616996,2766.9765625,213764
2015-12-08,2766.976621889565,2783.5420159174437,2733.508144761707,2763.5478515625,211418
2015-12-09,2763.450769430179,2763.450769430179,2686.178465496445,2688.9794921875,199233
2015-12-10,2693.9064214501823,2729.451737996531,2647.687817885037,2717.23291015625,161685
2015-12-11,2723.8485086054443,2754.2261336392125,2670.7238036503736,2688.496337890625,263043
2015-12-14,2683.37817146348,2747.0311548818895,2680.383774541928,2734.088134765625,175618
2015-12-15,2736.937208796853,2781.513582155492,2736.937208796853,2765.6728515625,501580
2015-12-16,2787.4055200522052,2793.2973923487175,2728.6785158054004,2750.701171875,241543
2015-12-17,2778.9057297157765,2806.095832223245,2749.011048921217,2799.044921875,244667
2015-12-18,2796.195154857143,2796.195154857143,2711.340637242761,2719.1162109375,373478
2015-12-21,2714.190099577942,2725.1048613765342,2687.8692169396863,2709.50537109375,182077
2015-12-22,2710.326531712417,2722.8832832848548,2692.5539930441405,2703.3720703125,199791
2015-12-23,2709.698821674796,2732.0594044609347,2705.6901786723115,2722.738525390625,114380
2015-12-24,2725.491431966587,2731.576674692304,2712.3069359078827,2717.32958984375,95329
2015-12-28,2728.147306350391,2728.147306350391,2709.3605220860136,2715.83203125,158647
2015-12-29,2720.468587683164,2733.0253395524633,2705.110808569583,2722.3037109375,154010
2015-12-30,2723.849160812085,2727.712776643024,2685.2130025026936,2689.5595703125,155334
2015-12-31,2685.2128463158697,2699.7014048391566,2673.863475472628,2685.744140625,285722
2016-01-01,2679.4176907201663,2730.755393892442,2673.6222667315865,2727.712890625,85696
2016-01-04,2714.2863312207946,2732.3970272607107,2636.917343411733,2655.414306640625,461333
2016-01-05,2673.622311811268,2680.383639911947,2622.4293990489855,2639.864013671875,333346
2016-01-06,2639.8157270723327,2656.236095663708,2628.707830672284,2642.037353515625,448118
2016-01-07,2607.940688387437,2621.511686169918,2560.949555125089,2576.741943359375,498597
2016-01-08,2585.72469245293,2622.9119919148043,2546.315766898889,2612.963134765625,202636
2016-01-11,2588.6225528524424,2644.6449812350697,2561.5772425987598,2633.826904296875,180863
2016-01-12,2638.0283047124485,2638.801074984756,2567.662348086101,2579.01171875,256890
2016-01-13,2603.110755811362,2616.6817514418512,2519.8498949408904,2592.823974609375,442587
2016-01-14,2541.2928326771457,2568.1933471443394,2516.179334520701,2537.236083984375,494491
2016-01-15,2545.1083330416964,2553.559991830969,2492.997866869971,2528.929443359375,215896
2016-01-18,2549.0208235463556,2559.64576824473,2491.0665797370407,2551.04931640625,239244
2016-01-19,2554.8157102325426,2564.474748834556,2526.707813574135,2548.73046875,246472
2016-01-20,2521.0091230150197,2603.110952691754,2492.032006658525,2528.398193359375,770115
2016-01-21,2578.9634833101954,2621.4632560688656,2556.8443777237158,2603.159423828125,420642
2016-01-22,2588.622449025498,2646.5766829589047,2588.622449025498,2620.883544921875,164618
2016-01-25,2662.900443325176,2675.5538791016347,2633.0541062928,2656.67041015625,157504
2016-01-27,2672.656323686161,2689.9459106729296,2646.5769161185694,2657.733154296875,289692
2016-01-28,2670.2416458531447,2677.4375835918727,2625.7617188593194,2651.11669921875,477032
2016-01-29,2657.202015808408,2755.0481422888092,2644.452129635206,2743.26416015625,325766
2016-02-01,2762.485339915567,2763.0166342595994,2706.4629099452513,2723.173095703125,240216
2016-02-02,2723.8491012825157,2758.621643001016,2685.5511045218905,2707.138916015625,201113
2016-02-03,2661.0654764680994,2710.374922024736,2656.429090180664,2674.636474609375,135537
2016-02-04,2680.576892503116,2716.412027353475,2661.307153724362,2675.11962890625,103058
2016-02-05,2690.042532556091,2752.7779476870733,2686.4203927007643,2745.823486328125,127269
2016-02-08,2752.77801438935,2777.5535930899587,2707.718687823815,2725.346435546875,109649
2016-02-09,2708.3947600118618,2750.363240781005,2661.451732255709,2671.931884765625,239790
2016-02-10,2683.2810480237777,2725.3945526072916,2663.9629699242546,2702.50244140625,192610
2016-02-11,2712.258516177562,2732.542500807095,2598.6200013772436,2625.23046875,314257
2016-02-12,2641.4574430296384,2697.769689585262,2588.6225449654503,2673.380615234375,704831
2016-02-15,2681.252677290387,2767.2181287381727,2680.2867733415355,2706.801025390625,182856
2016-02-16,2733.5084362336343,2742.153230237945,2685.551394920978,2692.55419921875,250725
2016-02-17,2709.360534994661,2709.360534994661,2646.673464001733,2681.880615234375,110858
2016-02-18,2703.5652710824693,2730.610582833205,2676.6647506038366,2699.79833984375,211883
2016-02-19,2713.2243059946236,2752.826369556667,2680.383570357807,2747.70703125,225185
2016-02-22,2751.8607391219157,2830.0989700341215,2749.9289309512437,2823.434326171875,291684
2016-02-23,2830.0016832314277,2836.328400807688,2712.982522514752,2720.323486328125,233126
2016-02-24,2719.6956310586306,2745.485218660607,2686.565079309278,2701.971435546875,201881
2016-02-25,2709.3605678687372,2744.2297946373837,2671.3040467321825,2684.34375,185621
2016-02-26,2708.3946074520536,2738.3376291464238,2656.2357954683125,2676.471435546875,483142
2016-02-29,2714.190235504074,2743.167355456075,2598.3300980592717,2674.201904296875,521499
2016-03-01,2685.213348678042,2813.6785916183944,2678.403677734836,2786.923095703125,357466
2016-03-02,2820.439896569122,2900.609934725025,2801.653109489849,2871.6328125,481863
2016-03-03,2897.711691087501,2907.3707300577926,2835.99052639389,2843.862548828125,376438
2016-03-04,2848.4510316157457,2862.7464586596375,2796.5820315095257,2807.786376953125,184854
2016-03-08,2819.4739661679023,2854.2465125132417,2810.104743899248,2849.4169921875,365340
2016-03-09,2858.013140443583,2898.629449231819,2849.4650318649105,2889.598388671875,482513
2016-03-10,2909.0128871956936,2917.0299371664164,2881.2914909163646,2895.53857421875,474446
2016-03-11,2892.8823685615653,2906.405024040651,2870.231967797376,2892.35107421875,306081
2016-03-14,2903.7971959371357,2921.8112109225635,2881.001767575028,2905.72900390625,287658
2016-03-15,2899.4023875451376,2906.018924398456,2883.2234952351914,2887.666748046875,381974
2016-03-16,2892.9792956344845,2897.3258638311677,2854.246449155253,2867.044677734375,257333
2016-03-17,2888.149574175649,2943.1577584686434,2879.166620031801,2925.72314453125,475504
2016-03-18,2945.0414647825773,3011.3990262222987,2941.1778485611503,3004.58935546875,474484
2016-03-21,3004.9754462551455,3133.97196231115,3004.9754462551455,3119.38671875,624652
2016-03-22,3124.6995661074034,3128.5631822633322,3076.5010488887583,3100.938232421875,658718
2016-03-23,3107.2161433590763,3153.6762150031323,3078.287368887025,3089.395263671875,352003
2016-03-28,3095.721823849111,3121.028457429939,3047.4749739449076,3068.628173828125,494567
2016-03-29,3065.779282084496,3085.9184747196473,3009.853535064904,3029.31640625,277583
2016-03-30,3071.478170618104,3113.88149957645,3057.0862947104883,3075.53515625,403804
2016-03-31,3111.949611895425,3143.92089339665,3073.6032695497784,3118.66259765625,699027
2016-04-01,3138.2220504627408,3148.8469943085674,3081.2337152896716,3094.466552734375,274734
2016-04-04,3119.5798770841043,3119.5798770841043,3051.773468328205,3062.736572265625,131242
2016-04-05,3044.3846710428993,3066.6969123511394,2991.4047413710964,2994.688720703125,226138
2016-04-06,3017.1942806445386,3090.8928030812895,2987.058122977777,3079.881591796875,327031
2016-04-07,3090.892681850705,3117.9379928168983,3019.4641309443405,3030.475341796875,186699
2016-04-08,3042.597164310032,3090.8923573943184,3023.3274294326766,3051.1455078125,310290
2016-04-11,3051.290606193235,3081.233628919411,3033.3246982309706,3044.722412109375,258469
2016-04-12,3032.9379777624154,3089.636484514638,3032.9379777624154,3058.437744140625,274896
2016-04-13,3085.5805236379097,3201.8752782848906,3081.4270890112844,3162.080078125,593207
2016-04-18,3165.170625558007,3300.6869997376148,3124.6993435340028,3289.53076171875,511243
2016-04-20,3303.391433804645,3337.101386565745,3238.9173466097736,3251.763916015625,257450
2016-04-21,3269.5850787443273,3294.795267769629,3133.3926131304574,3152.710693359375,186815
2016-04-22,3139.284377360993,3206.60783240611,3093.59707547093,3159.568359375,302304
2016-04-25,3175.8920982181285,3214.141987888186,3145.8042853489733,3164.494384765625,710273
2016-04-26,3181.0110643671483,3185.985374661683,3140.3947619968126,3154.690185546875,292028
2016-04-27,3140.250317382721,3157.781379141328,3076.7421348703583,3082.97216796875,349837
2016-04-28,3094.6596404000243,3118.0828117122123,3044.9639282226,3061.191162109375,352944
2016-04-29,3076.4043134690146,3087.995161745821,3042.5976726616627,3053.6572265625,223901
2016-05-02,3062.4951454845514,3087.9949153321477,3030.330496919784,3067.8076171875,151083
2016-05-03,3086.0632677330386,3134.6482859031967,3073.699649418902,3105.38134765625,328289
2016-05-04,3063.8476539140797,3095.722487640172,3063.8476539140797,3075.100341796875,127389
2016-05-05,3090.6026952897328,3090.6026952897328,3002.02935385941,3012.654296875,281986
2016-05-06,3013.620575891201,3025.163081895194,2957.646484473428,2994.205810546875,237698
2016-05-09,2994.302359729132,3069.594528353234,2994.302359729132,3057.810546875,305142
2016-05-10,3054.0917221984528,3078.7706162298236,3029.9924648858487,3057.810546875,179063
2016-05-11,3043.563603396768,3113.7364369619117,3010.0951230303162,3090.023681640625,242607
2016-05-12,3089.926809856092,3122.6708602166595,3087.463707561479,3117.5517578125,173469
2016-05-13,3091.8583695388966,3113.2049399562984,3028.1087124350015,3044.19091796875,157308
2016-05-16,3052.401135763654,3071.5744226340075,3037.864470624106,3063.557373046875,137464
2016-05-17,3071.815959531388,3158.022884895173,3071.815959531388,3141.843994140625,329146
2016-05-18,3156.5745232494787,3156.5745232494787,3100.793562809559,3113.6884765625,219110
2016-05-19,3108.2789957465416,3113.543125254119,3067.71102874177,3080.750732421875,132005
2016-05-20,3080.5090127347303,3093.838533716534,3014.634413925283,3027.142822265625,126001
2016-05-23,3029.4611322095816,3048.9725811534904,3004.0580463256842,3015.9384765625,127994
2016-05-24,3013.717126935634,3072.9751951027156,3004.251220691052,3066.2138671875,121407
2016-05-25,3086.159684022419,3102.531708170007,3072.7818205126505,3100.020263671875,289001
2016-05-26,3100.0203989926827,3118.903868462696,3086.1598187381906,3104.0771484375,319159
2016-05-27,3106.3469114742034,3144.01716319917,3106.3469114742034,3137.545654296875,234528
2016-05-30,3146.045493462881,3146.045493462881,3083.2134014702137,3102.67626953125,177145
2016-05-31,3112.142671434321,3138.8017160189793,3097.412635512728,3116.682373046875,237511
2016-06-01,3116.682733112344,3148.605910993736,3098.4755821956596,3118.179931640625,124069
2016-06-02,3119.8698686913913,3134.1652948195733,3097.171125064689,3122.71923828125,100251
2016-06-03,3124.6993845597026,3143.679303496387,3074.7621958089994,3080.50927734375,169178
2016-06-06,3080.7502627085623,3133.392021390994,3080.7502627085623,3117.261474609375,153326
2016-06-07,3119.869405865539,3227.760817722445,3119.869405865539,3221.240966796875,410209
2016-06-08,3234.522767070861,3276.346458590562,3230.9489693353275,3256.400634765625,296075
2016-06-09,3264.755150361718,3284.073228174509,3250.2665920021245,3264.46533203125,342046
2016-06-10,3250.2669072067233,3279.9684547242887,3214.286983791136,3269.246826171875,247285
2016-06-13,3250.2670181734206,3289.772398153927,3214.721703173948,3282.045166015625,192857
2016-06-14,3285.4739366938506,3291.8006547163995,3198.204656483679,3208.63623046875,115351
2016-06-15,3213.562356945025,3258.9598413984113,3193.4715081513127,3249.059326171875,187858
2016-06-16,3229.3066535815383,3238.6758745312795,3149.812713046974,3169.951904296875,320268
2016-06-17,3201.005800672659,3210.5681557808175,3165.025877294549,3190.42919921875,143919
2016-06-20,3171.4974366388683,3259.9259948627982,3158.989027021861,3254.661865234375,160851
2016-06-21,3257.994212130973,3257.994212130973,3212.5000391233048,3243.119384765625,96592
2016-06-22,3255.04788091507,3255.04788091507,3187.5312909665836,3198.301025390625,186753
2016-06-23,3205.738642075359,3235.198713623239,3187.4831510820864,3224.13916015625,306668
2016-06-24,3158.5063835581773,3219.744608717107,3090.89309705999,3177.776123046875,160067
2016-06-27,3177.7755587777942,3288.564691389723,3177.7755587777942,3280.209716796875,230718
2016-06-28,3293.7324605588487,3320.7777710854316,3274.4143816112896,3284.84619140625,219511
2016-06-29,3294.698583887301,3303.3433776286784,3255.1932041355913,3279.485595703125,276757
2016-06-30,3293.7320942069314,3303.2944478958243,3274.414017408064,3294.697998046875,438192
2016-07-01,3293.732709766209,3366.1755113006566,3279.24414945932,3307.35205078125,248921
2016-07-04,3322.2684672552996,3365.8550797994653,3295.3415793224026,3302.0732421875,186148
2016-07-05,3341.6402729219058,3356.16914367374,3255.435639794355,3269.14111328125,360033
2016-07-07,3260.3752370825564,3311.613621753808,3241.2455590978716,3276.1630859375,203141
2016-07-08,3265.2181191398417,3302.799271171724,3263.280936603251,3293.2587890625,308236
2016-07-11,3317.667346786398,3362.9489900131007,3311.7106048867454,3346.047119140625,218218
2016-07-12,3346.0471889841992,3390.0211402861914,3345.611370185064,3377.7685546875,301384
2016-07-13,3377.477821170763,3386.1466659036478,3317.4251613162787,3326.77197265625,254532
2016-07-14,3331.954150160359,3400.7241340735522,3331.954150160359,3390.65087890625,283309
2016-07-15,3396.849765320535,3447.4586618811277,3396.849765320535,3420.43505859375,233847
2016-07-18,3423.970173802558,3436.56186043889,3373.409756295783,3388.568115234375,149136
2016-07-19,3414.284371993265,3450.122250507804,3364.9831688419886,3397.576171875,753804
2016-07-20,3399.7554245736237,3457.8709019167627,3397.576094173256,3448.039794921875,217891
2016-07-21,3462.7141740994743,3549.8873980628177,3447.2167120615463,3524.2197265625,359712
2016-07-22,3535.358129154464,3537.3437885488956,3489.7373858303563,3525.381591796875,172908
2016-07-25,3515.9863294554666,3564.4158932220707,3498.551686499489,3554.72998046875,294404
2016-07-26,3558.6044186471677,3581.2693603663784,3502.038781595172,3514.33984375,164047
2016-07-27,3527.754736961163,3574.10192562637,3522.911780422374,3536.084716796875,164316
2016-07-28,3538.7481489445295,3598.219557392407,3530.079304509709,3563.205078125,236412
2016-07-29,3565.4814213634936,3621.9501032705,3554.584769567505,3601.416015625,215069
2016-08-01,3612.8452897799157,3651.540462144057,3608.728777050274,3637.738037109375,237315
2016-08-02,3627.4715159918446,3638.997658329683,3545.044298505893,3561.2197265625,200781
2016-08-03,3555.698840150626,3583.6910355317586,3535.7457637836096,3552.50244140625,140575
2016-08-04,3561.6072356295717,3583.7394053973185,3522.524481297575,3541.70263671875,114138
2016-08-05,3558.9917325197557,3722.2963181958744,3554.730025443367,3687.330078125,283529
2016-08-08,3713.2884926951583,3713.2884926951583,3632.217446581947,3661.517333984375,168830
2016-08-09,3663.2122953970925,3717.4534081792813,3639.627002660843,3682.53564453125,175336
2016-08-10,3688.3953070160305,3690.3324894251778,3595.9918006886996,3611.828125,208390
2016-08-11,3611.5864902958406,3664.665343141859,3543.3008006720793,3590.22900390625,211962
2016-08-12,3620.981451788414,3647.230369378374,3546.3032079385102,3605.193603515625,197760
2016-08-16,3606.5497949733194,3644.4700507195466,3592.0694019737793,3621.998779296875,264593
2016-08-17,3603.1594105013396,3620.5940528102174,3556.667031011,3583.109619140625,130552
2016-08-18,3600.834941965736,3765.8827971273913,3600.834941965736,3752.66162109375,414419
2016-08-19,3767.8199065628055,3830.7298600218473,3759.2477795385785,3803.464111328125,270567
2016-08-22,3797.846198413181,3803.60926891531,3726.461072327656,3743.992431640625,193180
2016-08-23,3766.851475368519,3766.851475368519,3652.2186031734936,3706.120849609375,279931
2016-08-24,3710.673156334211,3729.076390468993,3674.8352793348986,3692.560546875,259712
2016-08-25,3690.429882418907,3723.943000202853,3638.02899742504,3670.476806640625,491891
2016-08-26,3700.018758668358,3729.07649761078,3649.119238659719,3683.988525390625,151854
2016-08-29,3680.6468806799408,3683.5041776743933,3640.014523594299,3663.696533203125,60496
2016-08-30,3682.5838011098162,3787.191652377533,3682.5838011098162,3769.61181640625,175962
2016-08-31,3801.7207075333204,3936.2579393841716,3796.8777512179913,3902.16357421875,436330
2016-09-01,3835.6211233533622,3964.4437519912403,3835.6211233533622,3935.2890625,451549
2016-09-02,3963.475461159151,3966.3327580998507,3911.220009643887,3957.034423828125,279418
2016-09-06,3966.3814151396546,3975.8734208013148,3926.8628423902856,3946.81591796875,300605
2016-09-07,3961.5383183530093,3990.5960566294375,3942.1664928353907,3957.276611328125,116165
2016-09-08,3951.755534530121,3999.9916648448443,3935.870731862429,3986.09228515625,138594
2016-09-09,3989.6274725977046,3989.675712983603,3809.856836878794,3829.519287109375,349179
2016-09-12,3777.5059027832594,3816.152599353514,3723.7975648702336,3744.718994140625,202915
2016-09-14,3748.448307365944,3840.4644802857797,3713.191678857232,3820.3662109375,213418
2016-09-15,3824.967030994143,3830.778578774838,3762.977188000062,3805.256103515625,202147
2016-09-16,3827.775799492053,3901.485690771136,3761.136908351008,3800.752197265625,400208
2016-09-19,3817.2184402910684,3879.208285553344,3769.9026591229745,3865.115234375,276012
2016-09-20,3893.204103200234,3903.422788315257,3844.774540069772,3863.419921875,298515
2016-09-21,3867.391298113075,3897.5143449443885,3814.7967444773026,3836.347900390625,305282
2016-09-22,3883.0823102328045,3883.0823102328045,3835.669815974319,3854.9931640625,292974
2016-09-23,3884.050980445532,3887.876868655465,3826.9040956958343,3839.689453125,268107
2016-09-26,3829.9067996429126,3833.635734114213,3782.8331697701356,3799.9287109375,124089
2016-09-27,3787.6763186652515,3850.150458175265,3779.443292528273,3791.84130859375,182333
2016-09-28,3783.317509725618,3861.773402784444,3783.317509725618,3847.8740234375,262247
2016-09-29,3864.776086119025,3874.6556696893217,3722.9257067303793,3740.021484375,367284
2016-09-30,3729.076273002657,3773.050220697908,3717.501654982247,3730.57763671875,241074
2016-10-03,3753.194387843376,3811.406820400883,3732.5635820341904,3805.0625,249528
2016-10-04,3808.985363234529,3864.679364095555,3808.985363234529,3829.03515625,224189
2016-10-05,3834.168391931564,3917.709385692862,3815.329339763365,3906.4736328125,325419
2016-10-06,3910.4939176089856,3916.983432380993,3822.0130029042584,3835.8154296875,192924
2016-10-07,3854.993463145309,3854.993463145309,3782.8818864872524,3810.34130859375,117828
2016-10-10,3811.358295279355,3869.5222502401657,3811.358295279355,3851.845458984375,202224
2016-10-13,3844.9200893555053,3888.8455625875586,3818.7196475984847,3860.562744140625,345562
2016-10-14,3863.710422364188,3930.494740480076,3845.3556658221814,3909.718505859375,214434
2016-10-17,3917.951637786666,3946.718750848726,3838.817779319191,3886.8115234375,648256
2016-10-18,3903.422677078802,3922.794501778945,3861.676300261006,3896.400390625,218098
2016-10-19,3885.0193900041318,3922.794447648151,3879.3047963854333,3905.892578125,269986
2016-10-20,3907.297198173993,3919.3561122372726,3868.3113994068876,3881.2421875,199695
2016-10-21,3882.1141547106713,3898.8223556010803,3825.9358560646583,3855.865234375,231846
2016-10-24,3869.473672041466,3891.65455415269,3836.6385223631983,3846.76025390625,108882
2016-10-25,3855.9618758226425,3905.214836873725,3840.2707444212515,3890.879638671875,110334
2016-10-26,3855.0418391088992,3874.2682344718037,3806.46684367847,3813.876708984375,268883
2016-10-27,3825.935525518798,3845.3073509644623,3790.0976484443177,3817.7509765625,355002
2016-10-28,3817.218672997269,3864.485980185774,3767.820512042471,3857.60888671875,189117
2016-11-01,3858.867745921607,3864.67929373173,3827.8728242676184,3851.845458984375,166098
2016-11-02,3834.555857783756,3840.2706881208524,3756.1969191698477,3773.728515625,214701
2016-11-03,3765.883131714391,3809.2275942000438,3759.1029923311603,3783.947265625,246707
2016-11-04,3801.7206037634223,3805.4497746134266,3698.3234892534233,3733.4833984375,227359
2016-11-07,3762.6862512850253,3821.0923489320153,3748.544961408198,3785.73876953125,254951
2016-11-08,3787.434143020114,3844.3388820783407,3778.4746734662654,3834.6044921875,171969
2016-11-09,3680.3562833044875,3748.4482983967337,3471.673336829068,3647.47265625,747032
2016-11-10,3806.5635461580705,3806.5635461580705,3695.9989514865124,3720.60107421875,382638
2016-11-11,3680.937591615146,3681.7607523426773,3497.4862561694795,3519.957763671875,623318
2016-11-15,3501.4572880349283,3501.4572880349283,3238.4847697219316,3258.486083984375,1362707
2016-11-16,3293.2106123896597,3358.0092795562095,3238.0009050643034,3264.39501953125,833115
2016-11-17,3264.152738340188,3298.7314010631217,3212.8173985383987,3231.075439453125,745885
2016-11-18,3225.0214105089503,3298.198287770717,3172.1362354750972,3286.236328125,683557
2016-11-21,3293.2106744043876,3300.9594054029862,3199.3057879096223,3217.951171875,525360
2016-11-22,3230.494349333047,3326.239700329085,3196.3515037250745,3315.24609375,540794
2016-11-23,3360.0428873373953,3365.999628654183,3274.8068613686173,3343.7705078125,430852
2016-11-24,3328.079841675637,3394.9126440841405,3298.005033297311,3374.330078125,688901
2016-11-25,3390.069320176426,3399.7067556635766,3342.7053034063774,3387.599365234375,497488
2016-11-28,3369.7291541311406,3451.865744188018,3366.33908455958,3394.767333984375,416351
2016-11-29,3375.5408457880435,3451.09097088746,3375.5408457880435,3425.18115234375,378409
2016-11-30,3457.773978346346,3525.6723228898954,3443.923311970124,3490.270263671875,5134859
2016-12-01,3506.009800734168,3507.1238225870547,3449.347210986488,3458.548828125,267124
2016-12-02,3438.498869939324,3486.2019880645385,3417.1898628580097,3473.029052734375,266078
2016-12-05,3475.305318780092,3518.165480529261,3439.95173903219,3470.22021484375,296963
2016-12-06,3486.9288140170165,3504.169787114155,3444.746613986284,3488.76904296875,234462
2016-12-07,3492.400821411327,3552.792578283845,3442.954429040392,3455.98193359375,381973
2016-12-08,3475.305481143891,3516.954905806429,3463.973010565091,3480.1484375,206057
2016-12-09,3491.4811441941292,3494.629066038482,3442.6157585509077,3456.85400390625,149963
2016-12-12,3463.6821009709215,3463.7305778249906,3333.261391618145,3353.601806640625,207281
2016-12-13,3359.075007135498,3368.6639674976586,3250.156950464491,3261.005126953125,366724
2016-12-14,3274.661818265743,3274.661818265743,3198.3367805618163,3210.928466796875,209745
2016-12-15,3186.6653868198614,3207.0058041825414,3152.7646912153946,3161.96630859375,335980
2016-12-16,3180.853519308365,3180.853519308365,3063.9930849373764,3077.84375,758086
2016-12-19,3089.7092201337086,3089.7092201337086,3003.601550191258,3010.091064453125,408345
2016-12-20,3018.8088355712434,3069.950509912081,3006.120429835302,3046.80126953125,317562
2016-12-21,3080.1203224321816,3110.5824714082796,3067.0443399312903,3092.08251953125,304789
2016-12-22,3083.510430591317,3083.558907451239,3031.690795586877,3044.96044921875,239905
2016-12-23,3059.6825998320764,3059.6825998320764,2971.976857204722,3009.509765625,288590
2016-12-26,2988.1043546546184,3022.0050523573454,2970.718186984435,2991.736572265625,162679
2016-12-27,2973.5753562722107,3064.6229404707738,2954.2035298469846,3057.406982421875,258494
2016-12-28,3048.156769112745,3098.523515853725,3027.816352159657,3060.26416015625,202414
2016-12-29,3060.2642691741144,3138.23587027192,3039.2943617287315,3115.183349609375,338530
2016-12-30,3128.5497384137802,3180.5145644024687,3114.9894609098196,3148.115234375,229481
2017-01-02,3196.3513637795504,3272.870078245788,3196.3513637795504,3265.46044921875,243562
2017-01-03,3268.9956538021743,3280.085976947984,3209.4272885551127,3222.212646484375,279985
2017-01-04,3225.4093278670994,3254.4670695595955,3184.2441938027296,3197.70751953125,223808
2017-01-05,3201.0492394202424,3292.2420210543273,3201.0492394202424,3276.599365234375,210883
2017-01-06,3273.8383219260213,3288.2702365076557,3207.974118999699,3218.386474609375,228327
2017-01-09,3220.0816858529492,3230.2034173574198,3177.947965493616,3188.457275390625,138789
2017-01-10,3201.7755824068304,3210.8317694231105,3158.576314670243,3176.44677734375,236655
2017-01-11,3191.70235129915,3254.4671216541246,3185.067642056665,3247.783935546875,160310
2017-01-12,3264.152249807746,3288.3670291089907,3231.268626811147,3247.201904296875,131166
2017-01-13,3248.2682520601147,3262.7486463669343,3206.1345256616196,3215.432861328125,95008
2017-01-16,3211.8487123339696,3239.9378596975657,3196.351251719572,3235.28857421875,104519
2017-01-17,3239.356475572704,3285.7036613835076,3230.2518124295075,3274.08056640625,159811
2017-01-18,3277.712813672238,3420.144205307898,3277.712813672238,3391.66748046875,249849
2017-01-19,3395.8810132444414,3406.43856356257,3317.4735967562397,3352.730224609375,282789
2017-01-20,3331.9538015727,3411.8625773371614,3314.6161132988514,3362.609619140625,314577
2017-01-23,3397.7699493123905,3457.3383168180058,3371.8601309258015,3416.99658203125,389942
2017-01-24,3444.310637583655,3559.088705793347,3424.0186972917127,3541.9931640625,425207
2017-01-25,3549.8867685383098,3577.733765699422,3511.1431203141537,3564.802978515625,464955
2017-01-27,3564.4161377990786,3645.77781050971,3555.69881572294,3570.518310546875,285354
2017-01-30,3574.101739076526,3612.8453893646183,3540.975965374702,3577.879150390625,199744
2017-01-31,3588.630550127749,3618.6568786173466,3550.9524454185,3578.411865234375,214723
2017-02-01,3593.5706696608718,3674.3510893332173,3554.536393053042,3661.032958984375,289861
2017-02-02,3680.6468265196063,3681.131122154675,3596.185715058178,3604.660888671875,239504
2017-02-03,3613.814020040761,3650.620488215928,3599.382104740015,3620.10986328125,203149
2017-02-06,3632.217764446062,3684.4732233893906,3621.3695880174187,3636.91552734375,150193
2017-02-07,3622.7250168716846,3627.3743022571907,3560.686698800267,3579.913330078125,146734
2017-02-08,3576.038825839783,3628.2942754721735,3564.4642079206296,3601.125244140625,289342
2017-02-09,3606.0656081134493,3642.872079536579,3598.462071401514,3634.590576171875,113533
2017-02-10,3648.4898917736914,3661.275250114513,3632.992430397545,3643.74365234375,130436
2017-02-13,3652.1703847280037,3681.131169488493,3638.0288574131773,3649.361328125,156584
2017-02-14,3653.52613269618,3658.369088863593,3565.384330449268,3589.260009765625,159971
2017-02-15,3603.159664249299,3643.549874481467,3549.015504743795,3562.6240234375,280722
2017-02-16,3560.6386675391423,3626.4059239752305,3519.9578318535227,3597.59033203125,174604
2017-02-17,3593.473517389825,3629.311393439265,3563.979961286874,3601.70654296875,140555
2017-02-20,3608.777789394805,3646.746523970059,3571.7776461937797,3638.65869140625,219766
2017-02-21,3628.3430153184822,3665.1494847744625,3608.002597987546,3650.959716796875,190129
2017-02-22,3657.400531437871,3685.4896774685117,3638.0287065891534,3659.14404296875,272588
2017-02-23,3657.9819764546223,3680.6469181510856,3641.903266381074,3667.18359375,313434
2017-02-27,3661.2745967338647,3663.3569731456714,3604.8541614799633,3619.81884765625,250820
2017-02-28,3638.900559565963,3665.9243987134014,3604.612522142637,3655.996337890625,363696
2017-03-01,3662.243497206559,3662.243497206559,3603.1594312637926,3613.910888671875,281751
2017-03-02,3627.3742055182124,3728.7371845226767,3627.3742055182124,3697.8876953125,1005693
2017-03-03,3695.176120963002,3740.699915900161,3663.26108223241,3682.34228515625,568550
2017-03-06,3695.224191898957,3709.7045841692993,3671.0094100179563,3703.989990234375,207324
2017-03-07,3703.79612958973,3704.3773789512084,3656.432110221156,3667.958251953125,124913
2017-03-08,3643.8405397692586,3692.270105688574,3643.8405397692586,3684.134033203125,283490
2017-03-09,3670.525159716626,3711.205993779174,3670.525159716626,3702.779296875,124471
2017-03-10,3719.3905486407,3766.851521787418,3706.7988618874897,3731.449462890625,139870
2017-03-14,3777.5056061775003,3884.0021592417825,3777.5056061775003,3873.34765625,527726
2017-03-15,3880.1280463977264,3909.621602481439,3841.432873496511,3891.266845703125,224115
2017-03-16,3897.610981082931,3965.3638880942917,3897.610981082931,3929.138671875,176654
2017-03-17,3941.9240541998465,3945.5562712164324,3892.283754973176,3912.914794921875,295372
2017-03-20,3912.9152838776745,3915.046137499183,3864.679388575393,3874.171630859375,556593
2017-03-21,3883.7606391087056,3901.8732498274594,3848.0681902013807,3881.92041015625,341340
2017-03-22,3871.7500021774445,3871.798479036333,3789.322788993265,3845.549560546875,248260
2017-03-23,3860.7078217533226,3875.333644417972,3835.2340607068118,3849.423828125,118954
2017-03-24,3850.6346645718068,3884.0510640002376,3820.172515865603,3849.13330078125,124955
2017-03-27,3859.836195465735,3859.836195465735,3810.9223365269595,3827.146240234375,119797
2017-03-28,3839.495741269843,3868.5534789686562,3839.447264412517,3862.06396484375,96646
2017-03-29,3862.0637801837106,3908.6528755163868,3856.494380724399,3873.7353515625,294631
2017-03-30,3875.3340917080454,3883.0828227087113,3846.8091230063446,3863.17822265625,324453
2017-03-31,3874.36525581906,3927.6377780865723,3832.957977147494,3859.59423828125,290105
2017-04-03,3902.357523259366,3931.512216944205,3885.0198330039925,3900.275146484375,163958
2017-04-05,3909.62205960319,3961.538650937978,3901.389033067011,3953.0634765625,169401
2017-04-06,3951.852644443613,4018.491539073883,3907.7817387273913,3982.024169921875,138595
2017-04-07,3961.5383665107743,4022.3174698111534,3937.323584319388,3952.821044921875,124319
2017-04-10,3937.323784947887,3978.6341108823895,3894.705766119423,3931.415283203125,146951
2017-04-11,3903.422986142524,3951.852551727419,3898.8706542720415,3906.619384765625,224440
2017-04-12,3941.198115351373,3941.198115351373,3888.0225460099714,3906.42578125,112568
2017-04-13,3913.1089824383484,3916.8863940452693,3884.09971933086,3893.107666015625,275406
2017-04-17,3895.1901230307335,3914.0776543994016,3867.7789404678592,3874.22021484375,166286
2017-04-18,3874.3651172814775,3936.306482299519,3831.3597590686454,3847.438232421875,263758
2017-04-19,3846.760203969395,3880.999999731826,3802.6893014689276,3816.055908203125,266518
2017-04-20,3825.9355215271494,3894.6085480713923,3818.0415972552682,3880.903076171875,138135
2017-04-21,3898.48299916638,3907.7815701647382,3839.156782492049,3853.395263671875,173540
2017-04-24,3871.8948980561563,4076.8004165107463,3867.051941989976,4011.46875,694285
2017-04-25,4034.1820206976286,4132.2518717409985,3979.117520856152,4109.15087890625,531152
2017-04-26,4104.8897878944235,4140.727664759004,4068.2772271945364,4098.0126953125,217768
2017-04-27,4100.821919425768,4114.576105944733,4079.7068169113027,4104.0185546875,289892
2017-04-28,4092.297657969282,4135.83601986339,4083.628577894558,4115.49560546875,174274
2017-05-02,4115.49595853033,4115.49595853033,4021.6390885587425,4073.894775390625,203245
2017-05-03,4083.580741053711,4189.15718810657,4077.7691935095168,4166.29833984375,309226
2017-05-04,4161.601369066024,4218.21572800335,4147.895894756926,4188.38330078125,196089
2017-05-05,4179.471519117953,4206.592075904813,4148.815698624659,4193.9521484375,283727
2017-05-08,4199.811689847501,4309.262501875353,4199.811689847501,4287.22705078125,153494
2017-05-09,4281.173236472359,4307.809495296566,4259.912469796519,4293.66796875,214276
2017-05-10,4308.245721810449,4319.917057417643,4189.68977219262,4230.37060546875,222094
2017-05-11,4235.6498227248585,4307.761635342563,4215.357645486934,4273.9091796875,159351
2017-05-12,4262.23772528204,4281.125255410556,4235.891853052995,4266.01513671875,207498
2017-05-15,4276.3301732646305,4356.723243339594,4276.3301732646305,4298.3173828125,131348
2017-05-16,4317.205014389471,4390.72099406988,4304.419420990733,4344.27685546875,252094
2017-05-17,4348.926771974809,4348.926771974809,4315.752519374938,4330.57177734375,173787
2017-05-18,4310.909540697089,4310.909540697089,4190.174255322694,4204.703125,312920
2017-05-19,4260.832970102823,4278.654954770458,4199.811720474163,4223.63916015625,118708
2017-05-22,4242.429944805327,4266.692967982902,4126.6832830692,4135.49755859375,153155
2017-05-23,4141.697069168341,4179.956431710939,4102.953410897356,4133.31884765625,229419
2017-05-24,4158.888568245382,4158.888568245382,4018.927136370807,4041.156494140625,189988
2017-05-25,4049.6801992939254,4055.491747056605,4000.2820433111488,4031.664306640625,399568
2017-05-26,4030.3085689224213,4084.4527302821766,4011.6149452236564,4023.915771484375,235032
2017-05-29,4034.1831135819266,4050.746120834134,3917.952147524344,3933.740234375,310173
2017-05-30,3944.104095373511,3981.9273995462777,3924.9744156378465,3953.886962890625,268009
2017-05-31,3957.954831721922,4126.150859447335,3957.954831721922,4063.4345703125,443950
2017-06-01,4095.882191908552,4118.4984202552905,4028.855485221885,4066.4853515625,143799
2017-06-02,4097.141528212272,4120.290767553358,4066.5339460839064,4107.40869140625,187673
2017-06-05,4100.046758205794,4128.03895072102,4034.3764606825307,4046.91943359375,137269
2017-06-06,4053.5545335241054,4062.998298566366,3981.8787783315643,3993.017578125,151928
2017-06-07,4002.218675002264,4032.2450009763857,3973.160940188598,4010.69384765625,137567
2017-06-08,4014.811014032257,4035.1514317149295,3978.0527843277214,3990.83837890625,139961
2017-06-09,4002.219383432958,4003.3331688756516,3924.247781214576,3982.79931640625,222729
2017-06-12,3981.394359699419,3982.799006199273,3900.565466641909,3918.387451171875,134143
2017-06-13,3906.3286448452386,4006.6747963660355,3904.6820869584217,3934.22412109375,171853
2017-06-14,3944.103603788663,3953.1600266427376,3861.821823690759,3925.55517578125,442763
2017-06-15,3905.6507508183195,3971.2243346099426,3884.051117508749,3916.78955078125,248575
2017-06-16,3920.8573344692986,4003.139349379283,3884.0508673967115,3995.729248046875,249460
2017-06-19,4006.0933522820305,4019.0241398722187,3955.823561720284,3968.850830078125,145691
2017-06-20,3994.4707737457816,3996.4079564682575,3926.136605915936,3936.16162109375,177824
2017-06-21,3927.6377166059942,3932.577626818833,3881.193811123362,3889.9111328125,215935
2017-06-22,3907.2974396054524,3959.0685990900593,3866.616603595678,3930.3984375,363645
2017-06-23,3941.1009194828866,3956.6953335013445,3865.6477542237126,3873.396484375,226036
2017-06-27,3867.585301964671,3888.9427887553697,3741.8136192313905,3756.100341796875,339043
2017-06-28,3756.1965834560333,3841.723231657994,3719.9228911810483,3833.926025390625,261198
2017-06-29,3874.3654659342396,3874.3654659342396,3816.346937670875,3829.568115234375,877055
2017-06-30,3858.867583668312,3869.4251338237955,3802.6892905325785,3834.749755859375,244498
2017-07-03,3845.307510887224,3883.954209669614,3811.842633743569,3873.25146484375,218282
2017-07-04,3863.7109211142806,3920.85781114831,3852.136301698498,3892.817138671875,178852
2017-07-05,3908.2661136128995,3977.4234417034445,3899.693985540511,3959.552978515625,169732
2017-07-06,3968.1245840438005,4000.282003858127,3939.3092298105244,3978.343505859375,151491
2017-07-07,3971.224163039627,4011.904995929301,3959.6010679282913,3968.221435546875,145864
2017-07-10,4011.9637649173633,4044.0538464953715,3980.941361496044,4015.070556640625,26229
2017-07-11,4027.5475007527853,4048.9086495031615,4019.779810298103,4030.703125,130236
2017-07-12,4048.908333605167,4077.454498978497,4030.46007021464,4069.541259765625,161823
2017-07-13,4077.017886794283,4105.175762743615,4064.103817845875,4076.775146484375,131100
2017-07-14,4086.7761934180717,4114.836880728726,4060.9973600284843,4100.2724609375,125584
2017-07-17,4080.950419532732,4244.945691321636,4080.950419532732,4221.4970703125,276947
2017-07-18,4229.750213116042,4324.75887226438,4176.1046006570095,4205.087890625,739090
2017-07-19,4190.668066162029,4192.609988342828,4066.482237520418,4083.716796875,446659
2017-07-20,4104.058594292842,4110.75860582807,4014.3418745879862,4021.43017578125,292416
2017-07-21,4035.3147363288203,4066.9681661839754,4019.7309987516624,4055.364990234375,122241
2017-07-24,4059.5892457726886,4101.340582191781,4041.1893392680445,4075.610107421875,183331
2017-07-25,4060.5599844870785,4087.74689973472,3980.9411612618414,3986.475830078125,359976
2017-07-26,3995.4084037829944,4003.2732848287787,3949.0450035039316,3956.08447265625,238144
2017-07-27,3976.0864334936823,3990.6508526639886,3914.1876520198794,3925.5478515625,291936
2017-07-28,3922.683275493364,3946.1804892878367,3884.864383898513,3907.342041015625,193195
2017-07-31,3926.3733227341004,3951.8124611919966,3884.9133229470476,3939.0927734375,198206
2017-08-01,3959.5800154772132,3976.0863568855293,3933.8495421054267,3949.724853515625,243417
2017-08-02,3951.81238839949,3978.999304093639,3925.1109533427366,3968.755615234375,132722
2017-08-03,3978.0283965010253,4018.517671847075,3951.812441727892,3965.794189453125,195349
2017-08-04,3971.231972918926,4000.0697150282017,3945.0160161294857,3962.833251953125,171562
2017-08-07,3962.833054055385,3995.2630671253355,3924.9655628061264,3932.3447265625,159843
2017-08-08,3949.7731560401844,3967.5417942443614,3908.119013425598,3938.8984375,236701
2017-08-09,3940.16079333167,3940.16079333167,3866.4649285133983,3881.757568359375,141670
2017-08-10,3859.5711138587726,3874.135533156353,3772.184598073291,3794.12841796875,144452
2017-08-11,3798.4005980046386,3858.6001984842624,3730.7246429401844,3808.644287109375,252752
2017-08-14,3840.151900407145,3857.6292036201235,3818.7907520357276,3845.4921875,83680
2017-08-16,3855.6873569747454,3856.5127689076076,3777.1366819187674,3826.849853515625,204377
2017-08-17,3837.238813847378,3876.5141485272743,3803.3523614503843,3818.693359375,123889
2017-08-18,3810.0518780950515,3921.3241302115325,3810.0518780950515,3897.7783203125,276537
2017-08-21,3909.866690157651,3940.50056407494,3884.1362178141508,3891.515380859375,170312
2017-08-22,3865.3969924012245,3925.790738743166,3850.832572686073,3859.81396484375,106270
2017-08-23,3864.426048198921,3870.2518161107787,3819.2277514058715,3836.80224609375,142515
2017-08-24,3844.035509071622,3845.006470301496,3816.2659230767895,3825.247314453125,287019
2017-08-28,3841.122856818259,3879.233087387045,3830.3450916968395,3868.455322265625,352378
2017-08-29,3829.471466235929,3859.279931506601,3802.284549132834,3817.431640625,165202
2017-08-30,3845.0065712735422,3907.342236458214,3840.248955942654,3896.51611328125,415975
2017-08-31,3914.8189247319233,3922.5382570116253,3868.7954521209363,3884.233642578125,257768
2017-09-01,3883.8453209616537,3912.0031995386257,3872.193784998769,3883.45703125,533261
2017-09-04,3901.3226569511667,3911.7604913369864,3877.097218972903,3884.233642578125,176316
2017-09-05,3903.361281046488,3989.4852564837665,3888.748267328792,3978.853515625,216938
2017-09-06,3971.23175879371,4047.937702300972,3959.72577244718,4029.732177734375,250105
2017-09-07,4045.995749973132,4058.521055962545,3981.4751817419688,3996.767822265625,128470
2017-09-08,3952.831887182296,4039.393225791201,3952.734696235805,4024.1005859375,149642
2017-09-11,4041.3349316943018,4070.2693860669897,4030.508334937712,4053.374755859375,87309
2017-09-12,4053.763222150643,4110.078974697885,4053.763222150643,4097.69921875,182205
2017-09-13,4079.9795287899656,4104.205203733875,4052.938160795605,4063.32763671875,160537
2017-09-14,4072.9881074353616,4102.311327154354,4052.30682221981,4092.01904296875,104714
2017-09-15,4079.542749419695,4103.428495083499,4054.7348748716668,4088.670166015625,148198
2017-09-18,4112.0213163083745,4116.876123057263,4078.037669066157,4086.970703125,57086
2017-09-19,4092.504761180825,4092.504761180825,4048.908692857548,4062.696533203125,91465
2017-09-20,4065.4143190003715,4097.310487472375,4033.469792111908,4087.406494140625,134462
2017-09-21,4071.4352214678615,4120.759867183462,4029.4895025474475,4045.0732421875,68443
2017-09-22,4027.5475978372347,4040.121736704733,3873.358891184836,3883.45703125,302353
2017-09-25,3874.135814593287,3882.874466806655,3778.1078312023847,3788.4970703125,300503
2017-09-26,3786.7489010818363,3820.683949592852,3724.6073806538266,3800.973388671875,394045
2017-09-27,3840.0547871500844,3845.0553801234055,3663.7283556201323,3688.196533203125,399169
2017-09-28,3688.196235026768,3774.660380035809,3667.5147134014487,3756.357666015625,333828
2017-09-29,3765.3882250890188,3803.0129784985597,3733.3464996047646,3742.279296875,135081
2017-10-03,3799.760125614406,3830.442599687099,3765.3881879813866,3781.89453125,128586
2017-10-04,3782.08862693613,3812.7225051318387,3747.4253539329807,3760.0478515625,114881
2017-10-05,3765.484801056136,3811.0227874410507,3742.2786856739363,3781.311279296875,151360
2017-10-06,3796.458469634679,3835.636850708249,3794.467951671329,3816.75146484375,186262
2017-10-09,3811.7025279869035,3874.1353837110605,3806.2652872228728,3842.43359375,164124
2017-10-10,3845.006978125288,3877.388634238783,3842.628170208135,3855.493408203125,191270
2017-10-11,3859.570592831304,3868.06650294131,3805.3909129481385,3836.461669921875,225285
2017-10-12,3837.433172144873,3849.1818986025305,3770.145507176036,3805.97412109375,183939
2017-10-13,3786.7490161224255,3903.264370464654,3786.7490161224255,3888.699951171875,187181
2017-10-16,3922.683545217581,3928.121023170003,3869.668964860293,3887.9716796875,297411
2017-10-17,3887.6803326059508,3985.9903983203967,3887.631737132195,3970.64892578125,270710
2017-10-18,3971.2313643805137,4067.01659329997,3933.5580218754417,3973.367431640625,784453
2017-10-19,3957.2496602648353,3959.6284678539664,3901.3221989291424,3917.197509765625,37888
2017-10-23,3931.4221157086286,4101.340335083539,3931.4221157086286,4082.9404296875,486553
2017-10-24,4095.5157177905166,4175.1345629443385,4080.0286918056486,4104.3515625,371685
2017-10-25,4136.294987230957,4346.410910071737,4136.294987230957,4330.72998046875,675900
2017-10-26,4330.487478693028,4379.035544597658,4297.814725159653,4353.693359375,510733
2017-10-27,4350.8783091657115,4371.268499858074,4280.09531343982,4310.92333984375,187708
2017-10-30,4315.9236248314255,4355.733044093087,4301.407561581693,4342.38232421875,110319
2017-10-31,4342.381161194228,4345.051304453948,4264.509884488074,4273.24853515625,175650
2017-11-01,4295.5326037483255,4325.632402734807,4279.997223626269,4297.765625,73374
2017-11-02,4315.728091935207,4319.806318559195,4255.917262131003,4271.40380859375,114975
2017-11-03,4281.93869559904,4291.648307153687,4227.564870893021,4248.05224609375,119929
2017-11-06,4257.6652332060585,4325.632523131811,4232.468598228422,4299.173828125,112295
2017-11-07,4303.300770161216,4336.750578830098,4218.584391055492,4246.451171875,156131
2017-11-08,4252.810045906659,4295.872269844887,4209.116792010357,4243.68310546875,115134
2017-11-09,4280.968331072663,4286.891289766892,4216.642145558133,4236.64404296875,146865
2017-11-10,4223.681012043324,4360.489343567015,4213.971400521385,4321.6025390625,376322
2017-11-13,4345.051655983836,4354.66407767608,4211.059001564669,4222.37060546875,169443
2017-11-14,4231.448826805022,4261.548623416072,4223.681137357009,4234.75,120260
2017-11-15,4229.507361916309,4229.507361916309,4138.237001030145,4181.63916015625,203169
2017-11-16,4189.698323416531,4204.262744007782,4140.422033749465,4149.01513671875,127671
2017-11-17,4185.813581269443,4222.904487404031,4118.137398444995,4143.1396484375,275645
2017-11-20,4107.166376941978,4117.361470785451,4049.2969875433478,4059.88037109375,214322
2017-11-21,4069.29911701475,4088.3300547589592,4008.1769089018744,4042.50048828125,296266
2017-11-22,4046.0925443974606,4115.564629184196,4046.0925443974606,4107.55419921875,205993
2017-11-23,4112.02166281053,4135.810217884641,4050.1712299769383,4063.619140625,273052
2017-11-24,4063.6183168016123,4122.7014027567,4063.6183168016123,4118.1376953125,277735
2017-11-27,4107.069694240218,4160.472573362263,4083.087231168586,4147.947265625,225700
2017-11-28,4147.946744123558,4196.300428044791,4128.867449074611,4151.7333984375,165542
2017-11-29,4160.471435367773,4189.697461495503,4139.887342961451,4163.23876953125,147547
2017-11-30,4146.97608986336,4147.413212129038,4065.4636916661475,4081.727294921875,233153
2017-12-01,4105.224500272904,4125.129207523518,4033.0822631469305,4063.4248046875,144542
2017-12-04,4054.734304799283,4075.8527126367794,3972.493931803252,3990.69921875,236418
2017-12-05,4000.3606813474726,4014.730719396865,3954.7254988175378,3989.000244140625,123027
2017-12-06,3979.97024458206,3990.6024601263666,3899.720390460143,3920.158935546875,176862
2017-12-07,3915.8868064599515,3998.418514505847,3903.3615008828347,3963.318359375,178897
2017-12-08,3987.737811400853,4060.608262798611,3966.570808965426,4044.58740234375,176333
2017-12-11,4067.3568036048905,4134.304773529499,4067.3568036048905,4117.40966796875,157581
2017-12-12,4107.165998279307,4135.906545475406,4045.607151186996,4099.8837890625,176379
2017-12-13,4098.136054696639,4222.710184833701,4060.17137762121,4150.22802734375,242129
2017-12-14,4177.220684633457,4188.726669819525,4115.127999568796,4144.2568359375,155066
2017-12-15,4174.162218254187,4201.3491319808945,4135.129388191411,4186.59033203125,248023
2017-12-18,4162.996655025817,4194.552897891901,4079.9794622550394,4184.74609375,171295
2017-12-19,4193.484866273826,4243.101085920479,4193.484866273826,4233.876953125,165588
2017-12-20,4233.390733508155,4243.100345282256,4187.512817875527,4207.27197265625,98899
2017-12-21,4197.562448169829,4256.111218744318,4181.250015588842,4206.93212890625,77428
2017-12-22,4197.465341069966,4223.486912044572,4142.120551701243,4164.35546875,98020
2017-12-26,4174.260341369093,4239.120374674726,4158.093928523978,4214.3125,150416
2017-12-27,4187.75619040879,4211.981865083455,4141.295596234983,4153.4814453125,85346
2017-12-28,4154.743828334002,4169.8909209861895,4126.585947749359,4152.26806640625,135145
2017-12-29,4146.0050026055005,4207.175568217713,4146.0050026055005,4195.1357421875,172445
2018-01-01,4177.269220420792,4194.357757261481,4119.836489511875,4132.458984375,166780
2018-01-02,4160.568982088047,4176.104362184526,4120.565188698746,4128.818359375,141217
2018-01-03,4132.411480349233,4188.72723830512,4122.119195281679,4177.02734375,166916
2018-01-04,4177.172389289477,4223.681337240033,4170.278469757688,4219.31201171875,149645
2018-01-05,4233.196761417033,4283.881129425084,4223.729889020864,4268.1513671875,165179
2018-01-08,4272.2302757118105,4304.660292529717,4244.266776275328,4296.79541015625,176265
2018-01-09,4304.173441524343,4347.963882729558,4257.955597526179,4298.29931640625,137512
2018-01-10,4299.4165642575745,4299.4165642575745,4249.509249095438,4275.3369140625,108721
2018-01-11,4291.503060579573,4306.213028302271,4254.363793762761,4278.15234375,111608
2018-01-12,4284.657162674438,4307.378032810963,4225.234624900012,4277.5693359375,77493
2018-01-15,4289.512163907981,4433.263252829159,4275.530417565138,4388.89013671875,318055
2018-01-16,4396.512678220074,4457.683238893189,4380.006336451138,4413.1162109375,315736
2018-01-17,4410.1068406760605,4466.325412979153,4368.307140512671,4412.29150390625,325182
2018-01-18,4422.243722086208,4425.399346654609,4243.101342741625,4280.62890625,626579
2018-01-19,4241.158168604651,4255.139913900509,4146.974940043605,4175.1328125,311100
2018-01-22,4199.40691307015,4218.097914937573,4136.828278216039,4204.26171875,179728
2018-01-23,4218.535227108825,4279.074277381774,4176.104033914824,4247.6640625,250337
2018-01-24,4238.052387407887,4242.082256745323,4150.957428980397,4158.6279296875,244058
2018-01-25,4160.569516589321,4263.443064522547,4157.656632447018,4233.34326171875,279951
2018-01-29,4243.100619718034,4284.949143991522,4205.524230081037,4263.19970703125,263874
2018-01-30,4256.597149611362,4257.228179636124,4180.959359137602,4236.49853515625,201842
2018-01-31,4236.498558500704,4277.958321791107,4204.262453511881,4254.75244140625,189153
2018-02-01,4254.751961430737,4296.5032928642195,4221.399349523327,4263.927734375,268309
2018-02-02,4241.158529327717,4241.158529327717,4009.098802104886,4058.083984375,240012
2018-02-05,4003.127704432595,4058.4236634357408,3934.383600178073,4025.99365234375,178020
2018-02-06,3864.425753962748,3995.262781687994,3833.9376656991544,3973.804443359375,298939
2018-02-07,4037.1598518515048,4046.821106325443,3933.364184797143,3963.027099609375,262748
2018-02-08,3966.3770207953676,4060.463078561234,3934.2867015277934,4045.995849609375,188256
2018-02-09,3942.1026214801436,4046.8692441123476,3936.3254495312945,4032.693115234375,181041
2018-02-12,4048.9081903798256,4099.835294789371,4041.6743398233,4078.328125,218964
2018-02-14,4078.0375759639564,4084.3971830189207,4034.3443162214853,4054.2490234375,152754
2018-02-15,4068.715751674213,4106.292140069213,4039.2469841874235,4066.239990234375,122433
2018-02-16,4082.892059474831,4136.1977373214995,4023.8089725452305,4045.364501953125,114025
2018-02-19,4022.7409677342807,4092.6018219273933,3958.94909568299,3997.059326171875,131776
2018-02-20,3980.941182547206,4063.4728899902584,3965.6971381120607,4020.3623046875,123931
2018-02-21,4044.1512332235534,4051.773374678284,4000.4091397336097,4011.5751953125,170432
2018-02-22,4011.575069371847,4011.575069371847,3953.9486570110353,3980.84423828125,196243
2018-02-23,4000.166163825457,4014.196744215301,3945.549827891827,3996.864990234375,136480
2018-02-26,4000.3601050804696,4028.5179796065213,4000.3601050804696,4020.555908203125,129762
2018-02-27,4027.547435865807,4063.667385539039,4019.5853636371526,4054.83154296875,179366
2018-02-28,4005.2152480609925,4072.163217424001,4005.2152480609925,4034.9267578125,160018
2018-03-01,4034.97496896133,4058.617969898276,4011.331968024384,4032.693115234375,198915
2018-03-05,3996.6711332217064,4014.34234459955,3957.104222794453,3976.474853515625,124424
2018-03-06,3987.7378410868755,4053.423274620356,3983.5628973660023,4029.7802734375,235296
2018-03-07,4039.198788843668,4049.393881940509,3974.1443852733496,3994.000732421875,188355
2018-03-08,3986.038696014426,4013.565542441221,3946.1320935741887,4000.26318359375,154031
2018-03-09,3995.5054127007816,4014.4875148748156,3934.286260486001,3961.376220703125,135949
2018-03-12,3961.376302623743,4064.2981938763996,3956.5698548536247,4054.734130859375,102681
2018-03-13,4022.692735850382,4086.873373716855,4021.5273926292393,4048.90869140625,138444
2018-03-14,4032.4996076530547,4120.759898018734,4024.3919857005535,4107.4091796875,237294
2018-03-15,4107.166486730426,4107.166486730426,4035.315347246253,4067.745361328125,188385
2018-03-16,4020.7505561728685,4045.801166906125,3887.049238795594,3909.38134765625,527458
2018-03-19,3941.131975514644,3947.4432240588285,3845.0068053801406,3857.046630859375,193770
2018-03-20,3853.7451288618827,3882.7767748711226,3796.652561024083,3822.480224609375,155144
2018-03-21,3845.0064823146085,3936.276838207935,3843.501444993385,3883.068115234375,205143
2018-03-22,3882.8742889248233,3895.496785988095,3798.9833263401365,3811.168701171875,180643
2018-03-23,3739.171861512786,3785.7294071328297,3702.372524094497,3761.26123046875,249194
2018-03-26,3750.823486389933,3854.7163450603243,3715.0920632874663,3835.297119140625,156418
2018-03-27,3834.811582271265,3874.1841096564426,3809.081108304892,3863.066650390625,106468
2018-03-28,3859.473960590212,3859.473960590212,3809.081164149031,3835.297119140625,464340
2018-04-02,4003.2733884693707,4003.2733884693707,3809.1297264387817,3862.969482421875,303869
2018-04-03,3851.80290358787,3875.688642831855,3800.827442927834,3836.461669921875,240321
2018-04-04,3837.238707104534,3859.5222194939265,3760.1444817468023,3768.591796875,177225
2018-04-05,3820.7325683438016,3864.280275791993,3801.3133430917364,3851.4150390625,124669
2018-04-06,3835.29724824246,3873.310289439408,3806.217003859045,3834.811767578125,214201
2018-04-09,3841.220231113497,3859.5227100423394,3788.1570519402844,3804.420654296875,107499
2018-04-10,3830.248137089918,3833.2096164291384,3794.565309748677,3817.04296875,115836
2018-04-11,3807.139191605342,3822.6259766628878,3777.0393918247337,3810.68310546875,139653
2018-04-12,3772.233272286348,3786.7490964123754,3752.7654506753415,3759.853515625,218223
2018-04-13,3771.990276674376,3792.2832717920655,3750.337793588554,3766.31005859375,304761
2018-04-16,3752.9106925022306,3810.10045101512,3752.9106925022306,3803.255126953125,180569
2018-04-17,3806.1679460638843,3830.441976332149,3789.224720346851,3803.497802734375,103447
2018-04-18,3819.761552642242,3892.2923105147843,3808.546902808787,3876.417236328125,159338
2018-04-19,3898.6034507417057,4042.5970473589177,3891.175692214643,3984.291015625,449754
2018-04-20,3985.795767798324,4014.439123498702,3940.2091863904807,3962.3955078125,192832
2018-04-23,3953.851634172464,4041.771990905279,3953.851634172464,4023.37255859375,111251
2018-04-24,4046.9666874658615,4052.501356501787,3977.057474054743,3999.63232421875,378441
2018-04-25,4013.9538893750287,4041.8690258819306,3960.5510195357383,4014.73046875,482116
2018-04-26,4053.763187091933,4053.763187091933,3909.818182903579,3960.98779296875,512593
2018-04-27,3959.0944895743146,4003.127677001051,3918.7995977736196,3944.384521484375,127581
2018-04-30,3980.8927194851613,4008.079634163545,3959.628526131061,3989.5341796875,177986
2018-05-02,3993.3690980824354,4000.311850056054,3877.0481340884867,3899.86572265625,217139
2018-05-03,3911.808930319393,3912.7312961435764,3865.8824134488864,3879.330322265625,146828
2018-05-04,3882.776811584683,3917.148981744699,3845.0065141324517,3870.10595703125,212463
2018-05-07,3888.7001832719297,3932.3934437581315,3854.7165362271066,3916.275390625,133722
2018-05-08,3928.7038776303584,3958.366795118677,3915.887234859539,3946.084228515625,202627
2018-05-09,3956.4733409957485,3961.522292585881,3840.1521243081274,3851.075439453125,230272
2018-05-10,3851.8036224190396,3900.1575443935335,3815.8780529636565,3882.4375,263132
2018-05-11,3894.5253790277716,3966.3765079352897,3853.308123436309,3953.36572265625,97087
2018-05-14,3966.3771129767106,4034.3444074463237,3937.976493501908,3987.78662109375,346826
2018-05-15,3990.6508097938104,4019.2941671877074,3958.7546373330515,3989.970947265625,211226
2018-05-16,3971.2319278125588,3971.2319278125588,3854.8621150096365,3874.864013671875,218521
2018-05-17,3881.903201555917,3903.0702048925787,3825.5874472562064,3842.87060546875,241558
2018-05-18,3816.897300730982,3826.606913311134,3739.6086897725345,3746.7939453125,382059
2018-05-21,3786.7000553795006,3902.2930327598724,3703.4401331204413,3740.38525390625,516801
2018-05-22,3728.4915339816403,3768.3495442746603,3611.976173544714,3646.493896484375,976312
2018-05-23,3641.1044955241878,3641.1044955241878,3582.8954190659556,3593.333251953125,333394
2018-05-24,3592.5568806162723,3615.811356798149,3526.2887705886883,3552.164794921875,398238
2018-05-25,3586.633893064259,3592.5568518837513,3555.660322053594,3575.22509765625,271222
2018-05-28,3583.8182235858967,3636.201539264936,3577.992455679769,3621.97705078125,369098
2018-05-29,3641.1049586224663,3665.378991679949,3593.5278538297994,3608.140869140625,347743
2018-05-30,3582.846774674792,3624.3067698875084,3582.846774674792,3599.01318359375,201412
2018-05-31,3598.431128229119,3655.620653262766,3579.6429324888754,3636.15283203125,733987
2018-06-01,3641.0073925847937,3641.0073925847937,3553.7180735227944,3581.050537109375,232438
2018-06-04,3595.2754281482944,3617.704491193391,3520.7055554057106,3603.3828125,200526
2018-06-05,3602.2661270520566,3602.2661270520566,3530.4635922262887,3570.078857421875,204863
2018-06-06,3558.5729654398046,3615.277007367443,3525.9002143428993,3589.0126953125,200850
2018-06-07,3616.733606081764,3626.2976695869684,3594.8869771064087,3615.034423828125,149988
2018-06-08,3606.1500909428205,3620.76310519975,3558.184699900957,3607.2666015625,281709
2018-06-11,3619.743735639403,3718.781788492198,3607.07264323184,3680.04052734375,283522
2018-06-12,3704.1199941895743,3704.1199941895743,3646.2994411371765,3656.834228515625,262627
2018-06-13,3666.350095565963,3723.636815809181,3638.09502516793,3690.23583984375,239285
2018-06-14,3679.9431930716173,3679.9431930716173,3636.249936161796,3657.611083984375,235397
2018-06-15,3655.6693255299683,3681.885280852494,3565.224374487695,3584.44921875,588115
2018-06-18,3579.4970746130493,3600.3241450321057,3535.2697443532625,3562.942138671875,238900
2018-06-19,3545.950495402018,3553.7181854248047,3507.5003349687904,3542.066650390625,249879
2018-06-20,3546.9215713767044,3556.631184219236,3519.734655417617,3545.319580078125,222658
2018-06-21,3566.3408974471645,3566.3408974471645,3495.46072170155,3511.869873046875,321887
2018-06-22,3518.7639093370335,3548.5723751764385,3459.535267375235,3535.31884765625,330296
2018-06-25,3546.921228860233,3660.5236881475716,3526.1427542041743,3643.04638671875,498922
2018-06-26,3643.04659823702,3751.745662413326,3641.10467574329,3728.58837890625,582262
2018-06-27,3738.2007408432137,3745.385759135051,3641.104617704429,3663.582275390625,394258
2018-06-28,3663.582451213921,3675.039841704379,3578.574980967087,3613.335205078125,545895
2018-06-29,3640.1336500780703,3719.169799353758,3607.1695637405805,3707.712646484375,320835
2018-07-02,3687.7109114693094,3715.6746435162618,3625.666581001992,3667.612060546875,224587
2018-07-03,3675.0886689090307,3675.0886689090307,3622.0257265416594,3640.95947265625,244401
2018-07-04,3648.872428316436,3694.5076077019794,3626.5403192554254,3680.57421875,190572
2018-07-05,3686.7401680717094,3848.0652981459507,3683.1962540395148,3821.946533203125,499755
2018-07-06,3796.701748417517,3881.903609787925,3777.0397804089616,3839.521240234375,327395
2018-07-09,3845.0066494157527,3898.021229856922,3777.524840795956,3786.020751953125,282644
2018-07-10,3806.709368771518,3869.0186781324837,3798.0930645099857,3855.19384765625,186488
2018-07-11,3841.5635317791484,3857.3355275387817,3817.6620235642217,3847.405029296875,236871
2018-07-12,3856.3622382096737,3943.011124652658,3834.992139035282,3842.683349609375,558480
2018-07-13,3876.5148273040954,3917.9408255479343,3845.652298170924,3859.0390625,237239
2018-07-16,3859.2828566272806,3872.474953284406,3732.911740776684,3761.924560546875,284241
2018-07-17,3773.6075477010313,3821.799904153869,3738.8506836156994,3792.30029296875,175938
2018-07-18,3802.8150000970386,3872.523634345784,3709.351036961013,3747.66162109375,798285
2018-07-19,3739.5320604791505,3775.749298192112,3683.064250141272,3755.352783203125,342317
2018-07-20,3728.8227802117012,3782.369843635107,3728.8227802117012,3769.421142578125,196849
2018-07-23,3782.3697861835517,3937.0720229023464,3776.5770151303295,3903.726806640625,257170
2018-07-24,3943.0112500156397,4118.256194460779,3943.0112500156397,4027.51806640625,548782
2018-07-25,4025.765477731196,4025.765477731196,3879.046575452233,3937.9970703125,247468
2018-07-26,3938.1431498125867,4062.7132821208943,3933.2265082307076,4033.359375,839947
2018-07-27,4064.708963225217,4079.264219006938,3991.885146084911,4015.68896484375,190337
2018-07-30,4021.384484005937,4137.727649685325,4016.029777635756,4131.25341796875,329539
2018-07-31,4124.389484650671,4130.912680922428,4061.2530072243094,4083.01220703125,251535
2018-08-01,4094.403280848866,4118.207575202663,4043.631022793415,4082.281982421875,159147
2018-08-02,4076.3911823771027,4112.413745966296,4042.315784387325,4072.983642578125,135635
2018-08-03,4089.0486871850817,4109.299023863921,4042.3167021886807,4057.650634765625,205260
2018-08-06,4064.7094601954577,4098.7848688438025,4027.761791236659,4067.435302734375,184759
2018-08-07,4059.8410912557883,4156.225807810782,4055.0216652751096,4095.57177734375,461061
2018-08-08,4100.731291382557,4147.463271911133,4080.5294456332244,4131.9833984375,297215
2018-08-09,4129.9390667833495,4205.830051433158,4104.139117403397,4196.92138671875,336669
2018-08-10,4201.010144294911,4218.729542935922,4118.255599158163,4134.02783203125,287805
2018-08-13,4114.361849545306,4114.361849545306,4064.709115440523,4083.402099609375,155075
2018-08-14,4083.20709355394,4225.301722262949,4083.20709355394,4185.53076171875,455836
2018-08-16,4171.802581175092,4171.851070165492,4089.0965265482505,4102.19140625,430146
2018-08-17,4147.463104615024,4194.730363694291,4093.380765316908,4172.484375,262047
2018-08-20,4178.520563725693,4225.155091906211,4160.119941066101,4187.08837890625,135703
2018-08-21,4191.274621992298,4276.949922046961,4190.8852838866915,4235.28076171875,271157
2018-08-23,4259.425128224021,4268.089920836983,4190.300743285986,4232.408203125,189320
2018-08-24,4216.587140554405,4282.790771484375,4166.934417356928,4201.9833984375,241765
2018-08-27,4215.614429165143,4264.293579617396,4206.5113329541055,4255.33642578125,200121
2018-08-28,4265.266536403926,4342.179582826183,4235.085467554685,4310.68408203125,301809
2018-08-29,4317.791810948875,4317.791810948875,4259.912115535173,4285.66357421875,177155
2018-08-30,4286.686025905249,4327.576512638845,4270.135114608318,4309.4677734375,332154
2018-08-31,4309.078634501382,4374.941433601147,4281.866797752346,4357.27099609375,299423
2018-09-03,4351.9154418373055,4351.9154418373055,4239.369166654278,4258.01318359375,150383
2018-09-04,4257.965341607435,4257.965341607435,4065.6826949931747,4090.168212890625,325798
2018-09-05,4087.1007642846425,4137.727071988978,3997.531142961587,4049.5693359375,384529
2018-09-06,4097.810601270622,4159.048873221942,4020.946037876954,4043.48486328125,373709
2018-09-07,4073.762790678028,4174.431644137767,4040.369086931722,4155.44677734375,196079
2018-09-10,4147.463297371415,4147.463297371415,4028.6861794654733,4044.896240234375,337900
2018-09-11,4044.993942681398,4077.317088222021,3981.078314227678,3999.089599609375,318329
2018-09-12,4028.6861080003455,4028.9779927223476,3948.8523088567913,3988.136474609375,233072
2018-09-14,4032.4834583919655,4088.4644826379476,3987.260574169749,4078.436767578125,635121
2018-09-17,4046.2107613927137,4064.6603485447663,3982.5870202005135,3995.09765625,210529
2018-09-18,3993.6374547605155,4004.249414354185,3920.959579091521,3952.6982421875,268420
2018-09-19,3980.007320542294,3980.007320542294,3938.8734386213273,3943.692626953125,322516
2018-09-21,3957.079154468987,3991.39819098181,3807.1961075789395,3961.849853515625,551314
2018-09-24,3952.746779565867,3952.746779565867,3823.0655780799166,3869.894775390625,421511
2018-09-25,3865.1241679950767,3942.037218189437,3845.6525097180233,3922.2734375,248960
2018-09-26,3933.469823106344,3993.9781466181594,3918.476740615376,3960.097412109375,283138
2018-09-27,3981.808014585176,4102.386348675566,3915.7503214700014,4011.55078125,525917
2018-09-28,4041.3430216262554,4041.6349063725042,3908.010877689731,3952.6982421875,318703
2018-10-01,3943.011029949144,3943.011029949144,3752.1887677590125,3836.111572265625,427828
2018-10-03,3850.5207725071464,3866.6336187267934,3712.320712925938,3758.322509765625,500577
2018-10-04,3732.1816611490303,3856.5568879772914,3678.0990785790186,3839.470458984375,535184
2018-10-05,3821.166944138565,3821.166944138565,3668.9471624878815,3693.578857421875,380282
2018-10-08,3670.4076958239866,3686.471814386611,3603.7659909009026,3659.600830078125,427278
2018-10-09,3679.17007138047,3763.823063722242,3645.094667173453,3682.0908203125,215436
2018-10-10,3682.090620760819,3727.84901821607,3626.5963940597703,3678.1962890625,273039
2018-10-11,3616.860506435848,3641.1026257901467,3535.2742111346797,3591.303955078125,241641
2018-10-12,3629.517309240425,3714.2190275622916,3607.2708433173584,3694.893310546875,289631
2018-10-15,3719.0867636724743,3719.0867636724743,3565.3581152976535,3610.434814453125,234650
2018-10-16,3645.0943295448938,3713.2451316464276,3608.730913632836,3653.564453125,308164
2018-10-17,3685.4983499687332,3690.366264841232,3616.8607502665022,3624.6494140625,166654
2018-10-19,3514.6346994593546,3553.5780202289875,3431.8801428238853,3514.245361328125,758353
2018-10-22,3502.9515360504042,3502.9515360504042,3355.0643775620924,3371.76123046875,709687
2018-10-23,3362.5608618879587,3369.473158262753,3174.318502217567,3255.320556640625,809289
2018-10-24,3286.9138459683986,3345.377318248757,3242.3724212169677,3294.1669921875,354011
2018-10-25,3253.714629037528,3299.7164292236507,3190.918520846947,3259.0693359375,519442
2018-10-26,3262.671202987021,3309.597854623807,3205.0351386754382,3297.2333984375,270475
2018-10-29,3315.0015843528568,3364.0215863782446,3274.1598226258075,3350.78076171875,278127
2018-10-30,3349.1254920840115,3408.465327901163,3332.1365164138524,3372.150634765625,159145
2018-10-31,3378.3328112479107,3426.914505013316,3284.8688487465274,3406.9560546875,371435
2018-11-01,3428.9590971151865,3520.4271663214126,3378.3327844945193,3506.5048828125,227757
2018-11-02,3495.162877877927,3764.8453617699006,3495.162877877927,3632.243408203125,444425
2018-11-05,3618.759172343045,3695.1367087916005,3561.2205614380555,3674.837646484375,229476
2018-11-06,3674.8373090391583,3706.965544094868,3613.501587569166,3645.483642578125,277572
2018-11-07,3670.4078082915903,3705.4567953203696,3651.033602204922,3682.675048828125,52687
2018-11-09,3698.447093071287,3727.0216110826827,3669.7751216848715,3716.993896484375,200993
2018-11-12,3720.9368245061287,3787.0919804314876,3614.2322688329996,3628.39794921875,287420
2018-11-13,3631.4642598744076,3747.5640220701243,3626.0608271773854,3728.72509765625,213510
2018-11-14,3736.61122121295,3873.2049514859823,3729.163407002726,3813.572998046875,449597
2018-11-15,3824.039345559757,3829.8808435454307,3728.871607543156,3809.58154296875,233272
2018-11-16,3847.599929759661,3874.8602531486463,3807.731754341501,3857.72509765625,220575
2018-11-19,3865.5139061928144,3940.0904601895977,3848.0381386185186,3925.43798828125,448367
2018-11-20,3926.460218637082,3939.6035890689195,3855.3886600056644,3871.404052734375,183485
2018-11-21,3875.541673158691,3946.905352250941,3833.0448716821793,3936.974853515625,310675
2018-11-22,3943.0109491238954,3943.0109491238954,3834.943241629389,3846.0419921875,235065
2018-11-26,3888.490685867533,3894.3321841437487,3837.7184250932282,3855.242919921875,274495
2018-11-27,3876.8072992255775,3922.5656977849953,3845.8960406242686,3899.19970703125,290501
2018-11-28,3899.3943674773063,3933.2751015336976,3877.0019597210503,3898.128662109375,293918
2018-11-29,3933.1777491612825,3950.8971493850318,3906.0148793489516,3923.9287109375,495678
2018-11-30,3923.5393045265314,3973.1920351793487,3880.604201179694,3893.990966796875,637323
2018-12-03,3933.275007432203,3991.689982790107,3908.837980997689,3940.090087890625,356511
2018-12-04,3959.5619553225647,3996.8015040786718,3915.0692609482703,3924.172119140625,228182
2018-12-05,3914.095589176968,3922.9550514248285,3849.692934292198,3864.199462890625,175670
2018-12-06,3840.8335325036664,3851.3482760882403,3722.9325400927437,3762.411376953125,271400
2018-12-07,3801.8414588341343,3853.4413557145976,3777.550611520147,3828.614990234375,188598
2018-12-10,3777.598977242036,3777.598977242036,3662.4240765401837,3676.784423828125,291666
2018-12-11,3649.9624900288713,3793.0791840897527,3626.645225847659,3771.7578125,324889
2018-12-12,3784.2195529671662,3845.6527334822945,3771.514485355041,3828.517578125,183942
2018-12-13,3891.410893527093,3891.410893527093,3821.3129239664345,3844.7763671875,213593
2018-12-14,3932.301629564969,3936.974875375523,3869.9923192673314,3899.24853515625,312029
2018-12-17,3909.8114908827765,3915.312376907572,3860.256216123,3903.385986328125,130496
2018-12-18,3893.3584121999475,3910.9803595546864,3872.913169225154,3902.2666015625,196490
2018-12-19,3904.067538588779,4063.4917429388815,3899.297077321325,3976.648193359375,990102
2018-12-20,3967.350274700872,4024.791665181204,3897.544429062154,3933.61572265625,541116
2018-12-21,3923.5395714858114,3972.218722496802,3851.0076364794363,3879.046875,390384
2018-12-24,3845.6527055816623,3904.9438129785995,3801.8414722269345,3813.67041015625,322548
2018-12-26,3788.308464882318,3902.1202092420917,3755.157920057491,3890.53466796875,224353
2018-12-27,3908.935636071387,3914.2903424221695,3850.5206576992114,3877.294189453125,255449
2018-12-28,3881.2857748885795,3915.7505152772674,3879.727947135731,3899.15087890625,196548
2018-12-31,3923.5392129568545,3926.216566017805,3874.8600663941143,3885.520751953125,157905
2019-01-01,3894.331658941413,3908.302668844322,3861.473235569095,3903.28857421875,92921
2019-01-02,3894.331557111451,3912.7809053250394,3868.9696753075355,3900.2705078125,143828
2019-01-03,3904.067614191399,3908.9355289223113,3773.5587727174197,3797.022216796875,223538
2019-01-04,3824.2338032120124,3824.2338032120124,3751.215082427669,3811.13916015625,220079
2019-01-07,3831.0489050338824,3880.11739059623,3810.4577207351285,3823.016845703125,220371
2019-01-08,3811.577068124416,3839.2754541974628,3738.558350344255,3812.8427734375,271012
2019-01-09,3813.524571205343,3830.9516116470245,3699.615361394001,3716.40966796875,248627
2019-01-10,3719.0867252961393,3745.3734639304316,3703.5581253818877,3717.334228515625,138524
2019-01-11,3717.3342753043707,3749.8033609174163,3652.0070036760267,3670.602294921875,248857
2019-01-14,3670.60242254475,3696.645766684244,3639.2043721335845,3676.83349609375,198557
2019-01-15,3691.8267728890332,3743.426672404624,3671.4302563734623,3726.534912109375,298881
2019-01-16,3741.479245094827,3804.762136307724,3733.88525061105,3784.31689453125,201711
2019-01-17,3789.18488620068,3811.3338985750547,3709.351083356781,3744.838134765625,235993
2019-01-18,3757.0567937333008,3757.0567937333008,3671.9657346837507,3719.038330078125,237908
2019-01-21,3709.3511905339483,3765.332212438332,3689.879530741119,3747.8564453125,279969
2019-01-22,3748.294712042441,3784.317284599732,3700.491689599405,3758.517333984375,220491
2019-01-23,3759.977508108856,3783.392226561127,3739.2888695673455,3748.92724609375,171340
2019-01-24,3754.136052673629,3776.090396889193,3670.4566412576864,3690.56103515625,808713
2019-01-25,3699.615326228629,3699.615326228629,3388.1174991282155,3418.05517578125,1593195
2019-01-28,3417.276352982007,3417.276352982007,3244.4166426312518,3285.30712890625,1260559
2019-01-29,3285.8423512339964,3417.1785919150107,3280.9744366395757,3319.576904296875,754743
2019-01-30,3329.653839058543,3375.704362207146,3276.106774395321,3351.267333984375,303793
2019-01-31,3362.755411384243,3446.483542646271,3341.4340404765326,3426.379150390625,621043
2019-02-01,3436.7477340786304,3445.071915646993,3354.966768168544,3391.6220703125,745604
2019-02-04,3388.1174188996674,3404.5221491194015,3312.129221526015,3356.42724609375,320227
2019-02-05,3356.427224195674,3380.280006499603,3319.9178635263956,3370.30078125,286515
2019-02-06,3392.8390675657674,3441.518214207597,3350.0988718906992,3417.616943359375,341588
2019-02-07,3416.983946401452,3511.5676702371093,3405.1062822474955,3476.2265625,367134
2019-02-08,3441.6159802793554,3493.1671537187153,3422.3877156087706,3463.813720703125,287105
2019-02-11,3471.4076341765485,3471.4076341765485,3349.222967877171,3358.277099609375,206491
2019-02-12,3349.1255687609764,3405.8855060255946,3324.8347200955504,3361.1494140625,266527
2019-02-14,3362.7557449436295,3411.1915001002435,3336.128154318753,3402.5751953125,156493
2019-02-15,3397.707056243313,3397.707056243313,3278.1025329536415,3348.58984375,276417
2019-02-18,3360.808436554549,3367.6235173934488,3290.7104622115808,3338.659423828125,270262
2019-02-19,3320.06404726661,3412.3597652868234,3320.06404726661,3375.99658203125,213945
2019-02-20,3382.3245315071144,3501.977777795997,3379.4037827349744,3478.95263671875,243815
2019-02-21,3488.3478627904474,3557.472255271084,3465.955453958692,3535.3232421875,394248
2019-02-22,3535.0794704443856,3567.6944972303636,3509.6203729699937,3529.91943359375,216855
2019-02-25,3524.3704875599697,3626.061185166941,3521.4497385371296,3618.418701171875,445514
2019-02-26,3592.5211251186615,3715.192578171494,3578.939690354614,3688.4677734375,700811
2019-02-27,3709.351065308353,3801.8414462018686,3701.2702792289,3786.361572265625,681050
2019-02-28,3811.577377169798,3811.577377169798,3689.8795043355135,3725.415283203125,718074
2019-03-01,3738.461295164406,3796.4869374838613,3725.4641046298775,3775.895751953125,270365
2019-03-05,3791.0342712322145,3873.5941467739785,3767.814462220899,3857.530029296875,367903
2019-03-06,3858.309176420776,3913.8034037879183,3831.82776809258,3873.545654296875,349217
2019-03-07,3873.6917755525474,3882.4540218459347,3797.3142429000845,3809.435302734375,382836
2019-03-08,3821.1182235987762,3880.847392057604,3782.856367989009,3867.0712890625,253766
2019-03-11,3870.479059641787,3950.3128624063766,3851.153342798532,3942.183349609375,389964
2019-03-12,3956.543535003599,4038.3734646898292,3943.4976189471367,3987.55224609375,609648
2019-03-13,3990.7166053472292,4030.6335072304296,3905.090030431133,3919.30419921875,380923
2019-03-14,3930.2568697199667,3953.866255980789,3828.128114538271,3859.4287109375,301915
2019-03-15,3884.5961252955517,3884.5961252955517,3801.841571247902,3812.6484375,339118
2019-03-18,3844.678694527141,3873.886180178145,3814.5463527020806,3865.318603515625,286827
2019-03-19,3865.3190911719403,3906.014907184829,3855.437319023097,3872.9130859375,370780
2019-03-20,3898.9077127947653,3903.824354382409,3807.585581724875,3818.6845703125,295550
2019-03-22,3841.612525311793,3871.842086912938,3781.0069843555607,3825.937744140625,399902
2019-03-25,3807.6829214330814,3807.6829214330814,3748.294361420957,3768.788330078125,265291
2019-03-26,3766.7925689108292,3840.5414800235185,3728.822832496375,3821.8974609375,336761
2019-03-27,3847.3078236827573,3891.605849378168,3777.5019713888796,3798.8720703125,443206
2019-03-28,3816.4451508173197,3863.177132255899,3791.5700589925127,3805.68701171875,544435
2019-04-01,3933.275087308807,4036.4748792035434,3913.803428460744,3946.41845703125,740396
2019-04-02,3954.693759969379,3975.6257924261345,3880.312121106479,3919.644775390625,413689
2019-04-03,3918.671640080012,3966.3284811832486,3879.728319433254,3895.889892578125,253841
2019-04-04,3920.034263638137,4003.373058572029,3895.8895968230136,3972.169677734375,713853
2019-04-05,3995.58467148275,4094.8901384640462,3976.2589536653163,4079.7021484375,738916
2019-04-08,4112.4143398843335,4123.562054703842,4026.7390411367437,4056.774169921875,789953
2019-04-09,4044.2635498861514,4064.367942605828,3998.943453990153,4053.220703125,262712
2019-04-10,4057.796304717166,4059.792435005109,4011.161776230174,4021.919677734375,231779
2019-04-11,4030.633354511078,4051.0785961643946,3985.702597097032,4030.779296875,447838
2019-04-12,4040.4671707106686,4086.0306679724104,4027.7131374903433,4056.433837890625,397313
2019-04-15,4069.3816650085305,4122.441933707104,4048.1577476820135,4113.6796875,295636
2019-04-16,4117.867126873022,4171.803534908316,4094.987924289511,4142.64453125,269121
2019-04-18,4166.642812526672,4166.642812526672,4108.5197248445675,4147.41455078125,210890
2019-04-22,4123.1232020477655,4165.960845705405,4069.5761474757164,4093.769775390625,182038
2019-04-23,4100.731492474542,4120.738432466525,4071.5724922077497,4087.3447265625,316043
2019-04-24,4046.5030263935478,4314.920062491647,4001.9131130126157,4278.556640625,1985862
2019-04-25,4332.931241194235,4562.794287859503,4330.984075149434,4496.97998046875,3326400
2019-04-26,4507.689583863369,4515.088910222208,4442.264611845283,4488.16943359375,1004982
2019-04-30,4485.296479949776,4526.235451286311,4434.037434659539,4494.83740234375,653730
2019-05-02,4493.085606454371,4511.583683707379,4453.266156286204,4494.35107421875,505389
2019-05-03,4498.440155176338,4505.742027519985,4431.749721104358,4445.3798828125,411034
2019-05-06,4381.171820660792,4439.538309421126,4367.054867703203,4399.18310546875,488749
2019-05-07,4416.269335259642,4438.41834546977,4395.775130693001,4411.54736328125,625025
2019-05-08,4410.330964060987,4429.802623946466,4369.440478301482,4388.5712890625,567034
2019-05-09,4375.281248981249,4404.4402449656955,4337.603403212958,4360.09326171875,590574
2019-05-10,4389.593794954154,4389.593794954154,4305.768204862856,4317.1103515625,234079
2019-05-13,4308.104726135057,4308.104726135057,4205.878512294565,4223.84130859375,408316
2019-05-14,4211.720315251156,4342.180445219638,4175.746231050935,4307.42333984375,617724
2019-05-15,4330.2052464699755,4330.2052464699755,4209.918783056811,4227.63818359375,347949
2019-05-16,4230.2179315475705,4405.462863119162,4207.825523624534,4393.5849609375,613573
2019-05-17,4381.122779568958,4389.787571767657,4317.8398949751845,4374.11279296875,513496
2019-05-20,4439.782274686676,4680.64663545308,4437.689166125064,4648.08056640625,974132
2019-05-21,4662.488900684978,4662.488900684978,4496.054699763186,4517.181640625,671297
2019-05-22,4539.52564882903,4550.1860974603815,4470.693140506713,4524.5810546875,608316
2019-05-23,4575.839682759756,4754.978938425245,4529.399587741389,4560.2138671875,971606
2019-05-24,4594.337741268213,4690.527542392542,4537.091256450459,4673.29541015625,782474
2019-05-27,4673.198184068337,4775.375905350002,4626.514691222483,4713.16357421875,609904
2019-05-28,4720.416792497843,4736.480910694442,4627.147738818378,4646.86279296875,664517
2019-05-29,4647.885442270133,4647.885442270133,4578.761046291671,4595.166015625,318406
2019-05-30,4594.337730898326,4644.9640419826055,4582.703225025085,4633.18359375,767519
2019-05-31,4642.043749695472,4650.805996706223,4536.896785566464,4634.3525390625,577772
2019-06-03,4653.726749914643,4666.091444193916,4605.096088808107,4636.494140625,641635
2019-06-04,4636.493961784135,4655.673736338115,4551.646301502615,4568.05126953125,529891
2019-06-06,4568.538300733896,4574.720647959464,4414.225392760252,4450.44287109375,761710
2019-06-07,4438.564609372339,4526.187073694232,4421.088605501888,4452.048828125,491364
2019-06-10,4463.585663673194,4498.050402885269,4440.609012404388,4476.38818359375,436601
2019-06-11,4505.742231378483,4505.742231378483,4455.4077989260095,4463.634765625,270476
2019-06-12,4454.1419935438,4474.587235481378,4416.172258516869,4448.39794921875,216496
2019-06-13,4444.406416503824,4458.474881074822,4423.085043777128,4449.46923828125,265302
2019-06-14,4438.564279147519,4454.044151616241,4361.65123285389,4382.82666015625,296894
2019-06-17,4398.647846106736,4398.647846106736,4316.38008537278,4337.60400390625,282285
2019-06-18,4320.030950949461,4416.172267396869,4319.836044206268,4392.27099609375,259249
2019-06-19,4417.828036892507,4439.538748954849,4315.796247081852,4366.52001953125,314850
2019-06-20,4380.150166511057,4468.6002821759985,4308.105020407074,4455.16455078125,462920
2019-06-21,4455.115746508797,4524.142685179596,4435.644086777552,4473.759765625,643439
2019-06-24,4435.157790321256,4517.717446643829,4423.426304176679,4453.94775390625,228331
2019-06-25,4449.274581921678,4504.768816313262,4417.14634095813,4474.63623046875,332939
2019-06-26,4464.0732554417355,4511.583918814505,4460.0325054200375,4475.95068359375,444326
2019-06-27,4483.349852676366,4533.87871685156,4454.142361779452,4477.654296875,725123
2019-06-28,4488.217469361648,4502.772724843629,4411.304415114452,4435.498046875,268574
2019-07-01,4449.079346777829,4454.1421684665,4371.38761451685,4407.0693359375,262438
2019-07-02,4420.0663205433475,4434.3292148052105,4373.626226538035,4424.05810546875,243150
2019-07-03,4429.753871186528,4458.96135927563,4420.26143755757,4440.65771484375,162479
2019-07-04,4447.13214377012,4540.791016554378,4447.083654774069,4522.6337890625,407225
2019-07-05,4522.6338895868275,4582.655186532828,4379.322281660871,4402.5908203125,671481
2019-07-08,4404.4889867003985,4404.4889867003985,4229.584915892519,4276.31689453125,326512
2019-07-09,4275.975940099017,4424.788175986975,4236.643287456889,4379.857421875,376199
2019-07-10,4368.925913809596,4420.658057114312,4325.636751403345,4373.513671875,315481
2019-07-11,4384.6399602437805,4448.9634033797265,4363.898303306129,4430.515625,295305
2019-07-12,4435.103170002165,4508.4067255063255,4411.970406610171,4456.6259765625,483370
2019-07-15,4466.533608875353,4494.839875190341,4423.8788031328495,4487.03125,274936
2019-07-16,4480.2964371851485,4504.600687938618,4459.457073243675,4490.837890625,220077
2019-07-17,4490.838085327868,4511.970082991937,4481.07730334902,4498.69580078125,300052
2019-07-18,4501.964424574932,4510.456493920451,4465.556905363788,4491.6669921875,233821
2019-07-19,4543.6438608131575,4597.328159920509,4382.737279895807,4414.7529296875,913097
2019-07-22,4414.898692490176,4490.788760348497,4343.693608598943,4474.439453125,286422
2019-07-23,4474.439208803754,4509.382610201809,4413.336631316129,4430.857421875,321238
2019-07-24,4440.179446611299,4444.523184962578,4324.074761538323,4336.56884765625,225538
2019-07-25,4353.3080585946245,4425.537833557853,4336.568415527997,4353.40576171875,403568
2019-07-26,4369.902220279944,4418.706131607619,4319.194765770212,4392.888671875,225799
2019-07-29,4391.37528725548,4420.657629691057,4243.4994579558115,4264.4365234375,381801
2019-07-30,4246.915626651853,4301.575997852153,4198.111723794443,4214.265625,379920
2019-07-31,4194.109671787835,4257.701061335196,4110.264662731645,4242.91357421875,688261
2019-08-01,4193.573077965295,4231.00576697179,4080.006300105163,4130.4697265625,384975
2019-08-02,4112.118981978712,4269.267542695822,4083.2760672202503,4196.2080078125,470125
2019-08-05,4178.883007136065,4213.387463524418,4085.3749151642705,4144.623046875,315872
2019-08-06,4107.434521042209,4264.485398631154,4104.408583484551,4252.7724609375,412597
2019-08-07,4244.865628182217,4317.4857379320165,4217.828552846382,4237.7890625,714639
2019-08-08,4270.195722704719,4298.648306342322,4029.1530254224785,4131.88525390625,1442600
2019-08-09,4246.915378004963,4278.833319245234,4139.254165245071,4178.931640625,1030872
2019-08-13,4182.298306556156,4182.786345495802,4061.0206300539503,4081.1279296875,413182
2019-08-14,4094.6469045574727,4197.135086912308,4094.6469045574727,4124.8076171875,578309
2019-08-16,4124.906321014289,4142.817450643605,4097.576132422618,4107.3369140625,508138
2019-08-19,4123.929621691964,4166.877054438578,4043.305482170246,4058.6787109375,399066
2019-08-20,4076.1020922525327,4077.4685062545223,3926.7621449070734,3936.57177734375,725830
2019-08-21,3939.4511738037986,3976.590992812532,3804.7523972961367,3827.592529296875,828459
2019-08-22,3810.364553377501,3848.9684865543277,3725.787488646346,3746.333740234375,673651
2019-08-23,3746.1877505739844,3806.1188506382355,3700.4097829702137,3769.41845703125,783702
2019-08-26,3826.225912543922,3962.8768379919193,3739.3549670805523,3941.79345703125,989976
2019-08-27,4019.4895845459587,4141.450732832888,3968.831226869986,4036.766357421875,1555781
2019-08-28,4036.766115770762,4084.83795894427,3988.303698403481,4021.24609375,547969
2019-08-29,4006.8004590963315,4048.7232026520933,3948.7238141959097,3976.4443359375,478219
2019-08-30,3997.0398389783454,4019.4896353877475,3919.978520267874,3955.3125,580571
2019-09-03,3894.7954213682215,3917.586939052593,3758.876553521464,3792.60009765625,673895
2019-09-04,3804.7525253581275,3817.0998183001275,3740.3313692078873,3783.766845703125,551384
2019-09-05,3805.7284096298936,3833.497783168593,3779.862340674984,3795.7724609375,381459
2019-09-06,3811.584927828707,3876.982159625,3790.2089130542236,3814.073974609375,497704
2019-09-09,3820.9553570392936,3865.2692066642585,3795.5284753303413,3812.170654296875,478027
2019-09-11,3845.6986494580738,3849.651813204209,3798.895754815107,3810.02294921875,690633
2019-09-12,3826.2257411164455,3939.3530854380115,3822.9071712529408,3906.31298828125,844400
2019-09-13,3909.144085636607,3950.432238476125,3839.8913895027677,3934.71728515625,628375
2019-09-16,3923.541049824124,3958.9727321431606,3879.910406871071,3897.33349609375,424731
2019-09-17,3866.244903711421,3879.90999551954,3788.2075163672557,3807.094482421875,708722
2019-09-18,3816.5629174976348,3843.746548486823,3792.1121144360372,3809.4375,285674
2019-09-19,3816.4653561596992,3834.425097809736,3746.187733232973,3773.810791015625,277903
2019-09-20,3767.6609833464145,4220.512550469433,3760.486714910342,4167.51123046875,1753403
2019-09-23,4255.700516392077,4341.449072805103,4216.5596892583435,4286.056640625,975156
2019-09-24,4294.7439768845525,4304.5047586502,4192.353471483053,4214.70556640625,448502
2019-09-25,4198.160350035475,4236.178781119175,4152.919513227287,4175.515625,488035
2019-09-26,4182.494403861106,4314.264939338643,4182.494403861106,4290.44873046875,675169
2019-09-27,4231.395982021404,4313.923189185271,4231.395982021404,4290.00927734375,371737
2019-09-30,4278.735927408737,4285.031345006392,4184.495303692146,4237.39892578125,477396
2019-10-01,4263.509100129181,4304.504379938116,4055.6044668124423,4111.82666015625,362440
2019-10-03,4118.073617339049,4118.073617339049,4015.585414015844,4047.6005859375,321369
2019-10-04,4073.3692252622614,4083.227232568382,3872.101734962504,3884.3515625,476329
2019-10-07,3903.336236224984,3912.90184905509,3760.8288367529044,3777.8125,413509
2019-10-09,3775.4700025316406,3963.8530714273506,3775.4700025316406,3946.820556640625,802345
2019-10-10,3950.676157254976,3982.398695886424,3852.6291585910712,3881.179443359375,390651
2019-10-11,3890.647253498773,4001.822452251279,3870.1496136785336,3979.66552734375,624956
2019-10-14,3977.5178002017146,4106.4577977075105,3954.628819048342,4070.537841796875,467406
2019-10-15,4094.5499572282906,4118.268941197429,4042.476094880711,4105.87255859375,349808
2019-10-16,4131.543011353671,4195.183491346119,4125.442523493989,4182.787109375,323562
2019-10-17,4168.8296601119355,4177.6143632121475,4120.074367265498,4158.5322265625,335206
2019-10-18,4166.585042007369,4258.629022071045,4153.8469360290865,4192.54833984375,539285
2019-10-22,4192.2553968565135,4304.406674085587,4116.121305830947,4147.6484375,999349
2019-10-23,4173.563588964418,4196.159701387282,4111.240907709522,4149.6005859375,432380
2019-10-24,4162.973419528352,4226.418500951409,4142.23175829389,4208.40966796875,884456
2019-10-25,4191.083978545716,4203.772993916579,4075.1260902583786,4096.20947265625,587008
2019-10-27,4102.456396608054,4172.73402224588,4072.197974458435,4089.669677734375,56626
2019-10-29,4118.756988637421,4118.756988637421,3983.374764231209,4019.197021484375,775239
2019-10-30,4070.245696286637,4106.311972892789,4003.140326593662,4024.077392578125,616338
2019-10-31,4024.0775562444846,4066.3415492534477,3993.526024366752,4044.087158203125,763791
2019-11-01,4043.8916466048395,4078.8350526212203,4032.9107677672087,4063.169189453125,255083
2019-11-04,4072.198129724043,4193.915268297338,4072.198129724043,4137.302734375,875545
2019-11-05,4148.331989227532,4148.331989227532,4035.448650534916,4048.186279296875,386308
2019-11-06,4060.4843909740134,4076.9800134922302,4017.5855731743345,4036.716796875,417808
2019-11-07,4060.4848040327456,4133.934679394155,4060.4848040327456,4087.229248046875,615076
2019-11-08,4070.245571119228,4094.5012065933843,4027.5421553550873,4048.039794921875,371096
2019-11-11,4034.1305706413013,4080.0062388774836,4009.728619451843,4038.08349609375,275634
2019-11-13,4038.0833157407237,4072.5877685016667,4006.8979094737956,4017.146728515625,519389
2019-11-14,4031.2024386498633,4033.154594794488,3897.577445870432,3907.630859375,573058
2019-11-15,3947.113367354842,3996.063586856619,3918.9534199387704,3979.860595703125,621773
2019-11-18,3978.3965626569925,4046.1362862881692,3972.6866488523806,4027.639892578125,498006
2019-11-19,4031.2026778984714,4031.2026778984714,3987.5231815701527,4002.066650390625,561897
2019-11-20,3999.9676835073788,4031.20217981588,3977.517889285644,4015.633544921875,836453
2019-11-21,4011.680912619183,4011.680912619183,3966.7813208964376,3979.71435546875,213325
2019-11-22,3987.08382409744,3999.821690814129,3933.6435487449266,3983.52099609375,222219
2019-11-25,4019.489548624902,4030.226407545464,3997.088604264338,4015.048583984375,413582
2019-11-26,4017.0005446986024,4050.5775338235867,3991.085386877265,4014.462646484375,674879
2019-11-27,4025.0044496281175,4148.332015576018,4025.0044496281175,4133.34912109375,640193
2019-11-28,4148.2833947756235,4197.135914018299,4107.532133284864,4191.962890625,782062
2019-11-29,4198.697674962614,4233.73878363848,4138.327148802592,4157.21435546875,463936
2019-12-02,4167.853613252704,4216.657519731073,4153.212441309193,4173.9541015625,467324
2019-12-03,4186.301184039991,4193.2314337315065,4071.9051189683983,4110.9482421875,312478
2019-12-04,4109.288302853394,4131.006037945672,4064.437328955179,4096.74560546875,271645
2019-12-05,4101.626238644782,4167.853228949499,4047.161274677206,4061.412109375,483794
2019-12-06,4080.006264035803,4095.8189191443203,4025.5412992853303,4058.38623046875,227870
2019-12-09,4073.954858306061,4091.7196715662,4022.4181217853793,4052.139892578125,234928
2019-12-10,4060.4845151614254,4065.6089247058,3934.765620012715,3942.037353515625,550870
2019-12-11,3954.0924033069105,3966.781418671756,3875.030076802872,3905.434814453125,474277
2019-12-12,3916.220589753597,3937.3528240552614,3888.012027374395,3896.6015625,398279
2019-12-13,3937.4992739648123,3993.623767830201,3903.8245776455797,3984.936767578125,548283
2019-12-16,3984.350543075754,3987.2299256219835,3935.5466412742385,3964.096923828125,509129
2019-12-17,3965.0245040262425,4045.8438202795883,3956.8743946784907,4021.00244140625,447766
2019-12-18,4014.9017494832615,4021.3930499531743,3953.604237101665,3968.147705078125,819336
2019-12-19,3953.116333759275,3985.912653477998,3927.7383029746475,3941.257080078125,375655
2019-12-20,3938.4748021077226,4047.551520604758,3928.7140219290172,4021.880859375,1567317
2019-12-23,4016.561454848248,4068.2935950929523,3970.880951273992,3984.253173828125,457733
2019-12-24,4016.561178367354,4024.3698027724427,3976.102790828551,3999.33349609375,231713
2019-12-26,3998.9917078420176,4026.3218928114043,3951.895942671557,3965.56103515625,362984
2019-12-27,3989.2307851231462,3994.1111751220733,3948.2355091321574,3958.58203125,417948
2019-12-30,3976.4443974603146,3992.1593498789853,3946.820570692623,3955.01953125,326955
2019-12-31,3955.019507508671,3974.589920568388,3933.5946414269656,3949.2607421875,276631
2020-01-01,3962.877177746387,3974.5412636513643,3948.2360059074226,3967.757568359375,163949
2020-01-02,3972.5403742456856,4154.481246400693,3970.832237480227,4143.25634765625,1458328
2020-01-03,4135.643043068783,4156.140683829804,4085.7167419638563,4118.26904296875,635983
2020-01-06,4090.7434947222378,4099.284178468079,4032.178806179328,4057.654541015625,462841
2020-01-07,4099.088200344109,4152.235838422546,4064.4374311236106,4140.62060546875,524372
2020-01-08,4123.783287889883,4228.369951646146,4083.7149995022246,4215.63232421875,1032268
2020-01-09,4233.25077793396,4294.743699079877,4227.980051441581,4283.03076171875,698429
2020-01-10,4283.12844234982,4357.261288714794,4262.435395813612,4338.27685546875,735887
2020-01-13,4350.916641130603,4384.542721520716,4343.596055553709,4361.80029296875,403937
2020-01-14,4358.189228841671,4395.231587731565,4316.901310998184,4376.05126953125,438651
2020-01-15,4344.572081426187,4416.997264503573,4304.504267490361,4398.69580078125,416924
2020-01-16,4411.872817058547,4445.937845923235,4327.198045624957,4365.36279296875,467980
2020-01-17,4333.786322226556,4414.21505414776,4305.772692971929,4379.41796875,360682
2020-01-20,4392.3511218397625,4401.575249835865,4345.499376540138,4360.77490234375,204026
2020-01-21,4348.428081822548,4411.873160457445,4333.78690982988,4376.294921875,283173
2020-01-22,4397.231827326473,4431.394560724126,4356.236547249289,4369.85302734375,359444
2020-01-23,4363.068439526921,4431.393896074322,4339.691181967978,4418.119140625,401079
2020-01-24,4445.059593502639,4567.752799273166,4346.1339843921105,4531.6865234375,2127667
2020-01-27,4514.263694507266,4640.373180839478,4511.433163221309,4565.06884765625,1058884
2020-01-28,4558.284630038517,4602.988815427339,4474.829954263722,4498.79248046875,711517
2020-01-29,4514.360964266177,4542.17918858652,4450.4278522317045,4458.919921875,595287
2020-01-30,4459.700511508896,4478.734033061625,4357.358634916789,4378.68603515625,422335
2020-01-31,4394.596140467083,4399.47653085767,4299.623934106524,4310.45849609375,451630
2020-02-03,4162.973145955058,4281.908359173104,4134.813197115397,4266.095703125,537373
2020-02-04,4289.814485191839,4391.228900890933,4274.294462667788,4367.21728515625,387466
2020-02-05,4369.901969001488,4420.267697915653,4292.401457589722,4364.826171875,521783
2020-02-06,4372.829694289715,4410.94535176599,4335.738728132794,4358.0908203125,385744
2020-02-07,4369.316226779098,4438.227440931375,4343.2061357201765,4364.826171875,547874
2020-02-10,4379.662268899568,4385.128401372764,4285.71475533113,4308.16455078125,271700
2020-02-11,4341.302540440021,4411.384753899789,4326.954002442253,4359.60400390625,296451
2020-02-12,4385.226441933939,4385.226441933939,4333.738320146208,4347.2080078125,323821
2020-02-13,4333.7377239493435,4366.143227717673,4309.384387112403,4344.03515625,186493
2020-02-14,4362.092983146377,4430.3698361654815,4287.959661588701,4328.27197265625,665316
2020-02-17,4337.593024038602,4358.188365610543,4295.81707536235,4343.40087890625,354909
2020-02-18,4327.540314083915,4380.834278031012,4265.559349655121,4368.63330078125,510062
2020-02-19,4386.495152609856,4421.633965581364,4348.428105224056,4366.09521484375,384898
2020-02-20,4343.547401080347,4400.159929004541,4314.265059050592,4322.17138671875,414088
2020-02-24,4309.3843528912475,4348.427472736242,4216.656943259386,4289.86279296875,383261
2020-02-25,4292.303182977778,4294.74337807896,4227.14997377624,4240.0830078125,402233
2020-02-26,4216.901406804469,4318.071806436088,4183.519345181584,4237.64306640625,642946
2020-02-27,4228.90673347084,4260.629269860175,4173.075355385976,4218.267578125,369157
2020-02-28,4167.853419814364,4201.186391071911,4099.527953915768,4118.6591796875,524557
2020-03-02,4153.211757689807,4213.045146543442,3980.9828477366173,4042.622314453125,378937
2020-03-03,4079.9082404253463,4225.441562104859,4058.0928023209754,4197.03759765625,606056
2020-03-04,4206.944730856571,4221.537287380349,4018.5130663918835,4072.97802734375,750952
2020-03-05,4082.006504649184,4128.80963189684,4052.28521772742,4104.9443359375,450539
2020-03-06,3994.6970998154466,4092.9878729257653,3914.07295802821,4068.14697265625,585749
2020-03-09,3972.6376660887317,4064.9256551361264,3899.4318122910277,3999.33349609375,588288
2020-03-11,3972.637544762274,4013.4865052539662,3867.904325467573,3897.869873046875,775964
2020-03-12,3796.943746561306,3796.943746561306,3526.08207826548,3575.862060546875,992092
2020-03-13,3387.2836446430238,3915.5370282964464,3039.50699392126,3698.261962890625,1378933
2020-03-16,3562.6850589798023,3572.4458399633086,3323.545924883898,3433.8916015625,975878
2020-03-17,3435.7948930292678,3489.4791882328504,3372.0569457911333,3387.43017578125,563672
2020-03-18,3453.2661927440167,3453.2661927440167,3192.2630360139474,3224.5224609375,790520
2020-03-19,3063.909052346053,3308.660627648944,2884.896430176446,3090.31201171875,790106
2020-03-20,3108.8086383909817,3569.3223173203887,3065.226848089706,3488.356689453125,825459
2020-03-23,3142.971416323268,3211.6872178072294,2965.1300378795727,2981.772216796875,883620
2020-03-24,3025.842067124635,3159.7599328869915,2896.4628691428397,2945.9013671875,1105225
2020-03-25,2897.1948526246106,3211.296820273759,2840.3871571418354,3151.36572265625,874543
2020-03-26,3152.7321054136523,3304.024203351459,3078.1598376212037,3151.90234375,931742
2020-03-27,3308.9049785394527,3308.9049785394527,3028.1848030340843,3068.3994140625,471310
2020-03-30,3041.4593921476576,3074.6460479027987,2996.559799067172,3012.079345703125,507697
2020-03-31,3064.885168851544,3200.608873431609,3025.8420456814606,3167.22705078125,637365
2020-04-01,3167.373374371565,3181.9656940294853,3030.9664624860716,3065.51953125,390613
2020-04-03,3112.712921504971,3114.665077617549,2952.6361202736084,2968.839111328125,406172
2020-04-07,3108.7596275446926,3265.7130200839256,3006.564306990514,3201.0478515625,646709
2020-04-08,3163.469201184938,3303.8781347002086,3120.7657832423765,3178.549560546875,647497
2020-04-09,3222.033662691015,3308.709441719438,3180.550345313139,3285.527587890625,501495
2020-04-13,3267.03127048731,3544.3837814304366,3211.882855024089,3383.1845703125,1107263
2020-04-15,3474.8376634165215,3586.1105548854775,3447.0194405492825,3514.027099609375,1239945
2020-04-16,3465.076899017491,3480.4012759530874,3392.01736541809,3454.437744140625,617278
2020-04-17,3566.5893071927408,3576.7404239127923,3426.863825248323,3449.5087890625,775287
2020-04-20,3484.5988170196047,3484.5988170196047,3406.5614205842294,3432.427490234375,391192
2020-04-21,3386.014778712788,3386.9908567694943,3295.2883710020355,3321.837646484375,533462
2020-04-22,3339.162933603879,3374.936098007987,3295.239422346301,3358.830810546875,944451
2020-04-23,3352.8282424364247,3386.990975619911,3324.521977798679,3359.85595703125,977203
2020-04-24,3328.4261968625387,3357.7085387704205,3214.029895469143,3228.8173828125,624104
2020-04-27,3256.1966056195824,3289.38326167206,3237.0167658976175,3280.2568359375,444246
2020-04-28,3330.3787333230516,3348.924218649294,3284.991098182512,3312.809326171875,767800
2020-04-29,3279.7198113909094,3371.178273119212,3279.7198113909094,3352.193603515625,393804
2020-04-30,3386.991059229608,3480.64570670876,3363.7115008654946,3449.7529296875,854097
2020-05-04,3348.9238586994966,3378.8894077931727,3246.4845128968623,3267.51904296875,519181
2020-05-05,3313.7851737993374,3313.7851737993374,3195.6797228332935,3205.7822265625,387071
2020-05-06,3221.0578125075735,3308.4168046952786,3169.4719882810728,3244.8740234375,374625
2020-05-07,3244.434652310832,3297.191719641294,3153.7082433869214,3175.03564453125,473677
2020-05-08,3215.200981761681,3245.4594002299905,3192.80003897504,3226.71875,421623
2020-05-11,3274.7420430823663,3367.4694630802273,3250.4377935820016,3280.3544921875,483864
2020-05-12,3264.004937991556,3324.0337369408626,3197.192444382022,3269.22705078125,557262
2020-05-13,3367.469495156114,3494.3596500460544,3367.469495156114,3461.856201171875,1225497
2020-05-14,3427.986196365494,3546.8725534553164,3407.488556808639,3523.15380859375,974733
2020-05-15,3542.1873573833473,3542.1873573833473,3462.9787163982483,3497.43408203125,645207
2020-05-18,3498.654462912513,3502.9982013666763,3202.61014749543,3228.67138671875,817697
2020-05-19,3289.382965379699,3409.4405632259013,3255.4642537930686,3355.902587890625,1012170
2020-05-20,3367.4208095395666,3513.735069099492,3352.8284886681663,3444.091796875,1042217
2020-05-21,3502.168277181331,3504.120433411644,3412.7108132473713,3486.06298828125,710536
2020-05-22,3465.0773132675918,3580.254531004374,3445.555750939324,3551.8994140625,1021137
2020-05-26,3577.326428332281,3754.9726520584677,3569.908139054352,3695.431884765625,1409106
2020-05-27,3710.072841598095,3716.9053882677044,3602.704251075656,3638.2333984375,826874
2020-05-28,3639.7950050001655,3728.618106489845,3627.1548420636177,3718.076416015625,603406
2020-05-29,3717.8815381087197,3845.7477711074703,3704.0701281087536,3811.438720703125,1947052
2020-06-01,3811.584714341005,3860.3886159330796,3710.0725990294904,3724.4208984375,742238
2020-06-02,3745.2118027609904,3761.805131050523,3679.8145677375383,3742.527587890625,734563
2020-06-03,3796.894930557925,3826.226124915362,3752.0930414051904,3763.659423828125,493621
2020-06-04,3739.3551316513544,3778.0565322774514,3642.2842140692537,3712.9033203125,807841
2020-06-05,3720.809329552899,3834.5224163558664,3713.9767835647376,3776.982666015625,697747
2020-06-08,3816.4652524792887,3816.4652524792887,3671.7128270845265,3687.818115234375,547499
2020-06-09,3713.9771793704444,3743.1618193100217,3664.9781062934785,3700.65380859375,478720
2020-06-10,3733.498684326995,3772.39549143024,3689.5751703937362,3701.727294921875,475926
2020-06-11,3699.2381189060493,3728.56931206797,3599.775860594243,3616.271484375,475582
2020-06-12,3513.880852829258,3713.976845837591,3513.880852829258,3697.92041015625,592647
2020-06-15,3637.3059139106103,3678.496358965677,3599.775761454637,3655.217041015625,440266
2020-06-16,3694.4556092535686,3738.671994852651,3645.065962063368,3689.5263671875,622734
2020-06-17,3670.0534241889577,3753.0200574485484,3623.2016783482472,3718.076416015625,430610
2020-06-18,3708.803760660604,3789.1350327396435,3686.64683633633,3752.2880859375,348706
2020-06-19,3766.929240617576,3811.047921123846,3721.883333617429,3744.5771484375,556284
2020-06-22,3744.577237790133,3755.4115614987036,3699.970278890762,3733.74267578125,329145
2020-06-23,3754.9721466807855,3859.412494924831,3741.941409780685,3848.48046875,563658
2020-06-24,3887.5239184106813,3919.929663787908,3715.392449532537,3730.18017578125,501886
2020-06-25,3723.5427495740855,3782.3026029980174,3691.283321003291,3711.390625,395771
2020-06-26,3743.259619068289,3781.326666041865,3689.575322054272,3768.247314453125,373568
2020-06-29,3748.0906775966387,3748.1395291568165,3667.125054958896,3715.928955078125,692124
2020-06-30,3730.570260147664,3810.9503818736353,3730.570260147664,3800.40869140625,494113
2020-07-01,3794.9916116975583,3839.8423522467297,3769.711284501489,3805.338134765625,331198
2020-07-02,3817.441414200311,3852.580225479066,3789.1351495590916,3821.296875,294326
2020-07-03,3832.0826142579476,3865.269269603024,3782.3026312403326,3796.553466796875,257664
2020-07-06,3826.2260786091965,3850.335159556697,3811.0968683493898,3836.865234375,254346
2020-07-07,3845.747615235386,3853.4099234437335,3734.962753730509,3769.613525390625,452245
2020-07-08,3792.0144396378428,3792.0144396378428,3686.451691986688,3696.06591796875,635619
2020-07-09,3711.0486931430305,3766.4411216900758,3676.9348134423994,3751.507080078125,524030
2020-07-10,3743.3082696652277,3752.727327770052,3692.503358194949,3707.632568359375,336838
2020-07-13,3728.6180888749495,3745.9923255355266,3687.622811458,3697.285888671875,302963
2020-07-14,3694.260009800747,3729.3988173036705,3654.4359803040425,3680.6923828125,351717
2020-07-15,3691.722772065339,3738.330504242878,3681.7668224853865,3729.2529296875,274206
2020-07-16,3733.449839528256,3742.283393895349,3645.6516630670653,3724.9580078125,412522
2020-07-17,3728.6183177419825,3776.4461443308196,3721.0048609514515,3770.443359375,237461
2020-07-20,3770.687248177252,3796.943652666054,3735.401883334888,3772.639404296875,277775
2020-07-21,3805.7285088413055,3860.388882397375,3757.900681979745,3770.882568359375,614199
2020-07-22,3787.182852303846,3811.584803671783,3746.0898708801174,3770.247802734375,433235
2020-07-23,3770.2480211443485,3796.94385280748,3734.5237052523676,3746.090087890625,264268
2020-07-24,3747.1635452381447,3747.212396799549,3645.993153070915,3692.01513671875,594650
2020-07-27,3699.4335686680583,3807.680530732776,3690.551162958376,3767.759033203125,499750
2020-07-28,3784.254462242563,4112.2166751168215,3769.7596084070196,4037.400390625,2492211
2020-07-29,4082.9803380590797,4197.9823403595665,4068.3910170362087,4093.80029296875,1777725
2020-07-30,4112.404083256235,4131.791169735362,4042.4920023272625,4068.92919921875,595214
2020-07-31,4073.237925126642,4121.265308939628,4007.1936984641075,4031.4765625,413669
2020-08-03,4052.724441876572,4068.3909292092676,3943.646619443333,3961.222412109375,490180
2020-08-04,3966.1182156362584,3989.0793634747997,3901.102149344524,3920.832275390625,600934
2020-08-05,3950.6966843360797,4024.3291305940425,3931.3093575024523,3956.81640625,569833
2020-08-06,3984.0856672906757,3998.6262219000564,3917.650110897739,3944.381103515625,378473
2020-08-07,3942.079834121558,3987.120984734969,3899.437566545711,3920.783203125,348651
2020-08-10,3963.6214761305305,3963.6214761305305,3878.43494736982,3885.6318359375,590885
2020-08-11,3910.7468684793307,3992.310565299252,3878.434738619587,3886.023193359375,823622
2020-08-12,3890.6252274090757,3930.476806950656,3844.1643484909505,3916.279052734375,466155
2020-08-13,3941.0028089005364,3990.058594231868,3923.5740325400434,3962.93603515625,545546
2020-08-14,3960.683658876482,4005.626796863359,3882.694025589956,3926.51123046875,661653
2020-08-17,3955.78792458574,3965.5304732728487,3902.032387270803,3951.479736328125,315955
2020-08-18,3954.8088513599773,4092.869769419338,3954.8088513599773,4082.05029296875,1154453
2020-08-19,4098.7447536085565,4128.1194173945705,4085.1345883416866,4112.30615234375,618695
2020-08-20,4091.8421219142692,4109.858487731148,4045.2829904134583,4057.865234375,350925
2020-08-21,4100.605335392094,4114.901101705172,4053.8018924486355,4100.50732421875,490700
2020-08-24,4129.049526876483,4135.952381157724,4083.0779899213326,4102.26953125,379052
2020-08-25,4103.640057844536,4111.473300617802,4055.710212384339,4085.37890625,373776
2020-08-26,4083.0781162647154,4094.6319590214853,3985.1625739082474,3994.611328125,574774
2020-08-27,4010.6206569220744,4030.7421098457567,3941.883993278314,3962.788818359375,458012
2020-08-28,3977.329336627764,4003.57074982992,3961.6628498266696,3977.867919921875,346506
2020-08-31,3977.86824937729,4001.123192648687,3801.9140527299287,3822.476318359375,680870
2020-09-01,3843.1851948938156,3885.5826742809313,3771.2172683142753,3831.092529296875,528801
2020-09-02,3815.9644491117656,3961.613817611499,3814.9362881120323,3859.536865234375,759445
2020-09-03,3884.994973285058,3897.0386329509843,3846.7589057217856,3866.684814453125,284007
2020-09-04,3831.680014508415,3849.990173373184,3799.1230962224877,3834.470703125,438236
2020-09-07,3843.185127635186,3906.8302316597174,3741.3529611959348,3768.426513671875,704096
2020-09-08,3774.4484788488585,3781.987928008285,3733.1769331743762,3744.045654296875,456797
2020-09-09,3731.561604896765,3780.519379823251,3700.228628943814,3755.64892578125,332412
2020-09-10,3757.0193559775453,3856.893209068426,3745.2694909080296,3833.883056640625,433018
2020-09-11,3833.8832239481308,3861.9849379887337,3797.1648940035375,3822.720947265625,348215
2020-09-14,3818.657258091926,3886.953350884573,3808.914709152619,3832.512451171875,472618
2020-09-15,3835.449751580736,3872.5106404129447,3804.1655449944387,3849.50048828125,312720
2020-09-16,3851.0184039373044,3900.8085544372348,3838.338388607281,3892.044921875,418071
2020-09-17,3872.364040077201,3939.5339608389813,3861.2995356287106,3886.218994140625,447295
2020-09-18,3900.8573263371227,3935.617345032246,3867.664051992571,3919.167724609375,440400
2020-09-21,3919.1676162623603,3920.1467716914917,3769.7484021562473,3798.0458984375,389056
2020-09-22,3798.780231418968,3862.2785560573143,3714.915665276068,3802.207275390625,508999
2020-09-23,3818.7065553477346,3836.576143715708,3757.0687627326424,3788.49951171875,307971
2020-09-24,3788.3526450947725,3788.4994227997227,3675.6517509601845,3699.0537109375,456036
2020-09-25,3710.999140999579,3799.0251199899753,3681.673483196991,3778.0712890625,321826
2020-09-28,3808.9148272913612,3867.664156247012,3789.478495341214,3840.247802734375,248628
2020-09-29,3877.45538412976,3992.9957213336265,3861.054531179211,3977.42724609375,772188
2020-09-30,4002.493600017907,4017.181170507112,3939.240302724337,3965.138916015625,548775
2020-10-01,4002.7874629179123,4034.1204371873287,3977.4274324892526,4012.334228515625,406483
2020-10-05,4028.3434658948436,4028.3434658948436,3947.024559305863,3962.788818359375,312598
2020-10-06,3970.6714286722854,4061.5371090081576,3970.6714286722854,4049.88525390625,351025
2020-10-07,4036.813318835996,4196.611686933537,4028.3437194210715,4125.52490234375,1037715
2020-10-08,4136.931856228249,4269.117844533766,4126.1611460700215,4255.40966796875,801790
2020-10-09,4249.534658613219,4283.756332877221,4186.379132004797,4208.7529296875,405756
2020-10-12,4210.368621008783,4270.097106097512,4157.885790949508,4216.537109375,488896
2020-10-13,4355.283447892305,4430.678417651232,4248.996314882545,4291.3935546875,2369441
2020-10-14,4290.512242457915,4366.053986956967,4225.055607472373,4350.24072265625,817554
2020-10-15,4366.054391791109,4379.762568845398,4275.286485340327,4291.93212890625,545465
2020-10-16,4292.568837280273,4402.283017048828,4288.700981911446,4388.6728515625,669844
2020-10-19,4406.199352556338,4454.177967728619,4371.78213545646,4420.4951171875,636376
2020-10-20,4449.771777691413,4488.937994240573,4391.512030574539,4449.625,871380
2020-10-21,4450.604132951572,4560.905894130805,4347.450015015194,4532.6083984375,2032618
2020-10-22,4577.551462880973,4636.839130693684,4434.2032089474405,4518.361328125,1812783
2020-10-23,4523.697979841995,4545.239398793624,4394.841032674336,4410.654296875,886850
2020-10-26,4415.9911285519565,4449.67398078545,4366.397000079224,4391.90380859375,727534
2020-10-27,4401.303965182077,4531.531646465552,4391.512410198357,4471.75439453125,1088244
2020-10-28,4498.142022023096,4498.142022023096,4360.17911793195,4376.13916015625,509919
2020-10-29,4356.360574368443,4519.145166666171,4347.450164222024,4481.3984375,927412
2020-10-30,4455.157555990006,4573.635372314136,4445.414767455926,4478.7060546875,934842
2020-11-02,4456.135963716028,4493.882210928113,4425.782148098538,4455.93994140625,489146
2020-11-03,4469.942952045968,4491.386362275285,4420.935931494904,4454.716796875,582702
2020-11-04,4455.1574786732535,4514.885963552169,4407.227626205341,4437.14111328125,495599
2020-11-05,4474.74063699351,4537.553366725839,4450.2617494826045,4521.64208984375,584030
2020-11-06,4491.974126045855,4521.593581626194,4445.366225941752,4461.03271484375,426088
2020-11-09,4499.2194140266065,4552.97495405994,4484.5320818807095,4528.8388671875,447725
2020-11-10,4545.240018920635,4685.259261209659,4533.979730205084,4621.17333984375,1235506
2020-11-11,4632.776129521167,4754.730231076747,4625.873274647737,4723.25,811311
2020-11-12,4750.861882032437,4765.059634977505,4684.524105340826,4745.0849609375,668501
2020-11-13,4724.425313472626,4819.403397494771,4714.9765584663355,4797.6171875,428529
2020-11-14,4822.340734087187,4836.048910793222,4781.216203969083,4805.89111328125,47328
2020-11-17,4807.653045127313,4875.214768164743,4793.944869438558,4806.72265625,708971
2020-11-18,4802.267998428383,4837.028017583079,4758.69558005137,4824.78857421875,437973
2020-11-19,4792.965973909553,4811.569927638722,4661.759142345941,4678.40478515625,540260
2020-11-20,4707.681630385928,4770.39682699034,4669.641343610017,4761.1923828125,445562
2020-11-23,4772.404143684809,4812.549521175798,4761.976232713298,4787.5810546875,438597
2020-11-24,4797.861780701489,4810.7375794514965,4741.07076370543,4771.62060546875,372131
2020-11-25,4796.882379721799,4826.257042181822,4700.973915548531,4719.38232421875,481744
2020-11-26,4721.487634110307,4772.305706928131,4691.672159074178,4733.38427734375,486664
2020-11-27,4733.433783994819,4771.865637975949,4670.571808662081,4701.90478515625,920840
2020-12-01,4714.633237689008,4834.286218472476,4704.841683716653,4808.142578125,752883
2020-12-02,4808.14296328542,4893.084700799931,4771.228610611296,4830.27197265625,696234
2020-12-03,4856.610906048841,4856.610906048841,4740.287432846868,4791.4970703125,740259
2020-12-04,4885.985705444815,5090.629194911341,4856.709053050875,4985.27197265625,2996248
2020-12-07,5013.275981410066,5068.108687456739,4932.006077805177,4951.099609375,910850
2020-12-08,4959.275510557942,5127.837023411672,4959.275510557942,5108.98828125,1652861
2020-12-09,5108.9886678039775,5149.37883263497,5009.702394603719,5037.55908203125,1625022
2020-12-10,4992.713220055777,5012.2963274103795,4846.819070263992,4860.82080078125,1333296
2020-12-11,4900.6732887275675,4933.621775757399,4852.694669117647,4910.46484375,974421
2020-12-14,4910.464848561838,4974.109956270017,4891.567338591334,4967.990234375,919851
2020-12-15,4964.318643218512,5120.983531367419,4962.36033211665,5049.3583984375,1629308
2020-12-16,5052.442181693722,5116.087286695678,4988.06271009559,5006.421875,630475
2020-12-17,5046.273762137255,5110.212423405703,5019.738553147319,5063.99609375,834935
2020-12-18,5032.859189258855,5105.316695096434,5008.380302151565,5045.0986328125,549221
2020-12-21,5047.546500479667,5081.816942286997,4764.032222426328,4903.4638671875,597997
2020-12-22,4934.894443169258,4984.978146194654,4789.2450776052565,4916.6328125,576026
2020-12-23,4895.385447542604,4969.213669294333,4876.438694877458,4929.01953125,449498
2020-12-24,4992.713419098289,5017.535104280445,4907.18409869666,4939.59423828125,431767
2020-12-28,4950.022135854574,5052.441886776937,4950.022135854574,5034.9638671875,410405
2020-12-29,5052.442071301064,5064.92630316329,4975.676380412022,5039.46826171875,401258
2020-12-30,5049.55358264228,5287.439598020449,5013.324829841029,5243.1328125,1002535
2020-12-31,5261.980994874393,5266.876771758348,5151.532459613662,5177.92041015625,728164
2021-01-01,5206.071678661761,5237.502665206536,5169.2553369742245,5180.515625,355623
2021-01-04,5196.329328235939,5274.563754901323,5181.739529206876,5216.1572265625,453783
2021-01-05,5224.773434838883,5260.904175002634,5135.719056210292,5229.865234375,530958
2021-01-06,5248.273257896577,5354.51162515064,5189.523930382809,5334.78173828125,701452
2021-01-07,5360.876357145842,5402.686488195393,5272.752362233856,5285.4326171875,742403
2021-01-08,5306.043755256767,5496.293481278122,5304.623788513495,5475.19287109375,802681
2021-01-11,5434.312616335476,5578.003675154797,5390.201855618948,5506.4765625,714576
2021-01-12,5507.5538081103,5577.221106226171,5435.292321576022,5521.4580078125,591436
2021-01-13,5532.228035790326,5555.727765499878,5483.270265562093,5532.96240234375,423240
2021-01-14,5527.332271870755,5555.727778670445,5444.104062285455,5465.98828125,464204
2021-01-15,5470.541289486995,5538.837379506991,5312.652479225714,5338.60009765625,589866
2021-01-18,5326.605348356851,5347.950744724787,5215.422444505139,5273.73095703125,461596
2021-01-19,5287.538107765214,5419.626099001888,5281.320374253195,5375.662109375,483417
2021-01-20,5399.063489765072,5438.474499098232,5350.0077030241355,5431.4736328125,321063
2021-01-21,5482.291800676931,5529.29126601583,5396.517680812785,5427.89990234375,481346
2021-01-22,5461.72939647666,5478.375040029924,5354.071057665863,5419.4296875,680688
2021-01-25,5625.248609234286,5710.239119347457,5215.618791129178,5256.49853515625,3236487
2021-01-27,5267.856367793214,5404.840120844361,5219.241394889527,5292.1884765625,1212604
2021-01-28,5238.481942016907,5355.931835864744,5228.690386985099,5330.22900390625,576548
2021-01-29,5374.583951195064,5394.852659067748,5177.773717238021,5216.20556640625,745559
2021-02-01,5271.772797374774,5672.492154233175,5150.357524924092,5624.41552734375,1455212
2021-02-02,5664.414798066825,6069.7851915672,5664.414798066825,5995.90771484375,2251712
2021-02-03,6026.701673404343,6107.971574118,5914.098798921565,5948.07568359375,952770
2021-02-04,5965.994391651992,6080.555583810746,5915.6166505254905,6053.92236328125,683257
2021-02-05,6051.181087763097,6265.6161457275175,5992.431756813941,6219.69384765625,1174059
2021-02-08,6246.865001427448,6349.8231015082,6186.304141145537,6235.40869140625,769441
2021-02-09,6290.878012762213,6344.927587153345,6239.032016331,6286.56982421875,947676
2021-02-10,6306.838052028206,6451.655042581145,6189.339401988786,6258.908203125,1045511
2021-02-11,6266.105158984755,6333.177305775981,6236.5344738296635,6293.1787109375,390465
2021-02-12,6305.6632290134685,6344.927459064442,6234.234124187345,6263.90234375,408867
2021-02-15,6300.865090506247,6329.21183098921,6253.963641785751,6274.18310546875,277851
2021-02-16,6313.594409134907,6413.468266103233,6276.337735105181,6323.18994140625,595723
2021-02-17,6323.189547185346,6408.082511557049,6257.733391216157,6285.39453125,555520
2021-02-18,6356.970863700439,6356.970863700439,6169.658613617348,6193.99072265625,573974
2021-02-19,6183.366974680629,6186.940796630456,6046.285204853981,6079.0869140625,499669
2021-02-22,6085.4510186726,6153.943132481257,5981.317742708295,6046.3828125,528408
2021-02-23,6057.056033960996,6215.5812166944115,6003.251247009021,6137.78759765625,453805
2021-02-24,6187.2836789653165,6315.553051009066,6080.5557281808215,6280.841796875,378560
2021-02-25,6272.470185339277,6333.177826845839,6206.32842200368,6250.2431640625,803072
2021-02-26,6237.220287107778,6353.739786976825,5933.682094171607,5987.53564453125,1307673
2021-03-01,6089.172043025686,6256.607633824499,6041.977034703423,6232.37353515625,609302
2021-03-02,6242.116391421375,6338.906009440776,6180.52760531334,6289.2138671875,438046
2021-03-03,6315.553134284141,6398.781353883234,6296.949179314932,6365.00048828125,467421
2021-03-04,6294.990282009806,6687.631610845695,6261.16065302347,6634.31640625,1303144
2021-03-05,6551.039651459969,6799.451584660077,6551.039651459969,6668.34228515625,1828811
2021-03-08,6697.423231984544,6705.158464365749,6503.354431886619,6529.1552734375,658514
2021-03-09,6604.403303739536,6681.756581870806,6521.175093091965,6557.79541015625,483037
2021-03-10,6611.356019134603,6647.486761857228,6544.675433238137,6623.056640625,302774
2021-03-12,6626.924194613419,6710.788764664848,6474.224708432702,6499.78076171875,673811
2021-03-15,6526.071042614703,6539.632441152114,6354.767606226303,6424.6796875,349036
2021-03-16,6452.634450794926,6563.279017250135,6428.253575577216,6501.54345703125,614224
2021-03-17,6500.612592440379,6530.96640933534,6353.151696033243,6384.337890625,443282
2021-03-18,6457.530525220096,6498.312256191621,6331.905065758488,6374.35107421875,345807
2021-03-19,6364.510076509106,6560.341155786309,6235.799908412875,6532.9248046875,654457
2021-03-22,6526.9521639429295,6643.56967268319,6493.0732900356425,6587.7578125,467719
2021-03-23,6593.7311308400795,6813.698317716276,6587.806953218687,6794.4580078125,890457
2021-03-24,6746.870767660163,6799.255585317782,6697.423416413253,6715.6845703125,716392
2021-03-25,6714.362714310825,6769.783010368129,6497.675796777731,6527.5400390625,547365
2021-03-26,6589.519857110896,6643.569426739217,6547.073852762357,6594.8564453125,303751
2021-03-30,6642.590482243209,6731.693626978488,6605.382575650456,6644.1572265625,422141
2021-03-31,6713.334383837844,6713.334383837844,6573.951513443914,6597.50048828125,647600
2021-04-01,6624.96549505639,6789.17004833152,6590.891078075989,6755.04638671875,531749
2021-04-05,6751.276944815551,6848.213336046406,6594.61207009902,6654.14453125,540954
2021-04-06,6668.3417495068325,6706.235254274241,6567.391211458573,6596.22705078125,508328
2021-04-07,6604.403550067456,6717.006427496331,6573.413375508768,6619.1396484375,301479
2021-04-08,6656.298816568047,6905.836681150505,6642.394617795816,6825.9375,635298
2021-04-09,6893.254404481585,6908.872125233038,6650.27707389881,6683.568359375,592763
2021-04-12,6622.3218272324375,6622.3218272324375,6332.198260238293,6373.71435546875,585717
2021-04-13,6413.4684835346425,6517.6997770770595,6369.014919742705,6466.78369140625,551188
2021-04-15,6510.404757861983,6560.341687122166,6260.377311523921,6402.9912109375,490675
2021-04-16,6374.301727729695,6644.989432431949,6374.301727729695,6575.224609375,636917
2021-04-19,6364.510850911133,6432.513392705641,6281.2826320915265,6374.0576171875,559506
2021-04-20,6505.508835143492,6549.179264004269,6051.180704573568,6071.59619140625,1272134
2021-04-22,6068.854283228987,6095.242714011267,5845.754095046933,5965.30859375,1795988
2021-04-23,5966.97304390363,6026.701523667024,5870.819791797336,5941.4169921875,968454
2021-04-26,6003.98514815265,6161.825196647985,5983.863695060384,6145.08154296875,697792
2021-04-27,6148.116971640512,6213.622374571027,6105.0341325336185,6194.92041015625,512910
2021-04-28,6227.4287809288435,6271.490777020321,6149.096343432883,6228.2119140625,414435
2021-04-29,6286.177738975086,6312.908490455605,6188.653764413331,6249.41064453125,406869
2021-04-30,6247.011827247072,6290.094667434983,6103.614319062146,6148.068359375,475175
2021-05-03,6121.6796826046875,6247.01157629845,6021.805829817471,6217.78369140625,402055
2021-05-04,6256.802920172189,6291.073358702084,6153.991604582506,6165.203125,330346
2021-05-05,6212.692970887712,6266.595290701576,6163.196372784345,6247.35498046875,215973
2021-05-06,6266.595052034698,6295.87170517277,6182.387681022981,6271.931640625,246632
2021-05-07,6325.295909079696,6388.01062905713,6281.233910565353,6346.7880859375,745582
2021-05-10,6452.634429474431,6467.321761256239,6198.054011923088,6269.63037109375,872011
2021-05-11,6256.803023212129,6481.959999302812,6178.8621575370735,6355.30615234375,1139377
2021-05-12,6330.14182508395,6355.208299638538,6238.199226099242,6255.67724609375,392657
2021-05-14,6284.219624196501,6346.885572458978,6126.477586933899,6235.35986328125,405281
2021-05-17,6246.91407628206,6417.629933258102,6199.033467972238,6396.1865234375,357292
2021-05-18,6442.842940332369,6530.966931917462,6425.805730913235,6514.3212890625,451024
2021-05-19,6491.80076366316,6614.195197367217,6384.142428535769,6424.43505859375,475946
2021-05-20,6462.425618786556,6494.199402653545,6384.778787062726,6436.82080078125,256088
2021-05-21,6470.160593847834,6535.617225144101,6452.6825750886765,6499.24169921875,307027
2021-05-24,6511.383979443139,6533.3169667006105,6403.725642556755,6425.60986328125,288501
2021-05-25,6488.863605055051,6498.997960267124,6391.144075791685,6419.93115234375,176134
2021-05-26,6457.432297640119,6480.05088456228,6389.136203775172,6443.72412109375,248015
2021-05-27,6462.4262739763235,6584.771944449955,6443.087952929197,6534.1494140625,1707144
2021-05-28,6583.8410363150715,6594.611745922369,6448.326021967543,6460.95703125,285093
2021-05-31,6495.669017238637,6580.904314854348,6450.823407118172,6568.17529296875,328449
2021-06-01,6582.862711263269,6582.862711263269,6423.260357859147,6463.74853515625,397989
2021-06-02,6463.748424981612,6530.967356197984,6415.769804223934,6456.74755859375,567704
2021-06-03,6491.800526120697,6516.279411965797,6437.946977261476,6503.2568359375,349479
2021-06-04,6491.800900114488,6545.654452076223,6477.749923209274,6525.3857421875,205504
2021-06-07,6550.501230927192,6763.957120231526,6524.112800159508,6706.8720703125,617042
2021-06-08,6751.2765675949095,6751.2765675949095,6584.8201475091755,6652.7734375,218632
2021-06-09,6633.77775355845,6646.115207067631,6542.716302476393,6584.5751953125,345102
2021-06-10,6607.341235945809,6622.811701421743,6541.7378182207985,6569.79052734375,198704
2021-06-11,6584.918738373435,6614.146625623384,6511.384064817771,6523.96630859375,193014
2021-06-14,6516.278911572584,6546.5347165330995,6442.842259676574,6539.2890625,160001
2021-06-15,6539.290312182801,6605.432078055798,6521.518734648393,6529.302734375,193128
2021-06-16,6531.505057226294,6554.564454446664,6428.155392912087,6450.08837890625,224100
2021-06-17,6418.363796307375,6609.299103749013,6413.516785723332,6565.09033203125,637296
2021-06-18,6570.133150904723,6587.709182691291,6446.1232072463745,6554.36865234375,367329
2021-06-21,6492.780097164762,6648.465821105223,6386.24817038895,6634.26806640625,361652
2021-06-22,6648.465555597478,6795.338874204197,6610.719303956852,6715.978515625,542280
2021-06-23,6731.39992967077,6808.753207535393,6640.632031365545,6759.45263671875,438444
2021-06-24,6756.172671007318,6833.036374583271,6745.450727483767,6816.83154296875,278305
2021-06-25,6854.088331016178,6854.088331016178,6746.3812286716375,6778.693359375,183496
2021-06-28,6805.130053848867,6834.45594942293,6715.782123285743,6726.25927734375,127275
2021-06-29,6731.693218766907,6736.588995653284,6657.766987782631,6682.44189453125,235008
2021-06-30,6659.236700533132,6722.9305759540275,6609.299768945543,6634.7578125,283145
2021-07-01,6636.030078112175,6657.767520468174,6550.549998078106,6567.4404296875,274106
2021-07-02,6607.194736734043,6607.194736734043,6545.654716071486,6579.8271484375,256489
2021-07-05,6579.92412143564,6648.464997700595,6554.9556593676925,6579.77734375,134014
2021-07-06,6587.366485434613,6853.10918638265,6587.26847426622,6788.53369140625,681761
2021-07-07,6791.911788243416,6816.880252252672,6669.076545631088,6780.74951171875,382398
2021-07-08,6773.797702186706,6849.09466399568,6700.361040194222,6758.033203125,365610
2021-07-09,6746.381190094066,6776.392209636896,6692.527639229745,6755.73193359375,170542
2021-07-12,6761.166689239872,6966.642565033295,6761.166689239872,6945.88427734375,610763
2021-07-13,6961.794778520515,7010.752547708424,6933.3505058636265,6980.251953125,372867
2021-07-14,6962.089279120608,7088.058018826142,6917.733725455601,6969.677734375,379753
2021-07-15,6985.638049023586,7069.502620921202,6953.717484505144,7039.78515625,292170
2021-07-16,7056.773462006059,7206.584248697737,7032.9309307256535,7181.66455078125,436381
2021-07-19,7152.534823572365,7231.063285017929,7093.98151658157,7159.927734375,365109
2021-07-20,7181.419513100196,7386.748598987254,7177.209335972504,7269.935546875,953888
2021-07-22,7357.3740576086775,7389.196609760964,7138.04323662061,7303.5205078125,1163215
2021-07-23,7441.385491882457,7479.719810717897,7314.291304104645,7334.16796875,813619
2021-07-26,7358.353292088815,7480.747724758289,7265.088734394675,7457.93359375,369346
2021-07-27,7466.060387462461,7515.018160495002,7401.436127059507,7437.90966796875,297511
2021-07-28,7480.699474025095,7524.810239359335,7353.458021807236,7495.0927734375,289531
2021-07-29,7510.122026398365,7558.002630528812,7476.830742317851,7539.9375,227836
2021-07-30,7558.884002806915,7568.871579573653,7433.748128347112,7460.38134765625,245105
2021-08-02,7499.590859366344,7594.7864346035285,7498.852909170708,7519.26953125,202451
2021-08-03,7526.108200497841,7740.851711382747,7486.160399751113,7717.2373046875,385216
2021-08-04,7783.899158581149,7783.899158581149,7609.545922429792,7625.48583984375,258018
2021-08-05,7625.485221124657,7704.052413328927,7522.17219554813,7535.947265625,173662
2021-08-06,7566.449731189578,7595.86925109224,7385.553434441814,7406.7080078125,250068
2021-08-09,7475.927378190905,7494.327128403361,7353.9196136613355,7375.2216796875,236944
2021-08-10,7384.4213408336645,7423.975661975744,7306.69058987752,7354.06689453125,164588
2021-08-11,7345.0644833671395,7426.730973939071,7248.34400056311,7332.71630859375,129339
2021-08-12,7337.193350334842,7458.217191301877,7313.431448378586,7348.70556640625,206051
2021-08-13,7392.686507806026,7408.478930120644,7312.5944100054485,7340.83349609375,207505
2021-08-16,7340.833142700239,7355.838129162034,7214.2497086259555,7228.615234375,191968
2021-08-17,7258.478303297,7307.871963117666,7180.79655194593,7290.01318359375,203995
2021-08-18,7305.706989504598,7600.887069888622,7287.012251080277,7479.322265625,724989
2021-08-20,7474.549634209636,7502.3947612475085,7316.086849157896,7372.95849609375,358744
2021-08-23,7440.850461487834,7440.850461487834,7170.908178415351,7232.89599609375,310220
2021-08-24,7300.787187682504,7354.608546860567,7252.279454203022,7335.5693359375,174447
2021-08-25,7345.064202103134,7367.645670022909,7251.590511654401,7263.7421875,146150
2021-08-26,7246.671322325962,7299.705249901063,7183.699568812199,7189.70166015625,183243
2021-08-27,7212.823937643954,7472.7789134723025,7200.6232567640845,7444.04833984375,497367
2021-08-30,7449.361156115761,7619.188188611106,7449.361156115761,7580.02734375,319952
2021-08-31,7609.7423857252525,7733.71801807609,7543.474362345694,7706.61083984375,475968
2021-09-01,7706.167772929091,7802.593263448378,7567.92510539889,7642.1630859375,352822
2021-09-02,7679.404857375936,7865.516284304246,7636.357761881134,7824.97802734375,393057
2021-09-03,7866.548977474785,7900.494686007978,7745.525147052095,7802.44580078125,198454
2021-09-06,7841.753446993092,7916.384903155997,7802.494594273258,7824.830078125,212634
2021-09-07,7824.830263117321,7930.504633234699,7784.390497002025,7897.296875,240683
2021-09-08,7900.003009812359,7943.591076864961,7817.598569399881,7864.48291015625,198064
2021-09-09,7808.4971173223685,7854.741996923446,7773.07550741516,7812.08837890625,159693
2021-09-13,7837.031166853531,7837.031166853531,7777.995150530717,7816.8115234375,187063
2021-09-14,7841.950562491882,7844.9513677095265,7723.878533947462,7730.22509765625,168408
2021-09-15,7762.252245022367,7801.6095894007285,7664.8428176859225,7695.197265625,235010
2021-09-16,7732.439309805578,7743.213094652313,7605.806861095088,7640.6875,216078
2021-09-17,7684.521226559496,7711.72689384155,7537.669140379726,7587.9482421875,503207
2021-09-20,7560.545587783378,7605.95402616725,7424.418281640176,7454.28076171875,291081
2021-09-21,7413.939729322148,7564.481571204867,7393.769090377078,7470.712890625,214916
2021-09-22,7477.796699259722,7546.770539127012,7455.166226978115,7503.083984375,206063
2021-09-23,7519.3683186779635,7573.534153446031,7458.216939463431,7497.279296875,201988
2021-09-24,7510.365337140302,7519.81119599929,7379.502165407082,7400.65673828125,341258
2021-09-27,7422.401504800051,7547.6070537764945,7405.133182082174,7500.42724609375,261520
2021-09-28,7507.315035484144,7662.875036983205,7428.698835288033,7466.38330078125,403030
2021-09-29,7428.698902847954,7538.26000858186,7320.466203601162,7344.62158203125,490626
2021-09-30,7369.662259981424,7378.419172454088,7252.57416800041,7277.27099609375,422904
2021-10-01,7277.2716976143165,7381.47017409931,7238.012841429317,7363.31640625,366658
2021-10-04,7375.566367586068,7487.6363100884555,7374.582433972462,7394.8515625,339796
2021-10-05,7379.502176855154,7443.31036843163,7330.403985125746,7344.08056640625,229310
2021-10-06,7378.370601167567,7417.875439274073,7227.976253734891,7244.703125,279814
2021-10-07,7302.755015346011,7338.127619646876,7194.473317270089,7236.43798828125,583113
2021-10-08,7257.493950857103,7286.225003032309,7210.265139897079,7217.890625,234324
2021-10-11,7281.10836996095,7289.914767528872,7192.259361350681,7212.47900390625,346054
2021-10-12,7196.490763963864,7239.783844851807,7077.434791522023,7133.66650390625,407411
2021-10-13,7146.3094783387305,7271.170551575602,7143.357677645488,7232.30517578125,347921
2021-10-14,7320.46619882868,7338.12799964152,7222.072835941197,7276.68115234375,599817
2021-10-18,7409.0202395892875,7521.1886734954205,7184.092915511301,7280.419921875,1413642
2021-10-19,7368.67918013479,7368.67918013479,7038.077470357078,7054.90283203125,868388
2021-10-20,6985.92869146092,7192.357772450963,6978.303205917424,7015.05322265625,703897
2021-10-21,7085.158125252221,7089.634830809589,6971.169325375995,7014.46240234375,318247
2021-10-22,7043.734830165258,7116.791901740571,6985.92872976055,7034.73193359375,330818
2021-10-25,7034.73172419912,7059.674536910062,6894.42269751871,7034.92822265625,245401
2021-10-26,7035.27291481538,7177.795796526621,7035.125420858854,7152.31201171875,372893
2021-10-27,7154.180968611024,7253.558258919057,7117.775426616991,7236.04443359375,364657
2021-10-28,7257.494462399494,7379.502232645907,7235.847922517066,7327.00927734375,556897
2021-10-29,7345.064555526923,7566.449622505296,7225.024652543094,7513.3662109375,659277
2021-11-01,7546.77061281805,7685.505248594757,7524.779601059797,7650.18212890625,469658
2021-11-02,7661.891422776093,7690.228520055249,7564.875467656367,7589.4248046875,177655
2021-11-03,7635.22611140266,7775.2891529706885,7605.855597875277,7761.12060546875,388455
2021-11-04,7770.123509979444,7805.446629544739,7735.390846651594,7754.18359375,32611
2021-11-08,7812.4332510976155,8136.1474248521645,7718.9595535089165,8082.080078125,825196
2021-11-09,8068.2555001301125,8122.420852502187,8012.1712850682325,8034.8017578125,253056
2021-11-10,8014.139190154678,8056.3008410974535,7920.665497942929,7976.552734375,209152
2021-11-11,7969.862396469229,8011.040114938255,7876.388701695824,7921.30517578125,125814
2021-11-12,7955.1031044916745,7983.440199813664,7876.3884170013425,7950.92138671875,180509
2021-11-15,7950.183690745982,8041.246555573741,7901.970943116458,7921.45263671875,119066
2021-11-16,7989.54102590231,8008.235764756022,7730.077537110725,7755.75830078125,277983
2021-11-17,7718.959416985603,7821.239511186357,7675.666336762866,7731.45556640625,183623
2021-11-18,7772.091659233416,7802.593601433218,7591.096877779733,7642.9013671875,196805
2021-11-22,7673.697912954541,7683.14377131445,7429.288910237097,7530.83056640625,383629
2021-11-23,7497.574078256347,7590.752782925745,7419.548335469498,7534.91455078125,475377
2021-11-24,7605.806915185996,7643.245397412861,7428.698862827202,7455.56005859375,292766
2021-11-25,7438.832931800062,7511.791991881925,7396.769770807785,7486.5537109375,173989
2021-11-26,7428.699058559282,7476.911807416156,7251.689490986312,7275.943359375,265808
2021-11-29,7236.339604541258,7315.497254216005,7085.699275473469,7269.54736328125,382413
2021-11-30,7268.612498310167,7398.196745733143,7229.5011376714,7314.31640625,547664
2021-12-01,7489.702938749464,7555.380509842676,7173.860237312446,7204.95263671875,509749
2021-12-02,7241.751534246696,7270.28560958544,7145.32603827439,7205.54296875,239691
2021-12-03,7259.905479445688,7335.225408670709,7178.92745125985,7214.64453125,401430
2021-12-06,7226.844852363212,7270.875881294143,7085.305906852161,7098.6875,173852
2021-12-07,7167.956451899574,7219.071995848465,7118.759770692302,7182.125,162646
2021-12-08,7211.24914336452,7338.914524228423,7182.715069799563,7304.673828125,209590
2021-12-09,7356.675190893232,7394.458628782586,7271.269939127821,7314.41552734375,198582
2021-12-10,7330.30506478457,7332.125437968457,7271.564038735195,7320.90869140625,144726
2021-12-13,7393.277057693374,7418.76084180231,7273.33564814678,7295.32666015625,220084
2021-12-14,7289.964536015469,7339.062729892723,7219.219801472493,7267.7275390625,210516
2021-12-15,7296.851483901096,7296.851483901096,7212.23319538768,7252.9189453125,113049
2021-12-16,7295.6706334134815,7320.465952200304,7253.361488797271,7294.6376953125,140591
2021-12-17,7291.734967049667,7291.734967049667,7184.68318301062,7219.46533203125,279606
2021-12-20,7153.197529753834,7153.197529753834,6922.170104323668,7045.80126953125,285814
2021-12-21,7121.711413113847,7256.510316622633,7064.74175363061,7209.6259765625,241099
2021-12-22,7202.393922722728,7305.706950302768,7194.965416247456,7258.72412109375,158971
2021-12-23,7315.348848321508,7315.348848321508,7182.66579557595,7222.66259765625,210152
2021-12-24,7243.719521586009,7330.305682669895,7086.191648344987,7108.7236328125,270337
2021-12-27,7103.01667106757,7177.795624800932,7057.066779691092,7128.64794921875,142927
2021-12-28,7158.11752650848,7297.836109156481,7158.11752650848,7287.111328125,185895
2021-12-29,7266.349563228471,7340.144582489424,7255.23130583435,7301.72216796875,219901
2021-12-30,7301.72242750283,7374.484030818591,7261.528642829443,7278.35400390625,243710
2021-12-31,7330.305226845708,7536.4393134261345,7302.214115097224,7469.0888671875,258372
2022-01-03,7477.895409736431,7625.485450718072,7448.426406045898,7599.8046875,250533
2022-01-04,7624.501477126793,7647.968389607075,7489.4075858312635,7527.4365234375,315188
2022-01-05,7527.584362205371,7644.18049931031,7472.976044827108,7536.48876953125,400874
2022-01-06,7516.809755361034,7576.239729258062,7305.755997777619,7338.7177734375,403448
2022-01-07,7345.162667067145,7458.216539366853,7319.530909036157,7436.52099609375,543512
2022-01-10,7468.0558653521375,7495.2125282225,7401.443369872691,7463.28369140625,213126
2022-01-11,7487.43999699941,7556.019883303786,7439.719215558091,7484.09423828125,234296
2022-01-12,7540.670509293574,7604.823175402158,7487.636581683836,7535.65283203125,297378
2022-01-13,7557.5940030012725,7595.573936156088,7432.486941494265,7484.5859375,274893
2022-01-14,7511.349410273796,7576.2890305355295,7445.327366920432,7537.47265625,250253
2022-01-17,7512.332881042986,7818.336224331049,7379.6003372281275,7743.65576171875,1216949
2022-01-18,7681.5697330889825,7767.171957602719,7399.1807855551615,7434.50390625,565178
2022-01-19,7477.796570675952,7477.796570675952,7234.863470665392,7314.95556640625,439305
2022-01-20,7349.983853460292,7438.094913504957,7276.188834851253,7345.55615234375,249483
2022-01-21,7310.626656978444,7334.880524160965,7193.538558434643,7239.43896484375,207851
2022-01-24,7241.751262052823,7246.670930029761,6974.76078485713,7041.02880859375,319304
2022-01-25,7005.607242164893,7038.962495166024,6887.535209993574,6984.30517578125,467078
2022-01-27,7025.285584044377,7035.4199074882945,6838.338208558603,6986.6171875,418032
2022-01-28,7006.4928798903675,7149.6552228533,6980.025161367994,6995.62060546875,511605
2022-01-31,7073.400321479679,7162.593808256611,7052.442727498589,7100.45849609375,250406
2022-02-01,7146.506524028426,7414.431443948268,7118.956383967308,7395.49072265625,731348
2022-02-02,7451.0339505988695,7453.296805639257,7305.706769884025,7321.44970703125,324627
2022-02-03,7341.128305680934,7364.742711167644,7232.895613866847,7256.8544921875,167162
2022-02-04,7270.285925752949,7408.922084495638,7261.578016640515,7320.1220703125,462491
2022-02-07,7320.121705691341,7398.147930506753,7244.211322521222,7349.3447265625,391483
2022-02-08,7355.838593334482,7378.518070653024,7237.618586877277,7302.11572265625,270604
2022-02-09,7316.530326397972,7426.632401306393,7302.214284542236,7383.48681640625,253643
2022-02-10,7393.965943600471,7427.665669070063,7340.439571936207,7354.41162109375,284223
2022-02-11,7340.243465697223,7340.243465697223,7176.910480971113,7205.9365234375,265177
2022-02-14,7126.139426676779,7126.139426676779,6936.732199940807,6975.2041015625,266661
2022-02-15,6985.928527405651,7200.869013497331,6918.086113827653,7173.1708984375,255775
2022-02-16,7167.956489310205,7202.3941663350315,7051.803316548151,7063.56103515625,322839
2022-02-17,7030.205995368295,7108.9206881085975,6917.053624554109,6932.74755859375,499955
2022-02-18,6935.748305230065,6951.343749684182,6789.142191245204,6805.4755859375,510600
2022-02-21,6789.141680783342,6801.489854999226,6681.892920898504,6703.982421875,424346
2022-02-22,6605.146305547867,6661.230521161785,6568.888256033007,6641.10888671875,359236
2022-02-23,6671.0701109402735,6755.688404382879,6626.793096929608,6671.26708984375,506540
2022-02-24,6518.461410505442,6542.321799573181,6293.436091353117,6315.32861328125,610393
2022-02-25,6444.765285371323,6549.701711068002,6415.247276430691,6464.68994140625,376464
2022-02-28,6432.958408702244,6495.930164308996,6336.680401894335,6462.3779296875,557289
2022-03-02,6433.941877108645,6433.941877108645,6240.106955898918,6296.53564453125,686927
2022-03-03,6312.917916142043,6333.728015492186,5869.016372910811,5884.61181640625,2406110
2022-03-04,5854.158930516099,6070.870305690883,5756.798508722749,5953.09326171875,1336552
2022-03-07,5834.03690227231,5834.03690227231,5593.317659625415,5606.5517578125,1280108
2022-03-08,5540.53046479147,5780.610278929122,5538.759576369916,5739.72802734375,955847
2022-03-09,5795.368813472565,5961.4076058789315,5727.674375024528,5920.6728515625,813790
2022-03-10,6102.356197857598,6160.60525925386,5908.078316023766,5955.30712890625,967482
2022-03-11,5945.910699190204,6021.62458130395,5883.922882865699,5924.26416015625,533023
2022-03-14,5952.798364732243,5970.410680335671,5860.357609521908,5938.9248046875,466938
2022-03-15,5997.9117973576695,6072.838245731264,5876.100528081363,5924.51025390625,819263
2022-03-16,6031.512611848263,6215.705163066502,5982.315934753253,6204.58642578125,888929
2022-03-17,6277.840770475551,6365.558353845012,6238.138954073324,6271.19921875,979987
2022-03-21,6267.656936925853,6267.656936925853,6076.822825926086,6091.77880859375,531422
2022-03-22,6061.031174583026,6125.823300353134,5961.752367177531,6111.80224609375,1073804
2022-03-23,6211.080581131447,6211.080581131447,6095.517392639476,6133.841796875,664235
2022-03-24,6102.3562798394205,6277.053500996954,6100.388412609546,6249.798828125,642226
2022-03-25,6282.416039172644,6287.975167928185,6183.087750027951,6211.27783203125,321023
2022-03-28,6243.058555514558,6292.206229934625,6144.7142021700265,6257.7685546875,325668
2022-03-29,6274.544169342453,6442.796804273856,6273.560235804842,6421.74072265625,671879
2022-03-30,6437.385732951099,6561.656357447824,6437.385732951099,6535.97607421875,705385
2022-03-31,6552.99777021945,6591.3711805856,6475.267015888018,6496.224609375,399272
2022-04-01,6496.913408737655,6581.384202407854,6459.57293731709,6563.3779296875,216837
2022-04-04,6525.447729346261,6649.866327035849,6515.608393204304,6635.5498046875,268314
2022-04-05,6661.230545863186,6706.491491965063,6572.725525387265,6618.0849609375,412049
2022-04-06,6592.35472669435,6682.876612493735,6582.515391281373,6627.923828125,297453
2022-04-07,6588.419211926598,6687.304536119941,6588.419211926598,6628.416015625,234000
2022-04-08,6689.764818553916,6739.945434195371,6614.838367953013,6727.154296875,309692
2022-04-11,6724.84130470595,6807.344228510286,6690.748103471842,6748.55419921875,359038
2022-04-12,6739.945458185402,6748.5548775662955,6613.804972910224,6666.69140625,385829
2022-04-13,6641.552031459881,6730.106058546012,6586.6487268410165,6621.92236328125,386535
2022-04-18,6538.73040482498,6582.416958346361,6464.49242632226,6532.92529296875,240392
2022-04-19,6592.355514885841,6655.57325247262,6401.521389560237,6479.89208984375,353426
2022-04-20,6481.1703270695025,6718.052330446151,6479.891405622469,6697.783203125,328054
2022-04-21,6720.266560269161,6776.350776072286,6698.620020836376,6736.50146484375,181457
2022-04-22,6690.747880978433,6700.538211596438,6602.292354345108,6635.74609375,237385
2022-04-25,6586.451733670392,6605.1954771884775,6451.308353206125,6489.09130859375,227496
2022-04-26,6572.676517530309,6586.648566972646,6508.720832853742,6553.19482421875,279555
2022-04-27,6469.363969781733,6523.3328284153995,6431.039560630305,6443.24072265625,327597
2022-04-28,6491.9939144806995,6528.399457802279,6445.798039631892,6510.6396484375,243308
2022-04-29,6511.081943410918,6687.796509576138,6415.443888178401,6523.7255859375,1139560
2022-05-02,6501.439621266463,6621.872995407714,6437.778926446635,6571.6923828125,329548
2022-05-04,6571.69259727929,6600.817128293861,6396.552414270499,6417.166015625,228457
2022-05-05,6454.604354451136,6489.927474267041,6238.138964515275,6253.5869140625,344367
2022-05-06,6198.781336603137,6198.781336603137,6061.0306402341785,6100.5849609375,499910
2022-05-09,6075.790058441411,6174.0849302631805,6016.754041679227,6124.59326171875,355285
2022-05-10,6111.064379424528,6320.248768585612,6100.929574612105,6264.16455078125,359456
2022-05-11,6267.608452365554,6333.089045709846,6110.17906569367,6238.33642578125,217452
2022-05-12,6198.781667095838,6198.781667095838,5979.954930998641,6086.072265625,323730
2022-05-13,6167.688884754682,6191.696766960534,6044.106736470091,6096.9931640625,319217
2022-05-16,6095.173708267399,6095.173708267399,5727.477527108104,5916.19580078125,685657
2022-05-17,5916.195915485813,6027.429900190374,5884.316562083959,6009.62060546875,637179
2022-05-18,6064.966821548526,6178.119187622193,6031.562083041809,6133.59619140625,371945
2022-05-19,6030.5289140956775,6077.167269718014,5952.798161246345,5975.03515625,259111
2022-05-20,6065.950652811721,6065.950652811721,5966.770337962178,6030.1845703125,374540
2022-05-23,6074.805971519031,6124.002650912609,5805.208168442223,5821.24609375,528566
2022-05-24,5852.387670001097,5861.882532540091,5739.9237785288715,5773.77099609375,458962
2022-05-25,5799.304877434009,5882.939236881224,5685.414558539712,5699.140625,571568
2022-05-26,5727.478088875042,5821.935724424261,5615.063663234435,5779.87255859375,512954
2022-05-27,5810.127382464431,5880.478628501046,5791.481650256437,5852.4365234375,290626
2022-05-30,5903.601846885962,6057.833445135858,5869.705140773886,6004.6025390625,330562
2022-05-31,6011.834195822244,6041.3522033303725,5947.927517392616,5984.87451171875,431470
2022-06-01,5982.316142881621,6001.699826505946,5854.404777984481,5879.642578125,268629
2022-06-02,5870.147965588967,5927.167110932439,5811.111948502923,5911.32568359375,320094
2022-06-03,6016.754390369625,6016.754390369625,5519.867887158397,5587.61181640625,2216480
2022-06-06,5588.743182010051,5642.859533244304,5485.43014783557,5491.67822265625,999722
2022-06-07,5470.670931392584,5486.70885723634,5323.0808882794745,5465.9482421875,1203977
2022-06-08,5492.268313645991,5523.114247448855,5411.63476349538,5442.97314453125,605175
2022-06-09,5436.233319239247,5446.072655563662,5357.5186286439275,5393.82568359375,375314
2022-06-10,5368.243479763094,5446.761672926545,5322.097087881856,5422.50732421875,493489
2022-06-13,5343.743722146937,5362.438461738318,5251.253957852735,5270.09619140625,441354
2022-06-14,5264.045043013561,5409.66722364272,5238.462768038167,5341.38232421875,610906
2022-06-15,5353.484363844555,5385.609700611552,5314.225508296749,5366.521484375,286759
2022-06-16,5391.956066514302,5397.859668046982,5192.266552496875,5220.013671875,732233
2022-06-17,5214.847983280377,5217.75077952107,5074.194485594542,5094.119140625,819352
2022-06-20,5095.7920330859015,5261.535837535641,5078.868183261426,5247.61279296875,506142
2022-06-21,5268.964144770722,5345.710961445253,5177.507329392383,5331.83740234375,292408
2022-06-22,5313.2409194646225,5340.79105756555,5234.526239176257,5323.03125,214821
2022-06-23,5340.7913042740565,5410.552096814841,5271.964960343093,5323.37548828125,296712
2022-06-24,5362.438541815674,5421.474562459517,5347.87651556474,5380.4443359375,265862
2022-06-27,5421.474327045209,5492.317548741626,5399.876791589611,5470.9169921875,226613
2022-06-28,5470.6706672536,5495.269006584776,5391.955981393836,5483.2158203125,278114
2022-06-29,5452.959753449378,5557.256710119466,5432.395638268668,5528.03369140625,490615
2022-06-30,5538.562489779036,5558.241162686405,5446.072727114401,5517.2109375,572821
2022-07-01,5510.0284628402,5608.175844834541,5396.87609262116,5600.25537109375,329610
2022-07-04,5588.644602271473,5652.698778512117,5541.612766314963,5617.326171875,165959
2022-07-05,5618.752923960911,5670.4094388909425,5608.766093828372,5637.890625,307970
2022-07-06,5657.6182366964185,5750.993439854802,5636.21768075761,5734.4140625,371948
2022-07-07,5760.931447783967,5777.609315114772,5678.527005640174,5745.041015625,261593
2022-07-08,5756.99533452295,5863.21115588253,5712.324846404548,5745.28662109375,410980
2022-07-11,5726.49363309775,5774.706380180532,5687.726744796004,5760.193359375,189671
2022-07-12,5729.543453376202,5742.777071136223,5637.939145346231,5686.00439453125,171919
2022-07-13,5689.10435903589,5790.449524892117,5677.641628111268,5705.7822265625,263686
2022-07-14,5706.814882649198,5757.930425367458,5590.956701195415,5642.908203125,285686
2022-07-15,5628.1002364616415,5738.300800532219,5609.405497913955,5713.75146484375,255753
2022-07-18,5738.3011406751,5894.746593584452,5718.032011066239,5886.28466796875,512929
2022-07-19,5898.5837954577055,5998.010579948083,5886.530608136578,5988.07275390625,555572
2022-07-20,6012.817924821527,6046.27166552582,5979.364184117235,5991.17138671875,371187
2022-07-21,6026.593046697453,6050.354946051456,5939.022959978094,6032.20166015625,328612
2022-07-22,6032.496896295255,6390.648726380311,6001.060025628369,6354.93212890625,1441549
2022-07-25,6246.994356793921,6343.2228696271795,6159.473271874579,6280.349609375,919050
2022-07-26,6286.843736454699,6358.227926951706,6205.86619335883,6296.83056640625,549442
2022-07-27,6287.630728172495,6445.749050779053,6263.6228442812835,6430.3505859375,424070
2022-07-28,6454.604874927564,6454.604874927564,6341.45250288234,6367.28076171875,462464
2022-07-29,6434.631248386427,6471.577765718549,6385.729552550592,6439.64892578125,360851
2022-08-01,6482.105178886161,6556.933132681089,6454.653048678508,6550.68505859375,414339
2022-08-02,6558.800453873426,6624.261199533515,6526.292592011283,6582.005859375,274658
2022-08-03,6595.563356684831,6625.2508136541555,6446.185775756468,6533.91259765625,266360
2022-08-04,6578.740176304665,6615.701155251727,6481.761154451798,6519.41455078125,275815
2022-08-05,6519.414602079038,6728.167089446879,6519.414602079038,6704.615234375,741250
2022-08-08,6684.625440462899,6704.615187241324,6577.750599964011,6608.279296875,313912
2022-08-10,6654.294926483128,6671.860004628932,6511.9927640388705,6526.935546875,271291
2022-08-11,6561.026806949914,6585.618012885948,6505.11543168671,6528.37060546875,303393
2022-08-12,6526.292622533339,6541.284691661182,6447.126070629978,6490.96435546875,269932
2022-08-16,6523.422555236182,6609.417120640094,6491.706167293498,6586.65673828125,270299
2022-08-17,6640.094320199944,6653.701070856091,6525.352109570942,6540.98779296875,341063
2022-08-18,6540.245486971773,6640.341594238471,6540.245486971773,6634.107421875,300992
2022-08-19,6654.938232792833,6712.234927779063,6537.177987483934,6578.294921875,641293
2022-08-22,6585.667704508118,6597.39434694689,6377.904786277509,6400.12109375,345960
2022-08-23,6377.855150869617,6511.448703292797,6338.370930903398,6427.72998046875,379309
2022-08-24,6384.881428673178,6465.631407783479,6384.881428673178,6440.54541015625,223101
2022-08-25,6461.970005509429,6537.1782322198,6387.355624596159,6407.59228515625,470687
2022-08-26,6439.654763700864,6501.552916684742,6403.584311090863,6449.25341796875,415698
2022-08-29,6335.302920952064,6511.448487951356,6335.302920952064,6438.51611328125,366457
2022-08-30,6470.727418825504,6620.302619792272,6457.021613474525,6608.279296875,467147
2022-09-01,6559.938318869557,6689.5735458678855,6536.188353617956,6563.40185546875,386222
2022-09-02,6570.823967835424,6597.196229440964,6476.81368516308,6508.97509765625,268505
2022-09-05,6506.501033094821,6550.883878225588,6428.719798630677,6454.00390625,385312
2022-09-06,6471.865495222654,6487.69880530271,6388.789903118653,6427.8291015625,341220
2022-09-07,6392.698889807002,6727.177562369659,6364.001015533875,6700.2607421875,918604
2022-09-08,6772.698287111623,6866.708564328982,6709.365047723087,6847.56005859375,879685
2022-09-09,6857.8024561440125,6955.771062660356,6693.680204043182,6712.97705078125,567059
2022-09-12,6712.97698293309,6828.114930612049,6669.781830771769,6798.03173828125,488043
2022-09-13,6827.125677747535,6896.990258057793,6783.584073193122,6824.45361328125,412295
2022-09-14,6719.261028768453,6891.844013634341,6689.672626915383,6804.11767578125,543948
2022-09-15,6837.021509961655,6852.854820738813,6687.7429801519,6719.310546875,437578
2022-09-16,6719.310330812896,6747.711524383891,6383.792783692096,6413.8759765625,831639
2022-09-19,6328.375814535896,6444.107603045805,6179.542803667913,6392.55029296875,808807
2022-09-20,6425.058709509297,6494.972575347028,6390.670737873606,6417.09228515625,373825
2022-09-21,6432.282283211245,6464.889199755391,6230.9516544690205,6247.97265625,616165
2022-09-22,6234.365730127762,6298.540210512454,6165.094999793008,6174.39697265625,492098
2022-09-23,6194.783006529502,6218.483687507926,6063.316947843125,6075.98388671875,570526
2022-09-26,6056.1915881102905,6174.990694982041,5942.438962078069,6112.74609375,497458
2022-09-27,6143.324589052852,6208.587710270011,6064.1580350702125,6128.33251953125,467962
2022-09-28,6085.928551054634,6212.2485811705965,6048.373725498464,6108.6396484375,378895
2022-09-29,6153.220578858265,6197.603426053865,6080.981096346742,6111.55908203125,407574
2022-09-30,6107.897354133555,6259.105269176832,6107.699244483701,6189.93359375,442887
2022-10-03,6220.907422151903,6289.089516917458,6164.303628638393,6177.51416015625,337932
2022-10-04,6282.756220915861,6315.363136722422,6214.722467536239,6241.8369140625,307268
2022-10-06,6273.94897815271,6300.519347672226,6192.308474888105,6221.74853515625,495617
2022-10-07,6234.365743632627,6241.4909263316285,6069.5013084399325,6138.87109375,454883
2022-10-10,6092.064245689008,6108.936423694491,6056.241187868673,6085.82958984375,282642
2022-10-11,6116.259358733597,6140.3557749728725,5997.460243262645,6013.44189453125,276525
2022-10-12,6021.605896096485,6125.511996193466,5994.689074984122,6113.34033203125,223353
2022-10-13,6107.699233125733,6151.2408349172965,6037.438921143891,6117.34765625,314360
2022-10-14,6194.782287439943,6194.782287439943,6104.730340450001,6127.49072265625,249291
2022-10-17,6105.720039470472,6216.35509747523,6018.834945962844,6206.16259765625,453912
2022-10-18,6239.313862040612,6376.865745755702,6224.717529056456,6280.62890625,558284
2022-10-19,6281.964946439944,6378.844917663207,6184.985920387974,6331.74072265625,919146
2022-10-20,6273.949522395021,6346.189004277488,6211.605859948509,6236.64208984375,476962
2022-10-21,6249.803322630221,6354.1051545523105,6249.803322630221,6296.6103515625,307899
2022-10-24,6372.90739004719,6376.865717618648,6303.9831078480365,6327.98046875,56532
2022-10-25,6353.1153601615415,6406.552779078788,6320.657269356175,6348.8603515625,313500
2022-10-27,6406.553363434707,6406.553363434707,6305.616007384298,6369.74072265625,248556
2022-10-28,6374.8863022864525,6402.594594193318,6339.756146475964,6378.6962890625,151834
2022-10-31,6410.610123654129,6660.776215989411,6387.5032913781615,6644.99267578125,538107
2022-11-01,6673.690832357118,6778.635796186797,6648.209099254664,6749.8388671875,429855
2022-11-02,6753.945638668957,6803.3754470126,6654.987450348774,6709.26611328125,255634
2022-11-03,6659.935350984704,6713.32348679077,6600.56043807087,6658.154296875,217701
2022-11-04,6688.584044616952,6887.490005997039,6665.625551319247,6821.2373046875,646411
2022-11-07,6852.8548856272855,6944.886005390944,6796.448715449559,6900.849609375,353341
2022-11-09,6927.073266164807,6986.448179874791,6786.552637051178,6831.57861328125,312745
2022-11-10,6823.16737910995,6823.16737910995,6719.261276890002,6730.443359375,330402
2022-11-11,6768.690552708222,6855.624931476531,6716.737505702015,6742.21923828125,293195
2022-11-14,6773.688260940399,6825.6413118826,6748.354867080199,6782.990234375,484476
2022-11-15,6808.323234056849,6927.0730579066785,6795.507955622014,6891.9921875,625270
2022-11-16,6914.159099016959,6961.7083136240635,6797.239616902959,6839.98974609375,307352
2022-11-17,6860.77113576682,6887.094110266832,6778.734895011319,6800.25830078125,196795
2022-11-18,6828.115080874927,6866.807829638742,6691.5527792574285,6743.45654296875,296995
2022-11-21,6738.8547757321785,6804.216951563631,6670.3262276685155,6684.4775390625,249498
2022-11-22,6684.724861651203,6844.9380763557,6670.326154933851,6771.75830078125,393509
2022-11-23,6805.552718318758,6832.568110444062,6730.492835862365,6752.9560546875,258946
2022-11-24,6773.589087400078,6818.219327970937,6759.833995554351,6788.72998046875,297230
2022-11-25,6832.0731981470035,6870.6668908943575,6778.635777419898,6802.3857421875,377893
2022-11-28,6802.385961745409,6852.755583676939,6791.500560875581,6820.4951171875,239438
2022-11-29,6828.1150471794745,6932.02114572351,6823.167137724997,6856.7138671875,336266
2022-11-30,6875.614933002596,7021.0834700134465,6833.1121977887215,7003.27099609375,489956
2022-12-01,7026.031499175145,7222.9582975323065,6961.757961408496,7198.21875,1086727
2022-12-02,7199.208145773316,7222.9581107903,7084.416648191226,7161.6533203125,442739
2022-12-05,7184.364725319247,7209.104273271448,7082.932578715222,7123.6044921875,235887
2022-12-06,7110.194908527088,7197.921726460847,7065.614439271297,7166.60107421875,312838
2022-12-07,7179.416500786123,7218.900720946905,7071.552076446263,7087.58349609375,324940
2022-12-08,7124.000164867744,7144.38564883766,7079.468978950388,7104.2578125,262827
2022-12-09,7126.1770271214045,7147.848773045066,6966.65623927396,7003.66650390625,211582
2022-12-12,7015.146144680079,7089.3155019504275,6897.534238294397,7072.3935546875,260579
2022-12-13,7105.148726484259,7167.541671740752,7080.656574561633,7150.02587890625,285708
2022-12-14,7170.411322442154,7203.117293833851,7100.250063057212,7122.56494140625,226179
2022-12-15,7122.565050852273,7142.356688962825,7014.156546379443,7039.78662109375,241610
2022-12-16,7033.997789799332,7090.156565488814,6920.294920328564,6941.02685546875,285180
2022-12-19,6969.426938929755,7040.281096832035,6936.968847159413,7002.28125,251219
2022-12-20,7016.135590984036,7050.820242905757,6932.614976215409,7024.05224609375,488123
2022-12-21,7056.213741814737,7078.776015869379,6853.844243153898,6878.287109375,388167
2022-12-22,6908.270976183024,7018.114562826244,6788.531570923298,6939.34375,338708
2022-12-23,6898.326047238127,6912.229479470301,6803.474526747126,6837.4169921875,289661
2022-12-26,6839.0003990322175,7030.880229664718,6792.8365007911925,7000.30224609375,328414
2022-12-27,7026.031067470777,7091.29418312872,6967.645738881936,7033.15625,295144
2022-12-28,7032.364603736648,7082.932334647314,6953.098998190318,6980.3125,260015
2022-12-29,6956.810092069805,6962.104451911145,6833.063067876421,6909.458984375,449116
2022-12-30,6927.072886067448,6979.570009447727,6877.841189484326,6886.54931640625,232317
2023-01-02,6907.182544909094,6966.607227385006,6877.693197832628,6944.83642578125,212580
2023-01-03,6956.711143101181,6965.66666559612,6887.53898499794,6920.73974609375,188315
2023-01-04,6927.073315965191,6988.427393906596,6911.091664882214,6932.36767578125,319221
2023-01-05,6941.867368959166,6968.833474282414,6872.645925503069,6934.0,236570
2023-01-06,6934.000422391033,6956.661751422612,6878.583835598697,6909.458984375,160184
2023-01-09,6966.656308544243,6990.406273232462,6929.942724824851,6961.56005859375,298470
2023-01-10,6976.502799189577,6976.502799189577,6817.377746823549,6848.203125,263888
2023-01-11,6875.615145977103,6959.729608758918,6849.886016185018,6948.794921875,295408
2023-01-12,6951.7634660210815,7092.28409388741,6951.7634660210815,7078.82568359375,566492
2023-01-13,7100.250362949066,7182.385663314888,7063.635831460687,7173.38037109375,462134
2023-01-16,7194.260666316205,7258.336096597357,7174.716423103036,7208.9560546875,440500
2023-01-17,7204.15600141554,7312.020425063108,7187.184769012598,7300.78857421875,385734
2023-01-18,7296.187176273049,7306.082995039186,7194.260242981834,7207.5703125,447736
2023-01-19,7184.364417235979,7184.364417235979,7111.184644253778,7137.2109375,412001
2023-01-20,7137.210916604943,7189.312305566651,7075.510390199801,7102.37744140625,353292
2023-01-23,7050.771091953629,7110.096720594521,6758.844429199058,6778.388671875,998103
2023-01-24,6810.302435361551,6825.7892950018895,6711.938094035433,6738.755859375,444188
2023-01-25,6735.045035386081,6759.685527727234,6602.490348378556,6635.24560546875,509299
2023-01-27,6663.843950968582,6728.166769028125,6535.297369669977,6645.6357421875,635582
2023-01-30,6676.7089945349535,6832.024065045845,6573.346973114485,6815.943359375,699269
2023-01-31,6852.8547506664845,7025.042003607418,6820.742624297196,7011.73193359375,593220
2023-02-01,7011.187678142423,7163.5832889305575,6908.865007537817,7067.0,648015
2023-02-02,7026.031444041755,7233.843641682427,6932.070449973652,7092.9765625,647192
2023-02-03,7110.096523103088,7149.729084125616,7056.708387390971,7114.30224609375,364197
2023-02-06,7081.744229083988,7132.658407316275,7038.697419647166,7052.9970703125,314446
2023-02-07,7080.409120515808,7129.937500716354,6978.679812545994,6998.125,295067
2023-02-08,7039.885358041372,7217.762697528008,7039.885358041372,7174.81494140625,559696
2023-02-09,7174.468812431448,7174.468812431448,7085.406440966782,7104.95068359375,334529
2023-02-10,7100.250237329067,7151.609442058484,7072.591229537991,7130.9765625,407822
2023-02-13,7139.833608604006,7174.4689760747115,7080.458692939939,7104.4560546875,323236
2023-02-14,7139.981697027303,7154.578029945756,7051.315062795675,7064.8232421875,328419
2023-02-15,7063.635502832698,7102.229196389784,6974.226682786594,7077.34130859375,404971
2023-02-16,7112.767946312468,7118.853778101425,7033.947847947241,7097.03369140625,264069
2023-02-17,7101.2396622319675,7316.275614244528,7101.2396622319675,7221.8203125,1063293
2023-02-20,7224.937101504787,7413.947235238168,7224.937101504787,7349.47607421875,713498
2023-02-21,7367.239107997589,7407.020493504949,7244.729062518334,7264.0751953125,399493
2023-02-22,7250.666491387087,7255.466060181427,7117.072936543733,7130.6796875,402548
2023-02-23,7166.353684241158,7190.301758409796,7067.692663214494,7102.1796875,286748
2023-02-24,7137.7056381880575,7166.353743209399,7091.244576435928,7141.515625,206602
2023-02-27,7144.780971716831,7159.624699497406,7062.101601256733,7111.7783203125,295092
2023-02-28,7107.226513094263,7208.065295564413,7087.583698875335,7185.65087890625,429256
2023-03-01,7151.708496865137,7267.489580874161,7144.781423462888,7198.3671875,317216
2023-03-02,7198.366757065412,7253.635000330246,7177.288856822376,7213.26025390625,180178
2023-03-03,7253.63505569598,7273.426692955723,7113.361826617548,7140.7734375,408754
2023-03-06,7168.531253735972,7179.9114455385625,7116.08341325447,7125.58349609375,154817
2023-03-08,7139.784122409694,7207.570482557101,7112.42179632031,7191.5390625,237790
2023-03-09,7191.2914381589535,7225.184617153992,7132.0155808765585,7167.4921875,158808
2023-03-10,7124.989393342431,7167.492127515146,7062.05189039572,7151.1142578125,154319
2023-03-13,7149.729180435433,7182.385382920466,6981.302148886423,7001.8857421875,176576
2023-03-14,7006.240018469659,7040.875385792602,6918.167227277032,6990.357421875,210976
2023-03-15,7051.760379625392,7113.114455339224,7008.416887156875,7026.7734375,265536
2023-03-16,7061.2605342638235,7075.312306992904,7002.330643604424,7030.58349609375,459814
2023-03-17,7084.564844779053,7232.754727653044,7084.564844779053,7214.00244140625,383505
2023-03-20,7199.207766524557,7208.509739027333,7024.051783751382,7167.7392578125,520041
2023-03-21,7167.541822149876,7283.322906395567,7161.7033854806195,7276.1484375,350524
2023-03-22,7283.322740532806,7371.4945839354505,7276.395667274148,7319.5908203125,381601
2023-03-23,7294.2077071310505,7387.228399638216,7281.788648377211,7330.77294921875,232908
2023-03-24,7326.8643568232155,7353.781177667865,7251.210627608287,7328.4970703125,228994
2023-03-27,7329.83287794411,7405.486604841209,7315.4346550784285,7372.5830078125,251626
2023-03-28,7406.030709395194,7433.639946908147,7291.585662856396,7325.9736328125,249783
2023-03-29,7342.499376355006,7520.8222228643135,7322.905848578411,7491.876953125,445346
2023-03-31,7496.181578113454,7564.660352304041,7468.423517269071,7542.7412109375,378456
2023-04-03,7590.9835832833105,7656.395042505807,7501.129741423433,7560.900390625,360584
2023-04-05,7496.0826602283205,7619.433943602332,7496.0826602283205,7611.814453125,233489
2023-04-06,7609.884686163513,7649.467961514169,7588.95512596071,7621.611328125,227682
2023-04-10,7621.611090952998,7691.030161300147,7588.113648591035,7616.0693359375,226983
2023-04-11,7634.624194155725,7712.75187675665,7634.624194155725,7660.798828125,354799
2023-04-12,7669.259407224022,7712.801009019874,7595.040767799273,7602.80908203125,264416
2023-04-13,7624.778057153203,7668.270376258327,7548.976467863839,7575.4970703125,292568
2023-04-17,7575.496839269076,7742.488784878515,7565.402910612302,7661.78857421875,488286
2023-04-18,7697.957279166404,7697.957279166404,7491.1346706889935,7516.1708984375,437232
2023-04-19,7525.769984180022,7554.467857886954,7400.5878799066795,7437.59814453125,341302
2023-04-20,7493.707831401244,7520.822278239199,7368.030932804352,7397.916015625,263429
2023-04-21,7421.913005279346,7439.132115663908,7262.788440411705,7281.837890625,388408
2023-04-24,7273.426757909014,7380.301600066045,7232.408396044185,7363.033203125,513771
2023-04-25,7378.22348147308,7429.236717573432,7347.942179146081,7361.69775390625,285446
2023-04-26,7386.239018484545,7402.072328277653,7223.947593105196,7379.212890625,230254
2023-04-27,7381.291011696969,7429.780522298009,7359.421156195199,7422.75439453125,205177
2023-04-28,7433.738804885113,7500.040788368513,7411.968004338325,7477.478515625,457487
2023-05-02,7466.89023831721,7503.009977724615,7362.489347701285,7378.91650390625,544731
2023-05-03,7445.614040062841,7463.4265138428955,7356.99717628478,7428.9892578125,384431
2023-05-04,7436.411308263531,7450.562136176855,7407.06981832948,7424.0908203125,232203
2023-05-05,7441.655947324406,7589.004596770203,7427.307009660018,7549.322265625,319654
2023-05-08,7550.509725857554,7673.21787867621,7540.613907081856,7654.861328125,295156
2023-05-09,7678.116668489828,7741.499195842783,7607.410848528875,7635.861328125,289797
2023-05-10,7679.155544361818,7693.9992728625175,7641.551432160047,7662.53076171875,234884
2023-05-11,7708.843132816958,7773.957429672662,7669.358910970657,7753.81982421875,320219
2023-05-12,7758.27291748761,7837.488756400532,7611.665970419455,7622.7001953125,246799
2023-05-15,7648.37931387902,7693.999135294347,7636.108595176699,7680.095703125,183594
2023-05-16,7689.051134722544,7724.032950487839,7604.936675719788,7618.494140625,250490
2023-05-17,7636.603461255118,7679.106196798079,7573.2702201613865,7620.22607421875,205629
2023-05-18,7664.113301184837,7686.923452692056,7507.462687963546,7524.9287109375,157714
2023-05-19,7557.436619486423,7609.043216537006,7506.077417899357,7601.27490234375,138709
2023-05-22,7575.249047393845,7657.384340788187,7570.3011381532215,7635.26708984375,139603
2023-05-23,7595.04114882306,7671.634691913049,7545.858734685864,7574.50732421875,149291
2023-05-24,7570.301305609154,7603.897803373848,7510.9756792240905,7574.0615234375,160565
2023-05-25,7564.660581268612,7588.212919958017,7515.181487208029,7542.345703125,257361
2023-05-26,7590.09291561733,7669.259464932764,7554.368913599885,7641.40283203125,252078
2023-05-29,7669.259280087256,7775.837437812108,7654.415552448378,7758.86572265625,210769
2023-05-30,7783.061708337675,7886.967808703276,7758.916006415384,7819.626953125,414785
2023-05-31,7812.748854655785,7844.860979578026,7698.798599095321,7788.05859375,1137662
2023-06-01,7788.999176444058,7816.509360133075,7728.436570563322,7761.0927734375,184642
2023-06-02,7779.103108875031,7864.652655131019,7744.913248417639,7768.86083984375,248325
2023-06-05,7814.728005351889,7842.43629763375,7783.061385601191,7799.88427734375,186015
2023-06-06,7805.821806105095,8035.404800402303,7805.821806105095,8025.0634765625,635244
2023-06-07,8050.347688838782,8086.764108926973,7998.344870868458,8072.61328125,298650
2023-06-08,8084.884111001273,8128.376428719441,8001.759231524638,8015.76171875,349085
2023-06-09,8073.009107756109,8132.0873402264,8023.728122611875,8068.30859375,325814
2023-06-12,8075.482864118134,8119.519257409385,8017.938774916847,8113.185546875,195134
2023-06-13,8126.941526869068,8231.639100841609,8126.199340428258,8190.07666015625,249199
2023-06-14,8222.38717335542,8279.78292671108,8190.52244114576,8271.22265625,289643
2023-06-15,8292.69602705762,8340.195956568212,8222.435714656534,8246.3837890625,406197
2023-06-16,8277.803534115816,8344.303632892592,8219.318662392861,8246.43359375,356982
2023-06-19,8270.925058160781,8327.924585861183,8166.920392836229,8182.4560546875,187488
2023-06-20,8181.862889251682,8205.019491531397,8086.170129284249,8157.56884765625,343189
2023-06-21,8166.42553103637,8265.631110108423,8141.289765843258,8155.68798828125,373929
2023-06-22,8190.769202189922,8192.748365945434,8060.837294918214,8077.70947265625,226654
2023-06-23,8078.155318852931,8079.985658848639,7976.030271478857,7996.02001953125,198255
2023-06-26,7976.030327472057,8183.842532033985,7976.030327472057,8082.0146484375,241856
2023-06-27,8099.678450021746,8143.367910449729,8083.547975365512,8122.98291015625,236562
2023-06-28,8115.659470404809,8232.13344953615,8096.7588432830435,8174.58984375,282115
2023-06-30,8213.529289045782,8232.331344044802,8150.888951721486,8208.333984375,225746
2023-07-03,8295.665023062951,8410.456522845285,8276.170066460134,8375.623046875,373703
2023-07-04,8409.466145845729,8409.466145845729,8296.653820519015,8324.0654296875,206677
2023-07-05,8342.125244363271,8363.945329660946,8255.8335185789,8289.9248046875,195350
2023-07-06,8327.330854053827,8391.604385295966,8292.69549102449,8322.5810546875,275687
2023-07-07,8330.250528220782,8359.393906283862,8238.862066726233,8249.599609375,354695
2023-07-10,8263.00917750242,8346.579565395721,8249.155030378464,8264.3447265625,173234
2023-07-11,8307.836558847212,8355.336489058402,8218.526794231382,8239.16015625,300378
2023-07-12,8276.862911081671,8286.115115178878,8067.566341773472,8134.85791015625,508967
2023-07-13,8181.863069428209,8263.008784437052,8121.003783171577,8148.21728515625,272841
2023-07-14,8212.540228759492,8212.540228759492,8063.113361119695,8097.30322265625,249245
2023-07-17,8121.49795094676,8173.945787111032,8104.625774288594,8165.03955078125,202735
2023-07-18,8139.310800212703,8165.039928578117,8072.019233718544,8090.8212890625,280527
2023-07-19,8080.925821373202,8269.787141039798,8078.699262091046,8242.42578125,150429
2023-07-20,8262.959422221264,8262.959422221264,8079.936060015222,8138.47021484375,307197
2023-07-21,8158.112904872842,8226.888844573066,7987.90482388811,8034.61328125,656733
2023-07-24,8114.571541402612,8158.2619686352255,8004.134105249056,8134.21435546875,482809
2023-07-25,8158.80594067737,8327.33154200494,8158.80594067737,8305.857421875,583167
2023-07-26,8328.222687143096,8370.477061103269,8253.113034482485,8265.333984375,191345
2023-07-27,8302.761865442042,8341.332930904922,8206.33371638219,8239.3876953125,216816
2023-07-28,8246.098566536626,8292.473939563895,8176.511236861213,8257.779296875,204996
2023-07-31,8279.897952237823,8360.420432023064,8252.609584371754,8269.1123046875,240038
2023-08-01,8297.791402410428,8318.667599780816,8221.841419845565,8232.9755859375,217562
2023-08-02,8219.257739932518,8265.980661289173,8164.980011104172,8238.841796875,134414
2023-08-03,8236.256168872364,8236.256168872364,8032.365690472239,8088.1845703125,390602
2023-08-04,8129.788251192206,8183.320401061143,8100.7106886650145,8110.05517578125,248048
2023-08-07,8140.027274969605,8201.36372877497,8111.894306279244,8127.25341796875,195297
2023-08-08,8127.253139074303,8181.431843059744,8089.029620725343,8108.7626953125,166007
2023-08-09,8111.894244105409,8125.7621986470285,8038.330497283865,8063.431640625,222338
2023-08-10,8086.047392966778,8156.62882459951,8028.389322055532,8054.43505859375,296178
2023-08-11,8077.10057982928,8106.923720431726,7997.323678717736,8085.00390625,293096
2023-08-14,8081.872288522681,8094.547123592943,7971.775191735893,8006.8173828125,544313
2023-08-16,7957.75858083597,8216.275312883656,7940.560278352632,8203.2529296875,282782
2023-08-17,8176.61020222372,8184.563039845678,8102.002838443801,8158.96484375,248724
2023-08-18,8151.658344038271,8197.785189331553,8117.6597699545055,8166.42041015625,265260
2023-08-21,8165.9737079301485,8230.142969576043,8157.1257881334695,8170.84423828125,216794
2023-08-22,8173.578142859001,8219.207935729788,8143.7550026311255,8155.1376953125,193112
2023-08-23,8161.500223852729,8186.35284031435,8098.970652513157,8113.78271484375,208545
2023-08-24,8162.593669017708,8274.927499805553,8115.870748247541,8162.99169921875,273837
2023-08-25,8130.781972410714,8141.717123614592,8013.4776231327505,8023.8662109375,191154
2023-08-28,8086.842743888593,8102.3508743360935,8001.0021911057875,8069.7939453125,327780
2023-08-29,8111.794693994739,8169.552273074009,8077.249556310469,8151.3603515625,230713
2023-08-30,8181.481469360905,8265.781351579157,8151.707840205017,8217.2197265625,223225
2023-08-31,8239.934785770285,8310.715234078052,8177.505205206466,8248.5341796875,482614
2023-09-01,8251.069356216236,8295.804069593312,8200.370014388884,8213.69140625,215635
2023-09-04,8236.107953694494,8543.335818010997,8233.721714085024,8531.953125,620108
2023-09-05,8531.406662180521,8549.300547046432,8398.395645504992,8405.005859375,210587
2023-09-06,8434.828360497693,8506.354383456859,8394.318596445954,8487.0693359375,327847
2023-09-07,8487.069280109417,8494.624086996326,8380.30205422809,8445.068359375,203477
2023-09-08,8484.683056054391,8499.59462557294,8350.47893038745,8380.8486328125,125962
2023-09-11,8401.128804803386,8448.547790310704,8376.475203882957,8411.8154296875,131688
2023-09-12,8469.722755560451,8559.092187956385,8345.509175869309,8521.1181640625,335823
2023-09-13,8539.359183375318,8633.799127778188,8475.239431649159,8585.435546875,321018
2023-09-14,8614.911628792617,8648.71118976411,8552.283030521912,8636.732421875,311971
2023-09-15,8669.58727330907,8699.36090386914,8610.189516219261,8676.8935546875,357249
2023-09-18,8676.545228833449,8686.088244979339,8556.258568351226,8577.134765625,129308
2023-09-20,8539.35942657011,8572.661934229027,8391.287336415133,8408.287109375,317399
2023-09-21,8325.726013571404,8388.25558849182,8237.798228139141,8264.5390625,393954
2023-09-22,8226.216482250647,8261.65670351446,8130.831941083898,8139.1328125,524827
2023-09-25,8168.558402332269,8231.137487989854,8108.017522571863,8157.822265625,467415
2023-09-26,8188.440042976865,8278.903566579012,8157.8218137648955,8180.38818359375,515796
2023-09-27,8188.440572366994,8241.078611411747,8156.629221351364,8213.9892578125,541638
2023-09-28,8216.07640591381,8274.878087781412,8086.0477041197755,8106.27783203125,370431
2023-09-29,8151.658317329088,8237.101808121186,8084.059199575628,8206.1845703125,320974
2023-10-03,8240.133776791705,8327.614989526373,8172.733672959476,8255.9404296875,454402
2023-10-04,8243.662580182028,8243.662580182028,7997.621671577326,8072.97509765625,884369
2023-10-05,8128.794157941242,8160.40649334144,8077.100713375638,8129.24169921875,310506
2023-10-06,8149.670026635634,8191.074874168475,8103.195633644024,8147.13525390625,158491
2023-10-09,8121.884859370087,8151.508985084073,8039.523673811405,8062.28857421875,152525
2023-10-10,8099.766002313258,8138.089029369943,8057.218515725035,8110.2041015625,187020
2023-10-11,8147.632529166139,8340.538350123232,8130.981275606596,8293.8154296875,439622
2023-10-12,8315.636047670905,8335.567652129419,8253.056964577034,8302.513671875,177704
2023-10-13,8267.471613408674,8367.3791342585,8258.027618900482,8319.662109375,285076
2023-10-16,8319.711989804862,8405.155485441242,8225.22252945486,8243.3154296875,363990
2023-10-17,8280.891942883318,8282.88015223335,8231.186709132518,8252.4609375,205234
2023-10-18,8275.822933653466,8300.62507025807,8199.375890868669,8229.4970703125,322136
2023-10-19,8200.96543499887,8487.665607970657,8145.047047736238,8468.330078125,837498
2023-10-20,8485.677282907718,8597.364551888153,8361.31517965396,8411.1689453125,539291
2023-10-23,8365.39081620109,8473.350195275201,8253.603551655968,8276.169921875,217546
2023-10-25,8305.744596192655,8348.988149745544,8137.989431547831,8207.67578125,255678
2023-10-26,8187.445964980475,8187.445964980475,8107.470051066776,8156.9267578125,637430
2023-10-27,8162.593624103357,8221.245800917643,8131.776378658563,8161.7490234375,227682
2023-10-30,8193.41062028041,8366.68286862297,8149.123451770585,8352.0693359375,244073
2023-10-31,8355.15228881503,8402.27227093095,8301.867692354672,8372.5986328125,218908
2023-11-01,8390.243698737155,8395.214222255365,8320.75539163044,8332.0390625,209234
2023-11-02,8336.065138935324,8423.248317138454,8325.577528288606,8409.1318359375,200590
2023-11-03,8425.037449258876,8479.713208516603,8386.267365421578,8472.3564453125,243686
2023-11-06,8488.659625604054,8599.005242004341,8470.964756954983,8590.0087890625,194715
2023-11-07,8590.00922535306,8643.7403903754,8531.95312239055,8634.544921875,206360
2023-11-08,8637.775839724676,8667.748485103764,8601.838566075554,8647.5673828125,132370
2023-11-09,8633.798989008386,8667.598547514579,8566.945450492462,8576.1904296875,128138
2023-11-10,8540.40255095632,8678.484075029817,8537.966800405113,8659.49609375,149939
2023-11-13,8659.744690928048,8672.37001423543,8608.946331267758,8626.244140625,64412
2023-11-15,8657.657746990022,8763.77842266934,8643.98880749971,8715.216796875,192348
2023-11-16,8737.782388774353,8759.752685394044,8648.710994896195,8723.318359375,233428
2023-11-17,8733.209882810725,8817.31075300716,8719.938973246079,8739.125,151817
2023-11-20,8748.120995208683,8763.231580179654,8600.098423228985,8610.4375,174311
2023-11-21,8613.717679332744,8686.387310905628,8613.717679332744,8657.0107421875,183507
2023-11-22,8682.5101134453,8723.268404566352,8561.47787090901,8708.2578125,325320
2023-11-23,8698.416187610761,8715.315967632405,8539.35943446588,8554.51953125,344271
2023-11-24,8587.076358986293,8603.976138808332,8494.674133386487,8505.7587890625,197278
2023-11-28,8587.076421317252,8684.00162982367,8537.619712361413,8675.0546875,343335
2023-11-29,8708.257908303494,8738.180070621369,8640.757812723656,8681.267578125,207727
2023-11-30,8724.80952621818,8965.979912116647,8711.787142797795,8950.5712890625,1025481
2023-12-01,9050.12961047346,9109.378829389369,8919.106813328603,8980.591796875,353015
2023-12-04,9096.058267696399,9285.733255773186,9032.585069090426,9262.8193359375,473570
2023-12-05,9266.049631010677,9344.583899957126,9188.658970757106,9274.748046875,448461
2023-12-06,9274.748246178337,9292.84114572599,9075.728292764883,9158.6865234375,308912
2023-12-07,9211.373595464856,9325.695629080059,9181.699960279037,9299.4013671875,346830
2023-12-08,9323.011521736324,9376.047587733925,9286.081116167787,9358.0537109375,311761
2023-12-11,9358.501805210177,9672.638895761103,9344.58433917311,9613.8876953125,588082
2023-12-12,9645.251197109124,9902.426273332218,9578.248153004299,9805.3515625,1060266
2023-12-13,9841.587196038166,9983.744170696466,9619.752339918814,9681.7353515625,1501931
2023-12-14,9772.049510023064,9931.10626705294,9719.361959256918,9904.5634765625,710415
2023-12-15,9941.046665596252,10000.195893256549,9842.282755295688,9970.3232421875,439516
2023-12-18,9968.881812655845,9968.881812655845,9883.140283303874,9911.5712890625,266562
2023-12-19,9911.571503262649,9990.752331706233,9894.324174872849,9958.0458984375,675166
2023-12-20,9967.887265155907,10068.29183419757,9800.033084342542,9829.16015625,501448
2023-12-21,9822.74844136235,9926.135329116796,9766.929074699703,9895.765625,216730
2023-12-22,9928.12337631423,9940.052632398718,9843.624479049115,9910.2294921875,226940
2023-12-26,9916.193857881073,9995.523214583058,9911.322356786653,9959.5869140625,226114
2023-12-27,10041.401602878328,10408.275731418307,9978.573994560087,10374.5751953125,658122
2023-12-28,10430.145876783386,10437.05509818841,10267.2117380605,10364.8330078125,421406
2023-12-29,10358.62017177059,10463.945755711022,10300.46504857953,10441.130859375,243089
2024-01-01,10441.131117597359,10457.981386330513,10353.20236320616,10402.3115234375,97677
2024-01-02,10428.058882842457,10428.058882842457,10044.532527576283,10144.5400390625,337528
2024-01-03,10144.590207796295,10184.6029230381,10030.118660217147,10051.939453125,179575
2024-01-04,10100.10396527405,10104.626947593482,9942.041314636395,9955.759765625,313755
2024-01-05,10040.457234896921,10040.457234896921,9936.076243841062,9957.001953125,163191
2024-01-08,10018.58663405462,10020.574843348935,9866.538134110797,9875.9326171875,176843
2024-01-09,9930.707684125264,9957.897029500024,9812.012168281191,9840.7412109375,242925
2024-01-10,9840.592756215623,9848.346578590044,9672.63857568639,9718.56640625,374333
2024-01-11,9781.89088368953,9886.321384610563,9661.852745363367,9861.9658203125,375210
2024-01-12,9921.114924528982,9921.114924528982,9736.310481239103,9750.6259765625,376816
2024-01-15,9820.75984560295,9937.865179310296,9762.107671203661,9895.8642578125,273931
2024-01-16,9895.268040235112,9987.570267408142,9822.101356508598,9910.8251953125,146779
2024-01-17,9900.288142138636,9986.87426824369,9767.078119942977,9796.5537109375,252817
2024-01-18,9795.907138084738,9874.490915840217,9712.402348192398,9833.931640625,278338
2024-01-19,9940.05243108301,10068.987998812578,9786.960314432667,10034.1943359375,567616
2024-01-23,9941.046657257653,10025.545553844344,9757.137294098387,9773.04296875,580285
2024-01-24,9806.842405069972,9973.453956645433,9677.210769954014,9931.6025390625,272419
2024-01-25,9925.737244876644,9988.962885296223,9822.947402979036,9910.5771484375,296269
2024-01-29,9941.146262015318,10239.278657061028,9930.609140263217,10213.4814453125,334463
2024-01-30,10229.088968526647,10259.160636088825,9883.389054650688,9904.861328125,368827
2024-01-31,9901.282932518172,10126.10010148179,9844.768467957429,10107.41015625,341574
2024-02-01,10109.99510020594,10172.921732386458,9841.685858335697,9863.8046875,401503
2024-02-02,9941.04680291831,10105.969157700867,9933.392002718992,10039.015625,334386
2024-02-05,9990.752128498332,10068.5903315175,9820.21366319235,9857.8896484375,162473
2024-02-06,9921.165066395075,10015.60501442188,9861.81682068452,9989.509765625,250870
2024-02-07,10054.375133117697,10226.951324102367,10020.873609909153,10166.2119140625,250184
2024-02-08,10229.33704931061,10234.307572658185,9891.838514010225,9938.7109375,320905
2024-02-09,10015.40522040829,10015.40522040829,9793.918901053841,9887.1162109375,400823
2024-02-12,9892.335518380803,9958.393967510858,9848.495890989883,9905.109375,191687
2024-02-13,9938.859621469202,9945.71933211504,9772.645124044075,9794.3173828125,276453
2024-02-14,9744.26364803246,9766.929040723324,9646.742366610091,9730.09765625,417802
2024-02-15,9777.914649908118,9781.145490131195,9648.780063131335,9756.44140625,415090
2024-02-16,9816.83341424921,9889.3535462064,9793.02441254575,9857.7412109375,250550
2024-02-19,9890.29763449378,9890.29763449378,9826.724448076318,9843.8232421875,109778
2024-02-20,9843.823559536135,9941.046803109475,9796.901624464386,9920.12109375,320905
2024-02-21,9911.472494455624,10055.369151367182,9861.51873272985,9909.6337890625,322960
2024-02-22,9941.046652789255,9961.82382861572,9744.511966302543,9902.4755859375,363840
2024-02-23,9902.476230869494,9968.882232673972,9835.721709926267,9941.9423828125,304238
2024-02-26,9940.10201063162,9990.702326169232,9842.580731766353,9871.5087890625,162530
2024-02-27,9871.508861218726,10091.156481705559,9823.195762691203,9892.4345703125,214186
2024-02-28,9901.282214649827,9931.05584277964,9723.23846194346,9747.146484375,300668
2024-02-29,9727.314794796906,9876.43050447698,9648.432972698307,9834.08203125,328848
2024-03-01,9841.636393277342,10123.812620130126,9834.081585984444,10075.748046875,352952
2024-03-04,10097.120920754418,10106.067862596181,9907.445947870101,9919.57421875,221282
2024-03-05,9919.574749573907,9971.765246443718,9772.049223433094,9780.349609375,310715
2024-03-06,9841.537473813214,9855.802487886727,9475.805967626022,9584.212890625,534825
2024-03-07,9584.212680892968,9657.72691575606,9512.68665537949,9616.1240234375,585012
2024-03-11,9636.900629984371,9766.680806524104,9615.875897719827,9640.728515625,319303
2024-03-12,9671.594845796733,9671.594845796733,9518.95026752515,9558.8134765625,235430
2024-03-13,9567.959914483012,9596.09288396185,9443.99486145629,9536.9931640625,415925
2024-03-14,9399.259390814022,9650.76786525886,9398.265286171947,9639.783203125,347822
2024-03-15,9622.933565122396,9693.415977180826,9487.53630984875,9576.1611328125,379648
2024-03-18,9568.25741702264,9616.76953059671,9513.581660353939,9554.6875,226448
2024-03-19,9534.805982249594,9550.811650832933,9379.527600581128,9397.5205078125,316008
2024-03-20,9478.788519548496,9478.788519548496,9389.319094613062,9428.6357421875,171219
2024-03-21,9468.846962029334,9582.870961601926,9448.865846526085,9544.150390625,215837
2024-03-22,9553.345841765758,9694.309689265709,9523.522701781058,9624.6728515625,224511
2024-03-26,9574.320784429661,9632.674920802985,9513.581379409889,9544.1005859375,397803
2024-03-27,9573.22798831346,9650.768152704783,9514.62532375664,9566.716796875,267937
2024-03-28,9622.933056065584,9795.857754886008,9584.709537936984,9691.67578125,506387
2024-04-01,9691.675838754996,9938.113801597523,9691.675838754996,9895.7158203125,387442
2024-04-02,9831.794676209973,10024.750984320417,9786.960941782065,9978.97265625,307109
2024-04-03,10139.867286939416,10217.109411315692,9923.301980314505,9942.935546875,481855
2024-04-04,10018.58682945084,10019.481911972867,9841.636198805647,9946.1162109375,346378
2024-04-05,9942.04108519364,9960.779570429726,9744.413265382462,9765.6865234375,280079
2024-04-08,9794.86347346066,9840.64179781555,9743.21954342764,9805.599609375,215228
2024-04-09,9841.63680911191,9934.883638455345,9701.56706458734,9711.55859375,275924
2024-04-10,9752.167369342233,9799.884396225863,9647.835884109545,9759.970703125,186223
2024-04-12,9732.234896860144,9791.930686222704,9553.345573055856,9595.64453125,440963
2024-04-15,9561.200188279012,9561.200188279012,9430.673461714825,9450.2080078125,220692
2024-04-16,9393.196235036978,9438.974562052043,9295.872997135157,9408.0078125,547648
2024-04-18,9414.17117890877,9470.63612972785,9285.732662011163,9327.435546875,584270
2024-04-19,9270.026497376857,9344.584351243158,9195.468643510554,9308.7470703125,415558
2024-04-22,9448.96457064635,9533.463464755234,9400.352465595704,9508.859375,277781
2024-04-23,9483.758849171127,9568.25774877066,9465.86496455005,9477.3466796875,317450
2024-04-24,9521.534254633309,9629.692645448662,9486.541577097523,9601.9072265625,317929
2024-04-25,9563.436463894739,9648.779961799728,9503.690190529174,9626.6611328125,398260
2024-04-26,9669.656682560675,9719.361918926259,9590.029282225169,9643.7109375,265782
2024-04-29,9707.432649486254,9951.982412084679,9685.61185658926,9905.70703125,808505
2024-04-30,10100.401723659541,10119.985780283441,9852.919166040554,9913.0625,777837
2024-05-02,9913.06252959973,9985.781676471794,9887.862363865275,9924.5947265625,318855
2024-05-03,9923.153029017127,9970.870054201741,9721.697324993687,9758.4296875,517348
2024-05-06,9816.783978718171,9870.465632880276,9688.693975581302,9719.2626953125,238521
2024-05-07,9741.231550822418,9889.353144972081,9573.227863498305,9625.3193359375,214305
2024-05-08,9617.913058889613,9617.913058889613,9445.386389586409,9463.2802734375,392065
2024-05-09,9467.853254577834,9503.641024124747,9352.586619334408,9390.412109375,328724
2024-05-10,9407.013151770998,9462.832515383108,9360.538760055826,9435.7431640625,205200
2024-05-13,9459.850204042732,9521.534202538542,9371.523424660867,9495.1904296875,215387
2024-05-14,9478.838105694385,9642.318822601674,9473.768559896718,9603.6982421875,171935
2024-05-15,9633.868916888221,9636.006630375101,9503.641197549416,9557.421875,161067
2024-05-16,9573.824111004864,9668.364048241256,9469.344097806925,9651.861328125,368451
2024-05-17,9682.579716378359,9841.636467366094,9628.152484399743,9832.04296875,283850
2024-05-21,9768.072318533299,9792.676408690402,9704.499131824889,9731.6884765625,346947
2024-05-22,9811.813487840798,9891.34186464194,9764.344987937617,9836.5166015625,280237
2024-05-23,9846.756029562062,10139.717892299686,9796.901293208035,10110.5908203125,521622
2024-05-24,10105.074247521583,10307.871605760089,10062.87430896235,10170.7841796875,519418
2024-05-27,10217.358759952673,10292.91071836852,10117.65025109915,10165.2177734375,389326
2024-05-28,10203.49049859381,10304.73967255555,10086.633686898518,10118.892578125,403774
2024-05-29,10117.94825957188,10117.94825957188,9902.277047888525,9964.3095703125,317883
2024-05-30,9961.923342485263,9965.899761342656,9772.04934204472,9810.669921875,323424
2024-05-31,9873.447649040643,10020.575141193081,9692.619620025744,9857.044921875,791072
2024-06-03,10239.277893761511,10457.781901644019,10156.120651476942,10408.3251953125,732632
2024-06-04,10413.246387305504,10436.607846981082,9478.7384892101,9859.828125,972018
2024-06-05,9931.056316781393,10010.63420285253,9682.57965598646,9978.921875,361720
2024-06-06,9936.076082996666,10116.506078901008,9872.552406860277,9995.6728515625,483566
2024-06-07,9906.253160972483,10443.069689514896,9906.253160972483,10401.466796875,545284
2024-06-10,10433.128606324328,10843.644327687078,10401.466760619653,10762.42578125,705256
2024-06-11,10839.667663925815,10924.216070804143,10762.425537950983,10869.0927734375,650137
2024-06-12,10807.409348025509,11034.512763044462,10807.409348025509,10979.6875,439143
2024-06-13,11183.677729125515,11232.388858790151,10931.324642644237,11107.9267578125,602322
2024-06-14,11104.14890710869,11204.553476456764,11081.582537460485,11176.51953125,305318
2024-06-18,11183.677220444537,11202.912756941576,10986.496953062204,11053.4990234375,322724
2024-06-19,11084.267201317152,11111.804095162213,10903.588675412273,10930.7275390625,659266
2024-06-20,10943.99991534785,11108.027195272205,10811.286934318143,10838.9228515625,445369
2024-06-21,10818.344041122526,10896.828798761346,10548.991187375688,10599.5419921875,586745
2024-06-24,10654.316915310139,10781.065262098293,10532.19154360934,10722.4130859375,276148
2024-06-25,10738.26965528068,10943.055227236728,10736.728987128494,10782.2587890625,562075
2024-06-26,10843.395572545636,11194.612554066269,10838.723086491833,11077.4072265625,793197
2024-06-27,11203.560181068338,11804.944024877801,11202.566076349522,11647.626953125,2339734
2024-06-28,11630.925607226165,11709.55889823593,11402.231051437722,11599.1142578125,684790
2024-07-01,11600.207592194554,11960.66956336592,11599.114465361037,11834.46875,520339
2024-07-02,11873.586315215829,12006.796342529871,11730.435241087305,11784.0673828125,422173
2024-07-03,11785.35910004335,11828.851178289433,11692.60933076762,11802.109375,206171
2024-07-04,11814.93427870162,11866.478218721979,11652.447672436736,11690.720703125,227230
2024-07-05,11727.005555592032,11754.840487075651,11551.74509187589,11621.2333984375,425987
2024-07-08,11625.059873584529,11645.73705631508,11462.026709631402,11514.615234375,149210
2024-07-09,11514.664711826656,11692.36091897015,11416.745403274857,11610.943359375,530901
2024-07-10,11620.089339363034,11670.589661793605,11402.3804194109,11565.662109375,202406
2024-07-11,11530.620195162906,11571.378487084768,11431.209727060803,11486.830078125,366819
2024-07-12,11485.885329341443,11611.142517457856,11402.430048336148,11533.900390625,366274
2024-07-15,11683.613739260101,11827.857945652535,11593.150209838823,11763.8876953125,394470
2024-07-16,11836.854265838912,11836.854265838912,11563.326937994309,11589.96875,556056
2024-07-18,11581.319725418018,11614.969781104917,11407.351403362381,11578.5859375,731274
2024-07-19,11576.349191252044,11576.349191252044,11162.454089168197,11191.9287109375,514154
2024-07-22,11223.342879564356,11501.791213710698,11165.087762498302,11447.8115234375,573833
2024-07-23,11581.269787181358,11666.216224607295,11262.310724282313,11477.7333984375,525157
2024-07-24,11471.967983034514,11492.595655101062,11288.705173984696,11385.87890625,268139
2024-07-25,11350.687367874076,11409.140529574888,11224.436072049939,11374.048828125,254683
2024-07-26,11374.048654783157,11673.224651300297,11328.418861815251,11604.2333984375,333210
2024-07-29,11611.142514321555,11869.609727825287,11604.233292722598,11803.7998046875,496437
2024-07-30,11858.0,11858.0,11644.5,11806.4501953125,438108
2024-07-31,11818.9501953125,11915.0,11750.349609375,11887.2001953125,322531
2024-08-01,11887.2001953125,12032.2998046875,11803.5,11984.5,250126
2024-08-02,11833.0498046875,11949.0,11700.0,11764.5,273420
2024-08-05,11700.0,11700.0,11351.2001953125,11417.25,400844
2024-08-06,11449.9501953125,11575.7998046875,11272.099609375,11325.2998046875,368949
2024-08-07,11499.0,11589.9501953125,11430.2001953125,11543.2001953125,230210
2024-08-08,11500.0,11524.2001953125,11228.75,11258.0,290349
2024-08-09,11449.0,11449.0,11231.0498046875,11300.349609375,189230
2024-08-12,11290.0,11379.7998046875,11211.2001953125,11302.849609375,200411
2024-08-13,11364.0,11364.0,11234.650390625,11271.2001953125,189972
2024-08-14,11200.0,11200.0,10963.099609375,11002.599609375,404673
2024-08-16,11040.0,11325.0,10950.2001953125,11295.7001953125,435631
2024-08-19,11320.0,11468.099609375,11271.75,11315.349609375,244264
2024-08-20,11365.0,11525.0,11277.4501953125,11349.7001953125,421084
2024-08-21,11274.0,11312.5498046875,11161.5498046875,11200.900390625,456794
2024-08-22,11260.0,11377.400390625,11205.0,11309.400390625,305457
2024-08-23,11315.0,11380.0,11204.4501953125,11341.7998046875,258730
2024-08-26,11340.0,11360.9501953125,11271.400390625,11337.099609375,234215
2024-08-27,11389.099609375,11450.0,11286.4501953125,11300.349609375,184428
2024-08-28,11280.0,11317.599609375,11211.0,11234.7998046875,201101
2024-08-29,11230.0,11256.7001953125,11115.400390625,11222.0,406261
2024-08-30,11225.0498046875,11360.900390625,11222.0,11301.900390625,462185
2024-09-02,11325.0,11465.0,11325.0,11424.900390625,248673
2024-09-03,11434.5,11504.0498046875,11361.0,11460.7998046875,181723
2024-09-04,11392.0,11637.4501953125,11381.849609375,11580.4501953125,198185
2024-09-05,11630.4501953125,11822.75,11514.2001953125,11542.650390625,406821
2024-09-06,11500.0,11525.0,11320.0,11432.849609375,245248
2024-09-09,11400.0,11518.4501953125,11308.0,11494.349609375,154665
2024-09-10,11539.900390625,11639.4501953125,11460.5,11541.0498046875,237496
2024-09-11,11570.0,11611.0,11460.2001953125,11487.4501953125,141341
2024-09-12,11507.849609375,11735.0,11442.25,11710.25,455934
2024-09-13,11695.0,11762.599609375,11625.2001953125,11717.9501953125,279660
2024-09-16,11675.0,11797.9501953125,11604.0,11642.650390625,257856
2024-09-17,11602.5498046875,11718.599609375,11575.0,11645.650390625,202725
2024-09-18,11683.0,11763.2998046875,11535.849609375,11630.900390625,185067
2024-09-19,11630.900390625,11740.150390625,11540.0,11627.5,227247
2024-09-20,11660.0,11843.900390625,11579.599609375,11798.2998046875,608787
2024-09-23,11835.0,11998.0,11800.0498046875,11962.0498046875,279318
2024-09-24,11948.099609375,11969.849609375,11740.349609375,11761.650390625,242038
2024-09-25,11811.0,11855.599609375,11680.0,11816.2998046875,196686
2024-09-26,11835.0,12080.0,11767.7998046875,12065.0,277079
2024-09-27,12065.0,12138.0,11924.75,11952.2998046875,404276
2024-09-30,11924.0,11924.0,11774.0498046875,11802.0,405493
2024-10-01,11802.0,11887.7001953125,11650.25,11837.150390625,324906
2024-10-03,11627.099609375,11930.0,11613.099609375,11724.7998046875,304610
2024-10-04,11700.0,11829.150390625,11380.0,11450.25,357277
2024-10-07,11491.9501953125,11529.9501953125,11192.099609375,11230.349609375,374655
2024-10-08,11231.0,11475.0,11231.0,11389.7998046875,447220
2024-10-09,11404.0498046875,11511.0,11333.0,11350.150390625,286382
2024-10-10,11439.9501953125,11459.0,11353.5498046875,11430.0498046875,180542
2024-10-11,11390.75,11468.2998046875,11360.2001953125,11421.2998046875,120279
2024-10-14,11399.9501953125,11429.9501953125,11240.0,11300.2998046875,144163
2024-10-15,11400.0,11432.9501953125,11290.0,11416.900390625,182286
2024-10-16,11341.0,11412.0,11233.0,11322.2998046875,276811
2024-10-17,11351.0,11363.9501953125,10934.0498046875,11017.2998046875,353330
2024-10-18,11017.2998046875,11139.9501953125,10901.0,11069.2998046875,330703
2024-10-21,11050.0,11166.650390625,10771.400390625,10869.2998046875,566667
2024-10-22,10751.0,11080.7998046875,10740.0,10825.150390625,793887
2024-10-23,10821.9501953125,10843.650390625,10672.0,10753.0498046875,351717
2024-10-24,10753.0498046875,11085.0,10718.400390625,11043.599609375,341400
2024-10-25,11063.7001953125,11115.0,10950.0,10995.2001953125,519646
2024-10-28,11000.0,11199.349609375,10899.599609375,11092.599609375,229113
2024-10-29,11074.0,11136.9501953125,10917.0498046875,11112.099609375,266761
2024-10-30,11115.0,11230.0,11011.400390625,11205.099609375,239933
2024-10-31,11156.7998046875,11250.900390625,11042.5498046875,11065.650390625,423687
2024-11-01,11079.9501953125,11171.2998046875,11078.5498046875,11145.7998046875,19032
2024-11-04,11147.0,11156.75,10930.0498046875,11001.849609375,276984
2024-11-05,10983.650390625,11188.0498046875,10973.25,11176.349609375,274422
2024-11-06,11225.0,11306.900390625,11112.0,11274.400390625,282486
2024-11-07,11241.5498046875,11244.9501953125,11001.099609375,11050.7998046875,326254
2024-11-08,11029.099609375,11139.349609375,10960.7001953125,11043.349609375,155894
2024-11-11,11015.0,11109.9501953125,10896.0498046875,10970.4501953125,107472
2024-11-12,10970.5,11074.75,10840.0,10892.0,166347
2024-11-13,10803.2998046875,10873.5,10750.0,10782.2001953125,216900
2024-11-14,10726.0,10832.5,10542.5,10728.5,297442
2024-11-18,10632.099609375,10766.849609375,10580.400390625,10630.900390625,424186
2024-11-19,10684.0498046875,10870.0,10657.900390625,10769.5498046875,220357
2024-11-21,10555.0,11005.849609375,10555.0,10954.849609375,256924
2024-11-22,10999.0,11409.900390625,10931.650390625,11375.2998046875,328426
2024-11-25,11450.0,11690.0,11437.25,11457.4501953125,465057
2024-11-26,11457.4501953125,11497.2998046875,11106.0,11121.0498046875,243711
2024-11-27,11020.599609375,11188.9501953125,10960.0,11139.900390625,330284
2024-11-28,11174.0,11190.0,10957.599609375,10997.7998046875,326140
2024-11-29,10915.0,11233.0,10915.0,11202.150390625,367574
2024-12-02,11206.7001953125,11780.0,11206.7001953125,11648.5498046875,633694
2024-12-03,11674.75,11935.0,11624.9501953125,11852.349609375,501811
2024-12-04,11866.2001953125,11920.349609375,11748.0498046875,11766.7998046875,306770
2024-12-05,11745.0,12001.9501953125,11722.849609375,11932.7998046875,436371
2024-12-06,11939.0,11956.349609375,11818.0,11848.5,193324
2024-12-09,11858.400390625,11890.0,11718.0,11814.7998046875,268177
2024-12-10,11745.0,11807.099609375,11695.0,11745.7998046875,232758
2024-12-11,11851.0,12065.0,11815.2998046875,11898.5,527029
2024-12-12,11944.0,11944.0,11790.900390625,11856.9501953125,247809
2024-12-13,11800.0,12118.5,11730.0,12083.900390625,408880
2024-12-16,12050.0,12145.349609375,11871.0,11942.5,214946
2024-12-17,11930.650390625,11974.150390625,11683.2001953125,11774.9501953125,244639
2024-12-18,11775.0,11855.0,11700.0,11763.9501953125,222900
2024-12-19,11638.0,11760.0,11572.0498046875,11670.7998046875,162249
2024-12-20,11664.849609375,11748.0,11397.650390625,11422.7998046875,299802
2024-12-23,11520.0,11582.4501953125,11375.0,11472.599609375,149350
2024-12-24,11471.0,11587.0498046875,11360.0,11390.349609375,108000
2024-12-26,11390.349609375,11799.0,11334.5,11460.650390625,144283
2024-12-27,11491.599609375,11555.0,11385.0,11406.5498046875,118410
2024-12-30,11419.4501953125,11507.650390625,11239.7001953125,11288.349609375,164726
2024-12-31,11270.0,11465.0,11194.0498046875,11426.349609375,241737
2025-01-01,11411.0,11520.900390625,11305.0,11447.0,107951
2025-01-02,11500.0,11829.150390625,11455.0498046875,11797.7001953125,267609
2025-01-03,11799.0,11861.650390625,11713.0,11786.0,237651
2025-01-06,11801.9501953125,11854.75,11450.2001953125,11503.599609375,139820
2025-01-07,11514.9501953125,11635.150390625,11485.150390625,11618.5498046875,197212
2025-01-08,11618.5498046875,11629.9501953125,11370.0,11403.5498046875,159583
2025-01-09,11403.5498046875,11432.4501953125,11183.0,11259.7998046875,196555
2025-01-10,11203.25,11287.25,10837.5498046875,10865.2001953125,228618
2025-01-13,10700.0,10830.0,10593.400390625,10615.150390625,225902
2025-01-14,10570.0,10733.0,10462.0,10483.75,344404
2025-01-15,10540.0,10643.400390625,10466.75,10521.650390625,371459
2025-01-16,10590.0,10807.599609375,10550.0,10636.2001953125,375910
2025-01-17,10636.2001953125,10723.9501953125,10500.099609375,10580.0,297759
2025-01-20,10587.400390625,10652.7998046875,10484.25,10624.4501953125,332061
2025-01-21,10677.5,10968.0498046875,10642.0498046875,10667.7998046875,593842
2025-01-22,10700.0,10797.7998046875,10606.75,10693.75,249552
2025-01-23,10690.0,11571.4501953125,10689.9501953125,11420.900390625,1510866
2025-01-24,11251.0,11609.7001953125,11222.400390625,11285.849609375,545939
2025-01-27,11260.0,11360.0,11150.0,11239.5,414994
2025-01-28,11215.0,11411.599609375,11066.0,11296.349609375,436707
2025-01-29,11296.349609375,11574.9501953125,11260.849609375,11544.849609375,377755
2025-01-30,11544.849609375,11612.5,11450.0,11479.400390625,274820
2025-01-31,11488.650390625,11599.0,11392.150390625,11487.4501953125,361656
2025-02-01,11544.900390625,11787.0,10798.25,11259.150390625,513602
2025-02-03,11120.25,11282.7998046875,10951.400390625,11174.650390625,450593
2025-02-04,11200.099609375,11547.849609375,11112.150390625,11519.150390625,314752
2025-02-05,11519.099609375,11632.849609375,11433.0,11585.7001953125,236897
2025-02-06,11577.2001953125,11619.5498046875,11327.7001953125,11477.349609375,308664
2025-02-07,11501.099609375,11733.0,11475.0498046875,11640.599609375,310549
2025-02-10,11520.0,11613.7001953125,11490.0,11532.2998046875,262455
2025-02-11,11497.0,11515.599609375,11240.25,11300.2001953125,301338
2025-02-12,11300.0,11599.0,11074.599609375,11478.5,347198
2025-02-13,11500.0,11649.900390625,11422.2001953125,11546.4501953125,336128
2025-02-14,11589.0,11589.0,11182.0,11263.849609375,279199
2025-02-17,11219.0,11509.900390625,11043.400390625,11490.099609375,166053
2025-02-18,11450.0,11460.599609375,11251.0,11308.900390625,268795
2025-02-19,11290.0,11460.0,11231.0,11291.5498046875,157580
2025-02-20,11291.099609375,11330.0,11245.2001953125,11287.599609375,142187
2025-02-21,11265.0,11290.0,10990.0,11157.25,320240
2025-02-24,11008.650390625,11170.0,10975.0498046875,11042.650390625,175294
2025-02-25,11042.650390625,11054.25,10841.0,10964.150390625,296499
