Date,Open,High,Low,Close,Volume
2010-01-04,256.5099872618142,258.85156076508787,255.81281864253305,258.2236022949219,3718867
2010-01-05,259.49018308632145,260.66095762870526,257.5743214763997,259.21343994140625,1716787
2010-01-06,260.98017779577935,261.29950420458556,254.70049777566825,258.2394714355469,2585197
2010-01-07,258.6385988536815,259.0643349069191,253.55629554430902,256.4566650390625,2243850
2010-01-08,257.57420775399726,259.8945128546043,256.6695065537238,258.0105895996094,2077987
2010-01-11,259.1708492625824,260.4480821794186,253.99809127312378,255.1209716796875,3896992
2010-01-12,255.65838332397854,256.3821540625651,250.12374186082727,250.72509765625,6679785
2010-01-13,250.01742176510294,250.01742176510294,246.93078542471935,247.8993377685547,6125782
2010-01-14,250.017376225099,254.13641484804424,247.70238112058618,253.01353454589844,6756187
2010-01-15,253.85435540897578,254.14705509294683,250.44310685740683,252.3163604736328,2125545
2010-01-18,255.12630188057864,255.9777742346545,251.7203637418927,253.4552459716797,3377190
2010-01-19,253.45527552219696,258.0426588843195,251.3904450783465,255.1422882080078,4696057
2010-01-20,256.44601958321874,257.48909240415037,252.6781970396172,255.19007873535156,2438130
2010-01-21,254.8069453290375,256.4034800131513,242.1198102011127,243.96646118164062,5953620
2010-01-22,241.35872624173172,254.38111651099086,238.03262133085676,253.33273315429688,12547365
2010-01-25,252.35889585931653,255.2220171176081,250.56013910051462,253.07733154296875,3363690
2010-01-27,251.18816703003296,253.52976470627385,247.03719061671924,249.39474487304688,6628372
2010-01-28,251.72032610752188,251.83740597482196,247.75025645827196,249.50645446777344,6896917
2010-01-29,249.05943743143038,257.361413806907,245.45658816752547,255.99903869628906,8916270
2010-02-01,255.55194909361708,259.17075406102583,254.4982304972018,256.0309143066406,6483157
2010-02-02,258.74509577304065,258.74509577304065,251.80549410113971,253.23171997070312,5296605
2010-02-03,253.31680443061677,256.93560931016185,253.10393642137083,254.51951599121094,2902522
2010-02-04,251.29459665765432,256.15872249001393,251.29459665765432,253.237060546875,2223495
2010-02-05,248.52726772832565,251.08170888488456,243.20546862654973,244.34432983398438,4674592
2010-02-08,246.71784055931897,249.4532363562472,241.61955586425427,247.7821807861328,2982292
2010-02-09,249.0654232691495,251.2577156314071,247.3222808616451,249.4022979736328,3011520
2010-02-10,250.45566420279522,251.3005067195439,245.0070223092291,246.31704711914062,4357357
2010-02-11,247.03364469719358,250.43435976562918,246.4989479974903,248.14048767089844,3289035
2010-02-15,248.3168761232956,253.16130772557256,248.10299749951164,251.70689392089844,4137097
2010-02-16,251.8459741121448,255.80277841876782,251.41821677669247,254.39117431640625,4480687
2010-02-17,254.62647232500498,257.727762284446,254.3912008705789,255.984619140625,3590107
2010-02-18,256.4444215867124,256.4444215867124,252.59453239700662,253.83506774902344,1658602
2010-02-19,252.38067155240455,255.44989653113075,250.3487997259548,251.4342498779297,2471220
2010-02-22,256.1235945277883,256.1235945277883,249.73920191230346,251.66949462890625,3285802
2010-02-23,251.3112715950059,255.04350076598587,249.3863146765737,254.43392944335938,2352817
2010-02-24,254.7334458524216,254.7334458524216,250.47719081408275,251.8406982421875,5448772
2010-02-25,251.31128299792448,255.35363396562295,248.88371845493688,254.241455078125,4260990
2010-02-26,254.73330939073819,257.9415374070527,249.78193893050087,251.236328125,4790955
2010-03-02,254.73341143393728,261.9946884141596,252.48763623678371,259.66339111328125,7011337
2010-03-03,261.14980230019654,263.93027350078796,259.86650601708965,262.63092041015625,4135342
2010-03-04,263.08006079754114,263.81262813717586,259.4387392415887,261.6470642089844,2138212
2010-03-05,262.46521473652274,264.6254187397468,258.90407847875747,259.76495361328125,2961307
2010-03-08,260.9359280547605,262.8073783754634,258.90403204031446,259.97344970703125,2963827
2010-03-09,260.82907497913914,261.80758598136765,258.401510024815,259.1714782714844,2838570
2010-03-10,257.8346681332604,262.75395079590487,257.77048984847426,260.1285400390625,3263505
2010-03-11,259.86647500351006,260.9358925246104,257.89875753449417,259.05908203125,4371360
2010-03-12,257.0860026748653,264.35799771874457,252.9153208722496,254.4606170654297,6259530
2010-03-15,254.51948705801263,259.65264812363364,252.3806515897052,253.1934051513672,4494735
2010-03-16,253.34316926726814,255.11304108313948,251.6642044592541,254.47140502929688,2417257
2010-03-17,255.02212920565313,256.898940327994,253.59982863707344,254.3804931640625,4938562
2010-03-18,255.58886624440476,255.58886624440476,253.99544834957524,254.88841247558594,2184480
2010-03-19,255.37506998450323,256.8401562727646,253.1400154496193,253.87255859375,3179235
2010-03-22,251.31127805327407,253.45008921257545,248.63774574651387,249.56277465820312,4863390
2010-03-23,251.20435613231942,253.05441408394157,250.39160245054,252.05453491210938,3124207
2010-03-25,251.53584008288382,256.6583049050735,248.53079354820244,254.72801208496094,8096797
2010-03-26,255.48193415128952,257.0165342397716,251.3112516057248,252.55709838867188,4838220
2010-03-29,253.23618544044322,257.3427142080976,252.92070342147522,256.1022033691406,4972110
2010-03-30,256.65826441871457,258.797075129924,254.77075741851766,257.5886535644531,4351080
2010-03-31,258.4656171267194,260.37451730051185,253.5944557623221,255.65841674804688,7969275
2010-04-01,256.12360384802065,259.2248932772979,254.51948947000977,258.34796142578125,5061517
2010-04-05,259.33186053685046,264.17093290457825,257.342749682205,263.529296875,5357812
2010-04-06,263.6093446744583,270.82252041509025,263.1815875459003,269.61407470703125,5573025
2010-04-07,270.0259039744201,274.06294298669235,268.97787902253987,271.10601806640625,5658472
2010-04-08,273.23410554626173,273.23410554626173,265.5664417695113,266.5449523925781,2357662
2010-04-09,264.68964757494024,275.4799977469728,263.3956544114618,274.16461181640625,6046665
2010-04-12,274.8382982220412,275.80077678998964,269.5981969621698,270.2344970703125,2893680
2010-04-13,270.3467099160196,274.8382098506588,269.6622640703939,274.0735778808594,5524575
2010-04-15,274.9451220242493,276.4422966803129,268.9564478768313,270.46429443359375,3368647
2010-04-16,270.46430959150337,271.09527351726365,266.1332065667726,266.6625671386719,3050835
2010-04-19,264.1441696015553,267.24545895878435,260.42261258214353,264.12811279296875,3042022
2010-04-20,264.999663968547,269.15967434758124,263.3955497502424,267.0796813964844,2406652
2010-04-21,266.8176683288352,269.4698075407748,262.21920410775147,262.9250183105469,3088642
2010-04-22,263.2030232119416,265.6412833005703,258.59386352204143,264.1494445800781,6064170
2010-04-23,266.17599933332934,266.7748741410064,261.62032119729025,265.2937316894531,2291940
2010-04-26,266.81762361902327,269.27727653689544,265.32044890310925,268.4110412597656,2152005
2010-04-27,268.95659114870165,270.45376660230335,264.25118607693196,264.8714294433594,2696970
2010-04-28,264.1441545000187,265.7482687490536,259.43875107106044,264.18157958984375,2440800
2010-04-29,264.684210259801,268.3148603976023,263.2886385733122,267.38983154296875,3568162
2010-04-30,267.88706640562793,271.27708423466527,265.32583437064835,266.5235595703125,3267045
2010-05-03,264.14412481089016,266.7106926347657,262.7538893544068,263.98370361328125,1976467
2010-05-04,265.21348394802556,266.7160189460098,260.9358632964483,262.7164306640625,2012737
2010-05-05,260.9359094271493,262.43308426293646,258.28910639826364,261.6203308105469,2582880
2010-05-06,261.5775628423324,261.5775628423324,256.8240379271225,258.3533020019531,3328560
2010-05-07,256.76522891579236,257.69561815279013,251.31125005266546,254.7493896484375,4678657
2010-05-10,256.8721709504467,262.54005299468133,256.0166563637499,260.8236389160156,2523930
2010-05-11,261.4705395061681,264.8926455531005,255.2893558694902,256.58868408203125,3665835
2010-05-12,255.7064766509494,256.55131922330565,251.49300912145654,253.8082733154297,2952975
2010-05-13,256.12360466560074,257.0272407556344,253.13995093390253,254.58900451660156,3832485
2010-05-14,255.4498299655514,257.1074014519818,251.41815202969946,252.30575561523438,2779875
2010-05-17,249.17243090369826,251.31126644101576,243.50457302654686,247.96934509277344,5159505
2010-05-18,246.87852234011842,251.63204702229214,243.95368683963355,249.19378662109375,4981650
2010-05-19,247.5683386561115,249.10829940179264,244.0927734312486,245.01246643066406,4239630
2010-05-20,245.00176056095975,247.0336323954957,243.35486054030108,245.82521057128906,3278610
2010-05-21,242.8629351685371,246.25297830645,240.90591344255378,244.80392456054688,3116422
2010-05-24,245.96419742404277,250.24184394095548,245.1193791871663,246.1674041748047,4028205
2010-05-25,244.65945204905836,244.65945204905836,240.6170782804333,242.001953125,4411650
2010-05-26,242.75598999588445,246.81975821571777,238.53718543872588,241.1999969482422,6569595
2010-05-27,245.42950337619033,249.92102859478337,241.21067466857184,245.57386779785156,11713335
2010-05-28,247.5789672303263,249.7071059947342,246.4988777570153,247.99069213867188,4654762
2010-05-31,249.11897841659646,252.9153858699175,246.49892808443835,251.6748504638672,2827230
2010-06-01,252.31107542776653,252.49822532107146,246.9426442678273,247.4987335205078,3086595
2010-06-02,248.21001145358971,249.05482982390777,244.37081801930358,248.2581329345703,3482032
2010-06-03,250.99036412548952,250.99036412548952,249.34348905807028,250.59469604492188,2339227
2010-06-04,249.1724493285603,250.59477433174385,247.46139545828984,249.36495971679688,3460110
2010-06-07,246.92664715906315,246.92664715906315,240.30164768922242,242.81475830078125,5768017
2010-06-08,245.85728271647054,246.76094337446048,242.1357497003335,243.47250366210938,3869797
2010-06-09,247.53620541596908,248.59490212869693,241.69187059299668,245.22091674804688,3077175
2010-06-10,245.5363715599073,250.24177407167662,245.5363715599073,248.6216278076172,3585015
2010-06-11,249.70710980458082,256.50853810713915,249.17238877224332,255.8829345703125,6606547
2010-06-14,257.2303920657693,257.3694205172985,253.23616339774958,254.5461883544922,3168375
2010-06-15,255.05424014768576,257.9202587700429,252.9367969711575,256.8775939941406,2167695
2010-06-16,258.69017115591254,258.69017115591254,254.5194884754867,255.8402099609375,2595570
2010-06-17,256.1289291224109,256.1396255023238,252.50897554243437,254.81356811523438,5145525
2010-06-18,255.0755929187231,259.5457255581021,252.99023921704057,258.4923400878906,8258122
2010-06-21,259.8664884191168,263.8981664915839,259.6526097992229,263.2137451171875,5688967
2010-06-22,261.1016832684353,262.51864759204403,259.5456904881312,260.2835693359375,1865422
2010-06-23,260.2835848116848,263.06405620354843,257.7384093060319,260.35845947265625,3637702
2010-06-24,260.72203087183976,263.59872037714564,257.22504930221277,262.4865417480469,4783320
2010-06-25,261.83422675840467,264.64676265299164,260.6150842607319,262.2085266113281,2786017
2010-06-28,262.43312194352495,265.9621686785728,262.21921881326614,265.0157470703125,2866365
2010-06-29,264.14415202922294,265.1761201112075,259.85047358218503,260.8771057128906,1749015
2010-06-30,256.89356674085224,264.1441704374792,256.89356674085224,263.04266357421875,2761320
2010-07-01,262.1978642611807,262.1978642611807,257.4122495906295,259.6205749511719,2170605
2010-07-02,259.65262926125865,262.2673433152824,254.8028614326612,255.7920684814453,4302337
2010-07-05,255.05421461309018,256.3321507251113,251.47168557459443,252.33792114257812,3080587
2010-07-06,251.84602882853065,254.9473191380393,251.84602882853065,253.51429748535156,2764710
2010-07-07,251.31123093511846,256.38557359455405,251.31123093511846,253.58370971679688,2647260
2010-07-08,254.9686211985102,257.6207603693307,253.9312926699104,255.2199249267578,4076557
2010-07-09,257.0860970646853,257.8293365136864,254.84034638311581,255.9685821533203,3400125
2010-07-12,257.06461374877574,261.99995203401164,255.9684919875093,261.390380859375,5668290
2010-07-13,260.93590156794727,265.0958871602941,259.4921841929008,264.09600830078125,5625165
2010-07-14,266.1760481345525,269.49121622618026,262.18715493958047,263.9089050292969,3915480
2010-07-15,263.716396210686,263.716396210686,259.4494705310686,260.7862243652344,2823172
2010-07-16,262.75395276324275,262.75395276324275,259.3478775205745,260.7060241699219,1597897
2010-07-19,260.70594052318756,262.72177932709917,257.73834441812005,258.3158264160156,2203282
2010-07-20,259.8664178911295,260.6738106859441,256.8346439948063,258.13397216796875,1668645
2010-07-21,259.3318690695332,260.82904433132217,256.6583365713,257.3320617675781,2915497
2010-07-22,258.69014064086247,259.5456796273994,255.58885158953092,258.50299072265625,3978675
2010-07-23,259.3318125122729,263.66291610198084,258.7970914431349,263.09613037109375,7442452
2010-07-26,263.930361575724,265.0959980743773,255.58894519037568,264.2886047363281,3867375
2010-07-27,264.35804993021026,264.64677876449497,260.101796262447,261.95721435546875,3075217
2010-07-28,262.23523912919126,264.112049752421,259.9199748797904,263.2190856933594,2639737
2010-07-29,263.074741323729,264.037219680284,259.86651277100054,263.2779235839844,2198032
2010-07-30,258.7971346377505,263.2619314783618,258.7971346377505,260.7113952636719,2374702
2010-08-02,260.9359304494394,264.8927342419742,260.9359304494394,262.4117126464844,2434575
2010-08-03,262.66839869137567,264.5719383269045,261.36370950683437,263.8928527832031,7592550
2010-08-04,263.93029810522825,270.5552738677795,263.6629375489116,269.34149169921875,5750902
2010-08-05,268.4218101999945,272.1647602400272,268.01544563490324,270.0152282714844,3513442
2010-08-06,270.02585377153304,272.1432960416917,267.0582574997858,268.16510009765625,1996290
2010-08-09,267.3523539342908,271.9454571176181,267.3523539342908,270.5873107910156,2306685
2010-08-10,270.5606968167078,271.84396903913915,266.28304931139047,267.3257141113281,1818870
2010-08-11,267.58765286333755,269.70507093199905,265.4327852282242,267.21868896484375,3470917
2010-08-12,263.21913371459937,267.7694769173177,263.21913371459937,266.5984802246094,2598705
2010-08-13,266.28294479875126,270.7744692449414,265.89261264610144,267.0047912597656,2522340
2010-08-16,266.9246531558703,268.43252475948424,262.3582772955592,264.0212097167969,2816310
2010-08-17,264.14412587445224,266.4968150955476,263.5024655582711,264.6948547363281,1178610
2010-08-18,265.2135774461917,266.1332703715705,263.52927687715015,264.37945556640625,2799945
2010-08-19,265.74828421650165,266.77491641656377,264.28853429047575,265.1012878417969,1925985
2010-08-20,264.99963352786415,266.22944776013725,263.18164088619835,264.09063720703125,2174872
2010-08-23,266.38994809287976,269.49123777846927,262.00536190345235,268.40045166015625,2582745
2010-08-24,269.8548613255481,270.0099221498018,265.2136105957387,265.60394287109375,3230760
2010-08-25,266.2776158568921,267.74803752589025,263.10145218188234,263.83935546875,1874947
2010-08-26,264.6788361529962,267.13848928522594,262.2726649152417,265.9888610839844,4176037
2010-08-27,265.7482418061616,268.55544145736457,263.1014388774957,264.36334228515625,2259622
2010-08-30,266.8176779199357,268.4217922650993,260.21943103059084,261.2460632324219,2093692
2010-08-31,260.72205870486283,260.93593735045727,255.90435532005904,257.3641052246094,4613100
2010-09-01,259.229096623858,261.19617188219075,258.29929104517316,260.1911315917969,1426717
2010-09-02,260.83602301427345,262.7063606071197,257.0093617997078,257.72955322265625,2883915
2010-09-03,258.5142228864329,260.66404578368326,255.39700182774448,256.498779296875,3221842
2010-09-06,257.97679309427565,263.2975693723619,257.11685896942214,262.7601013183594,3362940
2010-09-07,263.35129646929477,263.74902183768216,260.2878319498795,261.6368408203125,2077462
2010-09-08,261.63686403962237,263.2438311429525,260.2502376956263,262.2495422363281,1768087
2010-09-09,262.82464633934507,266.8232803071922,262.59891759767436,266.27508544921875,4023915
2010-09-13,267.65095012070515,270.83265504159203,266.8179065354369,268.0486755371094,2718195
2010-09-14,268.29577999359554,270.5530910638467,267.7583366923821,268.9891052246094,3991792
2010-09-15,269.0483017247704,271.4560828424945,265.60861441373595,265.8934631347656,4457737
2010-09-16,266.0385426368141,266.6996140110161,263.60389573991574,264.162841796875,4662300
2010-09-17,264.96362219711364,266.2535109167275,261.73891269936956,262.663330078125,4676002
2010-09-20,262.6633586431486,264.64118494797054,261.2122490523859,262.5505065917969,5224380
2010-09-21,263.3566533380016,268.3280722403176,263.07716801996514,266.506103515625,10619925
2010-09-22,267.12425995439685,267.882044232686,263.4803216073963,265.4366455078125,5008582
2010-09-23,266.46857314839224,266.72655589500704,262.06685017060363,263.1471252441406,4176337
2010-09-24,263.2223047169779,264.7379222820131,261.8733204512087,264.125244140625,3399457
2010-09-27,265.71612418060454,267.05974522357377,264.2811291322961,265.2431640625,4397407
2010-09-28,265.76445892686036,268.6183339650404,264.8131754483281,266.72113037109375,4919092
2010-09-29,267.54342282271415,270.3381778569852,265.50111319116985,266.2965393066406,6353235
2010-09-30,266.58143416131236,268.61838078234183,264.96369102695724,266.4148254394531,7299240
2010-10-01,268.349661212271,279.86724011170537,267.6832262888436,278.4752502441406,11198227
2010-10-04,281.0872174754791,285.2094790343742,280.56052533173545,281.5279235839844,8521230
2010-10-05,281.5172053958669,286.44025664943223,281.0334939537778,284.6021728515625,6462757
2010-10-06,287.5366508008036,288.2944596646972,285.08050080050873,286.7466125488281,5978317
2010-10-07,287.53669903722306,289.579033878197,278.5075237397122,280.0768737792969,6300645
2010-10-08,281.603144760768,282.45230287361187,276.6800943231497,277.4593811035156,3651960
2010-10-11,279.0825635521253,280.8185468053462,275.86324102787364,276.78765869140625,5246782
2010-10-12,275.23434508369803,278.29780933682946,270.38114143097533,273.4070129394531,4004362
2010-10-13,273.7779279555261,279.25992599622805,273.7779279555261,278.22265625,5239627
2010-10-14,278.9374399495,280.54979509371674,274.2401172112337,275.47088623046875,3731325
2010-10-15,275.8202286549222,276.1426947752796,269.3761958041846,271.3970031738281,2625555
2010-10-18,271.9290926613521,272.48803887630845,267.3285069660322,270.8971862792969,4946730
2010-10-19,272.34827113126306,273.9660142090925,267.2424963469586,269.0429382324219,5249662
2010-10-20,268.7258358588597,270.542416877242,267.4628129876611,268.61834716796875,2739382
2010-10-21,269.80075995014073,274.7453142203053,268.18840476198733,273.17596435546875,2749095
2010-10-22,274.10566998512445,275.0677293104136,269.4406023939994,271.5312805175781,2190915
2010-10-25,273.6703843705661,274.62166787820735,270.8702658907989,271.5796813964844,1756695
2010-10-26,271.41309327783506,272.8803422854989,267.22098488783433,267.5864562988281,2824650
2010-10-27,267.5434265637017,269.46749620758317,265.3237568792705,267.0543518066406,3032295
2010-10-28,268.58073107924264,268.8333504393611,261.73897314442553,263.0879821777344,10199820
2010-10-29,266.57601930595155,268.1883743110331,261.41648821020766,262.87298583984375,7579890
2010-11-01,264.64127429727245,266.31813776205576,263.35138500188344,264.9906311035156,3415342
2010-11-02,265.71610343983855,266.11380421555583,263.3513030339032,264.3832092285156,2211750
2010-11-03,265.50111690360035,270.3274303080689,265.0227688729379,267.0543518066406,4329915
2010-11-04,269.5750066771296,272.54175865133016,269.26329191921104,271.4292297363281,6050002
2010-11-08,272.1655117900065,273.6649900363863,270.3704089028099,271.5581970214844,2491680
2010-11-09,273.02541917504345,273.02541917504345,270.4617808107991,271.33782958984375,2963970
2010-11-10,271.95056209982073,271.95056209982073,265.74298526761453,266.7372741699219,4619512
2010-11-11,267.4682202564771,267.65094366340327,259.0517247586138,259.7450256347656,5413890
2010-11-12,260.0191131176561,260.6533185577912,255.50451413906114,256.7944030761719,4522237
2010-11-15,257.43935840061874,259.0087080936981,253.7846689988935,257.89617919921875,3204015
2010-11-16,258.93344923007646,259.05168924263745,249.5925374429253,250.8018035888672,4659900
2010-11-18,255.61192618323844,255.61192618323844,248.00697489316468,248.96900939941406,5413935
2010-11-19,250.1300587905763,250.66750237757472,239.7357349806712,242.20263671875,6366945
2010-11-22,243.46559004219827,244.86296757002552,239.91841418064317,244.0245361328125,3681547
2010-11-23,244.32550295092545,244.32550295092545,238.65000730302927,242.55726623535156,4658925
2010-11-24,243.8149568948605,245.98089483214923,234.86640560049102,236.2368927001953,5369467
2010-11-25,238.19859008451763,238.68766487850232,230.0293262247753,230.6527557373047,12185250
2010-11-26,231.64164866211948,233.09275814648208,220.89260842129323,225.3910675048828,8314035
2010-11-29,226.26718916900586,235.7801003520483,225.332020127803,231.5234832763672,7496797
2010-11-30,231.96413781536984,238.1985803000849,230.1583081255516,236.90869140625,6170280
2010-12-01,238.5210241812329,239.05846758591764,234.5707598009904,237.69334411621094,4879177
2010-12-02,241.1920989186669,241.6381928396926,236.71514343096717,237.8545379638672,4131532
2010-12-03,238.63921719148968,240.45579768387975,236.3711794075607,237.82765197753906,3589222
2010-12-06,239.90768489452245,243.94932384713783,237.91374374296947,240.63323974609375,4676250
2010-12-07,239.91841223770496,243.46558807053384,238.70375810608664,240.76220703125,2931922
2010-12-08,240.67087268313634,241.74578431965674,239.1767575636407,240.75149536132812,1916077
2010-12-09,241.49859051955974,242.55199965888744,237.2204705712086,239.3595428466797,4240822
2010-12-10,237.7685965191602,246.95903934048195,231.70615081405575,245.9163818359375,6093382
2010-12-13,246.05078839521144,251.86064059596396,244.5459218303308,251.55967712402344,4654837
2010-12-14,251.52735862990016,254.19848564149828,249.48504903077347,250.8662872314453,4040557
2010-12-15,249.48509428440553,250.19453448922815,247.76525042540547,249.16262817382812,2053627
2010-12-16,249.377630551219,250.34502897981744,240.79452509141032,248.18447875976562,5362710
2010-12-20,247.22773879337512,251.31238261622437,246.7333006852119,248.73260498046875,1905022
2010-12-21,248.7326002155318,251.2908751448407,248.7326002155318,249.6838836669922,2286577
2010-12-22,249.83974298105247,251.1833636924034,248.5606056323524,249.79673767089844,2187307
2010-12-23,251.2908749108076,251.2908749108076,246.797779097223,247.60934448242188,2037202
2010-12-24,247.98021982583666,248.2919345957383,244.23954417667096,245.71754455566406,2525392
2010-12-27,246.03996816945306,248.60899440206694,245.6153768063896,246.30331420898438,1795372
2010-12-28,247.22776230940272,247.5448650303208,242.39608520036535,246.89993286132812,1224660
2010-12-29,246.69031505751516,248.0715533758609,244.90060002299452,247.71685791015625,2065785
2010-12-30,248.60361498474742,252.17229345873875,248.02855420936828,251.26937866210938,2753085
2010-12-31,251.95736706525054,253.9997017022392,248.84553332565702,249.7753143310547,3431925
2011-01-03,249.91504477736706,252.54319150817616,247.61475211806587,251.93585205078125,3119572
2011-01-04,251.8497961559605,252.96768818427213,249.69999811630424,250.59754943847656,5036152
2011-01-05,250.02252636455503,251.49513875730378,246.17436206712446,247.8028564453125,3320977
2011-01-06,249.3560971638509,252.04336389514108,245.31982140173406,248.1306915283203,3170152
2011-01-07,247.97476695150326,248.30262093227793,244.9704228976012,246.16357421875,3387390
2011-01-10,246.1528177663259,246.1528177663259,233.3507179263119,234.55459594726562,6743257
2011-01-11,236.1562304520757,242.71316318140939,235.40380966494553,239.39707946777344,12858105
2011-01-12,241.85322641511362,242.7024091506019,238.30605068154176,240.5687255859375,5707695
2011-01-13,241.60601688213163,242.34771100191875,237.9997208172948,239.61207580566406,3219885
2011-01-14,241.53073384896499,241.53073384896499,234.11389254551077,235.92510986328125,4241197
2011-01-17,236.04876389262964,237.10217277541219,233.7914767170849,234.973876953125,3967177
2011-01-18,235.9412710743944,236.62920854468612,234.86638415367892,235.6725616455078,2186640
2011-01-19,235.67251085706346,237.10211753430397,231.36752693074996,234.5062255859375,4645792
2011-01-20,234.3288940833776,235.68329084041417,231.10418441891562,233.85057067871094,4959547
2011-01-21,234.22139738898946,243.31507734758594,234.1676653511304,237.25799560546875,10330935
2011-01-24,238.73609568945332,245.50798366932509,238.1126414120922,243.84725952148438,3443370
2011-01-25,244.86300262732485,248.0877128908935,244.56201457980515,246.16900634765625,2543662
2011-01-27,248.30265409301157,248.62512015183648,239.2734568304142,240.14950561523438,5213865
2011-01-28,238.7683004958874,240.24091292387115,229.12103579876924,231.33534240722656,4480972
2011-01-31,228.41695588667923,239.9184177368677,227.50865309935307,238.47267150878906,4293345
2011-02-01,240.0258796627054,240.5633230435342,232.86702065819335,236.2529754638672,2659432
2011-02-02,237.60735608522234,238.59625686200673,228.1535679900071,229.87879943847656,5268712
2011-02-03,231.5341597248761,236.09173880766073,229.11562751856854,235.52740478515625,3408825
2011-02-04,236.47875921905353,238.59630385449358,233.31853235758138,235.1566162109375,4971532
2011-02-07,235.4038204324345,238.73601899016427,232.28659925228936,235.79615783691406,5127225
2011-02-08,238.37595008181884,238.37595008181884,234.38267985328687,234.95237731933594,3170580
2011-02-09,234.32888171230482,234.71585570854012,218.35582822907048,224.18179321289062,7641352
2011-02-10,224.63328113371762,227.5247487452422,216.82946525279206,219.5758514404297,5603745
2011-02-11,218.43106964057364,221.41393585550952,214.77640532873207,218.84490966796875,4544790
2011-02-14,220.35518030084697,230.02930980767562,220.35518030084697,228.71255493164062,4397092
2011-02-15,230.56674908078614,231.35142386746003,221.53755186316266,222.5694580078125,5102002
2011-02-16,224.08509772437293,224.52580383979412,219.64575797788518,220.1455841064453,4450875
2011-02-17,220.89266996569603,224.64946066267873,218.31289171630203,223.80027770996094,6752797
2011-02-18,225.0847266476802,229.51331412111296,223.37560999429894,225.31045532226562,5543092
2011-02-21,225.72966726669165,228.95437679907295,223.9560671828494,227.12704467773438,4142535
2011-02-22,226.2456766566558,226.2456766566558,221.86006887042606,223.32192993164062,2344530
2011-02-23,223.4724134858102,224.08509165782024,218.5439744714988,219.15667724609375,3604087
2011-02-24,218.85030376971986,221.6289194289863,213.9057505613579,214.78179931640625,7546927
2011-02-25,217.6679175169491,217.6679175169491,210.7885429808062,212.12680053710938,7184782
2011-02-28,214.08850387176298,219.71024394736807,210.82617638331513,215.09890747070312,4436085
2011-03-01,216.9154896335312,221.96753168180885,216.05555554319855,221.22047424316406,5023027
2011-03-03,220.854994239263,229.49182914186474,219.7102114854617,228.5727996826172,5684520
2011-03-04,230.99673992376694,231.09886526234206,222.3007833357791,224.16036987304688,5310195
2011-03-07,223.2574160898836,223.2574160898836,216.41029514532565,217.49057006835938,5018677
2011-03-08,217.1304683503667,220.14020078129835,216.91549097709776,218.54396057128906,3911872
2011-03-09,220.56473680453848,220.97857680127572,218.88789876532434,219.52207946777344,2969497
2011-03-10,219.27489251181254,221.32256542266583,216.65210964103966,220.5701446533203,9131295
2011-03-11,219.0652827632393,219.0652827632393,211.21848586059303,211.68069458007812,13408462
2011-03-14,212.50835695614836,214.40017238826474,209.0686701681362,212.3739776611328,4310527
2011-03-15,209.60615145750862,209.60615145750862,205.14529685255334,206.09121704101562,7277782
2011-03-16,207.7035817020055,208.74621463883176,206.1180927338649,206.7522735595703,5403615
2011-03-17,204.36059747343748,211.62693317994714,204.33909481672012,211.11099243164062,5143065
2011-03-18,213.18338909361157,213.84355081162352,207.05811777868365,207.94554138183594,5040907
2011-03-21,208.80048070239232,209.40112089970384,207.13388930828086,207.7994384765625,2483325
2011-03-22,208.86542758252676,211.7873592288483,207.99965262716856,210.7105712890625,3673552
2011-03-23,210.813423905548,216.33265652885598,210.27232995317274,215.82403564453125,3911625
2011-03-24,216.6248182392553,222.06830397510822,216.6248182392553,221.66787719726562,22492950
2011-03-25,225.6071223600917,227.4793394226405,222.94490078615925,226.28350830078125,9933052
2011-03-28,226.28348343812834,230.2714031834667,224.86579035350448,226.8300018310547,5338755
2011-03-29,225.74781806084377,228.10160748789284,222.39298634155398,223.86477661132812,4624252
2011-03-30,225.07140318653808,226.45122341630466,222.7392627691106,223.0639190673828,6977752
2011-03-31,224.22192862364065,226.93827229179533,222.4308816259301,223.22088623046875,7264200
2011-04-01,224.8171185603709,231.0181610775193,223.15051469405753,230.26060485839844,6077092
2011-04-04,229.45440947726925,237.9767695603206,227.27375990442354,235.24420166015625,12253882
2011-04-05,237.2733293247474,239.9247268732826,236.25603800621508,239.23211669921875,8862022
2011-04-06,239.60003023210345,243.1171775222912,237.0135544853205,237.8955535888672,4527937
2011-04-07,238.626052771434,239.48100343234287,235.61210151784917,237.56008911132812,3975667
2011-04-08,238.08499682313027,239.4377441834207,234.94660214071254,238.24191284179688,6226507
2011-04-11,238.22025570113234,242.0891333258502,236.56990051220254,237.76573181152344,3749902
2011-04-13,236.7105774627059,242.30555564890415,235.37945417721676,241.4830780029297,4682977
2011-04-15,241.86187115836202,242.81421636226355,237.78738030537139,241.10433959960938,2549827
2011-04-18,240.7903966189206,243.49591504262264,234.98438236863672,236.09364318847656,4194375
2011-04-19,236.0936842872343,236.2722489801372,228.37755440657918,230.7692413330078,6806587
2011-04-20,233.4260396332599,233.69659895523972,231.185893655,232.82542419433594,3745012
2011-04-21,233.75613407554027,234.94114087527078,221.6570811416559,222.89620971679688,9484740
2011-04-25,222.82584717057406,226.61357853661625,222.4308449334648,224.47622680664062,3182602
2011-04-26,225.63960288227466,225.74782166399896,221.0943397407798,224.01629638671875,3429712
2011-04-27,226.6135986225726,226.6135986225726,216.81963778989703,218.12368774414062,11055817
2011-04-28,218.71352170400945,219.5197504628407,213.73538298197113,215.40196228027344,14698470
2011-04-29,217.30664252696423,218.88665167237895,214.62817182809573,216.5058135986328,6464085
2011-05-02,218.37799376911485,218.46456382973219,215.48851054987168,217.6204376220703,3131145
2011-05-03,218.60526178243097,220.21774376640295,216.9819554443676,217.9992218017578,6897660
2011-05-04,218.59444596107744,220.7480218852381,217.99923031126167,219.28163146972656,3219525
2011-05-05,220.00135528416382,221.07814344433552,215.35869713120417,216.47335815429688,4525950
2011-05-06,217.51222773219638,223.47518365878727,217.26331712428436,223.05853271484375,4732260
2011-05-09,224.71972200536212,224.76301942422373,220.877893481177,222.0845489501953,1595092
2011-05-10,222.6743476503263,223.87017867243028,219.36278891406602,220.32595825195312,2081325
2011-05-11,221.20259631941218,223.35619750612548,220.76972111854954,222.81507873535156,2337922
2011-05-12,222.8150332480378,223.33990299132594,217.52306316572154,218.63232421875,3248985
2011-05-13,218.57281270095658,222.06833636532016,216.71141990803707,219.80111694335938,2966902
2011-05-16,220.76968047944823,223.3886046862125,219.1680227153318,221.94386291503906,2615512
2011-05-17,214.60108739437962,224.53573877008012,214.60108739437962,222.45248413085938,4275682
2011-05-18,222.81503032716185,226.07246752231202,222.81503032716185,223.40484619140625,3727380
2011-05-19,223.908047704872,224.99026014729046,221.59213140766565,223.16131591796875,4510192
2011-05-20,224.7629911845356,228.28013816473774,223.17213324722513,224.8820343017578,3306622
2011-05-23,224.8820789502292,227.47935456838735,207.35035087162345,209.05484008789062,18246345
2011-05-24,209.3956798763329,214.17902852183934,207.371959260109,210.3155517578125,12409417
2011-05-25,210.3805266316316,212.65314576243782,205.97594305922115,207.42068481445312,6142267
2011-05-26,208.865445270002,209.37406611624738,204.5366196660094,208.11871337890625,6298890
2011-05-27,208.32432629844163,210.15327078041238,207.27459915694703,209.61215209960938,3496980
2011-05-30,211.02982845651624,211.40318198673393,208.09164788500277,209.0493927001953,3231360
2011-05-31,209.82856483630326,210.77551003081646,208.48664218765177,210.28851318359375,2682885
2011-06-01,211.1813332940377,212.86956093226573,210.49954762650205,211.33282470703125,3206752
2011-06-02,210.1640229091458,210.46705524669426,208.67600879717213,209.17922973632812,2939445
2011-06-03,209.671650050812,210.67269225087907,204.96948380716285,206.8957977294922,4496400
2011-06-06,207.56678099864106,207.56678099864106,204.96949324375169,207.16636657714844,2341372
2011-06-07,207.1014118339241,207.44230465610565,205.75406469041334,206.48995971679688,2668050
2011-06-08,206.24646748636758,209.83938505351142,206.10578804283594,206.9986114501953,4346790
2011-06-09,207.65877328020602,210.05584774780158,207.3503410871128,209.2117462158203,2762130
2011-06-10,209.39571081070545,210.0233995521835,207.52349371096125,208.26480102539062,2651535
2011-06-13,208.52997881359184,209.17929155218792,206.2248740061279,208.3243408203125,1946535
2011-06-14,209.56890217671597,210.92164948604872,208.8654676311363,210.55369567871094,8484862
2011-06-15,210.67266392379332,210.71596133386,208.13488580686848,208.8166961669922,3127312
2011-06-16,208.097047495564,210.8133907253147,207.24210927749368,209.73660278320312,2534010
2011-06-17,209.0818649697512,211.24626520196458,208.70851144095028,209.6446075439453,2430847
2011-06-20,210.48873428540062,210.48873428540062,204.67188232984395,207.72369384765625,3645742
2011-06-21,209.19010185100535,209.19010185100535,202.53994744162506,206.4954071044922,4955055
2011-06-22,207.7832061774215,208.75719986425352,204.54741793472527,207.97259521484375,3341422
2011-06-23,207.6533701832086,207.6533701832086,205.07773090012293,205.49436950683594,2576602
2011-06-24,206.17074118947363,213.50809319658617,205.46189457370258,210.79714965820312,7098690
2011-06-27,210.16404618916172,214.16821497983173,208.34055124909426,212.93991088867188,3358027
2011-06-28,213.88140930149902,217.51219942799665,213.19419913060798,216.83041381835938,4395945
2011-06-29,218.5403456765326,223.23712520978694,218.06417310986026,221.24586486816406,6628320
2011-06-30,220.5640298359427,223.12343204063458,218.33468370876628,221.911376953125,5547705
2011-07-01,222.9340394829402,224.01625185474268,220.98607702944494,221.8897247314453,2244030
2011-07-04,223.88645884689754,224.55742033728967,219.90393779151395,221.5326690673828,1907265
2011-07-05,220.58570007096586,220.98610209826472,210.16405146163845,211.2137908935547,11134200
2011-07-06,212.11204948710358,214.01671483972123,210.48874304911476,211.27874755859375,5375430
2011-07-07,211.50601059890252,215.25044473497385,211.50601059890252,214.95823669433594,3911685
2011-07-08,215.57508914510225,216.76552041205093,213.34034300828625,214.7201385498047,3188317
2011-07-11,213.73536786414954,214.2764617838073,209.4065421978117,212.3230743408203,3479520
2011-07-12,211.02981483031078,212.97237760591585,207.9184695602243,209.87185668945312,2407972
2011-07-13,210.1640643470195,211.83066822308115,208.1078827739913,209.3632354736328,5717775
2011-07-14,208.64897940629118,210.8133795298851,207.24209827172015,208.90328979492188,3714975
2011-07-15,209.94764466608004,210.48876337746287,208.3243380713173,208.78428649902344,1376407
2011-07-18,209.8285823367588,214.90413964754117,208.40008950736967,214.0221405029297,6023437
2011-07-19,214.28726587410802,215.57509157382705,211.89560372873814,214.0113067626953,4901805
2011-07-20,215.04481123186736,215.75367025371605,211.0298424510475,211.69540405273438,5156557
2011-07-21,211.02979532123345,211.57088910395677,207.8373048486373,209.75819396972656,4927237
2011-07-22,211.05146753714615,214.49286896406522,209.6770718371443,213.7786102294922,3799125
2011-07-25,213.77862761900573,216.97114347661727,211.9605323428847,216.31640625,3520200
2011-07-26,217.0901698906803,219.14635127267988,204.8287901515919,206.01380920410156,18270420
2011-07-27,206.9174516509551,206.94450015172254,194.79676332925618,197.161376953125,27079260
2011-07-28,196.9611500201819,200.4728970349889,195.0131752123232,199.96426391601562,10908262
2011-07-29,199.87229511954905,200.61361476538949,197.06939423431137,199.08229064941406,4638277
2011-08-01,200.32684981586766,200.53246302564463,196.73393174361365,197.38865661621094,3625260
2011-08-02,196.96118513443074,197.8810571306742,194.80759677841402,195.97637939453125,3420960
2011-08-03,194.3314424616162,196.96120359435074,193.17889626960348,196.2252960205078,4111635
2011-08-04,196.31184520651937,197.50226405708372,192.63234511552676,193.17886352539062,3592815
2011-08-05,189.89436935614845,191.2795893595455,183.9747112814067,185.2030029296875,11972992
2011-08-08,182.70318931571217,187.09152499695747,179.68383761046053,185.1165008544922,9267682
2011-08-09,181.28002938552765,191.55014938062777,180.18700492584478,187.47564697265625,11897197
2011-08-10,192.97054660174229,196.28385640213185,192.56595151116613,195.58401489257812,8756325
2011-08-11,195.190331302472,195.95578441636633,190.54293829055308,192.31988525390625,4651515
2011-08-12,193.65942858328202,194.42488171104432,186.45871050926826,188.27392578125,5523570
2011-08-16,190.48825289354184,194.09682093912278,189.50410252262012,193.0853271484375,4760865
2011-08-17,192.91581995488224,196.72121025974903,192.29251517597092,194.46311950683594,5446740
2011-08-18,195.5074390470401,195.51289521678572,191.96448273120663,192.79554748535156,4878300
2011-08-19,190.26957462297162,190.26957462297162,183.1617989857869,183.92178344726562,3913192
2011-08-22,184.03657480697834,188.84799032684253,182.90480755839457,187.71075439453125,3557632
2011-08-23,188.62931605641475,193.1126736705717,187.66702782933518,192.58233642578125,6139417
2011-08-24,191.14436011475973,192.4565689713289,189.94151242469727,191.47787475585938,3628297
2011-08-25,192.89394763710945,194.09680774190068,189.3673975764489,191.28103637695312,5817630
2011-08-26,191.28108712658903,194.86776862993747,187.97870215997366,189.7775115966797,5556810
2011-08-29,193.4844349291791,194.96066660111543,190.05630875437947,193.4188232421875,4179907
2011-08-30,194.6435569082331,195.3762103606649,191.48333346599102,193.36962890625,7531327
2011-09-02,201.163194648057,201.27366149188614,189.4535322124862,191.9998321533203,5343097
2011-09-05,191.09951434265338,191.09951434265338,187.35462758801532,189.10003662109375,3478935
2011-09-06,188.1168486846175,194.53507574089306,187.24415053670373,193.9716796875,4890540
2011-09-07,194.093232251833,198.7329162478785,193.65136480961255,197.83811950683594,6424627
2011-09-08,198.82123952081108,201.05271258039957,194.9990339168378,196.0981903076172,5188815
2011-09-09,196.0705947663888,197.34097611254415,191.13817054406093,191.9998321533203,3441435
2011-09-12,188.90120026601932,192.10478955848606,188.01745280348928,188.8956756591797,4037265
2011-09-13,190.22682420824296,192.74550126862033,187.24416867689547,187.906982421875,3444630
2011-09-14,188.23838252559645,195.17580944125677,185.3662064936773,191.4364471435547,3989647
2011-09-15,193.89986741025712,194.86645849120418,188.55871149199814,189.29331970214844,4628835
2011-09-16,190.43116654738296,191.55242141119143,185.16181735547002,185.74729919433594,8211097
2011-09-19,185.03480371679552,185.42145035642918,182.38356123606155,182.81439208984375,4992840
2011-09-20,182.27305353460088,183.78646682755397,180.08025279207467,181.20150756835938,8540872
2011-09-21,182.27306727686891,184.1510288412169,179.62182519035653,180.6381378173828,6039802
2011-09-22,178.84851476951025,179.45057032480517,176.86007405545038,177.1638641357422,4292655
2011-09-23,176.74962606532208,178.62760015792736,173.7725082455064,176.64468383789062,5448315
2011-09-26,177.1583661281764,177.51738967313997,174.0431583098659,175.2417449951172,3998685
2011-09-27,177.85984550342195,184.62603390569205,177.85984550342195,182.62655639648438,6230400
2011-09-28,183.7864959040349,183.91353657319888,180.2846538026235,181.21258544921875,3767220
2011-09-29,180.61602988718954,185.58711327858006,177.56158020276553,184.07369995117188,6816082
2011-09-30,182.82544590604314,184.92434151532936,179.95325699802413,181.12974548339844,3737977
2011-10-03,176.74966091778,180.28466349130528,175.948769897308,176.69442749023438,2866845
2011-10-04,176.1972877046751,180.94742463447625,175.75540773983957,178.1028594970703,2585169
2011-10-05,178.82096339176903,179.9532677294067,170.9224687079391,173.15945434570312,3097569
2011-10-07,177.44007567709255,180.56080819307076,175.67258093101427,179.53897094726562,3499311
2011-10-10,179.51136089451313,184.45482158651956,179.51136089451313,183.6539306640625,2356245
2011-10-11,184.45483612932995,186.55374421103983,179.51137504757057,180.47796630859375,2614069
2011-10-12,181.38931883699496,188.34883085300578,180.61603831942494,186.69180297851562,2384067
2011-10-13,187.24412482315938,190.25439004104285,182.8253886283925,184.28909301757812,2549326
2011-10-14,183.76442462169533,187.1060913197604,181.9416961825579,184.0958251953125,1822396
2011-10-17,185.5594835570065,186.24992020899023,179.5113424292949,179.84274291992188,1748274
2011-10-18,178.0752910497364,179.9808759330425,176.5011193786391,177.6886444091797,1629013
2011-10-19,179.51134136978652,180.53316586424788,177.85431364219502,179.12469482421875,3964471
2011-10-20,177.41247722851887,178.48954804424875,174.54030102869388,175.53451538085938,2579317
2011-10-21,175.64495614063313,180.06369296157777,175.64495614063313,176.80487060546875,3556605
2011-10-24,179.34564655304604,180.39510682381095,175.09260997600168,175.8658905029297,2656435
2011-10-25,176.19730505535622,176.19730505535622,173.07655989182447,173.98793029785156,6825855
2011-10-28,179.5113557720381,181.85880769375675,176.6115570161012,180.86459350585938,10638139
2011-10-31,181.72074784931704,181.72074784931704,175.1478687403875,175.53451538085938,4837863
2011-11-01,175.50689613111285,177.7991277039136,174.56791518703037,176.4458770751953,4485798
2011-11-02,175.0925999390959,177.2743515228961,173.73936225507396,174.4021759033203,2840113
2011-11-03,175.589726898635,183.37775310126227,175.17546991674803,181.83119201660156,8989404
2011-11-04,183.37773628426945,187.1889052249673,183.37773628426945,184.51004028320312,4428121
2011-11-08,185.03477817608763,186.69180607808877,184.39958751821908,185.0900115966797,2608906
2011-11-09,186.111855674877,186.7194359658198,180.67128137300224,182.24545288085938,2247055
2011-11-11,181.33408822647004,181.72072217018493,175.72781386882693,179.17994689941406,1951618
2011-11-14,181.61027302525596,181.61027302525596,174.54029337147009,175.20309448242188,2045286
2011-11-15,176.74962114668,178.68282860214177,170.121510195653,170.89479064941406,3469069
2011-11-16,170.64626295421607,170.64626295421607,158.2461758428044,164.70858764648438,9147532
2011-11-17,163.96293645369585,167.49793924207722,155.31877177514568,157.33482360839844,5989441
2011-11-18,158.08049045435607,158.24619074346415,147.55836406947154,151.8114013671875,18281533
2011-11-21,152.225630584103,153.41316806881105,143.60907806225373,144.2995147705078,11107992
2011-11-22,146.92316355654447,148.96683842213417,145.0452016254462,146.53652954101562,5376708
2011-11-23,145.1279984568068,145.26607565598187,139.43886892837295,141.2615966796875,6120985
2011-11-24,141.89681846347443,146.37080135766448,135.8762871597421,144.57568359375,8718480
2011-11-25,144.3823529490243,152.44655831825042,143.60907246257307,149.16012573242188,8828004
2011-11-28,153.44080529210828,156.5891613287293,151.89424398843056,155.70541381835938,4567170
2011-11-29,155.7882262385191,159.29559225269472,154.1588089305548,155.98153686523438,5233722
2011-11-30,155.15301800000702,156.89290207899504,151.3418620129688,156.14723205566406,4440084
2011-12-01,162.38872422699083,163.3000945728674,151.28664303566654,152.6951141357422,6129193
2011-12-02,152.2532415669355,156.8653016536893,149.90578961922233,156.11964416503906,4920046
2011-12-05,156.2024813457838,160.56598418397394,155.7606013996051,159.59938049316406,5065870
2011-12-07,160.70406359610817,161.22879999004294,158.08044483702454,159.7374725341797,4084228
2011-12-08,158.82610379533114,159.32321716618077,149.68484098586183,150.56858825683594,4823056
2011-12-09,147.36500974355843,148.00020037257644,143.8023973876469,145.68035888671875,4403497
2011-12-12,148.30396502859315,148.58013207159067,141.53776501716027,142.47674560546875,6632463
2011-12-13,140.84736986689964,145.26610666829197,139.0246417264578,143.85763549804688,6150049
2011-12-14,143.3329292607695,146.53651857533538,140.074106519547,141.04071044921875,4577290
2011-12-15,138.74847099250968,139.96363159310584,135.32394816884457,137.39523315429688,7694418
2011-12-16,139.46651797651782,141.12354596294028,130.46333089800638,132.78317260742188,8223541
2011-12-19,132.00990758778966,132.00990758778966,125.43702829125026,128.17112731933594,7192722
2011-12-20,129.93861801094496,131.15377871258062,123.36573893443942,126.07222747802734,7861617
2011-12-21,130.82234713214245,132.45176463651256,127.03880095154074,128.86154174804688,7149825
2011-12-22,127.9777754427986,131.89941130229715,127.59114151966723,130.9051971435547,5211109
2011-12-23,131.81660406191787,136.42866524170483,131.5956576881493,133.61170959472656,5227963
2011-12-26,134.3297078387274,136.6495491007128,132.61744675914434,134.7163543701172,2415360
2011-12-27,134.77160394104848,136.2076854869242,131.54039201805966,132.9764862060547,3148278
2011-12-28,132.17561611843837,137.146700497749,130.9052219885135,136.48388671875,4807113
2011-12-29,135.1029960414927,136.76002380376949,128.33679513148962,130.49093627929688,6612796
2011-12-30,132.56225374959897,132.94888775671185,130.6290584297912,131.92706298828125,2756293
2012-01-02,132.39653107160044,133.55644553891062,129.05485225710854,130.65664672851562,3914646
2012-01-03,132.70032848945823,139.02465027087044,132.14798161454232,137.0362091064453,3631129
2012-01-04,137.69905157406123,142.78060342933082,137.69905157406123,140.07412719726562,5329938
2012-01-05,139.85316516337113,143.83003487572734,138.9970281338407,140.70928955078125,4930092
2012-01-06,140.15693861054152,140.95782947886607,135.3515554742377,137.83709716796875,4030285
2012-01-09,138.63799082547976,143.33290722213266,136.0972156635794,142.58724975585938,5189839
2012-01-10,142.55959937288512,147.69638212925818,142.55959937288512,146.1774444580078,5322172
2012-01-11,145.23851273806696,147.4754981022043,143.13960461822938,146.23272705078125,4341838
2012-01-12,145.4042121055864,150.23720639458082,144.46523122489862,145.017578125,5592852
2012-01-13,145.76322622364145,148.30400157163237,145.32134620384653,147.36502075195312,3069658
2012-01-16,145.81847258148545,154.04837964196068,145.51468241132454,152.99893188476562,5168997
2012-01-17,153.6064732568538,157.69380937302165,153.6064732568538,155.0701904296875,4916388
2012-01-18,155.20831810743547,157.39007041886475,149.98868891174618,150.8724365234375,9137410
2012-01-19,153.30270518095682,153.91027281228278,145.59752284718556,146.50888061523438,9964656
2012-01-20,146.97835533819224,152.7779524225512,146.97835533819224,151.2037811279297,10648341
2012-01-23,151.3419080358321,157.307206825931,151.3419080358321,155.9263458251953,8988538
2012-01-24,158.5223158816149,158.6051723252718,154.37974654113614,155.09779357910156,6746614
2012-01-25,156.34058632792772,157.1691003123281,153.71696713873993,156.00918579101562,7040217
2012-01-27,157.41763641684136,157.44525944569259,148.580150860102,151.1209259033203,9537666
2012-01-30,143.0567256623537,143.0567256623537,133.39072675586075,134.85443115234375,31303773
2012-01-31,134.6887407129121,138.9141666141363,133.1145693767565,138.41705322265625,13441825
2012-02-01,138.63798171886094,141.75872652967152,136.2352965812536,141.1787567138672,7776409
2012-02-02,141.53781094324825,150.37529825003634,141.53781094324825,142.8358154296875,21610803
2012-02-03,143.60909506151447,146.8126843463545,143.0567608000737,146.23272705078125,6434686
2012-02-06,148.3040056810253,150.78954767567936,147.4478686498772,149.93341064453125,8375904
2012-02-07,150.8999981442554,151.5075783815664,142.47676919593485,143.664306640625,6970320
2012-02-08,144.71375259344956,146.9231143696369,142.11774428905292,144.38233947753906,6053541
2012-02-09,144.43760050264132,146.81267561189685,143.857643241572,144.6861572265625,4709736
2012-02-10,144.98992296361044,145.81843680911678,142.55961484065062,143.9404754638672,9484092
2012-02-13,144.71375137646163,145.59749860792812,142.69770023921544,144.46519470214844,3929655
2012-02-14,145.2384997352451,147.9173649108242,143.13959180331724,146.3708038330078,5261919
2012-02-15,148.35922185874549,154.54546573545085,147.4478515097998,153.05413818359375,15041709
2012-02-16,154.1036286559259,161.67072271434606,154.1036286559259,157.16912841796875,15371383
2012-02-17,159.9031892050113,179.70466716370643,157.96999424040675,167.66360473632812,42432310
2012-02-21,170.8672129029083,176.74965491037014,169.928232024426,175.6449737548828,16226164
2012-02-22,177.21917846748156,181.16843867244998,166.08947044681682,169.29306030273438,16714170
2012-02-23,169.56917477753123,177.16387675742635,166.8074534738255,172.27565002441406,14988178
2012-02-24,173.987959972049,175.64498816225898,166.61418958246327,167.80172729492188,8463345
2012-02-27,168.35403831516408,169.45873205061673,157.97000316832543,159.9031982421875,7550635
2012-02-28,161.83635692543186,171.77852245618436,161.4497230544462,170.39767456054688,10362535
2012-02-29,173.98792299203936,178.73807283226014,167.9673918851339,169.7624969482422,15751798
2012-03-01,168.4368930178989,168.4368930178989,162.94108535650628,165.53709411621094,9874203
2012-03-02,167.35981342237395,167.69121393665966,161.0907255445748,163.9905242919922,10172452
2012-03-05,161.42212294515858,161.5602128111736,156.3405726380811,157.58334350585938,5406232
2012-03-06,157.90120783741688,167.13047406594268,151.76696055166215,153.69088745117188,12663774
2012-03-07,151.51602858661644,154.91774943153538,147.2220537215782,151.15354919433594,9715024
2012-03-09,154.19279160422468,156.42343305027526,152.29675339517632,155.44752502441406,7599099
2012-03-12,158.87709211168217,159.7135808336588,155.92149267092242,158.90496826171875,6969004
2012-03-13,160.5222277535204,165.48539647814428,160.15974835002598,162.19520568847656,5926179
2012-03-14,165.01133648628408,166.15453942764628,162.44610528754626,163.86813354492188,7360440
2012-03-15,163.50570005322965,163.84030328997923,157.09262664186483,158.1521759033203,5352867
2012-03-16,160.0481961200746,164.42582451658296,150.31704417544125,152.5755615234375,13421541
2012-03-19,152.74284496645262,153.13320041162643,144.5452529797534,145.0750274658203,10190338
2012-03-20,145.54905450634527,149.06230499339233,142.56557856949198,146.24612426757812,12079360
2012-03-21,146.66441482823842,151.18146353052094,144.99143666379535,150.54014587402344,9352932
2012-03-22,150.51224121168093,152.5198095233446,145.04717428622848,145.68849182128906,12095847
2012-03-23,146.38558246031465,150.2613133226607,144.18282968322933,148.75563049316406,11336727
2012-03-26,148.53253168121273,148.53253168121273,143.3184145956258,143.95973205566406,5321742
2012-03-27,146.21827132803827,146.63651580394009,140.11189942711,142.45407104492188,9669454
2012-03-28,142.20310854472189,144.23856565520407,140.02823236733852,140.61378479003906,5734062
2012-03-29,139.69363555735328,140.8926037394047,137.18416905033496,138.7177276611328,10390327
2012-03-30,140.25132775353865,144.40588386495543,139.41483874658675,143.402099609375,8474802
2012-04-02,143.79242896325727,146.0509590811423,141.64544175458957,145.43753051757812,5669760
2012-04-03,146.52499702170022,150.23343251353882,145.29813965643748,147.27783203125,13609137
2012-04-04,146.66437448595528,153.07745994023975,146.3018951324441,152.5755615234375,16890538
2012-04-09,151.12564265369883,151.12564265369883,145.3538624587709,146.02305603027344,5884482
2012-04-10,147.22203220054791,147.33356234128323,142.11944529716544,142.67710876464844,10739382
2012-04-11,140.75320435639233,141.89640762680776,139.41482969049287,139.74942016601562,7339024
2012-04-12,141.64543793518925,143.82031400346855,141.58967286398774,143.54148864746094,7483521
2012-04-13,144.76835110920376,146.10673851327982,141.72910967474797,144.15492248535156,6756790
2012-04-16,142.76076466372268,146.60860562584077,142.37039640211546,145.40963745117188,4865302
2012-04-17,145.27022077092147,148.11427748587224,144.01548761483042,146.58071899414062,5853984
2012-04-18,147.22203837175852,148.8392510078233,144.87986702671913,145.43753051757812,7196244
2012-04-19,143.6251175451095,143.6251175451095,139.1080833464471,139.7215118408203,15777799
2012-04-20,138.8571469609735,140.83683891065158,135.5111916125163,136.84957885742188,10804482
2012-04-23,136.62655119158592,138.27165325840588,131.04996560094875,131.41244506835938,7756870
2012-04-24,132.2489108321844,134.28436817014827,130.46438997335702,132.19314575195312,6096316
2012-04-25,132.3604406984131,133.39210106230297,128.70777051424423,129.3490753173828,6507591
2012-04-26,129.376952151966,129.93460290093932,126.92325056506104,129.09811401367188,14411017
2012-04-27,128.2616674564606,131.32879864328558,126.58868912979453,127.20211791992188,8367585
2012-04-30,126.00311705217534,126.70018692212452,123.96765975756298,125.33392333984375,8139747
2012-05-02,125.2502755227366,126.64441518938911,124.441662773375,124.9156723022461,5551245
2012-05-03,124.3580308347821,127.39727238344307,124.2186117521745,125.55699920654297,7039338
2012-05-04,125.55698388447112,126.03099339092176,117.94493009881215,119.36695861816406,13052080
2012-05-07,117.66611197022146,127.53667098460853,116.35561351720027,126.56077575683594,14538961
2012-05-08,127.36936768419505,127.36936768419505,119.50637746424039,120.1476821899414,9128479
2012-05-09,119.33909815154978,123.99555259987922,118.78143457967138,120.51017761230469,8443461
2012-05-10,120.73322841596341,124.30225712524215,120.73322841596341,122.26679992675781,9306550
2012-05-11,121.0678108253332,125.33389587444566,121.0678108253332,123.2984390258789,14236138
2012-05-14,123.49365517053069,124.85991880776066,119.11602608859985,121.09571838378906,7499194
2012-05-15,120.0640326728507,122.88020059331845,120.0640326728507,120.78897857666016,6487702
2012-05-16,118.75354749559658,119.11602690835717,114.87781688237939,116.52291870117188,8893470
2012-05-17,116.6623137542183,118.64200587179955,114.40379625521992,114.9335708618164,7255731
2012-05-18,113.45577100611688,114.26438371383229,110.0540504831443,111.95008850097656,13618591
2012-05-21,112.87022334326196,115.82581030669614,112.22891866460077,115.29603576660156,6859879
2012-05-22,116.77383702625616,119.08811921221671,115.5191038752454,116.2998275756836,9623178
2012-05-23,115.99313250031595,119.03237382222076,115.43546897530128,116.411376953125,16637602
2012-05-24,117.3872826141948,118.22377159425749,114.59899026858879,116.0210189819336,8799685
2012-05-25,115.29604894314333,117.4709251851656,115.29604894314333,116.13253784179688,6714385
2012-05-28,116.6901894932803,121.5418271647586,116.6901894932803,121.06781768798828,9640018
2012-05-29,122.43410894525721,123.29847410886605,120.59383568884907,121.54185485839844,7690606
2012-05-30,121.0120705574377,121.0120705574377,117.2757464955618,117.6661148071289,4050246
2012-05-31,116.55079791097957,120.28712229972928,116.04891216281052,118.279541015625,7651225
2012-06-01,117.74975081988971,118.16799527012736,115.01722381535248,115.35181427001953,3689827
2012-06-04,114.73839235116434,115.88159548969034,113.26058601190972,115.07298278808594,4837105
2012-06-05,116.43926389674493,118.05647678168646,115.99314324644877,117.16422271728516,4311760
2012-06-06,118.22376322947031,121.29089352729186,118.11223307519433,120.287109375,8089350
2012-06-07,122.35044522886415,122.35044522886415,120.06405149239293,121.6812515258789,6204079
2012-06-08,120.73322827897216,123.77246961319571,120.17557751550497,123.3542251586914,6555852
2012-06-11,124.46953441573106,125.66850253146053,119.64578580052964,120.39862060546875,7304787
2012-06-12,119.394866923957,122.65716892536281,118.92085734053742,122.32257843017578,5124570
2012-06-13,122.23891086794922,124.58108236593486,121.03994258078303,123.3542251586914,5783790
2012-06-14,123.18691974327781,123.66092923493281,120.62168815202527,121.26299285888672,5163351
2012-06-15,121.68124090516082,122.48985361513382,119.95249810222717,121.84854888916016,5527879
2012-06-18,123.52151907492329,124.3301189717059,118.61411633281686,119.28330993652344,7010548
2012-06-19,118.83718915467774,119.8130971282376,117.35939549822449,117.97282409667969,7095931
2012-06-20,118.83719452109565,121.37455026140941,118.66989928590985,119.89674377441406,7969180
2012-06-21,120.90054230490837,124.8041488992048,120.51017398719365,124.24649810791016,11959978
2012-06-22,122.82442741855382,125.69637298283061,121.5975832061839,123.13114166259766,8334951
2012-06-25,124.3580117773365,125.13873554544003,120.90052627450945,121.26299285888672,6199183
2012-06-26,121.29089539995536,123.01963834553992,121.12360016595844,122.2389144897461,4498897
2012-06-27,123.7445945101095,123.7445945101095,122.40620713878167,122.93598175048828,5464102
2012-06-28,123.2984450005159,124.72048618293313,122.51772126335192,123.27056884765625,11812704
2012-06-29,124.91566505207454,129.93459819386067,124.66472860603086,129.6278839111328,12385833
2012-07-02,130.7432334724287,131.99796697453684,129.20966179397928,131.105712890625,5677203
2012-07-03,131.9979763322025,132.1373826664468,128.4289597435387,128.90296936035156,4658661
2012-07-04,129.9903605939501,130.8547383514837,129.2096368259157,130.01824951171875,4279093
2012-07-05,130.49230193636066,132.2210452563917,129.96252719871688,131.41244506835938,4147756
2012-07-06,132.16522313678075,132.27675326881072,129.71152194070496,131.74697875976562,6548334
2012-07-09,131.60756482129597,131.60756482129597,129.5163428550476,130.6595458984375,3903319
2012-07-10,129.43271308783468,131.88641459627465,129.43271308783468,131.46817016601562,3341073
2012-07-11,131.07780923050478,131.13357430674156,129.0702409583646,129.54425048828125,3758580
2012-07-12,129.37694418333754,130.9941567833672,127.89913788006113,128.8750457763672,4303296
2012-07-13,128.81927755384382,129.99035678971984,128.15008394885479,129.12599182128906,3022240
2012-07-16,130.77108476157017,130.77108476157017,128.0385579470036,128.45680236816406,2285554
2012-07-17,129.12601271539776,129.46060319012975,125.7521679913787,126.25406646728516,2584279
2012-07-18,125.47329706974334,128.90290562850453,123.85608483436862,127.81546783447266,3930885
2012-07-19,130.0461200280081,132.10946588400975,129.8788248200689,130.9662628173828,6487347
2012-07-20,133.28060243645876,133.78250103998326,126.86752736011333,127.20211791992188,9508236
2012-07-23,125.89156506253252,126.03098411786829,121.96007023460338,122.35042572021484,4995972
2012-07-24,122.18312850737567,123.07538236651129,120.20343666759807,121.40240478515625,3719859
2012-07-25,120.48228089257583,122.37831884405652,119.95249356960878,120.59381103515625,3107260
2012-07-26,121.01206571696041,122.35044030526406,117.41516087649283,118.19588470458984,10272187
2012-07-27,120.17557399833451,120.56592952133704,115.21240576588633,115.88159942626953,6525838
2012-07-30,116.6901829194096,120.95628073381349,116.55076387039982,120.73320770263672,5440609
2012-07-31,121.06783672562365,121.29089704063685,117.27574755135754,120.25922393798828,5451174
2012-08-01,120.34288709244737,123.21483354003908,119.67369333269419,122.90811920166016,4781263
2012-08-02,123.0196240696572,124.83202080382371,121.96007494682449,124.60894775390625,4695174
2012-08-03,123.2427037015388,125.97524369055702,121.4024305246387,125.55699920654297,7455415
2012-08-06,126.89532521710633,128.48466130493873,126.25402065798644,127.81546783447266,3781731
2012-08-07,127.75975710887062,129.82309069284182,127.17421735962266,129.40484619140625,4069497
2012-08-08,129.40486884113844,131.02208204733742,128.40108441476252,129.1818084716797,5652261
2012-08-09,129.4327209000611,131.3566479481372,127.00689539985804,128.98658752441406,4349473
2012-08-10,128.54043586519037,128.819261180243,126.44921409278383,127.75971221923828,2122177
2012-08-13,127.75974299708835,130.04613665893103,126.6165397842631,129.6836700439453,3338703
2012-08-14,130.2134361798436,131.0499250358944,128.0106838940841,129.32118225097656,3741414
2012-08-16,129.37698547830743,130.74324931094046,127.87130254061425,128.4010772705078,2695519
2012-08-17,128.81928808119605,129.6000118901844,126.50500557346261,127.95491027832031,3152686
2012-08-21,128.2616464989266,129.6557991312856,128.09435124635786,129.29331970214844,2354769
2012-08-22,128.7634979711234,131.21719907032823,128.34525361062035,129.5720977783203,4107451
2012-08-23,129.93458607585927,130.8826049901635,129.48846553444827,130.07400512695312,3748840
2012-08-24,129.09811969371398,130.71533246450542,127.42514184557164,128.84718322753906,3573027
2012-08-27,129.4884552962801,130.04610592895253,125.19448160567848,125.6406021118164,4238334
2012-08-28,124.63685366181642,125.36181245430792,123.54941547307914,124.24649810791016,3710881
2012-08-29,124.13492238917111,124.7204747110392,119.47846931115754,120.81685638427734,5635245
2012-08-30,120.09193637807005,124.35803537633474,119.00449812715854,122.18315887451172,6029847
2012-08-31,122.01584363724922,122.35043407633903,118.00069454913616,118.92083740234375,6849532
2012-09-03,120.0082832471175,121.23514059466757,119.70158167403928,120.53807067871094,2226940
2012-09-04,120.34284755362175,122.35041540948251,119.394828690365,122.043701171875,3763705
2012-09-05,121.01206843439904,121.01206843439904,115.43547136045092,115.7979507446289,9689269
2012-09-06,116.26915854813,116.80849126314325,113.96988024484453,114.22535705566406,10281061
2012-09-07,116.38270116955917,117.4045954210277,115.3040227430348,116.35430908203125,5425942
2012-09-10,115.5311169851748,115.8149728814621,111.89769654224723,112.43704223632812,10953898
2012-09-11,111.78415981458419,114.39567317424599,111.27321917552966,114.05504608154297,8395275
2012-09-12,114.28213487372146,114.87823880419369,110.76226948093289,112.15318298339844,11108185
2012-09-13,111.72740697602175,114.56601852428993,111.69902787734918,113.8279800415039,7949182
2012-09-14,116.24076532248141,117.17750928828403,115.24725017639594,116.26915740966797,7579651
2012-09-17,118.36968965745645,122.54242891537217,117.91550732627825,121.23667907714844,9957276
2012-09-18,121.49219996938481,128.3048464537598,121.23672312740236,127.73712158203125,12809401
2012-09-20,125.26753369641519,125.46622634269073,122.05990333796527,122.7127914428711,6641589
2012-09-21,124.33080634262684,132.59113813780473,124.04695038553763,131.93826293945312,17498500
2012-09-24,133.10209232640625,142.78172992952295,132.27889055679069,140.7095489501953,26120719
2012-09-25,142.44105124263092,145.33643320811353,137.7289786428235,144.03067016601562,23450488
2012-09-26,142.04366528992134,144.17261706886472,140.28373268560082,143.8887481689453,16154535
2012-09-27,143.6332957629907,144.54164772790608,140.25535174182764,140.85145568847656,9759567
2012-09-28,141.93014694342548,143.321060608478,138.80767947459591,140.19859313964844,5720674
2012-10-01,140.22697220263785,143.3494263872463,140.17020101714087,142.83848571777344,5884957
2012-10-03,142.69650998184684,143.4913193429965,140.39724514905555,141.87332153320312,6364404
2012-10-04,142.78170581958977,152.0355514259248,142.78170581958977,151.15557861328125,18693790
2012-10-05,153.28453585339838,154.61867816955336,127.73711321116531,149.82144165039062,16245366
2012-10-08,149.59438321180846,149.59438321180846,143.40621911052264,144.3997344970703,5571028
2012-10-09,145.62027820873823,146.301545267012,140.8514217949103,142.072021484375,7110619
2012-10-10,140.7946797468167,140.7946797468167,138.23993749539812,139.1766815185547,4671310
2012-10-11,139.091539552526,143.74685529841466,137.13291392168034,142.86688232421875,10532008
2012-10-12,142.78168175348563,144.48484291557855,138.8927979663127,139.31858825683594,6229498
2012-10-15,139.2334277884228,142.1004175345522,136.8773915987855,141.47592163085938,5683890
2012-10-16,141.93009481819252,143.46292940017997,138.46700147658638,138.89279174804688,5729467
2012-10-17,139.65921192718866,141.02174602167455,138.63731785336833,140.5391845703125,4190739
2012-10-18,141.36239809986844,141.41916928102543,139.09151187131835,140.25534057617188,4760299
2012-10-19,140.99335617013696,141.02174825317843,136.70707421114935,137.55865478515625,5487732
2012-10-22,136.25290585759566,138.7508766645909,135.25939075435414,137.30319213867188,4203483
2012-10-23,136.30968225583473,138.80765315849754,135.82712072871385,135.96905517578125,3116034
2012-10-25,135.17424166902555,137.3883436121573,135.17424166902555,136.56515502929688,5285388
2012-10-29,138.2399566427181,139.14830870276364,128.41839755708318,128.8157958984375,16432579
2012-10-30,128.5603147707886,131.28538385454368,126.14750672172674,129.89447021484375,12579337
2012-10-31,129.41185418099437,129.86603654758227,127.19775250188196,127.62354278564453,3559581
2012-11-01,127.28291033338915,129.09962691371686,126.71519858399519,128.6170654296875,2870455
2012-11-02,129.83768310027807,131.59762892468234,129.35512150135824,130.2634735107422,4488774
2012-11-05,129.6106054320216,132.22211922602847,129.6106054320216,130.9447479248047,3371317
2012-11-06,130.20667341186024,132.67626504067178,130.20667341186024,132.13693237304688,2858674
2012-11-07,131.56922185871377,135.03231593672652,131.56922185871377,134.5213623046875,3788304
2012-11-08,133.69819762886303,135.40135938209696,132.3356630286387,135.089111328125,2887482
2012-11-09,134.03881154679726,136.02584205876485,131.45569007296774,131.85308837890625,4208805
2012-11-12,131.45567431708983,133.13044361109257,130.8595704325834,131.71115112304688,2473576
2012-11-15,130.57573278617468,133.86851397646709,130.23510562611406,133.613037109375,5229181
2012-11-16,132.8465614207807,134.40778804628633,130.00796401238296,130.74600219726562,2951515
2012-11-19,131.14342596214277,132.16532018900378,129.44026458601104,130.0931396484375,2836692
2012-11-20,131.05825590641834,131.54081740505126,128.78738285194203,129.52542114257812,1964623
2012-11-21,130.12152348670634,130.26344492966066,125.32428764725046,126.14747619628906,4527229
2012-11-22,126.60165094285858,127.62354504314713,124.55784974819302,125.63652801513672,4352545
2012-11-23,126.06234707108243,128.02097246268048,126.06234707108243,127.56680297851562,3657483
2012-11-26,127.73710693568364,128.27643965464446,125.04043034678905,125.55138397216797,4250889
2012-11-27,126.34617725905518,127.39646346835602,126.03392930525824,127.11259460449219,3704266
2012-11-29,127.51003126747588,127.70872391893339,125.06883131787669,126.1191177368164,10124884
2012-11-30,127.4248797815116,133.98204974445457,127.16940292704004,133.04531860351562,10902961
2012-12-03,132.3356115395597,135.8270969728609,131.71112866868228,135.03228759765625,6087433
2012-12-04,135.25941533820483,137.61546512587813,134.40783452181722,134.89039611816406,6033685
2012-12-05,136.25292150861708,137.0761101788224,134.03880633646557,134.80523681640625,4995430
2012-12-06,135.5148759271585,138.49540842700534,133.15883941617986,137.24642944335938,4691724
2012-12-07,138.4670388664372,140.6527619838663,136.84902760152775,137.95608520507812,5312488
2012-12-10,138.32510773498086,139.65925011164452,137.41675575499903,138.2399444580078,3103519
2012-12-11,139.0915080554717,139.0915080554717,132.98852178693934,134.72006225585938,4662738
2012-12-12,135.6851531067561,136.59350475889784,131.3137083444328,131.96658325195312,9617857
2012-12-13,131.7111588882444,132.7330531782296,128.70223420730312,129.41188049316406,6899943
2012-12-14,129.58221854549245,130.5189496469707,126.60168568843146,127.68035125732422,7072131
2012-12-17,127.62359277433083,128.41840248161128,125.09722917094511,125.40947723388672,7664827
2012-12-18,125.63652503417282,131.0014721819163,125.63652503417282,130.68922424316406,7179766
2012-12-19,132.16531988643402,133.38591973614007,131.25696802084929,132.5911102294922,7668615
2012-12-20,131.1434263313745,132.16532056111268,129.78089202899693,131.71115112304688,2988906
2012-12-21,130.63247531246924,131.0298865727554,128.78739244256755,129.24156188964844,3303016
2012-12-24,129.4402652615709,130.51893067365995,128.13450213581297,129.2131805419922,4058740
2012-12-26,129.4402454822432,131.48403363432757,129.4118533995893,130.68922424316406,1962655
2012-12-27,130.9731114885563,131.7111498121578,128.21966381837143,128.3332061767578,5197417
2012-12-28,129.04287547943147,129.95122741150823,127.79388345151908,129.1564178466797,2725980
2012-12-31,128.44677976613676,130.34864721676033,128.44677976613676,129.5822296142578,1704724
2013-01-01,130.7176611169217,132.76144996932123,130.17832830848553,132.0518035888672,3979164
2013-01-02,133.8684876742565,136.19614512628377,133.69817412768904,135.14585876464844,5726508
2013-01-03,136.05421684096464,136.79225523696883,134.0388072966666,135.5716552734375,5089371
2013-01-04,134.8052107823048,138.3250755089621,134.32264931142865,137.84251403808594,4809444
2013-01-07,138.23993350593412,138.6941159569882,135.40133541764064,136.13937377929688,3491524
2013-01-08,135.99743395286845,139.48891998871312,134.97553972099126,138.46702575683594,4481490
2013-01-09,138.0980407622545,139.03477195906044,133.95367863527707,134.49301147460938,4531930
2013-01-10,134.8336136813499,135.2877961427755,131.22859805506263,131.65438842773438,6262318
2013-01-11,131.42726068564633,132.27884123651248,128.3048073285291,128.78736877441406,4984029
2013-01-14,129.01446583170969,130.85956153360328,128.16288519915716,130.14990234375,3610882
2013-01-15,130.57570288969282,131.71115248477668,129.4970374690444,129.97959899902344,3669232
2013-01-16,129.46867180123863,130.518945243578,127.79388932216312,127.96420288085938,3118647
2013-01-17,128.41837036273768,129.0996375120274,126.03394183726863,127.76549530029297,5913412
2013-01-18,128.30485412998965,130.00801585298026,127.28294670092112,128.56031799316406,10730509
2013-01-21,128.53194505467806,132.56276479069575,128.4467817668099,131.73956298828125,8666464
2013-01-22,131.71115407379943,132.36402915269056,130.17830619780645,130.8595733642578,5292745
2013-01-23,130.63244858210567,131.8246691249184,129.610554541186,131.14340209960938,3818494
2013-01-24,130.57568130280816,131.93821539401736,128.30480847624364,129.5537872314453,6169444
2013-01-25,129.1564114745653,131.02988642991235,129.07124820628528,130.23507690429688,2794083
2013-01-28,131.42725268213508,131.42725268213508,129.12798793363214,129.4686279296875,2432755
2013-01-29,129.5537836805038,130.09311628688252,126.37454621754752,126.77195739746094,5367136
2013-01-30,127.28292700918198,127.5384038269247,125.23913845542162,125.89201354980469,4465110
2013-01-31,125.18236014345405,130.68924248494903,125.18236014345405,129.32672119140625,7960249
2013-02-01,128.9293295191601,130.66088323118166,123.25213277824223,127.73712158203125,20548240
2013-02-04,129.0428784909305,129.0428784909305,123.59275377718839,124.35918426513672,9719899
2013-02-05,123.48205104926612,123.48205104926612,120.78767748981224,121.18897247314453,6981918
2013-02-06,122.50751860777717,122.6795097196118,118.98192387352123,119.52652740478516,7686819
2013-02-07,119.23986865786918,120.52972295902013,117.23341988647228,118.09332275390625,5413609
2013-02-08,118.09334790758352,121.2463301334466,117.57741394987598,119.66984558105469,5091352
2013-02-11,120.38642487570024,120.75905039886362,118.43731482904806,118.98191833496094,3652180
2013-02-12,118.6666235082836,120.27177765304201,118.37999352567658,119.78450012207031,2531524
2013-02-13,119.383205330452,120.32910395709195,117.52009075712543,117.97869873046875,2687748
2013-02-14,117.5200706543372,118.7812554863747,116.4021942289156,116.83214569091797,2654127
2013-02-15,115.80026783490209,118.00735118949851,115.80026783490209,117.26210021972656,2777152
2013-02-18,116.7461489638179,119.75580916725296,116.7461489638179,118.92457580566406,3910063
2013-02-19,118.72394134109435,121.90557985303445,118.72394134109435,121.61894989013672,3083197
2013-02-20,122.106211827214,122.50749372413418,120.18575851783213,120.73036193847656,2390995
2013-02-21,119.38320451032314,120.27177713419093,117.74939393489205,118.58062744140625,3433231
2013-02-22,117.52007880910263,118.5232902093365,116.37353275015217,117.14745330810547,3062458
2013-02-25,117.57740551910324,119.81314541768288,117.06145847731193,119.03923797607422,3679173
2013-02-26,118.72392708489524,120.38640691223118,115.25565902652205,115.80026245117188,5630671
2013-02-27,117.92134532275077,119.09654766288426,116.4595130659054,118.40862274169922,4762342
2013-02-28,119.81314525793816,120.38641829015548,114.4817493578755,115.31299591064453,9535263
2013-03-01,114.6537302502478,116.45953181900633,113.79382724056825,115.19833374023438,4369612
2013-03-04,115.08366342210206,116.02956183049811,113.79380911305829,114.76836395263672,2740957
2013-03-05,114.9403830188349,115.7142905443229,113.7938368286041,113.96582794189453,4036485
2013-03-06,115.19832550929186,117.46274797792276,114.25244013887523,116.3448715209961,6095604
2013-03-07,115.80028461492886,118.95325379490285,115.7142890593872,117.97869873046875,4692343
2013-03-08,118.40864527138365,119.44052628895956,117.86404176547077,118.98191833496094,3042895
2013-03-11,119.23986214247233,119.4978224917461,117.40540454166016,117.80668640136719,2723289
2013-03-12,117.66338037055061,118.17932737912689,114.82571118661356,115.08367156982422,3044223
2013-03-13,114.65373554209621,115.51363859146464,112.647299467263,112.93392944335938,4998231
2013-03-14,113.1918841390283,114.88303351916494,112.38930721848631,113.99446105957031,4235235
2013-03-15,113.99446605982178,115.51362442848949,112.99124158486958,113.53585815429688,2950477
2013-03-18,112.81928336267339,113.50720846241919,111.8447282718168,112.21735382080078,3022353
2013-03-19,112.41799804159699,112.61863246888518,106.14070301431155,106.5133285522461,8513574
2013-03-20,106.54196979012202,108.17578659947125,103.87627213304614,104.4208755493164,7819176
2013-03-21,104.3922315063467,105.76807507324028,102.67242540759483,103.01638793945312,4942480
2013-03-22,102.35712019820403,104.01960020956069,101.89850570133383,103.10237121582031,3915783
2013-03-25,104.42089018282965,105.309456193045,102.32845864119822,102.87306213378906,3498940
2013-03-26,102.1851243917022,103.18834219845223,100.9239331052408,101.18190002441406,3378325
2013-03-28,100.89528516927928,102.67241711979949,99.89206065229531,101.46855163574219,6371106
2013-04-01,102.5864296865022,105.71074214484548,102.50043413877304,104.62152862548828,4624206
2013-04-02,103.76161756945211,106.6279628434889,103.76161756945211,106.11202239990234,2877696
2013-04-03,106.34133184782365,108.57707825935582,103.93360746638096,104.79351043701172,5142102
2013-04-04,103.7616323511389,104.27757286822538,101.6405377270815,102.12781524658203,4192224
2013-04-05,102.61508715193355,103.7329570462355,101.12458521214583,101.92716217041016,3239782
2013-04-08,102.3284561643931,105.6534161533855,100.895286696276,104.62152862548828,9079623
2013-04-09,105.05147240015222,106.22667482031596,102.1564706809856,102.47176361083984,5139159
2013-04-10,102.93038138200015,103.44632840489852,100.6086460211131,101.98448944091797,3739038
2013-04-11,102.6150786961891,103.10235611772407,101.23922884651587,102.18512725830078,2513319
2013-04-12,100.95260952966687,104.2775628541066,100.89528354000021,102.95904541015625,3632983
2013-04-15,102.04182225182572,104.01960181038652,101.75519228720775,102.24246978759766,3592893
2013-04-16,102.21380167950679,105.05147755055098,101.98449115874068,104.50687408447266,4742962
2013-04-17,104.93682482645914,106.05470130625773,104.27756282440227,105.10880279541016,4517581
2013-04-18,105.02280446659324,106.88593176715356,104.420875068282,106.5419692993164,5280810
2013-04-22,106.91460406262877,110.06757941099319,106.77128252824473,109.69495391845703,6387552
2013-04-23,110.01025443303025,110.72683586938375,106.97193103580365,108.17579650878906,4963905
2013-04-25,109.03570823760369,111.67274335561788,106.97193962681966,110.38288879394531,6676713
2013-04-26,110.1822259399391,110.23955192664152,107.65984316180088,108.23311614990234,2895100
2013-04-29,108.80639868959858,110.29689424619107,108.6344207040247,109.8382797241211,2281536
2013-04-30,110.23955456928825,111.386100572976,107.54519376645393,110.49752807617188,3915544
2013-05-02,110.64085947846877,111.07081098794329,108.92104688003131,109.66629791259766,3866035
2013-05-03,109.8669204711914,111.38609183879237,108.11845172980277,109.8669204711914,3470923
2013-05-06,109.23633672111816,111.73005656715098,109.23633672111816,110.84148406982422,3194988
2013-05-07,111.07080237111234,113.04856866439772,111.07080237111234,112.7046127319336,3818871
2013-05-08,113.04856681493345,113.24921433279384,110.98480501175611,111.98802947998047,2500089
2013-05-09,111.87337757091065,113.44986191813445,110.41153207828984,112.33198547363281,4015885
2013-05-10,112.07402639399096,113.82250205087706,112.04536995692095,112.93392944335938,3336679
2013-05-13,111.84469776397965,112.53262267608042,108.92102672835863,109.15033721923828,2777857
2013-05-14,109.60896594203511,109.63762893706769,107.65984947712458,108.17579650878906,2785570
2013-05-15,108.66307298569455,109.98159042668614,108.60574699615653,109.69495391845703,4048284
2013-05-16,109.80960865832378,111.55808418588803,109.29366817897098,111.0421371459961,2228955
2013-05-17,111.32876294304164,117.06145367441762,109.78094156279046,115.7429428100586,6796039
2013-05-20,117.20477094882412,117.52007043651844,114.94036166928566,115.94357299804688,5763720
2013-05-21,115.8002571881333,119.18254267477869,115.22698423615184,118.09332275390625,8399919
2013-05-22,118.66660177468523,119.18254876996255,115.97224106840847,116.80347442626953,5408031
2013-05-23,115.51362717580862,115.51362717580862,109.52297598040617,112.18866729736328,8156986
2013-05-24,112.93392835941637,113.79383140053142,109.09303423227274,110.38288879394531,4511340
2013-05-27,110.18224273040705,113.1919034146911,109.5803132177661,112.9052734375,2724412
2013-05-28,112.99126805995853,117.52010091463784,111.30013133046715,116.86083221435547,7642035
2013-05-29,117.09013576316595,117.74939126591477,113.70784957534097,116.88948822021484,5878839
2013-05-30,115.88626496864264,118.1506745990665,114.88305348442711,117.83538818359375,5727033
2013-05-31,117.00410681343558,117.77801408523585,114.19509449821926,114.96900177001953,4882840
2013-06-03,114.65373554209621,115.71428613527173,112.47532148160515,112.93392944335938,2540589
2013-06-04,112.70461088809641,114.51041230668476,111.2141089629808,111.98802947998047,2965047
2013-06-05,111.27142890904986,112.07400581583609,110.69816906211457,111.47207641601562,2197710
2013-06-06,110.84150057492901,111.9593771911571,109.75229351756401,110.2109146118164,3799168
2013-06-07,109.69496398251276,111.50076562133032,108.26179443095778,108.57708740234375,3456174
2013-06-10,109.2076664602754,110.06756934578938,104.9081520327055,105.59607696533203,3356388
2013-06-11,104.33490388281623,106.6279764585185,103.67564182699834,103.87628936767578,2858895
2013-06-12,103.3603230094913,105.30943925551622,102.24245320767935,102.81571960449219,2758894
2013-06-13,102.07049965639996,102.35713622201845,99.92074181561192,100.37935638427734,3164722
2013-06-14,101.09591417465036,102.70106796347109,100.23601129643043,100.98126220703125,3253302
2013-06-17,101.23924941078614,105.19480869126406,100.66598289733614,104.5928726196289,3572899
2013-06-18,104.56419263909132,105.68206904732449,103.1883492939464,103.58963775634766,2836603
2013-06-19,103.58964618690227,104.62152713960506,102.52909567833748,103.33167266845703,2923984
2013-06-20,102.04182127813081,102.18514281961157,97.7996322368707,98.22958374023438,4334668
2013-06-21,97.97161754680697,100.09271208415667,96.30913751262429,97.62765502929688,4329214
2013-06-24,97.14037782055206,97.39834478905247,94.18804325727177,94.84730529785156,4289305
2013-06-25,94.70396685855745,96.25179463556748,92.89817215907121,93.55743408203125,5458032
2013-06-26,94.30267841861182,95.44921775567622,93.24213461624436,93.55743408203125,4464093
2013-06-27,94.73262550122224,95.1625769128171,92.9268308846314,93.41410827636719,6154270
2013-06-28,94.58931931591322,100.3793291336663,94.30268282810974,99.89205169677734,7454647
2013-07-01,100.32201359410396,103.1883590889775,100.32201359410396,102.75840759277344,3822502
2013-07-02,102.75840113822586,106.45598639754071,100.32200729259321,105.25212097167969,6279046
2013-07-03,103.64698210928083,104.19158563314049,100.69464738434723,102.50044250488281,4008208
2013-07-04,103.58964521463514,103.76162318495842,98.91750485492307,100.20735931396484,5562250
2013-07-05,101.55454918419551,102.9017297583212,100.09271661921817,102.443115234375,3706459
2013-07-08,101.46854991430553,105.48142823254472,99.89205895760416,104.76484680175781,5321985
2013-07-09,105.71074188565723,108.11846632376896,105.05147986440548,107.05792236328125,4609821
2013-07-10,107.45919769709954,107.74583417911698,105.02280400129713,105.59607696533203,3549519
2013-07-11,107.3732263265096,108.29045534671629,105.85406125142138,106.91461181640625,3748863
2013-07-12,106.62796178566981,108.57707156666899,106.14068434042002,107.91781616210938,3254349
2013-07-15,107.43053906469483,108.34776797172759,105.91137417705151,106.71395111083984,3148645
2013-07-16,105.19480021208044,106.3126701512295,103.64697222182593,104.85083770751953,2788087
2013-07-17,104.90816241695208,107.20123481845441,103.81894892590158,104.79351043701172,3536179
2013-07-18,104.56419629130018,109.23633647781377,104.56419629130018,108.63440704345703,5158272
2013-07-19,108.63440286234405,108.92103279122557,98.74551942354543,99.5767593383789,18989812
2013-07-22,99.63410098374645,99.63410098374645,91.95229959267178,92.52556610107422,18634459
2013-07-23,92.75486643664999,95.27724929299272,92.38224095099268,94.56066131591797,10699099
2013-07-24,94.47467596414586,95.24858339890513,92.35358150618026,93.50011444091797,5577600
2013-07-25,93.44279258243472,93.84408109550031,90.0891694948649,90.8917465209961,7543113
2013-07-26,91.72296842605707,92.29624136607977,89.45855933852785,91.06371307373047,4507434
2013-07-29,91.69431674475646,92.18159421150027,89.71654388329858,90.003173828125,3079539
2013-07-30,89.45856791057997,90.94906326427666,87.19415860607171,87.4521255493164,3152044
2013-07-31,86.56354354897685,91.3216717845039,84.9870595069499,90.74840545654297,5223540
2013-08-01,90.08917179871797,92.09561441535675,85.6463416053102,86.33426666259766,5340520
2013-08-02,86.0476228377979,88.1400542691704,84.70044239525156,85.760986328125,4641553
2013-08-05,79.56967295917507,79.68432491776251,68.7062358695703,69.25083923339844,33288564
2013-08-06,68.79224582478669,68.90689781835071,63.862131375055746,64.55005645751953,29238318
2013-08-07,64.8080199530214,67.0724292774409,64.8080199530214,66.29851531982422,10314940
2013-08-08,66.9291235807877,68.39095615618254,65.18065446568147,67.30174255371094,8154894
2013-08-12,68.10431763014655,70.39739675987869,65.55327152668372,68.73491668701172,9716893
2013-08-13,68.16164222142697,70.99932479783689,67.2730762091193,69.30818176269531,8643034
2013-08-14,70.05342213395802,70.2827260709996,66.49915862550652,67.96099090576172,9880539
2013-08-16,67.0724394184168,67.7890274964858,59.99256731418493,60.508514404296875,21924972
2013-08-19,60.53717231248913,60.76647627944541,57.69948979763057,59.10399627685547,18625441
2013-08-20,58.61672099266967,59.99256452780714,57.41285543922208,58.10078048706055,24627702
2013-08-21,59.04666606970184,62.62959934245673,59.04666606970184,60.13587951660156,20582248
2013-08-22,59.56262280853301,62.31431689188277,58.87470420810098,61.59772872924805,9752724
2013-08-23,62.14232910262041,67.24442186069876,61.71237753941762,66.55650329589844,23794407
2013-08-26,67.76035724143568,71.62992063962719,67.1297582257392,71.02798461914062,24635890
2013-08-27,70.51205590107284,72.74780270290127,63.202879374742125,63.776145935058594,24610020
2013-08-28,63.05954882256639,66.32717593918512,60.078551635144926,65.26663208007812,28889868
2013-08-29,66.21252533962068,68.13297214719378,64.20608299096776,67.47371673583984,14008242
2013-08-30,67.93231954711403,69.22217371573012,66.29850295475947,68.21895599365234,11148094
2013-09-02,68.59157798964142,69.9387647577493,67.9609856509963,69.27950286865234,6281337
2013-09-03,69.7094615041701,72.17451825553279,67.87500371735997,68.3336181640625,15287476
2013-09-04,68.41962214624667,73.60770372261774,68.41962214624667,72.94844818115234,17444079
2013-09-05,74.32427727667843,79.9423093016232,73.37838536809045,79.13973236083984,19873774
2013-09-06,80.54330354692664,84.27242889643553,79.25132157622672,83.5383529663086,18427747
2013-09-10,84.44860612005901,86.1516734455748,80.51393495576204,83.94943237304688,17765553
2013-09-11,82.15827219095154,83.83197679427575,80.86629700038212,82.62808990478516,11846881
2013-09-12,82.89236193459338,84.27243226559811,78.69342540247776,79.22196197509766,11889318
2013-09-13,79.16322865393899,84.27242398128682,78.69341766660477,83.89070129394531,14119531
2013-09-16,85.06522879536053,85.65249082638127,79.16322555751862,79.66239929199219,9514197
2013-09-17,78.69342704584754,80.98375672216791,77.6069843876615,80.19094848632812,8953179
2013-09-18,80.7488362101725,80.98374505835784,74.11275029829515,76.19754028320312,17509488
2013-09-19,79.72112910312602,79.86794293858685,76.99035143931495,78.6053237915039,14005572
2013-09-20,78.5759636554466,81.3948364356278,76.46181747119422,79.5743179321289,23108782
2013-09-23,78.57595649808285,79.48621566691817,75.55154461686327,76.0213623046875,9646699
2013-09-24,75.34601041724505,78.98704734185172,74.81747388314194,77.10780334472656,14163097
2013-09-25,77.16652901671809,85.03587166955141,76.99035241193944,84.06688690185547,32685085
2013-09-26,84.06688269397327,89.79270943186584,82.80426359413867,88.53009033203125,40508775
2013-09-27,87.23810084276421,88.08963442357246,83.09789071313861,84.41923522949219,14462301
2013-09-30,82.21699216363167,82.71616584921537,79.51557095582287,80.69010162353516,9420366
2013-10-01,81.65910046461937,84.5073359820533,81.65910046461937,82.8923568725586,11157711
2013-10-03,85.38823108035854,86.21040200573728,83.27407823234272,84.53669738769531,11265414
2013-10-04,83.39152930148065,85.53504491678095,82.86299276965335,84.53669738769531,7227450
2013-10-07,84.47798401682311,86.85640211285957,83.4796296232812,85.76996612548828,7629721
2013-10-08,86.5040261238651,87.09129488683531,84.3017850644927,84.74223327636719,6281857
2013-10-09,84.12560206211788,87.38491589351968,83.39151952465643,86.8857421875,9335350
2013-10-10,86.53338852195454,87.73728208814684,85.82867541837601,86.7095718383789,4921504
2013-10-11,87.56111161806984,87.7960137621273,85.27078210997566,86.29849243164062,5027398
2013-10-14,86.15167595286023,86.15167595286023,84.03752311756364,85.00650787353516,4980393
2013-10-15,85.62312941570627,86.6214836211569,82.92171462127679,85.44695281982422,7964937
2013-10-17,85.15332844009598,86.79767041093922,84.037529760386,86.18104553222656,7961767
2013-10-18,86.47466367887442,89.23481074538779,85.15331903834473,86.79766082763672,13393894
2013-10-21,86.79766021703895,87.6198311059012,84.91841631147173,85.44695281982422,8018481
2013-10-22,85.15332396359616,86.79766584799656,85.15332396359616,85.50568389892578,6855822
2013-10-23,85.59376793929964,86.06357892276971,82.62808820636553,83.8026123046875,7778680
2013-10-24,83.80260041360478,85.0945821149997,81.80590569735247,82.33444213867188,7820035
2013-10-25,82.09954709689171,82.09954709689171,79.89730595458553,80.66075134277344,6149556
2013-10-28,81.15992915563153,81.39483802552965,79.33941061657208,79.98540496826172,5083252
2013-10-29,79.98539802981965,80.92501998648947,77.01971160859485,80.073486328125,11760088
2013-10-30,80.22029483149703,82.80425840110067,80.22029483149703,81.83527374267578,8879881
2013-10-31,81.83528105445573,83.33280232212076,80.92502184300525,82.86299133300781,8929734
2013-11-01,82.89236284346353,85.32951306713726,82.89236284346353,84.30179595947266,11696956
2013-11-05,84.53670053253362,85.15332538915334,82.48127314262308,83.5383529663086,9660451
2013-11-06,82.80427675540628,85.0946064704569,81.42420637224383,82.42255401611328,26332621
2013-11-07,81.04245192588209,81.04245192588209,78.16485448203998,79.01638793945312,17531296
2013-11-08,77.9887049558721,80.27903456862288,77.07844566464156,79.6917724609375,7370244
2013-11-11,79.16322722388233,79.8679403318,78.16487301321388,78.81086730957031,5136216
2013-11-12,78.69341633364253,79.3100411438531,76.93162348080506,77.54824829101562,5354149
2013-11-13,77.0784513270737,79.28069279356151,76.9316374695437,78.48788452148438,4555027
2013-11-14,79.28066213931201,80.33773494622083,78.98702781707956,79.75047302246094,3587259
2013-11-18,80.63139136117256,82.68681873856964,80.0441292765049,82.1876449584961,5538991
2013-11-19,81.98208893335527,83.65579340080544,81.07182978802378,83.2740707397461,6323373
2013-11-20,83.03916237237765,84.94777568848804,82.30508653144848,82.80426025390625,5870514
2013-11-21,82.39317844381925,82.71617559160653,80.07348631852457,80.39647674560547,4283502
2013-11-22,81.13056653813841,81.62974032680664,79.86794732176256,80.54330444335938,2828239
2013-11-25,81.10119651705986,85.27077650718165,81.07183375098198,84.74223327636719,6090960
2013-11-26,85.15333129138435,89.26418635614102,85.15333129138435,86.768310546875,23751618
2013-11-27,87.26747774904014,87.44365435815673,84.566062751678,85.82868194580078,10913070
2013-11-28,86.47467393125669,89.67526959074054,86.2104090042435,88.64755249023438,12763588
2013-11-29,89.26417700066047,93.16947882181664,89.20544474528461,91.81877136230469,12523042
2013-12-02,92.20049838949403,94.43210241528749,91.9655962397826,93.75675201416016,9962433
2013-12-03,93.11075995644391,96.8692549308455,92.93458333981715,96.31135559082031,14865616
2013-12-04,96.31135070308521,97.3390610226666,95.31299643074468,96.66370391845703,11136204
2013-12-05,97.95568672192809,100.95073612357591,97.89696118552222,100.62773895263672,11775786
2013-12-06,100.01111685323028,103.2997940274532,99.95239131520754,100.6571044921875,11091721
2013-12-09,103.50531326633649,103.91639864650513,99.8642770883045,100.7745361328125,6645495
2013-12-10,101.00946982226303,101.00946982226303,94.84319391147095,97.22161865234375,14914060
2013-12-11,96.22326428313016,96.86925867715898,94.19720623073837,95.16619110107422,6110386
2013-12-12,94.49082688645481,96.4581659716229,94.05037864000904,94.69637298583984,6646338
2013-12-13,93.96229522610942,93.96229522610942,90.43870907112148,90.79106903076172,7762825
2013-12-16,90.43870283720794,92.02431918593933,89.64589466284225,90.96723937988281,5547919
2013-12-17,91.73068481599013,92.75840185449148,90.08634293095338,90.64424896240234,4948243
2013-12-18,89.99825203442893,96.69306373257912,89.99825203442893,96.0764389038086,10124725
2013-12-19,96.69306846800399,97.66205999025082,93.52184242627924,95.48918151855469,8900961
2013-12-20,94.96064692696244,98.19059857239613,94.66701251530226,97.57396697998047,5669056
2013-12-23,97.57395009627196,100.68645684745884,97.22159692809765,99.3651123046875,5826727
2013-12-24,99.77620897312134,101.89036196650935,99.48258128008626,101.53800201416016,4867990
2013-12-26,102.1839899642909,103.27042580171938,101.06818463869588,102.65380096435547,10275691
2013-12-27,102.06654270705705,102.47762818755763,100.7158351913286,101.74354553222656,3884490
2013-12-30,101.89034923989371,106.41228907559892,100.71582517304317,105.35520935058594,8573215
2013-12-31,106.20676221060373,106.26548775250038,103.2704380708186,103.88706970214844,6757911
2014-01-01,104.09258500704482,104.41558213342772,102.56570110899946,103.00614929199219,2864473
2014-01-02,102.77126072984758,104.35687718966891,98.7778635310572,99.65876007080078,4370070
2014-01-03,98.86594833168404,98.86594833168404,96.25262157515658,97.16288757324219,5056587
2014-01-06,97.16289071735186,98.66041214193767,96.10581084054962,96.48753356933594,4132305
2014-01-07,97.07478958411163,99.98175066167657,96.01771649447355,96.89861297607422,9744445
2014-01-08,97.1041398474247,97.36841144615576,95.28362158265014,95.66534423828125,5650831
2014-01-09,95.66534423828125,97.33904868193075,94.66699681321893,95.66534423828125,4226640
2014-01-10,95.95900710986194,97.33907760056286,95.1368360258895,95.7240982055664,3201762
2014-01-13,95.72408517926483,97.19225050972852,94.87255143822215,96.22325897216797,3468142
2014-01-14,96.04708064997234,96.81052607057677,94.90191251906569,95.2542724609375,2964028
2014-01-15,95.37173331314524,98.48424085154993,95.37173331314524,97.80888366699219,4527048
2014-01-16,98.01440374494504,100.68646246426937,97.8088643853773,99.74683380126953,4818171
2014-01-17,99.18893378726969,101.59672087690853,98.30803738290548,100.9213638305664,4835995
2014-01-20,100.86266290391424,102.4189100135418,100.39285182169574,102.12528228759766,3176704
2014-01-21,102.03716416787928,102.30142904404534,99.24765454118534,99.68810272216797,3635128
2014-01-22,99.68812510494747,101.21501605956024,98.9834118895709,99.83494567871094,3932491
2014-01-23,99.57067547555901,101.80227967811463,99.57067547555901,100.56902313232422,5236821
2014-01-24,99.65875349290118,100.12856450170776,96.13516756649848,96.89861297607422,5405704
2014-01-27,95.13679368351009,96.69304011926562,94.6082572849649,95.28360748291016,3192183
2014-01-28,95.13683624441043,97.28035227811037,94.22657683950185,96.51690673828125,5004802
2014-01-29,96.92797374623579,101.00945890133767,96.92797374623579,100.27538299560547,6238659
2014-01-30,97.83823416242271,103.12361300712051,96.60497775451854,101.71417999267578,8804194
2014-01-31,100.39282479586356,101.89034595716834,98.8659341491628,101.44989776611328,5714628
2014-02-03,99.83494441042991,102.06654855206945,97.2216175349865,98.16123962402344,3797110
2014-02-04,97.30969085672449,98.36676386388929,94.93126650954427,95.635986328125,5314179
2014-02-05,95.95899199555265,96.78116295002658,92.99330534992312,94.46146392822266,17779729
2014-02-06,92.49413280843486,92.69967218945702,89.85144329962243,92.25922393798828,12363696
2014-02-07,92.38357538107356,93.41992733300629,91.58410077713975,92.23552703857422,5098083
2014-02-10,92.2059250246643,93.9233062718832,91.70254706394061,92.3243637084961,4629148
2014-02-11,92.67969322678765,93.4791611775768,91.37684727894123,91.8506088256836,3596314
2014-02-12,92.08747397240573,93.80486189257053,92.08747397240573,93.18305206298828,4737055
2014-02-13,93.56800089898758,94.01215279126565,88.91920747862639,89.98517608642578,10423366
2014-02-14,90.01478879632089,90.25166619900669,86.19507968302985,87.94207763671875,6756409
2014-02-17,87.40908049504047,89.06724233802615,86.63921552462844,87.37947082519531,5467681
2014-02-18,87.34987078265254,89.65945917122187,86.63922507360671,88.62310028076172,6881937
2014-02-19,88.83036901099499,90.19243421734896,88.56387519307428,89.21530151367188,5276152
2014-02-20,88.77114972216225,90.25165361416542,88.09011372996483,89.39295959472656,4378176
2014-02-21,89.89633840936702,90.1628322500581,88.0309018561891,89.18569946289062,3499816
2014-02-24,89.18568474205857,92.94616690143486,88.94880061418618,92.70928955078125,5156665
2014-02-25,93.12384326411623,95.01888941371705,92.9165687793176,94.57473754882812,5661157
2014-02-26,95.04848694161427,96.5289907096693,94.54511579601994,96.17366790771484,7522377
2014-02-28,95.64068014579512,100.02297857138102,95.46302214633282,99.34194946289062,7416049
2014-03-03,99.66765609593212,100.37830165036182,95.49263210100793,96.35132598876953,7164963
2014-03-04,96.17368214519429,99.25313558931498,95.22615905119098,98.86820983886719,4917570
2014-03-05,99.49000440837371,99.49000440837371,97.41729372412635,98.8978042602539,2834149
2014-03-06,99.19390896030046,103.48737901842105,98.60170876433251,102.65829467773438,7038147
2014-03-07,102.98401468218827,110.9787483567745,102.8063498675323,109.4686279296875,10707355
2014-03-10,108.90602899516881,113.7620895278699,108.40265781724273,112.19275665283203,9683107
2014-03-11,112.16314696489482,114.50234497172643,110.86030782422424,112.13353729248047,6766342
2014-03-12,111.68938627585949,112.31120295571456,108.10656166880192,108.9356460571289,4641913
2014-03-13,108.93562974265092,111.42288253513456,107.30707765975156,108.43225860595703,4907839
2014-03-14,107.66240795121819,111.92626851011019,105.70814248177074,111.30445861816406,5171637
2014-03-18,111.33405412797583,114.88726177210513,110.32730507196689,111.92625427246094,6925146
2014-03-19,112.22237405996347,113.61404900716316,111.15640551214565,112.6072998046875,6574080
2014-03-20,111.4525099004909,111.86705209839519,108.49149516934868,109.4686279296875,4437888
2014-03-21,110.44575611488882,111.57093712410419,109.94237817278726,111.18600463867188,3667579
2014-03-24,111.21562284062551,113.08106607117253,110.32731912216295,111.36367797851562,5199502
2014-03-25,111.36367447143243,116.84155174758773,111.18600966700325,116.39739990234375,11275554
2014-03-26,117.3745393854238,118.32206252774951,114.88728605390374,115.80520629882812,8442735
2014-03-27,115.77557670600744,119.71372397864243,114.41351827358076,117.16725158691406,10342420
2014-03-28,117.07843227258536,119.32879445343717,116.4566223833731,118.49971008300781,4071063
2014-03-31,119.03268486396969,119.50645311918072,115.2721959316112,116.10128021240234,4769193
2014-04-01,116.54546168092453,117.4041626262612,113.22913049101487,115.18340301513672,4674742
2014-04-02,115.47948172200593,115.95325002370613,112.90339962045574,114.5023422241211,5888028
2014-04-03,115.7459603015943,116.19011209587943,109.91276086306009,110.9491195678711,9786232
2014-04-04,110.74186312785089,111.06757630389454,107.81046487511705,108.66915893554688,6468364
2014-04-07,106.95177074150335,107.48475162552484,104.22764019897609,105.20477294921875,6800272
2014-04-09,106.56683547560922,108.34344289473333,104.52373423272871,107.5439682006836,9131310
2014-04-10,107.60317929644731,111.27483254060871,107.60317929644731,110.4753646850586,8661492
2014-04-11,109.49822332568422,110.86029521064748,108.16576788698518,109.82393646240234,4721547
2014-04-15,109.5574529506011,110.00160477772893,106.53721917068815,107.78084564208984,3621055
2014-04-16,106.8333144795844,108.37304440809599,103.63542272134667,103.96113586425781,5150553
2014-04-17,103.93154873696061,107.7216414866399,102.27337977036571,107.33671569824219,7827774
2014-04-21,107.78085066864932,112.22236914706592,107.78085066864932,110.35692596435547,8056587
2014-04-22,110.14965159540625,112.16313623585928,109.29095762308984,110.6234130859375,6023142
2014-04-23,110.74185571133941,113.40676673201779,110.74185571133941,112.28158569335938,7167295
2014-04-24,112.28158569335938,112.28158569335938,112.28158569335938,112.28158569335938,0
2014-04-25,112.22237590535701,115.6275425362832,112.10393043550532,113.22911834716797,5576679
2014-04-28,113.22911150113666,113.67326334887196,109.88316441882827,110.26809692382812,5462940
2014-04-29,110.91951650579486,111.80782014726739,109.2909575706889,110.4753646850586,7314229
2014-04-30,110.97874326741729,112.16314368378318,105.6785307336608,106.8629379272461,8698753
2014-05-02,107.72163199742462,109.14292343057299,105.08633717674326,106.80371856689453,9850854
2014-05-05,106.59644022177422,108.66915104071511,104.61255841424098,105.3824234008789,8306395
2014-05-06,105.41202737085987,107.6031767531843,105.41202737085987,105.97462463378906,4882723
2014-05-07,106.24111834372538,107.39591583395185,105.41203400877598,105.64891815185547,3198294
2014-05-08,106.00424126238804,109.91277202732707,106.00424126238804,109.1133041381836,5651872
2014-05-09,110.38653128478262,115.47947588714268,109.37978894328133,114.91688537597656,8554375
2014-05-12,115.4794818064578,119.50646493331857,115.18338508920291,117.64102172851562,7536306
2014-05-13,118.38125186644326,136.08810389003585,118.29242964231621,129.66270446777344,33699136
2014-05-14,130.8767646094577,131.20247783309745,125.2508446628435,128.1526336669922,11088304
2014-05-15,128.50794996793846,133.12712686307987,126.87938401926306,129.15936279296875,10113084
2014-05-16,134.01540255769294,139.16756605748347,131.67620492631127,137.15406799316406,18096501
2014-05-19,136.85797393760114,161.67125543771473,136.82837104659083,157.85154724121094,34897689
2014-05-20,158.71027759692126,170.435884613495,153.35083854254992,164.51385498046875,33974839
2014-05-21,164.51384623216447,166.26085077718858,157.76274609286682,160.5164794921875,17540931
2014-05-22,161.90816102491453,162.7372454343785,154.71290873194152,155.98614501953125,12792403
2014-05-23,157.2297751592354,165.55022269525972,157.1409393560133,161.1679229736328,16355884
2014-05-26,162.85567718615593,172.62701808841405,148.7316534855766,153.46926879882812,27697570
2014-05-27,153.469282520116,153.7949957199043,142.4247043970735,145.47454833984375,17926338
2014-05-28,146.48127940142194,152.10721205130028,145.2376596033524,147.3695831298828,13141699
2014-05-29,146.86618941454446,149.02772905952168,142.75038457731807,144.0828399658203,21641911
2014-05-30,144.0828379830952,149.53109813385026,142.7207797226249,143.43141174316406,11150736
2014-06-02,144.49739683657955,148.6428047930296,143.668312534402,147.22152709960938,10569531
2014-06-03,148.10982682690297,152.9362773873932,145.08958639362803,152.40328979492188,17624563
2014-06-04,153.97263889047753,155.74924631442317,151.4557828913675,152.55136108398438,10828987
2014-06-05,153.7949686626344,156.0453442132432,151.07083839891087,154.23912048339844,13188135
2014-06-06,155.66041562968482,156.34144482406066,152.34407833708184,155.6011962890625,11948568
2014-06-09,156.40064887879169,157.67388490938865,154.5648223900486,155.71961975097656,10944765
2014-06-10,157.1705355985977,157.4074129708101,148.93892492426744,151.4853973388672,11136172
2014-06-11,151.9295370321581,153.85418585903895,145.08958824410195,146.39244079589844,12415170
2014-06-12,146.27399700673837,147.28073927733678,142.2766308152485,144.2901153564453,8950740
2014-06-13,145.08957468199748,149.64953107817234,138.10158497856912,140.79611206054688,15149605
2014-06-16,140.94420156510716,143.49067415934869,137.45020586073386,142.7504119873047,9857023
2014-06-17,143.22417377698903,147.5176372500683,140.85535933264921,146.74777221679688,11411839
2014-06-18,147.16231223511062,148.28749326712185,141.00340589785392,142.9280548095703,9088167
2014-06-19,143.31297274258574,145.91866414186455,141.536365586461,142.66156005859375,8336601
2014-06-20,141.24026497386117,144.79347918704008,140.44079719767052,141.4179229736328,5941701
2014-06-23,141.2402871574945,145.38570890877472,141.00340978726095,144.7046661376953,7192536
2014-06-24,145.38571746966383,149.11659048828537,145.38571746966383,148.22828674316406,12964896
2014-06-25,149.23501286584337,150.6563041244361,147.16230887196375,147.96177673339844,9003489
2014-06-26,148.6428222941347,151.3077335318051,147.51764116385775,148.76126098632812,14638425
2014-06-27,148.87970435577313,149.76800804869674,143.75714311999195,144.76388549804688,8087898
2014-06-30,145.38571746966383,148.938932450149,145.38571746966383,148.22828674316406,7637700
2014-07-01,149.1757670155606,150.89315466680617,148.5835601706511,149.50148010253906,6656943
2014-07-02,151.01163300306644,154.68328658647067,150.1825486241262,153.61732482910156,11638029
2014-07-03,155.09780692012228,155.71961670092364,152.2256217963772,154.62403869628906,11313343
2014-07-04,155.24586587065542,156.19338887004463,152.3736939795522,155.6900177001953,10454680
2014-07-07,156.34147735556226,157.64431667478613,154.89058287675618,156.8448486328125,7781970
2014-07-08,157.28895507200065,157.8811619846329,141.50676487345044,143.84596252441406,14821774
2014-07-09,145.0303637882229,147.8729325903332,141.4771493969757,144.1716766357422,12142378
2014-07-10,146.15557380837748,150.12332397460938,139.58211835374914,144.34934997558594,12488389
2014-07-11,145.0895850812445,146.21477959356872,131.29127623817251,132.2091827392578,15236683
2014-07-14,132.47566647487474,135.19979643444552,129.75153651530397,134.2522735595703,7217571
2014-07-15,135.85126380820634,140.23356351520914,133.83777878333598,138.9603271484375,9027861
2014-07-16,140.11508806909723,145.23763509081115,137.47978022373755,142.83921813964844,7863708
2014-07-17,142.9872627304946,144.91192504293178,141.98052046073892,143.9940185546875,5862724
2014-07-18,143.2537811692386,143.2537811692386,139.19719494691205,141.32913208007812,7038622
2014-07-21,141.53640370116318,143.01691458143674,138.27929874077822,139.28604125976562,4608240
2014-07-22,139.58212167953076,141.24029041832517,136.7987718517112,138.60499572753906,4942558
2014-07-23,139.40443223180455,140.6184488403488,137.39094788321205,138.87144470214844,5204028
2014-07-24,139.16760435690614,141.41796682739144,137.98319021560158,139.93746948242188,4244562
2014-07-25,140.38160898748413,140.58886992261654,131.7650517666566,134.45957946777344,10261803
2014-07-28,135.11099445815148,136.73954667833556,133.60086736633096,136.11773681640625,6001330
2014-07-30,135.91044738844278,137.39095786942548,133.36397532510475,136.76913452148438,6979158
2014-07-31,136.23615812340776,139.04912392171724,134.4891538887994,135.2294158935547,5879385
2014-08-01,133.896953395395,136.62108327014735,132.1203463660158,132.71253967285156,5870952
2014-08-04,133.3047688159483,136.1473378272018,132.94945277245594,135.58474731445312,5579028
2014-08-05,136.14733766783266,136.62110594637278,133.24554931939383,135.11099243164062,4930218
2014-08-06,134.42996503509806,138.81226450566135,134.1338682987221,135.880859375,7148994
2014-08-07,135.17021398692413,138.27927685531878,135.17021398692413,136.70993041992188,4651636
2014-08-08,135.02216123311464,135.02216123311464,129.98843579180405,130.81752014160156,7339929
2014-08-11,132.12037376085917,133.24555483158667,130.1364918855163,131.20245361328125,5079640
2014-08-12,131.23208812616187,133.2455731729241,129.2482059777364,132.7718048095703,7713405
2014-08-13,126.70170063188128,127.82688156812127,121.10538528696783,124.18484497070312,22653099
2014-08-14,123.88874552457592,127.20508284062193,121.54954766736294,126.10950469970703,10103157
2014-08-18,125.54691916121702,132.06115536955204,125.31004178765978,131.52816772460938,9381403
2014-08-19,132.17961578138411,135.1406241008378,131.29131193010392,134.7556915283203,10837560
2014-08-20,133.6008693231491,137.62785236958877,133.6008693231491,137.0652618408203,9028534
2014-08-21,136.73956113163828,137.59824844993426,135.0221729406065,136.02891540527344,6196278
2014-08-22,136.53226916410324,137.50940860710486,134.13385200470802,134.72605895996094,5367142
2014-08-25,135.22945026642194,139.75979145229113,135.05179221972043,137.53903198242188,9614661
2014-08-26,136.47307107556378,139.96706690220745,132.71258139983604,137.98318481445312,7037295
2014-08-27,138.63460642375927,140.32237815227407,134.37074564897895,135.7032012939453,6756667
2014-08-28,136.50265434706543,144.46777010495424,135.4070763196053,142.66156005859375,19260625
2014-09-01,142.54310377792356,144.2012722170443,140.38157778362446,141.24026489257812,8189760
2014-09-02,140.9441855108824,143.96441253895145,140.35197855159038,142.30624389648438,5451334
2014-09-03,142.45429400138727,143.31298118536353,139.37483418698915,140.2631378173828,6062769
2014-09-04,139.16759205490487,139.2268114012912,133.8673724494705,134.45957946777344,16035526
2014-09-05,134.48916186238293,134.78527210361548,130.9359474030921,131.9427032470703,7700230
2014-09-08,133.23662524520054,134.63787353580048,132.43166559936847,133.4751434326172,5194578
2014-09-09,133.50493705952692,133.83288759462798,131.47762136713445,131.89500427246094,5136804
2014-09-10,130.5832266489077,132.90868682907154,129.98695165840604,130.64285278320312,5367211
2014-09-11,130.9111548130899,133.176974823741,128.8540194129943,132.78939819335938,7617610
2014-09-12,133.4751198311885,134.4589577079576,130.9409617767593,131.59686279296875,7838391
2014-09-15,130.2850833527503,132.90867395016426,128.94347498978448,131.4477996826172,5586012
2014-09-16,131.53722501194142,132.78938716142676,128.07885551164193,128.73475646972656,6469999
2014-09-17,129.45033077490768,132.2826065862328,128.46647897883759,131.5670928955078,6102651
2014-09-18,130.8813586614751,136.66518928022805,130.2552774211842,136.3074188232422,8209140
2014-09-19,138.12603008652735,138.69248511001393,132.67015082234306,135.05523681640625,14708557
2014-09-22,133.8627089009627,134.42916395939318,131.44780287101156,132.163330078125,5813163
2014-09-23,132.16332854667058,133.9223334790896,128.40682781228674,129.06272888183594,5266473
2014-09-24,128.79441642974632,130.31490333864355,124.91866307710772,126.20064544677734,6936720
2014-09-25,127.00558886487913,127.81054840570867,119.88016430915489,121.07270050048828,13262446
2014-09-26,121.04287268714877,123.10000805934415,119.43295371090831,122.44410705566406,7110981
2014-09-29,122.77207915928712,126.05157110717026,122.59320075795834,123.87518310546875,5882166
2014-09-30,122.6528195034442,125.2167840440184,118.4789221527948,119.52239990234375,6804099
2014-10-01,119.49258561328077,120.65530189734424,118.41928804715221,118.92611694335938,5278447
2014-10-07,119.25406051361594,121.28138962788293,115.7956908071222,117.73357391357422,9223857
2014-10-08,117.76340561235943,122.53356414421752,117.49508120954172,120.5062484741211,11517303
2014-10-09,124.14348514583648,131.17947684309155,124.14348514583648,130.61302185058594,17693673
2014-10-10,128.19812186988213,134.39933447626854,127.42296858814065,132.13351440429688,18470979
2014-10-13,129.1819741356952,131.92481687616558,129.1819741356952,130.10618591308594,7694571
2014-10-14,130.8813588424789,135.83040993183914,128.64534466152796,134.7571258544922,9859420
2014-10-15,134.7571258544922,134.7571258544922,134.7571258544922,134.7571258544922,0
2014-10-16,135.11487650044953,137.02294002814165,129.9869472400602,130.94097900390625,10655256
2014-10-17,131.53726168099408,135.9496639651377,131.41800940946962,135.20433044433594,6154102
2014-10-20,138.1558357414603,138.93098902744038,133.6540018119817,135.97946166992188,6075169
2014-10-21,136.2775955587632,142.8067588721404,135.94964503396466,142.1806640625,11558667
2014-10-22,143.2241399839111,145.40052772798177,141.8825316614379,144.11854553222656,9060129
2014-10-27,147.8750574651271,151.39305380191686,143.85023218852794,150.64772033691406,15048057
2014-10-28,150.64774627429202,153.59928804814797,146.98067715411509,152.2278594970703,7655533
2014-10-29,153.8377652431801,154.22534191816408,149.69368772781382,151.8402557373047,8910856
2014-10-30,151.39305431740544,152.9433610315348,149.78312147177468,152.10858154296875,11375292
2014-10-31,152.52601726661626,153.7185538503317,150.85645786088455,153.06265258789062,5712303
2014-11-03,153.83775669593453,154.0166350788625,149.8725577937417,151.06509399414062,5005062
2014-11-05,151.00546866540137,155.03029371653045,150.5582658819426,153.8079376220703,8148459
2014-11-07,152.64524174797776,156.13341846713425,147.90488887889626,148.47134399414062,6373645
2014-11-10,148.53094884733054,152.8240982578979,148.2924443377284,149.60423278808594,4812807
2014-11-11,148.56077686821683,148.7694615017709,144.53595163437342,146.26513671875,4891354
2014-11-12,146.08622811606705,149.81292227405606,146.08622811606705,147.54708862304688,4999633
2014-11-13,147.93464617090683,150.97563268798015,146.3843535018065,147.75576782226562,7204749
2014-11-14,146.38439397260987,148.3520836467555,140.8092618562414,146.59307861328125,12942667
2014-11-17,145.04277948373593,149.51480748788455,143.52227904428827,148.56077575683594,5413863
2014-11-18,149.03778527044864,152.25765090264846,148.97815914004096,151.57192993164062,5712708
2014-11-19,151.66137977474781,153.06261434597593,147.42785617133458,148.5309600830078,5617890
2014-11-20,147.39802704536362,149.06758577476276,143.40300858982758,146.56324768066406,4611801
2014-11-21,145.78809535021915,151.36322656226196,145.78809535021915,150.40919494628906,4455057
2014-11-24,150.34956593303818,154.55326893956672,150.34956593303818,153.62904357910156,5707977
2014-11-25,153.83777096850724,158.96570030680337,153.83777096850724,158.30979919433594,13803247
2014-11-26,158.30979261330538,162.96069904531691,157.05763022114527,161.64891052246094,9275677
2014-11-27,161.05265925638167,171.57682981893748,160.15825351684327,169.46006774902344,19671136
2014-11-28,170.50349392164395,171.06994889845416,167.28364242490005,169.2215118408203,9096285
2014-12-01,167.99914781452728,168.71467488418315,162.78178738346912,163.497314453125,3849297
2014-12-02,163.25882247396285,166.06129120101778,160.69485823919902,161.85757446289062,4482507
2014-12-03,162.18553294301302,169.01282672733157,162.18553294301302,165.94204711914062,8905510
2014-12-04,167.73086800685104,168.3569491903169,162.18554243103458,163.31846618652344,6053596
2014-12-05,163.97435322856973,165.82279053368254,161.64890688861297,162.30479431152344,3945606
2014-12-08,162.51346417410784,164.12339668031726,156.07374779681396,159.17434692382812,5740375
2014-12-09,158.33959392549733,159.68120218007255,153.837746524624,154.61289978027344,4912383
2014-12-10,153.2414925797419,157.11725938759284,150.43902344024772,150.91604614257812,7536988
2014-12-11,149.99182755454464,156.10360870781537,148.38189462520631,151.42288208007812,8835136
2014-12-12,152.4066873847857,153.47998487214383,145.3707094804319,147.48745727539062,6288244
2014-12-15,146.0266212177487,150.7371675116624,145.31109398914376,148.35208129882812,5304877
2014-12-16,146.68248408287516,151.3930155014763,146.68248408287516,147.75576782226562,9279769
2014-12-17,147.27877293919775,148.91851176277962,143.4030067779396,146.1160430908203,6841050
2014-12-18,148.17317796139213,154.25512426188592,148.17317796139213,153.45016479492188,6877452
2014-12-19,155.6265666213144,158.4290355415657,153.89738163790787,154.46383666992188,6656338
2014-12-22,154.8216388843903,159.20422154659744,154.493688293741,158.57814025878906,6822943
2014-12-23,158.60791986054747,160.81412759155455,155.3284418000638,155.9843292236328,6441271
2014-12-24,156.75948121481485,157.62408055527305,150.5582682757534,151.78062438964844,11667561
2014-12-26,153.24150884490126,153.59927932150975,149.09743082765263,149.99183654785156,4297560
2014-12-29,150.61790018680807,153.241490902035,150.61790018680807,151.75082397460938,2926317
2014-12-30,152.04895351346678,154.64272432026613,151.48249844750126,154.0464630126953,3221614
2014-12-31,152.88373318501226,159.47252299860358,152.2278320983081,158.1607208251953,8045835
2015-01-01,158.3694281486866,160.96319910685358,157.14707192551222,160.12843322753906,4694068
2015-01-02,160.63524782309088,165.13708196922792,160.39672965993262,164.1532440185547,6176788
2015-01-05,164.5706467996559,166.0017013612807,161.05265017924702,163.0203399658203,4562988
2015-01-06,161.5296741859879,161.5893003225622,154.73218543613282,155.59677124023438,5676498
2015-01-07,154.82160540297215,155.59674504795564,149.06759548308705,151.3632354736328,6781173
2015-01-08,153.83775187999925,155.74581519992344,152.73464808182436,153.56942749023438,4579558
2015-01-09,153.98684268271523,155.7160278349031,149.66387297847209,151.89988708496094,3800550
2015-01-12,151.81042639042823,154.43401669580564,150.91602091467558,153.62904357910156,2713641
2015-01-13,155.1495615985445,158.607931958613,152.1980338484861,153.53964233398438,5782050
2015-01-14,153.77815758060564,161.470052225561,153.77815758060564,160.24769592285156,6791280
2015-01-15,162.1855609883649,164.5110212473709,158.0116768559844,160.366943359375,7668231
2015-01-16,159.5023297781037,163.88492547057763,157.80296457232694,163.2886505126953,5929110
2015-01-19,163.49735092519083,168.38676197137792,162.81164358559778,167.58180236816406,5226327
2015-01-20,169.07247809194527,169.34078885359565,165.94205849559108,167.7010498046875,6902265
2015-01-21,168.14824576311415,169.04265132568392,165.22652456473182,168.4761962890625,5599384
2015-01-22,169.01282543873404,171.33828527788833,167.46253252684318,169.60910034179688,6014205
2015-01-23,170.5631448344901,171.96437936172902,165.34578339456195,166.4190673828125,7540984
2015-01-27,170.02652178899493,170.8314814256992,166.65758378758167,168.08863830566406,6309520
2015-01-28,167.55197851003805,168.41657787213114,162.87126585982284,166.50851440429688,7454415
2015-01-29,166.06130653516453,172.8587807259554,164.57062602560566,171.66624450683594,7405209
2015-01-30,172.32214454740793,177.56932571650768,170.23518911688552,173.96188354492188,8632012
2015-02-02,173.75317451181277,176.79416145315696,173.00784113138243,175.2140350341797,4353852
2015-02-03,176.46623965402782,178.25505097612128,173.63395051153077,177.15194702148438,4835320
2015-02-04,178.28485423474035,178.88112921463818,169.34079777400842,169.93707275390625,5060523
2015-02-05,171.06996819624212,172.79915320619423,163.43771461925002,165.07745361328125,5206513
2015-02-06,165.13705914356336,166.50848721386325,156.96815778505817,157.5048065185547,6729909
2015-02-09,155.92470172282054,158.60791846555097,153.30111110898102,154.16571044921875,3354183
2015-02-10,152.34707564060008,159.20418947425358,152.34707564060008,155.92469787597656,3927507
2015-02-11,156.81912593998302,158.04148219883015,151.2141872728722,152.31729125976562,4294812
2015-02-12,151.45266477429269,160.63523819816777,149.51479522973773,159.62156677246094,9512382
2015-02-13,149.66385875983326,157.32593212697236,149.66385875983326,154.64271545410156,13845936
2015-02-16,154.9653851459037,156.22017384233723,152.36620245675607,155.08489990234375,4907550
2015-02-18,154.75627533041282,157.41520873565966,153.62098763929728,155.47328186035156,3404049
2015-02-19,155.68238858505148,157.92306779230904,153.3222083102096,156.42929077148438,4355154
2015-02-20,157.02679326168797,165.0932382615283,156.84754166356225,164.46585083007812,9851290
2015-02-23,165.5115163228756,165.5115163228756,161.7770462460565,162.85256958007812,5242173
2015-02-24,163.12145734808735,166.91567804323284,161.95630134611102,165.95965576171875,6955339
2015-02-25,167.00525874961906,168.34966605710977,162.37453158560768,163.83843994140625,4782459
2015-02-26,162.94222087841507,165.4816531628235,156.69818652330946,158.01272583007812,14242278
2015-02-27,159.53638697234038,162.61358785751176,158.66999724545857,161.86669921875,5570446
2015-03-02,157.4151794425837,164.4957338543175,157.4151794425837,163.569580078125,8863410
2015-03-03,163.56959519613903,164.79450175075775,160.22351033240218,164.1671142578125,5711361
2015-03-04,165.09326962606,166.52731003554638,160.43265880926364,161.86669921875,5368972
2015-03-05,163.12148067199402,163.53973449670102,158.96875615601195,161.53807067871094,3148335
2015-03-09,159.53638539808182,160.10402239906222,153.53136688515633,154.5172576904297,3937045
2015-03-10,155.35376436213582,157.08655731183347,152.48569751726365,154.81600952148438,3388863
2015-03-11,155.29403890827857,157.08658268536843,152.72472433764662,154.09901428222656,4336518
2015-03-12,155.3238689856965,158.31143638798696,154.75623213658264,157.773681640625,2993826
2015-03-13,158.58034693795514,159.14798388134662,151.46992357817206,152.21681213378906,3625519
2015-03-16,153.0533344648509,155.59278018955794,150.33465080261487,154.81600952148438,4775821
2015-03-17,155.59278279665577,158.81935292269304,154.3081256973195,158.2218475341797,3152625
2015-03-18,158.7595722508598,159.02845646266672,153.4118248205623,153.97946166992188,4190058
2015-03-19,155.86163648460106,156.42928705617533,150.51388861910215,152.7246856689453,2782710
2015-03-20,151.17116126774596,152.60518775028297,146.3910365232346,146.83917236328125,5179126
2015-03-23,147.167807316072,147.34705891710573,140.71465394671344,141.49142456054688,5466642
2015-03-24,140.41592004787088,144.89727905284525,139.2208818625295,143.4034881591797,4632145
2015-03-25,143.94125555890537,144.12050718246616,140.50553789855655,141.4018096923828,3697993
2015-03-26,140.41592640106904,146.09231017219366,139.90803993592718,140.92381286621094,7407238
2015-03-27,141.6109431475402,142.53709704815938,136.23331239510196,139.10137939453125,4480102
2015-03-30,140.4159214276436,143.34373902605725,138.74287889254367,142.65660095214844,4548237
2015-03-31,143.37359627482462,144.59850280947057,139.2208723701594,140.62503051757812,5933668
2015-04-01,140.89390639880804,141.0134074668857,137.18931858431785,137.84658813476562,5019112
2015-04-06,137.63744885465854,142.44744186814074,135.99428872109146,140.47564697265625,7298490
2015-04-07,138.92213420591386,140.56529467548157,136.65157251201728,139.5196533203125,4446670
2015-04-08,140.4159194437364,143.04498429374473,139.81840035363652,140.95367431640625,5247312
2015-04-09,141.34204753438738,142.23831925454965,137.72709222361078,139.01174926757812,3581359
2015-04-10,139.40015332441854,141.79020244868624,138.80263420534013,140.17691040039062,3367534
2015-04-13,140.41590011095485,146.06240071468773,140.41590011095485,144.98687744140625,6016558
2015-04-15,144.59849924615853,145.67403624833364,137.60759078814672,138.86236572265625,6140497
2015-04-16,139.2507394658648,140.32626270258234,136.9503098265451,138.62335205078125,3803406
2015-04-17,138.44408749673735,141.61092036812502,138.05571588026626,140.32626342773438,3632844
2015-04-20,141.37193038138682,141.37193038138682,134.56025980204888,137.3685760498047,3135909
2015-04-21,137.36858093866527,139.43000871441043,135.0382825767104,135.6357879638672,4397890
2015-04-22,135.6955457331743,138.50387590654097,132.9768618866905,137.90635681152344,5182029
2015-04-23,139.40011596679688,140.32625599334946,137.72707382255166,139.40011596679688,3146893
2015-04-24,139.9976262250387,140.80427889969164,138.17521453330454,139.81837463378906,4282333
2015-04-27,140.7743953664964,140.9536469559252,134.50049400435114,135.21751403808594,3938541
2015-04-28,135.33703815021425,142.5669628968353,134.2615147544236,139.19100952148438,6003312
2015-04-29,139.10136749948865,140.35615610670288,136.86068821091436,138.71298217773438,2819844
2015-04-30,138.32461998328543,145.31554326769498,134.79928306810535,142.23834228515625,10635402
2015-05-04,143.9412502757527,147.58608785846624,142.3578268023606,146.48068237304688,4249645
2015-05-05,146.68981609753632,148.78111231436554,144.59850620468538,146.48068237304688,3511611
2015-05-06,145.49474982563814,145.7935161388452,136.74116763384902,137.24905395507812,4722240
2015-05-07,136.23332697828423,139.28064592712587,133.90301459903569,136.65158081054688,4260034
2015-05-08,138.47398750830544,139.72876250722763,137.4283325585224,138.2349853515625,2197642
2015-05-11,138.74284121532295,142.44742853301116,136.17352756814788,140.2366180419922,4653870
2015-05-12,140.23663795089263,140.29640216142192,132.37932641683693,133.0067138671875,5113764
2015-05-13,134.1420103247209,136.53205921656775,132.7079700487955,136.08392333984375,4054597
2015-05-14,136.0540383151851,137.9660826658745,133.69385814242727,137.42831420898438,4614879
2015-05-15,137.6673048796748,139.75860044223683,135.69549668169682,137.9959259033203,2624143
2015-05-18,138.02584027590336,140.4159026748523,137.0698180515279,140.1470184326172,2275501
2015-05-19,139.81838568950715,143.37359039647762,138.86236345122816,140.50552368164062,3620634
2015-05-20,140.535409441823,142.02918653521763,136.9503225360419,138.115478515625,3444466
2015-05-21,138.11550058925414,139.48977682889583,135.99432200752392,138.8922576904297,3400150
2015-05-22,139.16110512318735,140.80427889969164,137.7270787171706,139.81837463378906,2397267
2015-05-25,139.2507504490218,141.820064519176,137.01007116412234,139.90802001953125,4211997
2015-05-26,138.17523009821608,147.49645065339396,137.51796051357545,144.26986694335938,13087288
2015-05-27,143.40348437213868,151.05167658746302,142.80596529524746,149.28900146484375,10294650
2015-05-28,149.37863457840146,152.33632051197444,147.04832247968488,150.99191284179688,10853431
2015-05-29,149.67736400880565,154.1587222126621,147.8549386237614,150.364501953125,7202971
2015-06-01,150.03587848015061,153.3520947412605,149.67737526728405,151.79855346679688,4051272
2015-06-02,152.8442187341793,153.85999158232215,148.63173047873377,150.035888671875,5314372
2015-06-03,151.23088335324445,152.54540852129583,143.8216954958035,146.89889526367188,5556276
2015-06-04,147.52633781884256,149.19936659235603,144.65825723334112,148.18359375,2846427
2015-06-05,147.6159581622239,150.57365774601064,146.48068423091937,147.43670654296875,3302854
2015-06-08,146.98855233022041,147.1976860312875,144.15035417980494,145.22589111328125,2317689
2015-06-09,144.1204793101642,146.80929417163736,143.46320980819888,144.21009826660156,2767117
2015-06-10,145.13628836485015,150.8724227032096,144.89728618642425,150.1255340576172,6025344
2015-06-11,150.66330828929463,151.4101969629168,144.95704217107823,145.64418029785156,4344642
2015-06-12,145.1960208299976,149.079860449904,144.538751245145,148.36285400390625,3599832
2015-06-15,148.48233904629893,150.1553812583612,147.19768212189467,148.06407165527344,3667803
2015-06-16,148.18359942555963,148.18359942555963,144.83752807435351,146.74957275390625,2821882
2015-06-17,147.4068230852763,147.46658730050268,143.46323279368676,143.88150024414062,4538755
2015-06-18,144.44912625307973,146.92880763212548,144.32962518373063,145.34539794921875,2654031
2015-06-19,146.0325516004059,146.0325516004059,142.298081240569,144.15037536621094,3859863
2015-06-22,145.2259214199822,148.78112669994525,144.89728658572946,147.37696838378906,3030334
2015-06-23,147.61592383485,149.94623537133,145.0167417700228,145.67401123046875,3785488
2015-06-24,145.7935437073175,153.97949059834147,145.315525721408,151.82843017578125,10985920
2015-06-25,150.87238970887395,155.3238795266849,150.87238970887395,152.9636993408203,9313326
2015-06-26,152.27654126959715,152.48567495914506,148.1835684902624,149.9462432861328,4173817
2015-06-29,147.5861041068939,148.72137814878684,145.07654016479646,147.7354736328125,3218274
2015-06-30,147.49643765049464,149.8267494218656,147.01843339545658,148.1238250732422,3831690
2015-07-01,147.76531107669302,154.8458511568341,147.76531107669302,153.97946166992188,6124279
2015-07-02,153.85998053890688,155.11475545513343,151.79855288280248,152.84420776367188,4175061
2015-07-03,153.85998723986032,156.78780462258266,153.85998723986032,154.81600952148438,4249372
2015-07-06,151.7089372613149,155.7720424940933,150.9620486489165,155.35377502441406,2605689
2015-07-07,155.65251248344887,156.90728730725218,153.44170181405656,154.75624084472656,3786822
2015-07-08,152.9637196401317,153.56122503482072,148.5421113393235,152.78445434570312,5265988
2015-07-09,153.20271951647987,158.8193521990439,152.21681511589247,157.92308044433594,7772599
2015-07-10,160.163751082014,161.50815864063642,158.46084031150062,160.4923858642578,6992448
2015-07-13,160.522282713402,161.71730720548538,158.49072329803144,160.94053649902344,3626259
2015-07-14,160.97039567810359,164.1372149176366,160.01437348541245,163.21107482910156,5184459
2015-07-15,163.12143848404335,165.18286599129843,162.4044184368216,163.4500732421875,3965323
2015-07-16,163.42022910174,168.49910746704515,162.6434583431385,167.423583984375,5043882
2015-07-17,167.30406684435098,171.96467727281905,167.15468365863626,171.21778869628906,5815546
2015-07-20,170.29160039753373,170.29160039753373,166.88576565437927,168.70819091796875,3803104
2015-07-21,168.73808314466314,173.27919221740495,167.0351723708928,169.4849853515625,4262800
2015-07-22,168.97710586535527,171.4269052700818,167.8119498628516,170.26174926757812,3591255
2015-07-23,171.9646959063187,172.65183401822307,168.79786228776345,170.08251953125,3363750
2015-07-24,169.69409695987414,171.48664028577429,167.00528197102392,167.51316833496094,2932654
2015-07-27,167.00529983412122,168.61859173519514,161.92643565150925,162.52394104003906,3618868
2015-07-28,162.88246597232458,167.30407444535012,162.88246597232458,166.6468048095703,4435752
2015-07-29,166.855911053825,170.59036716689795,166.1090088903943,169.45509338378906,3711084
2015-07-30,170.88914033254096,172.14391522970303,168.85758113691665,171.42689514160156,5269528
2015-07-31,171.48665781513927,173.07008127729011,165.66089141045396,166.3181610107422,5022340
2015-08-03,164.85423729790983,171.75552644476562,164.43596988996805,169.06671142578125,5909841
2015-08-04,169.48498304112573,170.59037476951195,166.22851736251974,168.37957763671875,3971035
2015-08-05,168.64847855337183,172.05430039118932,166.79618444514716,167.63270568847656,3488721
2015-08-06,168.4991058252513,170.88916862258165,166.70656214625924,168.7679901123047,3500584
2015-08-07,169.63436618041237,169.66424828813308,149.5280019552208,159.0284881591797,30387123
2015-08-10,156.369531025917,164.19697426034384,155.14463821019748,162.79281616210938,14651772
2015-08-11,163.53972796294897,163.65924272697097,158.93886769486878,159.56626892089844,3455772
2015-08-12,157.80358534997686,158.93885930204272,153.65086121919092,155.2940216064453,3019948
2015-08-13,155.35377897503838,157.9828439158053,150.8126692911724,154.5172576904297,5304867
2015-08-14,155.6823783869368,157.92305744741665,153.71058354891844,156.25001525878906,4573557
2015-08-17,156.54881826717752,157.7438428207819,152.96373093034157,156.51893615722656,2861506
2015-08-18,157.68405532790405,157.9828079772948,154.60685517311038,156.25001525878906,2291664
2015-08-19,155.56287689422075,157.59442225646308,154.1587189319627,156.69815063476562,2640196
2015-08-20,155.3537553439308,156.2500270356766,150.39439261014843,151.1412811279297,3337749
2015-08-21,148.18359611466263,149.7968880507461,145.46491234780038,148.6914825439453,4862601
2015-08-24,143.40349019108518,143.40349019108518,134.44077205414234,137.1594696044922,7700613
2015-08-25,140.44577935898326,141.19268159531723,128.0772265733655,138.02584838867188,7787143
2015-08-26,138.0258549258057,145.07652812643767,133.8432487027133,143.4931182861328,6767295
2015-08-27,144.0010317598393,144.53878672634502,136.8906066833995,138.38438415527344,15193254
2015-08-28,140.98356326254992,143.194360753901,138.35449828503704,140.17691040039062,4553430
2015-08-31,138.62336038532956,139.10136466326787,134.70963881761617,135.30714416503906,4984795
2015-09-01,134.4407710064378,136.17356407781116,128.52537161174556,130.10879516601562,4612831
2015-09-02,131.33370209138357,131.4532031757476,122.63985460566369,123.38675689697266,9685620
2015-09-03,125.14940969096709,128.76437878336276,124.04400422353766,126.43406677246094,5739595
2015-09-04,125.41830005616589,125.41830005616589,121.89296343717932,123.20748901367188,4024624
2015-09-07,123.26725334252532,124.52202837922648,119.20414817545388,119.98091888427734,3853390
2015-09-08,120.10039873570028,127.80834024436956,118.27797336776725,126.73280334472656,6658378
2015-09-09,128.85398572505432,130.4075269206468,126.55355603589786,127.1211929321289,4061371
2015-09-10,123.6855031693887,130.55692457080644,122.66973032914831,129.69052124023438,6740938
2015-09-11,129.60091880348855,130.1984242704322,125.32867949671208,125.89631652832031,4858846
2015-09-14,127.5263427016001,128.3653327007148,126.14799709006064,127.7960205078125,2754970
2015-09-15,127.34653472727413,128.42523200413584,125.90826254720515,127.16674041748047,2474862
2015-09-16,128.18555152558636,128.18555152558636,124.47001656445933,126.05811309814453,3766815
2015-09-18,127.76605782374739,128.3353700505715,123.60107787686893,124.79962921142578,9861891
2015-09-21,123.99060258358894,125.03934351589562,123.24150975558877,124.14042663574219,4349206
2015-09-22,124.9494399203305,125.84835675428972,120.03536762899859,120.87434387207031,10681389
2015-09-23,119.79565342742623,121.83320842902586,118.17760028830244,119.31623840332031,8094166
2015-09-24,119.25630300953968,120.3350004531343,115.72056259370348,118.74691772460938,12991047
2015-09-28,119.55594245947272,119.85557684087765,116.31983627476848,116.94908905029297,7430025
2015-09-29,115.6606482725361,120.1552328722929,115.06136575377397,118.17760467529297,6218845
2015-09-30,119.37615384737089,123.90069442772986,118.7169445359818,123.18157196044922,5830041
2015-10-01,124.35015726978415,124.35015726978415,118.95665627423135,119.4660415649414,9575920
2015-10-05,120.75449381809452,122.79204876276408,120.00540100566738,122.34259033203125,4260249
2015-10-06,123.45125285437904,123.51117973482069,118.05775131632775,118.50720977783203,9556252
2015-10-07,118.62704122965967,121.80322016128859,118.29745030740544,121.50358581542969,5840596
2015-10-08,122.25268913691782,123.57109408937676,120.30503142903066,122.1328353881836,5947794
2015-10-09,123.45123853543862,123.75088661927484,120.57470745873292,120.99420928955078,5428452
2015-10-12,121.65341197098368,125.09926912077044,120.81442197695048,123.151611328125,6266626
2015-10-13,124.61982214093292,125.81837322131649,123.54112479694962,124.9194564819336,6056643
2015-10-14,125.24908311507018,125.51876092752981,122.43247866578812,123.0317611694336,2821137
2015-10-15,123.42127774264685,127.22669580309689,123.1515999629553,126.92704772949219,6685029
2015-10-16,127.58626241221579,128.2454717422877,125.72850188632586,128.0357208251953,4538221
2015-10-19,127.64618259544538,129.41404585952162,126.56748520411227,128.6050262451172,4873189
2015-10-20,129.20432229352974,129.7137076074922,126.68735230410067,127.37651824951172,2694774
2015-10-21,127.4064695195723,128.06566506977376,124.44004153633253,124.9194564819336,13240614
2015-10-23,126.44761966397473,126.83715114621857,124.76964000452132,125.81836700439453,3923719
2015-10-26,126.68731543256091,131.30175221198684,125.54869138172621,130.3728790283203,10507887
2015-10-27,130.22307508915048,131.66133366017192,127.85592947493556,128.48516845703125,4415671
2015-10-28,127.31654714614908,129.9234134039414,126.68730829646755,127.28659057617188,4082578
2015-10-29,127.16678485848574,127.94584808525083,121.20397060330463,121.80325317382812,10453105
2015-10-30,121.95304452617496,122.4923863501971,118.53715810851017,119.16639709472656,6182628
2015-11-02,118.80685237709322,121.50360302083772,118.02778925116041,119.97543334960938,4347640
2015-11-03,121.05413729595924,121.17399104406256,118.95665555500436,120.48482513427734,4349130
2015-11-04,121.35377166621755,121.77325978457918,119.85557238216153,120.48482513427734,4195359
2015-11-05,120.60467875147108,120.75448907824651,115.42091499514446,116.49962615966797,3902547
2015-11-06,116.25990636818935,117.93788629308614,110.32705661452276,114.73175048828125,14898504
2015-11-09,111.46568648273232,113.86279573393168,109.5180356447698,110.59673309326172,12071524
2015-11-10,109.8776000876771,110.2371682003729,106.31189611497709,106.91117858886719,10597155
2015-11-13,107.24076951866225,108.52921089854671,105.862424120292,106.64148712158203,5715061
2015-11-16,106.13212027507507,108.34944906882738,105.47291775389058,106.94114685058594,5717926
2015-11-17,107.63029307476641,108.76892413117388,106.55159574401439,107.15087127685547,4590894
2015-11-18,107.09095692597418,108.10972750833308,104.30431611400897,104.69384765625,4475050
2015-11-19,105.47291847724958,105.71262599270914,104.15450656764698,105.35305786132812,3528210
2015-11-20,104.87363437900984,107.15089003223866,104.54403655026009,105.62273406982422,4231416
2015-11-23,106.37183085636015,107.27074771751758,104.63392401036359,104.99349212646484,3501583
2015-11-24,104.87364478280135,105.95234926756788,103.82491059817679,104.18447875976562,3012870
2015-11-26,104.7537724093504,105.35304800009773,103.55521436966472,103.88481903076172,5429128
2015-11-27,104.18446721378852,106.46172284055717,104.18446721378852,105.47291564941406,3996300
2015-11-30,105.95232329997947,106.85124005454222,104.66387503734747,104.87361907958984,5667532
2015-12-01,105.47291522867171,106.04222741854495,104.6339252340209,105.143310546875,2684626
2015-12-02,105.71261483696401,105.71261483696401,103.46532282572672,103.73500061035156,3313312
2015-12-03,103.04582865844458,103.04582865844458,100.73860975678346,101.0682144165039,7294459
2015-12-04,100.04944464749722,102.14691265197825,99.59998623822399,100.888427734375,5337480
2015-12-07,101.57760656988499,102.17688219868775,100.618762820524,101.15811157226562,2841214
2015-12-08,100.6786870159799,100.97832825149598,98.37146801962253,98.7010726928711,4051336
2015-12-09,99.48013356413854,102.59637924075525,99.48013356413854,101.2180404663086,9798981
2015-12-10,101.57759879929583,102.20683781849296,99.27037991798507,100.40900421142578,3997072
2015-12-11,100.61875408560857,100.91838844490235,98.43138897180957,99.18048858642578,4771759
2015-12-14,98.70106732109105,101.27795711679417,98.61117015459496,100.16929626464844,3060426
2015-12-15,100.19925597802259,100.67867779602906,98.43138588093913,99.54004669189453,2487760
2015-12-16,100.67869208044338,101.99710398156674,100.3191239513749,100.79854583740234,3148881
2015-12-17,101.8772413757697,101.8772413757697,99.12055719781209,101.30792236328125,3409300
2015-12-18,100.79854820128153,100.91840196105123,99.12056813173852,99.77977752685547,5545135
2015-12-21,99.77977513284495,100.97833327636042,99.57002420008872,100.13934326171875,2318526
2015-12-22,100.61876715188764,101.12815248702634,99.15053802611232,99.4501724243164,3424249
2015-12-23,100.04944418047883,103.55521426989267,99.95954701249096,103.1357192993164,7452429
2015-12-24,104.24440001766777,104.57400471951836,102.83609774745943,103.49530029296875,4821280
2015-12-28,104.0645901098687,104.27434100522443,102.50647097349788,102.74618530273438,2776992
2015-12-29,103.43535030885329,103.43535030885329,99.77975653925782,101.0082778930664,5137282
2015-12-30,101.87724103306043,102.41658974890632,100.85846361625038,101.7274169921875,3235122
2015-12-31,101.69745592509487,102.02706059286554,100.3191172377344,101.36785125732422,4680094
2016-01-01,101.27796423254618,103.07579795772861,100.76857892483667,102.41659545898438,2551222
2016-01-04,102.17688989387112,102.44656771914775,98.58122213387341,99.00071716308594,3483033
2016-01-05,99.36027849326517,100.70865381074753,98.40143473748103,99.65991973876953,3429985
2016-01-06,100.25919291244966,101.15810976872278,98.97074450403267,99.2703857421875,3766134
2016-01-07,98.28156966887607,98.40142341000426,91.74943790452942,92.13896942138672,7421127
2016-01-08,93.72706839653867,93.75703869523335,91.27003198435311,92.0490951538086,4541688
2016-01-11,91.03030165592025,91.03030165592025,88.69311941516126,89.56207275390625,4570783
2016-01-12,89.83176863423232,91.80938319232547,89.35234671535542,90.2812271118164,3632026
2016-01-13,91.06027260298347,91.68951160602302,85.66677192027625,88.81298065185547,5437554
2016-01-14,87.01516040964745,88.03393108790947,85.39710721389689,86.08627319335938,3836478
2016-01-15,87.19492031673622,87.19492031673622,80.96243025252352,81.74149322509766,4898815
2016-01-18,81.50179248745715,88.69312732041487,78.98482941083674,85.15738677978516,10254495
2016-01-19,85.75666261842085,87.07507435965118,81.86135426594154,86.47579193115234,6368319
2016-01-20,84.76785616610373,86.71550692793116,81.68157426809708,85.72669982910156,8119474
2016-01-21,87.1949336662543,88.42345517906283,84.7678609363464,85.75666809082031,6389520
2016-01-22,87.58445955501537,88.6331935167864,86.05629690754185,88.3035888671875,4220617
2016-01-25,88.90288087839441,90.76064151753103,86.47580118543863,87.04512023925781,4580764
2016-01-27,87.19493551385366,87.49457675357331,83.38951714472223,83.65919494628906,5916802
2016-01-28,83.6592062660554,84.19855508397592,81.53176757838817,82.04115295410156,14325036
2016-01-29,82.55053794849131,83.68916236889152,81.80143824262316,83.1198501586914,4825786
2016-02-01,83.71913185489568,86.77545092007105,81.80144415054728,84.04873657226562,10034334
2016-02-02,84.22850473494495,84.31840190503922,80.4830202067868,80.78266143798828,5761080
2016-02-03,79.70396203241265,79.88374952548959,76.58771635372561,76.82743072509766,6513556
2016-02-04,77.45666704028632,78.77507889028801,76.2281523627097,77.60649108886719,5526613
2016-02-05,77.84620704475003,79.97364567020003,76.97725352977153,79.58411407470703,5011585
2016-02-08,79.67397818363436,82.64040590669067,78.80502495456685,79.2844467163086,5080377
2016-02-09,78.9548681168589,79.94367531160248,77.87616374770923,78.7451171875,3999670
2016-02-10,78.47544318657053,78.6552238120072,75.89854640616424,76.70757293701172,3900423
2016-02-11,76.10828950196345,77.45666475017654,71.40396128090926,72.06316375732422,8070220
2016-02-12,68.31768383408313,69.3064910442539,61.276165889681735,62.59457778930664,30656788
2016-02-15,63.942955029732424,65.62093510791848,61.06642363129218,64.69205474853516,21288186
2016-02-16,65.32128569312557,65.89060470026588,60.88662853057166,61.87544250488281,11995162
2016-02-17,62.14511662480382,63.82309657969374,59.98771480540126,63.37363815307617,13749124
2016-02-18,64.72199971660146,65.02164089024161,60.646911302768835,62.145103454589844,15185833
2016-02-19,59.92779852548592,63.10397151128524,59.11877184289148,60.976539611816406,21575691
2016-02-22,61.725616407765244,61.845477007384396,60.16749719462362,60.52706527709961,12329764
2016-02-23,61.54583844606553,61.54583844606553,58.72923425205758,58.998905181884766,15617923
2016-02-24,58.90901968542996,58.90901968542996,55.672920255743044,56.00252151489258,16800108
2016-02-25,56.63175660800766,56.84150408331034,54.74403275937888,56.541866302490234,19241316
2016-02-26,57.20106942716525,58.0100959030006,56.21226233811795,56.99132537841797,9488707
2016-02-29,57.41081790591318,57.83031629800748,54.02489819496014,54.444393157958984,16253800
2016-03-01,54.80396065158553,56.09240896259819,54.38446569315836,55.61298370361328,16279459
2016-03-02,58.01009974597194,61.09638181790159,57.410820708279076,58.18988037109375,29220081
2016-03-03,58.7292382579859,62.23500859220559,58.21984608385121,61.90541076660156,24829233
2016-03-04,62.38482431419292,64.84186024977002,61.15630291730908,64.48229217529297,19633504
2016-03-08,64.722010800416,66.60973474378993,62.774359983689386,63.52345275878906,13240912
2016-03-09,63.52346081431236,64.7220190079306,62.08519509688561,64.51226806640625,10257723
2016-03-10,64.5721901534771,64.5721901534771,62.08518389359354,62.564605712890625,12005086
2016-03-11,62.5645983544101,63.044020117320414,61.57579139704444,62.145103454589844,10116858
2016-03-14,62.804322420987006,64.0328370215504,61.51587408983356,63.49348831176758,11349492
2016-03-15,63.463528909333334,64.15270170210893,63.01407047958141,63.613346099853516,6386377
2016-03-16,64.42237466682627,65.02165716409716,62.95414557907661,63.7631721496582,9272242
2016-03-17,64.45233068533845,67.23897820297485,64.0328357288228,66.45991516113281,17147316
2016-03-18,66.9693074295873,68.43753650187706,66.63970274537809,67.95811462402344,13204377
2016-03-21,67.95811049116762,68.19782484461201,66.51984494507448,67.08915710449219,9276801
2016-03-22,67.71840141033732,70.29529121492985,67.3588333176853,69.93572998046875,22087651
2016-03-23,70.41516032022454,70.59494095916271,69.42634623148929,69.75595092773438,9134821
2016-03-28,70.29529586407408,70.53501022775981,67.3288743344332,67.80829620361328,7496754
2016-03-29,67.68844927512912,68.43754216351293,66.19024978197733,66.4898910522461,7910284
2016-03-30,67.35883551758637,69.42634011602492,66.69962618316309,68.82706451416016,8649823
2016-03-31,68.37760037650699,69.33644400253286,67.71839795543566,68.227783203125,10190908
2016-04-01,68.19782128297537,72.33283708386323,67.92814350670825,69.78590393066406,28848411
2016-04-04,70.4151587031762,71.19421497887609,68.7371786788535,70.02562713623047,9727903
2016-04-05,69.93573543848558,70.65486482172194,67.328875136049,67.62850952148438,9742818
2016-04-06,68.6472906743081,69.39638353611143,67.50865937424312,68.25775909423828,10515573
2016-04-07,68.91695669677574,72.78230192213329,67.53861797433171,71.4638900756836,56733978
2016-04-08,71.31407580981646,73.92092931341713,70.59493955201457,73.5913314819336,32995939
2016-04-11,74.0707562623601,76.82743392800992,73.71118811940754,76.37797546386719,23217325
2016-04-12,76.5277858098041,77.30684890670719,75.56894208662703,76.28807830810547,11380137
2016-04-13,76.82744248501632,81.17221040837832,76.82744248501632,80.093505859375,18091654
2016-04-18,80.78265921050962,80.78265921050962,78.71514780279165,79.22453308105469,10573980
2016-04-20,79.37436159006327,80.45305908026513,78.98483003577054,79.67399597167969,8125939
2016-04-21,80.57291509047639,80.90251977768098,76.64764285759708,77.2469253540039,13104777
2016-04-22,77.15703296158344,77.15703296158344,75.68879705725261,76.43789672851562,10174039
2016-04-25,74.90973072696613,76.52777674637534,74.46027235632071,75.29925537109375,7663179
2016-04-26,75.50900476806153,78.41549897332746,74.90972923850543,77.396728515625,12111312
2016-04-27,77.69637031687954,78.68517734874358,76.16820776018932,76.5577392578125,8223579
2016-04-28,76.58770965333882,77.09709493247456,74.19060044029091,74.90973663330078,11381691
2016-04-29,74.9097446914776,75.98844223883886,73.8010768461752,75.14945220947266,6422227
2016-05-02,74.90974750251716,77.30685706337967,74.10072088254107,76.52779388427734,7625385
2016-05-03,77.00720416593349,77.726340354676,74.25052687273882,74.58013153076172,7737865
2016-05-04,74.3104611813222,74.69999275102035,71.34403953685364,71.76353454589844,7796373
2016-05-05,71.85341241129174,74.01081396131781,71.61369807987086,73.56135559082031,7646020
2016-05-06,73.41153986527263,76.37796818935823,72.27291552226002,75.9584732055664,8198874
2016-05-09,76.25809478759766,77.24690168808182,75.26928102892401,76.25809478759766,7155321
2016-05-10,76.46785267615225,78.14583248347972,75.53897246670826,77.09709167480469,8571981
2016-05-11,75.89855557299872,76.70758220155837,74.90974829728896,75.68880462646484,6245035
2016-05-12,75.50900907919248,76.79745737076287,74.96966038597925,75.26929473876953,6009574
2016-05-13,75.02958443892801,75.50900624357931,73.41153156186084,73.56135559082031,5814828
2016-05-16,74.07076272320977,74.49025778354638,71.7935067634649,72.66246032714844,8357790
2016-05-17,73.53141188650125,73.89097319282381,72.27292673979538,72.51263427734375,6308229
2016-05-18,71.91333160642891,72.09311219216909,70.71477379359185,71.6436538696289,7804741
2016-05-19,72.03320225582124,73.08194316029636,71.01443164753464,71.4638900756836,9434119
2016-05-20,71.88338991583882,72.36281181433175,71.31407769728942,71.49385833740234,5363727
2016-05-23,71.91334523775909,72.06316242094074,70.77471407100542,71.16424560546875,4436086
2016-05-24,71.01443316791419,71.19421379974624,69.30648973274378,70.5350112915039,6575871
2016-05-25,71.3440373105485,73.74114667443672,71.25414013712215,73.4415054321289,9777909
2016-05-26,74.16063656739881,77.45666257321953,74.13067313104895,77.06713104248047,15536379
2016-05-27,77.30685057974017,79.22453806759586,75.8685849638484,76.76750183105469,15783897
2016-05-30,73.6512517479621,75.38915849979405,72.03319874227277,72.33283996582031,17527254
2016-05-31,72.5126241873709,73.89096291105815,71.61370733026222,72.2129898071289,12986740
2016-06-01,73.11189494541598,73.11189494541598,70.4151448063415,70.92453002929688,9900412
2016-06-02,71.01442575205701,72.21298374701608,70.14547240589506,71.94330596923828,8242699
2016-06-03,72.51262405517816,72.51262405517816,70.53500971642083,70.71479034423828,7426492
2016-06-06,70.9545067294166,71.55378236408747,70.11551672596244,70.77471923828125,7378348
2016-06-07,71.61371209747762,72.39277525435057,70.53501454041648,71.49385833740234,9357246
2016-06-08,71.46388625515574,73.41153705361414,71.16424503301175,72.75233459472656,9545574
2016-06-09,72.99203802337213,73.65124730376108,72.03319439570693,72.63247680664062,6161736
2016-06-10,73.11191043000329,75.80866114023057,73.08194699043577,74.16064453125,19265191
2016-06-13,73.26172387112136,73.26172387112136,71.49385359452367,72.12309265136719,6798640
2016-06-14,72.39276649979199,73.05196895867957,72.09312527764801,72.75233459472656,7119642
2016-06-15,72.90215668252799,73.83103698967163,72.66244917523488,73.4415054321289,5016255
2016-06-16,73.11190268966115,73.53139765738632,71.79349091369501,72.75233459472656,4867209
2016-06-17,73.59132543310044,74.25052790007605,72.75233548735615,73.32164764404297,7991322
2016-06-20,72.4527077146473,74.75992706475598,72.09313954853596,74.25054168701172,7421814
2016-06-21,74.67001955533178,74.87977046154407,72.81225912580659,73.02200317382812,9309622
2016-06-22,73.17183649459817,73.83103901593721,72.81226836559885,73.50143432617188,5072823
2016-06-23,73.29166336517584,73.89093878820837,71.52379366613128,73.38155364990234,6407446
2016-06-24,71.79348898432202,71.79348898432202,68.16785841239785,70.86460876464844,12838987
2016-06-27,70.92454490571222,72.24295681856474,70.8646180266996,71.34403991699219,5555170
2016-06-28,71.70359148988808,72.21298360896014,71.07435248719723,71.28410339355469,6673680
2016-06-29,72.09312571564038,73.5913249772714,71.73356447671232,73.08193969726562,8887617
2016-06-30,74.2205746460362,76.82743515120717,73.83104305648503,76.52779388427734,19718140
2016-07-01,77.30683902569656,79.67398459336906,77.24691215793149,79.13463592529297,17473663
2016-07-04,79.85377016937396,83.11983239278622,79.85377016937396,82.73030090332031,18764431
2016-07-05,82.97003258001037,84.76786637928953,82.01118194329536,83.53934478759766,18408132
2016-07-07,83.7490740366088,85.0674857132124,83.50936656351205,83.86893463134766,9758058
2016-07-08,83.89891164780664,84.91768228977672,81.29205130671417,82.64042663574219,10241812
2016-07-11,83.89890119236907,84.97759857788814,82.99998441837295,83.41947937011719,4750768
2016-07-12,83.59926314279099,83.98879467401082,81.7115392176565,82.880126953125,9527371
2016-07-13,83.29962179507622,88.09384704983857,83.29962179507622,84.79782104492188,19610497
2016-07-14,84.85775922461765,87.04512465997101,84.01876917887729,86.7454833984375,9982306
2016-07-15,86.83535451634722,87.2248860127408,85.09744792852531,85.45701599121094,6636229
2016-07-18,85.51695187605792,86.83536367279973,83.11984263570511,83.77904510498047,9359701
2016-07-19,83.50937417317327,84.34836412184453,82.13103550269652,83.77904510498047,9285730
2016-07-20,83.80901317206455,86.5956609620312,83.65919597945023,86.38591003417969,9200169
2016-07-21,86.74548042108702,86.74548042108702,83.0599225209486,83.9588394165039,7082847
2016-07-22,84.49818218441638,85.27724526744991,83.59926535266727,84.4382553100586,8267547
2016-07-25,84.49818036604003,88.87291068192708,84.2584660155763,88.27362823486328,10985235
2016-07-26,89.26244221506124,89.26244221506124,87.58446233638823,88.27362823486328,10088238
2016-07-27,88.0638902470785,90.64078711571469,87.61443180990669,89.29241180419922,15617938
2016-07-28,89.86171396463612,90.61081356236545,88.45341193312994,89.56207275390625,10836774
2016-07-29,88.69312389586501,89.23247261587366,86.89529025704213,87.43463897705078,11207770
2016-08-01,87.49456696765155,89.2924004885061,84.64799265417143,85.00756072998047,14019010
2016-08-02,85.3371740259633,86.29601775324046,82.70035034685544,83.08988189697266,8444331
2016-08-03,82.9999807944087,83.20972483202758,79.40431385541902,79.88373565673828,9234027
2016-08-04,80.90252607612074,81.3519845543214,79.22454592865367,80.24331665039062,9450058
2016-08-05,80.93248670869994,83.05992526053511,80.90252326840591,82.52057647705078,7854577
2016-08-08,83.29961211786315,85.00755522368242,81.62163930309474,83.98878479003906,11378592
2016-08-09,83.98879399442794,85.18734515658538,83.11984062985877,83.7191162109375,9328692
2016-08-10,83.89891322988042,84.52815231868236,81.50179691650072,81.7115478515625,8690398
2016-08-11,82.76026366111601,83.29961231205573,80.4230816015838,81.74149322509766,9147865
2016-08-12,82.64042425491864,83.65919486753852,82.31081957735643,82.99999237060547,7100220
2016-08-16,83.29961975284725,83.29961975284725,81.2021518275918,82.16099548339844,7352197
2016-08-17,82.1010786822272,83.11984933420439,81.80143743121381,82.46063995361328,4627923
2016-08-18,83.0898871693115,84.61804317071535,82.70035559447716,84.10865783691406,5837692
2016-08-19,84.46822641903836,85.57688741173351,83.98880452244155,85.09746551513672,5682876
2016-08-22,85.03754103870203,87.73429185509761,84.55811912855562,86.23609924316406,12614592
2016-08-23,85.96642560696539,85.96642560696539,81.4418772517668,82.04115295410156,14645764
2016-08-24,81.77145714012471,82.76026414904221,81.11224789538623,81.981201171875,7631973
2016-08-25,81.80143168916905,85.0974577861854,81.68157794045348,84.4382553100586,19988074
2016-08-26,83.89890244141712,85.2173141867854,82.70034443884846,83.56929779052734,6649134
2016-08-29,83.44944539574746,84.79782059859693,82.49059486328903,84.46821594238281,5851561
2016-08-30,84.19853693046404,85.24727775617791,83.38951044891617,84.22850036621094,6517761
2016-08-31,83.95883293228907,84.88771319541188,82.79023831504212,83.35955047607422,7272975
2016-09-01,83.35956169140927,83.86895390518372,80.6628108501904,81.17220306396484,7598988
2016-09-02,80.45304579764272,82.04112833259491,80.45304579764272,81.56170654296875,7059571
2016-09-06,82.10108665692469,83.23971117662822,82.10108665692469,82.79025268554688,5642566
2016-09-07,82.6703894535854,96.81334515352657,80.33320693913561,95.67472076416016,118930660
2016-09-08,94.95559169521164,97.62237909582664,92.01913332534758,93.93682098388672,60723063
2016-09-09,92.9180385649439,94.02669945966122,91.68951706302623,92.31875610351562,18464658
2016-09-12,90.1913195904791,92.19889720706509,87.6443864170815,88.39348602294922,17585380
2016-09-14,88.93429832421788,89.80561456574091,86.95130653418056,87.94280242919922,16250269
2016-09-15,88.57375839198588,91.00743779856171,87.34190310784982,90.31639099121094,24745357
2016-09-16,91.9087986048018,92.11911301150519,87.49212729562765,88.12307739257812,20438254
2016-09-19,88.2733212400926,89.77558784371382,88.0629999270177,88.42354583740234,10170675
2016-09-20,88.63386049394632,89.11458604607557,87.28181858917515,87.58226776123047,15416650
2016-09-21,88.9343106796597,88.9343106796597,86.26027175684465,86.74099731445312,10698471
2016-09-22,88.03294017331936,88.81412170137737,87.49212483729463,88.39348602294922,9113542
2016-09-23,88.63385833440302,90.55676049606899,87.49213087788848,87.8226318359375,20409826
2016-09-26,87.73251015501832,88.18319084609402,85.50915162058872,85.80960083007812,12023686
2016-09-27,86.3504105990402,86.50063518193103,84.42750155383467,84.8180923461914,8866812
2016-09-28,85.298808802432,86.95130654557286,84.60776891790175,86.4705810546875,8483836
2016-09-29,87.01140253245602,87.31185856434564,77.87761068215123,79.92069244384766,26473857
2016-09-30,79.92069012594284,81.33282174424002,79.25969512716465,80.9422378540039,11844472
2016-10-03,82.08396552965598,82.86514713200536,81.3027839273066,82.44451141357422,8956906
2016-10-04,83.5261371190933,83.58622694995923,82.1440503786561,82.92523193359375,7335136
2016-10-05,83.10549320760899,83.46603903398926,81.54313712908068,82.20413208007812,7569546
2016-10-06,82.71490675969704,84.12704522601271,81.60323118726473,81.78350067138672,13619655
2016-10-07,81.84360311626997,81.96378278077997,80.82205533741362,81.24269104003906,7844728
2016-10-10,81.8436049352815,82.08396426964357,80.67183254974448,81.09246826171875,5589574
2016-10-13,81.00233406102495,81.06242389502326,78.92920040388034,79.59020233154297,9390540
2016-10-14,79.92068552893575,80.4915526278174,79.40991513270461,79.860595703125,6070750
2016-10-17,80.0408722514242,80.4615010331191,77.99778378470724,79.13951110839844,7761292
2016-10-18,79.80051631257143,82.3243305876926,79.56015010105676,81.8436050415039,11847322
2016-10-19,83.58622191185817,86.32035031250196,83.58622191185817,84.878173828125,28025533
2016-10-20,85.47909542907735,85.86967934991443,84.57773416577193,85.41899871826172,8686419
2016-10-21,85.32886722609464,85.71945803868947,84.33737117396059,85.14859771728516,6939982
2016-10-24,85.56922059511142,85.74949007684356,84.72794926001488,84.878173828125,5081389
2016-10-25,84.96832381906904,85.50914611501187,83.31583264274951,84.18714904785156,5834316
2016-10-26,83.97680985319013,85.20867190095477,83.37590472403555,83.70640563964844,7352385
2016-10-27,83.52614298127382,83.64632952828114,81.81355517403782,83.0754623413086,6893160
2016-10-28,83.22568950609549,84.09700582346872,82.9853233013399,83.49609375,6859747
2016-11-01,84.12705782252137,86.2302296262167,83.28578635030682,85.05846405029297,10602879
2016-11-02,83.97682429957821,84.06695905293118,82.11401188958685,82.32433319091797,7750207
2016-11-03,82.44452337878784,84.18715633993449,82.32434369232027,82.71492767333984,5589694
2016-11-04,83.13554412961346,83.46604506742264,80.3112808930191,80.9422378540039,7914966
2016-11-07,81.90369186564261,84.39745425545622,81.84360203418208,83.55618286132812,9815949
2016-11-08,84.7279452492914,88.21321007918543,84.45753416265357,86.04994201660156,35331114
2016-11-09,78.71887851220903,84.39744980807698,77.45697148751393,83.28577423095703,23347333
2016-11-10,85.2086783267165,86.41049555249688,83.58622541575498,84.51763153076172,13606837
2016-11-11,83.9768134112393,85.80958066581182,80.8220493150427,81.81354522705078,17816359
2016-11-15,81.81355266590585,83.01536996124965,79.3798800354383,80.37137603759766,9298560
2016-11-16,81.72341551538634,82.08396138108236,78.74892759628507,79.16956329345703,7470733
2016-11-17,80.52160309374996,81.45300921172885,79.07941966747534,80.10096740722656,12462207
2016-11-18,80.46149997240562,81.42295780555281,79.77046010617697,80.70186614990234,5015217
2016-11-21,81.12251268571791,81.27273726878163,75.92465958962592,77.45697784423828,12079720
2016-11-22,78.29825458597193,78.3282995046272,74.27217359459652,74.75289916992188,18710880
2016-11-23,75.23362041246318,75.92466037857766,73.61116739115327,75.17353057861328,13429614
2016-11-24,75.05334835647454,75.56412572729622,74.18203883863073,74.75289916992188,12446395
2016-11-25,75.1735278277881,76.61570441793408,74.93316162434357,76.16502380371094,7198387
2016-11-28,76.19507096457613,77.51706793037185,75.83452508720627,76.67579650878906,6200037
2016-11-29,77.3668409362509,78.3883818262695,76.88611540701623,77.63724517822266,7021126
2016-11-30,78.08793494683482,78.98929627943188,77.57716444194197,78.20811462402344,8705592
2016-12-01,78.47851986115812,78.83906574239795,77.00629829600626,77.3668441772461,4300866
2016-12-02,77.21660079158877,77.63723644194131,75.86455910334983,76.2551498413086,4751875
2016-12-05,76.13497440524368,77.72737548076053,75.4739725423197,77.3067398071289,5521509
2016-12-06,77.39689306108384,77.81752879794892,76.61571142449995,76.97625732421875,5483967
2016-12-07,77.45697809695031,77.63724759721492,75.95470475404936,76.67579650878906,5704443
2016-12-08,77.27671053385988,78.1179820513963,77.03635117275887,77.33680725097656,5204125
2016-12-09,77.90764971752297,78.38837520615907,77.21660295938618,77.54710388183594,5863581
2016-12-12,77.33679145779597,77.33679145779597,75.68429368032238,76.6156997680664,5306887
2016-12-13,76.34530125798896,76.43544289170359,75.2035805839093,75.38385009765625,5092387
2016-12-14,75.56410496766625,76.10492023172465,74.99323791636762,75.2636489868164,4311780
2016-12-15,74.5125193185053,76.13497213657284,74.45242949218277,75.32374572753906,4375378
2016-12-16,75.53407553888597,75.62421028856338,73.61116649489834,73.79144287109375,8088010
2016-12-19,73.91161470345962,74.1519740104571,72.73984245132736,73.04029846191406,7301883
2016-12-20,73.31071349227248,73.61116264213852,72.4994870339537,72.64971160888672,3939247
2016-12-21,72.82998104201356,73.4308861613779,72.43939030753288,72.58961486816406,3671200
2016-12-22,72.40934914015565,72.64970844959608,71.02726248035344,71.50798797607422,5460360
2016-12-23,71.41784635819413,72.55957370855592,71.2375768761138,71.50798797607422,5077795
2016-12-26,71.5079910236901,71.59812576857173,70.03576268326255,70.42635345458984,4476181
2016-12-27,70.48644602426134,71.92862950578484,69.76536116034009,71.65821838378906,3775044
2016-12-28,72.04880078149421,72.82998226355797,71.56807530257181,71.71829986572266,3709056
2016-12-29,71.53803392990079,72.34925348789709,71.14744316954108,71.35775756835938,7271137
2016-12-30,71.80843885188486,73.07034588752691,71.50798970780825,72.82998657226562,7527727
2017-01-02,72.82999318534368,74.09189345872815,72.52953713714508,73.61116790771484,4854928
2017-01-03,73.76140024438686,75.86457197617968,73.67125861507051,74.99325561523438,7784323
2017-01-04,75.14348793783593,76.88612067963118,75.14348793783593,76.3753433227539,9654199
2017-01-05,76.46548032675024,77.24665502003889,75.80447842069006,76.88611602783203,6064410
2017-01-06,76.55561636885112,77.21661140924387,75.77443478551737,75.95470428466797,6331767
2017-01-09,76.3152506314192,77.18656696971276,75.7143454203632,76.67579650878906,4324932
2017-01-10,76.73588241805861,77.63724362696875,76.73588241805861,77.0663833618164,3881938
2017-01-11,77.33679159802547,77.99778658410945,77.03633558062002,77.3067398071289,6456862
2017-01-12,77.5170661410345,77.5170661410345,75.80447842069006,76.88611602783203,7792162
2017-01-13,78.20810873101809,78.32829527599182,76.91616354490648,77.3668441772461,9113337
2017-01-16,77.51706216172578,77.60719690515046,76.7659255461732,77.21660614013672,4331106
2017-01-17,77.5170661410345,77.81752217804734,76.6757947388709,76.88611602783203,2993143
2017-01-18,77.24665716472266,80.58169794995423,77.06638766361422,79.56015014648438,17994367
2017-01-19,80.16106223719386,80.8521022016169,79.1094695168726,79.56015014648438,9107890
2017-01-20,79.19960161724492,79.89064149854188,77.21660295938618,77.54710388183594,4911199
2017-01-23,77.45697377473131,77.9076543770848,76.31524637291035,77.09642791748047,6029206
2017-01-24,77.33679592607936,79.56014719805061,77.33679592607936,79.16956329345703,11656417
2017-01-25,79.59020556711086,79.92069966753701,78.02784231227794,79.25970458984375,11634085
2017-01-27,79.77047992389844,85.44905921159047,79.77047992389844,83.8866958618164,24451939
2017-01-30,83.5261371190933,84.00686264286101,82.59473098699085,82.92523193359375,6311967
2017-01-31,82.92523037653524,84.78804260576278,81.8435996875774,82.3543701171875,10046563
2017-02-01,82.74495797562263,84.5476803116768,81.54314079263985,84.06694793701172,12535152
2017-02-02,84.15710297942731,84.72796330974671,82.74497117451034,83.5261459350586,8017710
2017-02-03,84.12705037307838,85.89972791609408,83.82659433765252,85.74949645996094,11166966
2017-02-06,86.50064776796376,87.49214391298923,85.44906178103874,86.56073760986328,12472383
2017-02-07,87.25176543804652,93.14065805352745,84.307315691886,91.39802551269531,67639699
2017-02-08,90.97739420249295,94.43260765883154,90.13612280605768,93.89179229736328,37705536
2017-02-09,93.9218319060206,95.45415003324253,91.75857058238499,94.46265411376953,18916219
2017-02-10,94.70302367680273,95.90484100199815,93.95188698895049,94.94338989257812,12803560
2017-02-13,94.94337674468096,94.94337674468096,91.39802197163502,93.23078918457031,7280893
2017-02-14,93.56299954740109,95.40527300914783,92.83817733026285,95.07305908203125,8442933
2017-02-15,94.83144619004064,94.83144619004064,91.358324500008,91.87174224853516,8150257
2017-02-16,91.8113458535202,93.04958587828814,89.78786847679439,92.62677001953125,8534797
2017-02-17,90.60329955528861,93.26099726390818,90.33148689162948,92.62677001953125,10324347
2017-02-20,92.4153668977958,93.53280438282597,91.8717484750113,92.68717956542969,5166156
2017-02-21,93.01938321768588,94.65024533923095,92.4757648146652,93.38179779052734,5097706
2017-02-22,94.16703398220862,95.37507341571498,92.95898763621881,93.20059967041016,9082795
2017-02-23,93.17039670929182,94.07642971809375,92.11335359070074,92.68717956542969,13964640
2017-02-27,92.41537348931251,93.56301169565903,91.72074490719453,92.29457092285156,4069939
2017-02-28,91.99255567368688,98.93880678743092,91.99255567368688,98.12338256835938,16553127
2017-03-01,98.4555809925548,99.24081141432367,96.40190993559993,96.79452514648438,11957178
2017-03-02,97.85155739837744,99.21060680668823,95.22406049314668,95.5562744140625,9601747
2017-03-03,94.8012481279072,96.88512672852171,94.10662653602436,95.52607727050781,9024568
2017-03-06,95.82808221506487,97.97236205997646,95.73748030171993,97.27774047851562,7208899
2017-03-07,97.85156765841654,99.2710184898217,96.31131426582374,96.73412322998047,10594942
2017-03-08,96.64352307103627,97.0965395962325,94.83145697025132,95.58648681640625,4652793
2017-03-09,94.86165595257079,96.43211689911827,94.46904071593391,95.13346862792969,4180287
2017-03-10,96.00931324904128,96.88514575481163,94.86166803329643,95.49589538574219,5041179
2017-03-14,98.42538048107323,99.36161409574164,96.70391644362391,97.45894622802734,11881774
2017-03-15,97.85157485519692,101.38510532968694,97.48916023249569,100.811279296875,15997201
2017-03-16,101.38508557942899,102.32131914007579,101.11327293723237,101.98910522460938,8478933
2017-03-17,102.6233242104214,103.74076848924825,100.2676400202363,101.86830139160156,13448142
2017-03-20,101.83812093542052,103.68038776187424,101.32470310489059,103.22737121582031,8631736
2017-03-21,103.5897750136786,103.95218268267578,101.65689954994434,102.04951477050781,7534485
2017-03-22,101.0226794507443,101.20388328566267,99.4522185648523,100.17704772949219,6809808
2017-03-23,100.5696556789985,101.98910635400469,99.5428201970762,101.44548797607422,6659070
2017-03-24,101.47569742164376,102.53273363229145,100.5998650485414,100.9018783569336,4962666
2017-03-27,100.901881296988,102.26093085562752,100.05624953883671,101.47570037841797,8456554
2017-03-28,101.38509125544986,102.62333125176812,101.2642817896642,101.80790710449219,4998507
2017-03-29,101.89851913333762,102.9555554046173,100.87168350338113,101.38510131835938,6558873
2017-03-30,101.59649570547589,101.86830836284105,98.93879805839686,99.33141326904297,23046645
2017-03-31,99.05961113664353,100.23744989905198,98.09316993770291,98.36498260498047,6990559
2017-04-03,98.7575902876782,101.35488655447492,98.60658710210261,100.84146881103516,5909323
2017-04-05,101.20386219726049,103.83135873097024,99.96562242503738,103.4387435913086,8307175
2017-04-06,103.3783585814063,108.69375375036957,103.04614465522539,108.18033599853516,26907577
2017-04-07,108.0897483153008,109.20718587890264,105.16023769419746,105.58305358886719,12116586
2017-04-10,105.64345423797708,107.30451716510176,104.82802309511648,105.52265167236328,7452910
2017-04-11,105.34143443758951,107.75752707628436,105.13002996075744,106.57968139648438,6743887
2017-04-12,106.57967383106187,107.36490422852327,103.9219762646408,105.64344024658203,5271327
2017-04-13,105.64345153708395,106.73069533726273,104.31460261185447,104.67701721191406,4926940
2017-04-17,104.40520000145703,105.58304567239884,103.95218349916914,104.3145980834961,3478483
2017-04-18,105.03942457718809,107.66692160604197,102.20052307847573,102.53273010253906,11183388
2017-04-19,103.28775365134254,105.58303660498464,101.234075791514,105.13002014160156,7397221
2017-04-20,105.40183885347675,106.85149023727445,104.85821353612994,105.3414306640625,5183182
2017-04-21,105.73404479853228,107.36490690897831,104.07298896241157,105.82465362548828,7536420
2017-04-24,106.06625822189105,107.45550830792774,106.00585694586549,106.42867279052734,5157666
2017-04-25,106.91189458003561,110.38502340303965,106.36827615958292,107.45551300048828,18478690
2017-04-26,108.33134354274083,108.69375812110388,104.73741222289992,106.33807373046875,7330224
2017-04-27,106.09645885990383,107.39510703190219,105.16022525654176,106.42867279052734,7126728
2017-04-28,106.60987268145529,107.39510306575455,105.34142519431403,106.12665557861328,6140073
2017-05-02,106.7004963364691,107.21392109332125,105.19044344641695,106.00587463378906,3847897
2017-05-03,106.54947304529227,107.1534927050077,104.55620332949343,104.97901916503906,4945317
2017-05-04,105.70384373627503,106.18706085734196,104.16359045896472,105.49243927001953,4091970
2017-05-05,105.61323923724426,105.97565379729498,103.52936070131472,104.37499237060547,5883588
2017-05-08,104.37500193089576,107.03269973139074,103.19716314344957,106.09646606445312,6013983
2017-05-09,106.3078788914047,107.75753037146131,106.00586557421158,106.82129669189453,6193525
2017-05-10,106.97229766845703,108.1199427199248,106.21726784742604,106.97229766845703,6913107
2017-05-11,107.21391484588935,107.78773394292453,104.94883218655706,105.19043731689453,7419835
2017-05-12,105.28104253794005,105.58305587280397,102.92535788095638,103.22737121582031,6028240
2017-05-15,103.55957223126345,105.00922361469887,103.4387627649482,103.74077606201172,5625054
2017-05-16,103.86157647812561,103.95217839163496,101.77770481747918,102.9555435180664,11055541
2017-05-17,103.07634321512516,104.49580080406358,102.68373493412307,103.046142578125,5178474
2017-05-18,102.26092717241553,102.62333484501282,98.7575977041091,99.30121612548828,5943534
2017-05-19,100.750861405185,101.47569053111468,97.91196000151234,99.08980560302734,6579072
2017-05-22,99.84483122226459,100.41865717640304,96.9757291015044,97.45894622802734,4803766
2017-05-23,97.76096168052752,97.79116231957111,93.38179989437248,94.16703033447266,7575574
2017-05-24,94.34823597777307,95.25426899142002,89.75766963029298,90.54290008544922,8309751
2017-05-25,91.41872165834089,92.77777101823946,90.39187929504145,91.84153747558594,7772850
2017-05-26,92.3549637213234,97.156934421821,91.90194722623023,95.70728302001953,17286951
2017-05-29,96.52271466540194,96.88512924611972,92.2945629903162,92.62677001953125,14966164
2017-05-30,88.7912420744161,89.0932554060414,80.69734561671639,84.80469512939453,44568508
2017-05-31,84.68388399939185,85.77112082333873,83.1436237675701,83.47583770751953,13385181
2017-06-01,83.47584033507526,84.29127143494419,82.56980731577276,83.65705108642578,10159063
2017-06-02,84.32146341386111,86.04292735621615,83.596634307875,84.86508178710938,11196010
2017-06-05,85.25770358479585,85.71072008302801,83.98925600724915,84.47247314453125,4861965
2017-06-06,84.44227591786509,84.86509179413366,83.38523968343539,83.7778549194336,8853085
2017-06-07,83.89865474104687,84.44227316064661,82.53960523580588,82.93222045898438,5422536
2017-06-08,83.3550377758305,84.14026823588823,83.0530244652352,83.65705108642578,5623272
2017-06-09,83.47583052224002,84.38186343503563,83.23422543215189,83.80804443359375,4851813
2017-06-12,82.75101775987191,84.71408699024408,82.53960636949516,83.9892578125,9124711
2017-06-13,84.23087886987966,85.2879151975995,84.11007629813662,84.71409606933594,7157097
2017-06-14,84.56307992631824,84.8952869478225,83.08322099877628,83.62684631347656,5666733
2017-06-15,83.50603719005125,84.8952872958497,82.9926194240478,84.01945495605469,4776921
2017-06-16,84.17046686991152,84.98589795034867,83.29463451129136,83.53623962402344,4334370
2017-06-19,83.71744908979171,84.2006662203436,83.26443259786913,83.41543579101562,2624529
2017-06-20,83.65704588505542,83.83824971265625,82.99261802555321,83.2342300415039,2772757
2017-06-21,82.81141684959941,83.80805175828235,81.9959857743195,82.53960418701172,5898574
2017-06-22,82.60000936383364,83.74765443367527,82.41880552187713,82.84162139892578,4207764
2017-06-23,82.50939529370388,83.05301365201142,79.82149722556287,81.54296112060547,7565677
2017-06-27,81.57317248150825,81.87518579249034,79.006076619369,81.18055725097656,6749808
2017-06-28,80.99935992563286,82.63021534612511,80.03292554775214,82.32820892333984,4590004
2017-06-29,82.38861271143637,83.95906689509289,81.54298087697357,81.9053955078125,6209550
2017-06-30,82.08660441141097,82.8416343626835,81.18057123487777,81.72418975830078,7544218
2017-07-03,81.93558024451931,82.63020181566708,81.36176122270459,81.84497833251953,4821132
2017-07-04,82.14700308712565,82.4188157964288,80.63695014512375,80.87855529785156,4199715
2017-07-05,81.24096777688834,81.36177726252077,80.42553658316908,80.96916198730469,4212100
2017-07-06,81.45237262276913,83.29463936462753,81.1201586609222,82.02619171142578,11124703
2017-07-07,81.75436557175966,82.05637884303384,81.18054657757295,81.54296112060547,3867748
2017-07-10,81.99600030428898,83.71746467659966,81.87519772728034,83.14363861083984,1473850
2017-07-11,83.35505011202108,85.95234699507265,83.29464882345955,84.4120864868164,15576577
2017-07-12,84.80468464551672,85.40870432161222,84.38186879850497,84.8952865600586,4331832
2017-07-13,85.28788980963199,86.52613653885692,85.10668600595703,86.0731201171875,7657572
2017-07-14,86.46575718612223,86.46575718612223,84.59328975696718,85.01610565185547,3928923
2017-07-17,84.95569237804207,85.71072219788662,84.5630840607056,85.25770568847656,3622629
2017-07-18,85.46911734339406,87.28118338662868,84.95569264032532,86.52615356445312,9808513
2017-07-19,87.43219730496375,88.06641773285581,86.70736803381493,87.70401000976562,7017780
2017-07-20,87.61339833320163,89.03284927352097,87.43219447751645,88.45903015136719,8059516
2017-07-21,88.730820527283,88.79122179731755,86.43553770355864,87.58317565917969,3854904
2017-07-24,87.58318131045583,89.09324080868481,87.31137557776215,88.33821105957031,3254794
2017-07-25,88.3382141292146,88.76102997391312,87.70399381840829,87.97579956054688,3247836
2017-07-26,87.88519643516942,88.91203193850588,86.67715019375528,86.91876220703125,4778656
2017-07-27,87.13017028314083,87.82479880169002,85.559716325417,85.95233154296875,10118001
2017-07-28,85.77112414143136,87.19057496023974,85.16710442837001,86.85836791992188,5046805
2017-07-31,87.28116995280311,87.88518957008623,86.9791566879204,87.6435775756836,3147286
2017-08-01,88.1267913928478,88.51940654893072,86.91875220295802,87.34156799316406,4165398
2017-08-02,87.31137236736757,87.58317809006708,84.65367493718874,85.28789520263672,5796372
2017-08-03,85.28790346171681,85.28790346171681,83.35503492986047,83.74765014648438,6711996
2017-08-04,83.77785571657066,84.11006967518911,82.14699347651961,82.90202331542969,5085193
2017-08-07,83.32482451169412,84.68387383474189,82.8718080706782,83.89864349365234,4066309
2017-08-08,84.07987265335562,84.35167843007339,80.96915815464324,81.3315658569336,7106557
2017-08-09,80.69733736893986,81.18055450266216,79.24768596777294,80.33492279052734,4121962
2017-08-10,80.36511954368153,81.66376768792125,74.89872123041746,76.55978393554688,25756357
2017-08-11,75.01953706005152,75.95577072286937,73.26787229413851,75.50275421142578,10608037
2017-08-14,77.19400999772527,77.19400999772527,75.80475983763219,76.37858581542969,3426424
2017-08-16,76.71079508295168,78.9154764019623,75.56315691893622,78.49266052246094,7219839
2017-08-17,78.52285596756828,79.57989905262514,77.61682298750986,78.06983947753906,4944169
2017-08-18,77.76783414208312,78.7644690511016,76.49938657038543,78.46245574951172,5850735
2017-08-21,78.794668934551,79.12688287186637,74.95912561732138,75.26113891601562,7723221
2017-08-22,75.50274694330419,76.52958242706782,74.74771719275185,75.89535522460938,7078437
2017-08-23,76.73411846938691,77.8585429589362,76.33905078147295,77.52425384521484,4399308
2017-08-24,77.7673683874267,78.07126123216814,76.46060828805443,77.1595687866211,4531413
2017-08-28,77.2203586488842,78.28400462801929,77.18996935996569,77.76737976074219,3212563
2017-08-29,77.46347141243757,78.22321746332497,76.79489321829787,77.09879302978516,3758487
2017-08-30,77.40269107975892,78.01048373323987,77.37230179486795,77.64580535888672,3687196
2017-08-31,77.79776583467144,78.55750498190046,77.40269813939454,78.34477996826172,4882923
2017-09-01,78.40556152917385,79.31725410509448,78.07127239649299,78.95257568359375,3429508
2017-09-04,79.62115817850217,80.74557583589191,78.77024413501996,79.71232604980469,6059532
2017-09-05,80.19854972823104,80.38088544372579,79.07412528236169,79.80348205566406,4267725
2017-09-06,79.49958942293854,80.13777839614835,78.92218598271344,79.46920013427734,3818409
2017-09-07,80.19855596008645,80.19855596008645,78.7702385440713,78.98296356201172,3603531
2017-09-08,78.52711280437492,79.46919459857271,77.22035261598339,77.55464172363281,4139704
2017-09-11,78.70946655768843,80.01621997434414,78.31439882134443,79.34764862060547,5114595
2017-09-12,79.86425967367316,80.6543950093705,79.68192396035606,80.16815948486328,4169077
2017-09-13,80.53283282663308,81.53569309843165,80.07698661621,80.44165802001953,4057941
2017-09-14,80.47205433838448,88.64689755697859,80.47205433838448,83.17674255371094,86113077
2017-09-15,81.9611551551279,81.9611551551279,79.74270253146176,80.16815948486328,23947992
2017-09-18,82.052333692522,82.08272298203062,80.59362692912079,80.95830535888672,7159164
2017-09-19,81.26219559303905,82.53856657759376,80.41128160333594,81.68765258789062,6425874
2017-09-20,82.0523188371122,82.35621863284044,80.8671158938672,81.11023712158203,5811954
2017-09-21,81.32297441301768,81.8092099863489,79.77309982721107,80.50245666503906,5776264
2017-09-22,80.1073903728932,80.19855824031693,78.49673022575783,78.7702407836914,7207782
2017-09-25,78.70944221758774,79.01333503182825,76.64293630244893,77.34190368652344,6291607
2017-09-26,78.40555139248399,78.67906191216422,77.40269107975892,77.64580535888672,7188978
2017-09-27,78.64866627688423,78.64866627688423,75.36657479377017,75.76164245605469,8083396
2017-09-28,75.48814229097972,77.49386302223158,74.8499533632819,75.35138702392578,7485623
2017-09-29,76.58217798819176,77.40270271491202,75.71607280511411,76.53659057617188,5980863
2017-10-03,77.72178264708413,77.72178264708413,75.39696407889501,75.76164245605469,4545441
2017-10-04,75.8984087622499,76.35425506112227,75.21463931394135,75.85282135009766,3121884
2017-10-05,76.12632913581352,76.5821754180639,75.8072381293707,76.2630844116211,2205126
2017-10-06,76.58216925296571,77.81295272482747,76.35424613018903,77.58502960205078,4338548
2017-10-09,77.49386642672236,79.27166410954115,76.8556844266495,78.67906951904297,5049038
2017-10-10,79.13491235876869,79.49958379689593,78.1320450369333,79.08932495117188,3132557
2017-10-11,79.40841891131474,79.54517418356502,76.5365860167069,77.49386596679688,5127079
2017-10-12,77.67619581231777,77.72178321817076,76.30865710466666,76.94684600830078,3875729
2017-10-13,77.9497124193684,77.9497124193684,76.62776101440419,76.81009674072266,3253847
2017-10-16,77.0380283775342,77.35711941163402,76.30867148045216,76.62776947021484,2828456
2017-10-17,76.94685201329257,77.31153042159163,76.12632733353522,76.81009674072266,2866692
2017-10-18,77.03801468480653,77.85853930926815,76.2630774666834,77.26593780517578,4217801
2017-10-19,77.49385928420226,77.9497055152858,76.71892208249253,77.12918090820312,771136
2017-10-23,77.72178619120925,81.04946523158401,76.49100269837525,79.08932495117188,14098006
2017-10-24,79.54516510892648,80.86711635999083,78.22321385786213,80.41127014160156,14512994
2017-10-25,81.18622642951941,83.64779359500952,80.54803745485218,82.69051361083984,10997079
2017-10-26,83.32870736842122,92.35446575271742,83.28311995487752,88.02392578125,45379418
2017-10-27,88.4341730798883,89.52820130479745,85.97260609601182,86.74754333496094,12344033
2017-10-30,87.06663593682877,88.79885312146875,85.79026501363816,87.38572692871094,11234983
2017-10-31,87.84156185312301,90.25754811812419,87.06662469980668,89.34585571289062,14261097
2017-11-01,89.89288653985213,91.07808967009152,89.34587238576563,90.16639709472656,9643841
2017-11-02,89.8017164535762,90.30315013989657,87.06663879509165,89.02677917480469,12103698
2017-11-03,88.16066243990325,92.53678924560548,88.11508198805619,91.16925048828125,28837677
2017-11-06,91.62509952891956,91.94419052420628,89.4370360594846,90.25756072998047,12966904
2017-11-07,91.21483308553302,91.80742761792665,84.14921654529982,84.96973419189453,39300782
2017-11-08,82.59933647914764,84.33155356513129,81.64206355802145,82.05232238769531,21569596
2017-11-09,82.32583841428809,84.65065019727692,82.05232787244844,83.96688079833984,7940660
2017-11-10,83.87571196684966,84.96974021023945,83.05518730647636,84.33155822753906,5931600
2017-11-13,84.51389110446544,84.74181422713731,81.14063167118641,81.50531005859375,6143788
2017-11-14,81.2317967194396,83.46544741776242,80.73037004030209,83.10076904296875,12007432
2017-11-15,81.36856182375529,82.55376494631021,79.72751241647346,80.50245666503906,10250659
2017-11-16,80.45686094713346,81.23179816002452,78.99815437775118,80.00101470947266,6285347
2017-11-17,81.96116621775592,81.96116621775592,79.63634730303384,80.09219360351562,6686745
2017-11-20,79.95544017207432,80.13778286988321,79.0893349633859,79.54518127441406,4616995
2017-11-21,79.8642561723505,80.86711646295147,79.49957780604252,79.72750091552734,6701671
2017-11-22,80.04660360520654,81.27738707866385,78.26879907184667,80.82154083251953,15151286
2017-11-23,81.68764930173742,85.88143354885503,80.593621047937,84.65065002441406,27536643
2017-11-24,85.28883899049387,85.65351043807856,83.8757127862862,84.14922332763672,13964675
2017-11-27,83.83012552742002,84.78740546819674,83.00960781322516,83.96688079833984,6737532
2017-11-28,84.3315612489992,86.24611422135756,83.87571497197759,85.79026794433594,9738586
2017-11-29,86.15494391702089,86.6107901811321,84.5594819926316,85.33441925048828,11521114
2017-11-30,84.78740202862284,85.15208041772776,83.41986328622569,83.8757095336914,10185899
2017-12-01,84.33155427183709,85.0609110369933,82.5993371713373,83.05518341064453,7141836
2017-12-04,83.41985327350206,83.64777636987775,81.59646850249655,82.736083984375,4427516
2017-12-05,82.05232402016868,82.50817026472518,80.6847852864992,82.18907928466797,4947369
2017-12-06,81.96116538323038,83.966886302663,81.77882269149674,82.32584381103516,7338188
2017-12-07,82.96402801016896,83.83013321262546,82.73610485629487,83.46546173095703,7280761
2017-12-08,84.28597179337807,85.60793013805362,83.64778980330162,83.96688079833984,11543563
2017-12-11,84.51389411621795,84.51389411621795,83.41986587067066,83.64778900146484,3688196
2017-12-12,83.60220336914062,84.33156018544172,83.14635709786796,83.60220336914062,5212388
2017-12-13,83.14635930352644,84.01247141531746,81.23180630452553,81.68765258789062,4287554
2017-12-14,82.05233100571515,82.32584155799911,80.41128160333594,81.68765258789062,4987301
2017-12-15,82.96401140827844,83.64778073307194,81.41413705434432,81.96115112304688,10284569
2017-12-18,81.5053007813961,82.37140576670166,79.0893145649373,81.36854553222656,9937570
2017-12-19,81.96116037788107,82.73609764235196,81.77881769728307,82.09791564941406,8647185
2017-12-20,82.3714150002259,83.10077177378096,81.96115616238973,82.18907928466797,7508973
2017-12-21,82.2346620139482,84.28597017128168,82.14349415364353,83.32869720458984,14417710
2017-12-22,83.92129612521225,85.15207959027741,83.60219819055764,84.05804443359375,11112286
2017-12-26,85.516763741685,85.74468687857045,84.51389637485933,84.78740692138672,10129145
2017-12-27,84.78740612201052,86.15494493043005,84.01246885503853,84.46831512451172,12294330
2017-12-28,84.78739597550481,85.06090648672254,83.69336784195633,84.01245880126953,5915154
2017-12-29,84.33155822753906,85.33441860992335,84.10363509719436,84.33155822753906,5837814
2018-01-01,84.46831207001537,87.88715896743373,84.42272466245173,86.74754333496094,14221778
2018-01-02,88.20624693600554,89.98404447958288,85.88142834302448,89.5281982421875,23565569
2018-01-03,90.43989222240586,90.89573846738907,89.1635283009822,89.84729766845703,13637110
2018-01-04,90.12081005233837,92.08095048852357,89.48262802923732,91.85302734375,14450624
2018-01-05,92.12653331076382,94.36017723601829,92.12653331076382,93.31172943115234,19274135
2018-01-08,94.04108722724898,94.2234229536339,92.536793139756,92.94705200195312,5822499
2018-01-09,93.22055929047083,93.40289501048574,90.53106916411075,92.17211151123047,6319831
2018-01-10,92.17211581135831,95.68213075286276,91.71626953439248,94.6336898803711,15393638
2018-01-11,94.54250416453874,94.9071825352151,93.4940634128786,94.36016845703125,5567140
2018-01-12,94.81601658825055,96.27472314462979,92.62795327585093,93.63081359863281,11196848
2018-01-15,93.90432949539807,94.99835773638065,92.12653186488589,92.49120330810547,5305858
2018-01-16,92.62795992367583,93.17497405211907,89.07235765530177,90.25756072998047,9669560
2018-01-17,89.61938016869398,91.44276526302622,87.1578061179482,91.07808685302734,12263755
2018-01-18,91.44275813759872,92.12652749469244,87.38572244544565,88.84442901611328,9461595
2018-01-19,88.43417424300846,89.71054515929765,87.70481744636835,88.93560791015625,4371119
2018-01-22,89.43703797187187,96.27473211277434,88.79885596765251,95.31745910644531,19820608
2018-01-23,97.2775883669069,98.41720400829833,94.26900724703067,95.22628021240234,20713446
2018-01-24,94.81602640188017,97.50551667620705,93.12939655413301,94.9527816772461,11030400
2018-01-25,94.81603529846784,97.09526691621947,93.26616058066189,93.90434265136719,21320475
2018-01-29,94.31459330494138,94.9527822754489,91.76185828989817,92.90147399902344,8267296
2018-01-30,93.17498200963307,93.99550675020501,91.30601633152975,92.62796783447266,6760018
2018-01-31,92.40003315053366,94.45134126813355,90.34872503293377,91.3515853881836,12559349
2018-02-01,91.62508991243492,93.03821597195589,88.57092163981935,91.48833465576172,10520230
2018-02-02,90.3943200462179,90.48548791242793,83.46545787932062,85.24325561523438,12197761
2018-02-05,83.87571478821211,87.06663872037235,81.5053155440255,86.47403717041016,10260198
2018-02-06,82.50817318478146,85.24325074891786,80.41127760334544,84.33155822753906,9712898
2018-02-07,85.83585697531501,86.61079426975402,84.83299653806084,85.9270248413086,10329147
2018-02-08,86.9754664614555,90.02963496535021,85.92701868844817,86.74754333496094,22688194
2018-02-09,84.10362637077547,86.8387036511259,83.8757032640796,86.06376647949219,8587666
2018-02-12,86.70195135826674,89.57378399188701,86.61078350360576,88.8900146484375,9746825
2018-02-14,89.6193875575488,90.48549276649959,88.79886280631703,89.20912170410156,7781773
2018-02-15,90.2202485982029,90.40408735631576,86.4974541359254,87.00302124023438,5627414
2018-02-16,87.87626322006884,88.56566906177386,86.17573021312951,86.6812973022461,6881218
2018-02-19,87.1868525567042,87.41665449123056,84.79691384022966,85.67015838623047,5548339
2018-02-20,85.62419933639077,87.04896707488679,85.07267611461818,85.53227996826172,5526504
2018-02-21,85.94592814125146,86.35956884047505,83.55598929607312,84.29135131835938,6127936
2018-02-22,84.06154718259349,85.02671813964844,83.55598712037317,83.8777084350586,7325803
2018-02-23,84.56712072650231,86.26765381677235,84.10751680951044,85.3944091796875,5903091
2018-02-26,85.85400762756466,86.86513477793558,85.48632311479373,85.80804443359375,5571950
2018-02-27,85.9459254647813,86.54341191071909,83.64790606732726,83.9696273803711,6008686
2018-02-28,83.55598755359404,84.06154761843558,82.2690952751814,82.63677978515625,9655809
2018-03-01,83.5100215402606,84.38327309859042,82.9125351083504,83.37213897705078,6768063
2018-03-05,83.28022853249375,83.92367822544303,82.45294007755854,83.09638977050781,4722003
2018-03-06,83.64791190730544,84.33731777467335,80.70644967840205,81.07412719726562,5104528
2018-03-07,81.07411634121563,81.99332404128836,78.31649324099745,78.54629516601562,7637799
2018-03-08,78.8680178573479,79.74126230505722,76.89172004027144,79.1437759399414,6710709
2018-03-09,79.51146432742262,81.39584287679774,78.40841791651886,79.18974304199219,9925102
2018-03-12,79.97107305529403,80.0170362473068,78.04073821173145,79.92510986328125,9123597
2018-03-13,79.87915802001953,80.7064464301645,79.32763475092251,79.87915802001953,8051617
2018-03-14,79.51146697998047,80.70643980915636,78.63822245996613,79.51146697998047,8837035
2018-03-15,79.51146937663685,80.66047904970965,79.51146937663685,80.01703643798828,5919232
2018-03-16,79.97107894383397,81.48777322295476,78.68418661570122,79.4195556640625,10466068
2018-03-19,79.87915606568568,79.87915606568568,76.66192889283411,76.98365020751953,6406121
2018-03-20,76.75384329622509,77.81093355859309,76.38615881196688,77.30536651611328,4103288
2018-03-21,77.62708750184136,77.99477198464012,75.78867210084572,76.34020233154297,6618739
2018-03-22,76.66193245855578,76.70788864107769,74.63967107661846,74.82351684570312,6440184
2018-03-23,73.58258770962738,75.37504012695912,73.3987419405427,74.82351684570312,6338328
2018-03-26,75.2831218054838,75.8806082906462,74.134112031325,75.60484313964844,5569982
2018-03-27,76.29425136200351,76.52405332393727,75.14524155233478,76.11041259765625,5473439
2018-03-28,75.74272069517711,75.97252263477839,74.36390905756951,74.77754974365234,5314016
2018-04-02,75.4669596997936,76.15636555639281,74.96139961275361,75.78868103027344,5985693
2018-04-03,75.83464555362966,79.18975551708705,75.65080679385083,78.77610778808594,7649561
2018-04-04,78.73015753593863,80.5226101243174,77.85690582870308,78.27055358886719,10485067
2018-04-05,79.51147222121605,80.52259936709419,79.32763347214684,80.15491485595703,5368585
2018-04-06,80.2928039345275,80.89029043694572,79.2357135091721,80.5226058959961,3637880
2018-04-09,80.4766394956732,82.08525302175347,80.2927937420364,81.34988403320312,6272615
2018-04-10,81.44180560519024,81.90140948220937,80.56856104405334,81.7635269165039,3649228
2018-04-11,81.62564282593831,83.6478968680998,81.25795836018226,83.28021240234375,7215318
2018-04-12,83.51002237375653,83.78578750292851,81.71757007313433,82.03929138183594,3665255
2018-04-13,82.26910017256965,82.54486532471645,80.84432524147633,81.07412719726562,2812919
2018-04-16,80.89028386869057,81.53372650335565,79.83319352917043,81.30392456054688,2292212
2018-04-17,81.71758125829832,82.03930261103582,80.56857141780763,81.0281753540039,2758598
2018-04-18,81.30392653279739,81.7635304295639,80.33876255738704,80.75240325927734,2178827
2018-04-19,80.98220324321433,81.76352844616443,80.0170392912167,81.30392456054688,2755814
2018-04-20,80.89028127831938,82.91253550507795,80.89028127831938,82.13121032714844,5246399
2018-04-23,82.40697980791114,83.14234183239567,81.85545653629801,82.08525848388672,3518684
2018-04-24,81.80948438676981,82.82061144288306,80.89027669703081,81.21199798583984,3858977
2018-04-25,81.16606178201813,81.53373933799116,78.1786360552383,78.8680419921875,3114416
2018-04-26,78.31650576468239,80.20088465636402,77.67306307693708,79.37359619140625,8861347
2018-04-27,79.46551401315739,80.20088308156916,79.23571205590362,79.83319854736328,3181023
2018-04-30,80.06298658101754,81.44179808475377,80.06298658101754,80.70643615722656,2236471
2018-05-02,81.99333237794716,82.26909752120663,80.29279936251083,80.75240325927734,5551848
2018-05-03,79.97107786262809,81.16605079680946,78.3624642274603,78.63822937011719,3633182
2018-05-04,78.6382331850231,78.82207194704684,77.07557565582438,77.4432601928711,2669546
2018-05-07,77.67305407246415,78.08669475049088,76.66192696051107,77.53517150878906,2720386
2018-05-08,77.7190169958727,78.0407383013361,75.972520892359,76.57000732421875,5198731
2018-05-09,76.84576416015625,77.81093507350026,76.52404286004104,76.84576416015625,2871177
2018-05-10,77.02961136897721,77.53517141786162,73.58258234613513,74.08814239501953,9908099
2018-05-11,74.59371339102239,75.51292117892656,73.81238817390363,74.13410949707031,7155264
2018-05-14,74.13411070832196,74.68563398747582,71.28456792186114,71.4684066772461,5204961
2018-05-15,72.06589577133484,74.82351928034255,71.46840927511666,71.79013061523438,7839753
2018-05-16,71.23858910083788,73.39872556129606,70.41130085706737,72.8931655883789,4031284
2018-05-17,73.39875236348094,74.36392350248663,72.52550762857102,72.84722900390625,7601441
2018-05-18,73.03106557164942,73.21491136126642,69.85980109050409,70.22748565673828,3786274
2018-05-21,70.27342693738156,70.59515524771354,68.61885725980912,68.98654174804688,3693657
2018-05-22,69.03249496127425,70.54918902699491,69.03249496127425,69.90574645996094,3384044
2018-05-23,69.95170873675374,70.41131261414766,69.03250098196592,69.21634674072266,2520715
2018-05-24,69.58402910106145,69.81383105583774,67.74561346285111,68.80270385742188,3612011
2018-05-25,69.12441729476251,69.53806497390435,68.52693789099925,68.98654174804688,3855315
2018-05-28,69.2163604581229,73.16895037924148,69.2163604581229,72.84722900390625,7542068
2018-05-29,73.39874646697504,79.83320150876621,73.1229883158408,76.70789337158203,63943559
2018-05-30,75.09926998481318,79.14378546667916,73.72045836688149,76.29424285888672,36540757
2018-05-31,76.66192171341557,78.08668940587772,75.69675084674925,76.8917236328125,16494380
2018-06-01,76.79981418776268,76.79981418776268,73.53662370562596,73.85834503173828,9306243
2018-06-04,73.99621191690134,74.36389636008171,68.66480502327965,69.17037200927734,14237353
2018-06-05,69.1703862267477,69.21634942146667,66.78044737433692,67.24005126953125,12195205
2018-06-06,67.10216035617205,69.03249507340753,67.10216035617205,68.57289123535156,8982847
2018-06-07,68.98654504761396,70.31939349160172,68.94058185451149,70.18151092529297,6290061
2018-06-08,69.95170576167206,71.60628245511961,69.1703806059323,71.28456115722656,7174973
2018-06-11,71.79012869212683,72.38761517233961,70.87092088041459,71.19264221191406,5338391
2018-06-12,71.05476077021876,72.34164598971684,70.31939177650689,71.97396850585938,5710082
2018-06-13,72.47952546254533,73.07701186783798,71.5143615890709,71.7441635131836,5538985
2018-06-14,71.69820243433902,71.69820243433902,69.53806568667335,69.85978698730469,6087770
2018-06-15,69.81382265232831,70.59515481491782,68.4809742802608,69.07846069335938,6690135
2018-06-18,68.94058293599204,70.27343140088838,67.88349259504041,69.81382751464844,5643821
2018-06-19,69.4921075168493,70.27343273569836,68.06733965024195,68.3890609741211,6199993
2018-06-20,68.71078837618477,69.40019427962474,68.11330185727022,68.84867095947266,5077061
2018-06-21,69.53807092504314,70.45727871780512,68.94058445714808,69.3542251586914,8314390
2018-06-22,69.03250928872498,69.40019383748373,68.20522080726766,68.94058990478516,4637036
2018-06-25,68.94058339750103,69.30826791155414,67.14813103436553,67.42388916015625,6350796
2018-06-26,67.42388195088435,67.92944898027466,66.82639555605891,67.33196258544922,4605005
2018-06-27,67.46984810119947,67.79156940084108,64.75818111736682,65.26374816894531,6965052
2018-06-28,65.17184425523007,66.13700838304729,63.51726716040053,64.11475372314453,8756324
2018-06-29,65.30970534813211,66.50467106722739,64.85010153009598,65.9531478881836,10374286
2018-07-02,66.1829550317895,66.5506395178991,64.52837835079546,65.44758605957031,4014364
2018-07-03,65.21778802732005,65.21778802732005,63.838976381812245,64.34454345703125,5861611
2018-07-04,64.34454567725322,64.71223019800874,63.01169717913826,63.60917663574219,5266760
2018-07-05,63.517250497490856,63.65513305472166,62.1384389511792,62.32228469848633,6354035
2018-07-06,62.50613046536054,65.40163644098807,62.41421108786422,64.66626739501953,8393741
2018-07-09,65.21779531557473,65.53952367921279,64.02282929706001,64.43647003173828,4641051
2018-07-10,64.71223481365246,66.09104660508113,64.5743522319097,65.76932525634766,4466996
2018-07-11,65.63142914609385,66.64255618211952,64.66625828584327,65.12586212158203,5264754
2018-07-12,65.53951085633128,65.95315151008027,63.19552845042535,63.65513229370117,5791016
2018-07-13,63.93090400255429,63.97686018382571,61.44903878493677,61.72480392456055,6688598
2018-07-16,61.72480667404195,61.816726053678074,59.3808239218255,59.74850845336914,5498218
2018-07-17,60.20811081400759,62.781895455531156,59.242939820186514,62.552093505859375,7675970
2018-07-18,62.598046618905194,63.011694315833246,59.97830592368863,61.17327880859375,5743139
2018-07-19,61.540957406269094,62.276326427587705,60.16214575104575,60.80559539794922,4872954
2018-07-20,60.94348128352538,62.68997053147931,60.5757967528512,62.04652786254883,5073743
2018-07-23,62.27631632029581,64.25261410796745,61.632873790820206,63.88492965698242,5048661
2018-07-24,63.93089617773241,67.92944813488148,63.70109426050547,67.51580047607422,14241131
2018-07-25,67.97541018568396,72.01992568104752,65.07991138876324,65.86123657226562,47859275
2018-07-26,66.1369933660746,66.55064105235974,64.6203062220244,64.98798370361328,13088082
2018-07-27,65.2637592615647,66.27488652358058,64.80415532310298,65.40164184570312,5959511
2018-07-30,65.63143359081612,67.65368779981948,65.49355102815714,67.3779296875,9169279
2018-07-31,67.56177753861009,68.48098539627826,66.68853287902509,68.06734466552734,9110753
2018-08-01,68.29714051166772,68.61886183043087,66.91832884868384,67.60773468017578,7218091
2018-08-02,67.51580354109075,68.66481317938704,66.87236094884413,67.74560546875,5908968
2018-08-03,68.02137756347656,68.57290084382386,67.6996562343572,68.02137756347656,4949479
2018-08-06,68.29713596247544,69.72190371152408,68.25117277157136,68.98654174804688,6672395
2018-08-07,69.3542158138897,69.3542158138897,66.82639472439341,67.51580047607422,5762915
2018-08-08,67.5158082922445,68.29714051166772,66.91832884868384,67.60773468017578,3694645
2018-08-09,67.60774286179459,69.03251087816507,67.28601449109838,68.48098754882812,3849977
2018-08-10,68.48097596844849,68.84866046349623,66.68852369796365,67.28600311279297,3550580
2018-08-13,66.91833522128931,67.79157988580498,66.18296612580284,66.73448944091797,3555510
2018-08-14,67.01024429506629,67.24004622542454,66.13699275190591,66.41275787353516,2812094
2018-08-16,66.18296612580284,67.74561668746229,65.90720096174554,66.73448944091797,4576252
2018-08-17,67.10216632452335,68.57289733451591,66.82640119196284,67.88349151611328,5001845
2018-08-20,68.57290535602641,69.3082744535439,68.38906658814676,68.94058990478516,4923730
2018-08-21,69.40019226074219,70.31940010525533,69.03250772033707,69.40019226074219,5001773
2018-08-23,69.21635095583545,69.76787423969489,67.37793533430462,67.92945861816406,4221464
2018-08-24,67.92946137843315,74.27199693303909,67.24005549234552,73.72046661376953,31797538
2018-08-27,74.40986170648219,74.6856268261164,72.6633726587932,73.49065399169922,13621490
2018-08-28,73.62854744919095,74.22603395483281,70.36536378653041,71.42244720458984,10860282
2018-08-29,71.37648613335783,75.97252507287864,70.77899966862036,74.13410949707031,20108730
2018-08-30,74.08814544338395,75.28311835900256,73.53662217963644,74.31794738769531,9498914
2018-08-31,74.63966563607457,75.55887337549912,72.7093307858827,74.08814239501953,8388264
2018-09-03,74.45582734554185,76.20232346365427,74.27198860173993,75.14523315429688,9935832
2018-09-04,75.23715792359376,75.28312111934083,71.05476659157424,72.3416519165039,8166498
2018-09-05,72.15780859621648,73.8123853564884,69.26230277223992,72.57144927978516,13213861
2018-09-06,73.67450708767021,75.69676145660853,72.34165156055262,74.82351684570312,11046623
2018-09-07,74.82350353416686,76.5699994582649,71.97396124379517,72.93912506103516,14671712
2018-09-10,72.61741643089957,73.49066103847662,71.05476597113044,71.4684066772461,6815427
2018-09-11,72.04588319816257,73.02388447440005,70.83503225820985,71.81302642822266,10091442
2018-09-12,71.81303442055398,72.37188930936179,69.67075616241975,69.95018005371094,9414455
2018-09-14,70.36932351845539,72.83759976320799,70.36932351845539,71.76646423339844,10398967
2018-09-17,71.53361362595547,71.53361362595547,70.41589669372837,70.92818450927734,3755063
2018-09-18,71.02131509276094,71.48702863435281,67.80789449826688,68.785888671875,8685643
2018-09-19,69.8570388020719,70.22961109692804,68.78589611919503,69.71732330322266,6108676
2018-09-21,70.78846836756992,70.78846836756992,62.871337036986446,66.5970458984375,11280098
2018-09-24,67.52846099276208,67.52846099276208,64.73417984823399,65.7121810913086,4974635
2018-09-25,65.19989918338328,67.71474959510947,64.64104432591358,66.73675537109375,7388125
2018-09-26,67.06275338128097,67.85446502078719,66.82989659870708,67.20246887207031,3739806
2018-09-27,67.2490250427871,67.99416946849301,65.01360597811713,66.22445678710938,7884479
2018-09-28,66.31761555680258,66.55047236297986,63.104194474046245,63.802764892578125,7062306
2018-10-01,63.70960678624371,66.55045480852175,61.800178636762226,66.22445678710938,7191129
2018-10-03,66.96961778829976,71.11446602833236,65.7587595733871,68.45989990234375,16456814
2018-10-04,67.48189848982,69.76389941696685,67.15590038772064,68.45989990234375,10444564
2018-10-05,67.80789816026352,68.92560787795657,64.96704256064149,65.57247161865234,9385085
2018-10-08,65.15332964094023,66.13133104108023,63.29047524541684,64.82733154296875,9132523
2018-10-09,64.96704096132326,66.59703840479732,63.43018480765988,65.43275451660156,7821977
2018-10-10,66.0381920087641,69.53104412023372,65.66561969562883,69.0653305053711,7848645
2018-10-11,66.64361546265305,69.7638949956714,66.17790188738985,68.27361297607422,6359958
2018-10-12,69.01874855400895,71.20760087691843,68.92560726273675,69.99674987792969,7655675
2018-10-15,70.22961091593373,71.44046198831379,68.78589594192144,70.64875030517578,5209684
2018-10-16,70.78847172408103,71.44046796325979,70.36933229978413,70.9747543334961,4799630
2018-10-17,71.71989668884284,72.3253258094094,68.50647558878111,69.0653305053711,7900337
2018-10-19,68.5064741053118,70.04332331609817,67.62161399249848,68.45989990234375,5638133
2018-10-22,68.97218435110675,70.0433199049504,67.66818489998913,68.87903594970703,5188175
2018-10-23,69.85703123878125,70.83503251861407,67.85446158869125,68.785888671875,13765726
2018-10-24,70.08989378415774,71.20760353357447,68.83246853950762,70.74188995361328,8048611
2018-10-25,69.76389200193476,71.25417395758035,64.50132740604495,65.43275451660156,46914007
2018-10-26,66.13133318865741,66.17790739254819,62.638481083622686,62.871337890625,26351665
2018-10-29,63.663050067794885,63.756191370015756,61.98648530914163,63.29047775268555,16596499
2018-10-30,63.56990955278509,65.15333302882563,63.33705274123643,64.40819549560547,17763932
2018-10-31,64.50132757013495,64.73418434836647,62.964471412561835,64.03561401367188,18658155
2018-11-01,64.45474999880769,65.89846479077742,64.45474999880769,65.38617706298828,18514431
2018-11-02,66.08476519151687,68.87904713798652,65.89848257090948,67.99419403076172,25054634
2018-11-05,66.55047202192446,66.55047202192446,64.54790918404304,65.19990539550781,12435322
2018-11-06,65.29304243180819,66.22446959091023,64.268473978041,64.54790496826172,9397104
2018-11-07,65.15332032816848,65.15332032816848,64.68760679585498,64.92046356201172,1121760
2018-11-09,64.96704859052386,65.57247770472729,64.45476077706886,65.19990539550781,5825050
2018-11-12,65.19989954446204,65.71218731194428,63.80275883993785,64.17533111572266,8027643
2018-11-13,63.98904037475586,64.6876107155555,63.150761650776296,63.98904037475586,5492697
2018-11-14,64.08219192070915,64.45475710246272,61.194762018541695,61.52076721191406,17411472
2018-11-15,61.56733311133556,63.0576151280955,60.63590596258245,62.26590347290039,12196075
2018-11-16,62.4056129598439,62.45218715528881,61.148187851300904,62.17275619506836,8934462
2018-11-19,62.21933406771688,63.66304183091458,62.21933406771688,63.33704376220703,6923682
2018-11-20,63.243896496470796,63.38361197163735,62.35903655789876,62.77818298339844,11370903
2018-11-21,63.15077133217385,63.15077133217385,61.38105810959532,62.03305435180664,8588079
2018-11-22,62.26590301721713,62.73161658818543,61.334475875280525,61.61390686035156,8808101
2018-11-26,61.66047599425265,62.54533607211032,61.008479815810475,62.40562057495117,7523888
2018-11-27,61.84676569253997,63.43018904374261,61.753624396509,62.40562057495117,9725050
2018-11-28,62.49876187098214,62.63847736814129,61.800191491411795,62.40562057495117,8965627
2018-11-29,62.59189599307658,64.08218498366496,61.1947553940684,63.52332305908203,10339738
2018-11-30,64.03561957399208,65.52590166283261,61.613910291348034,63.47676467895508,123227256
2018-12-03,64.08219381081601,66.41076179658366,62.778194317541015,65.99161529541016,16129731
2018-12-04,65.33962079129307,66.50390481428039,64.87390718209815,65.66561889648438,7323826
2018-12-05,64.96704597981982,65.432759571073,61.56733534242645,61.893333435058594,21703542
2018-12-06,61.80019337235856,62.03305017263589,60.58934227465179,61.148197174072266,13418588
2018-12-07,61.287911541481115,62.17276452367241,59.93733786112674,61.42761993408203,10787228
2018-12-10,60.542763846608565,60.915336122294256,58.30733729871954,58.633338928222656,13939033
2018-12-11,57.795050522652645,61.00847471038711,57.46905246071233,60.170188903808594,21465276
2018-12-12,60.54276847793978,62.35904868978772,60.17019617375349,61.800193786621094,9954488
2018-12-13,62.312471675178585,63.057609058725596,61.7536168609622,62.17275619506836,8670196
2018-12-14,61.93991304666589,63.2439126373146,61.287916804454575,62.03305435180664,6485337
2018-12-17,62.12618624997714,63.75618371492193,61.939903667902016,63.057613372802734,8413741
2018-12-18,63.011047065215564,65.33961490128247,62.68504898941121,65.10675811767578,17072720
2018-12-19,65.38618634233671,66.13133094191897,64.64104884897999,65.29304504394531,10669275
2018-12-20,65.01361080517657,66.13132042049803,64.50132308618998,65.7121810913086,6354028
2018-12-21,66.87647559146107,66.96961688992205,64.64104889726987,65.06018829345703,15851379
2018-12-24,65.24647183020583,67.99417895936129,64.73418407774808,66.36418151855469,22943907
2018-12-26,65.85189695663985,66.9230396051692,64.50133042559757,66.64361572265625,13578782
2018-12-27,67.06275983537947,67.43533214459895,64.96704859052386,65.19990539550781,22742988
2018-12-28,65.24647491742483,67.43532730597417,65.24647491742483,67.10932922363281,9774725
2018-12-31,67.34218856283083,68.45989834640437,67.24904015901178,68.08732604980469,7130426
2019-01-01,68.69275990130996,68.87904250939938,67.8079068535462,68.73933410644531,6440421
2019-01-02,68.36676637820297,69.6707660411341,67.48190616475169,67.99419403076172,8615103
2019-01-03,67.99418688662902,67.99418688662902,65.57247754204903,65.89847564697266,8083906
2019-01-04,65.94505132814639,66.92304566483374,65.24648089927292,66.50390625,20439249
2019-01-07,67.06275174362024,67.94760465330306,66.82989496673267,67.29560852050781,8163279
2019-01-08,67.15589148151466,67.29560696566409,66.13132310812665,66.45732116699219,7453809
2019-01-09,66.87646938045427,66.96961067026494,64.92046676330547,65.43275451660156,7124203
2019-01-10,65.4327530080703,65.66560978034103,63.989038177501996,64.12875366210938,7810193
2019-01-11,64.59447604093454,64.59447604093454,63.430192020347306,63.84933853149414,7359392
2019-01-14,64.03560582284817,64.03560582284817,62.87132208061456,63.150753021240234,4735962
2019-01-15,63.430190990191676,64.08219429486691,63.15076709352423,63.663047790527344,5007754
2019-01-16,63.756189089416495,64.8273317922057,63.47676519274905,63.663047790527344,5484091
2019-01-17,63.89589996804431,65.57247165165272,63.337045108916534,65.33961486816406,9573414
2019-01-18,65.57247426350274,66.27104464179384,64.92047098002917,66.08475494384766,17158253
2019-01-21,66.22447044075095,67.29561310870903,65.85189815108396,66.08475494384766,10341030
2019-01-22,66.08473969650883,66.64360155517913,65.15331274035663,66.31759643554688,6256263
2019-01-23,66.36418789081395,66.69018598903249,64.31505089667554,64.59447479248047,5371992
2019-01-24,64.50133080721753,65.29304247169283,63.942475932659974,64.31504821777344,6289323
2019-01-25,64.40818824971613,64.73418632796445,61.520765532591525,61.846763610839844,7134722
2019-01-28,61.939903588388475,62.172760368795956,59.09905157803978,59.37847900390625,8737901
2019-01-29,58.86619632142247,60.868762552897,58.86619632142247,59.983909606933594,8758306
2019-01-30,60.496186469051,60.496186469051,59.238761322619574,59.518192291259766,7509058
2019-01-31,60.07705358665283,60.54276718034781,59.3319125473634,60.263336181640625,12325961
2019-02-01,60.49619083944631,61.19476120528853,59.285339802388265,59.93733596801758,6031620
2019-02-04,60.12362016002983,60.82219046193773,58.77304664593981,60.496185302734375,6807730
2019-02-05,60.49619597525813,60.68248568569956,52.346211234986924,54.814491271972656,48929404
2019-02-06,55.28020152002458,56.95677328069984,53.65020396067796,56.63077163696289,19423985
2019-02-07,56.81705540087224,58.214196107451066,56.44448312453953,57.93476867675781,8069603
2019-02-08,57.98134231567383,58.912769501467785,57.562199371444,57.98134231567383,8295240
2019-02-11,57.00334439156285,58.91276940881494,56.81705824407448,58.44705581665039,9511824
2019-02-12,58.96595762266335,59.06030171526104,58.02250230070074,58.305538177490234,5528900
2019-02-14,56.843173645082885,59.24898359407976,56.74882956825785,58.77725601196289,7971447
2019-02-15,58.44705738870561,58.494229434579374,57.26773824687941,57.59794616699219,7013360
2019-02-18,57.5979435732703,58.116843252507714,57.456427442021685,57.692291259765625,6749057
2019-02-19,57.64511765057924,59.2489923876175,57.64511765057924,58.54140090942383,4229035
2019-02-20,58.77726476659499,59.579203935036716,58.49422889496701,59.201820373535156,5089826
2019-02-21,59.43768260325361,59.532026691596776,58.82443523203423,59.39051055908203,3138802
2019-02-22,59.34333479330876,60.522653818620974,58.91877922439716,60.050926208496094,4784997
2019-02-25,60.3339657209736,61.135904866313474,59.53202657563373,60.71134567260742,4015688
2019-02-26,59.95658377724715,61.89066642832034,58.682920557978456,61.183074951171875,6564549
2019-02-27,61.4189321342733,62.26804325461646,60.94720453385954,61.27741241455078,6764048
2019-02-28,61.32459405581947,61.46611378939297,60.47548285237113,60.80569076538086,14167452
2019-03-01,61.13590558648446,62.83412078733576,60.99438585358203,62.409568786621094,9309674
2019-03-05,63.91909699147934,64.15496081801616,62.64543376777904,63.494544982910156,9082342
2019-03-06,63.82474941286799,66.18338754935245,63.68322968508045,65.19275665283203,13004838
2019-03-07,65.28709738281297,65.33427302231469,63.91909021316708,64.24929809570312,4192540
2019-03-08,64.06062198340965,64.06062198340965,62.73978300682518,63.30585479736328,9335968
2019-03-11,63.871917083720206,66.60793872852486,63.40018946213293,66.08904266357422,12701280
2019-03-12,66.46641239091562,67.31552346490857,65.61730851491426,65.8531723022461,7526822
2019-03-13,66.08903902412652,66.23055154441596,63.9190892051248,64.15495300292969,5268092
2019-03-14,63.91909242651276,64.76820358100215,62.83411746233144,63.447364807128906,5767075
2019-03-15,62.50390071063644,64.2021227789521,62.36238100527826,63.96625900268555,6878337
2019-03-18,64.34364338049683,65.23993016185382,62.69259673893577,63.35301971435547,11419966
2019-03-19,63.68322641164247,64.57950597823917,63.35301852910643,64.24929809570312,10369254
2019-03-20,64.24930705125492,68.30616788215065,64.24930705125492,64.67386627197266,34728590
2019-03-22,64.86255506604198,65.42862683429246,63.11716411477255,63.730411529541016,12856428
2019-03-25,63.305846143644466,66.13621190742582,62.7869500724133,65.19275665283203,26125367
2019-03-26,65.9946946435102,68.58919669050726,65.80600646474383,67.03250122070312,35481702
2019-03-27,67.92877976560533,68.63637122149704,66.65511658459873,67.26836395263672,26105730
2019-03-28,68.02312275840877,68.30616221540605,66.84380368424083,67.50422668457031,45326931
2019-04-01,71.18369838283245,73.44799250671024,70.57045820590088,71.65542602539062,25156745
2019-04-02,71.93847104986806,72.78758231169463,69.5326570076916,70.47611236572266,20278983
2019-04-03,71.13652223106773,71.84411361825079,68.8722283524836,69.67416381835938,19628856
2019-04-04,70.09873498216903,70.71197519775752,67.92878481041683,69.06092834472656,13697381
2019-04-05,69.62699406205091,70.38175387531938,68.30615539134152,68.58918762207031,12657002
2019-04-08,68.7778896147408,69.6741692289099,68.02312253060401,68.4948501586914,13220181
2019-04-09,68.87223495680954,69.01375468741519,67.07966849778722,67.59857177734375,17283821
2019-04-10,67.69291778175239,69.15527637609534,67.6457421375506,68.11746978759766,10842680
2019-04-11,68.02312258357478,70.57045609602578,67.26836269684262,70.1458969116211,24219236
2019-04-12,70.47611425764102,73.87255939612429,70.28742606016677,73.30648040771484,43815259
2019-04-15,73.6838599833614,73.82537972274801,72.31585263127444,72.9291000366211,11053354
2019-04-16,73.11778129439497,74.39144443218275,71.89128659993725,72.3630142211914,11087979
2019-04-18,73.58950588612028,73.58950588612028,71.46673167786682,71.74977111816406,7161272
2019-04-22,71.56109010927476,71.56109010927476,68.87224367920582,69.01376342773438,6499049
2019-04-23,68.87224355684657,70.33460229238793,68.683555357806,69.3439712524414,6018400
2019-04-24,69.24960738057533,70.14588686709988,68.77787981966948,69.2967758178711,7705263
2019-04-25,69.67416930593434,70.90066401951441,67.64573906331765,68.16464233398438,17295969
2019-04-26,68.25899081643213,69.06092639711865,66.56077556285942,67.22119140625,9643069
2019-04-30,66.56075945755539,68.11745459716806,65.47578466480178,66.79662322998047,14315500
2019-05-02,66.93814522883933,67.59856820409162,65.42861831082172,65.66448211669922,10325875
2019-05-03,65.75882741962307,66.607938576136,64.53233992509755,64.76820373535156,8390333
2019-05-06,64.48516867331996,64.48516867331996,61.93784222837836,62.1737060546875,9020087
2019-05-07,62.36238623684857,62.92845790777771,59.76788448026417,60.192440032958984,8647726
2019-05-08,60.286795995509735,60.286795995509735,58.06967384853143,58.258365631103516,15303026
2019-05-09,58.30553770134854,59.29616506152022,58.06967387278403,58.918785095214844,13936931
2019-05-10,59.15464894793738,59.90941247985278,58.352709771092684,59.57920455932617,11398050
2019-05-13,59.06029946067006,59.43768301464729,55.85255364784878,56.465797424316406,10847294
2019-05-14,56.84318367292887,60.8528688282807,56.41862805432762,60.33396911621094,25941657
2019-05-15,60.23961914342571,60.664178344952106,56.84318152117793,57.17338943481445,11735485
2019-05-16,57.17338795629146,59.154646183863605,57.07904386883403,58.682918548583984,13662204
2019-05-17,58.494221747067506,59.10746905982062,57.73945831529163,58.588565826416016,8777033
2019-05-20,60.852867466710045,62.975641913223185,60.33396776625055,62.22087478637695,15063392
2019-05-21,62.22087218762806,62.40956756045486,59.296162289741225,59.673545837402344,10096863
2019-05-22,60.00375271359837,61.89066322156053,58.635745474522736,61.560455322265625,12714321
2019-05-23,63.400193157828475,66.27773469644411,62.26804967922152,62.78695297241211,22390610
2019-05-24,63.02281291125363,65.52296353886209,62.97563727005669,65.0984115600586,10037711
2019-05-27,65.19275046738308,69.10809084206062,64.76819852229406,68.58918762207031,35842146
2019-05-28,69.3439613288472,69.5326495008852,66.98532318841022,68.4948501586914,21729849
2019-05-29,68.30616295824271,68.30616295824271,66.4664208637379,66.93814849853516,8006184
2019-05-30,67.17401258552682,68.07029941403422,66.60794086109675,67.59857177734375,9835370
2019-05-31,67.78725520498504,67.8344308445469,64.95688958308178,66.23055267333984,11824619
2019-06-03,65.85317998073519,68.16464248690741,65.6173161659016,67.50422668457031,11879171
2019-06-04,67.83443890089337,68.87223831258027,66.70228819887717,66.89098358154297,15631724
2019-06-06,66.98532896990602,67.74009611918666,63.8719234766146,64.67386627197266,14182515
2019-06-07,64.6266860961914,66.5135966391459,63.541711094394074,64.6266860961914,14654515
2019-06-10,64.8625464391869,65.71165757762559,64.01343530074821,64.34364318847656,8628229
2019-06-11,64.43799563466504,66.18338638536845,63.919092374567605,65.75882720947266,10633415
2019-06-12,65.99468982511041,66.65511279855922,64.10777938324316,64.34364318847656,11129594
2019-06-13,64.34364863136757,65.33427957634315,63.96627226946517,64.81537628173828,9467662
2019-06-14,65.99469122987709,66.98532211214086,64.43799584059438,64.76820373535156,17332932
2019-06-17,65.61731932628796,65.99469568980369,63.58888898142347,63.82475280761719,14424170
2019-06-18,64.15495945688497,65.19275883203018,63.25867981425788,64.72103118896484,10325816
2019-06-19,65.09841602946469,65.52296803741628,62.64543367664862,63.82475280761719,11533322
2019-06-20,63.919082327198,67.03248700240556,63.40017914866637,66.79662322998047,13970908
2019-06-21,66.93814984674603,67.78726104608167,66.089045845403,67.36270904541016,11601602
2019-06-24,68.87223041062293,69.81568562172735,67.92877519951851,69.53264617919922,18372701
2019-06-25,69.15527985460385,70.051559555579,68.21182450705396,69.72135162353516,8306005
2019-06-26,69.3439666502107,71.23087730735931,69.24962255695186,70.94783782958984,16456718
2019-06-27,70.80632749942804,71.23087953134475,70.14590443001042,70.47611236572266,10529610
2019-06-28,70.19308266881667,70.33460241734522,68.44769163161357,69.01376342773438,7498136
2019-07-01,69.24961094620997,70.05154640144295,67.64573283775226,68.91940307617188,6618565
2019-07-02,68.96657582038061,69.15527118503086,67.50422453380015,67.9759521484375,5825625
2019-07-03,67.92877837021067,69.57982506670884,67.69291455642521,68.82505798339844,9271047
2019-07-04,69.01375889769719,69.48548656316608,68.35333584724498,68.96658325195312,5004601
2019-07-05,69.2967857874492,69.34396142952338,65.80600421373137,66.18338775634766,10632584
2019-07-08,65.5701437772371,66.37207934786376,62.8341219498114,63.494544982910156,9496461
2019-07-09,63.35302000343751,63.91909170067159,62.126525327770196,63.40018844604492,8178805
2019-07-10,64.10777890606093,64.3436427095387,62.45673228171653,62.97563552856445,7966262
2019-07-11,63.211503871463066,63.35302360331112,61.18307357628775,61.371768951416016,20836630
2019-07-12,61.32459822644842,61.890670001247784,60.75852645164907,61.13591003417969,10910933
2019-07-15,61.607631484071035,61.84349529955677,59.626373274593135,60.617000579833984,13043104
2019-07-16,60.71133977957178,61.4189311690726,60.286787825068025,60.85285949707031,8431898
2019-07-17,60.852862659587956,61.23024619319934,60.33396300011937,60.47547912597656,5043222
2019-07-18,60.47547811553159,60.852861642837524,59.909406423568726,60.381134033203125,10455841
2019-07-19,60.617002258216914,60.805690436633,59.815066702959655,60.09810256958008,7321238
2019-07-22,60.38113504207177,60.66417449177836,59.390507765087,60.47547912597656,6606532
2019-07-23,60.80568883106609,60.85286447342075,59.90940921026694,60.28679275512695,5669497
2019-07-24,60.4283096146209,60.56982213897998,58.02249592862732,58.399879455566406,10133569
2019-07-25,58.68291857449091,58.87161034848531,57.17338798153197,57.692291259765625,8319563
2019-07-26,57.73946164553849,59.01312478518428,56.890350486443864,57.22056198120117,10247067
2019-07-29,57.40925391733092,57.597945698286914,55.663863041229895,55.89972686767578,7138637
2019-07-30,56.08842148203065,56.32428532039159,54.24868282301601,54.48454666137695,10937507
2019-07-31,54.01281634622995,55.71103517967458,53.82412456495912,55.56951904296875,7114686
2019-08-01,55.050616193370814,55.75820767965577,53.35239734608621,54.29585266113281,6644276
2019-08-02,54.201508642621675,54.295852734655526,52.69197797710519,53.30522537231445,8971219
2019-08-05,52.786318614750044,54.10715372171408,51.5126519485038,53.35239028930664,8649871
2019-08-06,53.11652709876448,54.343018140317554,52.97501097800604,54.05998229980469,6788990
2019-08-07,54.24867248535156,54.861919787827794,52.83348972486413,54.24867248535156,17902641
2019-08-08,54.531713726142605,55.28647722012802,53.116530825296365,55.05061340332031,25552334
2019-08-09,55.28648073517301,55.569520212534535,53.02219010925601,53.68260955810547,11735309
2019-08-13,50.946583144290116,53.305221252822065,47.55014570760256,47.6916618347168,44147720
2019-08-14,47.97469553855606,49.20119017923958,47.73883173827015,48.163387298583984,16977418
2019-08-16,48.11621848863101,48.87098198041814,47.40862704026879,48.44642639160156,9602287
2019-08-19,48.49360153008041,48.87098147255416,48.02187390274109,48.399253845214844,8225292
2019-08-20,48.44643041329873,48.63512220165848,46.84255920973205,47.12559509277344,8726047
2019-08-21,47.078420235710055,47.078420235710055,44.814126108523006,45.56888961791992,25422307
2019-08-22,45.42737024739108,46.040613980518174,45.00281467892091,45.285850524902344,13547673
2019-08-23,45.28585375177062,46.32365312731684,44.012190554600586,45.56888961791992,16970212
2019-08-26,46.37082827904553,47.502971731635625,44.86129767726496,47.17276382446289,17742443
2019-08-27,47.833182259067925,51.93721118822327,47.64449048783173,49.7200927734375,21956425
2019-08-28,49.62574547220526,50.380512562988606,47.73883494323934,48.44642639160156,13979685
2019-08-29,48.44642969237291,48.540777384647065,47.172766438141664,47.73883819580078,7558972
2019-08-30,47.833181560827164,48.30490918253356,46.795378633675426,47.6916618347168,10516958
2019-09-03,47.55014783585738,47.73883601378835,46.276481040845525,46.55951690673828,7432957
2019-09-04,46.7010371789087,47.408628651316405,45.804753927393,47.26710891723633,14355020
2019-09-05,47.64449263632937,49.531403235787955,47.55014854595498,48.25774002075195,17899937
2019-09-06,48.493603168554856,49.15401898994671,47.83318374816669,48.8709831237793,7866773
2019-09-09,49.10685038722729,49.48423396789816,48.30491477704738,48.49360656738281,8860837
2019-09-11,49.169804962399354,50.52221384929512,48.59019799513448,50.184112548828125,11951914
2019-09-12,51.32129262591829,52.60679627326187,50.629097193606626,50.97519302368164,11740883
2019-09-13,50.92575247763288,51.42017725896912,49.39303640992287,51.07408142089844,11014744
2019-09-16,50.43132315869609,50.77741896562651,49.887456702593404,50.03578186035156,7112247
2019-09-17,50.03578334064461,50.2829957163833,47.959200893304285,48.20641326904297,10043905
2019-09-18,48.45362449548376,48.849165796148185,47.860316316648515,48.10752868652344,8058186
2019-09-19,48.15697509922593,48.206416823587,46.57481351453934,46.8714714050293,8910056
2019-09-20,47.01979345140024,50.72797911432079,46.080385662361394,49.541358947753906,29024918
2019-09-23,50.975192099505506,51.56850407594236,49.09638027119271,51.22240447998047,23114050
2019-09-24,51.321292877197266,52.35958414466762,50.233556114764134,51.321292877197266,14263656
2019-09-25,51.32128776997601,51.32128776997601,49.34358887744763,49.59080123901367,15774906
2019-09-26,49.541358434379795,52.062927676765135,49.34359155213595,51.12351989746094,22561537
2019-09-27,51.0246320360573,51.51905677970964,49.244703713341146,49.442474365234375,12738830
2019-09-30,49.54135835973328,49.59080385238122,46.97035117282233,47.86031723022461,11513335
2019-10-01,48.15697641511598,49.04693879441875,45.53652345859596,46.32760238647461,15210748
2019-10-03,46.179273661830464,47.76143139604585,45.68484889836795,46.67369842529297,11115713
2019-10-04,46.97035672820324,47.46478153586854,45.19042817504056,45.38819885253906,11690257
2019-10-07,45.388197516213545,45.48708096597049,42.12499086396882,42.32276153564453,16652132
2019-10-09,42.32275992221891,43.459938411881446,41.927222366107955,43.16328430175781,15225493
2019-10-10,43.06439777413123,44.20157628202802,42.32276060084942,42.56997299194336,19819884
2019-10-11,42.81718538303729,43.21272671765228,41.531681703781175,42.56997299194336,17247352
2019-10-14,42.76774517554285,43.410498924040034,42.27332037582559,42.3722038269043,15720258
2019-10-15,42.61941508605888,43.014956424110814,42.02610685114275,42.273319244384766,16921189
2019-10-16,42.52052881459258,42.76774119142161,40.8394838977229,41.38335037231445,17136734
2019-10-17,41.43279710386422,44.39934571448471,41.28446816446854,44.10268783569336,20292119
2019-10-18,48.503067353672925,56.95772984744246,48.503067353672925,53.74396896362305,167677342
2019-10-22,54.33728198282966,54.881148465442266,50.77742144069322,51.22240447998047,57324642
2019-10-23,51.56850485609335,54.58449518908284,51.074080087663546,53.24954605102539,40965324
2019-10-24,53.20010146160942,53.69452620339419,49.936898920262195,50.72797775268555,28459169
2019-10-25,50.72797752268275,51.81571421297426,49.096378145487584,50.38188171386719,28474020
2019-10-27,51.12351989746094,51.370732272427226,50.72797858865028,51.12351989746094,2372937
2019-10-29,51.617946026572326,53.892299182598286,51.123521263429225,53.200103759765625,24273377
2019-10-30,57.452153931042545,60.41870240470384,57.452153931042545,58.24323654174805,79479137
2019-10-31,56.858849048818215,57.35327382315576,55.622787112974336,55.91944122314453,37725375
2019-11-01,56.36442452309916,57.05661996465728,55.523903911882535,56.265541076660156,19538180
2019-11-04,56.51275148820168,57.254388627038125,54.930589995387,55.771114349365234,20859205
2019-11-05,56.265538845903706,57.353271802254255,55.27668933207173,55.42501449584961,16670483
2019-11-06,55.62278315784009,56.46330370558289,54.782262610097284,54.93058776855469,18504336
2019-11-07,55.07891938236588,55.474456929682454,54.13951157772644,54.83170700073242,13782432
2019-11-08,53.29899236146674,55.37557491179435,52.70568036697193,53.64508819580078,21720965
2019-11-11,53.54620368218099,56.858848106476266,52.50790865555083,56.16665267944336,26122637
2019-11-13,55.82055817603786,57.204945290778895,53.496759456748414,53.99118423461914,29011138
2019-11-14,54.238395587885,54.732820356314804,52.705679560184926,53.24954605102539,21808147
2019-11-15,53.39787524180571,54.287841338033786,53.150662856426976,53.595645904541016,10858135
2019-11-18,53.89229709752806,54.18895118950418,53.00233104943825,53.34843063354492,10536197
2019-11-19,53.397872982443346,55.47445542289599,51.91459873293103,55.029476165771484,20906445
2019-11-20,55.77111502106261,55.968881909404956,53.64508702192801,55.17780303955078,24352170
2019-11-21,55.227244548049,56.46330645621627,53.84285747419861,54.83170700073242,15782183
2019-11-22,54.38672381958236,55.86999810557097,53.84285733581885,55.474456787109375,14997151
2019-11-25,55.4744573985925,56.21609454976171,54.98003263114636,55.523902893066406,9491162
2019-11-26,55.425015566767755,55.96888205545158,52.60679590675782,52.90345001220703,16426434
2019-11-27,53.298988989428764,53.64508480186655,52.31013949999343,52.7056770324707,9148707
2019-11-28,53.00233447813849,54.09007124863146,52.70568036697193,53.64508819580078,12670853
2019-11-29,53.59564308182707,54.33728019890357,52.45846466011187,52.7056770324707,9658261
2019-12-02,52.705679501074904,53.200104268950206,50.48076804563604,50.62909698486328,18767083
2019-12-03,51.42017333984375,51.51905677970964,49.1952619934082,49.442474365234375,15865275
2019-12-04,49.04693249412443,49.93689853126902,48.255853667863335,49.39303207397461,18410247
2019-12-05,49.3435917063055,49.64024580275962,47.959200893304285,48.20641326904297,10546191
2019-12-06,48.35474748812871,48.552514392604756,45.48708210728305,46.030948638916016,19910201
2019-12-09,46.22871678808461,46.82202501339856,45.33875067795199,45.48707962036133,14269784
2019-12-10,45.43763818700629,45.83317574902002,43.90492211835943,44.201576232910156,12286578
2019-12-11,44.201578123093945,44.6960029258754,43.014957841986096,43.7071533203125,15123234
2019-12-12,43.95436200406298,45.33874907146306,43.55882068642777,44.69599914550781,17340004
2019-12-13,44.79488776400792,46.27816221826091,44.79488776400792,46.12983703613281,12783019
2019-12-16,46.17927423192887,46.278157676977486,44.8937705854887,45.09153747558594,8597276
2019-12-17,45.28931162770885,45.88262366020436,45.091540950210344,45.38819885253906,8676075
2019-12-18,45.53652030994662,45.882619910323555,44.39934560855225,44.74544143676758,14598223
2019-12-19,44.597114743109884,44.696001964837066,43.855477554884146,43.95436477661133,13292627
2019-12-20,42.91607051125448,44.893769543622675,42.668858132208456,44.34989929199219,31041944
2019-12-23,44.00380626354283,44.9432141179834,43.41049802503393,43.6082649230957,19016580
2019-12-24,43.60826567674107,43.85547807575244,42.91607397723871,43.014957427978516,18985823
2019-12-26,43.21272805653485,43.21272805653485,41.927224337449296,42.02610778808594,16725071
2019-12-27,42.22387831847906,42.81718656461263,42.12499109601557,42.668861389160156,13499408
2019-12-30,42.8171869010822,42.96551584986213,42.12499142704567,42.3722038269043,9545249
2019-12-31,42.32276139889002,43.31161098191158,42.12499072785335,42.96551513671875,15897198
2020-01-01,43.014957427978516,43.60826567674107,42.76774502896715,43.014957427978516,12283581
2020-01-02,43.26216882085023,45.338751415386334,43.014956427588224,44.89377212524414,24677041
2020-01-03,44.89377048292146,45.14098286713983,43.806033729063635,44.10268783569336,10859861
2020-01-06,43.75659242720457,43.90492136802587,41.92722227527086,42.174434661865234,12626606
2020-01-07,42.6194149567393,43.50938107857485,42.2238773920493,42.916072845458984,13321218
2020-01-08,42.02610820264979,42.86662885783803,42.02610820264979,42.71830368041992,11199141
2020-01-09,43.50937931224324,44.59711228618468,43.11383799144912,44.39934539794922,16119627
2020-01-10,44.5971143668909,44.99265570613925,43.904922681448944,44.25101852416992,10521165
2020-01-13,44.49823061829326,46.03094669626879,44.25101822596942,45.536521911621094,17317084
2020-01-14,45.88262037860682,46.12983276475845,44.89377083400031,45.43763732910156,11899391
2020-01-15,45.338752783585825,46.47593133577268,44.94321520572744,46.32760238647461,10739845
2020-01-16,46.920914797705876,47.21756892658187,45.882623460558975,46.030948638916016,14205313
2020-01-17,46.08039017962014,46.57481498314465,45.536523650175546,45.684852600097656,8424298
2020-01-20,45.78373306270136,46.03094544832303,44.20157530358731,44.448787689208984,12234865
2020-01-21,44.49823064854246,44.94321370946023,42.71830217703311,42.916072845458984,24323645
2020-01-22,43.16328580775542,43.31161098191158,42.56997379464541,42.96551513671875,16583634
2020-01-23,42.96551513671875,43.50938165294824,42.8171861904008,42.96551513671875,14871754
2020-01-24,43.01495564778646,44.696000645925395,42.91607220113898,44.49822998046875,27348156
2020-01-27,44.20157908431369,44.44879149108037,43.31161291108888,43.45994186401367,13164355
2020-01-28,43.45993815991836,43.95436293131183,42.56997206254545,42.81718444824219,11310748
2020-01-29,43.2127249578092,44.597112028258884,43.113837742101786,44.053245544433594,15586751
2020-01-30,44.15213463478703,44.15213463478703,42.71830200952406,43.55882263183594,14992301
2020-01-31,43.954364272862826,44.102689445510975,41.58112378887476,42.273319244384766,14087306
2020-02-03,39.45509964134562,40.09784960326441,38.36736284306787,39.01011657714844,20417630
2020-02-04,39.3562105513371,39.75175187232002,38.91122750827171,39.504539489746094,13225776
2020-02-05,39.55398095464152,40.048405716574536,38.81234381174199,39.15843963623047,23954561
2020-02-06,39.50453865762194,39.75175103498859,39.010113902888655,39.1089973449707,16156110
2020-02-07,39.30677089129061,39.85063740705221,38.76290437552902,39.3562126159668,16682125
2020-02-10,39.30677219465667,39.35621392097229,37.4774019158456,37.8234977722168,21400298
2020-02-11,38.1695932455949,38.66401804811381,37.823497392696424,38.12015151977539,20338186
2020-02-12,37.37851581415753,37.77405718089102,35.40081652481415,35.94468307495117,51223154
2020-02-13,36.43910448772629,36.93352926379944,35.84579626530319,36.63687515258789,20159277
2020-02-14,36.7852057991481,36.982976473175725,35.59858552714426,35.796356201171875,20464164
2020-02-17,35.79635591775943,35.99412659022123,34.36252325761369,34.46140670776367,21604096
2020-02-18,33.91753850864073,34.5108504966562,33.02757618486,34.313079833984375,34528421
2020-02-19,34.31308028397027,35.20304261942208,33.81865550688759,35.00527572631836,18802594
2020-02-20,35.00527605079126,35.49970083245689,34.51085126912563,34.7086181640625,15578115
2020-02-24,33.91753689347724,34.3625199202582,33.32422870587694,33.52199935913086,13344620
2020-02-25,33.37367042615005,34.11530754673117,33.274786985603825,33.52199935913086,13587843
2020-02-26,33.22534542781287,33.571445055033735,32.73092062220754,32.879249572753906,13462112
2020-02-27,32.87924584016605,32.97812928119669,31.69262568699092,32.23649215698242,18665991
2020-02-28,31.34652960124122,31.34652960124122,29.96213880576678,30.2587947845459,21837210
2020-03-02,30.753220756349315,31.346530851490872,28.726078088455722,29.220502853393555,23026620
2020-03-03,29.66548550513483,31.00043273008205,29.51715845482531,30.654335021972656,20595361
2020-03-04,30.75322010931985,30.85210543744309,29.51715822298128,30.308237075805664,18105957
2020-03-05,30.55545004843322,31.0498748126023,29.616044128160436,30.357681274414062,20609801
2020-03-06,29.36883179173954,29.36883179173954,28.627194644332796,29.220502853393555,16052493
2020-03-09,28.478865248299407,28.528308855647055,26.748378598827863,26.89670753479004,21890315
2020-03-11,27.14392013028413,28.379982032645323,26.896707749811892,27.2428035736084,30448084
2020-03-12,25.710086320361125,26.30339638189329,23.73238737264104,23.880714416503906,35581815
2020-03-13,21.95246064608905,26.10562760205129,18.194831244697514,25.660646438598633,39258475
2020-03-16,24.078487549612966,25.46287657861262,23.040194363302557,23.43573570251465,26300859
2020-03-17,23.781831512018982,25.06733709050272,22.743540213238283,22.94131088256836,23765865
2020-03-18,23.287406538010753,24.127929046801306,22.15022991368512,23.089637756347656,27058510
2020-03-19,22.199673266910636,23.336849878084223,21.556919547216964,22.249114990234375,27935085
2020-03-20,22.69409943828867,23.682949054142973,21.804133275155024,23.18852424621582,41569603
2020-03-23,21.260265014502,21.50747739839156,19.82643243351024,19.925317764282227,15468456
2020-03-24,20.76584043502808,21.013052821159363,19.282566118240357,19.77699089050293,20665278
2020-03-25,19.776991072551603,19.974761737709457,18.93646857475199,19.628664016723633,14159048
2020-03-26,19.82643378698408,20.864727001848966,19.23312553401093,20.370302200317383,18641891
2020-03-27,21.16138011577205,21.655804893645605,19.925318171088158,20.123088836669922,22363767
2020-03-30,20.024203686697035,20.370301411584517,19.430893570615765,19.974761962890625,13042664
2020-03-31,20.469187912106854,20.914169109972935,19.974763101535007,20.568071365356445,20143889
2020-04-01,20.41974317285891,20.96361156613171,20.172530781211513,20.469186782836914,15999704
2020-04-03,20.91416930680217,20.963612919973265,20.17253208396464,20.41974449157715,14723818
2020-04-07,20.81528189494487,21.210823216624284,20.61751312018597,21.0624942779541,18389888
2020-04-08,20.963612168724648,22.397442949846084,20.7163997699712,21.01305389404297,28424361
2020-04-09,21.408592667728897,22.397442231005805,21.16138027690967,22.100788116455078,28487889
2020-04-13,22.891868786296982,23.0896394687079,21.606365008869034,21.75469207763672,36316250
2020-04-15,22.10078725408894,22.89186611941046,21.062494121513556,21.21082305908203,40178021
2020-04-16,21.21082403023759,21.65580520507449,20.91416802759878,21.458036422729492,27540736
2020-04-17,22.348000467651556,22.348000467651556,21.260265572759323,21.60636329650879,29739937
2020-04-20,21.754690766757562,22.89186740689462,21.359151311850876,22.29855728149414,53220401
2020-04-21,22.001902931779327,22.001902931779327,21.30970747836965,21.458036422729492,23711207
2020-04-22,21.359150866484587,21.606363256406677,20.666955420270398,21.1119384765625,24357462
2020-04-23,21.35915143949798,21.606363836052168,20.96361198222746,21.161380767822266,19335932
2020-04-24,20.864727579712063,21.16138171441468,20.370302764487043,20.41974449157715,20109013
2020-04-27,20.716400512360757,20.716400512360757,20.17253208396464,20.41974449157715,16346387
2020-04-28,20.518627580314853,20.91416701187585,20.419742250904406,20.716398239135742,15589273
2020-04-29,20.765839960800573,21.11193767069674,20.6175129097253,20.716398239135742,19732006
2020-04-30,21.062494230812703,22.6446538557468,20.914167178555306,22.19967269897461,56260375
2020-05-04,21.45803794010135,24.572913928546768,20.66695709653868,23.237966537475586,145551259
2020-05-05,24.375142009693242,24.375142009693242,22.348001105173708,22.644655227661133,93115983
2020-05-06,22.792981533596542,23.139079255750246,22.49632742093957,22.743539810180664,48709097
2020-05-07,22.644655041416655,23.040194496840353,22.496327981392884,22.79298210144043,52075536
2020-05-08,23.089639878886167,23.237966950288826,21.55692177817594,21.952463150024414,43617415
2020-05-11,22.29855728149414,22.743540347064723,21.853576102004457,22.29855728149414,28659570
2020-05-12,22.150229569186447,22.150229569186447,21.161380018007762,21.260265350341797,42068689
2020-05-13,22.8424230871125,26.847262677921798,21.90301533811739,26.303396224975586,309684441
2020-05-14,26.60005251435902,28.923849333775994,24.72123874681709,27.1439208984375,247689523
2020-05-15,27.193362782890205,27.9349999496963,26.69893800501947,26.99559211730957,88420870
2020-05-18,27.39113232253945,28.13276945886004,25.56176034239917,25.75952911376953,90733008
2020-05-19,26.105626939621114,26.253953990341536,25.017892090870074,25.116777420043945,50207014
2020-05-20,24.82012394841363,26.303398265417464,24.721238616730542,25.660646438598633,59552678
2020-05-21,25.710087328948894,25.957299707111865,25.01789191566027,25.265104293823242,42185317
2020-05-22,25.11677711249543,25.265104161399623,23.880715228159232,24.276254653930664,43983000
2020-05-26,24.721239274618057,25.16622233599353,24.078487430694164,24.572912216186523,41215567
2020-05-27,24.96844997577213,25.067335303387377,24.474025223776643,24.919008255004883,38437471
2020-05-28,25.116777051824265,26.94614901343903,24.869564675554184,26.550609588623047,99108821
2020-05-29,26.501165943478554,28.132769133371248,25.85841414332,27.687786102294922,105110971
2020-06-01,28.08332552654013,28.676635605948313,27.391132005631206,27.687786102294922,55551873
2020-06-02,27.8855567574579,28.231652574871987,27.143919629717857,27.687786102294922,40754934
2020-06-03,27.88555711286456,28.429423592373304,27.094476368210927,27.391132354736328,48884133
2020-06-04,27.588900198532716,27.73722724376684,26.10562597403009,26.50116539001465,48000538
2020-06-05,26.698935637602933,27.638343386691606,26.600050313580862,27.44057273864746,50338792
2020-06-08,28.23165199211555,28.42942264319616,27.242802508873947,27.638343811035156,51859308
2020-06-09,27.934998631251755,31.099317814710805,27.490015597737564,30.308237075805664,157992928
2020-06-10,31.14876134461135,32.03872746332208,30.209353502008184,30.950990676879883,136015328
2020-06-11,30.45656619604779,31.939840560519226,29.418274895350137,29.66548728942871,79479200
2020-06-12,28.08332663169729,31.4454146992102,27.934999577528348,31.049875259399414,73158497
2020-06-15,28.923847369900635,30.2587945488045,28.1822102578519,28.77552032470703,103034367
2020-06-16,29.566600037960153,29.66548536639763,27.292246914301973,28.033884048461914,62614476
2020-06-17,27.98444150696461,28.33053922663622,27.045035566234063,27.1439208984375,69099047
2020-06-18,28.330537502907926,31.79151260296541,28.182210456667924,31.395971298217773,250945739
2020-06-19,32.28593976508139,32.63203560352683,31.39597364884778,32.08816909790039,101028508
2020-06-22,32.5825962187859,34.5108537609418,31.8904007200425,33.2747917175293,91763294
2020-06-23,33.71976638266597,35.00527374816611,33.324228846648715,34.51084899902344,91398846
2020-06-24,35.598587208180895,39.356215103500915,35.2030458414474,35.94468307495117,215400090
2020-06-25,35.89523951103429,38.07070937246464,35.1536023154668,37.427955627441406,144564546
2020-06-26,38.268476635105266,38.268476635105266,36.093006967559774,36.488548278808594,90479816
2020-06-29,35.79635482150785,36.38966304856154,34.95583043232645,35.35137176513672,46339601
2020-06-30,36.1918918001458,37.37851200733257,34.6097340386712,35.30192947387695,81189594
2020-07-01,35.895237900123384,36.290779228872964,35.00527556867934,35.64802551269531,47292064
2020-07-02,36.587433223309986,36.73576216416104,35.99412500422908,36.29077911376953,38221106
2020-07-03,36.587436509720916,38.56513578051664,36.24134064619646,38.21903991699219,144291268
2020-07-06,38.61457647856049,43.904924150219,38.36736407630061,43.06439971923828,253712372
2020-07-07,43.26216644147551,43.60826226414269,41.72945044198126,42.07554626464844,111716827
2020-07-08,42.02610871286103,42.56997524765391,40.54283428770123,40.79004669189453,62357476
2020-07-09,41.33391096140582,42.61941463832729,40.79004445641924,41.58112335205078,58888933
2020-07-10,41.68001074061602,41.97666485616055,40.691161174026426,40.93837356567383,34700995
2020-07-13,41.97666338939963,42.52052987758761,41.33390968471099,42.1249885559082,44799983
2020-07-14,41.48224193213627,41.48224193213627,38.07071002006197,38.466251373291016,126699442
2020-07-15,39.05955421529758,39.455095513684135,35.94467686394727,36.3896598815918,68980710
2020-07-16,37.08185647352032,37.72461016125927,35.74691114933819,36.488548278808594,68663539
2020-07-17,36.48854971758819,38.71346119372987,36.38966249979601,37.92237854003906,78864096
2020-07-20,38.31791965585006,38.614573763269476,37.37851183888721,37.5762825012207,27201922
2020-07-21,38.07070727097361,38.16959071605954,37.27962839380129,37.5762825012207,24120376
2020-07-22,37.87293660864012,38.51569031818355,37.0818577314678,37.5762825012207,39542598
2020-07-23,37.477399417904685,37.87293697422815,37.18074153545999,37.27962875366211,14881157
2020-07-24,36.982973031788866,37.27962712914473,36.191890409291226,36.488548278808594,20980042
2020-07-27,36.488551674187605,36.488551674187605,35.40081485311664,35.796356201171875,25408696
2020-07-28,35.69746810928767,37.27962969084079,35.499701212235074,37.03241729736328,37075100
2020-07-29,36.98297563728081,39.65286647374186,36.93353014077009,38.02126693725586,99005391
2020-07-30,38.3673588292018,38.56512947839508,36.0435640746246,36.3896598815918,48846295
2020-07-31,36.38966541658892,36.53799436908558,35.35137406559815,35.54914474487305,37100469
2020-08-03,35.74691447570544,36.439106176559314,35.30193140218376,35.796356201171875,34937296
2020-08-04,36.04356616186383,37.03241569293191,35.598583118450875,36.241336822509766,34061980
2020-08-05,36.43910428245893,36.73576216416104,36.043566727125544,36.29077911376953,19603899
2020-08-06,36.34022074060476,36.63687484936104,35.104158810652216,35.30192947387695,37611238
2020-08-07,35.00527780332953,35.15360298195807,34.362524046120065,34.85694885253906,33940209
2020-08-10,35.59858608903556,37.230189460314456,35.450257138133146,35.84579849243164,60884632
2020-08-11,36.191892382156404,36.340221325000684,35.20304282229244,35.35137176513672,38272571
2020-08-12,35.79635445401682,36.241337505819686,35.49970034353547,35.64802551269531,51044859
2020-08-13,36.093011327838795,39.10900193093814,35.79635719464512,38.51569366455078,128231852
2020-08-14,38.76290281690185,39.01011520250434,36.29077896087701,36.933528900146484,51951333
2020-08-17,37.47739895330616,37.47739895330616,36.29077875472265,36.587432861328125,20972682
2020-08-18,36.78520490388577,37.27962969084079,36.68631768319771,37.03241729736328,15728683
2020-08-19,37.329070116344255,38.21903621076413,37.27962839380129,37.5762825012207,30237082
2020-08-20,37.13130136324976,39.25732949136926,36.78520551549162,38.070709228515625,52180373
2020-08-21,39.01011517751593,41.48223903195722,38.7629027920718,40.19673538208008,179881928
2020-08-24,41.03725891160815,41.92722507156803,40.1967382499942,40.44395065307617,47777042
2020-08-25,40.542831325531004,40.69116026607444,39.15844045433114,39.55398178100586,35938488
2020-08-26,39.55398121182856,40.147289421141345,38.96067300251577,39.504539489746094,35170066
2020-08-27,39.55398015481637,40.44394621716434,38.61457237170718,38.762901306152344,56210754
2020-08-28,39.80119783779487,41.63056815501505,39.65286888357182,41.18558883666992,133646824
2020-08-31,41.58112513740774,41.97666648828762,37.57628499143697,38.12015151977539,108963300
2020-09-01,38.565134596474785,39.109001124813204,36.933531239297636,38.12015151977539,53806439
2020-09-02,38.466246642568,38.96067138721715,37.625722313367596,38.71345901489258,39483515
2020-09-03,38.71346117702415,39.949523107680584,38.317919850349426,39.55398178100586,44237336
2020-09-04,38.51569078140432,39.40565311436597,38.07070772884265,38.26847839355469,50939480
2020-09-07,38.51569172506891,38.71346239462648,37.724612819000384,38.02126693725586,19331457
2020-09-08,37.922380230433774,38.367363299929615,36.58743479410807,37.08185958862305,21977011
2020-09-09,36.68631431504315,36.78520152665242,35.20304009035686,36.0930061340332,36060255
2020-09-10,36.58743342941291,36.88408754062446,35.944679711653144,36.63687515258789,18326939
2020-09-11,36.9335298357123,37.42795461944157,36.5874339959665,36.686317443847656,18819257
2020-09-14,35.79635676618481,37.032418783165205,35.59858608903556,35.84579849243164,37783051
2020-09-15,36.24134023625422,36.24134023625422,35.30193233881992,35.54914474487305,30178571
2020-09-16,35.746911946624934,35.746911946624934,35.153599966518684,35.25248718261719,21572296
2020-09-17,35.252489060363125,35.30193078496513,34.609735324051734,34.75806427001953,19961461
2020-09-18,35.10415812992869,35.351370511125374,34.11530860514197,34.26363754272461,29035181
2020-09-21,34.11530777311673,35.153598994387984,33.620883022781705,33.86809539794922,39228186
2020-09-22,34.1153077138565,34.16474943437183,31.93983806172901,32.23649215698242,52745087
2020-09-23,32.73091956734979,32.92869023765051,30.555451624446302,31.148761749267578,35786278
2020-09-24,30.45656441935015,30.604893356009168,29.220502521063526,29.51715850830078,40194059
2020-09-25,29.665487104899686,30.110470165905532,28.52831047642804,29.813814163208008,57967582
2020-09-28,30.50600768883938,31.890396622361397,30.159909983938686,31.44541358947754,56524500
2020-09-29,31.89039783635415,31.98928128202082,29.764371691146707,29.91269874572754,57724724
2020-09-30,29.96214037058645,30.110469310763083,28.874407383163298,28.92384910583496,36272660
2020-10-01,29.368832384200505,29.566601162516772,28.874407609288582,29.269947052001953,29778644
2020-10-05,29.36883179173954,29.665485896269924,29.072175801128363,29.220502853393555,17900218
2020-10-06,29.36883139636787,29.467714839159598,28.82496303060949,29.022733688354492,23682155
2020-10-07,29.022734149826217,29.072175872008224,27.93499928709486,28.08332633972168,23694997
2020-10-08,28.132770226603427,29.171061491354916,28.132770226603427,28.92384910583496,20247543
2020-10-09,29.121618020879247,29.121618020879247,28.577749673728416,28.77552032470703,15014180
2020-10-12,29.07217629501671,29.07217629501671,28.13277035732435,28.281097412109375,11148456
2020-10-13,28.182212423377493,28.33053947996857,27.83611470061107,27.98444175720215,9177795
2020-10-14,27.687785530764955,27.836112576035053,27.341687834414248,27.638343811035156,12692593
2020-10-15,27.588902415374097,27.588902415374097,26.69893818637768,26.847265243530273,20436290
2020-10-16,26.84726392744239,27.143919913285973,26.451724499065048,26.89670753479004,15812870
2020-10-19,27.09447774522842,28.528310371104002,26.847265353600275,28.33053970336914,23091815
2020-10-20,28.182212645608427,28.92384982049286,27.885558530087003,28.33053970336914,14933119
2020-10-21,28.231653984769085,28.775522370587847,27.73722920825067,28.132770538330078,12447760
2020-10-22,27.687787683481314,28.676637243605647,27.58890235025271,28.478866577148438,10834275
2020-10-23,28.627193279513424,29.07217441509424,28.52830795402412,28.77552032470703,11960326
2020-10-26,28.97328933832638,29.91269710941808,28.82496229185946,29.121618270874023,29967874
2020-10-27,29.171060387430437,30.061024564407077,28.330537931254426,29.319387435913086,40575215
2020-10-28,29.220503936014286,29.220503936014286,28.182212645608427,28.33053970336914,20260451
2020-10-29,27.98443977422988,28.083325100310557,27.143919217745946,27.490015029907227,20793997
2020-10-30,27.539459053963064,28.132769133371248,27.04503430213637,27.687786102294922,26886677
2020-11-02,27.934998655267865,27.984440376331612,27.193361522827125,27.539459228515625,15607090
2020-11-03,27.638343811035156,27.88555618184556,27.292246114684453,27.638343811035156,15116416
2020-11-04,27.687786391544723,27.737228112811604,26.649495156294105,26.89670753479004,29425117
2020-11-05,27.19336213787995,28.82496348893659,27.04503508525313,28.08332633972168,42148409
2020-11-06,28.23165199211555,28.577749688466255,27.49001487968435,27.638343811035156,36124550
2020-11-09,27.341688807887426,28.132769554294768,27.09447642827528,27.885557174682617,42337022
2020-11-10,27.885557174682617,28.132769554294768,27.49001585843856,27.885557174682617,28467588
2020-11-11,27.88555618184556,28.92384738481696,27.391131440224758,27.638343811035156,54098312
2020-11-12,27.638345537626865,28.132770310134816,27.490016597009816,27.786672592163086,29213561
2020-11-13,27.73722725049475,27.836112576035053,27.49001487968435,27.638343811035156,14725782
2020-11-14,27.935000033698742,28.182212423377493,27.83611470061107,27.98444175720215,3771670
2020-11-17,28.083326519518835,28.281097181674646,27.78667241236593,27.934999465942383,15666967
2020-11-18,27.98444159650988,28.281097594069433,27.836114540770524,28.132770538330078,20946155
2020-11-19,28.083325489212516,29.863255725071234,27.885556720393158,28.824962615966797,83753489
2020-11-20,29.07217558744825,29.36883157587901,28.330538445492525,28.874406814575195,40480755
2020-11-23,29.269948101262564,31.198203660894105,28.92385036920124,31.00043487548828,94909249
2020-11-24,31.346532607549605,31.54430139295543,30.407124747109,31.00043487548828,75427091
2020-11-25,31.099317814710805,31.593742569246235,30.01158297751671,30.308237075805664,51698826
2020-11-26,30.55545106763222,31.24764651498993,30.209353343953364,31.099319458007812,52388355
2020-11-27,31.297089055084843,33.07701944354672,31.247647330161282,32.483707427978516,101747612
2020-12-01,32.928689074598644,34.01642583675252,32.48370602517941,33.670326232910156,49680395
2020-12-02,33.8680939729249,34.11530633769078,32.68147386761644,33.42311096191406,52877271
2020-12-03,33.86809482645638,34.41196128821536,33.62088245546035,33.81865310668945,42090086
2020-12-04,34.164749493717935,35.00527383258437,33.32422892701299,33.86809539794922,58177274
2020-12-07,34.016424811676366,34.95582883283293,33.86809587561926,34.5602912902832,39793015
2020-12-08,34.90638950163881,36.38966387512625,33.7197692484165,35.74691390991211,83272427
2020-12-09,36.53799030987414,37.1807402309084,35.89523661667834,36.191890716552734,69007540
2020-12-10,36.04356605059727,36.24133671063269,34.313079376570144,35.25248718261719,55059367
2020-12-11,35.35137406559815,36.58743609586382,35.05471993276678,35.54914474487305,45233211
2020-12-14,36.04356464041745,36.785201757413034,35.45025268352412,36.43910217285156,47189075
2020-12-15,36.439107897287016,36.439107897287016,35.30193306921179,35.94468307495117,44611278
2020-12-16,36.24134098608231,36.53799512505141,35.69747066378325,35.94468307495117,31631032
2020-12-17,36.0435683658742,36.38966421404663,35.35137289736751,35.45025634765625,31094015
2020-12-18,35.49970184496245,35.746914242846145,34.164752633093435,35.45025634765625,40500644
2020-12-21,35.10416075076057,35.30193142491554,31.742070606611712,32.18705368041992,55099409
2020-12-22,32.28593826293945,32.92868818617081,30.25879561993254,32.28593826293945,57170730
2020-12-23,32.33537976173236,33.76921230700825,32.18705082622876,33.571441650390625,35851831
2020-12-24,33.91753569144581,34.16474805621169,33.2253403156691,33.42311096191406,29009900
2020-12-28,33.62088683649158,35.10416125574856,33.52200338407254,34.85694885253906,41052655
2020-12-29,35.10415917287022,35.351371561411554,33.91753895343945,35.00527572631836,38681074
2020-12-30,35.697467396504756,35.994125280483715,34.56029267251161,35.00527572631836,55267922
2020-12-31,35.00527764936887,36.09301070984181,34.75806524724667,35.49970245361328,60457447
2021-01-01,35.74691279192082,38.56513250454191,35.59858385034637,38.26847839355469,123660698
2021-01-04,38.86178623738479,40.39450227270606,38.31791974384004,40.19673538208008,138885188
2021-01-05,39.80119591942371,40.19673726351253,39.158442178319845,39.70231246948242,68178443
2021-01-06,39.90007835288449,40.19673623947446,37.82349577972506,38.96067428588867,78478570
2021-01-07,39.35621065512358,39.70231025493674,38.66401522765887,38.861785888671875,42199800
2021-01-08,39.20788606187035,40.097848391201474,38.5651323472187,38.91122817993164,68394773
2021-01-11,39.30677318572998,39.553985595703125,37.87294045345334,38.56513595581055,46504882
2021-01-12,38.5651323472187,39.55398189458328,38.1695910194082,38.91122817993164,37860013
2021-01-13,39.207886946812536,41.82833604317657,39.207886946812536,40.29561996459961,154573968
2021-01-14,39.94952543560396,40.246179561815694,39.15844273615686,39.75175476074219,34995707
2021-01-15,39.75175318175123,40.04840729617948,38.41680400858155,38.96067428588867,37081742
2021-01-18,38.96067395428818,39.158440847449306,36.8346459033509,37.62572479248047,38159244
2021-01-19,37.67516702877902,39.55398271668632,37.67516702877902,39.30677032470703,29092687
2021-01-20,39.25732958849511,40.24617918129266,38.96067546508821,40.04840850830078,40633278
2021-01-21,40.54283220844884,40.79004459996377,38.070708293299525,38.31792068481445,56574146
2021-01-22,38.07070705740243,38.86178593013691,36.686316200995876,37.230186462402344,58968250
2021-01-25,37.32907291280812,37.82349771960028,35.59858608903556,35.84579849243164,51673382
2021-01-27,35.450254642174265,35.79635424585797,35.005275365120674,35.30192947387695,38751487
2021-01-28,34.95582882360815,36.38966137385617,34.70861644501924,36.191890716552734,48537154
2021-01-29,36.58743333935431,37.08185811421045,35.40081312526724,35.64802551269531,52158893
2021-02-01,36.09301040623429,38.02126788099973,35.00527735491116,37.77405548095703,51185628
2021-02-02,38.21903897056334,39.504542710314865,37.62572694071977,38.466251373291016,57099937
2021-02-03,38.71346153338444,40.88892753363576,38.66401603797371,39.257328033447266,104638908
2021-02-04,39.455097099119854,42.02610432545984,39.15843922732856,41.72945022583008,154097676
2021-02-05,42.17443733439986,43.65771174795913,40.790046372879786,43.06439971923828,146833328
2021-02-08,40.79004190232116,41.03725427748674,39.1089969967629,39.4056510925293,114554488
2021-02-09,39.15844130710053,39.30677025087418,37.971824845558245,38.31792068481445,49601029
2021-02-10,38.219039127065535,38.960676338285474,37.37851469105245,37.8234977722168,38714221
2021-02-11,38.02126656942888,38.71346202010304,37.72461245404331,38.31792068481445,33240680
2021-02-12,38.51569192204141,39.01011671238299,38.169592305505226,38.36736297607422,24770265
2021-02-15,38.61457655163048,39.01011790485952,38.16959347228828,38.466251373291016,19106327
2021-02-16,38.61457284656338,39.553980641224776,37.9718229244404,39.45509719848633,46759963
2021-02-17,39.55398234876201,40.34506124130491,38.664016237050184,39.603424072265625,71963620
2021-02-18,39.751752711815605,43.55882197498888,39.50454032402093,42.520530700683594,166636643
2021-02-19,42.273318894138185,42.76774367652577,39.15844125623173,39.94952392578125,74472617
2021-02-22,39.65286501714407,40.09784806426229,38.66401547784211,39.2078857421875,38769981
2021-02-23,39.45509878317449,40.98781484015018,39.059557452010964,40.246177673339844,43031158
2021-02-24,40.74060171800974,42.866625961307214,36.24133707476543,42.47108840942383,61230344
2021-02-25,43.06439914071402,47.464780596257796,42.91607396464783,46.62425994873047,328616125
2021-02-26,45.48707899484968,48.25585696184298,44.84432528279692,47.069236755371094,206095365
2021-03-01,48.15697211770273,49.046934417587394,47.06923538829497,48.255855560302734,123674746
2021-03-02,48.8491673469864,51.617945223054924,48.700838411487815,51.1729621887207,152393453
2021-03-03,51.617944147915175,52.062927172980935,50.035782700143734,50.43132400512695,65329850
2021-03-04,49.78857343415043,55.47445835812931,49.343594153481426,53.64508819580078,213396105
2021-03-05,54.13951122273737,55.27668967965949,49.78857182565275,51.86515808105469,112585811
2021-03-08,52.854007276863214,54.88114802609758,52.409024241138226,53.79341506958008,79729837
2021-03-09,54.33728290808875,55.86999893870043,52.50790899812637,54.23839569091797,108574936
2021-03-10,54.98003226791334,55.86999835230136,53.69452863547854,54.1889533996582,85630459
2021-03-12,54.4856065817223,55.72166847125467,51.96404108150857,52.8045654296875,126521758
2021-03-15,55.37557500088377,55.37557500088377,53.44731761695637,54.63393783569336,107827286
2021-03-16,55.17780403527028,55.57334536341597,52.90345082883673,53.29899215698242,67218075
2021-03-17,53.397873546055884,53.397873546055884,48.65139665194989,49.541358947753906,60727935
2021-03-18,51.6179454423454,53.200103157631375,50.03578395489788,51.51905822753906,158412104
2021-03-19,51.123523344189245,51.91460224298331,48.6019577039624,51.4201774597168,108069373
2021-03-22,51.46961768522936,52.2112548385386,50.67853880946515,51.61794662475586,48322688
2021-03-23,51.86515760077821,52.06292825738915,50.87630808988506,51.1729621887207,42647877
2021-03-24,50.77742178434333,51.123521382647546,48.948051665312455,49.29414749145508,42597772
2021-03-25,49.34359301937472,49.44247646343696,46.37704443156851,47.66254806518555,66287150
2021-03-26,48.45362507072269,48.948049816342305,47.9097586049734,48.1569709777832,40617084
2021-03-30,48.65139863639087,49.046936193272394,47.76143253212452,48.4041862487793,41698864
2021-03-31,48.354742203350774,49.19526277199769,47.86031745187341,48.20641326904297,28483055
2021-04-01,48.45362447521708,50.629094083638705,48.40418275569506,50.38188171386719,52965110
2021-04-05,50.431323693723094,50.530207133277585,47.86031654369197,48.4536247253418,49348313
2021-04-06,48.84917007489251,49.936903088753134,47.7119915649968,48.79972457885742,38527134
2021-04-07,48.79972068962175,50.23355320064584,48.79972068962175,49.442474365234375,35782543
2021-04-08,49.34359409622753,52.45846791810472,49.29414860095574,51.024635314941406,85159684
2021-04-09,51.321292052800466,51.914600261206765,50.53020941204328,50.925750732421875,41928206
2021-04-12,49.442478386416056,49.442478386416056,43.80603509593227,44.547672271728516,87601428
2021-04-13,45.04209902788812,46.27816104167299,44.10269114297924,46.030948638916016,56028764
2021-04-15,45.98150497223637,46.624258701143084,44.49823061829326,45.536521911621094,40230735
2021-04-16,45.88262327593984,46.52537325722458,45.19042779657314,45.684852600097656,31881785
2021-04-19,43.50938090796378,44.102689138753135,42.52053134187369,43.55882263183594,40713340
2021-04-20,44.399348798638904,44.8443281034127,43.41049919307601,43.7071533203125,32591936
2021-04-22,43.509380784183975,44.39934689999788,43.014956002545524,44.201576232910156,26098682
2021-04-23,44.05324772485628,45.734292753470235,44.00380600063623,44.89377212524414,42258515
2021-04-26,45.28931068736114,46.03094788346038,45.04209828866139,45.63541030883789,28374188
2021-04-27,45.78372988528773,47.9591994822121,45.68484644676628,47.76142883300781,52076540
2021-04-28,48.00864269952319,48.30529679650565,47.36589278475478,47.56365966796875,33378032
2021-04-29,47.95920205586317,48.601955757229064,46.52536948738958,46.67369842529297,35047086
2021-04-30,46.27815462221775,48.849165517550695,45.68484644676628,47.76142883300781,62814554
2021-05-03,47.31644864224015,54.53505325042011,46.87146937014713,52.90345001220703,133520586
2021-05-04,54.38672479524948,55.86999910784719,51.568505110178485,51.96404266357422,154123432
2021-05-05,52.705678781958625,57.15550163212296,52.458466401393935,56.117210388183594,167171542
2021-05-06,58.19379263574257,58.63877567335369,56.364422535983174,57.402713775634766,195095327
2021-05-07,57.79825602539694,58.09491013120909,56.56219410771164,57.15550231933594,81272693
2021-05-10,58.04546422822742,65.70904379374772,57.55103949676408,64.91796875,258968781
2021-05-11,64.27522099277071,74.31204547204497,63.632467273978335,72.63099670410156,510138918
2021-05-12,73.42207863918105,75.74587355862717,67.48898137540884,70.6038589477539,347503495
2021-05-14,71.59270731402606,73.47152292551233,66.64845967554805,67.24176788330078,162636270
2021-05-17,68.28006233426399,71.04883646206979,66.10458886492752,70.45552825927734,119433001
2021-05-18,71.88935517314627,72.43322541240201,69.96110167819033,70.949951171875,76124575
2021-05-19,69.8622185178109,73.52095864138535,69.41723171727479,72.92765045166016,105322060
2021-05-20,73.5704055586375,76.83360443747712,71.24661070302678,71.74103546142578,241049864
2021-05-21,72.58155961304672,72.97710094809224,70.90051082518413,71.39493560791016,63713770
2021-05-24,71.98824660993262,73.02653405822637,69.81277318357444,71.64214324951172,62656781
2021-05-25,72.334343303077,74.0153844555482,71.88935649613599,73.6692886352539,87624494
2021-05-26,74.55926237312258,74.6087003272075,71.34550112897354,71.69159698486328,81757007
2021-05-27,72.13657027368714,73.47152317608762,70.7521869656504,72.48267364501953,72878541
2021-05-28,73.12542669278744,73.71874250277409,70.75219363013649,71.0982894897461,51857599
2021-05-31,71.24660858159238,71.64214234107573,70.01054672239975,70.25775909423828,45690142
2021-06-01,70.85107549907788,73.37263745782967,69.91166385049196,70.30720520019531,96266171
2021-06-02,70.30719568706634,72.48266904391382,70.10942881113598,71.44437408447266,48257118
2021-06-03,72.18601234053274,72.6309915906562,71.29604629596297,71.54325866699219,36304245
2021-06-04,71.5432613642414,74.41092648515867,70.50497389336796,73.07598114013672,90382724
2021-06-07,73.71873997840063,77.62469284255783,72.48267799046181,76.14141845703125,165279581
2021-06-08,76.48750742482906,76.53695291762853,74.06482916411548,74.90534973144531,64350912
2021-06-09,75.10312096931045,78.66298541626811,72.92765495779048,73.96595001220703,151104976
2021-06-10,74.50981661563688,75.64699517616955,73.86706286017721,74.95480346679688,50134183
2021-06-11,76.04253339262637,76.6358416253775,74.60869699046069,75.35033416748047,57334651
2021-06-14,68.6261673205073,68.97226318965508,60.962582521656735,66.64846801757812,188258380
2021-06-15,66.45068893492997,71.19716994927795,66.35180548553181,68.87337493896484,157719401
2021-06-16,68.67560051862019,68.82392946492843,65.61016832031883,66.25292205810547,76338651
2021-06-17,64.4729878074287,67.24176957225072,64.42354985639606,64.76964569091797,57532702
2021-06-18,65.36294693329032,66.74733766785856,59.9242749751685,63.53357696533203,85418573
2021-06-21,62.19863411866479,67.48897735483092,60.36926030802087,66.99455261230469,87907722
2021-06-22,68.23061036527827,68.5767061553681,65.75848680131891,66.00569915771484,73077525
2021-06-23,66.50012336401186,67.19231493891947,65.06629472556507,65.31350708007812,56573877
2021-06-24,65.46183515296268,66.20347229235873,63.681910545006005,63.92912292480469,43743653
2021-06-25,64.27521743190356,65.26406693085592,64.02800505716547,64.47298431396484,41261986
2021-06-28,64.76964730104716,66.45068856441361,64.42355145792153,65.56072998046875,49421642
2021-06-29,65.51128359798946,66.00570837986108,63.58302996641953,64.17633819580078,60695920
2021-06-30,64.67075524179731,65.6101591972531,63.87967266770214,64.81908416748047,52576742
2021-07-01,65.11573506075749,65.11573506075749,63.92911873325425,64.22576904296875,31115771
2021-07-02,63.7807926020013,65.70904610479774,63.68190916109535,65.11573791503906,52496916
2021-07-05,65.46183487631252,65.80793824202651,64.91797216964773,65.2146224975586,32239917
2021-07-06,65.0168534753699,65.51127821662746,63.533579251597196,63.731346130371094,29874907
2021-07-07,64.02800474350269,67.43953248044664,63.18748418237535,67.04399871826172,107610245
2021-07-08,67.24176452128026,68.23061399953438,65.6101613732964,66.30236053466797,63877406
2021-07-09,66.15403220601331,66.64845694963923,65.3135116507138,65.70904541015625,46231697
2021-07-12,66.35180854211812,67.53843262253037,65.06630855207646,65.85738372802734,39592408
2021-07-13,66.2529228106367,66.35180626119083,65.51128561499526,65.65961456298828,31055765
2021-07-14,65.61016266389178,66.35179978717088,64.8190875923212,65.11573791503906,25001862
2021-07-15,65.11573506075749,65.36294742434755,64.07744766027281,64.22576904296875,23376344
2021-07-16,64.37409786558271,66.25291333468455,64.32465991953845,65.51127624511719,35622518
2021-07-19,64.52243122458458,65.01685598492622,63.0885986651615,63.28636932373047,45955101
2021-07-20,63.632467389130255,64.0280087202047,61.704213773587036,62.49529266357422,39112354
2021-07-22,62.989717767142174,64.17633799434142,62.989717767142174,63.83024215698242,22648698
2021-07-23,63.9291224451458,64.37410170771552,62.94027293337038,63.2369270324707,21843100
2021-07-26,63.18749000773513,63.28637345739759,61.80309907948983,62.00086975097656,20830093
2021-07-27,62.39640489744488,63.23692927556539,60.56703474463486,60.814247131347656,31595300
2021-07-28,60.91313201319599,61.01201923350937,58.144353971171036,59.627628326416016,48463361
2021-07-29,59.82539785486015,60.76480568304649,58.68821936197748,59.528743743896484,36237615
2021-07-30,59.87483795901547,61.555882905237404,58.144351290996745,58.73766326904297,64497796
2021-08-02,57.452157182800576,60.665918211163955,56.51275313070062,59.18264389038086,73899617
2021-08-03,59.627625897070224,59.92428000160061,58.24323881854126,58.44100570678711,30057995
2021-08-04,58.93542918887247,59.33097050107759,57.10605910728718,57.353271484375,28143341
2021-08-05,56.85884950462908,56.957732951424624,54.38672561312347,56.611637115478516,57870302
2021-08-06,56.265540918665046,58.19379452394292,55.96888303585767,56.90829086303711,30135489
2021-08-09,57.00717539448254,57.25438777039589,54.98003089426389,55.375572204589844,24710657
2021-08-10,55.37557512152187,56.66107878955343,53.00233467887768,53.99118423461914,32237188
2021-08-11,53.99118309672505,54.53505335864985,52.3101419051228,53.89229965209961,35786362
2021-08-12,54.04062516714635,55.57334109469645,53.892296237444796,55.22724151611328,29271670
2021-08-13,55.177800711975806,55.72166717629843,54.238392943330474,54.98003005981445,25049016
2021-08-16,54.98003299936492,55.17780366210023,53.39787524180571,53.595645904541016,26369729
2021-08-17,53.397873720286576,54.04062741282131,52.01348289274787,52.16181182861328,30710411
2021-08-18,52.062928971258685,54.48560728843665,51.46961699329058,53.842857360839844,48195539
2021-08-20,53.3484346606128,53.74397222238476,50.579656639562195,51.07408142089844,35462206
2021-08-23,51.42017492147618,51.964041401790254,49.39303416458107,50.87630844116211,41180042
2021-08-24,50.82686471446535,52.90344711088798,50.28299448344673,52.65623474121094,34796030
2021-08-25,52.65623680391292,53.051778119755284,52.06292860231091,52.50790786743164,26650342
2021-08-26,52.50791047403842,52.80456836172772,51.222406791977846,51.4201774597168,22209147
2021-08-27,51.865159206889906,54.09007067529848,51.71683026679801,53.595645904541016,47297035
2021-08-30,53.743969887251154,54.535052520746596,52.75512036754341,53.49675750732422,29654256
2021-08-31,53.49675869882619,53.59564591629636,51.568505110178485,51.96404266357422,30251959
2021-09-01,53.892301031606586,54.93059231539786,52.01348535833727,54.337284088134766,77814672
2021-09-02,54.33728502615679,54.93059326366214,53.74397301648967,54.09007263183594,34975008
2021-09-03,54.09006985583206,55.57334414563279,53.39787443282607,54.83170700073242,41379799
2021-09-06,55.227244548049,55.72166931131591,54.436165681254266,54.83170700073242,26518805
2021-09-07,54.88114696566352,56.16665055457109,53.397872723348286,54.68337631225586,41841969
2021-09-08,54.683377144198246,55.67222665411923,54.436164766718,55.07891845703125,24443457
2021-09-09,54.78226379085277,55.62278435671182,54.5844931364855,55.029476165771484,18226347
2021-09-13,55.078919741885116,55.276690402915115,54.386724314360926,54.53505325317383,21565898
2021-09-14,54.782264271526245,57.84769623855065,54.58449361542368,57.353271484375,59747450
2021-09-15,57.7488154938212,57.84769894041021,56.858849385873285,57.254390716552734,28300364
2021-09-16,57.50159892970976,59.281527244194436,56.90828697677392,57.55104064941406,38178964
2021-09-17,57.79825687449189,58.19379443066493,55.622787112974336,55.91944122314453,38626513
2021-09-20,55.22724357813343,55.96888071000896,53.002332182506834,53.44731521606445,26766122
2021-09-21,53.447315476388845,54.04062744807601,52.45846596240511,53.79341506958008,25946767
2021-09-22,53.694527966627724,56.759963729653684,53.64508624525796,56.41386413574219,33744100
2021-09-23,56.85884836194968,57.40271485271862,56.3644235935849,56.512752532958984,22157667
2021-09-24,56.51274970832746,58.49044868293684,55.22724235710222,55.62278366088867,53416142
2021-09-27,56.06777097716712,56.95773332058017,55.27669208119051,56.31498336791992,22672655
2021-09-28,56.31498431046353,60.220940904164074,56.2160970892103,59.67707061767578,117412631
2021-09-29,60.2209386512178,63.23692900161597,59.72651387993412,62.09975051879883,130367062
2021-09-30,62.54473208906743,64.52243112745691,61.753653228143946,63.92912292480469,84962917
2021-10-01,63.58303035922378,65.56072949892811,62.890831133733165,64.8685302734375,73574574
2021-10-04,65.2146179102055,65.46183027156992,63.9785561033834,64.81908416748047,43796233
2021-10-05,64.81908464591669,67.24176278744103,64.62131022877183,65.51127624511719,59198873
2021-10-06,66.05515332675907,66.35180366682235,62.00086788581202,62.49529266357422,47534375
2021-10-07,63.187488680625826,64.12689274917457,62.3964060112938,62.544734954833984,30079052
2021-10-08,62.98970923111544,65.5112745146038,62.34695559493786,64.7201919555664,60132715
2021-10-11,64.96740424312296,67.53841878509861,64.12688374024125,66.00569915771484,79804445
2021-10-12,65.90682206885138,70.4060828618065,65.16518492826638,69.81277465820312,194579626
2021-10-13,70.90050450460375,79.454053992104,70.70273762687307,75.39977264404297,284153085
2021-10-14,76.14141059965606,76.83360222374196,73.1748621347344,73.52095794677734,63824644
2021-10-18,74.06483109365273,76.58639286133399,73.27374845419007,73.76817321777344,62935135
2021-10-19,74.06483459228787,75.6964378980504,67.19232552724527,68.82392883300781,60458394
2021-10-20,69.12057928321427,72.77931929502873,67.48897615306679,72.08712768554688,90667104
2021-10-21,72.38377758328592,73.07597673311328,68.97224995793437,70.75218200683594,80710120
2021-10-22,70.99939889741603,71.74103604100607,68.18117171631533,68.52727508544922,45361973
2021-10-25,69.2689128671559,69.51612525062995,66.79678903241549,67.9339599609375,46106791
2021-10-26,68.13173052555435,71.29604583661198,67.88451815611788,70.85106658935547,61931483
2021-10-27,70.99940215718968,72.28490207183928,69.46668230566969,70.10943603515625,49001065
2021-10-28,70.05998689041311,70.05998689041311,66.5990135749936,67.19232177734375,45480814
2021-10-29,66.6484549942626,68.57670842010216,63.039152962820864,67.48897552490234,74880481
2021-11-01,68.03284818323439,71.19716354529616,67.9339571984076,70.949951171875,47088878
2021-11-02,70.99939597732161,72.18601234053274,70.7027381143574,71.54325866699219,43239091
2021-11-03,71.88935882831058,72.97709936212745,70.05998868084546,70.6038589477539,40004115
2021-11-04,71.19716239770196,71.59270369766486,70.65329216721261,70.85106658935547,5126467
2021-11-08,71.3454917162754,73.07597831174274,71.14771729305686,72.1860122680664,40376175
2021-11-09,72.18601712899634,73.66929145356477,70.80162625053448,71.29605102539062,60335360
2021-11-10,68.03284536737527,69.07113276617602,65.26406388192807,65.51127624511719,138304800
2021-11-11,66.35180304301086,66.35180304301086,63.484137850086,64.07745361328125,39623805
2021-11-12,64.27521690491105,65.01685402304463,63.039155041355066,64.42354583740234,36992832
2021-11-15,64.42354568603112,64.76964149814903,63.08859661323042,63.434696197509766,18093447
2021-11-16,63.3852531233725,63.87967788649448,62.64361597868954,62.989715576171875,18854850
2021-11-17,62.79194517032548,64.22577397144616,62.59417450984489,63.3358154296875,19432448
2021-11-18,63.78079741991753,64.02800981301799,61.160344544188,61.60532760620117,24759369
2021-11-22,61.50644103707693,61.80309513931332,58.88598829430542,59.38041305541992,26537396
2021-11-23,59.133200914955836,63.681910998974956,58.63877615183386,62.989715576171875,54491542
2021-11-24,63.28637051137039,63.38525395642976,61.45700037264075,61.75365447998047,26787634
2021-11-25,61.7042123996764,62.742503655426006,61.01201697178946,62.05030822753906,28317022
2021-11-26,61.308671117980914,61.704212440509956,58.34212251549797,58.787105560302734,35551381
2021-11-29,58.73766383727009,59.23208860434421,56.1666527851877,57.15550231933594,34876783
2021-11-30,57.748811796137836,60.023164871512535,56.95772918543233,58.24323654174805,39289768
2021-12-01,58.589334192069025,59.67706715765632,57.303830567603626,59.38041305541992,33349600
2021-12-02,58.836548504711104,60.1220521713901,58.78710678140839,59.874839782714844,25902010
2021-12-03,59.874838644921674,61.160342287172426,59.57818453858098,59.77595520019531,24423428
2021-12-06,59.82539451422744,62.248076534111924,59.38041148654883,60.2209358215332,43929860
2021-12-07,60.8142464142152,61.90197939406009,60.31982164661995,61.407554626464844,24391252
2021-12-08,62.24808096533027,62.24808096533027,61.0614607311032,61.901981353759766,20955993
2021-12-09,62.0008636847215,63.731346517472446,61.30866828832426,63.434696197509766,32530991
2021-12-10,63.23693015730194,64.17633799434142,62.791947100582014,63.83024215698242,34504988
2021-12-13,64.67075957897737,65.313513270496,63.03915637568331,63.2369270324707,23669811
2021-12-14,63.236929235690745,64.819090772952,62.69306273969787,64.07745361328125,27498312
2021-12-15,64.02800843882007,65.26407037779342,63.286371275436046,63.78079605102539,36670268
2021-12-16,64.4729908118364,64.76964870914978,63.039161911577075,64.37410736083984,28718661
2021-12-17,64.42354916201096,64.57187810215683,59.034318404360704,59.47930145263672,61215633
2021-12-20,59.23208692087332,59.23208692087332,55.425014059308744,56.36442184448242,47400432
2021-12-21,57.106062466101285,58.144353756507144,56.06777117569543,56.66107940673828,29272382
2021-12-22,57.00717648719466,57.9960260098023,56.957730993335026,57.74881362915039,21868577
2021-12-23,58.19379425048828,58.885989686850046,57.99602735909492,58.19379425048828,20133308
2021-12-24,58.441006111852325,58.58933505122641,56.265540148776594,56.512752532958984,27427209
2021-12-27,56.364424927086965,57.254391040063545,55.67222948056759,56.957733154296875,26450977
2021-12-28,57.452153437844046,58.04546539077988,57.20494106716113,57.55104064941406,19540853
2021-12-29,57.551043282989696,57.94658083088557,56.858847858969916,57.45215606689453,15659936
2021-12-30,57.45215595302413,57.5510431689233,56.166652323627616,56.46330642700195,21703724
2021-12-31,56.75996286103142,58.787103583462226,56.6116339270305,58.29267883300781,29471570
2022-01-03,58.34212171699585,60.2703790366509,58.09490933683908,60.02316665649414,26998477
2022-01-04,60.270379134290664,60.517591514847915,58.63877591374816,59.38041305541992,23684780
2022-01-05,58.88598921469988,59.924280474836635,58.836547492247966,59.133201599121094,21100778
2022-01-06,58.49045191076187,59.874839006089665,57.897139922339974,59.47930145263672,21274724
2022-01-07,60.319822167148104,60.41870561265582,58.24323963419291,58.8365478515625,23860527
2022-01-10,59.1332039041623,62.19863985377447,59.03432045540394,61.9514274597168,46077589
2022-01-11,61.90198095043053,62.59417639689971,60.715364496096726,61.20978927612305,28263294
2022-01-12,61.358111981101544,61.90197846284238,60.616474840865436,61.65476608276367,22751471
2022-01-13,61.7536573546586,62.940277611417166,60.913132943880456,62.00086975097656,27759563
2022-01-14,61.8525371121267,63.83023993677618,61.35811234900472,62.989715576171875,38827107
2022-01-17,63.33581688714446,63.87967961469842,62.841388338484606,63.13804244995117,24887809
2022-01-18,63.28637274440699,63.38525619295542,59.67707028996282,59.97372817993164,36833735
2022-01-19,60.07261017382561,61.30867211155865,59.33097301118579,61.160343170166016,24114802
2022-01-20,61.30867039872242,61.605324501058114,60.418704319553754,61.01201629638672,16346200
2022-01-21,60.715364664853425,61.55588528436969,57.8971411475732,58.93543243408203,26625295
2022-01-24,59.1332027303819,59.429856842930235,55.672229282274046,56.611637115478516,29775640
2022-01-25,56.31498320351309,57.699370324390124,55.67222948056759,56.957733154296875,28811319
2022-01-27,56.80940594167551,59.67706729966673,56.364422901181236,58.73766326904297,51899167
2022-01-28,60.71536635641952,61.06146220417766,56.85885144518568,57.10606384277344,61785304
2022-01-31,57.55104214047756,58.14435033662373,56.16665131992115,57.353271484375,37774703
2022-02-01,57.64992729259383,60.12205113680593,57.3532731857207,59.133201599121094,53793696
2022-02-02,59.52874544403862,60.96257808883525,59.083762378803556,59.67707061767578,32156077
2022-02-03,59.72651322392084,60.369263156232925,59.03431779729416,59.42985534667969,27294506
2022-02-04,59.52874223548285,59.52874223548285,57.847697286402926,58.09490966796875,25226133
2022-02-07,58.09491165730454,58.53989471379284,56.66107904069192,56.957733154296875,26932812
2022-02-08,57.25438872547538,57.35327216862563,54.584494266641535,55.128360748291016,41744108
2022-02-09,55.37557255557524,55.86999731053573,54.58449370207075,55.07891845703125,17705304
2022-02-10,55.375572898330795,56.80940545102345,54.980031583049524,56.41386413574219,19498660
2022-02-11,55.869996606071254,56.36442135479755,55.227242923862484,55.67222595214844,13652835
2022-02-14,54.63393647535189,54.83170713557734,52.11237093092181,52.55735397338867,26510266
2022-02-15,53.39787453140307,54.88114882394204,52.11237089896827,54.1889533996582,20300727
2022-02-16,54.6833778060269,55.07891912364711,53.84285722128592,54.4856071472168,17655412
2022-02-17,54.68337947096459,55.721670746128396,53.496759254136656,53.64508819580078,45900731
2022-02-18,53.6450860057049,53.84285666246238,52.60679477293001,52.8045654296875,17873081
2022-02-21,52.40902490899114,52.804566228489676,49.64024698898619,49.9369010925293,44296864
2022-02-22,49.14582153957182,49.54135908138669,47.66254727040262,48.89860916137695,51316741
2022-02-23,49.195265588204784,50.33244409056566,48.99749492186006,49.09638214111328,31779044
2022-02-24,47.41534117510364,47.71199531381412,43.509384327623245,43.8554801940918,48563259
2022-02-25,47.069235521600824,48.89860939217425,45.585961245430695,47.61310577392578,61882199
2022-02-28,47.464777372424194,49.590805367762,46.475927843832025,49.29414749145508,41519924
2022-03-02,49.145821102783785,50.43132470353975,48.503067416325045,49.838016510009766,33734292
2022-03-03,50.53020872291699,51.024633480566514,49.59080470111212,49.88745880126953,25803995
2022-03-04,49.39303485371602,50.03578478590523,48.45362704434236,48.651397705078125,25945200
2022-03-07,47.662546796850165,48.60195457908946,46.970351390349556,48.20641326904297,25686510
2022-03-08,48.20641361796712,49.93690026066338,47.959201240439086,49.541358947753906,26663604
2022-03-09,49.8874573147097,50.43132377748559,49.29414535991301,50.085227966308594,25304136
2022-03-10,50.82686588520343,51.71682817324321,50.1346704797315,50.48076629638672,28489527
2022-03-11,50.48076850093144,51.56850526336457,50.28299783756526,51.321292877197266,23386870
2022-03-14,51.27184514314258,51.76626989388517,49.98634154564412,50.48076629638672,20912014
2022-03-15,50.87630535238104,51.1729594352546,49.145818801430394,49.64024353027344,21490509
2022-03-16,50.085230494632775,50.82686764644573,49.98634327776074,50.62909698486328,16457526
2022-03-17,51.271845410158875,51.37073262411928,50.629095494143044,50.826866149902344,16130728
2022-03-21,51.074078034248764,51.123519754671634,50.03578304456115,50.13467025756836,14160082
2022-03-22,50.184111632552806,50.579652937536025,49.54135795499543,50.43132400512695,18084732
2022-03-23,50.82686821701539,52.50790942893307,50.530210335230706,50.67853927612305,37287036
2022-03-24,50.48076594996781,51.42017372436445,50.33244078905979,50.77742004394531,17503276
2022-03-25,50.92575247763288,51.8157185929028,50.67854008696475,51.07408142089844,24798590
2022-03-28,51.42017548679288,51.42017548679288,49.046935109307036,49.29414749145508,28281264
2022-03-29,49.59080430843294,49.73912947125638,48.25585521005294,48.55250930786133,24751771
2022-03-30,48.997489873912954,50.18410997756852,48.89860643700888,49.64024353027344,25234310
2022-03-31,49.936903088753134,49.936903088753134,48.65139940723738,48.79972457885742,22962401
2022-04-01,48.94805207455073,53.595645652223226,48.898610352140075,53.24954605102539,74868337
2022-04-04,53.69452785488478,53.991181954647594,52.903448998130095,53.79341506958008,34054330
2022-04-05,54.090069161041065,56.16665163122359,53.74396956790295,55.42501449584961,34624398
2022-04-06,55.326131524808915,56.759964086516405,54.930590207040794,56.117210388183594,42528918
2022-04-07,56.16665361031331,57.99602753865924,55.27669127980272,55.91944122314453,45264070
2022-04-08,56.31498255147924,56.463307720483506,55.37557472580556,55.91944122314453,19306565
2022-04-11,55.91944179090089,57.056620292287825,55.721671124725546,55.9688835144043,19058505
2022-04-12,55.96888322417142,55.96888322417142,53.743971728600194,54.63393783569336,25159871
2022-04-13,54.93059326366214,55.27669287900841,53.94174368637871,54.09007263183594,15633459
2022-04-18,53.84285679084696,54.535052205067885,52.952890719396976,53.79341506958008,18237871
2022-04-19,54.386724896068195,55.27669099414125,52.0629299775554,52.9528923034668,26507027
2022-04-20,53.15066260620408,53.892299758848786,52.507908898380684,53.24954605102539,17850871
2022-04-21,53.496760622168814,54.48561019945224,53.447318897737,54.09007263183594,18520814
2022-04-22,53.84285537755894,55.029475517624874,53.20010170147614,53.34843063354492,21803030
2022-04-25,52.65623586781963,52.65623586781963,50.72797858865028,51.12351989746094,31725522
2022-04-26,51.66738559960808,52.50790615312948,51.32128978866667,52.359580993652344,21251537
2022-04-27,51.91459770099937,52.80456374188107,51.1729605909851,52.01348114013672,19789916
2022-04-28,52.409024893168976,53.54620335726275,51.617946026572326,53.200103759765625,24440581
2022-04-29,53.59564320377362,54.23839311007217,51.86515659332441,52.06292724609375,20369122
2022-05-02,51.6179489336643,52.01348650315827,50.77742452568624,51.81571960449219,16280662
2022-05-04,51.91460244295114,53.79341813546551,51.27184871336419,51.766273498535156,32442013
2022-05-05,52.35958373114872,54.83170757329774,52.211254791755124,53.24954605102539,43687971
2022-05-06,52.35958185807318,52.35958185807318,49.936899825002165,50.48076629638672,37146290
2022-05-09,50.184112187926495,50.2829956291859,48.25585490607634,48.84916687011719,32286106
2022-05-10,48.700837170253536,49.986340747218804,47.56365875284497,47.81087112426758,23048696
2022-05-11,48.404188815838175,48.45363054155023,45.091540382863634,46.32760238647461,31708100
2022-05-12,45.734292753470235,46.030946870952285,44.00380600063623,44.89377212524414,29606312
2022-05-13,45.88262440906136,47.31645335696291,45.53652477474975,45.78373718261719,28207461
2022-05-16,46.47592553648442,48.552507934569164,45.536517776527454,48.10752868652344,27593828
2022-05-17,49.34359035461355,49.59080272358023,48.156970229141216,49.39303207397461,22875497
2022-05-18,49.24470520019531,49.78857168020166,48.84916765662776,49.24470520019531,20804686
2022-05-19,47.959203956525286,49.541361753442864,47.46477917346832,48.79972457885742,24918767
2022-05-20,49.4424758722187,52.903449183274006,49.4424758722187,52.50790786743164,52063254
2022-05-23,54.58449385281612,55.17780205154263,50.282996209483514,50.530208587646484,62079730
2022-05-24,50.82686601400074,50.92574945553524,49.49191692031602,49.838016510009766,23518464
2022-05-25,50.18411489620735,50.23355661950526,48.35474472905264,48.750282287597656,20752902
2022-05-26,48.89860643700888,49.936897613146996,47.168119886058236,49.64024353027344,31516573
2022-05-27,49.936900993730475,50.77742158079992,49.59080516897519,50.579654693603516,22624272
2022-05-30,51.22240597954353,51.46961836725577,50.727981204119054,51.024635314941406,15618484
2022-05-31,50.87630936880093,51.56850479825868,50.431326323280835,50.62909698486328,13815189
2022-06-01,50.92574924305561,51.815715301798846,50.62909514752836,51.12351989746094,19031052
2022-06-02,51.07408013342807,51.81571728673732,50.87630947144661,51.61794662475586,14396611
2022-06-03,51.964039088498694,52.11236801841823,49.887456702593404,50.03578186035156,16818510
2022-06-06,49.83801581981357,50.629094657618566,49.1952621422562,50.43132400512695,13106186
2022-06-07,50.43132585582167,50.77742168126169,49.54135977303077,49.9369010925293,12461144
2022-06-08,50.282994228776545,50.72797724637379,49.5908026149157,50.03578186035156,13141747
2022-06-09,49.83801616286967,50.33244091142131,49.49191657558664,50.13467025756836,10558307
2022-06-10,49.491917579485616,49.936900616640465,48.948051099479265,49.24470520019531,12084428
2022-06-13,48.453629802971086,48.6514004749666,46.72314302429355,46.92091369628906,17092346
2022-06-14,46.97035274197315,48.00864399552129,46.57481142054453,47.01979446411133,14122032
2022-06-15,47.46477693256578,47.56366037564401,46.772581514533556,46.97035217285156,10067299
2022-06-16,47.36589443332043,47.6625485406279,44.794883368278455,45.09153747558594,18970107
2022-06-17,45.09153642913026,45.28930708679939,44.10268691294616,44.34989929199219,19423105
2022-06-20,44.74544331676794,44.84432676550935,40.93837395779715,41.63056564331055,29513123
2022-06-21,43.014956554221044,44.4487891937941,41.927223529530735,44.25101852416992,22661754
2022-06-22,44.20157557327136,44.20157557327136,42.86662641947251,43.16328430175781,15810723
2022-06-23,43.410500313693426,44.2510209912547,43.01495895239283,43.80603790283203,18750796
2022-06-24,44.05324938862923,45.239869675534656,44.00380766254191,45.04209899902344,14019484
2022-06-27,45.585962497495544,46.12983276475845,45.38819560630357,45.43763732910156,12631665
2022-06-28,45.04209995901488,45.932066136202444,44.8937747775916,45.78373718261719,10726671
2022-06-29,45.68485203414547,45.932064432845216,45.1409855114384,45.63541030883789,12444297
2022-06-30,45.536520677079686,46.12983266586868,44.25101702627932,44.448787689208984,12928130
2022-07-01,44.300459198601345,45.289308751124416,43.90492164088913,45.14098358154297,11083459
2022-07-04,44.89377175774906,45.58596343548705,44.597113870533654,45.190425872802734,8313484
2022-07-05,45.38819456528864,45.83317383242629,44.49822848669021,44.69599914550781,10855459
2022-07-06,44.69600017064668,45.585962497495544,43.9049212893938,45.43763732910156,13265068
2022-07-07,45.73429584503174,46.624262029799866,45.63541238990729,46.47593307495117,12754453
2022-07-08,46.72314605101803,46.87147500766387,46.080392268435496,46.52537536621094,9073561
2022-07-11,46.228713790444424,47.66254630950013,46.080384857653286,47.514217376708984,15327095
2022-07-12,47.36589360846141,49.14582199347115,46.97035229083189,47.95920181274414,26846741
2022-07-13,48.20641242740832,48.40418307897869,47.51421703299273,47.81087112426758,11393802
2022-07-14,47.95920283903325,48.948052382106106,47.662548730543726,48.70083999633789,17190244
2022-07-15,48.79972308230642,49.14582268312943,48.255856592054975,48.997493743896484,14733964
2022-07-18,49.244705107460526,50.134671180094294,49.244705107460526,49.88745880126953,15327967
2022-07-19,49.838018110695124,51.07408003038338,49.73913089382309,50.62909698486328,17326606
2022-07-20,51.02463312206212,51.12352033619416,49.98634189272556,50.184112548828125,12672579
2022-07-21,50.38188391521691,53.34843248209334,49.98634259743543,52.854007720947266,31402684
2022-07-22,53.15066098529641,53.348431641069354,51.61794500433877,52.458465576171875,23174430
2022-07-25,52.40902545355937,53.39787499041898,52.26069651416578,53.24954605102539,22259520
2022-07-26,53.348434868888525,53.39787659278283,50.97519440034459,51.4201774597168,19616877
2022-07-27,51.469615851849476,52.557352567920816,51.42017413115566,52.112369537353516,14565909
2022-07-28,52.16181000185684,52.90344711088798,51.56850182349649,52.65623474121094,15680825
2022-07-29,53.101220883793424,54.13951214306369,53.002333666810486,53.24954605102539,19856494
2022-08-01,53.842860237515076,54.58449742047765,53.20010650341614,54.09007263183594,22164390
2022-08-02,53.941741943359375,54.831708043021706,53.64508783419249,53.941741943359375,19199618
2022-08-03,54.040624932926725,54.18895008982404,51.766268138887604,52.60679244995117,21585274
2022-08-04,52.90344780516164,53.24954361838691,51.420173567633746,52.06292724609375,29617217
2022-08-05,51.4696189826704,52.16181443097348,50.92575247763288,51.07408142089844,18574304
2022-08-08,51.1235216046044,51.96404219869229,51.024634388018896,51.271846771240234,17681708
2022-08-10,51.17296119471243,52.359581339167036,50.77741988917374,52.06292724609375,15013045
2022-08-11,52.409022140963806,52.90344687814271,52.06292633380313,52.31013870239258,12114335
2022-08-12,52.31013870239258,52.90344687814271,52.211251491659965,52.31013870239258,10763916
2022-08-16,52.6067967188083,53.4967590488936,52.31014260877987,53.29899215698242,13280628
2022-08-17,53.348432126076794,53.645086226352426,52.90344908958258,53.15066146850586,11873959
2022-08-18,53.05177959896795,55.91944101621707,52.705679994915386,55.57334518432617,51698789
2022-08-19,55.96888130659357,56.06776852186128,53.24954512739728,53.49675750732422,24153753
2022-08-22,53.49675965993816,53.49675965993816,51.46961881740107,51.71683120727539,15731612
2022-08-23,51.370732627662974,52.60679451104196,51.17296197189003,52.458465576171875,14839367
2022-08-24,52.45846409103702,52.90344711088798,51.9145976321798,52.65623474121094,13850255
2022-08-25,52.90344988068862,58.539892958857855,52.90344988068862,56.80940628051758,123809633
2022-08-26,57.353273551057924,58.09491070904574,56.85884877906605,57.2049446105957,35382649
2022-08-29,55.37557479013527,60.02316842873967,54.980033461341066,58.539894104003906,64083519
2022-08-30,59.330972156796776,59.42985560152679,57.847697852876856,58.144351959228516,24352411
2022-09-01,57.94658164500139,60.31982205436568,57.35327342874114,59.47930145263672,33962599
2022-09-02,60.46814871874159,60.66591560194412,58.342120774860874,58.63877487182617,35218282
2022-09-05,58.63877728264678,60.66591809610672,58.63877728264678,59.82539749145508,29311116
2022-09-06,60.072609516477705,61.012017333307625,59.726513686564296,60.12205123901367,29811637
2022-09-07,59.924280323679106,61.95142488854891,59.775955156697506,61.407554626464844,40008816
2022-09-08,62.19864061484246,62.989719531074364,62.05031166772819,62.34696578979492,46822765
2022-09-09,63.13804265297261,64.3741045981926,62.74250509379923,63.48413848876953,58624534
2022-09-12,63.58302870289948,63.78079559398873,62.594175386644984,63.088600158691406,20900641
2022-09-13,63.286372701953724,63.73135199228493,62.39640657696779,62.59417724609375,16512339
2022-09-14,60.71536307144207,62.89082903478232,60.71536307144207,62.39640426635742,21610596
2022-09-15,62.79446784445188,62.943743061903504,61.05294135657313,61.401248931884766,19845442
2022-09-16,61.301729287963404,61.799308271782024,58.46553059868782,59.11238479614258,27215734
2022-09-19,59.26165673958276,60.00802522193576,58.71432061176918,58.913352966308594,14671038
2022-09-20,59.4109333708709,60.70463801187876,59.361176230106466,59.80899429321289,14192397
2022-09-21,59.858754060815315,60.20705783558848,58.565045648854586,58.81383514404297,13977349
2022-09-22,58.764077229733715,59.659720919097786,57.81867640123306,59.11238479614258,16097084
2022-09-23,59.36117414853752,59.8587531311867,57.37085821794081,57.71916198730469,20665995
2022-09-26,57.47037379209865,57.47037379209865,54.63417504552462,55.081993103027344,23220636
2022-09-27,55.38054196392854,55.97763522113006,54.48489828189992,55.6790885925293,16032426
2022-09-28,55.92787898849021,57.27134073707225,55.08199243148642,56.77376174926758,29709270
2022-09-29,57.17182457383297,58.46552914024418,57.122067435937595,58.216739654541016,22008219
2022-09-30,58.166982682930175,60.057780501943775,57.86843605847816,59.609962463378906,19809915
2022-10-03,60.008023562080396,61.50076048549646,59.609962660238565,60.256813049316406,33110061
2022-10-04,61.102701499687804,62.097859479837595,60.804151068661724,61.69979476928711,19488969
2022-10-06,62.1973745621761,63.839386769108145,62.1973745621761,63.540836334228516,33973394
2022-10-07,63.44132003267625,63.88913807827877,62.44616207137937,63.59059524536133,16854426
2022-10-10,62.44616389339587,63.391564743457515,62.048099178772084,62.893985748291016,16294745
2022-10-11,63.093018369438326,63.39156500854136,60.3563338845786,60.65488052368164,19652471
2022-10-12,61.102702547158415,61.6002815457632,59.7592369731896,61.30173110961914,15229878
2022-10-13,61.60027830260206,62.04809634078823,60.00802331316065,60.35633087158203,13430722
2022-10-14,62.14761588857653,62.59543773362164,61.052939845552245,61.25197219848633,21693441
2022-10-17,61.202215190736375,62.84422736068571,60.057782006077574,62.64519500732422,20535097
2022-10-18,62.99350184895618,68.86493188383301,62.29689047635002,67.8697738647461,139761163
2022-10-19,67.86976987926816,69.81033245800498,66.22776531815978,67.2229232788086,68570758
2022-10-20,66.97413282096755,67.37218992551357,65.68042445383522,66.12824249267578,27874547
2022-10-21,66.32727978644749,67.02388732392356,63.93889915553238,64.98381805419922,29166961
2022-10-24,66.2775182430808,66.2775182430808,65.48139643505004,65.92921447753906,4732523
2022-10-25,66.52630833107948,71.40258386995734,66.1780045623995,70.75572967529297,133272405
2022-10-27,71.25331151723495,73.14411324198085,70.25815351394269,72.5470199584961,56975973
2022-10-28,72.89531654873392,74.38805340638717,71.50209396310042,73.09434509277344,70321148
2022-10-31,73.39290159307521,74.33829864441162,72.59677216593187,73.69145202636719,32571520
2022-11-01,73.64168592658166,76.27885592757809,73.24362124092046,75.6817626953125,61773051
2022-11-02,75.63200543715715,76.22909869843363,73.69145043989539,74.28854370117188,40551107
2022-11-03,73.64169142718282,75.78128262903074,73.34314099252387,74.98515319824219,22652092
2022-11-04,75.08466187059453,77.0749777064481,74.98514759729233,75.6817626953125,28838769
2022-11-07,76.22909549411618,76.82618873029362,75.08466236251215,75.48272705078125,25692239
2022-11-09,75.78128219798809,76.07982503849598,74.03975572144022,74.43782043457031,24940437
2022-11-10,74.33829848112187,76.03007161197212,73.98999470468156,75.18418884277344,23204614
2022-11-11,76.6271697178783,76.6271697178783,73.54218128668816,74.13927459716797,29429192
2022-11-14,68.96445284812165,72.79580965247217,68.71566334663846,71.05428314208984,76991767
2022-11-15,70.55670118441307,71.00451923134827,69.76057177602524,70.00936126708984,14960753
2022-11-16,70.30791676153497,71.30307479752993,69.56154823453873,70.2581558227539,14645687
2022-11-17,70.15863648021916,70.90500495341297,69.81033271121925,70.00936126708984,9283135
2022-11-18,70.15863543938411,70.65621441413151,69.26299176634825,70.40742492675781,10058932
2022-11-21,70.30791107188983,71.90016228213871,70.25815013713566,71.70113372802734,19613606
2022-11-22,71.90016461152113,74.93539951099558,70.65621712689274,73.69145202636719,49800129
2022-11-23,74.33829243304173,75.83102928986949,73.79096014100958,74.58708190917969,29457345
2022-11-24,74.9353994278697,75.5822460451966,74.03975572144022,74.43782043457031,13578346
2022-11-25,75.03491202787717,81.85174256494761,74.93539774993617,81.55319213867188,125076142
2022-11-28,82.59811837014766,84.43915924906389,80.75707749123144,81.00586700439453,77942912
2022-11-29,81.40392308657728,82.15029154668972,80.25948992924769,80.65755462646484,23237977
2022-11-30,81.1551398346736,83.59327395470454,81.1551398346736,83.29472351074219,39048501
2022-12-01,83.59326576384748,84.9864883784021,82.64786877135637,84.24011993408203,35582972
2022-12-02,84.73770246308624,90.80816454720325,84.38939869290259,90.11155700683594,151605821
2022-12-05,90.90768280058398,91.10671895828698,86.6782612531722,87.22560119628906,54166041
2022-12-06,86.9270517119684,88.37003539948572,86.42947270091827,87.57390594482422,30697492
2022-12-07,87.57390248119461,88.02172053644685,85.58358651571292,86.72801971435547,23086451
2022-12-08,86.47922561645524,87.82268730316903,85.48406768667428,87.02655792236328,25351714
2022-12-09,87.5241479943343,89.21592124512456,83.9913414507595,85.08601379394531,40894739
2022-12-12,85.43431234081687,86.67825983440027,83.64303250552857,86.3299560546875,18971694
2022-12-13,86.57874465864451,86.97680937096793,84.58842868948027,85.23528289794922,11420243
2022-12-14,85.68310299093619,86.32995721478252,84.63819163775649,85.1855239868164,11608268
2022-12-15,85.33479786057048,86.67825963201307,83.09569237734851,83.54351043701172,15595022
2022-12-16,83.59327019443059,84.09084918368315,79.86142777503636,80.40876770019531,26157996
2022-12-19,80.85658546004974,83.692784170004,80.15997791460582,83.39424133300781,25190170
2022-12-20,83.29471892063434,83.94157311860458,81.1053744270688,83.59326934814453,18459170
2022-12-21,83.89182163734128,86.62850611125575,80.2097325169664,80.75707244873047,60162462
2022-12-22,81.30440505110515,81.70246976708944,78.02038822725397,78.5179672241211,32843415
2022-12-23,77.77159447526428,78.46820199579756,73.14410853900029,73.59192657470703,33814978
2022-12-26,73.64169126157825,77.17450516313512,72.74604755206846,76.47789001464844,28743927
2022-12-27,77.22426196015597,77.92087713979099,76.12958964067613,77.32377624511719,20578890
2022-12-28,77.27402041982216,77.9208746399981,76.27886241722936,76.8261947631836,13477427
2022-12-29,76.52764577137923,79.51311953937228,75.4827269156007,78.46820068359375,22698606
2022-12-30,79.11506350796877,79.96094631629288,78.41845592286732,78.81651306152344,21058183
2023-01-02,79.16481624627549,81.25464637755897,78.81650489735121,79.76190948486328,18024909
2023-01-03,80.25948791352792,80.85658114813133,79.46335853908843,79.9609375,14562959
2023-01-04,80.20973582417957,80.20973582417957,77.22426172953924,78.81651306152344,19770399
2023-01-05,78.81650773680433,81.7522282870066,78.81650773680433,81.55319213867188,32813046
2023-01-06,81.90150404452781,83.09569057266282,80.70730992394003,81.35416412353516,25418809
2023-01-09,81.95125431549087,82.34931900743119,80.3590031401821,81.05561065673828,14591225
2023-01-10,81.05561490624677,81.25465105887807,77.92087332494613,79.46336364746094,15654141
2023-01-11,79.51312346484895,81.05561376565832,78.71699405043245,80.60779571533203,12606176
2023-01-12,81.00586310601503,81.00586310601503,78.7169966580841,79.61264038085938,11149830
2023-01-13,79.86143180200256,80.9063507691035,79.2145775648664,80.30924987792969,11720884
2023-01-16,80.5580323178724,81.40392264200894,79.11505633984987,79.36384582519531,8801145
2023-01-17,79.51312664839588,79.81166949641553,78.11990391361155,79.41361236572266,9659104
2023-01-18,79.61264178390141,80.80682837367866,79.16482371084822,80.50828552246094,12217656
2023-01-19,80.55803744840087,81.40392782640993,79.21457566046448,79.61264038085938,11636323
2023-01-20,80.30924582838253,82.94641598991169,79.91118871094275,80.40876770019531,34188777
2023-01-23,80.70731211261237,81.05561589339287,79.1150608344351,79.8116683959961,10598963
2023-01-24,79.96094228662585,80.30924606162365,77.82135110813527,78.16966247558594,11680665
2023-01-25,78.11990066468243,78.21941494321695,75.88079523161828,76.32861328125,12122314
2023-01-27,76.32860883816905,76.8261877943304,71.30306593641089,72.89531707763672,24286328
2023-01-30,72.79580831894417,74.38805958077792,72.3479826690062,73.69145202636719,15140765
2023-01-31,74.03975389403969,78.51796472320598,73.64168919073437,78.0203857421875,21605272
2023-02-01,78.76675391324753,79.31408623480834,73.54217463248348,75.23394012451172,25871135
2023-02-02,74.63684686805779,77.92087116723341,73.49241369759037,75.23394012451172,19704904
2023-02-03,75.83102928986949,75.83102928986949,73.04459171259569,74.58708190917969,20381422
2023-02-06,74.53733319274147,76.42813484716095,73.89047899616997,74.28854370117188,18279464
2023-02-07,74.83588055613244,75.93056045924959,74.0895120362543,74.73636627197266,10950829
2023-02-08,74.7861245518537,75.98031110422762,73.69145228010211,75.73152160644531,10258753
2023-02-09,75.831033320607,76.22909802207701,74.43781825414102,75.98030853271484,10229353
2023-02-10,75.23394066547317,76.27885956612043,74.53733312667683,75.034912109375,9331734
2023-02-13,75.53248768161642,76.12958091540362,70.20839432563096,71.20355224609375,39475505
2023-02-14,71.2035594308867,71.75089178689835,69.11372151307788,70.65621948242188,23192868
2023-02-15,70.65621182644409,71.70113067212596,69.46202536776681,71.40258026123047,11358552
2023-02-16,71.85040275897445,72.94508260545126,71.10403427771452,72.59677124023438,13731805
2023-02-17,71.90016326271683,72.94508216718378,71.25330906435407,72.0494384765625,11520434
2023-02-20,71.90016333186354,72.198713759842,70.25815116288751,71.30307006835938,14307992
2023-02-21,71.25330766533787,72.09919040391794,69.95960688646619,70.40742492675781,10208971
2023-02-22,70.15863872534115,70.15863872534115,68.06880845201306,68.46687316894531,12057163
2023-02-23,68.81517078040542,69.46202493837882,67.67073766898363,68.61613464355469,9376810
2023-02-24,68.71566373528275,69.36251036883506,67.86977335149325,68.06880950927734,6920781
2023-02-27,68.019048215953,68.26783771754205,65.97897885839471,66.77510070800781,10127233
2023-02-28,66.92437267360862,69.90984654752424,66.92437267360862,69.46202850341797,17700910
2023-03-01,69.41226733753635,72.74604496715688,69.16347784887134,72.44750213623047,19033336
2023-03-02,72.54701874154203,75.383217484858,72.14895402841194,74.43782043457031,33846022
2023-03-03,74.9354035107596,75.13443208194236,73.74120930630309,74.33830261230469,12536302
2023-03-06,75.13443155867915,75.13443155867915,73.89048401631692,74.53733825683594,8700081
2023-03-08,74.13926723602833,77.97062382302384,73.84071681420421,77.67208099365234,23004128
2023-03-09,77.97062746691923,79.56287874200433,76.8261942530461,77.02523040771484,23650904
2023-03-10,75.63200873833198,77.82135332272351,75.38321923590325,76.62716674804688,17430705
2023-03-13,76.67692542348452,77.22425775720914,73.64169054641467,73.8904800415039,13019179
2023-03-14,73.98999478512911,74.6368489949089,72.99483679853033,74.43782043457031,11433968
2023-03-15,74.78612721027915,75.8807995209431,74.43782341949333,74.73636627197266,9616546
2023-03-16,74.63684686805779,75.63200482629857,72.89532044113645,75.23394012451172,10750873
2023-03-17,75.68176775486255,76.37837530700062,75.13442782643058,75.93055725097656,8659283
2023-03-20,75.88079600221782,75.98031028176294,73.24362583578132,73.8904800415039,9561209
2023-03-21,74.28854057842635,75.63200225793872,74.18902630447218,75.48272705078125,6583494
2023-03-22,75.73152286338959,76.07982664757517,73.64169256582306,73.8407211303711,8870115
2023-03-23,73.84071708336417,74.58708554819245,73.54217425290443,73.94023895263672,9246419
2023-03-24,73.89048084310119,74.13927034088941,71.05428208680607,71.45234680175781,8853059
2023-03-27,71.750889730052,71.94992588399406,70.3079136781235,70.70597839355469,9250889
2023-03-28,71.10403612347193,71.10403612347193,69.26299534039727,69.76057434082031,8741706
2023-03-29,69.86008811203163,70.90500704226729,69.3625091152438,69.95960998535156,21242210
2023-03-31,70.35766200462292,72.04943502644129,69.46202594934238,69.7108154296875,17429246
2023-04-03,70.65621501600315,71.10403306010942,69.16347807904533,69.46202850341797,20010201
2023-04-05,69.76057197672337,69.76057197672337,67.47171320781568,67.77025604248047,33221018
2023-04-06,67.77026073276649,70.65622055564255,67.272681714769,70.2581558227539,36406171
2023-04-10,70.55670061882124,72.39774131945076,70.45718634168367,70.95476531982422,19229627
2023-04-11,70.95476171163997,72.44749857015314,70.85523984711061,71.60160827636719,12046522
2023-04-12,73.64168977934811,73.84071833636524,71.20355578985081,71.30307006835938,30215325
2023-04-13,71.75088964363191,72.04944007795895,71.15379636743077,71.45234680175781,13653616
2023-04-17,71.4523426776654,72.64652916114152,70.65621329371298,72.29822540283203,10021225
2023-04-18,72.74604375511709,75.33345287563314,72.64652947979964,75.08466339111328,36556170
2023-04-19,75.184187322675,76.57740240026769,74.63684740472591,75.034912109375,19669027
2023-04-20,75.18418320976045,76.27885539332236,74.8856327994925,75.88079071044922,10833263
2023-04-21,75.63200383487333,76.07982187323037,74.28854212734966,74.88563537597656,9544452
2023-04-24,74.88563580411423,76.5276479415654,74.63684631639292,76.1793441772461,10625904
2023-04-25,76.57740172892665,77.47304540842194,75.980308473414,76.72667694091797,15881484
2023-04-26,76.77644443388412,77.87111676123834,76.22910447398036,77.12474822998047,15774821
2023-04-27,77.07498784821196,77.32377736043014,76.477894537379,76.92572021484375,8190609
2023-04-28,77.42329248345587,78.26917523269674,77.17450299294663,78.0203857421875,14254949
2023-05-02,78.0203923099235,82.00102449315986,77.77160279847122,81.20489501953125,35606484
2023-05-03,81.10537606905852,87.52414205840162,80.40876851403551,86.52898406982422,89592598
2023-05-04,86.57874359436767,87.47438728797238,84.38939909218087,85.63334655761719,24553286
2023-05-05,85.13577024322637,85.23528452509375,79.21457556645522,80.3590087890625,64424735
2023-05-08,81.00586644735077,82.00102449315986,79.26433986718486,81.20489501953125,31172930
2023-05-09,81.20489332414445,81.602958052648,78.41845540952595,79.01554870605469,20842146
2023-05-10,78.81650935846608,80.55803583185033,77.82135137367509,80.20973205566406,15936655
2023-05-11,80.35900420543884,81.50343736276842,80.35900420543884,80.65755462646484,10982435
2023-05-12,80.65755867784188,81.5034414566336,79.61263974421782,80.55803680419922,14913713
2023-05-15,80.55803430523173,80.9063456672702,79.7619124879576,80.06045532226562,6660341
2023-05-16,80.20973697372216,82.05077783997831,80.15998362690371,81.20489501953125,17397846
2023-05-17,81.60295610514818,82.79714266970572,79.81166866585883,81.85174560546875,23479447
2023-05-18,82.54834705158633,83.19520122297097,81.10537109364962,81.25464630126953,15242495
2023-05-19,81.45367909953134,81.45367909953134,79.11505936631329,79.66239929199219,14458238
2023-05-22,79.96094220775176,80.11021742330439,78.76675566823643,78.91603088378906,16522857
2023-05-23,79.11505829161112,80.80682379671478,78.81650786485035,80.06045532226562,13196912
2023-05-24,79.81166894483032,80.60779838562011,79.46336516165466,79.61264038085938,7944636
2023-05-25,79.66240009488547,81.80198369830595,79.51312487797283,81.5034408569336,15727153
2023-05-26,81.70246762232266,81.80198190059315,78.0203861791453,78.56771850585938,34064193
2023-05-29,78.71699629453886,83.1952072952801,76.87595551272473,82.59811401367188,69936887
2023-05-30,82.54835372353614,83.49375838657267,81.15513858635062,81.65271759033203,21708061
2023-05-31,81.75223035430369,82.05077319567604,80.45852193099802,81.5034408569336,14009026
2023-06-01,81.60295867919922,82.89666715865563,81.40393010964588,81.60295867919922,11738032
2023-06-02,82.05077353362418,83.4937571797858,81.60295547349473,82.7971420288086,18339998
2023-06-05,83.09569368800393,85.58358870860285,82.94641846827739,85.1855239868164,27799817
2023-06-06,83.64302876027905,84.09084680093613,81.80198047824912,83.4439926147461,33451773
2023-06-07,83.59327641913539,84.53867353213235,83.4440011927534,83.79230499267578,14636223
2023-06-08,83.79230094053062,85.48407410362442,83.69278665857289,83.8918228149414,17859626
2023-06-09,83.99133690968557,86.18068147768813,82.64787512511796,85.38455963134766,27565304
2023-06-12,85.78261675829138,86.47923191534893,84.78745875602604,85.38455963134766,13270970
2023-06-13,85.8821366353022,86.32995468892645,84.38939966661759,84.68794250488281,15766317
2023-06-14,84.68794005262977,84.88697619816273,82.94641363959262,83.4439926147461,12406707
2023-06-15,83.7425450331084,85.18552105847067,83.34448032500588,84.14060974121094,13288056
2023-06-16,85.58358755853747,86.92704933311694,84.78745812566291,86.3299560546875,34525441
2023-06-19,87.47438765355277,89.713493100696,86.67825823536516,86.92704772949219,48262241
2023-06-20,86.23043861384852,87.97196504104848,85.53382348749692,87.52413940429688,20356316
2023-06-21,87.97196980654846,87.97196980654846,86.03140712707533,86.47923278808594,12787420
2023-06-22,86.47922623676789,86.77776906237213,84.68793891333233,85.33479309082031,14017753
2023-06-23,85.08600265248762,85.08600265248762,82.94641159361294,84.24011993408203,17269470
2023-06-26,84.68794214489692,84.68794214489692,82.89666234556135,83.39424133300781,12716576
2023-06-27,83.74254553765569,84.93673207670541,83.69278460167325,83.94157409667969,8859692
2023-06-28,84.28987984800449,85.38455972566801,84.09085128431276,84.63819122314453,14368143
2023-06-30,85.08600995381366,88.02172304974178,84.68794523086076,87.22560119628906,25365133
2023-07-03,87.22560515651074,88.71834224101765,86.6782651885435,87.8724594116211,19684273
2023-07-04,88.07148408928867,88.32027359236575,86.23044328500885,86.47923278808594,16087313
2023-07-05,87.17583765337494,92.94775698255724,86.67825866266794,92.49993133544922,83791105
2023-07-06,92.99751184955758,94.83856021929415,92.25114335127076,92.64920806884766,56439123
2023-07-07,92.10187590761174,92.54969397048774,88.81785147167774,91.1564712524414,31284507
2023-07-10,91.30574753596481,91.70381225897191,89.66373529884376,90.75840759277344,11075931
2023-07-11,91.25598127513176,94.04242658118497,91.05695272146481,93.49508666992188,22800419
2023-07-12,94.2414638212697,95.28638280546501,93.34582765476326,93.8434066772461,25725680
2023-07-13,94.44049516024648,96.03274643234397,90.90768124414798,91.35550689697266,36009798
2023-07-14,92.0521174635187,92.45018219266238,90.60914136188265,91.654052734375,12918080
2023-07-17,92.05211885513798,93.19655212155739,91.7535684056535,92.54969787597656,11898240
2023-07-18,92.54969108794202,95.4854040585892,91.60429405466996,94.39073181152344,37436831
2023-07-19,94.88831435468418,95.83371901586672,93.8931563486729,94.49024963378906,20977209
2023-07-20,94.73903702502929,96.48056349675743,94.24145803310697,95.286376953125,24047166
2023-07-21,94.73904228275248,96.7791192998331,93.64436995826301,94.04243469238281,26435192
2023-07-24,94.54000627158776,98.22208768939483,94.34097771641812,97.57524108886719,29251662
2023-07-25,98.22209232178686,99.11773604719633,96.72935531025543,97.27669525146484,27110132
2023-07-26,97.52548134922077,101.35683802659246,97.32645279161164,100.7099838256836,41205469
2023-07-27,101.2075606120721,103.3471517258966,101.0582929933365,102.99884796142578,31217241
2023-07-28,102.998849004808,103.49642798550755,100.85925786930936,102.60078430175781,19471153
2023-07-31,103.09836271883913,104.93940341887235,102.35199425187004,103.54618835449219,20986122
2023-08-01,104.19303131103516,106.5814118403684,103.79497421652327,104.19303131103516,22397728
2023-08-02,103.94425103133352,104.34231575353239,98.52064291778996,100.06314086914062,28667271
2023-08-03,100.01337938332381,102.00369539095213,98.52064237760256,100.26216888427734,19267199
2023-08-04,100.85925925985111,102.650546652047,98.12257482827302,98.47087860107422,31396068
2023-08-07,94.98782240389097,99.11772937633243,94.34097581639081,96.13225555419922,36847815
2023-08-08,97.17718182543696,100.46119872427049,96.77911710036386,98.37136840820312,26841111
2023-08-09,98.86894110770908,101.4563502669047,98.12257264299193,100.7597427368164,20454065
2023-08-10,100.95877500753889,101.90417965312689,98.76943046740872,99.36652374267578,14663080
2023-08-11,100.36568480307548,103.86274709757973,99.76618993433007,102.96350860595703,30945987
2023-08-14,102.91354352389583,102.91354352389583,100.36568090202063,101.71455383300781,12302674
2023-08-16,100.91522584956576,101.36484509375859,98.56719984202057,99.76618957519531,17684303
2023-08-17,99.76618577069604,101.66459246165428,99.5163956172276,99.81614685058594,11091212
2023-08-18,100.01597562645519,100.2657657791801,97.66794971543915,97.91773986816406,12953826
2023-08-21,98.56719996398449,101.11505505588119,97.41816368819227,100.86526489257812,20365580
2023-08-22,101.41480735246896,112.755279359403,100.96518810305831,110.95679473876953,100869823
2023-08-23,112.90515087946365,112.90515087946365,108.45888913738898,109.40808868408203,52947192
2023-08-24,111.40641362402188,112.95511569669118,106.9601517348604,107.55964660644531,43168726
2023-08-25,107.55964634420667,109.10834079010925,104.91186907625539,105.16165924072266,26019715
2023-08-28,106.71036176792612,110.4072531687232,105.96099127130583,109.45805358886719,41415363
2023-08-29,109.70784426329821,115.50297155691523,108.9584737632019,114.55377197265625,65979986
2023-08-30,115.40305369255636,119.39969624467952,113.90431273551016,118.6003646850586,80676360
2023-08-31,120.79852679566979,121.89760201051062,118.60036874299715,121.14823150634766,68540952
2023-09-01,121.89760326608707,136.98493567036445,121.29810838117993,136.0357208251953,192280009
2023-09-04,137.13480389569256,140.53194412331322,134.48703418116312,138.633544921875,92488417
2023-09-05,139.58274063775505,143.47947634496546,137.03487791496008,138.28382873535156,52060353
2023-09-06,138.38375448378184,138.48367665039402,134.38711175500836,135.4362335205078,26583311
2023-09-07,135.68601257879217,138.83336237155027,134.88668104930383,137.58441162109375,25911001
2023-09-08,138.48366651903717,146.27710707319778,138.48366651903717,145.17803955078125,71729474
2023-09-11,146.27711017062913,148.77501174626133,138.88332760515033,139.7326202392578,76013022
2023-09-12,141.33127450489442,141.38123558786745,124.09575285195652,125.54454040527344,86077435
2023-09-13,126.84344123377508,130.59029366434729,121.49793329075688,128.69189453125,74638974
2023-09-14,129.4412575308049,134.13730925631785,126.04410999897047,129.79095458984375,63995422
2023-09-15,130.6902156779132,131.93916648667388,126.59365092678557,127.4928970336914,23253842
2023-09-18,128.34218579307478,129.59113663817277,125.89424518587909,126.34386444091797,16251908
2023-09-20,125.89424103541502,127.34302091876913,123.04663472706925,123.49625396728516,20538834
2023-09-21,122.8967629630321,126.89340566101689,122.04747791430853,124.14571380615234,32859985
2023-09-22,124.89508049409774,125.49457535587126,123.19651044857432,124.29558563232422,18256470
2023-09-25,124.74520877806309,126.84344467145118,123.59617247694858,125.1448745727539,37608586
2023-09-26,125.64445482591574,125.84428391163134,122.99667751373363,124.2456283569336,16917591
2023-09-27,124.24562485139079,127.49289695209013,122.74688388183723,126.79348754882812,28571024
2023-09-28,127.19315713603679,131.0898776750256,125.84428412470422,126.543701171875,54115299
2023-09-29,128.19231445988186,131.58945457190487,127.99248537905372,130.89004516601562,29692801
2023-10-03,130.89004898868487,132.28886784131618,129.79096614305882,131.0399169921875,18947214
2023-10-04,130.69021958761786,130.69021958761786,125.59449403703891,127.44294738769531,21432884
2023-10-05,128.19231403888386,130.39046441273754,126.99331668888031,127.2930679321289,14679290
2023-10-06,127.9924775488296,129.79095441223856,127.44293617568546,128.7917938232422,13871322
2023-10-09,126.9433669449578,127.79265199502625,124.24562854575152,126.34386444091797,17709670
2023-10-10,126.89340258559722,131.3396644301482,126.89340258559722,131.08987426757812,23073503
2023-10-11,131.68937288047846,132.48870442637443,129.19147132829178,130.74017333984375,18607776
2023-10-12,130.94000237531014,133.63773300166147,130.1406708296554,130.5403289794922,18231128
2023-10-13,129.84092698911047,130.09071715848003,127.392986378485,128.24227905273438,14077735
2023-10-16,127.99248911709917,131.48955149465945,126.89340627147313,131.0399169921875,15014283
2023-10-17,131.7892800195192,133.4878652746851,129.99080309566548,132.3388214111328,23757135
2023-10-18,132.6385760856741,133.58777565253345,128.09239208589534,129.091552734375,25434863
2023-10-19,128.09239208589534,129.84092322073474,126.99331689716588,129.091552734375,18139312
2023-10-20,128.84176208561547,129.99080597461602,124.44546134730258,125.09490966796875,17288411
2023-10-23,125.0949127611639,125.64445417853678,116.75192269617335,117.65116882324219,19539996
2023-10-25,117.9509160607183,120.14906640944959,113.95427351903183,116.20238494873047,20235803
2023-10-26,115.30314278298543,118.150749166415,113.40473598636873,117.75108337402344,18497619
2023-10-27,118.55041494180104,120.44882173814541,117.30146410512592,117.55125427246094,13964054
2023-10-30,118.1007846178587,121.34805669838262,117.60120429777808,120.59868621826172,18259367
2023-10-31,121.34806055236652,122.29726776446068,119.39970029136902,120.74856567382812,13504849
2023-11-01,121.19819261996811,122.89676271397298,120.59869011809253,121.44798278808594,11853409
2023-11-02,122.4471367444268,128.392139370356,122.24730004709883,127.94252014160156,22803638
2023-11-03,128.8917235904902,132.3388247768535,127.94252402409762,128.4920654296875,27932123
2023-11-06,129.29137812424295,131.08987028936454,127.54285466230607,129.9408416748047,13327821
2023-11-07,130.1406782878017,130.69021970980648,128.24227909831103,128.84176635742188,10828413
2023-11-08,129.49122567016985,130.14067399092582,124.44546136451156,125.19483184814453,15189519
2023-11-09,123.94588110212149,127.29306773937178,121.84763764854031,125.69441223144531,33342195
2023-11-10,125.44461874232537,130.09070952145623,123.69608765938649,128.94168090820312,24894388
2023-11-13,128.8417561818682,137.88416265131352,128.59196603213755,136.3854217529297,77439295
2023-11-15,137.88417046044898,138.23388278827034,135.18643973976697,137.28466796875,24142281
2023-11-16,137.28466432605606,140.73178069288727,137.13479633009874,138.5336151123047,29402772
2023-11-17,138.63353771432492,143.07979947830881,137.43454800491082,141.73094177246094,28788415
2023-11-20,142.48031983512476,143.02984601530403,139.7326279503,140.83169555664062,19703693
2023-11-21,141.38123301284776,141.43119409491084,136.08567847977798,139.4828338623047,19689241
2023-11-22,139.88249596828507,141.63102716788865,139.13312545416926,141.03152465820312,14276386
2023-11-23,141.38123713024027,144.07896793441236,140.98157895406,142.63018798828125,22350588
2023-11-24,143.5793811090838,155.26955756338003,142.13060122836006,152.12220764160156,109749908
2023-11-28,152.3719982696602,157.66755273412994,151.372837625269,155.9190216064453,48716588
2023-11-29,160.86486481988945,165.8606680751655,158.1171730294876,164.91146850585938,66299728
2023-11-30,165.61087851416545,176.3518555520374,160.66503632266725,170.3069305419922,125768226
2023-12-01,171.20618045328135,174.00381802710433,169.3577271850228,170.3568878173828,37623687
2023-12-04,174.95303714435133,176.45177812989638,170.65664326992584,173.90391540527344,43592841
2023-12-05,173.9039119287495,181.49752362278437,173.15454145095768,176.5516815185547,43939364
2023-12-06,177.55084618002743,180.8480794062437,174.70324744746293,178.3002166748047,24652623
2023-12-07,178.74983271035967,184.24521623997475,176.20198527068695,183.14614868164062,28058369
2023-12-08,183.64572814004308,183.69568922109212,173.05461928885956,176.5516815185547,36422560
2023-12-11,177.30105613927896,181.29769878089013,176.90139797351054,179.49920654296875,20541517
2023-12-12,179.8489148247332,180.5982853031696,176.10206243255126,177.75067138671875,14211330
2023-12-13,177.85059755169684,181.74731802887504,176.20198856042495,179.49920654296875,21665601
2023-12-14,180.0987130127866,184.0453946592934,180.0987130127866,181.24774169921875,23427830
2023-12-15,183.84555399404994,186.04370430782606,180.8480721354513,181.39761352539062,25157198
2023-12-18,181.39762543828644,188.09199897959897,179.74900116019867,187.24270629882812,25404383
2023-12-19,187.24269447684117,188.1419481842896,182.296852446809,184.5949249267578,19460688
2023-12-20,185.8438860871071,190.29014805451084,169.45765706814208,171.8556365966797,39496283
2023-12-21,168.80819060779808,180.99794762143293,165.66084062439418,180.2985382080078,31883299
2023-12-22,180.89803660381202,181.19778784448238,175.7523501692512,178.1503448486328,19064120
2023-12-26,179.34934256978613,184.14531689661473,178.50004989097928,182.0470733642578,37756996
2023-12-27,183.24605157807005,185.49416297268314,179.84891156904717,181.79727172851562,17855973
2023-12-28,182.3468109924123,193.78719690684963,181.8472306883235,192.43833923339844,80428777
2023-12-29,191.78887962037516,199.5323744924209,191.1394313101445,193.38754272460938,56016618
2024-01-01,198.83296573113822,204.4782172024991,196.73472230593467,197.98367309570312,75665268
2024-01-02,202.82960495146193,204.72800402256595,197.43414372602237,201.8304443359375,72765808
2024-01-03,201.6306140648178,201.6306140648178,193.3375779560098,194.23681640625,52393773
2024-01-04,195.68562308816425,196.5848615917158,191.68898041285615,194.88629150390625,30243640
2024-01-05,195.88544078745403,197.73387876975974,192.68812988223848,195.63565063476562,31168193
2024-01-08,195.73556126820546,199.98199394461201,193.33758185521546,194.98619079589844,24173941
2024-01-09,196.6847722964624,199.0827516635278,194.58652891579442,195.43582153320312,20766773
2024-01-10,195.83549152409208,200.83129487929853,191.83884883992692,199.482421875,39855938
2024-01-11,200.8312869451742,201.78048649596758,196.5848542610101,197.58401489257812,26199838
2024-01-12,197.83381256055065,198.9828412320803,195.43583305214887,196.2851104736328,14384270
2024-01-15,204.32835738851418,204.32835738851418,198.83297369346855,201.08108520507812,39361703
2024-01-16,201.88040556628005,203.57897556474057,196.83464140492708,202.82960510253906,36297046
2024-01-17,200.08192138577797,213.02104883319,200.0319603037762,206.92617797851562,104586370
2024-01-18,209.32415422863744,212.9710844688345,196.13523682046852,211.971923828125,68991855
2024-01-19,214.8195463680443,222.81283181429714,212.32164466609032,222.06346130371094,63867429
2024-01-23,221.31408065587758,221.71373881149114,201.38082903651963,202.77964782714844,45960109
2024-01-24,204.32835446567847,211.17261106817824,200.5315409178534,209.72381591796875,32560581
2024-01-25,210.82289978618266,220.41484824451544,210.82289978618266,219.71542358398438,34410301
2024-01-29,220.8145065643475,223.01265697416275,219.715423736449,221.1142578125,22269048
2024-01-30,223.2624440696772,234.2532112135913,222.11341542120607,227.7586669921875,46928698
2024-01-31,227.80862049048466,232.0550531092766,224.9110608019367,228.05841064453125,19835653
2024-02-01,230.30653351165435,231.8052745106456,223.0126576007006,227.30905151367188,26372822
2024-02-02,229.50719505928825,235.50215887579196,228.80778566322576,233.603759765625,31480257
2024-02-05,234.45304496226166,243.0458328169793,232.15498761956496,235.10250854492188,32248058
2024-02-06,236.10166108973212,236.10166108973212,228.1583370910136,231.60543823242188,20312567
2024-02-07,232.1050223439365,237.80023500709495,228.5080379008987,231.35565185546875,20297349
2024-02-08,231.805267177889,236.7511092689106,229.5571557505172,230.6062774658203,20903389
2024-02-09,236.3014935507728,236.40141571409177,217.16757321577305,227.3590087890625,49500870
2024-02-12,227.80863070075443,229.9568200234434,214.02021053019664,216.5181121826172,28287984
2024-02-13,216.81785919803497,217.2674784374982,201.18100125749092,213.17092895507812,58782489
2024-02-14,202.33002425974135,226.0101277535371,202.33002425974135,224.2615966796875,48738557
2024-02-15,227.309047707403,232.95429927734807,224.6113170035884,227.3590087890625,30765077
2024-02-16,228.35816151845563,230.30652166775013,224.76117720746493,225.66043090820312,20099858
2024-02-19,226.45975866475632,230.4564013254781,224.8611107480567,225.51055908203125,12184195
2024-02-20,226.70954934678787,233.6037670998056,225.7603497619035,230.70619201660156,22994469
2024-02-21,231.80527391624432,232.15498624683826,219.86530703742721,221.7137451171875,22193528
2024-02-22,223.8119892813184,229.20745078167172,220.76454619949692,228.30821228027344,25023398
2024-02-23,229.2574043550113,233.55379812915024,228.30820480218534,229.40728759765625,21463226
2024-02-26,229.60711262108364,231.9551309212493,226.06008938485436,227.85858154296875,14288582
2024-02-27,227.8585846131796,228.2082816859258,221.56386959795356,222.4131622314453,22497412
2024-02-28,223.46227656826778,230.25657213762196,220.81450690512844,224.5113983154297,36680021
2024-02-29,225.6604387345112,232.80443127835122,219.56555267561237,227.3590087890625,150876575
2024-03-01,229.80695394822297,237.15079096626545,229.40729577887967,235.10250854492188,35475431
2024-03-04,236.90099991828006,275.61847571128146,236.90099991828006,264.32794189453125,246246357
2024-03-05,265.2771377977789,271.4719456794834,254.48620032969004,265.5768737792969,64079248
2024-03-06,270.47279934199673,271.7716959863226,249.39050359172393,254.9857940673828,81812288
2024-03-07,256.5345040034322,260.83088272082284,254.58614373108355,257.28387451171875,26124937
2024-03-11,258.88253354727846,259.3321375498695,253.4370957441772,254.3363494873047,20685651
2024-03-12,254.78597157852136,255.63526424884256,242.94591150677377,243.89512634277344,27919780
2024-03-13,244.79436293066541,246.04331376194432,221.8636287175811,225.11090087890625,42267395
2024-03-14,224.61130929656704,232.10501390891258,221.7636954454833,226.25991821289062,38281171
2024-03-15,225.3107250878005,227.50887545409495,206.9261753475433,216.5680694580078,52563647
2024-03-18,216.56807404560288,226.70954869259825,213.2208797208998,224.1117401123047,30924687
2024-03-19,224.0617706352977,226.25992096580114,217.06764624534415,218.61634826660156,21463953
2024-03-20,219.81534251381746,225.7603453189721,215.61887084229542,224.5613555908203,21903121
2024-03-21,229.70702456244618,237.75027074700458,227.8086254487657,237.0009002685547,36784553
2024-03-22,234.80275766069687,240.14827334838637,234.3531384079898,238.89932250976562,18998595
2024-03-26,238.2998124848836,240.24817268241907,236.0017399651832,239.59872436523438,12328059
2024-03-27,241.14743439934708,249.29058778159558,240.29814172935366,242.89596557617188,22974438
2024-03-28,252.83761161998345,253.4870599597294,245.39386764743566,247.09243774414062,28014588
2024-04-01,248.79100468076507,254.6361006481637,248.2914243500808,253.53701782226562,16746624
2024-04-02,253.53701381743264,254.68604246146384,249.59033231656448,251.98831176757812,18413211
2024-04-03,250.33970275768556,254.43625225629424,248.44128838380996,251.58865356445312,19412822
2024-04-04,252.78765092550168,256.6843714619289,247.24230612675376,251.28890991210938,15849252
2024-04-05,251.28890645623042,255.68520726999444,247.54205397427867,254.7360076904297,14549888
2024-04-08,255.53534704714332,258.08319461563696,253.9366838411241,256.2347717285156,12516140
2024-04-09,256.9841345124318,259.68185000517065,253.13735986460193,255.53533935546875,13774213
2024-04-10,256.58443534785795,265.0773006287359,255.73515796735882,262.2796630859375,35119907
2024-04-12,258.3829427613389,268.9740514452968,257.7834402901786,262.2796630859375,22621987
2024-04-15,253.98662601600694,261.7301360505613,252.33801709489668,256.2846984863281,21131641
2024-04-16,254.78596906541736,260.23140687556173,251.33886782725807,257.5336608886719,14383707
2024-04-18,259.3821098165775,262.77924991480205,251.48873156508384,252.9874725341797,17532083
2024-04-19,250.5395359236129,256.1348417275778,246.04331294592095,254.3363494873047,16875480
2024-04-22,257.23392505618773,260.78093321539717,254.28638890160374,259.13232421875,12338668
2024-04-23,259.78177262380206,263.77841527955286,259.3821144566197,259.931640625,12491248
2024-04-24,261.2305757289428,265.17724217636123,257.93332714248044,263.828369140625,14961057
2024-04-25,264.777573378425,273.6700971029304,263.8783348879853,271.3720397949219,29632042
2024-04-26,274.21966582310256,281.2137907106384,274.0198214866728,278.615966796875,33600079
2024-04-29,281.6633751655775,281.6633751655775,274.56932860257274,276.6675720214844,16489028
2024-04-30,278.46608011805597,284.5609355749335,277.16715300229123,281.46356201171875,25044316
2024-05-02,282.86239699570973,299.99799670406,281.9131821449061,292.454345703125,52394156
2024-05-03,295.7515424884734,318.0328120399755,293.85314341548707,304.7439880371094,130758171
2024-05-06,307.8913556635851,308.34099016377127,280.8140952937349,288.7074890136719,67553636
2024-05-07,289.75658678774533,289.75658678774533,276.46776241805804,280.0147705078125,34027122
2024-05-08,279.7649922538858,290.40604746800676,278.4161192285545,286.0596923828125,30462793
2024-05-09,286.409383607011,286.409383607011,270.7225802786933,272.92071533203125,26191548
2024-05-10,274.7192420211945,276.56766489139886,266.82584823095885,274.06976318359375,26800050
2024-05-13,274.169671298584,286.0596767199583,267.0756247136079,283.06219482421875,31570308
2024-05-14,283.76162388876844,289.1570852868524,281.7633025937771,288.008056640625,18050458
2024-05-15,289.15709323702896,292.95392209708154,287.8581965563576,291.10546875,15400221
2024-05-16,293.3535767690527,296.7507169250205,287.25869062607205,294.55255126953125,16245511
2024-05-17,295.15206180591645,301.54668412522017,293.5533986030994,299.6482849121094,20721512
2024-05-21,311.6382071949949,322.22931640627615,308.1411448463997,318.9320983886719,42280416
2024-05-22,301.74650955530143,309.39008225855815,294.7523851616355,301.6965637207031,74932755
2024-05-23,303.5949745976027,308.440909928252,300.24778026662034,304.5441589355469,26563225
2024-05-24,304.5441400051088,309.93963166209755,302.1461606530925,305.3934326171875,22736707
2024-05-27,306.9921180467604,307.1919623789711,296.550876774015,298.2994079589844,26504237
2024-05-28,299.6482842576755,300.6474449457585,290.2561798880889,291.2553405761719,22303081
2024-05-29,290.75574534124434,296.7007633276528,288.4077117461097,293.8531494140625,15049196
2024-05-30,293.45348696024354,295.0521195623207,289.0571558286443,290.5059509277344,13070194
2024-05-31,292.15456473347945,300.34769416973575,288.3077901750913,298.64910888671875,27964255
2024-06-03,319.7314100482539,320.7305707046547,307.8913501715119,311.1885986328125,33744563
2024-06-04,310.7889105692348,310.7889105692348,223.8619485426116,246.3430633544922,122751545
2024-06-05,254.78596882223422,257.9832951375732,224.81114896079492,255.13568115234375,59449633
2024-06-06,269.6734440709447,292.1046120895214,266.7758843838941,277.7167053222656,111330080
2024-06-07,278.7658315147493,285.7599563197789,275.1189011076625,285.2603759765625,32634629
2024-06-10,288.15793966153603,290.306129067248,282.5126878072813,284.2112731933594,17918606
2024-06-11,285.7599496914851,296.10126865458716,285.0605250304198,294.9522399902344,29060221
2024-06-12,295.2519645142028,298.44929070911115,290.85566386517576,294.9022521972656,18978949
2024-06-13,296.95055101098615,305.29351786606543,292.15456169862097,303.69488525390625,26007861
2024-06-14,304.8938637619613,309.1902728170916,299.5483482296743,305.44342041015625,24901598
2024-06-18,308.24106569457797,310.3393091931607,303.09539435917145,305.343505859375,20245612
2024-06-19,306.69237401805555,306.69237401805555,295.8014985286979,296.8006591796875,22855416
2024-06-20,298.14952009383444,298.14952009383444,291.25531797933684,293.1537170410156,26187852
2024-06-21,293.7532311605534,299.4984048992377,291.25532953503847,294.8023376464844,22108141
2024-06-24,293.75324255726315,297.60001730819164,288.2578587679266,294.4526672363281,15182677
2024-06-25,295.45182784735067,299.5983386070905,292.4043694516167,293.6533203125,15320510
2024-06-26,293.9530831680319,297.30024704010884,292.7540781596709,295.50177001953125,12663797
2024-06-27,295.6016923037081,300.39765135514125,291.55507326784516,296.7007751464844,25624094
2024-06-28,305.7431441453166,307.64154319031024,299.7481805346241,300.59747314453125,32298955
2024-07-01,301.69657519484696,303.99463252909493,296.9505620329301,302.14617919921875,12526215
2024-07-02,303.44509412182333,303.54498579079046,293.50343370260134,296.90057373046875,12935465
2024-07-03,298.0496079167014,313.2368619027088,297.35021376105976,311.0386962890625,37577666
2024-07-04,313.5366017166407,317.03366401331687,309.24022309179526,310.7889099121094,31457159
2024-07-05,310.4392324070617,321.72973578277737,308.0412224051718,316.1344299316406,37284773
2024-07-08,317.03365850131223,329.67306497597593,315.2851273833744,328.07440185546875,45685018
2024-07-09,330.7221600962336,335.0685148242895,322.9287195777597,329.2234191894531,39457293
2024-07-10,330.6222492412761,330.9220157280582,314.3359430275548,327.67474365234375,25392018
2024-07-11,329.2234197132724,334.51895872887104,328.1243369481589,332.4207458496094,23370124
2024-07-12,331.72132010112097,333.36992899720707,321.0302894552941,325.6264343261719,19411215
2024-07-15,327.1751591505557,328.12434344999144,321.8296437035522,325.1268615722656,10789487
2024-07-16,325.12687632119344,327.1751739924017,318.8821221259801,319.7314147949219,9882249
2024-07-18,319.4816076958487,319.4816076958487,305.9429935149049,308.3409729003906,21439407
2024-07-19,305.69320905985626,307.44174017445135,292.50427645583943,293.8531494140625,26877331
2024-07-22,293.85315075521896,306.0928686132472,288.85734754786046,304.6440734863281,19646190
2024-07-23,306.34267050582207,315.2851402942917,282.7624723656311,307.092041015625,65820195
2024-07-24,307.74147430259956,312.98706761457566,306.59244567551156,308.8905029296875,15750887
2024-07-25,304.7439927239743,312.23769746308847,300.7473501964468,311.2884826660156,13306048
2024-07-26,313.2368626293439,317.9828756994854,310.48917085189345,317.0336608886719,16011265
2024-07-29,326.7255359162765,326.7255359162765,318.83217279834327,322.7788391113281,25820136
2024-07-30,322.7288810230754,326.7255235125252,316.3342591383481,317.1335754394531,16317537
2024-07-31,316.1344106823743,319.1818688358996,311.58824210686936,314.9853820800781,26845162
2024-08-01,314.4358665326752,319.6814599081548,305.5932887441885,308.2410583496094,23814781
2024-08-02,303.1453206046054,309.3401285349385,300.3476831152715,301.39678955078125,16899884
2024-08-05,291.75489419194963,295.65161442009367,284.76077001611526,291.4051818847656,25762827
2024-08-06,291.75490122620073,301.64658527212123,285.4602015129683,287.3086242675781,17719054
2024-08-07,293.1537187342493,305.3434904503192,292.0546359578886,304.3443298339844,18911910
2024-08-08,304.6440764987603,304.6440764987603,296.8506356150018,297.6000061035156,11640751
2024-08-09,302.0,305.79998779296875,299.1499938964844,302.20001220703125,12805164
2024-08-12,300.04998779296875,302.6499938964844,296.54998779296875,298.70001220703125,11827604
2024-08-13,300.54998779296875,301.3500061035156,289.0,289.95001220703125,11461814
2024-08-14,291.8500061035156,293.3999938964844,286.29998779296875,290.0,10643943
2024-08-16,293.0,297.6499938964844,289.29998779296875,296.54998779296875,10118811
2024-08-19,297.8999938964844,299.5,293.3500061035156,293.75,9809448
2024-08-20,294.3500061035156,296.8999938964844,291.6499938964844,296.3999938964844,7415963
2024-08-21,296.29998779296875,297.70001220703125,294.8500061035156,296.6499938964844,4898623
2024-08-22,298.0,302.5,296.8500061035156,299.6499938964844,12084994
2024-08-23,299.95001220703125,301.3500061035156,295.25,296.20001220703125,7528035
2024-08-26,297.75,304.0,294.6000061035156,297.29998779296875,15560440
2024-08-27,298.8999938964844,299.79998779296875,296.6000061035156,297.79998779296875,6802421
2024-08-28,298.0,298.75,293.95001220703125,294.6000061035156,6579323
2024-08-29,294.95001220703125,294.95001220703125,287.1000061035156,291.0,11000139
2024-08-30,291.70001220703125,293.45001220703125,289.75,290.54998779296875,9721851
2024-09-02,291.0,292.0,285.04998779296875,286.79998779296875,6500598
2024-09-03,287.20001220703125,290.20001220703125,285.8500061035156,286.3500061035156,5677328
2024-09-04,283.5,284.79998779296875,276.79998779296875,278.70001220703125,14798436
2024-09-05,279.0,280.45001220703125,270.25,273.54998779296875,18037015
2024-09-06,272.04998779296875,273.20001220703125,263.1499938964844,263.79998779296875,20003822
2024-09-09,263.70001220703125,265.79998779296875,258.20001220703125,262.04998779296875,17426762
2024-09-10,263.1499938964844,267.70001220703125,261.8500061035156,264.5,11350960
2024-09-11,265.04998779296875,267.20001220703125,257.3500061035156,258.75,10164459
2024-09-12,260.1499938964844,266.5,259.6499938964844,266.0,12118164
2024-09-13,267.0,267.45001220703125,263.25,264.29998779296875,7917998
2024-09-16,264.29998779296875,270.70001220703125,263.75,269.5,10495634
2024-09-17,269.75,269.8500061035156,264.25,264.8500061035156,7503456
2024-09-18,264.95001220703125,268.0,262.75,265.29998779296875,8732556
2024-09-19,266.6000061035156,267.75,249.4499969482422,257.1499938964844,17353175
2024-09-20,258.45001220703125,266.79998779296875,257.8500061035156,266.1499938964844,13916388
2024-09-23,274.0,275.6000061035156,269.20001220703125,274.20001220703125,21859230
2024-09-24,275.0,283.45001220703125,272.29998779296875,282.25,21252167
2024-09-25,282.79998779296875,284.70001220703125,278.79998779296875,282.1499938964844,12868230
2024-09-26,282.1499938964844,283.29998779296875,277.8999938964844,280.6499938964844,8488686
2024-09-27,285.04998779296875,291.1000061035156,283.20001220703125,287.54998779296875,45809973
2024-09-30,284.79998779296875,284.8999938964844,274.6499938964844,279.70001220703125,22843205
2024-10-01,280.3999938964844,285.5,279.0,280.45001220703125,13449947
2024-10-03,274.20001220703125,277.8500061035156,266.3500061035156,268.95001220703125,15222490
2024-10-04,268.95001220703125,272.75,262.25,267.6000061035156,11763747
2024-10-07,269.5,269.95001220703125,254.14999389648438,256.6499938964844,11421742
2024-10-08,256.0,267.5,254.89999389648438,265.5,16215450
2024-10-09,265.3500061035156,269.29998779296875,262.5,264.29998779296875,8894689
2024-10-10,265.29998779296875,273.1499938964844,265.1499938964844,271.3500061035156,12825979
2024-10-11,271.25,273.8999938964844,268.5,270.0,6125003
2024-10-14,270.6499938964844,273.25,267.29998779296875,268.75,5634973
2024-10-15,270.0,272.6000061035156,267.75,271.6000061035156,5601497
2024-10-16,271.6499938964844,275.54998779296875,268.8500061035156,269.6000061035156,5147947
2024-10-17,269.79998779296875,270.5,252.9499969482422,254.1999969482422,20613475
2024-10-18,253.8000030517578,255.8000030517578,246.5,253.85000610351562,18204264
2024-10-21,255.5,257.95001220703125,245.0,247.64999389648438,12966258
2024-10-22,247.64999389648438,248.0,231.64999389648438,232.8000030517578,22786450
2024-10-23,233.0,235.39999389648438,222.5500030517578,223.6999969482422,55940287
2024-10-24,224.10000610351562,229.8000030517578,222.0500030517578,227.3000030517578,26378660
2024-10-25,228.0,228.1999969482422,210.6999969482422,216.85000610351562,38742027
2024-10-28,218.35000610351562,238.5,213.25,229.75,57158451
2024-10-29,232.8000030517578,236.0,227.5,235.0,29437193
2024-10-30,234.9499969482422,243.10000610351562,230.75,236.60000610351562,21343526
2024-10-31,236.5,240.8000030517578,232.85000610351562,239.0,14333246
2024-11-01,240.89999389648438,243.0,240.5,241.97000122070312,3323181
2024-11-04,242.9499969482422,242.9499969482422,230.8000030517578,233.38999938964844,17322490
2024-11-05,234.0,236.39999389648438,229.5,235.25,11731176
2024-11-06,237.5,249.1999969482422,236.1300048828125,247.97999572753906,23232573
2024-11-07,248.38999938964844,249.39999389648438,243.89999389648438,244.2899932861328,8342302
2024-11-08,245.0,245.5,237.39999389648438,239.0399932861328,9480514
2024-11-11,237.39999389648438,242.4499969482422,234.80999755859375,239.22000122070312,7671938
2024-11-12,239.39999389648438,239.83999633789062,229.0,230.22000122070312,10589650
2024-11-13,229.7100067138672,229.7100067138672,221.5,222.55999755859375,11397140
2024-11-14,222.36000061035156,227.8000030517578,220.7100067138672,223.7100067138672,10187321
2024-11-18,225.11000061035156,226.35000610351562,219.66000366210938,222.6699981689453,11297324
2024-11-19,224.0,233.1999969482422,223.60000610351562,225.8800048828125,12068006
2024-11-21,225.4499969482422,229.24000549316406,218.1199951171875,227.94000244140625,14856780
2024-11-22,228.10000610351562,236.14999389648438,226.8000030517578,234.38999938964844,15168514
2024-11-25,241.89999389648438,245.74000549316406,240.39999389648438,241.22000122070312,16392929
2024-11-26,243.5,247.60000610351562,243.10000610351562,243.97000122070312,12353100
2024-11-27,243.08999633789062,248.38999938964844,241.5,247.66000366210938,9980383
2024-11-28,249.36000061035156,253.8000030517578,247.66000366210938,252.49000549316406,17770794
2024-11-29,253.0,253.7899932861328,247.41000366210938,251.08999633789062,8530849
2024-12-02,249.75,251.25,248.10000610351562,249.64999389648438,5206287
2024-12-03,250.4499969482422,253.8000030517578,250.10000610351562,252.35000610351562,5163693
2024-12-04,252.85000610351562,256.54998779296875,250.3000030517578,251.35000610351562,8341454
2024-12-05,252.0,252.89999389648438,247.75,251.8000030517578,6737876
2024-12-06,251.89999389648438,252.85000610351562,248.25,249.0500030517578,7762375
2024-12-09,248.39999389648438,254.39999389648438,247.3000030517578,249.5500030517578,9382718
2024-12-10,250.14999389648438,255.64999389648438,247.60000610351562,248.60000610351562,13142458
2024-12-11,251.0,254.39999389648438,248.60000610351562,253.6999969482422,10687907
2024-12-12,253.8000030517578,254.4499969482422,244.0,244.5,13847859
2024-12-13,244.0,244.14999389648438,237.35000610351562,242.75,9230527
2024-12-16,242.75,248.1999969482422,242.35000610351562,247.60000610351562,8698753
2024-12-17,246.8000030517578,250.5,241.1999969482422,242.35000610351562,7406625
2024-12-18,243.0,243.39999389648438,237.5,239.85000610351562,9599459
2024-12-19,232.4499969482422,243.0500030517578,232.0,242.25,10935031
2024-12-20,242.25,244.9499969482422,234.5,235.3000030517578,12507201
2024-12-23,238.35000610351562,243.85000610351562,235.10000610351562,240.9499969482422,14608700
2024-12-24,242.0,243.8000030517578,238.64999389648438,239.35000610351562,6497376
2024-12-26,240.3000030517578,242.5500030517578,238.10000610351562,241.75,7197644
2024-12-27,242.0,242.6999969482422,234.8000030517578,235.39999389648438,6572582
2024-12-30,235.64999389648438,235.89999389648438,223.60000610351562,225.60000610351562,34741159
2024-12-31,225.60000610351562,231.5500030517578,225.25,229.39999389648438,8401290
2025-01-01,230.00999450683594,234.10000610351562,227.3300018310547,233.22999572753906,7758093
2025-01-02,233.0,233.6999969482422,227.5,232.74000549316406,13936789
2025-01-03,233.0,236.77000427246094,229.66000366210938,230.05999755859375,10901266
2025-01-06,231.5,231.5,219.19000244140625,219.82000732421875,15604026
2025-01-07,221.0,226.27999877929688,218.64999389648438,224.82000732421875,12709847
2025-01-08,224.82000732421875,225.6699981689453,217.77999877929688,221.3699951171875,9124370
2025-01-09,223.85000610351562,223.85000610351562,215.8000030517578,216.3800048828125,9403979
2025-01-10,216.3800048828125,216.64999389648438,203.11000061035156,204.49000549316406,20791872
2025-01-13,200.0,201.0,191.66000366210938,192.5800018310547,23244835
2025-01-14,193.6999969482422,199.39999389648438,191.77000427246094,197.10000610351562,16773870
2025-01-15,199.0,205.39999389648438,198.0500030517578,202.16000366210938,13345400
2025-01-16,205.0,211.72000122070312,204.35000610351562,210.58999633789062,12785825
2025-01-17,210.2899932861328,214.88999938964844,208.0,214.0800018310547,11603310
2025-01-20,215.14999389648438,218.5,213.25,216.9199981689453,7252346
2025-01-21,217.19000244140625,218.24000549316406,208.8000030517578,209.5500030517578,8267629
2025-01-22,210.0,210.19000244140625,199.3699951171875,205.4600067138672,11550327
2025-01-23,204.3000030517578,208.10000610351562,203.1999969482422,206.49000549316406,11501338
2025-01-24,207.0,208.66000366210938,199.5,200.19000244140625,9344993
2025-01-27,199.0,199.0,193.10000610351562,194.5399932861328,8410047
2025-01-28,196.25,197.4499969482422,186.0,187.6199951171875,17826505
2025-01-29,184.13999938964844,200.52000427246094,184.13999938964844,199.86000061035156,38044200
2025-01-30,201.0,201.6999969482422,194.02999877929688,196.3699951171875,12911947
2025-01-31,198.5,208.67999267578125,195.7899932861328,208.08999633789062,21137642
2025-02-01,209.55999755859375,214.39999389648438,196.60000610351562,200.02000427246094,24872103
2025-02-03,197.82000732421875,197.89999389648438,189.6300048828125,196.24000549316406,23794278
2025-02-04,198.0,207.8000030517578,197.55999755859375,206.72000122070312,22318249
2025-02-05,207.05999755859375,212.57000732421875,206.47999572753906,209.00999450683594,13834798
2025-02-06,211.10000610351562,211.10000610351562,204.08999633789062,204.83999633789062,6329168
2025-02-07,205.0,206.39999389648438,201.3000030517578,202.83999633789062,7630722
2025-02-10,209.0,209.8000030517578,201.72999572753906,202.97999572753906,19305888
