Date,Open,High,Low,Close,Volume
2018-04-02,470.4565978322777,481.84569834521835,466.40994870125894,479.4468994140625,352730
2018-04-03,476.00510302805986,478.5081973472258,469.8933708803128,470.83203125,115130
2018-04-04,471.41610556877555,475.58792951186206,465.1583696541458,465.5338439941406,163364
2018-04-05,468.07861429286226,471.9375511754015,462.8638347218634,464.72027587890625,149988
2018-04-06,460.3608088900307,466.76454896903783,458.92154988494184,460.0896301269531,146026
2018-04-09,459.109199564329,463.90679683374276,459.109199564329,460.7570495605469,119028
2018-04-10,462.98906710445857,463.072483217686,455.58407919714875,459.8601989746094,107306
2018-04-11,459.73499835689563,461.40372793350866,456.81472159782277,457.7742614746094,79912
2018-04-12,457.2319171798775,458.0871614827935,450.59870673640245,453.1226806640625,109438
2018-04-13,465.15838487847753,479.75976915717416,461.02826885452885,468.5167236328125,289764
2018-04-16,469.3301802491111,483.88985558151137,468.9129978666674,478.8836669921875,270532
2018-04-17,482.6800580196009,485.6003349479822,476.42232174449805,478.2579345703125,123586
2018-04-18,481.4284846753146,481.8456670710471,469.33019519907185,471.4161071777344,83918
2018-04-19,474.7536655860905,481.1782860084907,471.0407313028024,476.0260925292969,101248
2018-04-20,476.0885874458637,478.0493754992345,466.40997505993704,469.5597229003906,69878
2018-04-23,472.25041181059623,479.342511634607,468.2245920194979,471.9584045410156,79814
2018-04-24,474.73275276801274,477.46531820969886,471.4161726316817,471.74993896484375,60078
2018-04-25,471.8332965189921,478.0493244920253,468.43324975860537,469.5179138183594,69828
2018-04-26,470.16459232433675,474.75359899298604,469.3302274754914,471.6038513183594,32780
2018-04-27,472.5216602304843,473.4811492046467,468.0786574413118,469.6639709472656,33144
2018-04-30,473.2518168550972,473.2518168550972,466.82719645954285,469.0591125488281,37230
2018-05-02,466.82716719858684,472.2296596212199,463.5940031719657,464.8455505371094,37722
2018-05-03,464.76210391816755,465.1584068542202,454.39507985004826,456.81475830078125,38088
2018-05-04,460.98655702906404,460.98655702906404,454.72882096079616,456.2098388671875,24564
2018-05-07,454.9374401366386,468.0995661797868,451.412268971657,462.30072021484375,42232
2018-05-08,461.0699573954709,466.7853866980079,458.4834469458104,460.7153625488281,25240
2018-05-09,458.9006867062415,460.54853698372295,454.72886228163935,456.1681213378906,19522
2018-05-10,454.72884744399585,455.5006247522462,452.2257528709097,452.8724060058594,25424
2018-05-11,453.6858725131497,455.1460109534219,446.8649502701384,451.8919677734375,32238
2018-05-14,451.39135089244286,453.87356576972263,443.8820677907201,444.9041442871094,35344
2018-05-15,448.4711129652705,452.0797511756439,438.6673258446344,440.2734680175781,30794
2018-05-16,439.91890651691557,441.3373370739238,435.1213082002304,435.6636657714844,206278
2018-05-17,436.37277074191513,438.3126789996417,430.9285202969379,433.765380859375,19002
2018-05-18,435.5384965584291,435.5384965584291,429.71882150051533,430.88690185546875,23104
2018-05-21,430.5114183151108,430.5114183151108,420.9371012486227,426.08929443359375,51328
2018-05-22,427.61197035003585,429.2806999904262,421.8757122111939,426.3395690917969,21616
2018-05-23,425.5260369185615,427.19476647510487,419.6854834706597,423.7113037109375,23970
2018-05-24,423.4401230747076,423.5027106179144,419.2891532288553,420.8327331542969,20556
2018-05-25,420.51986878590196,427.611969747569,419.4977667900442,426.6733093261719,27830
2018-05-28,425.5261402159123,440.1275273801838,425.5261402159123,434.85015869140625,45700
2018-05-29,431.7837672201561,438.45868536075756,431.7837672201561,437.4991455078125,17038
2018-05-30,435.12124336182336,458.0662753703567,421.7714065568585,451.12017822265625,169116
2018-05-31,452.64290878976715,458.46258296111523,436.58138621980765,441.0035095214844,684704
2018-06-01,438.0415199683377,438.06239945857055,428.675795459249,429.6352844238281,31148
2018-06-04,433.86974160894675,433.89062110137604,423.44018051257785,424.9211730957031,20846
2018-06-05,425.10889915610255,425.1297531851901,412.9897545720327,414.5750427246094,42304
2018-06-06,413.0106216108162,418.99717952682437,412.5934391647447,415.8891906738281,18688
2018-06-07,415.51369741766723,421.35425139743364,415.51369741766723,416.99468994140625,21514
2018-06-08,415.3259539010232,416.74438431674525,411.9676405064158,413.1983337402344,27042
2018-06-11,413.24003515348386,414.97135235694583,410.5074954339568,411.8007507324219,29734
2018-06-12,411.9676735404214,413.8449945844031,404.12464849367944,406.2314147949219,46224
2018-06-13,403.83255489699144,408.8178895670489,401.9552341355901,402.3515625,38652
2018-06-14,400.4951255294554,420.51988180592815,395.9269729113262,405.960205078125,412558
2018-06-15,404.68776529601973,406.7528231832005,400.49508744192053,404.0411376953125,27064
2018-06-18,402.9981941286603,404.04115011760615,394.5085425637585,395.843505859375,32204
2018-06-19,395.09259320228887,396.7196147736582,387.4998683072211,388.0630798339844,35686
2018-06-20,388.39681112907584,390.46186908424335,385.0593519571826,385.9354248046875,30550
2018-06-21,385.93544695414846,386.72810373808204,380.05318501121116,380.4703674316406,35406
2018-06-22,380.0949266904876,384.2041891728902,373.795481769886,381.4716491699219,55906
2018-06-25,379.6360201311694,381.2838958605616,374.6298308547144,375.8813781738281,20008
2018-06-26,373.7954331074151,374.2126155104367,369.22728070176913,370.0616455078125,36168
2018-06-27,367.1205322677633,369.3733275372514,358.77688380713226,360.9879455566406,54490
2018-06-28,358.7977222610412,358.7977222610412,350.43322013490365,352.06024169921875,45704
2018-06-29,352.0811531754528,354.6051020445042,351.6848247335494,352.2688903808594,26608
2018-07-02,352.1853592571394,366.6824465080506,347.5754991950913,358.15106201171875,38980
2018-07-03,357.52532295828416,358.15109656906293,351.2884408782968,352.2479553222656,18650
2018-07-04,350.89212593374805,353.249216809713,348.3473233375971,349.077392578125,21490
2018-07-05,348.34734009083917,350.37066475535033,344.5926981018361,345.42706298828125,16684
2018-07-06,344.175495130444,348.68106015595646,343.7583127121041,345.73992919921875,27932
2018-07-09,346.2613953502867,347.34605941566434,342.110425337565,343.15338134765625,19422
2018-07-10,342.0895923576872,357.06645176919653,342.0895923576872,353.8124084472656,43264
2018-07-11,353.4577687844816,354.5841662945295,348.5767298828015,350.1620178222656,18542
2018-07-12,350.16202703099,354.1669932317303,345.42701711435814,346.9288635253906,15372
2018-07-13,345.0307282513953,350.78784076979883,341.27608633120235,344.90557861328125,26036
2018-07-16,341.75588432516685,343.6749135009733,338.75216545028957,339.4196472167969,18462
2018-07-17,338.3349084827838,343.19509337051994,337.08336134906205,340.5251159667969,39086
2018-07-18,339.1276107009055,339.96197556870175,334.3925747984847,335.4772644042969,19868
2018-07-19,335.41463574485465,337.50054765869083,330.22070998684427,331.01336669921875,25722
2018-07-20,331.221997557102,331.221997557102,325.4022975279848,327.5090637207031,36970
2018-07-23,325.42314966755555,327.4256202404649,321.2513253644966,322.5654602050781,29158
2018-07-24,322.8991676917873,328.57283797257264,322.0648029173899,326.320068359375,24700
2018-07-25,326.6538282776158,332.9532725075583,326.6538282776158,327.884521484375,22476
2018-07-26,326.2366532957229,331.66002476994845,323.31637634806293,326.25750732421875,27854
2018-07-27,324.9851303262609,332.13981956798443,324.9851303262609,329.2821044921875,25988
2018-07-30,329.9912925143762,377.0494641545881,329.9912925143762,371.37579345703125,277582
2018-07-31,375.046970889267,407.5454894528867,374.21260610419637,404.0828552246094,603636
2018-08-01,408.0044212883796,413.3860848831296,399.806776258357,408.81793212890625,233110
2018-08-02,405.4804904898557,407.9627311790135,391.6508819808313,399.4730529785156,63904
2018-08-03,400.4950918947263,407.2534516630082,396.32326802082287,401.6840515136719,36284
2018-08-06,405.70987193251483,405.70987193251483,393.7575863429079,398.68035888671875,41678
2018-08-07,394.23740329907184,418.18368538828173,394.23740329907184,406.001953125,118838
2018-08-08,409.6522828728885,410.5075017422928,403.01907220230083,405.7724914550781,31618
2018-08-09,402.58100667097375,422.6057614069393,400.5576822629775,411.383544921875,105504
2018-08-10,411.3418675495853,412.1762323924851,404.1663248080884,407.5037841796875,31512
2018-08-13,399.18099037551116,416.76523965100927,399.18099037551116,410.4449157714844,144522
2018-08-14,410.09031903310984,410.09031903310984,400.95401384613547,401.62152099609375,21722
2018-08-16,401.32949553437993,403.2902580375538,390.5036064406597,392.56866455078125,20654
2018-08-17,396.74047737066724,400.3699694801816,386.0397382217667,390.2532958984375,24828
2018-08-20,386.3317613425912,390.85820571785524,385.0802141266683,385.4556884765625,23846
2018-08-21,385.05936922724993,386.2692084164401,379.6777058860852,381.346435546875,16098
2018-08-23,383.80784077096195,385.81031136938185,375.56848766745486,379.3648376464844,24592
2018-08-24,379.5317101373245,381.680209805495,371.709539689317,373.44085693359375,16978
2018-08-27,385.89378313699615,389.1686553276886,381.68025039272726,383.8495788574219,37228
2018-08-28,383.8495540689373,383.8495540689373,373.3782849770456,374.6089782714844,26086
2018-08-29,375.48502776312915,378.65562939678927,372.12671441283663,374.1917724609375,13860
2018-08-30,372.14756550033417,376.3402436480182,369.2064345885435,374.0666198730469,14098
2018-08-31,372.3770522593358,375.46421263724955,370.68746839502745,372.2310485839844,15506
2018-09-03,375.46412208121984,375.46412208121984,369.2063867131995,373.6285095214844,20372
2018-09-04,373.39912534811253,375.4641834496445,369.2690346078432,370.35369873046875,15780
2018-09-05,367.95486215940514,371.22973368398374,359.6112144913914,362.4063415527344,16608
2018-09-06,362.5315055329136,369.1855699042409,356.7326599888695,360.9670715332031,19492
2018-09-07,360.86281269594804,391.65087185421083,356.73269633084146,384.6422119140625,217730
2018-09-10,384.6421923641541,394.25824208069906,384.6421923641541,388.1673889160156,64412
2018-09-11,391.1501819676803,391.1501819676803,379.6359586807221,380.36602783203125,24346
2018-09-12,379.63594309574694,383.80776664624966,375.4641195452442,377.3831481933594,15452
2018-09-14,379.6360152729956,389.8569849149609,379.55257369356343,388.9391784667969,47880
2018-09-17,383.80781370366174,400.495109951647,382.9734488912625,397.6374206542969,70804
2018-09-18,398.40922084511743,403.89517998742207,389.2103533516713,401.0583190917969,45500
2018-09-19,394.4668691774348,400.4743067746288,388.8140519482148,389.9613037109375,14520
2018-09-21,389.9612662272989,395.906115699071,371.292352973839,377.86297607421875,60708
2018-09-24,380.866664882649,388.20906470060527,361.0713555488509,363.7413330078125,21528
2018-09-25,363.78308577912424,367.26654894980396,349.76576605348714,351.3302001953125,26562
2018-09-26,351.28849113303295,356.69100917152366,347.5129949004435,350.2038269042969,15014
2018-09-27,350.4123375173068,352.93628576860203,342.19383971831655,344.759521484375,12738
2018-09-28,347.0957751821095,349.05653765850957,324.150741966946,325.31884765625,37102
2018-10-01,331.660050975688,345.3019223159265,329.34469344822827,334.83062744140625,36572
2018-10-03,337.9177925856049,342.0270296313112,333.3913730799164,338.10552978515625,22038
2018-10-04,336.2907193222364,337.91774085219737,330.82564011826236,334.872314453125,17840
2018-10-05,335.4146292530359,337.8968694750165,329.57407600733626,330.49188232421875,15152
2018-10-08,329.9912927112247,331.6808764119408,322.94089966034255,325.7986145019531,17200
2018-10-09,327.90538092807515,331.3054278238337,319.97891497688755,321.31390380859375,21170
2018-10-10,321.23042989551755,327.4673115165668,317.4757885071284,322.9200134277344,30230
2018-10-11,322.89914484711244,329.5949165953763,315.0978296658709,319.87457275390625,31590
2018-10-12,319.874603642108,329.5740943948684,319.56171684363187,324.6304931640625,16456
2018-10-15,324.526160430037,332.80721989701215,323.35802947915744,329.5323486328125,17600
2018-10-16,329.5740893121084,342.25644419986855,329.5740893121084,335.6858215332031,20346
2018-10-17,342.2773233986081,342.2773233986081,327.4882014385381,330.0747375488281,14132
2018-10-19,329.94958781916864,332.4943904088236,323.3998186997359,325.31884765625,9836
2018-10-22,325.40229055494586,327.00843270141337,317.058642079178,319.2905578613281,11196
2018-10-23,316.3911100579562,319.97886814671455,313.30395042787825,314.1800231933594,13064
2018-10-24,321.2304673124669,321.2304673124669,313.5543005058564,314.47210693359375,9098
2018-10-25,312.8867955551304,314.1383427373509,309.13215400846883,309.5701904296875,13392
2018-10-26,310.80096406845,315.3899715916083,308.71505155792346,311.4058837890625,20818
2018-10-29,312.8868037877594,314.2635006318669,308.7358337649498,312.9702453613281,14000
2018-10-30,314.9101087020922,316.5162761394224,312.05241959015996,315.014404296875,11148
2018-10-31,314.95189440594976,319.31145608281906,312.865982164653,317.3089599609375,16630
2018-11-01,320.81330271001104,320.81330271001104,313.7212010896337,314.6390075683594,128032
2018-11-02,316.6414708403371,318.66479548206433,314.36782145781774,315.6611022949219,20094
2018-11-05,316.64146939906846,319.1445640188239,314.075787228701,316.9335021972656,11864
2018-11-06,317.0586151765595,324.1507157791931,317.0586151765595,319.6868591308594,21044
2018-11-07,321.3973346935943,335.99871885480496,320.3960867374226,329.6992492675781,26842
2018-11-09,329.6992570847143,395.48892894350865,329.59496148108997,383.76611328125,1126576
2018-11-12,390.0655265735688,391.69254804599774,367.120495598653,373.5868225097656,291182
2018-11-13,367.12055668800286,370.7083155796081,355.4394480661119,356.9204406738281,92142
2018-11-14,358.1511237666488,365.0346340079414,348.34733645329266,353.0614929199219,105990
2018-11-15,354.3964648561429,355.85660332229537,344.1754955930758,349.2859802246094,30954
2018-11-16,350.87125204770336,354.1044156442042,342.33986688437807,343.9668884277344,30946
2018-11-19,347.72153122435077,350.43321683077943,340.00365680605387,343.2994079589844,40668
2018-11-20,343.3203030505808,347.5129815894428,337.3128655726797,339.12762451171875,39034
2018-11-21,342.02696699796115,342.9239193077881,331.24281256737686,335.1643371582031,73314
2018-11-22,332.93244776096947,337.56318821460616,332.0772288345452,332.43182373046875,18246
2018-11-26,335.83186419099604,335.83186419099604,326.6538505112421,328.3642883300781,12532
2018-11-27,327.0918867707668,360.8628103587486,324.15075566329216,337.8760681152344,165300
2018-11-28,337.9177605734331,342.0895847780434,329.5741121642125,331.3471374511719,33098
2018-11-29,334.91399708896694,337.0624964510076,329.57406791654813,330.97161865234375,17336
2018-11-30,332.91155887560313,333.72506965714354,328.32255242493693,329.6992492675781,15348
2018-12-03,329.1569288470458,333.32875304029096,326.2366519117742,327.5299072265625,16606
2018-12-04,328.36428361462856,331.2219985651912,325.3814444892206,325.9654846191406,21416
2018-12-05,327.4881939458234,327.4881939458234,321.64764016844566,323.0660705566406,15218
2018-12-06,322.89916421839513,322.89916421839513,319.14452277399516,321.43902587890625,14312
2018-12-07,323.3163427978557,328.3016773051681,316.6414247529967,317.767822265625,27002
2018-12-10,313.8046202787246,316.2242732133923,311.4683834575191,312.67822265625,24800
2018-12-11,311.42665056024606,319.81200631787664,309.9665122120064,314.7432556152344,17206
2018-12-12,314.5555435366013,327.071016091108,314.5555435366013,321.31390380859375,36590
2018-12-13,324.67219951067216,326.1949254403622,318.12243080447075,321.1470031738281,23888
2018-12-14,324.9641954424287,326.23659651274016,318.03895317995756,320.291748046875,19896
2018-12-17,322.064854206306,329.532430311493,321.7936754263246,327.738525390625,26036
2018-12-18,326.98754824708226,332.07717843627705,324.4427458838809,327.3212890625,21954
2018-12-19,329.5741314021037,332.9115909606061,325.4023069539758,329.03179931640625,20622
2018-12-20,328.05137234429395,333.74592232915234,325.81945667383496,327.09185791015625,27056
2018-12-21,327.2170133015779,330.7630637887799,325.4022800020684,327.94708251953125,43614
2018-12-24,330.0329890690916,330.0329890690916,326.29922692975066,327.96795654296875,14476
2018-12-26,323.31639970813075,329.1569540254389,323.31639970813075,326.0697937011719,10266
2018-12-27,325.40234359518666,330.49197508756856,325.40234359518666,328.9483947753906,12146
2018-12-28,325.88207861961206,331.22200884800475,325.88207861961206,329.8244323730469,8408
2018-12-31,329.5949479935427,344.3006275027954,329.57409396623,336.6036071777344,58360
2019-01-01,336.2699101097655,342.77797163414783,330.2833521128191,333.1618957519531,21018
2019-01-02,335.41466134760185,339.58648549371634,332.01461448340103,333.7042236328125,23444
2019-01-03,333.704259272921,336.4576533183055,329.3238434516659,330.74224853515625,13368
2019-01-04,333.72509902953635,345.42706141611,326.1949610562008,339.8785400390625,325130
2019-01-07,332.49435688645787,335.74837435815846,327.050131919583,329.3446350097656,99668
2019-01-08,327.7802209853866,333.2661543382194,323.31636415545586,329.3655090332031,54852
2019-01-09,329.53235302134067,332.9115199181,325.00590918337656,326.5703430175781,28728
2019-01-10,324.8390599518399,328.7188508688245,323.3163341285696,323.6709289550781,25888
2019-01-11,325.40228722131667,326.2992396083905,322.5863058895937,323.6501159667969,118898
2019-01-14,320.3334881615891,324.50531206400115,320.3334881615891,322.29425048828125,16192
2019-01-15,323.46236961736344,324.56791318285946,321.23045392133906,322.3985595703125,12110
2019-01-16,322.81575173550317,327.07101751512096,321.6476460512223,323.3163757324219,287410
2019-01-17,322.89922270510914,326.6330107992327,322.89922270510914,324.8599853515625,17610
2019-01-18,325.4023115402426,330.30420533588085,325.4023115402426,327.2796325683594,29376
2019-01-21,324.15078041766105,328.61463795612656,322.89923300292105,323.9630432128906,30746
2019-01-22,324.19247612598343,325.8194978882649,319.1445785973401,319.64520263671875,7834
2019-01-23,321.459857306646,321.459857306646,314.1383120973339,314.6597900390625,17960
2019-01-24,314.0340974554078,316.62063380565365,311.635298305134,312.0107727050781,13414
2019-01-25,312.5113212153472,316.22425470771844,308.1517855675132,309.5701904296875,19054
2019-01-28,314.9309885425397,314.9309885425397,304.12595472587276,305.71124267578125,15196
2019-01-29,306.629083044974,306.64993707371065,301.7271895405135,302.8327331542969,13464
2019-01-30,303.2916121106763,307.77632301877776,296.2203651676692,299.0363464355469,21312
2019-01-31,298.28545005720594,300.2044791311969,295.7823553714112,296.57501220703125,14994
2019-02-01,296.6375619855536,312.0316038494316,293.279248514047,294.32220458984375,58696
2019-02-04,295.4902769577984,295.4902769577984,286.8545965321292,287.8975524902344,21066
2019-02-05,291.61054066067584,291.61054066067584,278.5944427660949,281.4938659667969,20568
2019-02-06,281.72332416496926,283.78838253729305,273.463116138472,274.8398132324219,27482
2019-02-07,278.63617184219237,280.263168138796,270.396818357049,272.2741394042969,38814
2019-02-08,271.5440534731287,273.56737807053787,265.34887911905463,271.1685791015625,32304
2019-02-11,274.92321821115416,278.63615198061075,271.1685763842947,275.19439697265625,27908
2019-02-12,275.75759714372276,275.77845117348915,265.74521842746054,266.66302490234375,28258
2019-02-14,263.49242128902364,266.55872752828265,259.0911515999929,260.2384033203125,25162
2019-02-15,261.88632331517584,276.25826602335957,257.92308942988046,260.3427429199219,56936
2019-02-18,262.42853111517627,262.7414178525672,254.50206710127125,256.191650390625,74348
2019-02-19,255.12793064615326,260.301003382429,255.04448906083329,257.7353210449219,15052
2019-02-20,260.32180281414276,261.55249591679996,257.3806721537528,257.9230041503906,20464
2019-02-21,263.6592966701576,289.9000817928592,263.6592966701576,277.92694091796875,210314
2019-02-22,278.2606627771605,289.10740525423125,272.83729153862515,275.757568359375,96304
2019-02-25,275.8410028545247,277.3845827984432,271.16855496866003,271.6900329589844,27370
2019-02-26,271.168551889517,282.41162232580234,266.16236323924903,272.1697998046875,78728
2019-02-27,273.2544588900292,280.5551505397628,270.33418223013575,274.2557067871094,140560
2019-02-28,277.42636255051787,279.5122750508977,271.16862504937836,272.33673095703125,113756
2019-03-01,274.1931112760756,281.5980983055931,273.25445094839034,279.8250732421875,73952
2019-03-05,281.18095580258444,289.9417867697273,278.6570072117522,285.8325500488281,62394
2019-03-06,287.85591011432507,293.6964648122969,285.81170578491583,287.62646484375,39576
2019-03-07,291.109929329946,291.109929329946,281.5981738824753,283.1417541503906,23538
2019-03-08,283.2668848941201,283.57977173310474,275.98704601451755,277.42633056640625,26264
2019-03-11,280.28402555479033,284.0804012183181,277.4889234431383,283.0374450683594,26066
2019-03-12,289.5246019571122,292.40317086485834,287.6264270224307,288.6485290527344,62036
2019-03-13,291.1933178911148,291.1933178911148,281.63983065770736,283.18341064453125,40864
2019-03-14,284.5183976491232,285.7699448528583,281.59812084040783,282.3907775878906,28278
2019-03-15,281.11833013981044,285.76992375539794,280.3882609915302,281.2226257324219,34774
2019-03-18,281.5981064578728,299.5369487951891,281.5981064578728,291.9233703613281,320830
2019-03-19,294.53078479394986,298.53572579016645,292.8620551350606,296.1578063964844,111628
2019-03-20,295.8240598652902,299.87073465110694,295.8240598652902,296.7835998535156,58122
2019-03-22,298.2854611061782,298.2854611061782,294.9480014014937,295.3443298339844,47710
2019-03-25,295.34431011457485,298.2854411903966,294.86454012894075,297.38848876953125,60896
2019-03-26,299.80810726575885,302.10261020034943,297.6804619941917,301.2056579589844,76434
2019-03-27,302.43641331710904,324.1507541078355,301.2057200332783,308.5690002441406,365120
2019-03-28,317.20643161481337,317.20643161481337,299.78150027773256,309.1262512207031,71134
2019-04-01,300.9173772728196,312.70545116883454,300.9173772728196,305.3968505859375,72944
2019-04-02,309.40487703348543,309.40487703348543,303.48941070159657,306.5543212890625,47920
2019-04-03,306.91870868389424,310.1336392916166,304.56109290489786,306.49005126953125,34680
2019-04-04,306.48995987293097,308.1617337556855,303.489358867182,305.1396789550781,30252
2019-04-05,304.7753800132917,308.54755951218675,302.09627153919456,305.61126708984375,39374
2019-04-08,304.77533311689723,306.91861956638314,302.246244641238,305.9112854003906,35808
2019-04-09,304.3466721546884,306.7042872206754,303.5322128484453,306.1256103515625,24094
2019-04-10,302.2890880499542,306.91858096597065,302.2890880499542,306.1470031738281,25908
2019-04-11,305.20402476049856,312.4054628087307,305.20402476049856,307.2187194824219,40058
2019-04-12,307.30444822070194,308.76186743474,303.53224281221077,304.58245849609375,15894
2019-04-15,307.45449475399596,307.45449475399596,302.20344203773743,303.27508544921875,19132
2019-04-16,303.70371342134086,305.3111783829923,303.06072743668034,303.6608581542969,10738
2019-04-18,303.06076026687504,304.3467323755039,298.7956142072886,299.995849609375,20122
2019-04-22,297.9168095508984,308.54750486051347,293.20157947167553,293.8874206542969,17516
2019-04-23,294.9162182269453,296.9523403731343,290.6725005517277,291.3583679199219,13768
2019-04-24,291.3583844472052,295.2163003114558,289.8152024036051,291.0583190917969,14064
2019-04-25,294.487522677054,294.487522677054,289.34363581806616,290.43670654296875,14078
2019-04-26,293.5873751794526,294.1017429737824,287.2003713805014,290.50103759765625,19620
2019-04-30,288.4863429663206,290.6296293182249,285.1642491208689,286.27874755859375,18848
2019-05-02,285.9572997458512,287.3504360945038,276.4839830402807,283.8997497558594,15132
2019-05-03,283.3424836198565,285.93585512837325,275.77667158743355,279.8060607910156,34918
2019-05-06,278.62726346366236,281.92793012501915,275.6266621648229,277.4484558105469,17754
2019-05-07,278.6272585650675,281.4563864175385,276.05531463985153,277.2769775390625,9962
2019-05-08,278.15574803311193,278.15574803311193,270.825692094173,273.6333923339844,14332
2019-05-09,270.99716406791555,278.41293050223953,270.4827700491349,274.5978698730469,22014
2019-05-10,277.31989906290886,277.31989906290886,272.19743810530105,274.5550537109375,10030
2019-05-13,272.626077446016,274.5978908113329,268.87532559436085,269.8826599121094,10832
2019-05-14,267.9108393989144,273.633404463208,266.1319009600384,271.8544921875,16902
2019-05-15,270.56853129296644,278.19862708041177,268.55383646514326,271.2115173339844,22382
2019-05-16,270.5470480237479,275.19796896545313,269.1967671500071,272.8832092285156,23090
2019-05-17,273.69764220482136,276.48391420847264,272.197341895163,272.86175537109375,15184
2019-05-20,278.670082930715,287.77904998911305,276.9125985753013,279.9775085449219,56248
2019-05-21,278.6272568613378,282.44231745901345,275.6909646966041,276.7197265625,16488
2019-05-22,277.14835094564364,289.3436554332016,276.9769037366182,282.8709411621094,126220
2019-05-23,286.77174080587224,293.5016658152651,282.4208586377963,286.5145568847656,53268
2019-05-24,286.79321625701044,299.20285270125083,285.50724411072997,290.9726257324219,120032
2019-05-27,293.54452161686436,303.66084986389967,292.9015356497583,302.3748779296875,92264
2019-05-28,312.9198284624686,317.63505875436886,304.9039317336052,309.4905700683594,171262
2019-05-29,312.0625241925811,314.59161280721054,304.3466925504569,307.1329650878906,104214
2019-05-30,310.7765724230179,310.7765724230179,303.7037262920113,307.9688720703125,23280
2019-05-31,308.6332928179501,308.6761480877964,303.48940460431766,304.4753112792969,37518
2019-06-03,304.34673041266365,324.9222840180268,300.06015674487963,317.2064514160156,769808
2019-06-04,313.77711949134874,317.163522366425,309.49054682070187,310.41217041015625,27560
2019-06-06,311.6338724278104,312.9198443910613,302.33200332766194,304.6253356933594,20470
2019-06-07,308.6546763578338,309.4905633057662,303.27503260225706,305.9112854003906,15728
2019-06-10,306.532880597145,308.2260824731806,297.12387207890464,300.5531311035156,15070
2019-06-11,300.5102119805604,305.975592865616,295.77355377947896,302.50347900390625,18060
2019-06-12,307.347266480103,307.347266480103,297.48814914531584,299.84576416015625,14532
2019-06-13,299.6314881946586,299.6314881946586,295.7735720376458,297.0381164550781,13522
2019-06-14,297.23103557401674,299.58865114669936,293.05162614971573,294.2518615722656,9556
2019-06-17,292.3871622102412,295.85930237474736,292.3871622102412,293.4373779296875,13092
2019-06-18,291.9370804264755,295.8164241773452,291.9370804264755,293.0516052246094,10828
2019-06-19,293.0515728441601,295.23771460317886,287.2003902491904,289.622314453125,16270
2019-06-20,287.6290144667926,297.8524794039614,287.6290144667926,295.5591735839844,9052
2019-06-21,295.6878820615622,301.36759285693495,291.9157020112322,299.78155517578125,33688
2019-06-24,300.06013360836755,304.34670694562993,299.5886210065356,300.3601989746094,15740
2019-06-25,304.21814414756733,321.06437374564615,300.06016237910853,308.76190185546875,1042754
2019-06-26,310.77658845330285,310.77658845330285,305.01114168315604,305.9541931152344,16116
2019-06-27,305.2040667360946,308.5047339264085,302.73928670276234,306.7472229003906,15500
2019-06-28,307.7759659528899,316.7777699710106,303.1250443421278,306.2756652832031,68522
2019-07-01,304.9896632987957,308.1831653572558,302.203390900423,303.5965270996094,14708
2019-07-02,304.73250377890434,304.73250377890434,296.84519850850194,301.53900146484375,17554
2019-07-03,302.20343775746716,304.3467245500733,300.4888083233822,303.2965087890625,8852
2019-07-04,302.2033737821486,306.1898811398337,302.2033737821486,305.053955078125,11568
2019-07-05,306.4899459037918,312.4911476417681,291.48694155885096,297.9811096191406,55422
2019-07-08,295.13057374311865,298.7527334392661,289.3651273821701,290.029541015625,14972
2019-07-09,290.6081976230098,293.5444894187875,288.0576816672815,290.5224609375,11266
2019-07-10,289.3650936672424,291.3154790723318,285.1856851578375,287.586181640625,8322
2019-07-11,286.34306642166837,293.4587668884381,286.34306642166837,290.8225402832031,11414
2019-07-12,288.29344229418797,292.75148837655087,287.20037148609003,289.1507568359375,14028
2019-07-15,289.3650775605617,292.40855979846634,286.3859043767956,289.407958984375,13778
2019-07-16,289.40802167112156,291.87280144514756,288.05774054703994,289.96527099609375,12122
2019-07-17,292.7301144185121,292.7301144185121,288.6364158005364,289.3865661621094,8504
2019-07-18,289.3865271226283,292.12994425440667,287.6290426921597,289.4508361816406,15990
2019-07-19,288.4864004754422,290.95118027148055,288.20776272888344,289.3651428222656,16738
2019-07-22,287.2003272658044,291.48689931454777,287.2003272658044,288.8721008300781,23534
2019-07-23,289.8366590610328,290.0081062921253,287.80053677924633,289.1293640136719,8570
2019-07-24,287.7147503106413,290.73677867872397,287.6504412581272,288.486328125,9316
2019-07-25,285.9144578389762,289.3437167036116,285.9144578389762,288.4006652832031,8398
2019-07-26,290.20100047269625,294.9162309087371,288.70069987941054,289.75091552734375,27988
2019-07-29,289.34367185873,294.9162166500833,289.2793627997177,289.4508361816406,10704
2019-07-30,287.6290549045883,291.03688575047255,287.6290549045883,289.19366455078125,12750
2019-07-31,285.9573115797541,288.91505779994685,282.91385481893906,283.4496765136719,10672
2019-08-01,282.8710316969635,283.40685345259254,277.7699981181062,279.4417724609375,8738
2019-08-02,274.7693156855512,279.2702171125376,274.34065840679057,275.5408935546875,11850
2019-08-05,275.5409209641583,275.5409209641583,268.33948319724885,270.2041320800781,10982
2019-08-06,267.932225458928,274.34065697560015,267.932225458928,272.3045349121094,9262
2019-08-07,270.91142058262903,275.6909600660858,270.91142058262903,272.347412109375,4112
2019-08-08,267.91082137782524,272.8832357573312,267.91082137782524,271.5758361816406,6282
2019-08-09,272.0259366749139,278.6058425218876,272.0259366749139,275.30517578125,10400
2019-08-13,277.7485253612984,277.7485253612984,269.11106959841186,273.0332946777344,9760
2019-08-14,289.34372875956655,291.48701563926704,279.0559517370042,282.0351257324219,79248
2019-08-16,282.9138744836566,283.9855179476099,276.95552635880836,279.6989440917969,15242
2019-08-19,274.81221344347586,282.91384773010515,274.81221344347586,282.5280456542969,10416
2019-08-20,276.6125862252955,287.2004281370101,276.6125862252955,286.3216857910156,15328
2019-08-21,284.0926037496391,285.7429237625875,283.3424535322693,284.19976806640625,11578
2019-08-22,284.19977233886715,284.19977233886715,277.4055650189576,278.6272277832031,65252
2019-08-23,272.62603332613213,278.6272353175879,271.76871875592417,276.8482971191406,15324
2019-08-26,289.3437206072463,289.3437206072463,275.00512655340896,276.35540771484375,9928
2019-08-27,276.3553596990763,281.99218735658894,276.3553596990763,279.1416320800781,7758
2019-08-28,278.6486980551896,285.4643602122902,278.62727042086766,281.22064208984375,9040
2019-08-29,281.1991763632545,281.1991763632545,277.3412608338806,278.7987060546875,8732
2019-08-30,279.48453802615654,280.7490821961775,273.6976649228542,278.6486511230469,11340
2019-09-03,273.48337695691015,278.6272649247517,273.48337695691015,276.4839782714844,6516
2019-09-04,273.9119965821816,280.7705129285273,271.91872980375945,278.2414245605469,8462
2019-09-05,275.8409729003906,285.05710486209756,275.8409729003906,282.913818359375,9864
2019-09-06,282.91384852659104,289.60089266286144,282.50661881501765,288.6578674316406,16574
2019-09-09,300.78883151370263,306.8114613234652,297.9168223818489,302.2248229980469,88888
2019-09-11,302.63203718589733,303.875153752918,297.9168071447573,298.6883850097656,21910
2019-09-12,298.77416009041036,302.20341874281104,292.7729574487091,294.0589294433594,12262
2019-09-13,295.3449006475876,304.13237592084675,292.7729566651703,302.4820556640625,23230
2019-09-16,304.3466593080726,315.1488276598087,302.6320302415483,313.06982421875,132616
2019-09-17,316.3062863355634,317.59225845591965,309.1048215310325,309.9192810058594,38110
2019-09-18,310.79801028864193,317.2064429842687,309.7049392650461,312.87701416015625,22460
2019-09-19,311.20521305188373,332.6380789645479,309.7049124379972,319.7355041503906,487202
2019-09-20,321.49301917945695,328.7373390102349,319.1997127745777,324.1078186035156,78058
2019-09-23,325.77950812662397,330.0660806019743,319.7783066611335,323.6790771484375,43994
2019-09-24,317.76367956850544,322.7575480237,315.06314357053435,318.8782043457031,19632
2019-09-25,318.8782156659585,320.9357657296863,318.7281698943643,319.7569580078125,20334
2019-09-26,319.7569756362677,324.92229179697614,317.39936006254294,319.8212585449219,26872
2019-09-27,319.8211525498085,319.8211525498085,310.7764953570942,312.66259765625,51994
2019-09-30,318.4923790308329,318.4923790308329,300.06011483389375,302.7606506347656,23984
2019-10-01,307.733093351218,307.7759486169567,294.9162293154126,297.7882385253906,32154
2019-10-03,297.059566192898,304.1752682800138,294.0589645141818,301.6676330566406,14314
2019-10-04,301.3461166586094,304.23955376735137,283.5568366567142,298.19549560546875,14788
2019-10-07,300.0601080399525,301.66757290445224,295.34487777075327,296.3093566894531,17638
2019-10-09,301.3461136520511,303.48940037788356,298.5598409084688,300.12445068359375,24548
2019-10-10,300.1244549193508,300.8746052839793,294.7876656640743,300.0815734863281,12632
2019-10-11,297.05954379114456,311.91253144596914,297.05954379114456,308.6976013183594,43072
2019-10-14,306.91862130125634,308.6332504705371,300.7030905626136,306.4685363769531,38328
2019-10-15,304.3467009655466,312.2982891172947,300.89601472948607,309.940673828125,31418
2019-10-16,306.40423459855174,308.2046005017094,300.76740676849903,303.1678771972656,12786
2019-10-17,306.06128674512576,307.47585048484456,303.2750145268578,304.2823486328125,7110
2019-10-18,306.5327900717034,307.34724931478996,302.86777580413855,304.15374755859375,17136
2019-10-22,302.93210290565565,309.06189673446937,302.93210290565565,305.76123046875,23400
2019-10-23,309.06190830195897,310.7765374742306,304.8610720625265,306.6399841308594,20080
2019-10-24,307.9474353282426,309.5120188797158,306.27566128145355,307.84027099609375,10470
2019-10-25,306.51142922265814,317.63509255488594,306.06134424316946,316.1562194824219,42540
2019-10-27,317.63507928201983,330.0661417640422,317.63507928201983,320.4427795410156,12990
2019-10-29,322.0931531204255,346.1193930911741,319.5640642126965,337.07470703125,187054
2019-10-30,338.6392917669713,349.3557250507362,332.20943179671235,334.5670471191406,100330
2019-10-31,337.69619437765755,340.7825319753501,325.7795274229762,327.0011901855469,34104
2019-11-01,327.9228270093448,339.92523113517706,327.49416971913655,336.8603210449219,63224
2019-11-04,340.3539225783258,342.0899795452417,332.2094332471064,333.6025695800781,31148
2019-11-05,333.6025581379665,338.2106243120534,332.7452435009271,335.5743713378906,20396
2019-11-06,335.5315324781645,337.3104709022746,331.09493947981093,333.7740478515625,15058
2019-11-07,328.03003417007136,333.7097440070573,322.7789816792731,323.8077697753906,25548
2019-11-08,321.9215982679701,327.3441230049925,321.7715786940956,325.3722839355469,24036
2019-11-11,323.8506646612031,332.63814133301605,323.8506646612031,328.5230407714844,24338
2019-11-13,340.782581522625,352.9778879430807,339.64662911894925,344.2975769042969,287932
2019-11-14,332.209394487871,351.4561169692727,332.209394487871,346.26934814453125,81730
2019-11-15,349.35568106941065,351.0703101789538,340.39673350678225,344.76904296875,33774
2019-11-18,343.05446567875157,349.3557338407833,339.92527231379285,341.76849365234375,27500
2019-11-19,345.0691601936423,345.0691601936423,334.78138398911136,335.85302734375,23180
2019-11-20,339.0678836239702,354.86389276874746,334.5026734613662,344.3403625488281,97422
2019-11-21,342.7543692202769,354.49958979482756,340.05383344238106,344.44757080078125,101802
2019-11-22,345.9264705509211,346.6766208897862,338.2106384940232,340.2681884765625,34852
2019-11-25,340.3539592876453,342.0900164418059,334.3527559752687,335.48870849609375,23310
2019-11-26,335.6386268089135,340.35385655974113,332.55228937573935,333.81683349609375,24890
2019-11-27,336.56028938660273,351.00601945861655,331.1806193438464,332.2308349609375,97372
2019-11-28,334.3526613300182,336.51737525086844,330.0875163791373,331.6735534667969,19054
2019-11-29,332.65950085792633,336.3459694291959,330.173293687589,332.18798828125,26986
2019-12-02,332.6380599107708,336.36738359858896,330.923430735973,334.9313659667969,33214
2019-12-03,337.7819751736077,339.8609527535084,330.9234579111994,332.4880676269531,24600
2019-12-04,330.9234533874491,334.30985670473757,327.92285212616395,330.9877624511719,12304
2019-12-05,333.92409883630694,333.92409883630694,328.09436893678196,329.5517883300781,12442
2019-12-06,326.2082803536407,331.2664324247817,325.7796229550157,328.5230407714844,31000
2019-12-09,326.63692745868536,326.72266416834276,321.49303883728874,323.4219970703125,15990
2019-12-10,323.1861551258443,328.30861475362775,320.6356391274253,325.28656005859375,21452
2019-12-11,325.3080113854692,328.7372695319465,323.2718893609983,325.8866882324219,17052
2019-12-12,327.9228496058148,331.7807654835303,315.8347079563397,325.8438720703125,27610
2019-12-13,324.2792430514536,330.2161361106591,324.02205914020817,325.20086669921875,19832
2019-12-16,324.06496003675556,327.08698915367097,321.4930159094797,322.9933166503906,9216
2019-12-17,321.4930264070072,325.6724357502983,313.6486017953101,320.6357116699219,17804
2019-12-18,319.34967484256373,321.49296125090314,317.2063884342244,317.97796630859375,14448
2019-12-19,316.43485015254913,319.4783067679262,314.03435337695765,315.25604248046875,12558
2019-12-20,317.07784416349574,317.07784416349574,308.2046318660131,310.6051025390625,42204
2019-12-23,310.3479106526798,314.1843990349562,309.16910298100174,310.8623046875,8940
2019-12-24,309.16908247284124,312.23399268116583,305.6326596923893,306.9829406738281,9246
2019-12-26,308.161784556368,316.77778697082107,306.9829768240679,310.3693542480469,24740
2019-12-27,309.59775329674176,311.41954692984825,304.77535838557753,307.0901184082031,18102
2019-12-30,307.9902935051257,314.24868009646957,307.9902935051257,313.1556091308594,16956
2019-12-31,313.15559149212555,315.7061077103344,310.7979762953749,313.09130859375,12402
2020-01-01,315.0631653674058,315.1274744378506,312.91987852817175,313.005615234375,6386
2020-01-02,315.0416961252,321.1714904432352,312.6411994843814,315.1702880859375,26118
2020-01-03,316.2633698896399,324.4507405141263,310.13357536048346,315.8775939941406,277418
2020-01-06,313.39134659684015,316.970650807212,309.3619836100401,312.70550537109375,23622
2020-01-07,310.86228258388184,316.97064917551904,310.77654589031346,315.020263671875,15998
2020-01-08,310.26216560755574,320.2070207483024,309.49058765766307,315.29888916015625,15860
2020-01-09,315.49178106936415,318.492382248013,313.7342965585648,315.1702880859375,17620
2020-01-10,313.69136470555014,321.1071297652525,313.69136470555014,315.68463134765625,20532
2020-01-13,325.56525878883065,346.37656799227034,322.0288356354299,344.4047546386719,409102
2020-01-14,345.06916062231693,371.6459158503712,344.64050327992896,368.13092041015625,577164
2020-01-15,366.50204139105733,370.74575970401077,356.85725082813474,365.3875427246094,190884
2020-01-16,367.18784597819774,371.75305685336724,360.54365758819813,361.97967529296875,58406
2020-01-17,360.9294858025116,361.78680049562917,351.9276815247767,353.2136535644531,33206
2020-01-20,347.27676261814474,353.6423138013008,343.33310976493897,345.3692321777344,39608
2020-01-21,345.4978167992252,380.2190614155245,343.3759577289289,375.0108642578125,362190
2020-01-22,372.5460308919894,384.03406690522047,364.95881798058826,367.5093078613281,163582
2020-01-23,369.07391265778466,376.0610209865014,363.32989472490675,366.0090026855469,61268
2020-01-24,366.50200700002443,372.503209453826,364.358720409381,365.58038330078125,36982
2020-01-27,366.3733873699818,368.21660846610826,354.24239141566375,358.1217346191406,34524
2020-01-28,358.8932949052314,374.0892001729676,355.785529735852,356.7071533203125,23074
2020-01-29,359.64348621667983,362.4297587559032,347.76967339381775,354.3495788574219,27586
2020-01-30,356.642896036812,360.02929938512057,337.031823328057,349.3128662109375,77826
2020-01-31,350.62020725892995,354.906779812586,343.3544615478504,344.68328857421875,25442
2020-02-03,325.77960099493447,339.73239314701783,323.7649061245687,334.3741760253906,36632
2020-02-04,336.49598218666665,339.58231999476976,333.88118310882624,335.66009521484375,23438
2020-02-05,342.9258365945788,351.0917528458542,337.82480430996844,348.134033203125,82786
2020-02-06,350.9845960991718,353.64227662278836,342.92584399785534,343.48309326171875,59052
2020-02-07,346.24798196350423,347.1481519527379,331.287829659145,333.08819580078125,70668
2020-02-10,333.0881721895136,337.7819751736077,331.37354287391156,332.4880676269531,32710
2020-02-11,333.4953895078856,340.78256382875196,327.92284443898774,329.87322998046875,21346
2020-02-12,329.91610241797815,334.78135232257273,327.94426313405614,332.61663818359375,21332
2020-02-13,333.0667440836238,340.35391866460395,324.7936628802032,326.5511474609375,250572
2020-02-14,327.9228344441256,327.9228344441256,319.39254371031296,320.9571533203125,30336
2020-02-17,335.63865918660855,336.47454613752234,303.06070503822764,310.4764709472656,318658
2020-02-18,303.9180067528776,310.21927390267155,299.5242697017958,302.1390686035156,61688
2020-02-19,308.56897077811686,336.43169743064163,307.64737320981834,319.0710754394531,510192
2020-02-20,320.507095950374,323.63628927630606,313.4556775275481,315.6203918457031,94914
2020-02-24,316.3062733510733,319.2211381382573,302.2034358781584,305.61126708984375,169874
2020-02-25,310.39069411219265,317.8279128544464,303.9394079432357,306.1470031738281,427086
2020-02-26,303.0607496901731,308.633295299752,300.23162161519286,302.35345458984375,98124
2020-02-27,301.77477023120053,317.20643461802325,301.3461128871221,311.569580078125,154960
2020-02-28,302.20341433009946,302.20341433009946,292.79438080733036,294.0803527832031,70284
2020-03-02,298.34550963506206,303.4893977322183,279.91324395358555,284.64990234375,70026
2020-03-03,293.60883482064827,293.60883482064827,285.05711610486895,288.0148620605469,45818
2020-03-04,288.05772468858635,288.05772468858635,273.48337552279474,277.4484558105469,88612
2020-03-05,277.76994542482987,284.6284625958133,274.57644313445735,276.3339538574219,57988
2020-03-06,273.0547020736047,273.0547020736047,265.76752792093396,266.453369140625,46822
2020-03-09,267.37504604178037,267.37504604178037,250.76457223958556,253.82948303222656,75378
2020-03-11,253.7651327440782,259.3376778887961,251.2146164644394,252.45773315429688,34350
2020-03-12,246.47798410820835,246.47798410820835,229.76034692521682,231.0034637451172,66172
2020-03-13,220.1155421788682,232.7609335990758,202.3262627233219,228.98875427246094,82154
2020-03-16,227.18835547068426,265.7675101732533,220.43700339773468,239.9837646484375,122936
2020-03-17,245.19199919869982,248.62125792875156,233.61825098477516,237.1761016845703,170874
2020-03-18,246.04932961804369,246.735170942652,231.474979083177,235.65438842773438,93910
2020-03-19,231.47496812767096,249.04991941143857,223.7591358567486,238.5049591064453,126504
2020-03-20,241.76270992410107,246.30646670208966,237.09033502945104,242.25567626953125,100220
2020-03-23,214.06309145900292,245.48937509872886,214.06309145900292,228.0682830810547,59312
2020-03-24,234.55852255823714,235.53775857770637,215.42947800008966,218.27606201171875,51720
2020-03-25,214.06311544312925,224.33358489029396,214.06311544312925,218.38992309570312,35086
2020-03-26,220.8949082625338,228.81979497497207,217.93446103839673,226.47421264648438,31200
2020-03-27,230.0039540935219,270.9947577933575,227.77223533861985,239.1813507080078,261116
2020-03-30,239.11307404515492,239.11307404515492,229.25250910487452,233.4426727294922,25010
2020-03-31,234.10306108384034,240.3655456945462,234.10306108384034,236.972412109375,23822
2020-04-01,250.4994041833289,255.50939226699546,241.39033494029874,242.89332580566406,102684
2020-04-03,247.69834240658375,247.69834240658375,238.17938218279068,241.18536376953125,23000
2020-04-07,250.29443255185137,250.29443255185137,239.1130561524566,243.5309600830078,50988
2020-04-08,244.12303234281993,283.29202633812315,241.3903118315197,248.6775665283203,372842
2020-04-09,251.18260117029416,258.24213030563334,248.90533370728153,249.70237731933594,102572
2020-04-13,266.5541237765474,270.994794783504,255.0539245021214,256.5569152832031,330606
2020-04-15,262.1589968315261,262.1589968315261,251.25090885429626,253.02716064453125,79146
2020-04-16,250.49936892178243,261.43025047473293,249.13300872766362,256.1697692871094,100754
2020-04-17,260.929317551614,265.07393322308917,253.5509653970095,254.96286010742188,96174
2020-04-20,256.4203307565335,260.3827819247623,255.9648772383158,257.33123779296875,49862
2020-04-21,255.91929699528214,255.91929699528214,244.14580898685728,248.92807006835938,50602
2020-04-22,246.4458508352046,249.0419410616211,243.71313013343405,246.2864532470703,32644
2020-04-23,249.3152657482738,252.16185022293587,246.44588635887322,247.60731506347656,29448
2020-04-24,245.94487288655753,251.4103145062588,241.39033820347314,242.75669860839844,43908
2020-04-27,245.80824200031572,245.80824200031572,239.22693383438053,240.54776000976562,39748
2020-04-28,242.71114866701114,242.73391577921782,236.17537514073123,236.69915771484375,59356
2020-04-29,238.70315350501488,241.39034010871347,233.89812493617055,239.59129333496094,55336
2020-04-30,242.34677278297372,242.7566920127834,239.5685178212459,240.09230041503906,66640
2020-05-04,236.8357856145473,236.8357856145473,229.5485306725612,232.19015502929688,74384
2020-05-05,233.35154916898404,236.38032553860984,228.40989066977426,229.45742797851562,92382
2020-05-06,230.61884745536557,232.7139360168211,227.72671539004486,230.0039825439453,47104
2020-05-07,227.72671628942513,241.75467645311943,227.72671628942513,232.98719787597656,603216
2020-05-08,234.17142218452275,236.3348262544615,227.72674420407742,228.5693359375,74904
2020-05-11,228.6375911426157,231.39307846418265,225.4949656776935,226.22369384765625,72048
2020-05-12,225.90491541453775,227.68118112280897,222.73950831824865,224.72073364257812,56908
2020-05-13,231.23373092757143,238.54375351862217,227.72673366932906,230.61886596679688,291790
2020-05-14,229.09310851091192,232.053556235208,225.90493403859307,226.86138916015625,65266
2020-05-15,232.28125178665812,240.47941361442253,230.00398461227914,238.2476806640625,460370
2020-05-18,250.95481991005815,259.15298099604917,244.12301900506563,249.36073303222656,1502418
2020-05-19,250.9320972328718,254.57572502738145,236.83580664312777,240.34280395507812,287706
2020-05-20,237.29121848975862,243.30320885575887,232.34954638049845,241.6407928466797,77818
2020-05-21,246.19535389130434,248.10826391814516,241.3903256110453,243.41709899902344,92318
2020-05-22,243.2121361174724,248.99640034516912,241.43585658815698,243.55372619628906,101180
2020-05-26,245.9448739085555,245.9448739085555,241.1626124714447,241.89132690429688,37830
2020-05-27,243.66760931433964,244.10029567566067,238.04277001318854,241.0487518310547,40508
2020-05-28,242.0735106427275,264.27686651071053,242.0735106427275,253.02716064453125,741014
2020-05-29,252.9360605602637,255.39552029244635,249.58848884576122,253.30044555664062,88346
2020-06-01,255.0539174688072,261.8857188295788,254.14301062070433,255.46383666992188,153704
2020-06-02,252.84500051336923,260.9292994627374,252.84500051336923,257.42230224609375,68016
2020-06-03,259.6084212848595,274.50175206567184,255.39547760611399,266.12139892578125,531210
2020-06-04,268.4214864128667,277.3711580507213,266.89572843632624,272.6116638183594,291022
2020-06-05,275.549351485724,289.6684091651578,273.3176183459568,287.4366760253906,483066
2020-06-08,289.53173017443004,308.79740331723144,288.5297271408055,300.62200927734375,340154
2020-06-09,301.51018985498354,301.965643313979,295.8625558439708,298.6408386230469,98346
2020-06-10,296.9556868936523,301.4874548530682,296.9556868936523,298.5497741699219,45426
2020-06-11,299.6884037991311,307.4311133197773,296.97844990716976,301.7607116699219,95178
2020-06-12,282.381174653473,300.576547838057,281.92572114596743,298.5497741699219,99036
2020-06-15,302.2844410065644,306.3835217946034,298.32199068505923,299.893310546875,62570
2020-06-16,305.15378556221305,339.76824482001626,296.5229378585925,324.71551513671875,359880
2020-06-17,331.57015703950447,336.5573785602048,318.81745869183123,322.59771728515625,604286
2020-06-18,323.7590443048717,331.5245471585435,320.3203766305144,324.76104736328125,146782
2020-06-19,325.42147534573587,328.70074559754755,321.09466776591154,322.4837951660156,94130
2020-06-22,323.82737470304386,328.83736221603044,321.6412038934746,324.6699523925781,127548
2020-06-23,325.6492258194577,326.76509236276945,322.0055981179812,324.3283996582031,54506
2020-06-24,324.2828372448889,325.6491975141792,316.54012905224414,318.2025451660156,75572
2020-06-25,318.72630420159106,372.51537087052304,314.7183195842752,360.7874450683594,2157398
2020-06-26,362.0855406412814,362.5182270357452,343.4119467214166,346.94171142578125,619028
2020-06-29,348.42190698033795,370.73912716600665,339.1534399206574,346.82781982421875,707984
2020-06-30,359.80823903046945,363.6340592738071,346.6456227110246,351.67840576171875,379848
2020-07-01,348.4218568193739,354.3199840076188,346.6455774102385,347.82977294921875,104426
2020-07-02,348.87732578942047,359.3072204083376,343.73070761361885,353.113037109375,191480
2020-07-03,370.7163256468733,393.9672177349657,366.6855461041394,388.228515625,4471666
2020-07-06,389.8681574114491,452.9939951438805,375.74910030893165,434.4570617675781,7927122
2020-07-07,434.9580533929487,468.20615590361393,421.81823221881945,446.3671569824219,6588018
2020-07-08,448.1889513883012,462.2852408945237,427.2153260680426,430.5401306152344,2465972
2020-07-09,440.42349456128403,440.42349456128403,410.4091005135949,423.5033874511719,2042622
2020-07-10,414.4626273665209,444.2948274681771,414.3942982315523,429.2193298339844,2729028
2020-07-13,432.6807901383472,439.51259208790003,420.79346586559456,423.343994140625,656118
2020-07-14,428.58168792144005,432.20254833662125,409.90809684303514,412.1170349121094,797222
2020-07-15,414.4398973875151,415.829024934077,389.43549035470386,395.2652893066406,658348
2020-07-16,395.4701707279256,399.70588167110014,375.74904461282847,383.9244384765625,552154
2020-07-17,387.3859288486207,430.40351303967515,378.937272856095,426.8737487792969,3113956
2020-07-20,429.94806499259107,434.502599579377,416.73991469091186,420.56573486328125,1473602
2020-07-21,420.8389468203757,428.1262013107718,415.21410838006915,416.785400390625,817492
2020-07-22,416.78546077322096,426.0767227140334,408.9744504138943,413.80224609375,816438
2020-07-23,416.3072443278122,433.9560665291605,413.82501732298454,424.3232421875,1441024
2020-07-24,421.27162251331,426.4637745278442,412.64077513372615,414.3259582519531,532962
2020-07-27,415.37351678744386,417.83297636157454,402.1881347902136,405.5812683105469,870654
2020-07-28,406.7426741877223,416.739882390597,401.2544659957552,411.41107177734375,509838
2020-07-29,415.12306842114384,423.52619045440207,411.41111154236734,414.0755310058594,658512
2020-07-30,415.41905702167924,415.8289762228569,398.7950070412474,400.75347900390625,316120
2020-07-31,402.98522126724663,402.98522126724663,394.26330407016604,397.3603820800781,231530
2020-08-03,392.395883168415,412.16257245026685,391.73547015855524,407.22088623046875,430306
2020-08-04,411.8665853172243,436.1878127950152,409.90814087057765,432.77191162109375,2418416
2020-08-05,434.9580355632695,448.6216387746811,426.7826407487072,439.6492004394531,1543220
2020-08-06,439.9680354200108,449.53255792914143,432.84017776397525,440.6284484863281,750654
2020-08-07,439.96804713666404,444.54534889962446,429.03716397798917,432.4302978515625,486796
2020-08-10,470.48338554236835,487.33516217844544,458.41386984355637,469.7091369628906,2503216
2020-08-11,470.02795010634367,475.49339138665,455.9088934655523,464.1753845214844,559536
2020-08-12,478.22611784768856,513.2277040202148,473.67158339199625,500.5661315917969,4036338
2020-08-13,510.1078635843016,600.6747709235276,505.5761239994326,587.0567016601562,8426730
2020-08-14,601.6995301826391,648.1102469706302,547.6372289392058,589.174560546875,12758130
2020-08-17,605.7759030239648,616.6839912656858,561.1186685667097,569.4990234375,3838576
2020-08-18,569.4989085563061,597.5548252056404,567.0394492233402,581.38623046875,4318078
2020-08-19,596.5075133025575,600.7432537063756,569.7040820561308,575.2378540039062,2998742
2020-08-20,571.5940381094953,571.5940381094953,546.544100184378,549.4362182617188,1672732
2020-08-21,553.375947442962,572.5049925397557,546.5441456226785,551.7818603515625,2370202
2020-08-24,557.2018403385142,557.9305548416941,542.6500672028029,545.1778564453125,702138
2020-08-25,549.4590101251719,550.6203829732202,528.4853581579426,534.2240600585938,838774
2020-08-26,532.8805448258554,550.643229653384,523.316022226417,536.3419799804688,1305902
2020-08-27,474.17257904400407,485.46784692318244,459.324807587996,460.3723449707031,11662338
2020-08-28,447.0731294613003,470.9389031790101,447.0731294613003,460.2812805175781,16565194
2020-08-31,447.25526982197624,449.9424561878294,419.4726104949492,421.8182067871094,9651410
2020-09-01,421.7499135594711,421.7499135594711,396.69997268930814,406.33282470703125,6511002
2020-09-02,406.2416768013644,418.106232636153,403.64558679062156,407.3119812011719,2609886
2020-09-03,408.54176045151246,427.21535262376665,406.35558936669054,421.5677185058594,4411752
2020-09-04,414.46263737265025,422.18257887025993,412.20813724698763,414.9180908203125,1894078
2020-09-07,416.30714448261585,420.81614393468965,404.5564531755558,406.28717041015625,1716244
2020-09-08,407.63081520917194,414.9180700062074,394.0127466877435,396.10784912109375,1851788
2020-09-09,393.9672166949293,394.8325893308375,380.32638091552667,382.0570983886719,2266656
2020-09-10,385.5186027370936,400.2752787728119,385.5186027370936,393.7395324707031,2117476
2020-09-11,394.87818565813825,398.5218136688246,387.1582432507613,388.2513427734375,1803916
2020-09-14,388.29682889361345,393.8305993686722,378.48181271565545,379.8937072753906,1705960
2020-09-15,383.0363632609653,391.68997907780044,374.49661081014114,383.71954345703125,2627204
2020-09-16,385.7007689796789,387.5909120438986,381.67001679528437,382.9680480957031,943060
2020-09-17,382.67196708993697,384.85813793504093,377.1381969457223,378.0263366699219,798390
2020-09-18,380.3947452414298,387.06712192469774,378.57293135406536,383.4462890625,1445736
2020-09-21,383.87887569231856,387.04428228822945,361.1745354947456,363.99835205078125,1439460
2020-09-22,359.9448385282279,363.45183548297325,343.98120143924257,353.113037109375,2292796
2020-09-23,353.43186924955415,358.4418570868545,345.68916077372626,351.15460205078125,1256208
2020-09-24,345.2337274981354,370.6024911339204,338.9712423357352,354.7527160644531,2706724
2020-09-25,357.0755591689201,362.54100140109745,347.14667800686664,349.65167236328125,1429186
2020-09-28,353.0219460815699,356.5289430881472,349.7882378149885,354.4338684082031,711684
2020-09-29,357.53099236912493,363.7479436743766,355.3675882751716,356.711181640625,1124204
2020-09-30,357.98641833335324,369.37275479433777,348.42189570612624,367.1410217285156,2451386
2020-10-01,370.28366226219885,374.35997628103144,362.4270900924289,364.06671142578125,1311938
2020-10-05,366.6400546720898,375.49863049688327,360.33203503726344,373.7906799316406,1329478
2020-10-06,375.7490878164648,377.43427110337603,370.92129247429165,374.1094665527344,773692
2020-10-07,372.56095942396627,373.7679223068514,367.5509709720547,368.7123718261719,652562
2020-10-08,371.05794801245287,373.6084763280333,361.69838475249526,363.61126708984375,587478
2020-10-09,363.90735004960345,366.8450307129931,355.7091869696374,357.8270568847656,728078
2020-10-12,359.2617187264623,361.151861889274,349.3328378898497,350.2209777832031,657670
2020-10-13,350.2209464188444,351.08629132053943,342.95645811419416,344.11785888671875,560898
2020-10-14,345.2336971681562,358.44184653210937,343.86733688912653,350.1981506347656,973148
2020-10-15,351.35954689741527,352.5437146715603,337.55931381234836,339.6543884277344,624040
2020-10-16,341.134634650332,345.2564828203511,337.0355535931183,338.5841064453125,568224
2020-10-19,341.08908700383626,342.04552809341715,337.0355403317293,337.6959533691406,453474
2020-10-20,337.7187232777143,339.9048942139112,326.10466064307946,326.81060791015625,1051072
2020-10-21,330.65918309411336,330.65918309411336,315.62922022619915,318.2480773925781,1693360
2020-10-22,318.8174256735342,333.8473900267151,318.3619722082863,330.4087219238281,1948058
2020-10-23,333.27804966856365,333.27804966856365,326.10465809728953,326.9927978515625,600730
2020-10-26,329.2928566079951,329.31562372160806,316.88174963348905,319.6372375488281,655868
2020-10-27,321.09473943026074,322.8254572887309,314.28570358047926,318.9996643066406,727400
2020-10-28,319.7283393737467,324.92052010697796,316.0391773465961,319.3867492675781,582698
2020-10-29,317.86095538915663,322.21053002397116,314.71831564744895,316.6312255859375,601170
2020-10-30,316.63120578045886,320.6619572069541,311.71231467393284,312.9420166015625,569552
2020-11-02,314.71834783048257,315.62925477065767,305.19935918618376,307.4083251953125,514874
2020-11-03,309.70835059630525,310.6875866478068,305.24491227979894,306.36077880859375,522936
2020-11-04,305.15376998511107,307.4310369252985,299.6883293286613,301.0091552734375,506958
2020-11-05,304.242926537697,325.64924023121756,302.69437357656824,319.1362609863281,2559808
2020-11-06,320.5481389054059,327.47103704239277,317.4510609437382,319.8877258300781,721290
2020-11-09,322.46105326672296,329.74830870777885,318.0887111215588,327.2888488769531,1157466
2020-11-10,327.92650187914666,335.05435987973937,321.84620910960706,331.5018005371094,937784
2020-11-11,332.7998581523374,334.4167124211283,326.5601400149118,333.09588623046875,753234
2020-11-12,332.5493566232153,346.0535351014257,329.29285324824815,344.140625,1400692
2020-11-13,345.68922142449975,349.7883031014701,338.15147123380626,346.53179931640625,1365782
2020-11-14,354.6160503536463,358.1686095557111,350.7674908825309,353.5457458496094,641492
2020-11-17,354.7982417317951,358.44186937474035,347.12386212831075,355.0715026855469,913542
2020-11-18,354.3428014822903,354.50219907814056,348.7634964460974,349.9021301269531,492218
2020-11-19,348.4219124842968,359.80824949358754,346.7139619329032,352.6348571777344,1060630
2020-11-20,353.8417780208198,357.07548622816256,349.87932765217613,351.7011413574219,440024
2020-11-23,352.9764370235618,354.9804433983908,333.8473914042204,351.67840576171875,511056
2020-11-24,352.38436149806125,363.38354631286035,352.38436149806125,360.35479736328125,1446888
2020-11-25,362.08548445837727,372.56091356849385,360.26367070009616,367.9836120605469,2678506
2020-11-26,370.7390779534304,373.0163450170264,365.8657208776009,369.0994567871094,787892
2020-11-27,369.37270426531717,376.1134089683783,366.6855181086542,372.7886047363281,1237092
2020-12-01,376.113458392856,380.2125394967229,372.5609269959059,377.9352722167969,832030
2020-12-02,378.9373504286793,380.2809439496705,373.517442109567,377.2521667480469,734356
2020-12-03,380.30362631767935,388.5928845708051,378.02635909422014,386.087890625,1242642
2020-12-04,388.5017736519644,391.39389179707973,380.62243491606085,383.787841796875,905708
2020-12-07,385.7235060593942,397.15537559052495,383.9472266316657,395.0375061035156,1251354
2020-12-08,397.0187815005595,397.72472879468324,389.09388027971335,393.2840576171875,1035344
2020-12-09,400.2980407762782,407.4031033428331,397.8385810731858,399.910888671875,2047528
2020-12-10,402.16537079930845,402.5297279764253,386.5205569052362,394.7414855957031,735732
2020-12-11,396.6999580276441,399.54654211222817,388.0463424105083,390.2325134277344,565486
2020-12-14,392.6008518987899,400.25246387026186,392.0543022296839,397.6791687011719,637800
2020-12-15,400.7990285923561,402.96243243987163,394.6276400186514,396.9049072265625,662490
2020-12-16,398.2940164184954,403.0762773360417,395.4701996503054,400.82177734375,773012
2020-12-17,403.11540548361046,405.7565120722299,399.8719481981101,401.4010009765625,497572
2020-12-18,403.1154275297953,407.2855871249311,396.6748363983592,400.2426452636719,476678
2020-12-21,398.5281706498703,403.90305904110255,364.42554948637496,370.19427490234375,944604
2020-12-22,369.8467705582601,375.5228202576474,352.61010785581726,367.8311767578125,859706
2020-12-23,369.5455558373281,374.2949032203236,367.8311516136681,372.9512023925781,367900
2020-12-24,376.07881707603195,382.9364056111121,374.82776383095353,380.9903259277344,669886
2020-12-28,382.2645813099727,384.58133634821496,379.0674480449179,380.6428527832031,254090
2020-12-29,381.8012457944821,391.531617349924,379.0211396357844,387.5004577636719,809464
2020-12-30,389.2148993498274,389.2148993498274,381.33793114869997,385.0679016113281,386952
2020-12-31,389.6782467457533,395.9334861406019,389.19173378229493,392.11083984375,887524
2021-01-01,393.38501323318854,399.87192746789367,392.7363104974374,396.9991455078125,525246
2021-01-04,399.38546058275637,412.84580351483766,396.9991912591372,410.9460754394531,1478680
2021-01-05,407.65616569002157,429.50317459149323,400.5669017148856,427.0010681152344,2985300
2021-01-06,432.7698347931307,445.0254744217316,430.916430789734,437.3106689453125,3301122
2021-01-07,444.81695618954865,446.6471982800103,428.83134682648677,431.1481018066406,1012478
2021-01-08,431.88943768239596,435.7584353386233,421.6493923239512,422.8077697753906,710614
2021-01-11,433.69660751554886,433.69660751554886,419.1010486087756,420.6996154785156,898772
2021-01-12,422.5760941750282,423.89663315704536,415.6258294682021,417.7572326660156,584460
2021-01-13,420.9312129187807,435.5499310109332,417.0390532868285,427.0242614746094,1612754
2021-01-14,465.66778206134273,485.59187621919125,455.6130591208927,467.63702392578125,15085380
2021-01-15,472.1546792211482,472.1546792211482,440.18345952903906,448.10675048828125,3572058
2021-01-18,449.45050680223466,451.62826233669534,436.12916446144675,445.4888610839844,1678884
2021-01-19,453.6206648934397,458.4626888827125,447.59710141681586,449.52001953125,729042
2021-01-20,450.8405545318187,454.5473627910731,441.01750698865396,449.4736633300781,766022
2021-01-21,451.53560137400314,453.4816814537158,447.59711742153615,448.80181884765625,688496
2021-01-22,449.4504975266598,451.76725266854976,437.17169527464273,439.25677490234375,681374
2021-01-25,446.6704100353533,448.73232785400165,431.4725013251459,437.0095520019531,699818
2021-01-27,438.33003303474896,438.4690326744974,422.5760995007305,424.4063415527344,497518
2021-01-28,422.1359450936148,430.6616152542525,417.8036243280622,428.0436706542969,467670
2021-01-29,432.72354437914777,436.7083519814988,427.20965573150335,428.73870849609375,654836
2021-02-01,435.54997845976004,438.7934357461625,419.79604306866236,421.18609619140625,1699902
2021-02-02,424.42953888698514,436.01331451162997,423.9661878619994,433.11737060546875,1003592
2021-02-03,452.6939321679058,453.11095938494685,440.27613088228566,446.9947204589844,1851870
2021-02-04,450.5624865209466,453.62059155623746,447.1336780916947,452.3927001953125,1116136
2021-02-05,454.084027526564,472.15471841792726,449.4505170415991,469.5367736816406,2996074
2021-02-08,473.0814042498923,493.37620210084543,472.641215112814,479.4292907714844,3461870
2021-02-09,482.7191276857703,483.6689633643768,467.52119121401324,470.7646484375,1166948
2021-02-10,471.2975204867479,474.4714637906443,459.6442305471867,467.8223876953125,1133612
2021-02-11,467.822351930192,470.02326919650716,458.8101692572456,460.6404113769531,754380
2021-02-12,462.42431771435855,486.0552197218057,462.37799392466394,475.62982177734375,2880490
2021-02-15,482.95075894525814,485.1748097578562,475.44443897906444,480.19378662109375,1464310
2021-02-16,477.25156116595304,479.54512614116913,466.1079745443837,471.25115966796875,779356
2021-02-17,474.8884797002497,488.14030778293017,467.49802515076544,481.8387451171875,1494320
2021-02-18,482.3484230773912,498.009710543467,474.72632124506265,487.9781494140625,1457096
2021-02-19,492.8664208771899,501.80911752598945,486.7502104903527,491.7775573730469,1568192
2021-02-22,493.93216987644274,505.9792959709901,481.8850437818953,488.0244445800781,2263152
2021-02-23,492.58846794003057,495.7856013545042,468.44789062561097,477.3442077636719,1011812
2021-02-24,479.9853442917076,495.7392793446089,479.9853442917076,493.09814453125,557096
2021-02-25,497.6389013704785,509.68602561222195,491.15198831723205,508.0411071777344,1571312
2021-02-26,500.4191434270241,516.6364304825295,496.1563363112832,503.685791015625,1658512
2021-03-01,511.3774786229728,511.51645002313484,500.4192132429164,502.851806640625,638750
2021-03-02,505.05258829444153,518.8604706723729,505.05258829444153,512.79052734375,909198
2021-03-03,516.6131554891522,520.7369905470816,512.1649973679224,515.5242919921875,647408
2021-03-04,509.6861448143426,518.0264635476682,503.24555403577097,508.43511962890625,777700
2021-03-05,514.4012364880718,520.6492379150484,492.2514366168056,495.1640625,763776
2021-03-08,502.680408456283,508.3411362989845,496.6672936676534,500.42547607421875,366926
2021-03-09,500.73081081740145,511.55903884100604,495.1405033428557,500.5193786621094,554256
2021-03-10,500.3079717914469,507.33105136814356,497.95910807411616,501.41192626953125,411122
2021-03-12,503.00919755232485,508.7639140314432,496.7142309142682,498.5463562011719,682402
2021-03-15,498.52282932123506,500.3079887450211,475.1046687349545,477.28912353515625,852324
2021-03-16,479.4030998128157,507.3545789297804,479.4030998128157,503.3145446777344,1073246
2021-03-17,495.6102044965004,502.6098292802505,486.6845230885065,491.40576171875,775522
2021-03-18,493.261387910533,495.7981722317056,481.5170691507584,484.2652282714844,466588
2021-03-19,479.16822519555734,494.99954459967915,461.5517463280736,484.8290100097656,3967772
2021-03-22,484.8290245303636,496.0565481885898,476.819375627269,487.2718200683594,426740
2021-03-23,485.7450457736757,495.4928307831571,475.45701060786,479.5910339355469,665362
2021-03-24,479.02732054444226,482.85595158611784,469.3030180397187,471.0177001953125,346930
2021-03-25,470.6888323664908,473.9772417546077,457.0889049482479,461.669189453125,497106
2021-03-26,468.12856666363024,472.1216352202191,460.4947591289749,463.6422424316406,308640
2021-03-30,468.17553056272305,472.1216332951472,466.10854758074487,469.8667297363281,273476
2021-03-31,469.7727678858709,472.1216317253003,462.8436195595543,467.4004211425781,289982
2021-04-01,477.758928612472,494.20097630316667,475.05773506328643,486.52020263671875,1961258
2021-04-05,488.5637077241975,489.0334805200862,466.1085738152512,469.725830078125,579288
2021-04-06,476.77238007734877,478.2286641474397,467.98762383244764,469.89019775390625,322770
2021-04-07,472.12165712841943,479.2387264138952,470.85326485234924,472.5444641113281,416420
2021-04-08,477.2891458968317,479.16823702240976,472.68537837369644,474.6349182128906,287444
2021-04-09,474.0007127224791,479.16821305939413,468.3634396276627,469.9841613769531,317132
2021-04-12,466.4843352453092,466.4843352453092,445.3680446474587,449.76043701171875,435726
2021-04-13,447.6934553600606,457.88753032996755,446.9418303878045,456.0788879394531,224272
2021-04-15,455.6795811136441,458.56869508151897,444.5459608714912,455.2098083496094,255634
2021-04-16,455.2098026067992,461.31684846220514,448.1632112351769,453.0958251953125,201178
2021-04-19,445.34458071503315,445.34458071503315,436.41889819015375,441.68035888671875,411194
2021-04-20,444.45202779873904,449.99536969190024,442.9017833170312,446.9183349609375,250198
2021-04-22,439.2375394649092,447.5525232192571,439.2375394649092,445.72039794921875,149016
2021-04-23,443.9352490554652,452.9314086932166,442.4319705199002,449.5020446777344,208250
2021-04-26,449.5020529845248,453.3307124394741,446.7538938134092,448.30413818359375,137044
2021-04-27,447.2706299718822,450.18322679656507,445.8143458958676,446.28411865234375,322674
2021-04-28,448.49209042553275,457.98150656203126,446.9888117560365,454.62261962890625,443340
2021-04-29,452.5086294432286,457.981493788505,443.4655034460501,444.5694580078125,327116
2021-04-30,443.935285773966,450.9349118017923,442.1266720046898,449.69000244140625,205378
2021-05-03,448.9619010209302,449.5491170605954,442.52600749166834,447.59954833984375,274984
2021-05-04,449.94833538966935,459.4142677959332,445.34456816218585,448.0692443847656,447218
2021-05-05,460.28332514823717,460.28332514823717,452.9078873920089,454.951416015625,431836
2021-05-06,456.6191283808609,457.5821568162691,449.1497299351987,449.9718322753906,219222
2021-05-07,452.22677366257307,453.33072821559057,447.2236821360023,451.1932678222656,200884
2021-05-10,449.8074598535748,458.73314313004266,449.8074598535748,454.9984436035156,293348
2021-05-11,453.3072403318181,473.4839865461184,451.7334843480805,469.9136962890625,1071592
2021-05-12,472.12163731216845,485.8624909354331,468.0346084486665,473.3665466308594,983626
2021-05-14,473.10809000516906,477.1716354606778,459.95445397967165,461.9040222167969,351682
2021-05-17,463.3603676513519,471.65186864388454,463.3603676513519,470.641845703125,183924
2021-05-18,476.8193541632758,479.6379907396105,467.423898908827,473.53094482421875,386026
2021-05-19,470.7123317901769,480.08430460975194,470.7123317901769,476.7019348144531,436916
2021-05-20,479.0742643200329,485.46319118507097,465.6387745892903,474.70538330078125,537066
2021-05-21,474.7288440709533,484.12432769003124,474.7288440709533,481.7049865722656,401596
2021-05-24,481.9868786594027,484.80551537670914,475.41005965235433,476.7019348144531,507370
2021-05-25,476.81937343934914,486.19131749641224,476.81937343934914,482.38616943359375,382932
2021-05-26,482.45664432875117,491.38232713522274,477.970320021082,486.5906677246094,306608
2021-05-27,486.5906816749936,488.4227496904935,481.1647829805349,485.62762451171875,155340
2021-05-28,484.8054758442555,488.5636578275443,481.7049871771035,483.7249755859375,193086
2021-05-31,483.8659945333599,484.31225576494967,474.51750414078856,479.4266357421875,239702
2021-06-01,492.79167378556184,502.5864253273943,481.6110580580215,484.6645812988281,1068104
2021-06-02,486.1209286537774,491.8521340203783,483.70158720362105,487.17791748046875,297788
2021-06-03,493.26139948363016,494.67071776786906,488.5636718695003,492.8385925292969,358806
2021-06-04,496.1270614973796,511.0658600441911,485.0639460434192,499.110107421875,1092906
2021-06-07,502.14012839119175,504.8647760666598,495.1405026063476,500.472412109375,439184
2021-06-08,502.63338003342784,506.88484677443364,491.8756288836028,502.703857421875,372976
2021-06-09,502.6333641359059,511.582558552847,489.1978740672164,492.0634765625,617068
2021-06-10,497.95912826225504,498.56985579164325,487.1543547244891,488.93951416015625,257872
2021-06-11,493.7311656443793,498.87515437495864,489.97298360331837,491.6641540527344,341256
2021-06-14,494.6707913797635,497.01965553636256,482.9734364108369,494.154052734375,309452
2021-06-15,494.1540276438477,497.3249940942515,488.89253779302663,489.5032653808594,221610
2021-06-16,489.9729945282012,493.0030059282437,482.69151666129125,483.79547119140625,177230
2021-06-17,483.16131340874716,495.46933754044204,481.5406202250824,482.6210632324219,351492
2021-06-18,483.3961610931793,487.48316109141297,467.6118081183817,477.5005187988281,255810
2021-06-21,473.1551405598024,481.4231585307946,468.9037027179148,473.3195495605469,326544
2021-06-22,476.37303677338804,480.0372583763279,469.3029628375431,470.2659912109375,356600
2021-06-23,472.12165406435014,491.852111249129,465.6387952953111,479.70849609375,1113756
2021-06-24,483.39615609669164,488.09388356118814,475.95026953452583,478.7923889160156,246742
2021-06-25,480.10776642640275,488.09390344132333,478.510527554357,487.15435791015625,300288
2021-06-28,489.03344050046604,493.2144295107899,482.45662189623306,489.83203125,509822
2021-06-29,497.01960805100964,501.2475631289483,482.92642445788084,486.8255615234375,697060
2021-06-30,488.07041049660984,490.41927441419364,477.9938072282996,480.0138244628906,291170
2021-07-01,481.7520081544775,483.3257355711463,474.4705297279593,476.232177734375,477700
2021-07-02,476.3731076786233,504.3246182782881,476.3731076786233,501.5059814453125,1634066
2021-07-05,505.522546524246,513.7905371188217,495.6808283695753,498.96923828125,800318
2021-07-06,500.30800890587005,536.950285614469,499.36846334923933,517.055419921875,4975560
2021-07-07,521.4477990264572,529.9037092809403,512.0523431881427,516.5386962890625,1967718
2021-07-08,518.8639912174934,543.5270600621457,517.6895593677481,538.8528442382812,2454964
2021-07-09,540.7083961300694,542.5874869941184,521.7295669341152,525.4642944335938,1019836
2021-07-12,528.4474327927418,530.7493309757219,518.7935788401252,522.1524658203125,705288
2021-07-13,523.5616338763307,527.9775083857106,512.0522036116648,515.0822143554688,569030
2021-07-14,518.4881427377829,532.9571658596665,515.5755747298227,519.8974609375,900610
2021-07-15,523.2328930911245,525.4172904239055,512.0522791046624,514.5655517578125,373744
2021-07-16,519.0988384210445,525.2058835789392,503.5963391740812,504.8882141113281,680236
2021-07-19,504.9117882107035,512.5220840271539,501.7173104867099,508.3410949707031,390422
2021-07-20,508.34112785690587,511.5590600200244,495.1170122643559,501.130126953125,288832
2021-07-22,505.00575901096704,541.6480373392046,503.9957360238826,520.179443359375,3077192
2021-07-23,526.145548575472,540.238732912315,515.8105467284538,518.1829223632812,1237734
2021-07-26,519.3338061576208,529.574875657695,515.6695555505421,519.0284423828125,994962
2021-07-27,521.9175932163481,526.1455485169306,510.17327293695234,516.7970581054688,474812
2021-07-28,520.9780096254344,521.0954528196693,508.7874290019893,514.589111328125,394264
2021-07-29,520.0149889021063,525.9576264155062,514.4012267627751,516.703125,512508
2021-07-30,517.1728202475826,528.4943317974719,517.1728202475826,524.4307861328125,409294
2021-08-02,526.1690603036482,527.9071967675603,514.4012284409154,515.810546875,374252
2021-08-03,517.6896017035388,521.3773065442525,515.5756242011196,517.055419921875,266478
2021-08-04,520.5081955441083,525.1354455607056,505.9687521897302,507.0961608886719,369028
2021-08-05,508.29413191444206,513.8609277126504,502.7273361162337,506.9083251953125,347968
2021-08-06,511.7938942719207,511.7938942719207,503.17357586737194,507.23712158203125,222682
2021-08-09,512.1933241148863,520.9780528341075,507.82441398888204,510.1263122558594,630462
2021-08-10,517.6896608386976,539.7689839416184,512.0523868549731,518.9345703125,2274418
2021-08-11,523.7966194224329,528.001062622275,503.1266182972427,514.2367553710938,561760
2021-08-12,508.3410923737053,523.303343317907,505.0057172451477,518.864013671875,582148
2021-08-13,522.3872748237297,539.627911045708,509.7738885148974,511.5589904785156,1570668
2021-08-16,503.12664808907834,509.23369423768526,497.5363405301377,502.14013671875,530890
2021-08-17,504.65347197154017,511.30076910818315,497.65384520587355,501.2006530761719,455472
2021-08-18,516.2802974171747,530.843253941226,508.90488753505383,526.2160034179688,1710306
2021-08-20,522.3404247829955,551.983079093327,520.5082992641755,529.1990966796875,3341314
2021-08-23,535.5408924846173,543.9498355111116,517.5016088476541,522.5046997070312,1190970
2021-08-24,528.0010704382997,549.1643562053812,526.1454909752155,544.9364013671875,1404384
2021-08-25,549.845458206184,591.9136282983677,549.6340834199128,586.393798828125,6043016
2021-08-26,590.4808768865039,615.8721187557877,587.6857517646762,605.8189697265625,5374274
2021-08-27,607.627543805768,657.2120807721235,594.3564635471458,648.944091796875,8430452
2021-08-30,653.4538821055091,684.4588829818309,634.1931997429456,657.6583251953125,6787604
2021-08-31,652.9607161701731,665.7855372504315,641.7096799323264,646.3134765625,2507708
2021-09-01,640.7701478182023,649.2965362542014,629.2842249248371,634.1463623046875,1328524
2021-09-02,634.663009496599,671.7280923566908,634.663009496599,648.2159423828125,3944170
2021-09-03,671.7750023327767,671.7750023327767,650.870115896547,655.12158203125,4806414
2021-09-06,662.3797280329268,668.9095822109678,635.8610732068995,639.4313354492188,1917914
2021-09-07,638.8910115265467,654.7223320358073,629.5894870970792,649.2260131835938,2031434
2021-09-08,649.2260020884781,654.135104853555,634.8744202764004,642.6256713867188,1335442
2021-09-09,642.625722325398,651.5044403155189,618.2210466514115,645.6088256835938,1826452
2021-09-13,645.4913056888438,663.6479776018434,639.3842596019042,660.148193359375,1949648
2021-09-14,663.460029825382,677.2948133751388,643.5651094241274,662.3560180664062,4616986
2021-09-15,664.2587967968083,669.426298044874,655.3566244030402,659.1148071289062,1476220
2021-09-16,658.6213696665471,698.5285402756247,657.6818242033994,672.6910400390625,5121110
2021-09-17,678.3519126923347,696.0153582296657,664.7285017033613,672.0569458007812,4214790
2021-09-20,668.9329474682439,680.7007789029307,641.8035685989241,646.9710693359375,2391458
2021-09-21,652.4438977252644,669.5201263823601,629.4955094649508,638.5386352539062,3610208
2021-09-22,636.5891524277763,645.8437116145158,629.5191057216554,637.4112548828125,1233098
2021-09-23,643.7296239991446,652.7257263096603,636.7064869605206,638.7734985351562,1318724
2021-09-24,642.0853757476174,646.5951823843303,623.2239895965981,630.1531372070312,1244282
2021-09-27,634.5690788479777,637.9514198442271,626.0191800511276,627.8748168945312,959318
2021-09-28,629.4955801861731,641.8975941305458,627.5225572759545,632.5960693359375,949512
2021-09-29,633.723547648533,645.3739367702649,623.4120569685088,629.1197509765625,2481174
2021-09-30,645.8907026622102,647.7932482967183,630.4586760152692,636.2838134765625,1750880
2021-10-01,635.7435155914615,642.390754442211,623.2240597425789,628.5559692382812,1330144
2021-10-04,629.519137833092,639.9715838660109,627.6165348305453,632.1263427734375,859422
2021-10-05,632.1261703491211,662.8493181818181,629.4954545454545,645.9375,2481466
2021-10-06,644.058450462012,651.9506557252712,629.4954949811058,632.7369384765625,1187436
2021-10-07,639.0319197127743,652.9136706100741,635.6025555657594,637.5521240234375,1441760
2021-10-08,641.7096733349186,644.9980830811444,632.079330506686,634.9684448242188,906940
2021-10-11,640.3003210874848,655.1216757426383,634.7569791553524,641.1459350585938,1121032
2021-10-12,641.1459931451924,659.0677810639265,637.4817420654953,656.1552124023438,1573200
2021-10-13,657.6818518520788,671.1643068769238,651.574806084881,655.1685791015625,1867518
2021-10-14,657.6818773674242,688.9217665423769,655.1686045194033,678.2344360351562,4466704
2021-10-18,692.9149363958766,735.6642646752153,685.8683438223592,695.4517211914062,7684378
2021-10-19,706.0684210458925,715.4638757504287,660.1246246025888,671.7985229492188,3102698
2021-10-20,668.9564262065969,684.952212004506,648.4273790427344,662.3326416015625,2088236
2021-10-21,667.0773120853432,671.2583010738128,638.8909467859626,644.1994018554688,1424668
2021-10-22,650.1655566453057,656.1786714367978,608.3792889305406,623.458984375,2039040
2021-10-25,622.4489319297838,629.2136714137808,603.2821796160107,621.5328979492188,1261996
2021-10-26,619.1605945540002,627.1467327235131,616.9996509889601,622.4020385742188,1327718
2021-10-27,622.9187212451005,635.3912117918657,615.4023565845262,618.7377319335938,1012222
2021-10-28,618.7375898699265,619.1134309547858,591.9135811154222,595.06103515625,1696902
2021-10-29,587.2159279618844,622.3079288787645,579.6525982787965,613.8050537109375,2039752
2021-11-01,619.9357292335774,631.3511746442769,612.6777045718036,624.2811279296875,1588772
2021-11-02,624.3279930931878,638.8674369618626,621.6972771270936,625.9252319335938,1884282
2021-11-03,631.0927405877761,639.3607297384029,618.3853644245069,621.8616943359375,1889084
2021-11-04,625.2205939032336,631.8443785212722,622.4489230785767,629.54248046875,147072
2021-11-08,634.6395445832204,645.0919894385814,630.0827713372106,634.7100219726562,2097112
2021-11-09,636.4481463545078,653.4538970122466,635.1562712885238,643.118896484375,1575872
2021-11-10,642.1792870948269,652.74917294679,641.7095143902952,645.8905029296875,1127294
2021-11-11,646.360346599112,664.5170750917772,638.9379141144706,655.3565063476562,3241430
2021-11-12,664.7285024161247,668.2517983653267,647.3469090667278,665.738525390625,2760032
2021-11-15,669.4262630952054,676.4728553383129,661.4401252196838,668.2518310546875,1337682
2021-11-16,666.607576702795,683.9891696118883,664.070792214568,671.4932250976562,1975778
2021-11-17,669.4026288096213,671.6810724268214,655.7087996036183,660.5474243164062,1754686
2021-11-18,662.3795506284337,666.2786872333751,641.8739594537478,649.9775390625,788220
2021-11-22,656.2725723454893,663.6010162297483,631.1397286658301,639.9949340820312,1234350
2021-11-23,640.7780875274378,672.1050162510014,635.5569327401772,667.1686401367188,1983442
2021-11-24,673.8612334599702,673.8612334599702,647.992783444702,653.0952758789062,932532
2021-11-25,647.8978390518489,653.7360625360792,640.7780825787517,641.9884643554688,1427478
2021-11-26,634.25160257034,639.8287448193214,605.179265315011,610.3529663085938,1030994
2021-11-29,609.9258369971662,624.8535706874587,586.2645233134765,616.3336181640625,1637856
2021-11-30,612.2990861217557,622.2667456632728,602.8535304918868,606.0811767578125,839842
2021-12-01,606.3185733732881,624.1416652684927,603.6130307004581,621.2937622070312,856464
2021-12-02,621.7920989159451,622.5040746017266,613.8179480588991,617.4490356445312,386902
2021-12-03,620.3681683464948,630.3358282816719,612.8449699359479,615.3843383789062,1091386
2021-12-06,616.4048691742089,624.9722757368611,603.4706433479893,606.81689453125,1073828
2021-12-07,612.2516216143191,622.6464779652938,607.5525706128398,610.5665893554688,1044366
2021-12-08,615.1470280491029,623.6907367720071,611.705812035711,613.2246704101562,896780
2021-12-09,616.3098327828212,620.7715584500729,610.8038993371757,613.438232421875,1161010
2021-12-10,613.4383313222058,627.2981030516949,613.4383313222058,619.4663696289062,1415600
2021-12-13,624.5926242446654,629.3628271557292,617.0456694684045,622.504150390625,1064868
2021-12-14,620.8427929452914,620.8427929452914,608.0272307055951,611.159912109375,770360
2021-12-15,610.8751295849543,621.2699860355013,609.285062164468,610.6615600585938,562268
2021-12-16,616.7133775815021,618.469561140605,605.1793480078829,607.9797973632812,1126552
2021-12-17,608.5019089813503,610.258092562648,588.2106011740549,592.2213745117188,2237874
2021-12-20,586.2881786715133,586.5730152775819,560.6570558575711,577.1986694335938,2019236
2021-12-21,579.0735318147587,584.9592088082344,572.072437885031,576.557861328125,427942
2021-12-22,579.4533411365754,598.0596171608415,576.8427634426195,591.1771850585938,554362
2021-12-23,594.6420965540577,595.5676417391065,586.2407489713049,589.753173828125,343290
2021-12-24,589.0412130807382,590.6312805125928,579.548204006109,583.938720703125,237280
2021-12-27,583.9387552838792,587.0002277154554,575.7984879321737,579.3109130859375,568392
2021-12-28,581.4468548457826,590.6787837729587,581.4230991448013,587.3087768554688,433522
2021-12-29,586.1933636620121,590.7974503055738,581.9215091899812,583.0369262695312,371732
2021-12-30,581.4468058838055,581.9452120365689,572.7606794032904,574.8966064453125,358446
2021-12-31,574.9203988194778,584.7693963637537,573.6151099883087,574.6356201171875,1138866
2022-01-03,576.2255822260394,591.2482788862218,575.3000371277477,585.576171875,1104054
2022-01-04,587.0002074433344,601.3346862643044,585.3626865138308,592.6485595703125,2104244
2022-01-05,595.6388435673958,607.0066983303058,588.6139939401584,602.6636352539062,1514570
2022-01-06,603.2806899009171,605.6539420248389,590.8923254021905,592.5298461914062,1531864
2022-01-07,592.6248384145251,604.2300186602632,592.6248384145251,596.4457397460938,942470
2022-01-10,596.4694794039602,617.0455641272903,596.4694794039602,615.265625,2852966
2022-01-11,614.9571509606573,619.7748649259806,603.2807607282568,607.6475219726562,2913574
2022-01-12,610.8751438576246,626.2063769380359,609.9970520921293,623.0261840820312,1692542
2022-01-13,624.1415765733063,630.3357880280356,617.425319160379,626.419921875,780012
2022-01-14,626.4674063653471,651.2204397713322,622.7176560933864,648.2064208984375,1760492
2022-01-17,652.1459954884012,672.7932911046277,644.9075757608737,663.0155029296875,2202348
2022-01-18,664.4868552956037,678.7501240864383,655.7770313753673,659.550537109375,1986732
2022-01-19,659.764146118902,684.4459702902566,650.8644499032694,679.7943725585938,1832218
2022-01-20,682.7372494485218,686.5819066775815,670.7048715902272,679.2722778320312,1218872
2022-01-21,676.4956786150359,691.494624012845,660.2388977046237,673.1256713867188,1701794
2022-01-24,678.7026619194501,685.3714657011748,638.4048287961431,645.9517822265625,2210358
2022-01-25,636.5300278098623,682.5473671101553,632.1632087774035,674.6207275390625,1908080
2022-01-27,673.7663486678941,678.39419079506,663.774933001669,675.4038696289062,1551976
2022-01-28,679.6519243432305,698.2107435314836,667.0736886507871,672.6270751953125,1923192
2022-01-31,687.2939500912759,697.9735867466997,677.6348236377399,685.2529296875,1698662
2022-02-01,691.8742857852045,700.0145531291769,672.8170573692792,684.3273315429688,1534430
2022-02-02,687.7684291320226,691.9216201291966,669.7317139442953,674.2646484375,1246952
2022-02-03,676.8040294647909,690.1416943633099,667.8331251507407,672.4135131835938,1482606
2022-02-04,672.3898086698078,680.4351684754507,661.947498881812,664.6055297851562,586412
2022-02-07,664.6055702897946,673.4578132149945,655.9669548422601,658.2453002929688,628232
2022-02-08,659.7641519796375,666.409258546339,647.9927971709027,654.0921020507812,999434
2022-02-09,657.3908780294495,675.4275952605824,656.489030579747,671.39306640625,1167058
2022-02-10,673.5290427533844,682.5474020291521,656.4416251782457,663.4901733398438,1993640
2022-02-11,650.2711474583243,664.0360111636465,650.2711474583243,654.993896484375,557218
2022-02-14,643.1513981005261,647.8504494238719,629.4339876894237,632.6378784179688,694502
2022-02-15,640.7780585178679,651.6712623363819,624.6399444514919,649.0369873046875,649632
2022-02-16,652.6205778833036,660.7133907959959,643.1038716380696,646.8773193359375,1010008
2022-02-17,649.3693864252772,665.6761797300777,648.4016228091441,660.2809448242188,1118614
2022-02-18,665.337490937348,665.337490937348,648.6435684374654,651.2807006835938,1230176
2022-02-21,643.5627355345677,647.4337895828959,626.409150909952,629.5543823242188,1205286
2022-02-22,612.1104103168246,624.1832362845726,608.2393563385365,620.1670532226562,1214574
2022-02-23,619.8525374533589,640.6594532304817,619.8525374533589,633.9577026367188,1168062
2022-02-24,624.2075128359145,628.7076371368885,600.0134231911117,617.5541381835938,1384050
2022-02-25,622.1752024030362,644.6272692376227,622.1752024030362,636.1109619140625,1087016
2022-02-28,635.8206179946462,674.1198702299891,621.8606413537168,671.5068969726562,1488674
2022-03-02,671.0956593581501,691.9267347596088,658.974397018158,672.7892456054688,1845270
2022-03-03,676.9505296299138,689.2895135509738,663.3776236897107,666.6922607421875,1188174
2022-03-04,665.8212937211412,686.4104859875945,658.5872851235207,663.9341430664062,1445024
2022-03-07,655.5630860850665,660.0873691002901,631.248025641816,641.1676025390625,1176136
2022-03-08,649.2725378427925,653.240344456155,632.4576474947545,641.4819946289062,1160930
2022-03-09,647.9177818018493,657.087319015094,643.5628452550109,646.2484130859375,954242
2022-03-10,647.2161877908312,672.111885180742,647.2161877908312,662.047119140625,1225572
2022-03-11,662.918067032299,680.337811859425,661.4906393471172,670.2246704101562,1180240
2022-03-14,677.4344156532806,679.8054479215857,666.353512326576,668.3616333007812,948082
2022-03-15,673.9989196309313,678.4022318615916,657.4743456076588,666.2084350585938,793210
2022-03-16,675.0150783528344,716.6531288560473,668.289109844616,707.5077514648438,4808698
2022-03-17,719.0483377482292,722.9193920564296,694.3703665334515,699.5963134765625,2445066
2022-03-21,705.499623457556,711.3062047205811,696.2332757117919,699.789794921875,1174988
2022-03-22,700.176965411844,700.176965411844,676.4909749014214,684.57177734375,1139158
2022-03-23,696.7414025206823,703.5883416753418,679.0313407875103,680.8700561523438,1056982
2022-03-24,680.33780507701,697.2494502177086,668.7246419746998,680.2894287109375,2351078
2022-03-25,681.232956792321,686.9911618270007,671.1440334242296,674.9183349609375,936172
2022-03-28,676.4667079889891,681.6926546820378,668.2407179776781,677.3618774414062,963454
2022-03-29,679.8539207101677,686.3621072137687,675.4989845632698,677.6764526367188,1002168
2022-03-30,681.982995536696,684.716939419207,671.6036958696122,679.6603393554688,977962
2022-03-31,694.3219637407205,724.0323162388387,682.273295851525,718.5160522460938,3826742
2022-04-01,721.9516488500982,745.1053812708117,716.3627904078971,737.5810546875,4339668
2022-04-04,741.790774355685,770.7753050106307,738.9117013699292,755.3152465820312,2551602
2022-04-05,759.0895820289702,767.9204249752833,747.5973891536312,751.3474731445312,1756158
2022-04-06,747.5973169217461,761.8718287982455,739.2745743021483,748.9522094726562,1716074
2022-04-07,752.3395047346078,786.2112333669268,752.3395047346078,763.6622924804688,4487878
2022-04-08,769.3720234906625,789.6950580734348,767.21877321548,783.9852294921875,4010552
2022-04-11,792.9128606895446,819.2118226266197,788.7272716369699,812.6310424804688,5061988
2022-04-12,814.8326994655122,814.8326994655122,793.1306134550464,808.542236328125,2949782
2022-04-13,812.1472131025257,832.95413019942,807.550336069491,811.7843017578125,2013610
2022-04-18,808.0342206262112,848.8012618217733,803.2437790460907,840.9623413085938,4052334
2022-04-19,845.8253771804007,850.664195127657,807.5019626651716,818.0747680664062,2087080
2022-04-20,822.5748040136083,832.2766572792817,801.9130757419125,809.243896484375,1140070
2022-04-21,812.9214696045364,826.8572898533707,807.6713635935282,811.4214477539062,1076504
2022-04-22,807.1148111780929,839.946178224545,804.2841145711142,812.2197875976562,1945030
2022-04-25,805.6631805439513,810.4536220796248,773.0495360765798,787.3482666015625,1686524
2022-04-26,792.0418668432959,812.3407426233205,787.9047131324269,796.4210205078125,1315140
2022-04-27,794.4854603904189,803.824342763086,789.7192369469296,794.4612426757812,1044702
2022-04-28,798.0420551152685,802.6873085611729,783.4772248133004,789.8644409179688,1526388
2022-04-29,793.9532773469483,797.921084461316,767.4365312041524,771.83984375,1275486
2022-05-02,763.5654639268731,777.6464121895709,759.0411810080003,762.2105712890625,1161508
2022-05-04,767.4365402994462,780.985230796536,759.3557378085802,765.45263671875,1682782
2022-05-05,771.8397984310836,785.7513992990746,765.8638703934838,772.10595703125,1001110
2022-05-06,764.0493593708874,771.1140218112079,754.9039815712302,765.9122924804688,1230358
2022-05-09,752.4361299913036,766.9525826599461,745.1779036569824,758.0733642578125,1000198
2022-05-10,760.4202840487525,769.347880046718,746.6538698258506,750.3313598632812,913308
2022-05-11,750.9845826057724,760.4928721565378,734.605194856661,753.4039916992188,1278840
2022-05-12,749.9926369087611,766.7349958855085,725.8227625431183,734.0245361328125,1394432
2022-05-13,736.9518759689972,759.6459409558227,710.3383807764202,730.613037109375,2715380
2022-05-16,740.8230697098206,779.0497336595762,736.395539223638,774.4044799804688,2134260
2022-05-17,781.9530078412274,812.3649678982642,780.0416983117265,808.8810424804688,2057806
2022-05-18,816.7199131059751,822.1152071796805,806.1954835849874,813.4053344726562,1698510
2022-05-19,795.0177291424324,821.1473440990309,786.3078574902329,815.7036743164062,1285596
2022-05-20,834.6961288315609,864.6968012881156,832.0347788555762,850.277099609375,3816272
2022-05-23,857.9224639419311,895.1813639552017,851.6320003033271,878.6326293945312,4954548
2022-05-24,880.5439945001499,886.9554289978155,853.9788691830929,863.5597534179688,1593430
2022-05-25,863.5596827926297,882.6004201753256,841.4946841017672,844.5673217773438,1799772
2022-05-26,851.6319727559558,858.8901997964895,825.4056026765351,853.0836181640625,1533562
2022-05-27,866.1483729707762,886.9310714773092,856.9546192911981,868.156494140625,1846810
2022-05-30,879.6970777564228,893.3667380680945,872.0517219904656,881.584228515625,1385854
2022-05-31,881.6326613346098,905.826751931059,876.0922382150645,889.5199584960938,1873818
2022-06-01,894.2135054182946,933.2627403882555,890.3424512822847,916.1575317382812,4099956
2022-06-02,919.37543948626,931.3031379225894,912.1172123324211,918.214111328125,1964814
2022-06-03,923.2464572463144,929.004662372849,904.4234437625207,918.262451171875,1255358
2022-06-06,919.3753913204343,926.5126476477903,906.7702471966061,913.4962158203125,1439400
2022-06-07,925.085211957437,939.4806949330773,914.778506401619,918.6979370117188,3436266
2022-06-08,921.7948459089599,924.2142549533404,881.6326557722441,891.5280151367188,1894752
2022-06-09,891.7941829108464,909.6978100230012,880.8826243816671,906.8428955078125,1409134
2022-06-10,894.6974683314927,918.7222120555914,891.6006129282902,915.9640502929688,1254786
2022-06-13,899.9959358285578,908.3671146471803,890.4392702196715,897.5523681640625,1449750
2022-06-14,895.1570050418119,915.3590677715746,893.2456957878306,911.5606079101562,1373658
2022-06-15,919.1334302204758,919.1334302204758,896.6571454328058,899.5845947265625,825786
2022-06-16,913.5446347693292,914.5123983842516,861.7934990883954,869.583984375,1563972
2022-06-17,858.8901836487369,954.4810556024299,853.8336425326062,918.746337890625,8249262
2022-06-20,919.3753670495943,939.2145197069802,822.5990126233212,834.5993041992188,5165108
2022-06-21,851.1480781347391,876.7695955749151,838.0832696585379,873.4550170898438,2085472
2022-06-22,863.1966365795391,879.6727741718222,851.0512168769264,861.382080078125,1488688
2022-06-23,872.4146479472824,884.1972167648204,846.9383190076875,856.7127075195312,3107600
2022-06-24,866.1484812735597,875.8261179358342,859.8580174430814,869.1969604492188,742786
2022-06-27,881.1245858576422,882.9633604202081,869.535639772634,875.1002807617188,727950
2022-06-28,874.6163337894541,879.3099635166363,867.6484242129638,871.059814453125,761634
2022-06-29,860.8740701577543,871.8582220958403,859.3740484407753,863.0999145507812,1100850
2022-06-30,865.6161538978974,870.5033482082813,849.696431047105,856.3740234375,662900
2022-07-01,853.0835951402487,861.1643974002428,835.8574152424853,840.1155395507812,860300
2022-07-04,843.8898920062378,873.4066829537037,841.9543647309941,859.54345703125,1613616
2022-07-05,863.7289493688402,873.406584655886,846.79308761651,851.1722412109375,898662
2022-07-06,854.0513270701175,860.8740482377244,839.0026157834217,845.3898315429688,1541340
2022-07-07,849.2124149034795,868.5193072609575,834.4782402206528,839.8734741210938,1550608
2022-07-08,848.9705862138082,857.4868937604267,836.6558184933754,842.220458984375,1620218
2022-07-11,843.8898049230949,855.7691259760874,841.7607133265124,844.9059448242188,1436876
2022-07-12,844.3737387942764,853.1078288885017,837.1155118132367,842.7527465820312,1094328
2022-07-13,845.0995226895657,849.3577059499684,832.3250319759572,834.2605590820312,1539698
2022-07-14,834.5751600232427,850.1803485495507,834.2606250301218,837.1155395507812,1251144
2022-07-15,841.3252926429911,845.5350998967186,832.7606080984223,835.2283935546875,1116446
2022-07-18,846.0190307070962,862.2774489066289,839.8011608043159,858.2128295898438,1935542
2022-07-19,860.3419234268933,885.2376208123999,858.890277886803,882.6488647460938,2952758
2022-07-20,890.608606794749,898.4716854812694,878.8260385550227,886.035888671875,1960542
2022-07-21,888.8424978105803,899.9234029385615,881.6326471155985,894.1168212890625,1500514
2022-07-22,898.0846452596588,919.3512273218208,898.0846452596588,904.3508911132812,2977562
2022-07-25,904.8106006574566,923.6093970029748,903.9154311300706,921.0447998046875,2356300
2022-07-26,921.044752041991,930.2627235933238,906.2621990790266,911.4639282226562,1967752
2022-07-27,912.1171858932888,939.6016955461857,912.1171858932888,938.3193969726562,1957612
2022-07-28,947.3921744913752,984.6994489245797,939.9403830643714,979.6912841796875,3884756
2022-07-29,987.1189453125,999.9902494025231,973.6186302763224,979.8607177734375,1988732
2022-08-01,982.2800734106286,996.506151357665,976.2073330735853,981.8929443359375,1776780
2022-08-02,981.7962024206792,1004.0305481880338,979.8606751611017,991.1593627929688,1778528
2022-08-03,993.0949083993316,999.8450362147706,969.2152931390505,979.8123168945312,1164778
2022-08-04,984.7236905554895,986.4898118890528,958.8360139968437,970.013671875,1684594
2022-08-05,972.602428620375,974.5379558415101,956.029476789406,966.4571533203125,1403264
2022-08-08,971.1507732448333,1051.959033898489,968.7313642432268,1044.82177734375,7183926
2022-08-10,1045.1846851781772,1066.596454770369,1033.3295811101839,1049.200927734375,3451804
2022-08-11,1055.3947162726183,1111.9604554603588,1052.1042961716284,1095.7261962890625,5522052
2022-08-12,1095.8953866434642,1109.8553039392416,1073.2496976202904,1098.50830078125,3423576
2022-08-16,1106.492631176101,1117.670349452165,1079.8791287428246,1111.621826171875,2581672
2022-08-17,1116.8232771563946,1127.2509523133206,1103.976193291838,1108.3553466796875,1766172
2022-08-18,1110.508792531249,1137.0980752874711,1106.2022915267157,1120.3558349609375,2665298
2022-08-19,1127.305295488696,1130.6829569075787,1081.8175645951164,1089.6904296875,2288654
2022-08-22,1088.5481352193406,1102.5444032727823,1070.129513932686,1083.615478515625,2141126
2022-08-23,1078.1483048231762,1095.4006216233668,1072.292212996681,1087.867919921875,1318978
2022-08-24,1088.5969253014266,1096.3239720889262,1070.0568063764463,1077.565185546875,1625678
2022-08-25,1083.1540520912492,1093.4324987545162,1076.7391291345036,1079.1932373046875,1381672
2022-08-26,1083.7369501694297,1112.3854884185978,1079.9219542535031,1104.755615234375,3448186
2022-08-29,1083.7369252464896,1124.77797027798,1076.4472149869841,1112.5069580078125,2438668
2022-08-30,1122.2997951332534,1124.5595583684062,1106.1166109483775,1115.423095703125,1221170
2022-09-01,1103.6622993400752,1131.5575473376969,1103.6622993400752,1119.2623291015625,2410434
2022-09-02,1129.9053487558358,1178.5034282722158,1127.5240903185952,1151.531494140625,5455060
2022-09-05,1157.4358397469537,1172.2582504957131,1143.536863479316,1155.4190673828125,2140418
2022-09-06,1161.2021767045508,1180.6900492196655,1159.0639091948558,1163.632080078125,2138480
2022-09-07,1166.353871805024,1190.652910800962,1165.8678910251053,1172.865966796875,2718368
2022-09-08,1178.989337674059,1184.7724613272512,1170.241683890822,1176.9482421875,1234534
2022-09-09,1182.8771709440718,1199.4005167994944,1178.5033440999894,1182.8043212890625,2369116
2022-09-12,1190.65279738084,1282.1873160181333,1189.3892000143594,1270.3536376953125,7416854
2022-09-13,1279.7332187572388,1282.017304706298,1255.5313520503112,1262.3350830078125,2767998
2022-09-14,1248.9705999188034,1276.6471815065402,1233.079052201896,1248.484619140625,2740260
2022-09-15,1254.7295293826835,1255.8715130317166,1221.8528582939691,1236.407958984375,1979796
2022-09-16,1234.3910788098237,1241.146163632443,1175.441591356031,1206.884521484375,2923862
2022-09-19,1210.0921492816888,1229.5070578267782,1183.9220366664758,1205.7669677734375,2277992
2022-09-20,1211.8173236030168,1226.7855544413276,1193.0827419499963,1196.02294921875,1662434
2022-09-21,1198.695839755912,1205.7182378469754,1170.7276239312228,1192.91259765625,2533448
2022-09-22,1195.5126953024364,1229.5313492338064,1186.4005558565336,1208.9014892578125,2726474
2022-09-23,1212.5220572961637,1216.5070759994303,1169.780071030024,1185.2099609375,1511820
2022-09-26,1162.684462010424,1170.2171626014372,1103.9051220958831,1137.024658203125,2907240
2022-09-27,1142.0547732439813,1149.0528486507587,1104.6342551419445,1109.17822265625,1899410
2022-09-28,1098.3165681643475,1126.017472759643,1089.107256067898,1112.9931640625,1342928
2022-09-29,1122.6153890856656,1131.6788814562449,1098.9966801939026,1124.9481201171875,3562366
2022-09-30,1124.5595689148406,1145.6997336718828,1112.8960297385415,1139.5521240234375,1537268
2022-10-03,1144.4118677970937,1155.95391112598,1106.0922364861308,1113.673583984375,1951292
2022-10-04,1128.4961395336918,1153.815669739128,1127.4755323255383,1150.8026123046875,1648706
2022-10-06,1154.2284802840315,1211.8900426311693,1152.0172443790466,1203.2882080078125,3203376
2022-10-07,1199.8376979111142,1214.4657643809173,1186.6190466541816,1195.36669921875,1778044
2022-10-10,1185.7930143545304,1191.7706012301903,1171.2135920468927,1175.951904296875,1345132
2022-10-11,1180.4473031211721,1191.1388801770245,1146.9146296278163,1151.1912841796875,1211382
2022-10-12,1156.634161130954,1163.0247604025158,1139.6248352319694,1147.01171875,1495980
2022-10-13,1148.3724840968296,1165.8677906679197,1141.4472585791063,1147.10888671875,1493578
2022-10-14,1161.4939165421413,1169.1481128540822,1132.8210541672515,1135.7369384765625,908480
2022-10-17,1135.7370703682088,1160.0117863326848,1133.8174700378524,1148.834228515625,1697222
2022-10-18,1154.7874211689968,1209.095769358295,1146.9145568388687,1204.2359619140625,3098996
2022-10-19,1210.2623462205927,1242.65291944234,1190.2156379972853,1200.3482666015625,3684862
2022-10-20,1197.8938127283518,1217.8676675036063,1177.3126007091205,1189.6807861328125,2160936
2022-10-21,1197.9424902028231,1210.0920083590383,1156.6341284716912,1167.593017578125,1552594
2022-10-24,1178.2846030938088,1178.4060982763544,1166.8397331684803,1173.619140625,404974
2022-10-25,1174.9800063037685,1222.7276169414874,1169.7557130278858,1216.822998046875,2591880
2022-10-27,1222.14451478381,1229.434226635971,1208.8043658238864,1224.8902587890625,1429232
2022-10-28,1224.6713895007488,1229.0452158918229,1206.0097776912196,1226.93115234375,1115040
2022-10-31,1227.5874182253642,1240.1985954075324,1220.9780323308873,1229.5556640625,1038820
2022-11-01,1233.4191023503122,1239.0078807888578,1218.2808499519167,1230.1873779296875,841596
2022-11-02,1229.5312913309206,1238.7649255345916,1202.802350215031,1211.963134765625,1265316
2022-11-03,1195.5125874178195,1247.512525163229,1195.5125874178195,1236.893798828125,1930752
2022-11-04,1243.4790529623433,1250.9145829541899,1227.3931596226607,1244.572509765625,1865810
2022-11-07,1250.8171523699534,1267.4133458554459,1240.708730056341,1259.95361328125,2117362
2022-11-09,1265.4938859727554,1265.4938859727554,1210.0920799048235,1216.191162109375,1930226
2022-11-10,1213.008125300142,1214.9520485778667,1171.7969280828486,1181.468017578125,1648594
2022-11-11,1197.4566864354485,1231.475342300092,1184.4323773177396,1204.7950439453125,3045810
2022-11-14,1210.5536637546882,1221.1480672939895,1177.166811661672,1210.2135009765625,1631814
2022-11-15,1211.063875559122,1231.0377293125075,1195.7554838736837,1226.0321044921875,1712410
2022-11-16,1228.3162911503289,1316.7161381958213,1226.2995185863283,1302.9871826171875,9942896
2022-11-17,1310.39836878297,1323.15536271056,1288.3835370374675,1303.5704345703125,4194458
2022-11-18,1306.0675366851758,1309.739772979932,1273.7029658640902,1284.0831298828125,2384470
2022-11-21,1282.2469256560817,1306.6549828666423,1265.7463689204753,1299.677734375,2329032
2022-11-22,1302.4198598071064,1340.1214873278384,1299.9717021758902,1336.27783203125,5499386
2022-11-23,1341.565894305794,1344.2588677360297,1324.9919386448933,1331.13671875,2154714
2022-11-24,1334.7355194148142,1352.5336729276514,1326.4117836004152,1335.665771484375,2017230
2022-11-25,1337.6731911155712,1358.7028390812886,1333.266507835908,1337.452880859375,1506132
2022-11-28,1341.9329740670976,1357.3563656955898,1338.2607379650756,1352.6314697265625,1508604
2022-11-29,1354.3207508405626,1357.9439761834167,1341.1252056105518,1347.539306640625,986228
2022-11-30,1347.5393549407845,1355.7651884760676,1332.5567019855032,1348.4697265625,962258
2022-12-01,1351.3830902707202,1355.0308214435515,1337.8203201203592,1349.1307373046875,859294
2022-12-02,1347.661733081709,1374.395661596673,1344.0385076889447,1358.3602294921875,1871954
2022-12-05,1367.1735598659416,1370.4785725005893,1354.3941298630607,1362.7913818359375,1360562
2022-12-06,1351.407512340648,1376.7459437192101,1348.0289831001387,1350.6485595703125,1451394
2022-12-07,1352.239824779972,1358.458121058553,1331.0142509739135,1335.0537109375,1009110
2022-12-08,1336.6940415143708,1351.848113058915,1327.8806742076827,1347.95556640625,1021472
2022-12-09,1354.663588958703,1358.3113201077872,1311.9432361114114,1331.96923828125,1329912
2022-12-12,1334.245813150987,1344.0139374899377,1325.4324463118244,1328.5660400390625,953218
2022-12-13,1332.2873287229102,1337.9914879560736,1322.2988938093627,1325.922119140625,813070
2022-12-14,1328.3702438904572,1333.7561903271674,1312.2124045803264,1313.99951171875,863386
2022-12-15,1312.2123605213797,1316.9617619483156,1269.1492959560865,1274.9024658203125,1667784
2022-12-16,1273.0418792574999,1280.3863516378315,1245.7204180948781,1266.4073486328125,1548086
2022-12-19,1263.2982842401698,1297.5234783633086,1251.1799045837577,1294.781494140625,1327990
2022-12-20,1295.5648935066376,1306.3367860452418,1275.9796343455396,1300.6815185546875,1273414
2022-12-21,1304.35395015556,1309.960207522953,1253.4812796749338,1264.253173828125,1910302
2022-12-22,1267.1664320518296,1273.53164210464,1220.6514355120598,1236.0748291015625,1737178
2022-12-23,1226.5270100310163,1236.0748250791619,1187.7237104122705,1194.529541015625,1735564
2022-12-26,1187.3563826765692,1245.622530939873,1182.4600676964596,1237.3721923828125,1637110
2022-12-27,1247.9239077822053,1249.050084255181,1219.7212022209442,1234.8997802734375,2309794
2022-12-28,1234.8504722939722,1254.4112241071011,1223.2951226758105,1236.3438720703125,1371280
2022-12-29,1228.9749712399027,1237.1762982392129,1224.078656613449,1227.2857666015625,1502838
2022-12-30,1233.3817747395833,1249.6375169776281,1232.059793569247,1239.3797607421875,909436
2023-01-02,1243.663997728978,1260.286963082174,1236.9805756354983,1243.9088134765625,998072
2023-01-03,1245.622504494974,1255.0479106315809,1234.6303015057833,1243.1988525390625,1109886
2023-01-04,1249.39264093005,1249.39264093005,1210.9076777918478,1215.2408447265625,1376606
2023-01-05,1215.0206467573678,1233.1125079584579,1199.5972534981065,1229.8074951171875,1290668
2023-01-06,1229.905420928775,1243.933436312134,1215.2899911425234,1224.274658203125,1006604
2023-01-09,1232.402439068527,1244.6432261073483,1216.7342316588358,1222.0711669921875,1064990
2023-01-10,1227.0166504224642,1227.0166504224642,1202.2902574271193,1213.968017578125,911896
2023-01-11,1220.0393255224312,1229.9298582016006,1202.0453673753661,1206.770263671875,1345496
2023-01-12,1209.3897152581778,1213.9678172590395,1194.7007713481594,1199.0340576171875,805988
2023-01-13,1198.985124881734,1210.4914650286337,1192.5220130474333,1205.8399658203125,1054624
2023-01-16,1199.597085704432,1226.5268161998374,1197.7609677161088,1213.1109619140625,1176602
2023-01-17,1216.146680097282,1216.4893982215963,1191.61609541276,1203.318359375,1182260
2023-01-18,1206.9415702994556,1212.3275164549502,1187.1848927225913,1192.105712890625,1305786
2023-01-19,1191.763013334841,1202.045274337319,1178.0533319982035,1200.943603515625,1079776
2023-01-20,1201.066045414145,1234.8506182366382,1198.2506643456038,1228.730224609375,1758206
2023-01-23,1237.788386567425,1240.505865200469,1223.9317917182382,1236.0501708984375,1168318
2023-01-24,1237.127343744766,1248.560286734953,1231.4231847601595,1245.6715087890625,835766
2023-01-25,1245.6715587865554,1245.6715587865554,1219.35386541181,1234.4100341796875,1442252
2023-01-27,1236.7359001362543,1244.6188963790573,1183.9781005489658,1206.9417724609375,1602946
2023-01-30,1204.4935657473673,1225.0090790719566,1186.4996069907754,1210.0753173828125,1147896
2023-01-31,1216.0978396884852,1258.7447949080336,1209.389911455812,1249.9559326171875,2401150
2023-02-01,1260.8011053988184,1269.6144723491793,1126.1524436571972,1157.6602783203125,4646160
2023-02-02,1126.177003586028,1179.00819687707,1126.177003586028,1153.9390869140625,1834140
2023-02-03,1157.978396021381,1170.0967745843955,1131.09767684263,1145.6885986328125,1316218
2023-02-06,1151.417463796219,1183.0230809570187,1150.6340055938563,1176.486572265625,1718828
2023-02-07,1181.9212922556162,1202.0451923753112,1178.0532516720973,1188.1885986328125,1456402
2023-02-08,1194.2846486349372,1204.4935134240475,1182.9742324883453,1191.689697265625,800110
2023-02-09,1194.7009547342475,1212.327690131966,1154.0615370117303,1179.0572509765625,2284432
2023-02-10,1164.8577920111202,1198.8381687794647,1162.8747606168076,1176.5599365234375,2477466
2023-02-13,1178.0533438656337,1209.2183398310433,1176.3886446449887,1198.0792236328125,2257348
2023-02-14,1201.3843291340565,1215.7550620365344,1196.218812238235,1208.06787109375,1409882
2023-02-15,1214.2860837732119,1221.6060505720413,1202.5104226417368,1215.53466796875,1296058
2023-02-16,1221.1409314495527,1326.9013328902518,1216.7342480561902,1305.063720703125,6259508
2023-02-17,1306.3367618046093,1345.50727939995,1283.3240827173468,1292.2353515625,8472188
2023-02-20,1294.585721422528,1294.585721422528,1255.2927924723926,1266.7501220703125,2273804
2023-02-21,1271.5730831667402,1299.482080371401,1263.2493471583325,1283.936279296875,2991976
2023-02-22,1285.2826858510994,1291.133758360805,1244.1536399038641,1253.236328125,2344648
2023-02-23,1256.9574719310424,1260.042174324468,1237.788446300159,1244.129150390625,1457900
2023-02-24,1249.221444528798,1256.4924009831361,1229.9053851528242,1240.6038818359375,1296700
2023-02-27,1238.7675924785697,1262.759533992977,1232.5247913702292,1259.9931640625,1473038
2023-02-28,1265.6975296588225,1276.4694235282593,1251.5716119280946,1260.45849609375,1522170
2023-03-01,1263.2493691499021,1317.1088383772235,1260.4829987733515,1314.29345703125,2802016
2023-03-02,1327.3909645587855,1336.0574179924552,1301.4404956832357,1327.170654296875,3566784
2023-03-03,1329.3250627482785,1352.5580543147453,1312.702096659208,1318.112548828125,2545132
2023-03-06,1329.3251052865746,1335.225189161138,1320.0956226220862,1327.2686767578125,1490630
2023-03-08,1324.4531938530706,1417.1404597558258,1324.4531938530706,1401.9373779296875,8720466
2023-03-09,1404.2385339372195,1416.895555103197,1388.1052010985518,1401.66796875,2678066
2023-03-10,1397.8734258211193,1426.4923630638434,1378.043350088087,1395.1070556640625,3121364
2023-03-13,1402.1087700687076,1426.7861491289389,1358.751878108289,1367.712158203125,4027458
2023-03-14,1373.9061196063603,1378.0679877519963,1338.1875221936646,1362.4976806640625,2195194
2023-03-15,1372.8532410044065,1405.731946304239,1358.7273253201893,1362.8157958984375,3016680
2023-03-16,1368.5200408719786,1369.7441196205225,1304.965848339796,1333.1441650390625,2539078
2023-03-17,1385.6571839728888,1395.4498142483155,1358.9477609888734,1370.4541015625,4055368
2023-03-20,1374.8678004637911,1374.8678004637911,1290.3903823568548,1304.322021484375,4032142
2023-03-21,1310.313806082908,1317.7111365651224,1278.2587073266457,1309.5987548828125,2647334
2023-03-22,1311.7932485742729,1319.659052432301,1289.6012575269638,1294.4342041015625,1320540
2023-03-23,1229.436260360585,1242.6528475281466,1220.6088279505088,1231.08837890625,10594782
2023-03-24,1242.7515119127313,1289.5026642978712,1242.7515119127313,1266.1763916015625,9542446
2023-03-27,1245.2171937289093,1299.9574347205562,1245.2171937289093,1296.530029296875,5794146
2023-03-28,1296.5055124724008,1306.8617755997952,1292.9054540673108,1296.2342529296875,3718146
2023-03-29,1296.4560737831612,1339.6565313468716,1291.0313648397357,1334.8482666015625,3182244
2023-03-31,1341.2346459526314,1403.52019373918,1339.7304979827916,1346.856689453125,6241754
2023-04-03,1361.1088884868482,1366.7062503727598,1335.5634149781476,1337.6346435546875,2026130
2023-04-05,1344.8346711172155,1351.2456908181775,1316.7248155053044,1342.24560546875,2337742
2023-04-06,1345.327933722815,1368.0130821653552,1337.8812390091437,1364.980224609375,2885656
2023-04-10,1367.5198092700098,1394.6433539904754,1364.5608771186864,1388.8240966796875,1839512
2023-04-11,1395.1118520576897,1404.0133305161212,1386.6542856693247,1392.9420166015625,1341074
2023-04-12,1392.9420256751825,1399.8708827098114,1377.2349789667498,1386.531005859375,998346
2023-04-13,1388.2815997511027,1393.6569446191272,1378.3691295861504,1383.2760009765625,850886
2023-04-17,1382.8076359466543,1400.561228990192,1376.396616236488,1396.3447265625,1431092
2023-04-18,1402.2871541589125,1407.9337585000649,1385.7664509184258,1395.2103271484375,1039432
2023-04-19,1395.6543168712685,1404.753008963217,1386.4568973903029,1391.2406005859375,794646
2023-04-20,1395.1365518405855,1399.254447369632,1365.325333587895,1369.0732421875,1293338
2023-04-21,1366.0402894566475,1379.3554836138062,1351.4922069516037,1371.9334716796875,1204638
2023-04-24,1378.024051958505,1397.6022957478094,1366.0650344313758,1393.4598388671875,1286140
2023-04-25,1394.1501483237844,1404.9995658204675,1388.2816479284616,1392.892578125,921288
2023-04-26,1392.6706805069737,1414.2955903310626,1389.8844009949808,1401.0543212890625,1467544
2023-04-27,1402.5337935194357,1405.3941185846634,1391.4377983175414,1400.0433349609375,791556
2023-04-28,1403.02704449802,1442.4547927231295,1402.533889122098,1440.1123046875,1994824
2023-05-02,1449.802744919401,1458.778147844679,1440.556082482799,1449.038330078125,1528660
2023-05-03,1446.9425648392023,1495.2471101659305,1441.4438101199778,1482.277099609375,3559852
2023-05-04,1491.1291081923262,1504.1237996704924,1449.8767118135238,1459.6658935546875,1973526
2023-05-05,1466.6439803191658,1470.9837713885286,1447.4109220701923,1452.02197265625,922178
2023-05-08,1454.8082801362627,1464.6713871202373,1442.0848480470843,1459.1480712890625,899728
2023-05-09,1462.2057126626657,1469.6030434181262,1423.1970736524993,1437.2027587890625,1102232
2023-05-10,1442.9724644337573,1459.7397452918392,1437.5477559208484,1456.97802734375,969060
2023-05-11,1467.1371702886365,1491.3017825051552,1462.2056167750611,1488.5155029296875,2020784
2023-05-12,1495.740108875088,1495.740108875088,1453.4767213721502,1466.6192626953125,2713000
2023-05-15,1473.0304042780128,1495.247077715076,1464.9919476893365,1491.4744873046875,1882018
2023-05-16,1498.551260588234,1540.1736477736538,1495.764980792441,1527.178955078125,3066666
2023-05-17,1533.6145399578343,1562.7107057681117,1529.6199334411276,1545.49951171875,2582144
2023-05-18,1550.9736024075223,1553.2421652162157,1512.5074844463818,1525.7733154296875,1786942
2023-05-19,1533.713157370647,1533.713157370647,1501.6580592262444,1515.6143798828125,1215278
2023-05-22,1521.3348920828378,1532.2336734849011,1503.433449185151,1528.4364013671875,1190554
2023-05-23,1530.754308965164,1542.86129769872,1500.178675216504,1502.3485107421875,1497886
2023-05-24,1502.34831189861,1513.9374618662343,1477.9864873604097,1480.0823974609375,2081962
2023-05-25,1485.605854530823,1494.7045469310347,1469.4550163345045,1486.7154541015625,1935542
2023-05-26,1494.1620738005665,1513.9375307028065,1477.2715033989114,1489.427734375,2405718
2023-05-29,1500.178610860317,1505.9978682104352,1478.504456785234,1486.2222900390625,2016656
2023-05-30,1493.4963913994734,1536.746094288049,1486.8634755964827,1529.8419189453125,4393486
2023-05-31,1547.52139924403,1570.699699360177,1495.7400904739143,1537.1898193359375,23508736
2023-06-01,1518.9185856097338,1527.7953825386219,1509.3020556034385,1519.2884521484375,2170032
2023-06-02,1525.8225697701812,1565.7187872518546,1520.9403802308748,1562.2913818359375,2692120
2023-06-05,1570.0833872955866,1640.2347376977216,1565.9162485571744,1619.275634765625,4784968
2023-06-06,1623.4674366873157,1696.4544295882035,1621.9879706150004,1683.1885986328125,4634846
2023-06-07,1711.249034702958,1738.3725784806707,1704.9366222530216,1720.1505126953125,5907826
2023-06-08,1734.9452220106705,1749.4933049938456,1714.7011705932146,1739.55615234375,3310766
2023-06-09,1779.7976371485126,1866.5929777243339,1740.9616537942745,1840.8995361328125,11784674
2023-06-12,1851.7983251292997,1873.9903157100769,1798.58691142976,1817.7952880859375,7888898
2023-06-13,1824.181755928739,1824.181755928739,1789.1924056957655,1794.6910400390625,3235854
2023-06-14,1801.4964693374075,1843.9078288673875,1797.6005902844713,1832.3680419921875,3825868
2023-06-15,1839.5680904020544,1847.95173147926,1818.8308835400562,1828.4228515625,2121874
2023-06-16,1836.0173212717818,1916.4016412737428,1833.7241971124083,1896.0343017578125,6239354
2023-06-19,1922.8127435590304,1947.9636668525698,1906.0454613633374,1920.051025390625,5109292
2023-06-20,1922.812696016785,1922.812696016785,1873.9903167129476,1898.0069580078125,3893862
2023-06-21,1913.0976073666725,1918.546998160962,1854.2641489852415,1884.026123046875,3310098
2023-06-22,1884.8398210377684,1888.267226773775,1847.5819088157386,1854.486083984375,3664396
2023-06-23,1864.0286969944568,1903.5797337029403,1785.7155999322142,1795.3568115234375,8572968
2023-06-26,1796.5648147323582,1834.5377740335912,1765.5453935407902,1825.1925048828125,5507348
2023-06-27,1841.540796997103,1859.1957836913186,1801.5952111936554,1805.4912109375,4390540
2023-06-28,1817.1789830787363,1846.8669131162667,1807.9076377795016,1835.4749755859375,3532066
2023-06-30,1840.406364228416,1877.319089567905,1825.1679123900483,1870.2916259765625,3494638
2023-07-03,1878.5027620461442,1879.4398295049477,1855.0533201154751,1859.220458984375,1383142
2023-07-04,1859.2203837633745,1866.5930322945676,1832.0721571926865,1835.5736083984375,1414468
2023-07-05,1835.4995265700643,1848.8394028362907,1819.7432372541778,1841.8858642578125,1597660
2023-07-06,1844.4008986557787,1856.6311746839342,1828.1267730794043,1839.9871826171875,1736726
2023-07-07,1834.5379413818328,1866.4944328276904,1829.6063877759675,1854.017578125,3145996
2023-07-10,1865.9025977741103,1873.9902972129069,1844.9188139188889,1862.37646484375,1850612
2023-07-11,1871.9437594032454,1945.497830750894,1869.47798268493,1931.911376953125,6498242
2023-07-12,1940.048459032568,1940.048459032568,1881.5109432490642,1895.615234375,3088386
2023-07-13,1904.566092680697,1922.6401893414854,1883.8535665562565,1900.620849609375,2637038
2023-07-14,1901.8536113589437,1907.031742545063,1861.760057237998,1892.089111328125,2389776
2023-07-17,1901.6069721705787,1929.716826271648,1875.8149240646596,1881.7327880859375,2722208
2023-07-18,1887.7987772709564,1910.9770799177002,1880.1548689512856,1898.771484375,1759552
2023-07-19,1900.571350059347,1915.4153742138576,1895.2206867658874,1904.0234375,1581708
2023-07-20,1903.5797800822302,1907.0071859172922,1881.6590473681306,1892.2125244140625,1073984
2023-07-21,1898.7961047849417,1920.3469699154925,1895.196046580698,1900.8426513671875,1781184
2023-07-24,1907.6975829363498,1932.6264900377716,1898.6481339305105,1916.0318603515625,1896302
2023-07-25,1922.8127613246793,1925.7716935041992,1887.8234123817083,1891.9166259765625,1092930
2023-07-26,1897.5631803651527,1908.5112050585055,1888.1191831703359,1902.8892822265625,680048
2023-07-27,1903.5797969075923,1907.4756763115056,1891.7440676003948,1900.10302734375,807498
2023-07-28,1898.648267800828,1947.4706518299922,1889.3276790095122,1937.6075439453125,2743224
2023-07-31,1945.0047907397766,1972.078972552591,1942.5390138752487,1953.635009765625,2155884
2023-08-01,1956.347312861618,1959.9720529168426,1901.1385943967614,1906.4892578125,1689700
2023-08-02,1906.5386498586736,1907.0318052259418,1831.2091675084635,1844.3271484375,1960584
2023-08-03,1843.858566532265,1870.5630020833755,1825.4392856843504,1857.494384765625,1441748
2023-08-04,1866.5929563802083,1873.9656046115556,1844.5489368272463,1849.33251953125,1013752
2023-08-07,1856.729843392255,1864.053248304778,1846.8667366544475,1850.343505859375,1035448
2023-08-08,1859.195728717494,1871.3766421706189,1845.2640896362554,1862.0313720703125,790866
2023-08-09,1867.086148746997,1893.297307350608,1855.2997840818036,1885.9493408203125,1270686
2023-08-10,1885.3329049209824,1903.5796528890903,1865.2861880832904,1869.8724365234375,791856
2023-08-11,1879.9575056382735,1907.9440709728422,1855.7682123133027,1869.5518798828125,2200848
2023-08-14,1866.5190090790113,1919.3605548166922,1832.269274904518,1912.8756103515625,2643174
2023-08-16,1913.46741059826,1930.7031657374448,1889.2781169706643,1923.3797607421875,1322556
2023-08-17,1927.7442827840305,1937.2375233682187,1904.2700397252436,1908.141357421875,1116772
2023-08-18,1908.5112494173625,1914.9222691182476,1864.1272668727727,1868.072509765625,1153394
2023-08-21,1867.9986992170536,1890.634483543727,1864.546611474033,1884.2728271484375,888908
2023-08-22,1887.7000657188635,1927.3497075502207,1884.8891043142737,1919.08935546875,1811764
2023-08-23,1923.3059023633753,1997.2298426047669,1921.0373395496024,1987.9586181640625,5100426
2023-08-24,2046.8137768714303,2046.8137768714303,1958.6547119270629,1962.886962890625,5055676
2023-08-25,1974.4451886381871,1989.394082430428,1926.5789754924695,1935.6373291015625,2341784
2023-08-28,1945.339295762563,1959.9912634798945,1930.4893774742993,1938.0380859375,1480930
2023-08-29,1942.096968232464,1944.8442271848623,1918.1885764950941,1929.1776123046875,1921322
2023-08-30,1944.3493292024955,1959.1992477045512,1930.5141793012026,1933.1129150390625,1591546
2023-08-31,1939.8942418793024,1944.8442144281141,1918.9064066119165,1930.6378173828125,1989702
2023-09-01,1940.2903515123992,1969.495190869819,1934.9443567483706,1951.155517578125,1778540
2023-09-04,1962.342512493302,1989.394065466928,1955.7590245089546,1963.282958984375,2012218
2023-09-05,1969.4950566430186,1972.5640153829866,1951.8731064345272,1956.64990234375,837472
2023-09-06,1960.9812441657027,1979.3455704762955,1955.7589987681358,1974.766845703125,1215652
2023-09-07,1979.989079612957,2014.5893404396163,1978.8753357556748,1999.9127197265625,2602116
2023-09-08,2009.6393846919539,2048.7441693441597,2005.2339572922324,2032.2359619140625,2895476
2023-09-11,2064.1387026969683,2064.1387026969683,2012.658984452248,2020.9254150390625,1653588
2023-09-12,2029.488845441231,2030.4046387476544,1945.3393079473262,1950.685302734375,1895288
2023-09-13,1955.2391293533303,1975.0390192708323,1925.588842541446,1965.28759765625,1477608
2023-09-14,1972.0442749226509,1974.7915338368412,1950.2891699002769,1959.298095703125,722168
2023-09-15,1967.0696060928772,1968.9753939250347,1950.3387950189888,1954.075927734375,786220
2023-09-18,2029.488850956675,2035.0080222971376,1959.125035841743,1971.8712158203125,2944968
2023-09-20,1972.2176703157047,2008.451446737709,1962.6641987221233,1976.326171875,2439714
2023-09-21,1983.3055869742893,1991.8690641285277,1931.2814451099223,1938.1370849609375,1535970
2023-09-22,1943.7552729535012,1959.446661992036,1908.2144453654919,1915.639404296875,1490806
2023-09-25,1923.8564396244851,1925.2423353025576,1888.4145867215366,1908.2144775390625,1657588
2023-09-26,1912.5704607678952,1938.8300899021046,1908.5361605401506,1916.2086181640625,1670334
2023-09-27,1917.6194260669058,1922.396101388027,1896.8295407042806,1899.6510009765625,1706940
2023-09-28,1915.4414428882803,1922.1733331052606,1866.139667523417,1870.2481689453125,1992076
2023-09-29,1879.0096721166694,1923.311928611517,1878.1186528441906,1908.8580322265625,1147905
2023-10-03,1919.7479455501598,1944.1513352471259,1906.8284684020766,1937.4688720703125,2009422
2023-10-04,1937.4689763759059,1939.3498694329658,1869.1098010437051,1897.0771484375,1825706
2023-10-05,1915.7879746739925,1952.2692496159418,1911.8279964800454,1924.40087890625,1976433
2023-10-06,1925.6878069133347,1944.349178885087,1923.5592945894725,1936.5281982421875,1029633
2023-10-09,1916.6294228444883,1927.519362747014,1896.4830581946046,1901.6309814453125,824232
2023-10-10,1920.5893813621315,1947.9627541889624,1916.1839540588928,1939.8447265625,1658275
2023-10-11,1945.1413216407348,1960.1891903177382,1937.9143131550366,1941.9732666015625,895385
2023-10-12,1941.9733221152535,1954.8432515104948,1938.4093658371296,1948.7547607421875,537987
2023-10-13,1940.3892418173305,1970.089077151269,1935.4888173268062,1955.338134765625,770978
2023-10-16,1954.2988136126673,1960.13968484978,1937.2214074167955,1943.6563720703125,786576
2023-10-17,1953.1107203801885,1953.1602684471793,1940.488289889775,1944.05224609375,449525
2023-10-18,1945.3392803931379,1964.198724809809,1930.4893622221978,1943.0128173828125,753713
2023-10-19,1937.4193006787493,1945.8342542075022,1926.6283361015014,1934.350341796875,437558
2023-10-20,1926.430391092977,1934.9938679961463,1885.989138481424,1893.5625,771497
2023-10-23,1893.5625737555374,1898.611642763176,1822.6789864117543,1826.8370361328125,1149806
2023-10-25,1826.5399090709873,1853.4677119654111,1764.7147989707357,1791.7415771484375,1625270
2023-10-26,1777.0401656927831,1813.5214396320644,1750.1123630536165,1801.2454833984375,1478145
2023-10-27,1811.6403871579762,1843.0232853211942,1807.383483316816,1835.8458251953125,1140613
2023-10-30,1851.2898505912851,1851.2898505912851,1811.7396157591409,1816.2440185546875,796456
2023-10-31,1817.6299510942033,1829.5098854150806,1800.4535702250566,1804.8095703125,691198
2023-11-01,1810.5515033298868,1813.4225116863224,1800.8000812105477,1804.4630126953125,575637
2023-11-02,1816.640035366148,1839.706957179313,1804.760100529966,1836.8853759765625,728430
2023-11-03,1847.0823635534089,1885.8406750248816,1838.4199110913469,1882.72216796875,1032482
2023-11-06,1890.8896025053707,1918.6094500813656,1888.9096133927994,1915.3919677734375,975588
2023-11-07,1920.5398775812964,2002.7589732405104,1910.6894801553065,1996.967529296875,2897381
2023-11-08,2006.6693832171638,2027.5088166102792,1988.65153094038,2024.0933837890625,1748876
2023-11-09,2024.5388311377149,2029.2413051953697,2005.7289349070954,2010.48095703125,679939
2023-11-10,2021.222276428524,2089.8288221355706,1975.0390092602452,2038.299560546875,4755794
2023-11-13,2051.2686912991926,2054.238674925591,2021.370904466359,2039.7353515625,1183911
2023-11-15,2045.3782974881797,2083.9385370430564,2020.1334363506035,2070.07861328125,1634396
2023-11-16,2071.9101732330523,2133.4382373192775,2064.138619401714,2093.1455078125,2450457
2023-11-17,2098.8874007120853,2127.3990484726733,2094.580828030605,2104.728271484375,1087862
2023-11-20,2115.91531715925,2145.318105802758,2094.8283857307965,2125.122314453125,1452454
2023-11-21,2132.4481129739283,2140.3185207616257,2113.63821782699,2122.84521484375,832725
2023-11-22,2123.4887043678636,2130.567310228038,2068.0490110642354,2090.967529296875,1014171
2023-11-23,2095.768748406886,2137.3980642790843,2086.5617514810247,2124.775634765625,1259937
2023-11-24,2133.339088822058,2228.477658621385,2124.280735667187,2217.884765625,2909879
2023-11-28,2285.8973107381735,2310.993768104727,2243.3275470475105,2264.117431640625,3488568
2023-11-29,2308.6672838421905,2332.4767010395744,2277.6308581113835,2319.953125,2349730
2023-11-30,2346.1881660025206,2419.546864422142,2283.9176007454507,2355.9892578125,7273415
2023-12-01,2470.036581680247,2474.9865547898266,2412.765296123248,2437.6142578125,4012398
2023-12-04,2508.6461555844676,2509.141152852736,2448.2564888557176,2494.192138671875,2351668
2023-12-05,2494.1921292260226,2547.255932862594,2480.134255200015,2527.406494140625,1840576
2023-12-06,2533.3959656631055,2726.5932987218025,2530.970527439229,2687.439208984375,6078296
2023-12-07,2702.685172007157,2714.2680601190377,2634.5239492867204,2662.837890625,2607706
2023-12-08,2672.9851219475167,2755.35261514351,2663.13472511547,2706.29833984375,2833575
2023-12-11,2712.535614967346,2784.8547677448064,2695.11185528921,2763.8173828125,2624284
2023-12-12,2777.0832310657634,2792.032246073336,2688.132362057487,2712.486083984375,2393861
2023-12-13,2721.494784204366,2750.2046236885153,2709.169401455055,2742.28466796875,1438726
2023-12-14,2757.13481739373,2785.3992100911496,2737.4833289281237,2745.2548828125,1193987
2023-12-15,2757.9764094167663,2764.8072751217633,2688.9242896639266,2734.1669921875,1430382
2023-12-18,2732.3850483985275,2821.2370622006174,2724.712590382191,2784.953857421875,2920105
2023-12-19,2791.7351261069566,2796.140553583009,2748.967409225134,2759.560302734375,1272030
2023-12-20,2769.95514426219,2791.7350239016546,2624.4754965554366,2639.226318359375,1947471
2023-12-21,2612.5955359745926,2710.5554453025743,2559.1358319417664,2679.420166015625,2206814
2023-12-22,2695.7551363487987,2699.71511451457,2650.8094808464493,2676.648193359375,1000294
2023-12-26,2682.885180287469,2801.6349759978857,2674.2227281370947,2792.427978515625,2160870
2023-12-27,2804.604903223956,2808.5648812702525,2760.1046982682815,2780.1025390625,1156573
2023-12-28,2784.35972190523,2798.7146431381634,2768.074359604687,2777.726806640625,1003223
2023-12-29,2779.805461951865,2801.684437097394,2756.1446900633023,2775.944580078125,765894
2024-01-01,2777.0339041532898,2831.285413996136,2777.0339041532898,2798.0712890625,1038164
2024-01-02,2801.5853447288932,2810.3468927513636,2720.9503408748624,2763.86669921875,1047639
2024-01-03,2735.355004542547,2857.6688823469217,2735.355004542547,2841.284423828125,2164728
2024-01-04,2847.2243045617415,2888.804075351586,2836.680959362043,2875.191650390625,1740167
2024-01-05,2950.183721136601,3048.193180328723,2935.4328992100723,2968.84521484375,5560237
2024-01-08,2986.8134716296963,3004.5838249526173,2955.1336469388943,2965.627685546875,1682520
2024-01-09,2989.7835504085,3044.0353002588017,2970.9736538993075,2980.131103515625,1979028
2024-01-10,2986.912645133256,2995.2285026508507,2948.352164160254,2987.110595703125,1248563
2024-01-11,2999.5844041070295,3012.405026946572,2982.8535928145407,2990.22900390625,723628
2024-01-12,2999.683457700468,2999.683457700468,2961.0736706211546,2971.9140625,867631
2024-01-15,2985.8235583232695,3008.7913835092554,2955.1337273192835,3000.22802734375,1135342
2024-01-16,3023.443264942751,3033.7886593401267,2912.3163800410407,2963.59814453125,2214293
2024-01-17,2950.18376114542,2978.0027046998057,2902.4660721402965,2928.700927734375,1643170
2024-01-18,2927.908917228631,2951.1737894365338,2817.227476853157,2937.907958984375,2066487
2024-01-19,2955.133639816236,3001.6633822187027,2952.361606822896,2997.851806640625,1203346
2024-01-23,2976.9137147653682,2991.763633528747,2818.762079935382,2861.579345703125,1628038
2024-01-24,2861.034612221708,2912.5143272164955,2791.784543948103,2902.119384765625,1330866
2024-01-25,2910.583846513757,2928.7007943061226,2846.234203648657,2874.74609375,1309130
2024-01-29,2880.884218072992,2955.133811322296,2874.845154476224,2947.164306640625,1213259
2024-01-30,2961.8160251851687,3034.333121815841,2956.1731049132104,2982.407958984375,1853804
2024-01-31,2984.8334151639383,2988.298395911226,2952.0151941937734,2969.389404296875,1074596
2024-02-01,2989.7834339811197,3043.243137767537,2925.5821930325387,2967.55810546875,1920618
2024-02-02,2981.8636305249174,3017.45388680598,2935.680480735287,2940.976806640625,1256014
2024-02-05,2950.183675338342,2974.9335383864823,2883.5569956731715,2903.158935546875,936558
2024-02-06,2907.564482139565,2939.293856208848,2877.963741398498,2928.849365234375,1421958
2024-02-07,2935.2346483866377,2948.203673245614,2892.763980263158,2920.236328125,893201
2024-02-08,2933.353956616087,3100.6630415530153,2926.4735425869585,3066.211181640625,4475010
2024-02-09,3095.71294139983,3095.71294139983,2890.7840706387924,2935.680419921875,3176427
2024-02-12,2945.233720648847,2957.163203050211,2799.7045250403153,2817.573974609375,2890465
2024-02-13,2833.166437612961,2903.654000887146,2796.586187509722,2893.358154296875,1805862
2024-02-14,2858.1142257916385,2936.719695280776,2826.7314473360666,2927.512939453125,1112043
2024-02-15,2960.0836459453735,3003.6434052837,2953.302086732867,2992.951416015625,1788864
2024-02-16,3013.5435016035904,3073.9331709852654,3004.8315009597695,3047.995361328125,2732655
2024-02-19,3068.933640869062,3082.7440168797016,2986.6652365327323,2991.51611328125,1615343
2024-02-20,3010.5136188714614,3010.5136188714614,2962.844778387756,2987.078125,979624
2024-02-21,2989.7209409563543,3016.69674067033,2927.043602691166,2939.9580078125,1281770
2024-02-22,2950.8778057307763,3001.737815224615,2931.929959056601,2997.399658203125,919890
2024-02-23,2997.748804749066,3057.085482687379,2997.748804749066,3037.140380859375,1388116
2024-02-26,3037.090416596829,3066.5593527293477,3005.427567995477,3041.378662109375,849178
2024-02-27,3036.5918796366896,3117.1701407182236,3024.924043616269,3087.003173828125,2050688
2024-02-28,3105.4524414418984,3161.29872812165,3052.8472338998113,3076.7314453125,2725678
2024-02-29,3076.4821490211343,3096.4771629704846,3005.826769500704,3075.584716796875,1382425
2024-03-01,3090.4935893640354,3155.3151715869017,3083.512803586188,3145.641845703125,1516443
2024-03-04,3148.334359625878,3217.9927259465603,3124.4002371580223,3206.125244140625,1892157
2024-03-05,3220.1367053249055,3257.783085202891,3192.213562633949,3228.11474609375,1502498
2024-03-06,3229.9098686424627,3236.0928015723257,3145.6418126384992,3219.3388671875,1292669
2024-03-07,3253.046081146711,3324.848447131556,3246.1152070131034,3308.1943359375,2251410
2024-03-11,3355.7633101340175,3418.5903795362296,3326.8429131076027,3362.195556640625,2519751
2024-03-12,3365.7358177390197,3370.722093024559,3232.2034629804666,3258.580810546875,1421483
2024-03-13,3241.0789272623992,3261.3731650105237,3007.471930735871,3031.15673828125,3448647
2024-03-14,3045.5671933469353,3169.1769154909284,3008.768577189946,3157.259765625,2329439
2024-03-15,3156.2623615049974,3173.814147993964,2997.7487180077005,3090.59326171875,2864705
2024-03-18,3129.3863634248646,3175.2600959671026,3096.875751235002,3113.38037109375,1967550
2024-03-19,3103.2084454908486,3135.7687259431914,3026.0210009232287,3050.50341796875,1666528
2024-03-20,3065.562200199736,3071.5457308442374,2905.6025783582495,2972.31884765625,2975349
2024-03-21,3015.699347597389,3119.862591514586,3011.710327296334,3112.7822265625,1962690
2024-03-22,3105.5022101293475,3201.08896283596,3076.531901551919,3162.096435546875,2086220
2024-03-26,3184.235595551712,3295.928168900222,3171.271279002331,3291.73974609375,2573125
2024-03-27,3307.89521801961,3315.7734360436416,3236.092849705648,3272.0439453125,1503735
2024-03-28,3281.966492634834,3335.8182673544575,3263.018645974226,3317.86767578125,1385868
2024-04-01,3382.689357811933,3444.7684888625795,3352.871527193472,3394.00830078125,2513886
2024-04-02,3430.557387586438,3574.1621154388936,3402.634246059572,3533.274658203125,3169551
2024-04-03,3530.2830291285277,3600.8887384051945,3498.670091375343,3579.44775390625,2077663
2024-04-04,3600.041072035458,3605.027347635854,3502.559384047726,3531.23046875,1591827
2024-04-05,3535.269174217776,3585.131927027617,3498.2212462682523,3576.20654296875,1123258
2024-04-08,3590.1183255463025,3590.1183255463025,3533.324696840437,3557.3583984375,865339
2024-04-09,3558.2062591224458,3579.148616589254,3517.3187993062966,3536.815185546875,649755
2024-04-10,3540.255649903402,3613.6537235825517,3538.9092581131317,3555.61328125,1160813
2024-04-12,3555.214326486355,3667.455433370082,3540.255500428207,3628.11376953125,3042596
2024-04-15,3630.008578304746,3689.8438845405385,3554.2671018553688,3619.2880859375,3848159
2024-04-16,3616.04688373799,3728.68679519784,3575.5085625315996,3711.932861328125,2939862
2024-04-18,3733.722995542441,3757.6571173087386,3642.6735586290547,3667.056396484375,2294396
2024-04-19,3649.9537328367605,3750.8259906607072,3611.0607832245655,3741.003173828125,2256325
2024-04-22,3789.5693296171244,3799.541880484538,3722.3544341589495,3775.109130859375,1337755
2024-04-23,3789.5692513378785,3821.331922582677,3772.6658266608747,3785.281005859375,1321429
2024-04-24,3815.5978788738266,3989.0204453470974,3802.0351119714524,3935.86669921875,4429158
2024-04-25,3947.7341057943313,4023.9242974583867,3928.1878085969233,3989.768310546875,2632613
2024-04-26,4008.9156023692362,4028.8607044280343,3955.4628749339468,3973.463134765625,1432727
2024-04-29,3995.3529319400595,4033.6474290947303,3964.388113439823,4006.671630859375,1202126
2024-04-30,4024.273352145473,4024.771979681468,3919.212432923072,3928.536865234375,2054258
2024-05-02,3931.179556611871,3962.1942872346217,3920.608555291643,3936.365234375,1008325
2024-05-03,3941.4015282548157,3956.111041201051,3869.3498461961376,3909.439453125,1180369
2024-05-06,3925.196125326206,3927.589440209552,3774.660514691546,3805.92431640625,1613143
2024-05-07,3804.976961500006,3828.462368039199,3683.2619266065904,3704.802734375,1975562
2024-05-08,3692.8356482536587,3872.540969209929,3660.923484941718,3845.914306640625,1993745
2024-05-09,3885.1062965464835,3943.146492121861,3809.963030675395,3836.091064453125,2335375
2024-05-10,3849.404550021376,3896.9735679169235,3810.162465834393,3862.26904296875,1462534
2024-05-13,3864.8620600021613,3926.193247381889,3752.2720589322844,3910.985107421875,1619124
2024-05-14,3968.72599474822,4075.0334813343893,3965.0861111741897,4063.51513671875,2964966
2024-05-15,4094.529944330084,4182.089237472206,4039.8805576307523,4170.8701171875,2310941
2024-05-16,4203.430226280702,4643.6185279151205,4145.589430758928,4591.0634765625,10028325
2024-05-17,4632.200373018381,4653.142730577252,4472.738889481617,4519.26123046875,5664667
2024-05-21,4736.961570945946,4856.632179054054,4712.179685128702,4769.123046875,5540182
2024-05-22,4796.796934857537,4946.983647295529,4722.00280385664,4907.69189453125,5032087
2024-05-23,4930.4292805005625,4979.294781055685,4894.528096419248,4936.31298828125,3335143
2024-05-24,4936.412561444488,5363.237728373426,4907.591987514345,5152.4677734375,9073866
2024-05-27,5178.2471091815405,5208.863035542304,5011.505861606857,5128.23486328125,4228002
2024-05-28,5124.8938597812075,5193.604637454103,4941.398924930119,5005.97119140625,4402348
2024-05-29,4986.275350899441,5137.858121566784,4936.4125973904465,5037.88330078125,4225666
2024-05-30,5048.155115339236,5076.028590884827,4939.454306614983,4962.5908203125,2751972
2024-05-31,5006.2204900728375,5028.9577110681,4848.853833587567,4960.197265625,3912234
2024-06-03,5429.056821878007,5429.056821878007,5148.129862457417,5259.17431640625,4619434
2024-06-04,5130.87758618572,5130.87758618572,3944.3933086027346,4321.45556640625,15486676
2024-06-05,4409.014053422025,4436.887526760574,3909.2397840326694,4352.91845703125,13759681
2024-06-06,4437.784985493132,4786.824254015063,4437.784985493132,4653.79052734375,9128985
2024-06-07,4653.840473663641,4774.857478961609,4537.5107621711195,4732.125,4542809
2024-06-10,4786.824411728003,4830.703635502176,4738.507208045739,4799.48974609375,2877321
2024-06-11,4817.788883909731,4909.037722298855,4816.74196086853,4843.26904296875,2718189
2024-06-12,4868.399646784392,4911.780242693256,4828.260129880213,4875.580078125,2031876
2024-06-13,4926.440310427256,5103.5027628404105,4842.670880047521,5085.7021484375,4364888
2024-06-14,5125.891299804352,5245.561913807565,5089.740801824214,5186.27490234375,6319680
2024-06-18,5445.1124741122785,5551.718943100494,5374.706169182703,5518.26123046875,9934132
2024-06-19,5564.683161143332,5567.475280497994,5246.658624107038,5297.369140625,7351379
2024-06-20,5296.421913271037,5366.5287530461355,5142.445820975735,5274.08349609375,4867153
2024-06-21,5283.955912749925,5326.837880146027,5136.860792030738,5156.35693359375,4063083
2024-06-24,5155.808896116912,5329.730089150921,5100.561060653099,5310.43310546875,3699083
2024-06-25,5360.246175418745,5440.026583611024,5315.369695810588,5356.9052734375,3493916
2024-06-26,5352.816144517206,5395.149816131808,5260.121579859322,5270.94189453125,2351908
2024-06-27,5250.548220165613,5294.876405138844,5198.690953793607,5267.0029296875,2864946
2024-06-28,5284.454908570339,5329.33138920549,5235.639075414156,5249.80029296875,1565629
2024-07-01,5255.534352540876,5394.152810795749,5238.879997671998,5379.24365234375,2307080
2024-07-02,5385.177476336762,5405.1225781009725,5285.451967515712,5329.380859375,1706329
2024-07-03,5352.218336214722,5464.957828018167,5316.815780941976,5444.314453125,2852572
2024-07-04,5459.971400872516,5553.414393870218,5444.314301805052,5499.96142578125,3743401
2024-07-05,5519.806917393929,5609.5102074222705,5467.451025223526,5536.76025390625,3446662
2024-07-08,5564.683508089543,5646.907386601053,5545.237033464498,5606.5185546875,3536842
2024-07-09,5623.421769371739,5659.173462624969,5501.906136247018,5524.39453125,2392991
2024-07-10,5553.513854692118,5564.68330628398,5304.399732280373,5471.0908203125,2121407
2024-07-11,5484.903117858273,5559.697251283613,5449.9991889264475,5532.37255859375,1843378
2024-07-12,5554.710828667299,5563.137828919848,5431.051198011151,5474.1328125,1387762
2024-07-15,5479.91648852642,5519.80669044472,5414.097655361225,5489.490234375,1316307
2024-07-16,5477.124411315108,5485.900061028286,5297.119873773641,5314.77099609375,2661970
2024-07-18,5310.3835710480735,5310.3835710480735,4961.344275298435,5001.982421875,7950717
2024-07-19,4996.247984927543,5006.220535795662,4769.970903118118,4787.07373046875,6373234
2024-07-22,4786.575314762964,5059.9230435437385,4665.159502570164,4983.533203125,6315834
2024-07-23,5031.151895675673,5055.086017676905,4497.620426064873,4842.7705078125,7108160
2024-07-24,4841.673379464056,4953.5154385139485,4789.915938563022,4836.1884765625,2601966
2024-07-25,4766.879084005951,4880.316844634754,4719.060510133742,4816.79150390625,2232884
2024-07-26,4836.687223572476,4920.207338000145,4828.7091827913255,4891.93505859375,1492223
2024-07-29,4933.221056660316,5028.1599316212105,4897.519520863102,5016.19287109375,2448415
2024-07-30,5036.088694723409,5068.05052658556,4931.526397864041,4940.052734375,2499857
2024-07-31,4940.052664872101,4974.208652297012,4898.517087041387,4909.33740234375,1298852
2024-08-01,4908.4897173136205,4933.321272497775,4784.4312773524025,4800.087890625,2347381
2024-08-02,4726.9888870587765,4754.912028163765,4618.637224409214,4682.8603515625,3205399
2024-08-05,4488.69493178099,4650.998201428564,4467.802729327346,4578.498046875,3622642
2024-08-06,4588.370409309134,4724.096916761866,4487.647650921778,4501.908203125,2117464
2024-08-07,4588.320906106788,4735.96432434782,4557.4556669339945,4727.43798828125,2000224
2024-08-08,4728.98347437074,4746.884397397846,4647.208559799166,4655.037109375,1301394
2024-08-09,4733.670813121611,4760.397054094626,4689.641612436919,4710.93310546875,1039025
2024-08-12,4677.126206124108,4746.63507820685,4669.247988580872,4713.57568359375,1030708
2024-08-13,4734.967165037886,4760.995620262533,4672.140094398166,4688.4453125,1465327
2024-08-14,4691.88560215468,4798.292916156654,4581.140618018213,4648.904296875,3928422
2024-08-16,4756.4080495058115,4781.439249114905,4647.208619498288,4756.70703125,2878549
2024-08-19,4796.7969809653605,4844.665225266054,4761.344757306544,4779.095703125,2362884
2024-08-20,4783.832697591508,4796.747345866707,4670.744067044142,4723.0498046875,1472860
2024-08-21,4710.0,4772.60009765625,4702.2998046875,4731.14990234375,949203
2024-08-22,4740.0,4814.0,4722.0,4768.10009765625,1218312
2024-08-23,4807.0,4864.0,4777.60009765625,4822.75,1857673
2024-08-26,4850.0,4850.0,4770.0,4802.0,1390960
2024-08-27,4795.0,4798.60009765625,4715.0,4721.4501953125,1074033
2024-08-28,4724.0,4763.0,4670.0,4685.14990234375,798611
2024-08-29,4660.0,4683.4501953125,4540.4501953125,4601.9501953125,1715519
2024-08-30,4614.0,4702.4501953125,4602.7998046875,4679.9501953125,1630572
2024-09-02,4699.0,4715.0,4662.7998046875,4688.0,1121937
2024-09-03,4922.64990234375,4925.0,4801.64990234375,4832.35009765625,3960603
2024-09-04,4845.0,4950.0,4795.35009765625,4861.85009765625,3164300
2024-09-05,4871.0,4887.89990234375,4776.0498046875,4792.4501953125,1801363
2024-09-06,4785.0,4797.5,4695.0,4703.4501953125,1417853
2024-09-09,4688.10009765625,4692.9501953125,4581.2001953125,4656.85009765625,1571610
2024-09-10,4680.0,4736.89990234375,4676.0,4685.39990234375,1258288
2024-09-11,4670.0,4708.39990234375,4585.0,4598.75,1173915
2024-09-12,4607.9501953125,4653.7001953125,4596.14990234375,4641.7001953125,933061
2024-09-13,4658.0,4690.0,4632.0,4644.9501953125,867679
2024-09-16,4655.0,4662.89990234375,4590.0498046875,4597.35009765625,642977
2024-09-17,4599.0,4599.89990234375,4426.5498046875,4458.5,2413098
2024-09-18,4453.9501953125,4485.0,4421.0,4437.64990234375,1326709
2024-09-19,4435.0,4464.10009765625,4172.0,4231.7998046875,4675647
2024-09-20,4229.9501953125,4393.4501953125,4192.64990234375,4333.35009765625,3502389
2024-09-23,4370.0,4460.7998046875,4354.0,4437.9501953125,1698571
2024-09-24,4437.9501953125,4444.0,4362.0,4402.4501953125,1374111
2024-09-25,4399.9501953125,4440.0,4372.5498046875,4389.25,1032339
2024-09-26,4390.9501953125,4405.0,4318.0,4369.2998046875,995154
2024-09-27,4391.0498046875,4484.35009765625,4374.4501953125,4474.14990234375,2193012
2024-09-30,4460.0,4463.0,4385.0,4420.64990234375,1327395
2024-10-01,4428.0,4446.0,4398.0498046875,4426.10009765625,841972
2024-10-03,4344.9501953125,4428.89990234375,4254.0,4267.4501953125,1628669
2024-10-04,4260.0,4334.35009765625,4200.0,4256.64990234375,1374135
2024-10-07,4256.64990234375,4318.64990234375,4120.35009765625,4165.89990234375,1656254
2024-10-08,4160.0,4389.7998046875,4145.0,4368.2998046875,2008330
2024-10-09,4386.0,4447.85009765625,4368.0,4386.5498046875,1355805
2024-10-10,4398.0,4538.0,4365.0498046875,4482.25,2294983
2024-10-11,4486.0,4515.0,4431.35009765625,4446.14990234375,860513
2024-10-14,4518.2998046875,4544.7998046875,4488.4501953125,4507.5498046875,1482299
2024-10-15,4524.0,4597.89990234375,4498.4501953125,4575.39990234375,1760628
2024-10-16,4619.0,4676.60009765625,4600.0,4656.25,2398061
2024-10-17,4671.0,4671.0,4505.25,4518.60009765625,1346544
2024-10-18,4493.60009765625,4559.0,4423.25,4524.7001953125,1369365
2024-10-21,4534.7998046875,4586.7998046875,4490.0,4514.4501953125,1095298
2024-10-22,4499.9501953125,4507.75,4290.4501953125,4301.7001953125,1544137
2024-10-23,4282.0,4305.5498046875,4191.4501953125,4233.75,1624578
2024-10-24,4234.25,4284.4501953125,4185.0498046875,4197.14990234375,956246
2024-10-25,4200.0,4218.89990234375,4075.199951171875,4165.60009765625,1520490
2024-10-28,4200.0,4218.89990234375,4098.2001953125,4148.75,1207398
2024-10-29,4150.0,4285.0,4115.2001953125,4274.5,1523375
2024-10-30,4264.9501953125,4334.0,4225.0,4236.2998046875,1526646
2024-10-31,4236.0,4270.2001953125,4195.5498046875,4246.7001953125,1137221
2024-11-01,4269.7998046875,4295.5498046875,4257.0498046875,4288.0,170153
2024-11-04,4287.9501953125,4287.9501953125,4196.0,4208.25,1013884
2024-11-05,4200.0,4280.0,4130.0,4261.9501953125,1215686
2024-11-06,4276.0,4420.0,4270.0498046875,4390.14990234375,1228872
2024-11-07,4404.0,4454.0,4381.10009765625,4433.7998046875,1185134
2024-11-08,4435.5498046875,4476.85009765625,4380.0,4400.60009765625,1073330
2024-11-11,4383.9501953125,4489.89990234375,4347.2001953125,4443.7001953125,1152838
2024-11-12,4455.0,4469.0,4221.0,4243.5,1366992
2024-11-13,4220.0,4220.0,4045.550048828125,4066.89990234375,2076393
2024-11-14,4080.0,4185.0,3920.35009765625,4087.050048828125,3878379
2024-11-18,4189.9501953125,4248.0,4060.050048828125,4077.85009765625,1939714
2024-11-19,4100.0,4148.7001953125,4040.0,4057.14990234375,1425438
2024-11-21,4072.449951171875,4079.800048828125,3931.050048828125,3983.449951171875,2061517
2024-11-22,3992.0,4127.10009765625,3988.10009765625,4111.35009765625,1404647
2024-11-25,4280.0,4319.10009765625,4231.25,4289.9501953125,2249045
2024-11-26,4309.7998046875,4408.35009765625,4301.0498046875,4364.5498046875,1967056
2024-11-27,4376.0,4488.7001953125,4355.0,4474.64990234375,2144888
2024-11-28,4500.0,4529.5,4451.25,4466.85009765625,1454277
2024-11-29,4459.0,4499.0,4420.7001953125,4476.85009765625,967791
2024-12-02,4475.0,4526.4501953125,4444.0,4504.75,1068673
2024-12-03,4520.0,4545.0,4481.39990234375,4518.85009765625,1089664
2024-12-04,4605.85009765625,4627.0,4490.0,4521.35009765625,2420334
2024-12-05,4540.0,4577.0,4513.25,4568.85009765625,1129143
2024-12-06,4584.39990234375,4611.10009765625,4550.0,4559.64990234375,912032
2024-12-09,4561.0,4646.9501953125,4551.0,4618.9501953125,1524379
2024-12-10,4627.0,4649.89990234375,4601.0,4627.7001953125,1313990
2024-12-11,4624.5498046875,4660.0,4591.5498046875,4649.7001953125,767757
2024-12-12,4650.0,4723.4501953125,4645.0,4660.5498046875,1327850
2024-12-13,4754.5,4755.0,4660.5498046875,4669.64990234375,3312042
2024-12-16,4692.10009765625,4699.0,4651.14990234375,4676.35009765625,741557
2024-12-17,4676.0,4716.0,4605.39990234375,4622.60009765625,936875
2024-12-18,4624.39990234375,4628.0,4472.35009765625,4482.85009765625,1240240
2024-12-19,4399.4501953125,4442.9501953125,4375.0,4385.10009765625,1084324
2024-12-20,4385.0,4420.0,4175.0,4190.2001953125,1598164
2024-12-23,4239.0,4249.85009765625,4150.0,4226.0,947680
2024-12-24,4255.0,4281.5,4205.75,4216.2001953125,947702
2024-12-26,4233.0,4245.0,4195.0,4229.2001953125,637396
2024-12-27,4240.0,4293.0,4203.2001953125,4233.35009765625,873116
2024-12-30,4239.0,4250.0,4050.0,4081.050048828125,3291426
2024-12-31,4081.050048828125,4198.89990234375,4081.0,4178.35009765625,901281
2025-01-01,4178.35009765625,4187.25,4127.0,4170.2001953125,696846
2025-01-02,4180.0,4242.0,4177.9501953125,4235.7998046875,1347694
2025-01-03,4240.0,4270.0498046875,4197.0,4206.0,853004
2025-01-06,4218.0,4220.0,4070.0,4101.75,1131463
2025-01-07,4109.5,4199.0,4105.10009765625,4163.39990234375,706292
2025-01-08,4171.0,4181.7001953125,4100.0,4109.7998046875,958207
2025-01-09,4117.0,4133.35009765625,4057.199951171875,4097.35009765625,1134421
2025-01-10,4095.0,4095.0,3981.0,4000.5,1321248
2025-01-13,3900.0,3985.25,3772.35009765625,3788.25,1959105
2025-01-14,3805.0,3873.949951171875,3780.0,3828.35009765625,1803243
2025-01-15,3853.949951171875,3874.0,3801.550048828125,3822.800048828125,1061461
2025-01-16,3877.0,3944.60009765625,3860.0,3918.75,1076967
2025-01-17,3934.0,4142.0,3882.199951171875,4116.60009765625,2907534
2025-01-20,4133.5,4242.0,4105.0,4187.5,2062527
2025-01-21,4210.0,4233.35009765625,4037.050048828125,4050.800048828125,2319540
2025-01-22,4078.0,4078.0,3820.0,3903.449951171875,2506920
2025-01-23,3903.449951171875,3970.0,3875.050048828125,3922.550048828125,1649481
2025-01-24,3940.0,3974.050048828125,3836.25,3849.800048828125,1149113
2025-01-27,3817.050048828125,3817.050048828125,3656.0,3670.64990234375,2193288
2025-01-28,3675.85009765625,3696.550048828125,3485.0,3599.14990234375,3530307
2025-01-29,3619.0,3710.0,3577.550048828125,3700.5,1582724
2025-01-30,3725.0,3798.800048828125,3707.050048828125,3779.14990234375,1513385
2025-01-31,3804.10009765625,3969.0,3784.800048828125,3936.800048828125,1976237
2025-02-01,3972.0,4052.85009765625,3681.64990234375,3774.949951171875,4570653
2025-02-03,3720.0,3730.0,3513.0,3528.550048828125,3692250
2025-02-04,3600.0,3738.89990234375,3580.0,3729.75,2467011
2025-02-05,3765.0,3853.800048828125,3750.0,3817.300048828125,1621003
2025-02-06,3830.0,3846.0,3748.050048828125,3771.89990234375,1253037
2025-02-07,3795.0,3834.300048828125,3748.60009765625,3818.85009765625,1391172
2025-02-10,3818.0,3849.0,3753.60009765625,3786.64990234375,1336859
