Date,Open,High,Low,Close,Volume
2010-01-04,89.28658515191847,90.3076515640751,87.69825962189705,87.92516326904297,141514
2010-01-05,89.76308885120963,89.85384892986512,87.85709950124374,88.62857055664062,125966
2010-01-06,88.03861917345908,103.78573163039974,87.13100454280486,99.99644470214844,2257898
2010-01-07,101.97050501246493,103.64959073779202,94.66421120102804,95.4583740234375,2102706
2010-01-08,96.34329100011104,96.66095472462472,93.93811092956487,94.3465347290039,393398
2010-01-11,95.52645213055375,97.11477793795014,93.71122263638645,94.59614562988281,293516
2010-01-12,95.48103731824553,96.20713164767007,92.12286662489163,92.75819396972656,368222
2010-01-13,91.01106864206356,93.93812476804165,91.01106864206356,92.28173065185547,238624
2010-01-14,93.43892147631878,95.29953419955872,93.03049767099779,93.91542053222656,210292
2010-01-15,94.39193075038644,95.75335282851701,93.96081514388857,94.45999908447266,139632
2010-01-18,96.20714540425716,96.66095269389989,93.93810895604355,95.20877075195312,282422
2010-01-19,94.52805898246078,96.16176105601319,92.44054269872477,92.9624252319336,447072
2010-01-20,93.93810683476809,97.06937429277387,93.93810683476809,94.14231872558594,390122
2010-01-21,94.39192291047755,95.52644121469002,93.03050094542259,93.46161651611328,265082
2010-01-22,92.69014465946807,94.3465385995969,89.9673007527028,93.55237579345703,225272
2010-01-25,93.93811900751275,96.16177219487524,93.05319608293178,94.09695434570312,209922
2010-01-27,93.48429752644756,94.27846024815281,90.76145390917239,90.98835754394531,292512
2010-01-28,90.85224006792978,94.39193917178189,88.67396316367069,91.28335571289062,446958
2010-01-29,92.98511665305553,93.03050015465834,86.90410136398572,88.62857055664062,691496
2010-02-01,89.26388948495834,90.30764760093432,87.44866038745212,87.97054290771484,306160
2010-02-02,88.49242579511795,89.58156057354554,85.58806176961103,85.8830337524414,281652
2010-02-03,86.85871694061993,88.9235415997332,85.76958215921186,86.13262939453125,499162
2010-02-04,86.72258164501659,87.58481278342715,85.31577618282023,87.1990737915039,196022
2010-02-05,85.36115867428549,86.6771971172403,84.49892062153053,86.29145812988281,132428
2010-02-08,87.74365264733956,88.37898015850475,85.42923242535825,86.06455993652344,122152
2010-02-09,87.58479158528645,88.7193096110026,84.8619483235677,85.08885192871094,124892
2010-02-10,86.10994267819319,86.22339451307882,85.22501975099537,85.40653991699219,80150
2010-02-11,86.22336946160671,87.08560038640339,84.90733132911735,85.42920684814453,133178
2010-02-15,86.17801514585868,88.03862809711282,85.95111146519602,86.69989776611328,116548
2010-02-16,87.35790629455927,87.81171359998555,86.4502916837067,87.40328979492188,99386
2010-02-17,88.40166962700138,89.80846820096974,87.58481504478246,88.51512145996094,128082
2010-02-18,88.94621654407503,92.53129086965447,88.08398558208971,88.9916000366211,227992
2010-02-19,89.83114817658779,94.75495985139493,89.01429370144957,93.07587432861328,2097296
2010-02-22,94.89110970485022,95.66258073404619,89.67232572707476,90.82952880859375,467430
2010-02-23,90.67069650494035,92.57668570813918,89.44541822606608,90.12612915039062,144648
2010-02-24,89.85384835526912,90.94298314127053,88.58318648856742,88.96892547607422,80822
2010-02-25,89.40003257800059,90.67069432442521,88.4924180340615,89.05967712402344,57336
2010-02-26,88.67395389351472,90.76147048447798,88.53781722742853,89.4681167602539,61972
2010-03-02,90.30763772587898,93.03048107439794,90.30763772587898,92.75819396972656,147566
2010-03-03,93.05319271055373,93.87004727462084,92.23633814648662,92.71283721923828,148716
2010-03-04,93.93809906833476,93.93809906833476,92.07748660682351,92.55398559570312,137530
2010-03-05,94.57344270709622,100.13258237644472,94.39192254893757,98.22659301757812,1082190
2010-03-08,99.83760810047369,102.10664464821173,98.7711581532168,99.5880126953125,634642
2010-03-09,100.04181960305934,102.56045154584291,99.20228023849813,101.76628875732422,611156
2010-03-10,102.81002850219598,104.33027855555726,101.65281869023224,103.80840301513672,482586
2010-03-11,104.42107039096041,108.68685656350756,104.05802313861481,107.21198272705078,1192534
2010-03-12,107.89267443702856,111.18277702238485,106.6673962384264,109.34485626220703,1038560
2010-03-15,108.91376610923942,108.91376610923942,96.4794472482549,103.558837890625,531207
2010-03-16,104.46644572250538,105.64634754740491,102.60583982884111,103.46807098388672,148939
2010-03-17,104.7387262410793,104.82948631618335,103.46806441597317,104.37567901611328,703036
2010-03-18,105.23790841847183,105.28329191756654,102.60583166017247,104.64796447753906,462796
2010-03-19,105.14716151820936,107.09853450641432,103.46807570958673,104.42107391357422,149406
2010-03-22,104.33029362211855,108.91375003943116,97.2962805987386,105.14714813232422,1352120
2010-03-23,105.41944086129432,108.00614117683799,102.56045338640918,103.33192443847656,147025
2010-03-25,103.92186905206172,105.96400185002801,100.74521803300307,103.64958190917969,235165
2010-03-26,103.01426365501001,104.69334938694374,99.92837243373842,103.46807098388672,253549
2010-03-29,103.55882175373137,104.28491618447073,101.19902524065299,102.15202331542969,167279
2010-03-30,102.56043955457153,104.2395250119268,101.78896860654875,103.74034118652344,113644
2010-03-31,104.33028631139057,107.00775330030515,102.33353713707227,104.55718994140625,127139
2010-04-01,105.10177782277003,105.5102016399433,103.01426138609519,104.8294906616211,165771
2010-04-05,106.19092225419713,107.09853697431848,104.37569281395444,106.64472961425781,145809
2010-04-06,107.05313292129524,107.05313292129524,104.37567278065474,104.6933364868164,197375
2010-04-07,104.69333502106528,106.19090038577453,101.92511484949905,102.78734588623047,145345
2010-04-08,104.01263016243085,104.42106088082828,100.74521903800026,101.4713134765625,639328
2010-04-09,103.33192431138565,103.74035504989553,99.38380205309069,100.74522399902344,224542
2010-04-12,101.01751859677856,101.65284611517818,97.65934006145748,98.65771484375,199767
2010-04-13,100.24604018377623,100.29142368829704,98.47619430027358,99.24766540527344,312758
2010-04-15,100.56370894203708,104.28492773136968,98.9299997542567,103.69497680664062,317181
2010-04-16,103.46805260756851,103.46805260756851,101.65282361445327,101.74358367919922,96218
2010-04-19,101.65284146963086,103.92187810957797,99.24766124637685,102.46969604492188,113567
2010-04-20,103.42268748117893,104.28492556077482,102.28816915898719,103.46807098388672,86719
2010-04-21,104.01263576930155,105.78248846199595,102.56045373844597,105.41944122314453,129749
2010-04-22,106.1001350166894,106.64470232450046,104.33028261061722,106.1908950805664,79321
2010-04-23,106.19090754570043,107.41618586324086,104.82948565408888,107.14390563964844,71583
2010-04-26,107.32542339916961,108.4599416169198,106.23628867994927,107.41618347167969,98461
2010-04-27,107.05312901208629,109.36754878948427,105.55557060564557,108.41455078125,119026
2010-04-28,108.00613843913797,108.41456224324752,104.8294873085751,106.87162017822266,139147
2010-04-29,108.00613513002939,108.00613513002939,106.37242611454519,107.32542419433594,33790
2010-04-30,107.9607571269271,108.45994794166694,106.19091137384964,107.09852600097656,49426
2010-05-03,107.77922769805929,108.36917853984276,105.41943125547482,107.28003692626953,44802
2010-05-04,108.00613129477479,108.91374584347037,104.46643316995211,105.69171142578125,58574
2010-05-05,102.56044477239584,106.10014292378666,100.74521566137999,105.6009521484375,64236
2010-05-06,105.73709819672561,106.19090548512357,104.37567633153171,105.23790740966797,23643
2010-05-07,104.42106003728416,105.01100397373177,102.69659095304192,104.73872375488281,56720
2010-05-10,104.51180966292024,107.82460392854857,104.37566610483023,106.1908950805664,72485
2010-05-11,104.4664422934229,107.05314259820227,104.10339505732841,105.51020050048828,63818
2010-05-12,106.14551729696669,106.5993245653155,103.2865370460087,105.3740463256836,48807
2010-05-13,106.19091410507824,107.05314525320536,105.10177929433344,106.23629760742188,45885
2010-05-14,105.73710677984286,106.87162509293131,105.19253937447046,106.23629760742188,38560
2010-05-17,106.82622491657295,106.82622491657295,103.74034112627402,105.82785034179688,40894
2010-05-18,95.93486166117997,107.00776407568476,95.93486166117997,106.28166961669922,26182
2010-05-19,106.19091284570473,117.44532883842989,105.73710552585129,108.50533294677734,488286
2010-05-20,107.55232340714026,108.00613067890035,104.19415236593541,105.28328704833984,169580
2010-05-21,104.42106224955685,104.42106224955685,102.10664225528382,103.37730407714844,68232
2010-05-24,104.33028411865234,105.51018573975527,103.5588131777231,104.33028411865234,52832
2010-05-25,104.3302803575732,105.192518257157,98.2946496832309,100.01911163330078,107271
2010-05-26,101.60744903010033,103.0142543929517,101.60744903010033,102.15202331542969,571113
2010-05-27,103.5134512879514,104.37568241635341,101.87974218465801,102.33354949951172,47420
2010-05-28,103.37731623223996,104.23954743173456,101.69823041374745,102.2427978515625,32165
2010-05-31,102.1066448032456,103.0142594237189,100.88136645051665,101.42593383789062,33526
2010-06-01,101.4259433176303,102.51507819417385,97.65934090571197,99.65609741210938,48007
2010-06-02,99.83761092814284,102.78735852374706,99.83761092814284,102.06126403808594,131702
2010-06-03,103.37729726708122,103.37729726708122,101.06287742527255,101.6074447631836,137390
2010-06-04,101.06288382003058,103.37730380828427,101.06288382003058,102.3789291381836,43961
2010-06-07,102.19738871412092,102.19738871412092,99.61068883986341,101.51667785644531,62402
2010-06-08,100.60907929455466,103.05964292456257,100.60907929455466,101.42593383789062,37641
2010-06-09,100.83598658685952,101.6528411596597,99.56532468745372,100.3821792602539,377173
2010-06-10,100.74522656780532,103.37731044863101,100.06451557748231,102.96887969970703,40260
2010-06-11,104.78410459302214,104.96563167085796,101.3351732087413,102.51506805419922,49764
2010-06-14,102.1520255816425,103.42268047680096,101.06288391137117,102.28816223144531,55800
2010-06-15,102.78735102599157,105.73709840642842,101.9251199461453,104.73872375488281,74679
2010-06-16,105.9640051142418,105.9640051142418,102.60583384618,103.28654479980469,60214
2010-06-17,103.83111525575258,107.09852654509984,102.65121346467296,103.33192443847656,283310
2010-06-18,103.96727203889417,104.73874318893563,102.33356272447026,103.10503387451172,42857
2010-06-21,103.46807078158855,104.10339827095363,101.19903414164143,102.46969604492188,59589
2010-06-22,102.10663525605597,107.8699861722657,101.8343481255534,102.19739532470703,41908
2010-06-23,102.56045295961442,106.28167154934528,102.56045295961442,105.51020050048828,88257
2010-06-24,104.87486498947958,112.45344516695961,104.87486498947958,108.18765258789062,286502
2010-06-25,108.09690119865755,114.72249077670634,107.325430146993,111.77274322509766,482239
2010-06-28,113.45182947767212,117.3545751815241,112.99802215976142,116.35619354248047,362514
2010-06-29,116.99151482793422,120.98502732371921,114.90400543072134,117.853759765625,423211
2010-06-30,116.53770118631799,119.66898242295336,114.58633546847457,118.67060089111328,158672
2010-07-01,118.85212808840438,120.80350777125234,117.49070619999404,118.2621841430664,166241
2010-07-02,118.44369989579218,119.5328345962785,115.72085622002685,116.22004699707031,110902
2010-07-05,117.17304198359054,117.9898895252799,113.9056241186356,114.49557495117188,119318
2010-07-06,115.22167374995537,115.99315172001533,113.45182800292969,113.45182800292969,89746
2010-07-07,114.81325259153787,115.35781999362328,113.4518306240493,114.17792510986328,47156
2010-07-08,116.62848857014706,117.71762343677955,113.04341328664371,114.76787567138672,83155
2010-07-09,112.99801951778207,117.80837974498556,112.99801951778207,117.21842193603516,53757
2010-07-12,117.62686015038823,118.89751507722235,114.81324929212693,116.12928771972656,66191
2010-07-13,115.31243095289382,117.49070032580347,115.31243095289382,116.31079864501953,42375
2010-07-14,117.08227654952027,119.35131291675904,115.81161479895668,116.31079864501953,75169
2010-07-15,116.17466488043056,116.94614280404187,113.95101195527342,114.94938659667969,50800
2010-07-16,116.12929303616399,117.80838569765709,115.26706187854617,117.49071502685547,48228
2010-07-19,117.26378627844628,120.07739666367067,113.90561552288978,115.17627716064453,444297
2010-07-20,115.1763067497654,118.5798549482897,115.1763067497654,116.7646255493164,125735
2010-07-21,119.8051335811615,119.8051335811615,114.63173285543144,116.17467498779297,97374
2010-07-22,117.08225933045728,124.88774882545985,117.08225933045728,122.11952209472656,1061542
2010-07-23,123.16328359327665,124.70622545733517,122.34643609145097,122.84562683105469,300946
2010-07-26,123.89325730148474,126.4440036142522,120.70482788563771,121.98019409179688,109650
2010-07-27,121.25141387310882,122.98226988914713,120.34043409615217,122.20793151855469,49434
2010-07-28,122.93670333099105,123.61993808151577,121.1602957597161,123.118896484375,53566
2010-07-29,122.0712908846303,124.34874034143311,120.5681798033198,123.8021469116211,48984
2010-07-30,124.34874705707325,125.62411326158154,123.34666368178166,123.89325714111328,54186
2010-08-02,124.48537696336797,125.53301201349454,122.2534793615864,122.93671417236328,37459
2010-08-03,122.07131319011592,127.53719288519574,122.07131319011592,126.17072296142578,1435926
2010-08-04,127.30944064496875,130.9533602340913,126.62620572200827,130.13348388671875,347591
2010-08-05,130.72559439417827,134.73389974225267,130.3612080536071,132.31980895996094,290465
2010-08-06,132.9574968041584,137.7401406740954,132.13762055806285,135.3260498046875,482776
2010-08-09,136.64697411288208,137.96789208255012,131.45439187668237,132.36537170410156,334361
2010-08-10,133.64076611259887,135.7360229380416,130.3612463818838,131.31776428222656,223668
2010-08-11,131.63659532202908,132.5020234454403,128.493717452562,130.58897399902344,45486
2010-08-12,128.3115322916412,131.63660356901732,127.90158019130772,129.13140869140625,75153
2010-08-13,129.35913743407764,130.54341400757806,126.35290117840712,126.85394287109375,152274
2010-08-16,127.81049807940406,127.81049807940406,123.43779125486105,124.94090270996094,212286
2010-08-17,126.76283598540428,129.17694084091468,123.5744066256519,126.80838775634766,128391
2010-08-18,125.80630776754461,128.2203985205409,125.16861082861182,127.44606018066406,124594
2010-08-19,128.81254823405345,128.81254823405345,125.71522223199575,126.58065032958984,150046
2010-08-20,125.71519922181264,128.4481383353303,124.34872966505381,127.81045532226562,105024
2010-08-23,128.2659613017051,133.54964703225914,128.2659613017051,129.63243103027344,295323
2010-08-24,130.6800410406678,130.72559280779836,126.99057031025362,127.44606018066406,94191
2010-08-25,127.0817182378786,127.58276005044821,124.80426809024638,125.9429931640625,81089
2010-08-26,126.9905809396723,127.53717439009512,125.57857334356963,126.80838775634766,60885
2010-08-27,127.35498513114297,127.99266824265352,123.89325893950803,125.85186004638672,68473
2010-08-30,122.25348219448753,129.81461705571718,122.25348219448753,128.63034057617188,132483
2010-08-31,129.95127829004429,132.684218013498,127.08169714059797,131.6365966796875,173534
2010-09-01,132.59312253053133,134.8250204264193,132.09208082318108,133.82293701171875,197511
2010-09-02,134.41506952100457,134.41506952100457,131.31772992408284,132.27426147460938,158482
2010-09-03,132.72975566533233,135.09830873380352,131.81877585445093,132.2287139892578,48124
2010-09-06,133.09414624852187,135.28049207542026,131.45437992812418,132.18316650390625,70767
2010-09-07,132.31981324376747,133.91402786116225,130.31566050484653,132.27426147460938,88240
2010-09-08,131.63659597058808,133.73185252737258,130.72561606767744,132.4109344482422,41367
2010-09-09,132.45644930693274,135.1893885407796,131.27218675929063,132.18316650390625,56168
2010-09-13,132.54755736198555,134.55171008840014,132.04651570526983,132.59310913085938,39083
2010-09-14,131.2266505099143,133.91403829423248,131.2266505099143,133.0941619873047,56866
2010-09-15,132.13760431163084,136.55584738417204,132.13760431163084,133.048583984375,79045
2010-09-16,134.2784060891065,134.32395785550852,130.7711424833116,131.5910186767578,45511
2010-09-17,132.50201722531577,133.0030589260174,131.22665098757486,131.8643341064453,54741
2010-09-20,132.95752969458067,134.36955149033216,131.3177628963032,133.7774200439453,258018
2010-09-21,134.32398915291054,134.77947912216453,131.63660111440217,132.04653930664062,112849
2010-09-22,132.5475765875054,133.4585564953233,130.54342357039607,131.6365966796875,52451
2010-09-23,131.63658037391062,133.23079501511714,128.90364098898513,131.49993896484375,74531
2010-09-24,132.82085788636368,143.93480868855474,131.4088364134432,140.79193115234375,536148
2010-09-27,143.02385795666856,145.52905292087772,140.7464079892057,142.47726440429688,221277
2010-09-28,143.479315939914,143.479315939914,139.3799069130593,141.88510131835938,97243
2010-09-29,142.8416556908764,145.16465729062534,140.56420586768147,141.20188903808594,100293
2010-09-30,141.20184158749322,143.25154573956974,138.46890271805785,140.1542205810547,88652
2010-10-01,141.2018768409066,143.93481639266608,140.2908969903201,140.56419372558594,52264
2010-10-04,142.11284302800524,143.9348025540053,140.1542420977344,142.06729125976562,84823
2010-10-05,142.11285276187508,143.52487427132965,140.8374865664994,141.52072143554688,29842
2010-10-06,142.1128636556726,143.43378172366417,135.73600438907192,138.51449584960938,115503
2010-10-07,139.92653413081956,141.65739057769758,138.56006412524692,139.5621337890625,81447
2010-10-08,138.46894881158389,141.65737855395588,138.46894881158389,139.83541870117188,92424
2010-10-11,141.2018652935037,142.1128450695908,136.64696641306807,137.4668426513672,41503
2010-10-12,138.92442862438185,139.01553217054487,134.8250192551378,135.8271026611328,34984
2010-10-13,136.73809838874647,138.87889296751064,133.04862674819194,134.1417999267578,218678
2010-10-14,136.46482082911035,137.55799416156196,134.14181880986754,136.23707580566406,1836571
2010-10-15,136.64695530721585,136.64695530721585,132.00095326659167,133.00303649902344,127149
2010-10-18,134.8250039927598,138.8333093620951,132.77529954016717,133.686279296875,131402
2010-10-19,135.0072128071742,138.4233872906576,134.41508145688357,136.7380828857422,209414
2010-10-20,138.4689279503486,138.4689279503486,136.191478477481,136.69252014160156,77558
2010-10-21,136.64698787433457,136.64698787433457,132.7753232178951,133.59519958496094,378342
2010-10-22,135.73601342354183,137.55797333526723,132.09209360009103,132.63868713378906,101872
2010-10-25,133.23080873253627,134.2784300444412,131.86433889938206,133.1852569580078,94390
2010-10-26,134.09622679244723,134.14177856356028,129.58687946123226,130.08792114257812,67493
2010-10-27,134.73394129554558,134.73394129554558,114.51018734678456,129.17697143554688,59579
2010-10-28,140.56423127391614,140.56423127391614,127.76495817407017,129.54136657714844,40707
2010-10-29,128.44814837140868,133.45853713766928,128.44814837140868,132.59310913085938,73798
2010-11-01,132.68422248350606,133.9140509606721,130.27013120664023,132.04653930664062,278509
2010-11-02,131.68215272793873,135.28052070048784,130.58897958317644,134.64283752441406,63222
2010-11-03,134.91610717773438,136.55585961518562,134.46061730056505,134.91610717773438,55629
2010-11-04,133.9140662423572,136.51036492356343,133.9140662423572,136.0093231201172,65638
2010-11-08,134.82502864423319,136.00930532457667,132.18319242692502,135.4171600341797,17124
2010-11-09,135.73598573933396,136.1914756243653,133.18523960306894,135.64488220214844,39659
2010-11-10,133.91401271810477,136.46475859758658,133.91401271810477,134.41505432128906,19011
2010-11-11,134.36953376233382,136.05485211885494,133.09416747663403,133.6407470703125,18382
2010-11-12,134.77947909811755,136.00930757506418,128.1293227681057,135.09832763671875,266854
2010-11-15,134.82501157863726,135.73599138660103,133.00305196270972,135.59934997558594,58173
2010-11-16,134.9161412690389,135.7360176949351,130.36124134639005,132.1376495361328,26137
2010-11-18,132.95749235544218,133.00304412324522,128.12929687772797,131.08998107910156,49611
2010-11-19,130.6345276117774,131.95545974398917,127.53720114417109,128.44818115234375,18674
2010-11-22,129.04027378192737,130.58895045033756,126.76282444655664,127.53716278076172,37440
2010-11-23,127.49160218376068,128.44813361845553,125.71519460529689,127.17276763916016,256366
2010-11-24,128.08380549866664,129.99685533670794,126.671783586964,127.582763671875,16791
2010-11-25,129.26801871546445,129.35912224905832,126.62618304661342,127.53716278076172,16875
2010-11-26,129.13140043953,131.18110520841145,125.12309445167526,130.13348388671875,93249
2010-11-29,131.13558174153079,131.18113352631804,127.08172310362059,129.54136657714844,35110
2010-11-30,130.17901675709442,140.65528517311017,128.44816057897597,136.7380828857422,139994
2010-12-01,136.64696837205452,137.78569310848832,134.36951889918694,136.69252014160156,61543
2010-12-02,136.46478309754752,138.37783242527973,135.78154821611832,137.37576293945312,28331
2010-12-03,136.6469478467691,139.97201801752863,136.6469478467691,138.87884521484375,48344
2010-12-06,139.56211900635418,142.56835548027755,138.46894589777756,140.9285888671875,141878
2010-12-07,142.11285276187508,144.84579223806497,139.1066165579764,141.52072143554688,121783
2010-12-08,139.42546633844552,142.79608894330124,138.4689347328982,139.9720458984375,91778
2010-12-09,140.7463430491188,140.7463430491188,128.7214155492831,131.36325073242188,54166
2010-12-10,131.18111211648608,137.5579717332597,128.44817228072594,135.23497009277344,50518
2010-12-13,134.87059090159048,138.423407318268,133.41301735090394,137.60353088378906,24759
2010-12-14,138.9244213483796,139.2888077130483,135.87263341759635,136.9658203125,23316
2010-12-15,138.2867223316292,138.2867223316292,132.09205754264337,136.05482482910156,16987
2010-12-16,136.64698787433457,136.64698787433457,132.63868179020093,133.59519958496094,26918
2010-12-20,134.0962601152423,137.5579870733373,132.63870038056447,134.32400512695312,179810
2010-12-21,133.9140255192388,135.69043328175133,132.72974904408107,134.27841186523438,30230
2010-12-22,136.5103287170252,137.01135648713185,133.1396923335343,133.3218994140625,32302
2010-12-23,135.1894008288317,135.1894008288317,132.092074975786,132.36537170410156,17870
2010-12-24,131.22666943197845,132.91197406155138,127.5371977179059,131.68215942382812,33281
2010-12-27,132.09207482366165,133.00305465003171,129.3591353445514,129.76907348632812,31173
2010-12-28,131.18109414704708,132.00097042528654,128.9947481381092,130.08792114257812,17198
2010-12-29,131.04450420253252,132.00102226933947,130.13352402427498,130.63455200195312,7436
2010-12-30,131.6365877268762,132.72976076181922,130.27011795808508,130.81671142578125,16339
2010-12-31,131.90989667358568,142.11286911177697,130.3156817957292,138.6055908203125,148756
2011-01-03,140.97413111818068,140.97413111818068,137.69459811357154,138.7422332763672,34098
2011-01-04,139.83538505376387,140.2453231419102,134.36950681061998,136.05482482910156,168182
2011-01-05,138.33229111470447,138.4689325274138,133.1852467956201,134.96165466308594,15225
2011-01-06,136.55586975417808,136.55586975417808,134.09622701492987,135.8726348876953,13925
2011-01-07,136.37369111849583,136.37369111849583,133.00306819768565,133.59519958496094,22329
2011-01-10,134.77948350416386,136.60144344041603,131.6366053942191,132.00099182128906,55921
2011-01-11,134.82500578418345,134.82500578418345,127.53716763368705,128.63034057617188,61788
2011-01-12,128.49372728427434,132.41094392730673,128.4481755057778,132.00099182128906,17086
2011-01-13,131.1811098317639,133.82294606680668,129.40470174954888,130.99891662597656,15756
2011-01-14,130.3156807791167,131.18110892596877,127.53718923358073,128.26597595214844,16265
2011-01-17,128.31152425296756,131.63659532202908,127.53718577912852,130.58897399902344,27161
2011-01-18,131.18111296813612,132.41094146239274,129.5868980535928,130.36123657226562,16630
2011-01-19,131.6365889577353,132.82086554851765,130.72560910335653,131.40884399414062,21776
2011-01-20,130.36122235194185,131.81878177454308,130.1334773889933,130.49786376953125,21902
2011-01-21,131.864341337091,131.864341337091,129.45025014740378,130.72561645507812,5979
2011-01-24,129.40467788147862,133.00304515876658,127.5371665905981,128.4936981201172,17230
2011-01-25,130.49786376953125,131.13554688569735,128.5392626483533,130.49786376953125,13219
2011-01-27,130.49785622922928,132.0920708777539,127.76491683175853,128.5847930908203,9520
2011-01-28,128.58478729193797,129.3591256464799,124.2120955735421,125.6696548461914,24987
2011-01-31,124.804241017996,126.53509719456213,122.07130143366034,123.16447448730469,36429
2011-02-01,124.39427528058661,127.26385564773551,122.07127436885128,122.98225402832031,16206
2011-02-02,124.8498039081462,126.85395700169138,122.57235405174241,123.21003723144531,12446
2011-02-03,122.29903200182612,126.62618583429297,116.60540853805395,118.19962310791016,56820
2011-02-04,121.11476987603923,121.79800477255745,114.32797268404819,115.0112075805664,43359
2011-02-07,118.33628284559934,118.38183462045679,113.96358351806121,114.7379150390625,16210
2011-02-08,115.46669578663203,117.33420725597314,113.87248105190535,114.87455749511719,29424
2011-02-09,116.60541026146895,122.0712888674753,113.87247095846577,115.05674743652344,1249526
2011-02-10,116.60541666004133,116.60541666004133,111.86832438831692,115.83108520507812,25961
2011-02-11,114.78345049612632,120.24932909117994,113.18923590590234,119.24724578857422,40241
2011-02-14,124.57649659758017,126.5806495214367,119.42946591807937,124.53094482421875,27329
2011-02-15,125.71521066163871,130.08791642126366,122.43567786680791,129.2224884033203,24933
2011-02-16,130.1790033629224,139.1977114116497,124.43984194153465,135.18939208984375,369733
2011-02-17,135.14388409247525,135.46271874166393,130.45232890730182,132.91197204589844,49117
2011-02-18,134.59728532313676,134.64283709995215,128.90366073247952,130.22457885742188,25590
2011-02-21,131.18111541015605,134.18735208506237,128.4481755057778,132.00099182128906,18277
2011-02-22,131.181132510415,134.4606663833566,128.44819224978139,129.40472412109375,38470
2011-02-23,130.9077850170209,131.1810817173549,125.89739647920527,127.53716278076172,11161
2011-02-24,126.89949830752728,128.81254768877665,123.98436551196897,125.21417999267578,94014
2011-02-25,127.3549728403945,128.2659525976213,124.02988838624795,125.44190979003906,16379
2011-02-28,126.67174223825384,129.1769366540032,123.25556803495923,125.16861724853516,24090
2011-03-01,124.39430063442678,127.30943335879594,124.34874886207976,125.85186004638672,19295
2011-03-03,126.44400547593777,127.53717851166216,124.80423897212654,126.3073501586914,9357
2011-03-04,127.49163669456185,129.04029977447112,125.30529045239,125.988525390625,14114
2011-03-07,125.2597336438906,125.62412003612926,123.43777388179764,123.98436737060547,18518
2011-03-08,125.85184660403594,125.85184660403594,124.16654241079904,124.84977722167969,8196
2011-03-09,124.34874099992382,125.66965891177472,123.89325110615121,125.16861724853516,31494
2011-03-10,124.80426407425077,128.7670327637965,121.3880889627293,127.12726593017578,49553
2011-03-11,127.12723403649257,127.12723403649257,122.07129335978489,124.16654968261719,249127
2011-03-14,122.98229313028699,125.25974300307008,122.48125137818454,122.89118957519531,17080
2011-03-15,122.07129763528644,122.98227746838559,120.29488974083291,121.98019409179688,19200
2011-03-16,124.80421756049124,124.80421756049124,122.9822581800461,124.39427947998047,13553
2011-03-17,125.4874603846615,125.53301215218652,123.8932458244208,125.07752227783203,9392
2011-03-18,127.08167482380023,127.08167482380023,124.16654241079904,124.84977722167969,16803
2011-03-21,124.80422545419808,126.17069507595937,124.57648051723787,124.84977722167969,34853
2011-03-22,124.89532650612496,127.0816722972973,124.3942848746841,126.3984375,22541
2011-03-23,124.94089145858388,129.35914966580023,124.8042500296805,127.03614807128906,33042
2011-03-24,127.62827833922849,129.35913443700892,125.6241116149157,127.71936798095703,136997
2011-03-25,127.53716216216216,129.0858249226132,124.89532650612496,126.3984375,35637
2011-03-28,127.49162292480469,127.94711283443274,125.8063185994502,127.49162292480469,48742
2011-03-29,126.35290165167066,129.35913791860125,126.35290165167066,127.99266815185547,60499
2011-03-30,127.53717211850787,140.97412418099353,126.71729585792548,133.3218994140625,106118
2011-03-31,141.2018568106611,143.34266471603397,130.4522933185342,136.32810974121094,164047
2011-04-01,141.7484816212794,141.7484816212794,132.59313061230725,135.4171600341797,29922
2011-04-04,135.5082775297619,136.373705765828,133.2308274872449,133.9140625,43422
2011-04-05,135.64494211651768,135.64494211651768,132.6387186678206,133.23085021972656,16448
2011-04-06,133.91401620107155,135.4626789144639,132.63865017838305,133.00303649902344,23793
2011-04-07,135.2805325255102,136.19151254251702,133.32193104912636,133.9140625,71091
2011-04-08,135.28051348226762,135.28051348226762,132.1376356461029,133.1852569580078,135682
2011-04-11,133.91403829423248,134.8250181465742,132.137630362256,133.0941619873047,28322
2011-04-13,133.00303997208152,133.82291616515508,132.18316377900797,133.27633666992188,28752
2011-04-15,133.6407396526765,138.46893558132572,133.1852497330011,136.46478271484375,62468
2011-04-18,141.2018792063578,142.47724545836442,137.1024698100442,138.10455322265625,196568
2011-04-19,136.64698449321708,137.55796438983853,135.18941109844272,136.37368774414062,25039
2011-04-20,137.46687214844434,140.29091562046537,135.8271193199947,137.33023071289062,599630
2011-04-21,138.2867668917723,143.0238601155077,137.7401733311502,141.70294189453125,274231
2011-04-25,142.1128270904162,148.48968471626821,141.566233733736,146.348876953125,437620
2011-04-26,147.3965643042552,149.85620748285,146.89552253258094,148.58084106445312,265243
2011-04-27,149.8562071165252,150.12950389135688,145.84790075383214,147.21437072753906,392292
2011-04-28,147.5787258722514,147.5787258722514,143.2515718729107,143.70706176757812,33673
2011-04-29,144.66358984284582,144.84578301623574,141.20186394664492,143.4337615966797,30724
2011-05-02,144.84582081847077,144.84582081847077,137.78572577857676,140.47311401367188,63578
2011-05-03,142.47723194710136,144.75468139574716,140.10869286077872,140.5186309814453,72122
2011-05-04,140.290905712222,142.11286552666644,139.56211900635418,140.9285888671875,20464
2011-05-05,140.33646713701077,141.56628175605096,139.4710389457341,139.92652893066406,23016
2011-05-06,139.92650985583433,140.65528261201476,138.10455016448466,138.7422332763672,60001
2011-05-09,137.7401614951265,141.5207365135856,137.7401614951265,138.01345825195312,72773
2011-05-10,138.46893616188717,140.15425443193195,137.6490598632136,137.8312530517578,26542
2011-05-11,137.6490826635827,138.51451087785526,136.64699910992925,137.60353088378906,12612
2011-05-12,136.8291863641637,141.15634114735414,136.19150317620475,139.7898712158203,135264
2011-05-13,140.47311097723053,142.56836772386973,138.65115100631849,141.5662841796875,45833
2011-05-16,140.33643128159648,144.8457782001922,140.33643128159648,142.56832885742188,34159
2011-05-17,143.52486858980083,145.66566275446874,138.28673480112525,143.70706176757812,47695
2011-05-18,145.30124314997096,147.39649896607838,140.38195897341024,141.74842834472656,94724
2011-05-19,141.74848195513272,142.65946188055014,138.6966936448041,139.3799285888672,56764
2011-05-20,138.60560415536577,139.3799427307172,134.187359409075,138.78781127929688,99974
2011-05-23,138.46895909806165,140.74640908322712,136.7381026695165,137.60353088378906,34318
2011-05-24,140.19978551714073,141.156317086257,137.60350143005212,139.88095092773438,177286
2011-05-25,139.74427629969736,141.20184933690211,135.7359712980543,137.01133728027344,543106
2011-05-26,137.9223466311549,138.4689401128328,135.28051057076098,136.87472534179688,326885
2011-05-27,138.24119897758928,138.37784040157163,133.50410630671743,135.46270751953125,62227
2011-05-30,135.73602992782625,138.92446016103023,134.4151116113037,137.6490936279297,99746
2011-05-31,138.46894461727726,138.65113781694683,134.6428318224162,137.28466796875,726907
2011-06-01,138.19567154824367,141.52075708890027,135.5993867320501,140.70086669921875,88881
2011-06-02,141.15634689623,146.12118506958237,138.92444869724972,145.210205078125,341430
2011-06-03,146.53109627402128,147.1232275429625,141.47515595298165,142.56832885742188,167807
2011-06-06,142.20395725105763,150.6760585632747,142.20395725105763,149.1273956298828,201674
2011-06-07,150.31163850256698,159.23924163008138,147.62425138215573,149.76504516601562,769383
2011-06-08,148.71746157805907,150.9493594464607,147.8064817215319,148.62635803222656,102964
2011-06-09,148.489731303272,149.62845623657932,146.25783321407988,146.80441284179688,72570
2011-06-10,149.21851746850885,149.21851746850885,143.9348310181328,144.98245239257812,60106
2011-06-13,143.11496932067683,145.30131584849843,141.38409891073687,143.16050720214844,54531
2011-06-14,143.02382063345746,147.94310571926985,142.79607569614302,146.21224975585938,123098
2011-06-15,146.66777795581018,148.4897379304165,143.93483799390066,146.44003295898438,63195
2011-06-16,149.26404804935854,149.26404804935854,143.57042421318297,144.89134216308594,80835
2011-06-17,145.75680586683228,147.53321415824385,138.6967105826576,143.16050720214844,52318
2011-06-20,139.37991488511395,150.22056937155426,139.37991488511395,143.02383422851562,142100
2011-06-21,143.57044271321877,147.35100386741104,143.16049062382993,145.16465759277344,128993
2011-06-22,149.40071350274042,149.40071350274042,142.1128738196799,142.97830200195312,139569
2011-06-23,142.56834168496457,148.48971050894073,142.56834168496457,144.57249450683594,151952
2011-06-24,145.75675397006563,148.21639641322105,144.66358109537958,147.48760986328125,66861
2011-06-27,145.7567901375262,151.49596652928145,145.7567901375262,148.80857849121094,175102
2011-06-28,149.4006813634654,150.35721289618695,148.48970159905403,149.0818328857422,105893
2011-06-29,149.85617006900276,151.22263970489033,147.94310701858097,150.63050842285156,148483
2011-06-30,152.08807740217435,153.50009889614557,149.99282104664758,150.67605590820312,206159
2011-07-01,153.77342676066837,157.0529464199832,151.2226799809002,154.63885498046875,219930
2011-07-04,155.3676268365943,156.50635172707,152.3158385699393,152.95352172851562,62813
2011-07-05,152.99905840448196,156.68852946559298,151.90588539760247,155.5498046875,182323
2011-07-06,156.00527580810038,156.64295882693455,154.27441991405803,155.2764892578125,98404
2011-07-07,155.77757704665132,156.91630202506252,153.86451352273997,156.18751525878906,139015
2011-07-08,158.30435459835448,158.3503761148456,155.72730415659902,157.0618438720703,100598
2011-07-11,156.46363200945302,158.5344741978134,155.6353007516278,156.6937255859375,243086
2011-07-12,156.83173361145177,156.92377663462003,152.78209338033386,154.3007049560547,80559
2011-07-13,154.53079655503515,160.14508384767205,153.74848704297486,157.75210571289062,214839
2011-07-14,158.02825217400007,162.30800076142998,154.76092085511388,156.60166931152344,323296
2011-07-15,158.30432523839613,159.54683573423776,155.54320328656365,156.4635772705078,650385
2011-07-18,157.3839674409859,163.73454296582392,156.46359336238368,162.077880859375,618799
2011-07-19,163.13634853838877,168.7966449999168,162.3540247473429,165.52932739257812,892404
2011-07-20,166.5877343170625,167.69218057559874,163.87263316872045,166.17356872558594,313108
2011-07-21,165.66736730811482,166.5417200490372,159.68493459976625,160.8814239501953,65788
2011-07-22,162.1699434208107,163.8266199140946,160.55928844974517,161.93984985351562,52061
2011-07-25,161.9858914629312,164.6549715570169,159.4548619088229,163.45849609375,45568
2011-07-26,165.39124136715185,167.46208332260983,146.569591736304,158.44241333007812,1018002
2011-07-27,158.30436384829898,163.36642199461087,158.2583423291188,161.2035369873047,124447
2011-07-28,161.20351624971426,166.58771029385653,157.38396939364347,161.98583984375,158530
2011-07-29,163.8265873049718,163.8265873049718,157.1998966946531,158.07424926757812,85926
2011-08-01,158.62646887576975,161.06545442526362,156.37154127878156,156.7857208251953,50454
2011-08-02,156.46360624009284,160.1451028575068,152.8741526556323,158.76454162597656,82960
2011-08-03,156.64767456054688,160.88140118804603,156.0034154764826,156.64767456054688,61755
2011-08-04,157.43001082282535,160.78937105886644,157.43001082282535,158.99464416503906,42546
2011-08-05,151.95380613868724,159.22475766300482,151.95380613868724,158.25836181640625,107797
2011-08-08,153.01217483071719,158.53441873438217,152.92013181480579,156.4635772705078,1116341
2011-08-09,153.5183912673783,154.71488031712138,151.86171520187196,152.78208923339844,333087
2011-08-10,157.29195154228339,158.3043688208656,154.16268475287785,156.00343322753906,110149
2011-08-11,155.54323340062086,157.33796020802282,154.07062912368863,155.35916137695312,749629
2011-08-12,157.1999054126156,157.1999054126156,153.15025078342904,155.49720764160156,90019
2011-08-16,154.89899384214368,157.7521456785125,153.74852599430213,156.32557678222656,49222
2011-08-17,155.1290834210855,156.83176736581203,153.84055103837173,154.76092529296875,64568
2011-08-18,152.8741691953043,156.0034360411479,148.6404420097073,149.74488830566406,60257
2011-08-19,149.1006469897247,150.48120853592587,144.4987751690542,147.99620056152344,123999
2011-08-22,146.52355095944625,150.02097527774762,145.41910487045476,149.10060119628906,68914
2011-08-23,150.84932186192796,150.84932186192796,146.33949401605818,147.39791870117188,55202
2011-08-24,148.6404170197593,151.3094962899029,144.72882709818668,146.20143127441406,86933
2011-08-25,146.20143604395528,147.99616278717338,146.1093930135155,146.569580078125,17797
2011-08-26,149.05458610237392,149.05458610237392,142.75003179915845,143.80845642089844,50487
2011-08-29,146.15540754119223,147.7660621903217,143.6704003198656,146.2474365234375,406661
2011-08-30,147.16783506390874,150.895353537207,146.56959742662474,150.38914489746094,362010
2011-09-02,152.22989330411727,155.54324617748762,150.52720939058236,153.1962890625,144555
2011-09-05,151.8617281928813,155.35915262062773,151.53959163677257,154.5308074951172,81139
2011-09-06,154.57684929963224,160.5132602812816,152.92017287494502,158.85659790039062,144937
2011-09-07,158.30439026826394,158.30439026826394,156.00345436320197,157.47605895996094,304772
2011-09-08,158.21231188005518,158.35037642980308,153.150254019458,153.70248413085938,44013
2011-09-09,153.7024856369258,154.9910038510945,152.32192438868992,153.104248046875,19750
2011-09-12,152.92015776783705,152.92015776783705,149.1926537352793,151.5395965576172,47530
2011-09-13,152.69008310948098,152.69008310948098,149.2386796572432,149.74488830566406,40000
2011-09-14,151.1254683271601,152.59807293260556,149.33074111938478,151.8617706298828,71780
2011-09-15,152.69007570112032,153.70249294884064,151.86174453029165,152.82814025878906,38518
2011-09-16,152.82813753589133,153.70249021036483,150.94136763173552,152.36795043945312,40735
2011-09-19,151.86174484905146,153.7024932714642,150.11303946527772,152.22988891601562,57430
2011-09-20,152.3679497351838,152.69007227492426,149.1466400750057,151.8157196044922,23920
2011-09-21,151.03340199301942,154.5308124900183,150.2510783564937,153.24229431152344,133190
2011-09-22,151.8617378124875,154.5308172837949,147.25986696968482,153.61044311523438,74391
2011-09-23,152.78210650763924,154.53081174773888,150.94135823646286,152.6900634765625,27593
2011-09-26,151.1714209304991,153.6564277808722,150.020953495716,152.183837890625,216813
2011-09-27,152.18385994816748,155.45117670148312,150.75727731350904,152.4599609375,146717
2011-09-28,153.42638622222466,155.4512067840002,150.71128496594858,152.50601196289062,66182
2011-09-29,151.9537787991738,157.4760237361207,151.40154868796105,155.40518188476562,37792
2011-09-30,153.70249742795698,155.49722437958405,150.02100048357477,150.98739624023438,72719
2011-10-03,151.81572832294702,151.81572832294702,149.28469915888402,149.83692932128906,30792
2011-10-04,142.65798522428662,151.81570469282877,142.65798522428662,147.85809326171875,44403
2011-10-05,145.51116465183955,151.86174092765984,145.51116465183955,150.71127319335938,21394
2011-10-07,152.183837890625,153.3803127877659,150.9413274435425,152.183837890625,20991
2011-10-10,152.18388399783365,153.0582367044134,150.48118606097086,151.58563232421875,9214
2011-10-11,151.86175518859807,152.73610794001544,148.8245172760667,149.65286254882812,28247
2011-10-12,149.6528782318319,150.57325260215362,148.456388741654,149.05462646484375,500984
2011-10-13,150.15903939964366,151.40155013989033,148.31829106967538,148.5944061279297,23264
2011-10-14,147.2598460962513,150.89532073799384,143.90048647469789,148.77845764160156,17935
2011-10-17,148.27229679997885,150.94137649859394,148.180253757766,148.68646240234375,18502
2011-10-18,147.53596741945987,149.100600542318,146.33947831005284,146.89170837402344,121805
2011-10-19,147.72004276450326,149.33069743639035,145.87929456806086,147.85809326171875,31561
2011-10-20,146.33950332932142,147.76608620198286,145.74126569423578,145.9713592529297,27029
2011-10-21,142.75000102534773,147.16778461918352,142.75000102534773,144.95889282226562,23944
2011-10-24,147.2598713674363,149.10061975952925,143.71642509513907,144.49874877929688,14685
2011-10-25,143.7624467408533,146.3394973008219,142.10577037774524,142.79605102539062,19924
2011-10-28,149.10059704827373,150.8953236484294,146.75364039708847,147.5819854736328,77068
2011-10-31,149.1006296862413,149.56081681490252,147.30590269322178,149.1926727294922,38554
2011-11-01,148.54842041354885,149.46879480035847,147.4899954862373,148.41036987304688,65605
2011-11-02,146.7996826171875,149.00857504531976,145.09698475614704,146.7996826171875,116520
2011-11-03,147.99615510729757,149.37671622948542,147.16781000770848,149.10060119628906,209521
2011-11-04,133.4542751479707,155.26714351856916,133.4542751479707,154.43881225585938,223213
2011-11-08,153.61044403919527,157.1538902269851,152.32192581297824,155.26712036132812,108968
2011-11-09,152.04584945669055,156.0034622215123,149.37676928988927,154.39280700683594,96360
2011-11-11,153.61043143176116,153.61043143176116,149.10060396634614,149.560791015625,190062
2011-11-14,149.60681428808465,151.86172804730086,149.1006057191681,150.06700134277344,23409
2011-11-15,149.14664776804327,151.86174895576588,149.14664776804327,150.98739624023438,46725
2011-11-16,150.84932381569735,151.86174104014992,146.3394959114172,149.00857543945312,150109
2011-11-17,148.36430661064458,151.7696880751598,148.36430661064458,149.92893981933594,39022
2011-11-18,148.3642875471819,150.71124408055368,147.2598415443578,150.11300659179688,25585
2011-11-21,150.02096821055602,150.1130112318835,146.66160858900258,148.77845764160156,39510
2011-11-22,148.77848597209004,149.05460104485718,146.33949992420503,147.76608276367188,19494
2011-11-23,146.523545741666,148.13420032686224,145.46512120319727,145.92530822753906,29568
2011-11-24,149.37669797887594,153.70245282445853,139.89684328932753,142.42787170410156,99978
2011-11-25,142.61198526574302,145.37310797773725,140.86327983233187,142.5659637451172,15156
2011-11-28,143.57838054578122,145.3731074938442,141.36948800105694,142.0597686767578,30694
2011-11-29,141.8296960599308,143.0721930333744,140.81727863523005,141.2774658203125,39213
2011-11-30,140.81726609267199,142.4739426201687,138.0561432281098,141.73764038085938,476141
2011-12-01,142.84208577693906,145.41913657564663,141.8296824928805,142.8881072998047,273020
2011-12-02,143.57836363137568,144.72883128867838,141.04733478530977,144.36068725585938,24693
2011-12-05,143.57835252383416,145.00493511728482,141.92167641672353,142.51992797851562,208761
2011-12-07,141.78366752351585,143.11820748552162,138.2402207560337,138.74642944335938,45394
2011-12-08,139.80484685031152,140.6331921246545,137.36586063741717,137.9180908203125,29243
2011-12-09,137.13574642589663,138.0100990473699,135.29499815172352,136.99769592285156,11153
2011-12-12,140.26501208666556,140.26501208666556,129.4506160366383,130.27896118164062,45236
2011-12-13,130.27895283303883,131.5214494052279,127.93199613828983,128.8983917236328,34743
2011-12-14,128.85237656308973,133.91443421378256,128.1160744596846,133.13211059570312,58646
2011-12-15,133.45426302429632,137.7800190859798,129.036463922319,129.77276611328125,274782
2011-12-16,132.44185010031822,132.44185010031822,128.30016593957976,129.6347198486328,35677
2011-12-19,129.77274662184288,130.69312071135948,126.55143730853472,127.37976837158203,22220
2011-12-20,127.93199819491775,128.39218523878438,124.4345738527727,125.44699096679688,20378
2011-12-21,127.01164060458979,128.85238901914906,126.59747502007313,128.2081298828125,36949
2011-12-22,127.93199336639059,129.68069844956483,127.01161931339496,128.43820190429688,29772
2011-12-23,128.1160938967507,131.52147584237633,126.3673884241798,129.6347198486328,33210
2011-12-26,129.31259119596413,130.41703756467905,127.60989309650537,127.9320297241211,24687
2011-12-27,129.7267279241354,129.7267279241354,127.14967760879898,127.83995819091797,6382
2011-12-28,129.35861040611053,129.58870398063445,127.93202743530274,128.85240173339844,28995
2011-12-29,129.312602147296,130.32501959657367,127.93204055853482,128.9444580078125,11244
2011-12-30,128.48425744709266,134.83483447731058,128.48425744709266,132.7639923095703,38879
2012-01-02,131.6135145687888,132.39583827989796,128.3922047716506,129.77276611328125,36003
2012-01-03,131.61348301999809,131.61348301999809,129.08245450038274,130.92320251464844,37207
2012-01-04,131.15330225984815,132.71793533769818,129.7727411834287,130.693115234375,179857
2012-01-05,129.77275704905733,132.44183650559785,129.77275704905733,131.245361328125,7188
2012-01-06,130.69310364609336,132.8099665843308,130.232916661424,131.7055206298828,13289
2012-01-09,130.23295052251385,132.76397959627295,129.0364612425231,132.11972045898438,9496
2012-01-10,131.6595256243199,135.29500072623176,131.6135041078309,132.9480438232422,219083
2012-01-11,135.29503607995733,136.21541047505906,133.4542872897538,133.9144744873047,357380
2012-01-12,135.06490437773394,136.21537204705024,133.5002711562227,134.1905517578125,7461
2012-01-13,137.59590879372072,137.59590879372072,131.29134146893298,135.06488037109375,14046
2012-01-16,136.12332799410396,136.12332799410396,132.94804005938693,134.236572265625,201071
2012-01-17,135.2949881427362,136.2153622117344,133.77637654640665,135.1109161376953,27218
2012-01-18,136.95166984326045,136.95166984326045,134.00647551149243,134.32859802246094,10930
2012-01-19,133.63833852809614,135.4790870313586,133.63833852809614,134.69677734375,83788
2012-01-20,134.42065085096533,136.49149274137935,132.6719314950052,133.40823364257812,55566
2012-01-23,133.45428039800055,134.37465474557297,131.6135317028557,133.5923309326172,30965
2012-01-24,132.53388809829616,136.03131295409378,128.07006749968926,129.2205352783203,134027
2012-01-25,128.85237021122717,130.73913986950748,128.39218317475851,128.8983917236328,249122
2012-01-27,128.85238970354575,130.69313812788212,124.80274878752414,125.95321655273438,84835
2012-01-30,125.95321195296307,127.97803233702808,125.12486676598503,125.81514739990234,91615
2012-01-31,127.01163570380348,127.01163570380348,123.79032610262006,124.1584701538086,137602
2012-02-01,125.0788391511335,125.0788391511335,123.14606189665857,123.51420593261719,89771
2012-02-02,124.61868684613108,125.53906123655686,123.00803166288597,124.20452117919922,480941
2012-02-03,124.25048813038325,128.30012805193059,124.25048813038325,125.67707061767578,238206
2012-02-06,127.47183064708611,135.29501158932604,125.67710371027266,133.68435668945312,829715
2012-02-07,136.12336101087718,136.12336101087718,130.6011149001917,131.9356689453125,401009
2012-02-08,132.53389323249252,135.70918161576165,130.69314471537456,134.6507568359375,852135
2012-02-09,136.1233429245925,136.1233429245925,132.71796108422524,134.78880310058594,113020
2012-02-10,135.75518112980114,135.75518112980114,131.61349763770554,132.0736846923828,64600
2012-02-13,132.07367424021513,133.77637182528923,127.93199107588784,132.4418182373047,178223
2012-02-14,131.61348999587676,133.9144251356648,129.7727418840463,132.90200805664062,29641
2012-02-15,131.61352273534087,142.381899059473,131.1533355929096,137.27381896972656,419592
2012-02-16,137.59590861187374,140.8172175091417,136.7215561485166,139.57470703125,83417
2012-02-17,141.50755064849335,141.50755064849335,135.29502403465708,136.0313262939453,68432
2012-02-21,137.13574642589663,139.66677530288464,135.29499815172352,136.99769592285156,78438
2012-02-22,138.0561055645818,139.89685363877624,136.21535749038736,138.1021270751953,722728
2012-02-23,137.13574247470947,139.43667775113076,136.21536836414094,138.2401885986328,47721
2012-02-24,139.3906451096141,141.23139318380854,135.3870264745172,138.1021270751953,37010
2012-02-27,138.97650400337622,139.89687820207408,137.18177712467454,138.33224487304688,79174
2012-02-28,138.01013182898572,140.35708924478936,136.76763487506483,139.1145782470703,144994
2012-02-29,138.9765372025339,140.9553365849179,137.18180989510208,139.89691162109375,67481
2012-03-01,138.148164101102,141.18538752959594,138.148164101102,139.2065887451172,27450
2012-03-02,139.62073915705568,141.32343674976588,138.33222111767031,140.90927124023438,43282
2012-03-05,139.02253575986117,142.5659682595132,137.6879958822313,140.7252197265625,189937
2012-03-06,138.97651036544454,145.32708700965821,138.6543737636352,142.0137481689453,99876
2012-03-07,141.9677013729345,142.6579819306635,139.9889027249622,141.82965087890625,32246
2012-03-09,140.81724223667763,146.47753753259482,139.89686810441177,144.31466674804688,91846
2012-03-12,144.49874695751993,146.33949532640554,143.57837277307715,145.6952362060547,26274
2012-03-13,145.7872731709375,146.7996904467092,144.4987548597702,145.9713592529297,76217
2012-03-14,147.21386815668728,147.21386815668728,144.26867317182734,146.0634002685547,26059
2012-03-15,144.4987274112866,146.89170558465975,144.4987274112866,146.4315185546875,47107
2012-03-16,146.431550086119,147.21385977925212,145.92534143538776,146.38552856445312,21293
2012-03-19,144.95894691339396,146.52358035703315,144.49875978033558,144.63681030273438,46870
2012-03-20,143.57836437163112,144.49873850221852,142.65799024104376,143.21022033691406,8894
2012-03-21,146.06339312164963,146.06339312164963,141.3694927940204,143.53236389160156,31805
2012-03-22,142.75005950209362,146.1094200785057,142.75005950209362,144.45274353027344,49160
2012-03-23,146.75369001164879,146.79971153875914,142.6580268871954,145.18905639648438,21458
2012-03-26,144.49875181383015,148.180248675329,142.75004642213662,147.16783142089844,111880
2012-03-27,149.83691257390805,151.63163933543188,146.33948803844413,150.43515014648438,74240
2012-03-28,148.1802731600675,152.2759362864774,148.1802731600675,151.8617706298828,61379
2012-03-29,151.7696804231907,160.51323419751895,149.56078824508853,157.5220184326172,130054
2012-03-30,160.14509909932602,165.39122884726913,154.62285430279752,162.81417846679688,418036
2012-04-02,165.66733081381298,165.66733081381298,157.70610081166663,158.810546875,52247
2012-04-03,158.3043873931965,160.51328020441957,152.46000468296333,153.656494140625,315790
2012-04-04,153.28835370819593,155.17512397023597,150.80334572483025,151.8617706298828,197968
2012-04-09,151.86173843688377,157.38398347095224,151.58562337642127,155.86537170410156,35776
2012-04-10,156.3715720325004,157.3379677578724,152.32193114230785,156.1875,56524
2012-04-11,154.62285939663457,158.764543130473,153.19627663510894,158.1663055419922,1153833
2012-04-12,159.22473941854065,161.15753089027254,158.76455231039458,159.5008544921875,34634
2012-04-13,160.69735034752765,161.0654944315669,156.55566620500164,157.5680694580078,31511
2012-04-16,157.3839687030909,159.9149974395441,151.86172418719295,158.07424926757812,40440
2012-04-17,159.2247063746892,160.97341140521766,156.0033972861839,156.7857208251953,40420
2012-04-18,158.30436105701133,163.36641911406693,156.46361267262748,162.446044921875,104992
2012-04-19,164.654950001491,164.654950001491,157.47604198651007,160.8814239501953,701466
2012-04-20,160.78933918334866,163.27434623937935,158.39637514723483,159.04063415527344,68687
2012-04-23,161.47964914041154,163.82660613822958,158.76454808339665,159.63890075683594,65835
2012-04-24,161.61769056699276,161.61769056699276,157.89017281492326,158.810546875,39270
2012-04-25,160.97341748990414,161.0654605134293,158.53443184821825,158.810546875,28597
2012-04-26,158.71852083160888,160.78936268832575,158.3043552690245,159.3167724609375,40590
2012-04-27,158.76454162597656,160.8814049897486,158.30435454879984,158.76454162597656,30030
2012-04-30,158.9946556510506,171.18961476755666,157.75214476505764,167.50811767578125,162889
2012-05-02,165.6673258757028,172.52410961013297,164.3327863371294,165.75936889648438,177187
2012-05-03,163.87264398455494,167.23200450178285,159.4088230920987,160.19114685058594,44915
2012-05-04,160.19112359865053,160.88140421107465,158.02823872887026,159.91500854492188,40348
2012-05-07,158.3043635362165,162.72216253668404,155.77333446805025,161.80178833007812,179621
2012-05-08,161.98585878034226,162.1239092924663,159.2247361874955,159.59288024902344,48991
2012-05-09,158.30439137767303,165.52933578771987,158.0742977855543,162.99830627441406,86386
2012-05-10,163.8266200836736,167.50811716420557,158.48844650814283,159.13270568847656,84263
2012-05-11,163.82658732727654,166.58770958560143,158.53443633215386,163.1363067626953,214528
2012-05-14,163.82658695866854,166.3576156897716,161.61769477449624,165.39122009277344,207682
2012-05-15,161.52565273050368,165.66733613384994,161.52565273050368,165.34519958496094,119101
2012-05-16,162.03187388059897,165.29920496146838,161.0654782026242,161.52566528320312,1409148
2012-05-17,160.88143859952007,163.82663369997348,159.31680501901027,160.32920837402344,605566
2012-05-18,159.27078046086126,161.98588192296967,157.93624049241453,160.46726989746094,74815
2012-05-21,161.52564247071956,164.01064954612585,154.99098123187974,156.7397003173828,80197
2012-05-22,157.38396862527017,160.0070403865423,155.68127094952595,156.37155151367188,226683
2012-05-23,155.6812537666383,157.29190823854057,152.32189434275907,156.4635772705078,80409
2012-05-24,156.64766668134348,159.54685347949902,153.2883068838266,154.7148895263672,29603
2012-05-25,155.81934667367648,158.35037559056084,155.12906605998074,156.55564880371094,62236
2012-05-28,156.00341957652353,158.25833345190895,151.30950575935788,151.99978637695312,52403
2012-05-29,151.40155555132475,152.5980448173284,149.74487918638087,151.2174835205078,47847
2012-05-30,154.11667039604717,154.11667039604717,149.10063337819446,149.60684204101562,14282
2012-05-31,150.5272155696243,158.0742818201073,145.97136571457276,152.96620178222656,205462
2012-06-01,154.20868645560677,156.55564326794348,152.04580165832115,153.9325714111328,32663
2012-06-04,153.2422970526233,156.0034195220399,150.25108104408858,153.70248413085938,73074
2012-06-05,154.57683908690188,155.08304768930554,150.71127038055658,151.9537811279297,223056
2012-06-06,156.4636022804757,156.4636022804757,151.95377465579162,155.54322814941406,351616
2012-06-07,155.5432645803119,163.82663369997348,155.5432645803119,160.32920837402344,548637
2012-06-08,160.14510058989572,165.66734543782314,159.22472644857447,160.51324462890625,723915
2012-06-11,160.14509880472218,161.80177504939203,154.62285401835246,155.54322814941406,47894
2012-06-12,156.6937104927375,158.9946460359495,154.2547244344512,154.9910125732422,35289
2012-06-13,155.12906590708573,157.7981453265606,150.52719515364976,152.04580688476562,76529
2012-06-14,151.44758048196078,153.61045146942988,148.82450834138783,149.42276000976562,44941
2012-06-15,149.42276102195487,151.86174710028953,148.41034375710115,149.37673950195312,216441
2012-06-18,150.94135393792328,152.0458000604175,148.22625312401829,150.06700134277344,18750
2012-06-19,149.42275845670733,150.48118317959592,146.43154227729642,147.21385192871094,63131
2012-06-20,145.41910356680938,150.02097393284768,145.41910356680938,148.04217529296875,89692
2012-06-21,148.18022644136437,150.7572766664947,147.4899458834077,150.25106811523438,145021
2012-06-22,149.10061766532942,150.75729400370332,148.68645209168486,150.15904235839844,39918
2012-06-25,151.40156532954748,151.7697094149578,148.36432747162397,149.1926727294922,28026
2012-06-26,149.7448725015677,153.610441151342,148.91654137797147,151.99978637695312,390627
2012-06-27,151.58564036895052,154.43880624057311,151.58564036895052,152.96620178222656,40915
2012-06-28,153.47242577292704,154.0706634942527,151.4015834461559,151.8617706298828,91151
2012-06-29,153.61042449355108,153.9785825426219,151.63162588854726,152.64404296875,20823
2012-07-02,158.3043500003389,158.3043500003389,152.78210523288521,153.33433532714844,18360
2012-07-03,154.62286440324127,154.62286440324127,151.17146117995463,152.36795043945312,19939
2012-07-04,153.61044736216863,155.03703017163787,152.36795062653727,153.47239685058594,321310
2012-07-05,154.3467777027977,162.4460748973755,153.4264033407729,157.47605895996094,521259
2012-07-06,159.2908985012274,160.96617816026654,156.91760103587762,157.75523376464844,118165
2012-07-09,159.10476703606534,159.15130534576434,154.73043575282642,155.47500610351562,19256
2012-07-10,157.19680147387015,157.28987808824917,150.7749127236471,152.26405334472656,209172
2012-07-11,155.00962561338497,155.00962561338497,149.1461546045452,149.5184326171875,261320
2012-07-12,149.61153577593666,152.54326469996687,149.28578180593402,151.05413818359375,34905
2012-07-13,150.82144853779042,153.1482218438301,150.30955557016225,151.24026489257812,36072
2012-07-16,151.24028366536962,152.54327119788707,148.9135100705178,150.54225158691406,24762
2012-07-17,152.1244225809175,152.1244225809175,150.07686509128905,151.3333282470703,26451
2012-07-18,151.1471837876668,152.63632433987402,148.68080983716388,150.07687377929688,34982
2012-07-19,151.70562891715198,152.91555395126937,142.9104281177762,150.91452026367188,611846
2012-07-20,150.4026177498308,151.51946598925366,149.05307800063667,149.5184326171875,29733
2012-07-23,147.23821676473443,149.8442057927337,147.05207773448402,147.93624877929688,31308
2012-07-24,149.8442145418356,155.4284709843885,145.56294558861234,152.03138732910156,920895
2012-07-25,154.03238549686992,160.91962847292893,152.86899889946156,153.52049255371094,278940
2012-07-26,155.149238252098,155.149238252098,150.86798397140632,152.86900329589844,67729
2012-07-27,153.61360880466285,156.45227567520408,152.8690383498733,154.963134765625,67293
2012-07-30,157.28990272555995,158.22061220914316,155.24234470197686,157.33644104003906,72397
2012-07-31,156.9641037714643,158.22056689505266,154.91654633429803,155.6145782470703,47424
2012-08-01,155.89382975320788,158.22060333161397,154.77698127587274,156.8245391845703,29266
2012-08-02,157.38294597951548,159.80278160277587,156.12648276252688,158.96514892578125,47687
2012-08-03,156.49877816416304,161.0127243838471,156.49877816416304,160.0354766845703,50478
2012-08-06,161.1057959319507,170.3198129173734,159.6166552750248,166.96925354003906,419127
2012-08-07,165.85241491482722,168.41186580611003,165.01478212191594,167.52769470214844,247108
2012-08-08,167.57421239111815,174.92681018428485,165.66625548484166,168.0861053466797,228121
2012-08-09,168.50494004592707,171.06439090102498,165.8524125700444,166.45738220214844,173153
2012-08-10,163.89794915265333,166.41086197035756,163.57219514601573,163.94447326660156,58453
2012-08-13,164.54942399402114,170.78517410468262,164.54942399402114,168.22572326660156,208891
2012-08-14,166.64354761238658,168.45842839289386,164.31677373955657,165.2940216064453,29577
2012-08-16,166.36429377316838,169.0168210607801,163.99098212659433,167.57421875,106047
2012-08-17,167.48115796586183,171.71588868428347,163.80485858229753,166.6900634765625,75898
2012-08-21,167.52769470214844,170.04060728238093,166.45738455548417,167.52769470214844,124930
2012-08-22,167.5276876830993,174.97336269123704,165.61973062196438,172.50698852539062,276350
2012-08-23,174.97337265289204,179.06848845991337,173.57730850938492,177.67242431640625,652351
2012-08-24,177.43975894553682,180.092286677983,174.60110635651523,176.5555877685547,125741
2012-08-27,176.46253987381502,180.32497890261251,167.52772233533034,177.4397735595703,209310
2012-08-28,175.99713061984414,178.37042792387732,171.99507787346997,173.29806518554688,46570
2012-08-29,175.53176896736866,175.53176896736866,172.1812100108828,172.87924194335938,52294
2012-08-30,175.76448229758216,175.76448229758216,171.25053586192638,173.1584930419922,97442
2012-08-31,171.71585960338717,181.16255297414028,171.71585960338717,176.74168395996094,345500
2012-09-03,177.20706754445536,188.37558056284115,175.90408003957648,185.67652893066406,583820
2012-09-04,186.14188916157158,191.21425280092458,182.60519042720188,185.0715789794922,318920
2012-09-05,185.1646272128883,186.88644523627914,180.65069526754954,181.5348663330078,220409
2012-09-06,186.14186232594864,186.14186232594864,181.39523915603812,183.53587341308594,189140
2012-09-07,185.67653244306456,189.86472490418632,184.32700660144735,184.97850036621094,802851
2012-09-10,189.77162240843796,195.26281585197137,183.8616268176864,194.2855682373047,693000
2012-09-11,192.65684029758853,195.82124648661156,187.72407777817193,188.74786376953125,328384
2012-09-12,190.65579044854695,193.12216421454403,189.02704930456886,192.37759399414062,627016
2012-09-13,193.3083431860991,197.31039652189,192.65684943410957,193.8202362060547,1197358
2012-09-14,198.148005579468,198.148005579468,187.07257051795878,191.53997802734375,145540
2012-09-17,195.12322184119486,195.12322184119486,188.51519356073584,191.9122772216797,842644
2012-09-18,193.58752649178678,193.58752649178678,185.21114313396907,189.21319580078125,159623
2012-09-20,187.35178302479343,190.7954045594699,185.86264247934034,187.77059936523438,227364
2012-09-21,187.30523563780056,191.16767332563379,187.2586973352311,189.91122436523438,121662
2012-09-24,195.30936361969304,195.30936361969304,187.53793483310668,188.5151824951172,559793
2012-09-25,189.7251241956515,191.63306717811608,188.46866077654164,189.53897094726562,46159
2012-09-26,192.65684123848615,192.65684123848615,185.6765209037584,190.60928344726562,292034
2012-09-27,191.67957957423326,193.8202138277564,187.21217204546696,188.00328063964844,197737
2012-09-28,189.86470327779375,197.3103779161386,188.4686392831041,191.86572265625,798763
2012-10-01,192.70340581742408,208.38585245307823,192.56379087079807,196.75198364257812,309167
2012-10-03,198.2410818478137,203.96493838958136,194.98359928223928,196.0539093017578,197726
2012-10-04,198.56684024407429,199.77675100583178,193.12218501017642,193.58753967285156,473581
2012-10-05,196.24007740278608,196.79849450689704,190.98156091304517,193.30833435058594,56141
2012-10-08,195.07667003582742,195.40240976170588,187.91019724554974,189.3993377685547,723210
2012-10-09,189.39936457166192,191.72613809219828,184.79235584129958,185.5834503173828,217709
2012-10-10,186.70030613157775,191.9122701058209,182.8843920170353,183.34974670410156,183284
2012-10-11,185.62995473775013,187.91018953127505,181.53483976984802,186.2814483642578,195335
2012-10-12,187.30526340541553,189.77163759077578,186.42109233150327,187.0725860595703,148529
2012-10-15,187.07258406423367,190.05085121898654,186.14187469077976,186.97950744628906,77854
2012-10-16,188.70129277183662,188.7478310727453,183.3497148017352,184.18734741210938,77660
2012-10-17,187.02603837028977,187.49139303864158,181.81407460564807,185.62997436523438,147355
2012-10-18,186.00223767706595,192.3775871205211,184.51309728946586,189.2597198486328,345021
2012-10-19,190.4231324565196,190.4231324565196,186.23494051863275,186.3280029296875,75680
2012-10-22,185.95573472135007,188.70132451893386,184.3735316347338,185.1180877685547,46306
2012-10-23,186.14183576355757,187.44482293330444,182.09324515510218,182.8843536376953,181282
2012-10-25,182.93094670765825,184.74582730944107,181.48834420826702,181.62794494628906,857062
2012-10-29,181.02294507098918,186.00224512757615,180.5575904564108,183.48931884765625,103946
2012-10-30,185.11809500469766,185.90920367967868,178.69620578972868,180.09226989746094,95414
2012-10-31,180.46455997595305,182.41905553730973,175.9040892681201,178.97543334960938,139561
2012-11-01,179.81306755310456,181.48834744675918,178.0912635469453,179.9526824951172,147452
2012-11-02,181.48833115343047,182.046762468348,177.067461548411,178.09124755859375,87742
2012-11-05,177.8120319411345,179.67345072261406,175.53179677412172,176.32289123535156,158556
2012-11-06,177.39324944234463,179.1615919419505,176.83481802062647,177.4397735595703,120391
2012-11-07,177.71896563897874,188.0033078440129,176.9278711318217,186.88645935058594,906815
2012-11-08,185.07156066985362,193.0756525910349,182.46557163910947,192.1449432373047,425159
2012-11-09,190.79539607688423,194.98358769808414,190.37657975506346,192.6568145751953,184322
2012-11-12,194.3321178709313,196.65889127886513,192.6568381769194,194.0529022216797,112436
2012-11-15,193.58755510616726,195.588574634598,188.00329870887396,190.0043182373047,430586
2012-11-16,190.84194890663508,193.49446194774143,187.16564993292806,188.0963592529297,64977
2012-11-19,188.3290574625286,189.58550666293203,184.79235881411748,185.7230682373047,166677
2012-11-20,188.74785045630813,189.91123709102217,187.02603255633252,188.887451171875,44933
2012-11-21,190.7488881013674,191.2142427999321,187.02605051284988,190.8419647216797,33048
2012-11-22,190.7954048039357,192.33106945468575,187.63099889266425,191.3538360595703,24432
2012-11-23,191.3072996260632,191.7261159711377,188.0032787678146,189.67855834960938,40425
2012-11-26,188.14286863369492,191.72610491587648,185.25767848838277,189.07357788085938,61524
2012-11-27,191.6796032026223,195.4489792134675,190.51621642158977,193.0291290283203,165537
2012-11-29,194.09946468368256,200.00946135436985,192.70340046519743,197.31040954589844,186389
2012-11-30,197.31037372191196,202.61541394866396,193.6806130934756,199.68368530273438,135253
2012-12-03,201.0797764616739,209.13040740141628,199.40449663679425,200.38174438476562,417867
2012-12-04,201.45206249957906,203.26694313080958,195.5420658695976,196.33316040039062,110861
2012-12-05,198.84607313605596,198.9856880778426,193.63410861050926,196.33316040039062,121352
2012-12-06,197.35693768951597,199.1718182397183,194.09945468092243,195.7747344970703,67673
2012-12-07,197.63617393769107,199.63719374215214,196.05395637900054,197.0312042236328,151122
2012-12-10,197.26383777812097,204.61644993612958,195.7747113851742,197.12423706054688,126480
2012-12-11,197.17080626364614,199.8233197236843,195.44898806910425,198.0549774169922,79781
2012-12-12,196.5192825888006,202.19661556489285,196.47275848036404,198.9391326904297,499849
2012-12-13,199.63716233470663,199.9163779894604,195.9143248086515,197.8688201904297,197148
2012-12-14,198.6599126403702,201.54511737456545,197.31038689108456,197.77574157714844,317274
2012-12-17,198.28763939846823,202.8946480623363,197.40346831372563,199.86984252929688,193781
2012-12-18,200.89362672482608,201.68472118232694,195.68164848065177,196.14700317382812,92810
2012-12-19,196.4262148919449,198.241095318647,194.5182578478743,195.91432189941406,197288
2012-12-20,195.49550159550168,198.70644600921523,195.07668522875602,195.681640625,84540
2012-12-21,197.26385122943157,197.26385122943157,190.8419621561684,193.4014129638672,54406
2012-12-24,191.86571463699676,199.12524994626165,191.7261139239615,197.68264770507812,87536
2012-12-26,199.12527024651064,200.9401507084745,197.82228278702328,199.73023986816406,83239
2012-12-27,203.63922479804728,203.63922479804728,199.03221598985135,201.17283630371094,79897
2012-12-28,199.21833551968467,202.8946345438261,199.17179721274672,200.00942993164062,335436
2012-12-31,201.9174075704618,206.15213830829077,197.35693705372216,202.98773193359375,174710
2013-01-01,202.98769852604744,213.13242394134699,202.05698925119438,210.94525146484375,305693
2013-01-02,213.8304924438924,218.71671697199005,211.27104150060316,214.9008026123047,252282
2013-01-03,216.62257378054693,216.6691120824531,211.03831838770793,212.15516662597656,65924
2013-01-04,213.97007653184693,219.04245391330545,212.38787345756992,215.69189453125,120367
2013-01-07,215.92459444739157,218.4375071459191,211.73640188267925,212.48097229003906,55613
2013-01-08,214.01661735258216,216.85528377882778,212.4344142597315,213.1324462890625,100161
2013-01-09,212.34132338004974,223.09101875004666,209.4095947343674,211.3640899658203,460539
2013-01-10,213.78394394849235,217.3206424692335,212.48095648366584,213.36512756347656,101045
2013-01-11,214.06314922311452,215.27307421119684,207.31550647586417,208.2462158203125,78783
2013-01-14,208.24620671499025,209.87494799656002,201.63816497773703,202.2896728515625,225417
2013-01-15,203.31347717033572,204.47686398660164,200.19560902364253,202.42930603027344,146056
2013-01-16,203.5926651133121,207.0362867800721,201.73124646084753,202.61541748046875,458228
2013-01-17,203.12730361948644,206.5709251704453,202.8480879907067,204.011474609375,173196
2013-01-18,204.66298411079902,205.5936934777449,202.0570092445489,203.1273193359375,39663
2013-01-21,203.7788115298247,204.75605919811528,203.1738561264294,203.96495056152344,58022
2013-01-22,204.0580416174612,204.80261199844043,200.4282805372484,202.10354614257812,44576
2013-01-23,202.61541394866396,203.8253388919751,199.0787157303303,199.68368530273438,43285
2013-01-24,200.70749087703038,201.03324487107867,197.31040700309572,198.0549774169922,72577
2013-01-25,198.14804374770583,200.89364809065057,197.35694920606898,198.28765869140625,63340
2013-01-28,197.44999934961322,199.07874084762346,196.47276581200614,198.47378540039062,92232
2013-01-29,198.89261522532917,203.36002361881123,198.52033710983056,201.0797882080078,83156
2013-01-30,202.98772877029722,218.43749651390507,202.98772877029722,212.7601776123047,1614605
2013-01-31,213.36510168510992,217.64637003856134,209.50266386737394,216.34336853027344,844807
2013-02-01,217.41371653326507,244.5904133480506,215.92457584682566,229.46640014648438,2777013
2013-02-04,229.74559437607175,234.0733869026189,223.55636906430922,225.5108642578125,703435
2013-02-05,224.67325279993054,229.79215471228727,221.64844712444702,224.02175903320312,193352
2013-02-06,227.79112285795136,227.79112285795136,216.52953357538593,218.76324462890625,248217
2013-02-07,218.76324600925332,221.50883588262485,217.413720227579,219.78701782226562,122994
2013-02-08,219.41471522454228,222.16030479108238,216.57604904835807,220.1127471923828,75345
2013-02-11,220.43853990593533,224.85940981334653,218.71672173508074,221.50885009765625,165710
2013-02-12,221.50880959943163,229.23369949719012,220.019669064383,227.232666015625,168703
2013-02-13,226.39505568790497,237.23781423655177,226.16237834392973,233.98033142089844,618742
2013-02-14,234.53875777355861,240.8675700348215,234.49221946544685,237.2843475341797,395041
2013-02-15,228.02378145971934,241.89134452911978,228.02378145971934,239.33189392089844,609644
2013-02-18,242.86861641097056,242.86861641097056,233.60804701089435,236.2605743408203,512599
2013-02-19,236.40019075731132,239.1923189946024,233.28230854507018,237.19129943847656,70967
2013-02-20,238.54078351821238,246.59144172912445,237.14473376216304,242.82205200195312,336302
2013-02-21,241.70522364315667,245.1953836202739,234.5387504622781,235.934814453125,87270
2013-02-22,238.26159725213995,239.1923066164061,234.53875979507526,235.5625457763672,121669
2013-02-25,241.51910002867064,241.51910002867064,228.11688975392204,232.21200561523438,60507
2013-02-26,234.5387395758688,234.5387395758688,224.44053816353133,227.232666015625,91988
2013-02-27,232.21196663764215,233.14267592276295,226.62771092691727,230.81590270996094,54925
2013-02-28,231.97931989640472,233.8407387120228,222.57914919693394,224.4871063232422,62317
2013-03-01,224.34751930898491,233.60807564256356,221.5553909148507,232.58428955078125,129620
2013-03-04,231.46739609826642,232.4911819912994,225.37124744756255,227.232666015625,57090
2013-03-05,227.6514810591976,233.60801439095843,227.13958814752385,232.53770446777344,126730
2013-03-06,232.53773931659504,240.12301492130055,231.7931689881674,237.3308868408203,138316
2013-03-07,238.494256374554,242.40324676706118,237.37740806305055,240.8675537109375,122833
2013-03-08,241.0537197699784,241.98442911271962,233.7011216429217,237.9823760986328,58678
2013-03-11,237.51704658966085,241.70525327718977,235.8883050673159,236.77247619628906,52298
2013-03-12,236.3070974040025,241.05372075191727,233.04961469113874,234.4456787109375,159564
2013-03-13,232.6773547404768,238.26161125424824,232.6773547404768,234.58531188964844,44594
2013-03-14,235.88831531241627,236.21406931163304,231.79319927326097,233.7476806640625,45875
2013-03-15,235.19024404587458,237.23780172456833,231.00205207520665,232.35157775878906,59598
2013-03-18,236.30710559869036,245.52112276828794,229.4198618761122,243.0082244873047,803997
2013-03-19,246.12612915039062,254.9213165446203,241.9844606738124,246.12612915039062,853796
2013-03-20,246.6379719132387,251.24499444791024,245.24190792127695,246.77757263183594,198108
2013-03-21,247.615223770159,250.3608278531675,243.14783002468405,245.10232543945312,131110
2013-03-22,243.56663276877654,249.4300899397448,240.12299703154537,246.172607421875,211274
2013-03-25,251.1984841223059,251.1984841223059,237.56359585843535,240.07652282714844,77234
2013-03-26,243.84583176394568,245.70725032702924,235.09717019805163,238.82000732421875,275514
2013-03-28,238.86656675619568,247.56870550628292,233.2357861312555,245.52113342285156,91185
2013-04-01,246.59145677061176,249.80238702703093,242.54286536617437,245.42807006835938,83783
2013-04-02,242.91516130188495,256.3173714172515,242.91516130188495,251.9895782470703,304282
2013-04-03,252.08265446043944,257.7134351432427,247.708308784065,251.05886840820312,98114
2013-04-04,246.68454862329986,250.31433849883962,240.58841258627913,244.4508514404297,70772
2013-04-05,243.84584677553053,246.45182156307865,239.3319008015677,241.5655975341797,63878
2013-04-08,241.98441426601536,245.3349733749127,240.1229956947383,240.7279510498047,37306
2013-04-09,242.31018107844963,243.47356774734655,235.0971837312887,236.02789306640625,50067
2013-04-10,237.05167917974697,240.40222446831862,232.77042449965572,234.2130126953125,83396
2013-04-11,234.53874992425418,237.23780128643438,232.07237589334804,233.18922424316406,125935
2013-04-12,233.18922768282945,233.98032209993198,229.88520668970227,232.49119567871094,68083
2013-04-15,231.74664532151488,241.42601759811924,231.74664532151488,234.58531188964844,247106
2013-04-16,234.5387862257478,239.4715350510421,234.5387862257478,235.3764190673828,70645
2013-04-17,237.3308778995429,238.26158722463916,232.6773312740617,233.18922424316406,117604
2013-04-18,233.18924049879527,235.98136866872338,230.11789667157473,233.23577880859375,103736
2013-04-22,233.37536378002085,237.3308784203602,232.9565474231079,234.11993408203125,69752
2013-04-23,234.53877315690636,237.2378247864459,231.93278394819657,233.65460205078125,111430
2013-04-25,232.02583809596925,235.46945976608285,232.02583809596925,234.11993408203125,283598
2013-04-26,234.07340368116905,234.35261932904058,231.97930762437926,232.77041625976562,74859
2013-04-29,234.2595877860132,234.2595877860132,232.11895300911988,232.7239227294922,59286
2013-04-30,232.77041672066377,239.4249829670397,231.0485987232949,231.93276977539062,166949
2013-05-02,233.04961770613937,234.81797400832718,230.86245923439094,232.77041625976562,292174
2013-05-03,233.93381643470843,233.93381643470843,229.88522481107984,230.8624725341797,83263
2013-05-06,231.7466424303261,236.1209738045747,229.88522361562468,234.399169921875,147648
2013-05-07,235.4694627259894,242.68246010198314,235.3298620057627,241.5655975341797,202150
2013-05-08,242.72901416643376,249.70933506926065,242.72901416643376,248.68557739257812,357941
2013-05-09,250.12812589046544,260.22632753724673,250.12812589046544,256.27081298828125,676211
2013-05-10,257.1549389768182,266.18282952107177,257.10841487830794,264.3214111328125,344393
2013-05-13,268.0443012700364,270.83642940826593,261.0639809244625,266.5086364746094,173047
2013-05-14,268.04427852074275,276.28106151005187,259.2956167774006,266.9739685058594,792081
2013-05-15,268.0443058296453,275.48998099157984,267.3927978917773,272.2790222167969,472664
2013-05-16,271.76704740422184,272.79083305791727,265.9501157388918,266.6946716308594,84354
2013-05-17,267.8115834276063,270.8363884532873,261.5292960665764,263.2976379394531,99794
2013-05-20,263.9957038549896,269.7661132388236,263.80957902508896,266.2294006347656,198109
2013-05-21,266.2293978100123,267.1135830523943,259.34215431086324,260.5520935058594,59653
2013-05-22,261.06396477613987,263.4372621856343,256.0381401188024,257.4342041015625,52487
2013-05-23,255.9451047044388,258.178801755805,253.43217776977744,256.3173828125,75825
2013-05-24,257.10850135954246,267.95126143763446,257.10850135954246,262.36700439453125,52088
2013-05-27,263.3907460089917,269.90571145797736,262.92539133406416,268.7888488769531,159463
2013-05-28,271.0690937960651,276.32759585777603,269.11459851212965,271.16217041015625,226797
2013-05-29,273.58205823420934,275.21079979579383,270.8364539549102,274.28009033203125,423269
2013-05-30,273.58201577952866,274.28004776902947,265.4848333401221,266.3690185546875,116873
2013-05-31,266.6017412094889,267.06709594827106,261.7155164522764,265.5314025878906,84999
2013-06-03,265.5313701923337,267.25318819636095,262.4600406522819,265.3452453613281,43527
2013-06-04,265.95020330640415,265.95020330640415,259.71443914677036,262.7857971191406,95382
2013-06-05,261.57588003402765,264.18188354053626,260.5986464709609,261.436279296875,61651
2013-06-06,261.0639688418476,263.57689541114894,260.6451382792991,261.2501220703125,39523
2013-06-07,260.78473493187056,262.9718788775399,259.760949108775,261.1570129394531,39967
2013-06-10,262.46007291779716,262.8323510285701,260.4590532197684,260.9244079589844,44142
2013-06-11,260.5986055789035,260.6451296829879,255.20050296739524,256.27081298828125,73478
2013-06-12,256.8292865269851,259.06298354759167,255.2470690857645,257.0154113769531,85097
2013-06-13,255.24699335825076,256.17770254096087,250.5003708458311,251.66375732421875,72772
2013-06-14,253.99061200591476,255.20055137454642,251.5242375587416,253.71141052246094,41592
2013-06-17,253.15296519886363,265.3452644239673,252.26877987833026,261.0639953613281,96429
2013-06-18,260.5986288248681,264.4145429989744,258.9698873947127,260.4124755859375,43447
2013-06-19,260.59858193725677,263.0184315929867,253.6182627782231,255.85195922851562,79214
2013-06-20,253.15297915255397,258.178804675718,252.594547782647,253.71141052246094,50117
2013-06-21,253.1529378834198,256.64309787262135,249.89545522683167,251.2449951171875,45378
2013-06-24,245.80037515734537,249.9420152309248,242.91517013794245,246.12612915039062,108562
2013-06-25,246.12609912110335,249.38358184812046,241.23987503057774,247.0568084716797,59691
2013-06-26,247.0568431211467,254.03716422945186,245.0092709015108,248.3132781982422,75439
2013-06-27,248.359809595991,251.4311392612895,243.8923874247423,247.94097900390625,117319
2013-06-28,247.98754530229544,252.59454005636212,246.12612639487494,248.68557739257812,130247
2013-07-01,248.68553381223833,249.4300898835291,245.24189807578327,246.21913146972656,108426
2013-07-02,247.2895053574447,255.0143822166779,246.2657193102819,248.26673889160156,682569
2013-07-03,247.56867347451308,252.6875746177831,246.63796417573673,249.9419708251953,422230
2013-07-04,251.01233251571142,252.1757192470542,248.5924824339192,250.36082458496094,38868
2013-07-05,255.52967723204202,255.52967723204202,249.5619867337826,250.92469787597656,271893
2013-07-08,249.70301117381376,250.92473059978263,247.40050685540368,249.13912963867188,81453
2013-07-09,250.68974449864407,250.68974449864407,247.16552128638574,248.57521057128906,157599
2013-07-10,249.70296632306295,249.74994449246745,246.69561779594622,248.01132202148438,179005
2013-07-11,249.60897781458416,260.6985215779211,248.66918499802335,255.9995574951172,81756
2013-07-12,260.6985313194017,267.3240881318518,259.6647534465157,265.7734069824219,168790
2013-07-15,267.46509149017646,277.9437776239828,267.46509149017646,276.5340881347656,334461
2013-07-16,273.7146886725964,274.1376069597944,267.9819461094214,271.2242431640625,64210
2013-07-17,271.22419423373077,280.01126220973384,271.22419423373077,277.896728515625,148387
2013-07-18,278.46063401390165,279.9643084397082,271.6001570889274,272.39898681640625,115465
2013-07-19,272.7748679422559,284.61626329439406,271.8820532848348,275.0303649902344,173874
2013-07-22,275.3593180408217,276.9569774332763,271.9760578851669,274.4195251464844,53828
2013-07-23,274.79543812383315,275.9232010755035,270.7543401273869,272.30499267578125,42694
2013-07-24,271.5531369872221,279.11845744245454,267.84094401043615,277.8497314453125,121158
2013-07-25,278.1786327423737,280.4341294339753,268.07586145189896,269.8144836425781,66780
2013-07-26,271.13024849336966,272.5399378269574,259.6647637747751,261.1214599609375,66719
2013-07-29,261.1684283667979,261.1684283667979,251.95846987051658,254.96578979492188,60434
2013-07-30,255.62366080373593,258.95991402229197,253.22720045578185,254.3549346923828,39943
2013-07-31,253.74403667387273,255.57664396637435,248.34022848544768,252.14637756347656,137602
2013-08-01,252.80425266586494,258.16108287473054,248.71614842017266,253.6970672607422,94797
2013-08-02,253.74402691566783,262.1551829836548,251.34756702243195,257.26824951171875,179980
2013-08-05,258.2081281183165,258.2081281183165,251.86452533469998,252.61634826660156,98313
2013-08-06,251.86452446541816,251.91150264342247,240.58700844457854,242.09068298339844,110565
2013-08-07,243.17139760708312,243.9232204077974,234.00841740739594,237.062744140625,248591
2013-08-08,237.7675618367221,238.7073545712546,233.82043521970544,234.80722045898438,123902
2013-08-12,236.54585309144292,240.58696513954126,235.1361638425784,236.21693420410156,165508
2013-08-13,237.76760360923979,238.70739650888106,236.02898100886281,236.73382568359375,196999
2013-08-14,248.1053222451601,249.04511513245237,238.04954121915304,238.9893341064453,502275
2013-08-16,238.4724524121485,241.00990475718686,233.35058388845968,234.47833251953125,201021
2013-08-19,233.20959291587326,234.9012229351062,218.2198996384249,225.64427185058594,249168
2013-08-20,220.38143466363505,224.9864141295211,218.4548563539923,220.99229431152344,146236
2013-08-21,223.38877159985137,225.4563131316178,217.60905094557904,220.1934814453125,154361
2013-08-22,216.71627352431113,218.64283771990395,211.8293384073933,216.66928100585938,357125
2013-08-23,216.66925360494326,220.75734407139035,207.69422863960085,214.4137420654297,483517
2013-08-26,213.37997693674106,217.09215595628496,213.37997693674106,215.2125701904297,112891
2013-08-27,215.21260638673084,216.10540690765066,211.45343422277048,211.829345703125,255979
2013-08-28,210.5136017217421,211.782327825302,206.519482046218,210.41961669921875,269545
2013-08-29,211.45338584988178,215.68245356687942,209.1039037848831,209.9967041015625,864372
2013-08-30,209.57378765455977,215.2125442730681,206.98935753774344,211.1714324951172,405071
2013-09-02,212.39318707840658,217.46806280353164,212.39318707840658,215.82342529296875,137201
2013-09-03,216.85721506269817,217.75001546362498,209.10392351657785,210.70156860351562,103969
2013-09-04,207.74120947009902,214.0848111193369,206.19054268511383,209.19789123535156,283314
2013-09-05,210.56059524932036,213.14502564007498,210.56059524932036,212.3931884765625,403221
2013-09-06,213.7558790913136,213.80287160144397,211.5943526862239,212.48716735839844,388264
2013-09-10,213.80288481440522,225.55029606794398,212.3931954639806,220.6633758544922,791364
2013-09-11,219.91153461548143,223.01285399730978,217.092155966565,221.60316467285156,802153
2013-09-12,223.67069356637373,228.27567269787647,222.30799683073315,224.75144958496094,284234
2013-09-13,224.75145664381617,228.55762059332673,223.85865629519049,224.65748596191406,67115
2013-09-16,225.7851859398288,229.77930473376958,219.20663733804398,228.5575714111328,196064
2013-09-17,226.53706713553237,229.77934956816733,219.95851725014515,225.26834106445312,189961
2013-09-18,223.76471651259476,230.86014211049547,223.76471651259476,229.92034912109375,86980
2013-09-19,230.53120112823817,237.76760358677177,229.49742320268982,235.41812133789062,1355816
2013-09-20,234.99524577031286,237.76763229066157,230.3902514025187,235.88804626464844,92049
2013-09-23,234.8072723837922,239.55321527061028,233.16263473466844,234.71328735351562,67091
2013-09-24,234.94821048398975,244.34613890334936,234.80724729373966,242.7954864501953,278423
2013-09-25,243.5003189300178,244.34612670951074,239.08328132126587,242.51351928710938,165210
2013-09-26,242.9364618600795,244.20518799654988,239.64718674785405,239.9761199951172,57332
2013-09-27,239.64718216440585,244.1111983027624,236.82780355070693,239.27127075195312,86445
2013-09-30,236.82783927765502,240.58701132968127,232.17586673129315,235.88804626464844,178353
2013-10-01,239.41219613744394,246.22569337786186,235.18312888477075,243.7822265625,102187
2013-10-03,243.6413065854672,250.78373828119746,243.6413065854672,249.65597534179688,209811
2013-10-04,249.04509302395493,255.43567261814988,246.31969962878946,251.86447143554688,257460
2013-10-07,251.62955986622845,253.4621675726301,250.07890725015253,251.77052307128906,91176
2013-10-08,252.80431071202955,253.69712551190517,249.23310887293812,250.87774658203125,71552
2013-10-09,250.54880666616117,254.6838899177141,249.18609541407673,251.95849609375,138742
2013-10-10,251.9584438753868,252.80425162060556,246.74257686617318,248.9510955810547,84227
2013-10-11,250.12583302837007,252.14638169151686,245.66181749528366,246.1317138671875,63425
2013-10-14,246.2257349336047,248.2932907448229,242.9364598486138,247.4944610595703,67032
2013-10-15,244.81603231517835,248.62218180615537,241.99665382402463,242.60751342773438,79849
2013-10-17,244.06424829234064,244.06424829234064,237.34471988363956,238.42547607421875,67680
2013-10-18,236.96879404321024,242.46658870928755,236.96879404321024,239.0833282470703,47637
2013-10-21,240.07007638918358,241.4797799791797,237.3916754184425,238.19049072265625,93420
2013-10-22,237.814576628252,252.6162992441826,237.814576628252,249.7969207763672,286652
2013-10-23,252.4283838933515,255.4357040273863,250.03189474069777,253.50914001464844,253750
2013-10-24,255.52964487973213,258.4430081623291,248.10528783583592,248.9510955810547,152131
2013-10-25,249.0450789122097,254.68383541588238,245.23892974431013,248.43421936035156,93536
2013-10-28,249.98487880327005,253.55607988552265,246.27268586023942,247.2124786376953,87044
2013-10-29,246.93058619949053,250.40783142585587,246.3667047195119,249.0451202392578,145078
2013-10-30,254.68386105607743,265.39749375560643,252.94523855637016,262.6251220703125,806739
2013-10-31,265.7734270055503,273.00984398073564,261.4504025063007,271.2242431640625,416458
2013-11-01,269.8615238139855,274.4195250865667,267.934959853096,271.7881164550781,236935
2013-11-05,278.17865181865517,278.17865181865517,264.2697306998018,271.31817626953125,1716658
2013-11-06,269.72055193787963,274.41951625735487,265.1625508119482,266.2903137207031,47332
2013-11-07,266.0083258642727,270.42536325220044,262.5311099045964,263.6588439941406,78860
2013-11-08,261.3564270754423,268.54583746038804,256.98639556147174,267.2301330566406,108452
2013-11-11,267.84093313601,276.20508285579655,263.14196939678175,274.6074523925781,269904
2013-11-12,276.1111582638988,279.07152901156286,269.7205776522344,275.2653503417969,1258109
2013-11-13,270.6603724497395,276.25215203319635,268.4518532579454,269.2037048339844,75731
2013-11-14,276.2051264451921,279.40041655609326,266.14935966440896,267.70001220703125,525823
2013-11-18,267.93493270614874,272.0230371174605,267.93493270614874,270.1904296875,194309
2013-11-19,270.6603665600176,274.9364129624084,265.9614018627951,266.19635009765625,117367
2013-11-20,266.4312704951586,269.5795822493957,266.33728547499305,268.686767578125,218148
2013-11-21,266.948134407621,268.63977866232966,257.9731246047455,262.6720886230469,87625
2013-11-22,262.24913052182353,265.9613230040288,261.2623597000707,264.0347595214844,58998
2013-11-25,263.23597951027773,267.79398050802826,263.1889726602836,266.71319580078125,65154
2013-11-26,266.29032477830845,276.6750248834886,266.29032477830845,274.278564453125,142241
2013-11-27,276.86302195009256,286.44889328705824,274.513539463551,281.1390686035156,558884
2013-11-28,281.3270381341452,284.75727682186573,274.5605171138204,276.5340881347656,84271
2013-11-29,277.2388589285622,285.5090235872332,277.2388589285622,282.78363037109375,168874
2013-12-02,283.5824598642374,291.24176497457233,282.8306371428076,289.6441345214844,361499
2013-12-03,292.1346118746061,295.7528200672444,287.5766108360982,288.8453369140625,200198
2013-12-04,288.234506123671,288.234506123671,279.5883996049814,280.95111083984375,101095
2013-12-05,282.40776830695586,286.401888158219,274.4665067776573,277.5678405761719,138533
2013-12-06,276.29907101730174,278.8365229374994,273.66766276540704,274.32550048828125,69993
2013-12-09,277.33291470123294,280.99810159468774,269.90855588009003,273.3857727050781,151934
2013-12-10,273.38581032684027,278.8366275802212,269.7676011124824,270.9893493652344,111317
2013-12-11,270.66034698280646,276.1581410169352,269.72055411133834,272.8688659667969,103602
2013-12-12,273.52666413819196,281.74985057210324,273.52666413819196,276.8629455566406,343030
2013-12-13,274.8894205870207,278.178695705156,270.19045613254167,271.1302490234375,59918
2013-12-16,269.72058023461364,274.1845968064409,266.2433348013188,267.74700927734375,56782
2013-12-17,270.6133664767454,277.1449096689798,269.43862539754474,275.6412353515625,1256939
2013-12-18,276.76898213909135,283.20656861419013,271.4591585064188,272.6808776855469,250807
2013-12-19,272.6809123127297,276.6750322565769,270.51940005049397,271.7411193847656,104462
2013-12-20,271.55313839163625,272.5399093499613,266.99513761991585,271.6470947265625,131036
2013-12-23,268.7807562324438,276.2051140426842,268.7807562324438,271.8350830078125,147915
2013-12-24,273.47974459461653,274.8894339997434,269.01572814504806,270.2844543457031,72626
2013-12-26,270.6603796549902,279.0245314846762,270.6603796549902,274.04364013671875,194401
2013-12-27,274.5135199943412,276.2991208214321,270.754348282485,271.7411193847656,112111
2013-12-30,275.1712940150281,275.1712940150281,267.8409223491309,269.9084777832031,76283
2013-12-31,270.6603715551181,274.23157331883283,266.19635501037226,268.54583740234375,119478
2014-01-01,269.06267582128345,271.1302315198585,268.45181621767756,268.9687194824219,69630
2014-01-02,270.33143004553153,272.25802275635596,267.04215479701594,267.79400634765625,64764
2014-01-03,266.43131736885425,268.3109033820384,261.3094340108448,264.9276428222656,183858
2014-01-06,264.5516692918233,270.19042600852293,263.89380286946175,268.3578186035156,122733
2014-01-07,269.438625550792,270.56635977934474,265.0215876184044,266.2903137207031,64773
2014-01-08,268.16988322816655,269.67355745548895,266.66620900084416,268.7337646484375,200383
2014-01-09,269.90854529207803,275.35933290131925,268.0759375771376,274.0906066894531,282680
2014-01-10,274.41953407087624,276.0171935152883,267.1361389028992,268.45184326171875,164492
2014-01-13,268.4518407537009,273.4327604172603,267.4650696638561,268.5928039550781,94372
2014-01-14,267.8409594414146,269.3446337216874,264.17577310088814,264.7396545410156,61381
2014-01-15,265.4914997199956,267.84098201840266,264.6456918286098,266.6192626953125,35893
2014-01-16,266.9011456904769,267.13609388210585,263.4239009822889,264.692626953125,39393
2014-01-17,264.5516374647893,272.44589018240623,264.3166892965257,265.0685119628906,176151
2014-01-20,264.55166253083064,268.12286355472673,262.29616563783316,266.8071594238281,113536
2014-01-21,265.350540614058,268.31088261970564,264.9746291765511,265.6794738769531,46908
2014-01-22,265.0685119628906,267.7469268171347,264.5516374647893,265.0685119628906,67532
2014-01-23,265.06854100979547,267.8409411711911,263.14197729099476,265.86737060546875,150260
2014-01-24,264.5986219672567,266.713155532302,263.18893292389316,263.9877624511719,36736
2014-01-27,262.2022208107057,263.7998802232107,256.5634633739163,258.7249755859375,110501
2014-01-28,260.32258567945814,265.96134204796624,260.32258567945814,264.0817565917969,818952
2014-01-29,258.3960904391269,272.44597823393974,253.36819227728586,268.1229248046875,687358
2014-01-30,266.9011747684996,267.0421379627946,261.26241755508056,262.8600769042969,562437
2014-01-31,261.73237224138165,266.33735258786334,261.73237224138165,263.0010986328125,154570
2014-02-03,263.7998996884746,264.0818261090355,258.4430682561735,259.5708312988281,73766
2014-02-04,258.44303691884784,261.1684304812244,256.1875397872329,258.9129333496094,300833
2014-02-05,259.38287606013597,261.0744920406192,258.6780312882334,259.2419128417969,493085
2014-02-06,259.3828163507737,260.0876609604225,256.09354150574575,257.1273193359375,160299
2014-02-07,257.12731387637234,264.73964123498797,257.12731387637234,258.8659362792969,193760
2014-02-10,259.8058077804945,260.839557221711,257.0334067294281,258.3961181640625,200348
2014-02-11,259.5707987820812,260.2756434253923,256.23451692895463,256.9393615722656,393871
2014-02-12,257.55018324233924,265.02154683257055,255.38867146011012,264.22271728515625,183816
2014-02-13,261.26240617515396,267.6529859332572,256.61042020463105,257.50323486328125,88080
2014-02-14,258.8189406136875,261.6383191142292,254.77784290165826,256.70440673828125,58975
2014-02-17,257.5032070897905,260.3225852696058,257.1742738994392,258.6779479980469,25025
2014-02-18,256.70441438898973,261.5913487409906,255.15376190351705,258.9129333496094,99158
2014-02-19,257.9731431654923,264.7396633107665,257.9731431654923,262.7190856933594,53739
2014-02-20,262.15528943004387,262.2022676116543,258.0201769608187,259.053955078125,37316
2014-02-21,258.3489767985504,262.6250502836124,258.3489767985504,260.5574951171875,263749
2014-02-24,258.6310349426753,264.55171913870635,258.6310349426753,263.7998962402344,169054
2014-02-25,261.49732023878425,268.49878736505525,261.49732023878425,267.9349060058594,91760
2014-02-26,270.66033173953707,271.60012455807714,266.995145483271,269.76751708984375,79329
2014-02-28,268.7807774324886,271.5061711878961,267.3710880403601,269.1097106933594,669164
2014-03-03,268.0759327190011,272.44596409827443,267.93496951583825,270.4254150390625,144785
2014-03-04,272.2110051119271,273.479731250677,270.2374343050053,271.1302490234375,136926
2014-03-05,272.35195096658873,273.47971383593074,270.425387135014,271.6001281738281,71444
2014-03-06,272.3050255791838,275.3593528721341,271.13028431266446,273.4797668457031,218668
2014-03-07,274.41955268715355,274.5605158994106,266.9951938128231,268.63983154296875,268568
2014-03-10,268.6398267468542,271.5061838389945,263.001068915597,264.9746398925781,95641
2014-03-11,266.5722308586117,267.84095691688987,262.20219992916583,264.880615234375,198175
2014-03-12,265.86737338195184,266.854173015218,261.262394467309,262.9540100097656,78071
2014-03-13,262.9540496391791,266.9011914067121,262.1552485949772,263.04803466796875,174872
2014-03-14,265.67947868532997,265.9614050985115,262.20223329499896,264.59869384765625,177013
2014-03-18,263.8938657600035,265.72647360175347,263.4709761135889,264.2698059082031,117308
2014-03-19,265.58543633576807,265.58543633576807,262.6720730807646,263.6588439941406,566709
2014-03-20,263.70588078619534,269.25065289333355,263.70588078619534,265.1155700683594,270725
2014-03-21,266.66616148646045,275.35924340275915,265.96131700676057,273.9495544433594,483618
2014-03-24,272.68088870685887,276.62803013468715,266.6192420543674,267.887939453125,118447
2014-03-25,267.84096497470665,273.10381072428515,267.18309850093357,272.3519592285156,93189
2014-03-26,271.69411043818343,284.5692548849206,271.69411043818343,282.5487060546875,429544
2014-03-27,283.3475640267956,289.40923980392796,282.8776675690397,287.4356689453125,489180
2014-03-28,287.43566230435215,290.771915605256,282.92463920599687,285.885009765625,165615
2014-03-31,285.93194624532896,291.3357545967197,281.93782702908356,288.5633544921875,258509
2014-04-01,286.6368351586362,290.39600676727406,285.6970422564767,288.3754577636719,87784
2014-04-02,291.2417814778663,291.2417814778663,282.9246095048367,289.83209228515625,96162
2014-04-03,291.3357497629951,299.08903987765547,288.51637153948224,297.021484375,339234
2014-04-04,295.61182291192165,302.5193059416271,291.24179199278586,294.53106689453125,247068
2014-04-07,293.4503536032268,298.8541631571693,290.5839965293046,297.7734069824219,65472
2014-04-09,295.09494667053224,302.33136288580715,292.7454646110535,300.73370361328125,263897
2014-04-10,304.8218383767991,307.2182988431605,301.90847459794554,306.1375427246094,267662
2014-04-11,303.60010674865947,310.17865752267335,302.6133356046395,308.4400634765625,152913
2014-04-15,308.25205164527813,309.37981452581704,300.7337089222226,304.3988952636719,189475
2014-04-16,303.55311128721394,307.68819437366153,299.98190968532816,302.8482666015625,165635
2014-04-17,302.7072848396912,310.03765764891585,300.96866231898224,308.0640869140625,182419
2014-04-21,309.1918780352618,317.65001451646964,307.312292150549,312.9510498046875,129756
2014-04-22,314.8305662678868,318.871663556858,312.1051730720552,317.60296630859375,175644
2014-04-23,315.7704187743531,320.56336836679026,314.4547144321674,318.2608642578125,367326
2014-04-24,318.2608642578125,318.2608642578125,318.2608642578125,318.2608642578125,0
2014-04-25,318.58978716711107,319.38861685327566,306.5134428909603,309.6147766113281,171598
2014-04-28,307.3123425635222,307.3123425635222,300.8277759335448,301.673583984375,66062
2014-04-29,301.6735749304988,301.6735749304988,294.1552303839443,295.6589050292969,93069
2014-04-30,295.2359308345387,300.9216950305707,295.2359308345387,299.32403564453125,66454
2014-05-02,298.8541319710276,300.73371770669445,287.67060257985037,291.7117004394531,108376
2014-05-05,293.68526696205225,295.84677905481226,289.2682290748623,290.02008056640625,49467
2014-05-06,291.1477808628243,291.80564725625436,280.9980306912079,282.12579345703125,333823
2014-05-07,281.9378662109375,284.52229665120444,280.81010327401265,281.9378662109375,95350
2014-05-08,280.2932007936504,292.1815739009957,278.6485634042493,281.796875,184515
2014-05-09,279.58838399251306,285.4620895385742,279.58838399251306,281.9378662109375,158465
2014-05-12,279.21246052290707,295.470865300617,279.21246052290707,292.7924499511719,175131
2014-05-13,295.0949732099717,301.6735235681558,293.16840922001353,294.9540100097656,113920
2014-05-14,295.94080686564524,298.2902893410477,286.77782521157593,292.60455322265625,111628
2014-05-15,293.92023501544736,297.2095102274508,283.3475646911507,285.9789733886719,201327
2014-05-16,288.42246294435756,296.7396366433233,274.4195531270005,292.60455322265625,815848
2014-05-19,293.21539474365517,307.1243186632597,292.8394833069477,302.42535400390625,383353
2014-05-20,305.0568039563815,310.1316802609745,302.2844032213603,304.3519592285156,222677
2014-05-21,304.49287377578094,309.19183787725905,296.3166647671287,298.7601318359375,153434
2014-05-22,299.7939598936399,309.89673440416226,299.7939598936399,306.8424072265625,327347
2014-05-23,306.8893583771812,313.32694544369946,299.6999484667761,309.9906921386719,269370
2014-05-26,312.9510138410296,315.3474740965606,304.49287833181256,307.9701232910156,243579
2014-05-27,309.191818315282,311.0714038369554,300.73368346775146,302.8012390136719,76269
2014-05-28,302.8951908511217,310.9774142104302,302.8951908511217,305.7145690917969,203513
2014-05-29,296.97449881316135,297.77332835929957,288.79829069654267,290.0670166015625,276607
2014-05-30,287.67058953252166,290.1140566141053,280.99805473749745,284.52227783203125,174788
2014-06-02,285.6030486274257,286.35490013462834,281.70291393698255,282.8776550292969,150818
2014-06-03,283.8643596063475,285.9319149167722,281.09198848577313,284.6162109375,173358
2014-06-04,285.5090152302632,285.5560220741129,276.5340062776965,279.2593994140625,259345
2014-06-05,279.11846294856326,281.8908631940382,274.8893953281305,276.1111145019531,323858
2014-06-06,277.23894004053716,287.48267819073936,277.23894004053716,280.0583190917969,1206067
2014-06-09,284.7571850943477,285.69697778442804,274.5134505085112,276.3930358886719,702485
2014-06-10,276.29907919254237,279.3064275810037,271.6941002753733,273.7616271972656,994089
2014-06-11,276.29909334398576,288.7043702315105,274.41950767497906,280.293212890625,762771
2014-06-12,283.3476120173304,285.36816139186004,280.05833625593516,280.9041442871094,511060
2014-06-13,283.62945145414216,284.56924424051135,270.66032247432724,273.7616271972656,320140
2014-06-16,273.7616111604183,281.6558930476354,268.26384662637525,278.97747802734375,317338
2014-06-17,279.54140333904206,283.8174494665397,274.9363952876414,282.0788269042969,508984
2014-06-18,283.7234786118979,290.3960141222692,281.9378777886109,285.8380126953125,576965
2014-06-19,286.16693717160405,292.74548745141107,286.16693717160405,290.489990234375,536932
2014-06-20,290.4899572276464,291.8056613980712,285.9319564584965,290.63092041015625,252983
2014-06-23,291.33575750744114,295.9877431719783,288.516379208982,295.14190673828125,242677
2014-06-24,294.2021634684869,298.525216656138,294.2021634684869,295.98779296875,247645
2014-06-25,296.0347476125797,302.6132975595259,296.0347476125797,301.48553466796875,293472
2014-06-26,302.1433742768445,305.3856707917083,299.37097414499283,303.318115234375,277792
2014-06-27,304.91580151303776,306.983328573957,297.4444368869253,301.48553466796875,132934
2014-06-30,301.6734848508976,307.6881529561216,301.6734848508976,306.1844787597656,147985
2014-07-01,309.1448889907926,309.1448889907926,300.9686792076828,304.9627990722656,91212
2014-07-02,305.4326560016876,309.0038571228581,303.55307042629255,306.1844787597656,112685
2014-07-03,309.00388080965445,314.0787851963993,306.04353903752127,310.03765869140625,215957
2014-07-04,311.4473499668205,314.50167678044244,310.13164569083926,312.6690979003906,161858
2014-07-07,313.8908135954035,316.2402957330936,307.87614505895704,310.83648681640625,158476
2014-07-08,311.7763002225726,313.89083428587566,305.4796762064331,308.7689514160156,151655
2014-07-09,309.802692057248,317.8849159065059,305.80857264083215,313.9377746582031,272670
2014-07-10,313.89081350957144,315.48847283484463,308.252056380657,309.5207824707031,119803
2014-07-11,309.191852395266,314.92459460428853,307.31226666641936,309.23883056640625,89405
2014-07-14,311.5413181671674,311.5413181671674,307.7821469072317,310.3665771484375,110410
2014-07-15,310.1316832599478,312.011269219099,310.1316832599478,311.4473876953125,48972
2014-07-16,312.01126879790985,326.1081634725142,310.6015793304494,321.4561767578125,304138
2014-07-17,324.8864699887839,330.61918466958684,324.79248494741495,328.4576721191406,262611
2014-07-18,327.04793333693135,333.53249869291596,327.04793333693135,328.41064453125,136864
2014-07-21,329.3504506740396,332.31079272937023,326.20213855669874,328.88055419921875,214949
2014-07-22,328.92746534650905,336.25783738786595,328.92746534650905,332.5926513671875,138631
2014-07-23,331.8408473460387,336.1168931645999,322.9128156403038,331.3239440917969,74398
2014-07-24,330.8071262713707,341.05086393407373,330.3372297851898,337.009765625,174657
2014-07-25,339.73514221067603,349.36801968691236,338.32545282390976,347.4884338378906,214507
2014-07-28,344.05818376797697,347.44144391787984,338.37241955878113,342.2725830078125,61734
2014-07-30,343.02440642951126,344.38711759836724,335.5060632748918,338.1844787597656,66831
2014-07-31,338.3254759242285,352.4223707544047,337.1507346883805,349.8849182128906,184922
2014-08-01,352.42228988488995,364.0757145343771,342.08456938159986,343.11834716796875,529310
2014-08-04,346.2666803322875,357.12127606697965,343.6352431952522,351.0596008300781,473828
2014-08-05,351.43557306243054,352.3753659801745,342.31957028823274,344.99798583984375,106797
2014-08-06,350.49576101425515,350.49576101425515,342.0846033874552,346.2666931152344,116769
2014-08-07,345.8438332154977,347.48847100932136,335.22418350460464,337.0567626953125,123577
2014-08-08,333.62647940789327,346.8775650302756,331.2769971585419,344.7630310058594,114578
2014-08-11,346.501650487461,349.60295555660775,344.9039911002018,347.6763916015625,62630
2014-08-12,346.36072514874604,352.4224019340959,343.25941948380944,347.2535400390625,51386
2014-08-13,343.96415097044166,348.8510848060358,343.7761809459192,348.146240234375,99575
2014-08-14,348.1463126803816,350.2608468353787,345.93779349356583,347.30047607421875,35546
2014-08-18,346.59560749754036,350.260822724733,343.9641988689845,347.535400390625,118278
2014-08-19,345.4208565912685,348.6631534525986,344.90398198680236,346.2666931152344,136271
2014-08-20,345.9377629823739,351.34157201298086,344.0581772325976,344.6690368652344,141113
2014-08-21,344.71604700550444,359.84671943044714,344.71604700550444,352.5633239746094,212510
2014-08-22,357.9670422389043,368.3047621856735,355.33563408816946,362.7130126953125,511665
2014-08-25,364.7336028831505,374.78936895118056,364.7336028831505,371.359130859375,353526
2014-08-26,371.218200320405,397.5324018621046,371.218200320405,387.9465026855469,760214
2014-08-27,389.68513359712995,390.4369851510056,383.10658307179006,384.751220703125,112896
2014-08-28,386.2548390247935,387.1946318204743,382.4016828264624,385.7849426269531,139906
2014-09-01,387.19462914487247,389.59108928521835,382.96556159353287,384.6101989746094,58777
2014-09-02,382.07280177089916,386.3018699287971,376.0111546193678,377.6557922363281,117121
2014-09-03,376.8569150378357,380.6160862601582,373.0507656473142,374.03753662109375,144447
2014-09-04,374.27256518584807,375.91720294874887,368.68078531990284,370.1374816894531,125172
2014-09-05,370.1374114113685,371.688063843068,366.9890996984022,368.72772216796875,156017
2014-09-08,371.2181780740515,373.849586598445,364.9215544675501,366.7071838378906,198630
2014-09-09,372.2905969422971,377.30622228864064,366.2340194508999,373.80474853515625,514175
2014-09-10,374.7509970498252,379.0095311072095,369.5461220907998,372.1485595703125,255883
2014-09-11,374.7510761420942,376.4544785725428,370.492541185934,372.3852233886719,130551
2014-09-12,378.3471225298972,383.2681073115911,375.03492900992046,379.1988525390625,607843
2014-09-15,379.3408331958658,383.07886318805845,373.80473202156406,376.8803405761719,183184
2014-09-16,378.53639320600803,380.9022456635456,362.4485964947527,366.565185546875,211734
2014-09-17,367.2749500616618,373.80469722451323,361.0763991467529,365.2876281738281,200415
2014-09-18,362.92178755234943,380.4290967302333,362.92178755234943,377.3061828613281,160454
2014-09-19,374.13592887666107,379.67202963215186,372.00666157685976,373.52081298828125,90788
2014-09-22,374.75101902491775,377.16417691359493,371.0602950681034,373.4261474609375,82627
2014-09-23,380.80763075987977,384.5929949401569,373.3315422798396,374.4671630859375,541543
2014-09-24,374.7510453877083,376.5964219359501,369.0729992454703,375.1769104003906,183090
2014-09-25,375.27153873319105,378.20520181819904,370.9656984284473,373.1896057128906,95339
2014-09-26,372.85839537617557,380.429124216301,368.1266898510972,377.353515625,122690
2014-09-29,381.28080466552615,381.28080466552615,375.69739822608295,379.38812255859375,223559
2014-09-30,379.4827777036165,380.5237586803073,373.80473115443516,375.79205322265625,218408
2014-10-01,376.0286470211896,378.53644519459607,374.18327029885046,375.0823059082031,50680
2014-10-07,375.27157840104303,380.4291493156722,369.30964059811214,374.135986328125,213180
2014-10-08,371.6281909616697,374.89305068728237,366.80184519332835,370.20867919921875,97256
2014-10-09,371.01304282660305,374.6564620941497,367.7954886360576,370.2559814453125,171853
2014-10-10,370.25596264400014,370.96571848293434,366.09206749826075,367.2749938964844,347338
2014-10-13,368.12670326823786,369.07304440774493,363.63158285557944,364.9091491699219,65049
2014-10-14,364.38861896906803,368.12667776315106,363.3949723934448,364.2466735839844,106624
2014-10-15,364.2466735839844,364.2466735839844,364.2466735839844,364.2466735839844,0
2014-10-16,363.39498076145594,374.60912852189915,357.24376363919174,361.3130187988281,377176
2014-10-17,362.4486448232767,370.1613190872421,359.6096214956793,367.8901062011719,71303
2014-10-20,370.96575125933947,373.615495073461,366.2340452483785,368.8837890625,57709
2014-10-21,370.01933385970744,381.3754259474734,370.01933385970744,378.063232421875,193801
2014-10-22,384.21446604083064,391.31202391104307,381.94325329837005,387.1954345703125,307891
2014-10-27,397.1794037144064,399.3559768704518,388.9462239188523,390.129150390625,107365
2014-10-28,391.7851790117515,393.67786103596285,384.68762142095886,385.8232421875,82947
2014-10-29,387.0534597813398,397.0373455415341,385.16077782641884,391.0754089355469,210396
2014-10-30,392.2584151275208,393.6779268831089,387.0535386903643,391.8325500488281,105101
2014-10-31,393.3939989261965,394.3403400072024,390.0344707606026,391.9744873046875,73086
2014-11-03,397.41598987484656,397.41598987484656,382.7003672059005,388.9935302734375,209372
2014-11-05,386.9588854366884,393.6779132904907,377.68475383907247,379.3408508300781,345351
2014-11-07,381.37546946963835,381.37546946963835,374.60913627118475,378.3945007324219,293017
2014-11-10,380.42912128099687,386.0125279815013,378.8203298628678,384.0725402832031,392353
2014-11-11,387.05349314798434,387.33738391368195,384.30910985277137,386.01251220703125,185094
2014-11-12,387.9051946802052,387.9051946802052,382.4637335857353,385.4447021484375,138547
2014-11-13,383.6467087108992,385.16086037536087,377.59013093309335,380.145263671875,158315
2014-11-14,379.53000105696304,393.6305033727421,377.7792935206031,392.30560302734375,656744
2014-11-17,393.7725061001485,410.71200466396857,393.7725061001485,409.62371826171875,793562
2014-11-18,413.21982869451955,418.23545376946504,404.1822828912306,406.9266662597656,1172027
2014-11-19,408.96132622045405,412.6047454598114,398.8827986497947,400.2550048828125,775375
2014-11-20,402.9047321966254,402.9047321966254,397.5105762558352,400.53887939453125,196091
2014-11-21,404.08763024491464,420.1754281703562,401.4378868445038,417.1471252441406,2058141
2014-11-24,421.87884190698986,428.7871491189308,419.2764039370207,426.9417724609375,626980
2014-11-25,428.6925646388775,429.3076806443599,409.2925699918643,415.9642639160156,260653
2014-11-26,418.09346537717477,421.1217682967165,410.00226093157846,416.058837890625,374499
2014-11-27,419.56034360897905,421.3110804665049,407.87302493743226,409.3871765136719,165963
2014-11-28,410.61742890424017,437.54084680945545,409.7657276251383,435.600830078125,773540
2014-12-01,439.8593876244384,478.7540175530981,435.4116012172456,450.1745300292969,1695370
2014-12-02,453.6759200661197,459.92177713657475,440.00130842372414,455.0481262207031,376359
2014-12-03,457.0827444398353,464.5588332416221,452.3983445131261,461.86175537109375,321360
2014-12-04,463.51784837373555,463.70712814131855,449.0388414348074,453.060791015625,365436
2014-12-05,456.9407608276244,463.70709324902657,449.5119781495666,453.6758728027344,371608
2014-12-08,454.2437588775687,471.27789983547757,450.60033961889684,457.83984375,558946
2014-12-09,458.6442549676334,470.28426900905305,457.0827977698936,458.69158935546875,247541
2014-12-10,460.8680891081199,472.6973521755768,458.88076713677975,467.7763671875,317484
2014-12-11,467.0193029421699,471.18319773950714,456.4202717489145,459.4958801269531,199903
2014-12-12,460.01634967726136,466.5460965713196,451.92511708416004,453.4866027832031,139615
2014-12-15,449.51199888991454,455.14273969118193,437.2095652360853,443.3134765625,199512
2014-12-16,441.6574332488654,448.5657122012139,435.3169358914734,442.3198547363281,141561
2014-12-17,440.14326442849534,445.7266713079372,387.8105827197309,432.66717529296875,188762
2014-12-18,435.3168719654577,454.1490526070866,435.3168719654577,443.5027160644531,363302
2014-12-19,448.5656166446111,475.4416942287455,444.0231915723756,468.5334167480469,541604
2014-12-22,472.55539031907216,487.3656213871603,469.38514215151747,481.9714660644531,497888
2014-12-23,486.23004353355765,486.7032140815195,475.20517554205475,478.4227294921875,185203
2014-12-24,481.4983220417351,481.4983220417351,467.20859507252277,473.1705322265625,77244
2014-12-26,474.9685853445988,487.7442188871756,468.48614312871047,483.5329895019531,254847
2014-12-29,487.3184159824962,499.05301229049695,485.4730390772619,492.94915771484375,364651
2014-12-30,494.2739373567225,506.86026224063727,486.7032086734564,503.5007629394531,342864
2014-12-31,503.2169393551842,518.7842638407087,498.24864799342635,513.9105834960938,743971
2015-01-01,514.7149304172697,524.935402408154,506.2451662996111,519.77783203125,172606
2015-01-02,528.0583739816483,539.130577246183,528.0583739816483,529.8564453125,467951
2015-01-05,532.3169642121383,535.2505990442057,520.4876983407573,522.1911010742188,188921
2015-01-06,522.2857087307738,522.380319742637,496.8291084508776,498.3432312011719,409674
2015-01-07,499.7626628642013,505.06220716126296,491.15098280157406,492.0500183105469,610690
2015-01-08,496.8291278606707,499.5735404328866,491.2930549685421,491.90814208984375,476043
2015-01-09,500.3305658797911,500.3305658797911,490.2520097634827,494.2266540527344,1050772
2015-01-12,494.8417726476598,505.34613550640313,493.09100699781885,497.49151611328125,308545
2015-01-13,496.9709226787223,514.8094246760649,496.82894844656994,509.65185546875,556561
2015-01-14,516.6548363742253,545.991404868572,515.7558009489983,536.8591918945312,1544243
2015-01-15,542.2061018371875,563.0256043876261,526.1656099110851,554.6504516601562,639633
2015-01-16,555.1710305980481,574.4290489199157,541.9222551699118,544.9505004882812,1013854
2015-01-19,549.6821144428892,558.3411571880529,544.2406540126667,546.6538696289062,342389
2015-01-20,548.7357794143927,553.6094584345532,542.3479779709171,547.6475219726562,325106
2015-01-21,550.2500263665751,558.5305107240046,546.9378326236033,554.2246704101562,554202
2015-01-22,554.0827425396149,556.8271549747567,544.1461604786995,547.8369140625,254435
2015-01-23,549.824253023613,554.3666793623246,536.1023052287035,539.2252197265625,472188
2015-01-27,541.3071232949334,550.7705345413483,537.5217587963674,544.7612915039062,515183
2015-01-28,549.6348166315202,552.1426432732306,539.5089568330123,544.2406616210938,540270
2015-01-29,547.9314980818281,553.1363741430544,542.2534514695811,544.9978637695312,264365
2015-01-30,547.9314623443466,552.1899970257795,536.1021993403668,540.0768432617188,349446
2015-02-02,537.0485358562914,540.0768387118129,511.16613172566053,515.7085571289062,315019
2015-02-03,515.7085853470603,517.6012675153144,507.23882109210786,511.82855224609375,349079
2015-02-04,515.7558338760128,524.0363174474168,505.3460831005337,509.55731201171875,208726
2015-02-05,511.97056809734227,524.7461737707509,499.66813300443016,507.75933837890625,172788
2015-02-06,505.15686485298994,515.2827261193806,502.2232305631361,505.6300354003906,224035
2015-02-09,506.2925611433859,515.5193881922607,500.61451372869374,513.6740112304688,137639
2015-02-10,513.6739287666825,526.1656426256374,509.178808618352,521.8598022460938,430099
2015-02-11,525.1720201019833,544.61931871431,525.1720201019833,538.042236328125,341106
2015-02-12,543.2470423956333,554.0826584554441,539.4143728772043,547.0797119140625,321942
2015-02-13,548.8304570810077,549.5875183049628,539.41435287788,543.0104370117188,152763
2015-02-16,556.3066145166472,556.3066145166472,544.2881282797287,547.9315185546875,141748
2015-02-18,545.092484645769,560.0919682806881,543.294413415302,549.2090454101562,245682
2015-02-19,551.6696175812305,558.0574207216322,546.1808501385316,550.5339965820312,98117
2015-02-20,549.3509646757835,551.2436467246235,537.5217018705341,539.1304931640625,121650
2015-02-23,542.915898070038,544.1461299422399,530.4714895595022,536.1495361328125,110596
2015-02-24,531.9856592480257,538.4680725178928,526.8753943309962,533.026611328125,249592
2015-02-25,534.6827806843892,539.4144867081449,521.4340038178733,522.853515625,140194
2015-02-26,523.8470098804264,526.118251214853,508.2323845464273,512.2543334960938,114388
2015-02-27,512.9167492365244,527.0645567315001,512.9167492365244,525.171875,105135
2015-03-02,533.7363463640517,553.3256174368745,533.7363463640517,551.1963500976562,372146
2015-03-03,552.6157080628732,569.4132568479879,547.9313096665621,567.3786010742188,428209
2015-03-04,581.0534931207055,581.0534931207055,554.4613286731233,559.5242309570312,457367
2015-03-05,564.8235852973835,593.1665089238252,564.8235852973835,571.921142578125,1181043
2015-03-09,572.489112846184,575.7066382271628,552.7578644336533,556.2593383789062,220419
2015-03-10,558.3412401966814,560.6124819049018,540.4553705846556,545.1397705078125,333759
2015-03-11,546.0388265569944,553.6095555213896,544.1461443158956,548.1207885742188,167539
2015-03-12,550.7704773454212,555.9753529904381,545.092431187221,547.978759765625,165481
2015-03-13,549.8242625793665,575.6120614697069,546.0388976046377,566.7637939453125,917764
2015-03-16,577.2680748252004,586.6841803846105,555.5968403875677,583.7978515625,643954
2015-03-17,586.7315079803247,594.3022371155548,579.1607788450948,588.9080810546875,1096345
2015-03-18,593.3086230637922,597.5671584363147,568.7510575302291,592.7407836914062,509613
2015-03-19,597.1412343788907,601.8729398811006,587.7251288774776,593.8290405273438,628429
2015-03-20,600.9266783366647,603.7657020138458,574.287149728415,587.9617919921875,3325187
2015-03-23,588.1510445249021,591.2739588730179,572.536415024241,577.4100952148438,335882
2015-03-24,576.3217159817879,581.9524569428204,568.8929616302236,571.8739013671875,271065
2015-03-25,572.0630866086071,576.9840709486513,565.9118706235683,568.0411376953125,239885
2015-03-26,567.4260227642237,576.0377602511543,550.7704447887296,566.3850708007812,363462
2015-03-27,565.3441376313633,569.1295016389116,557.1582648610118,567.1421508789062,322000
2015-03-30,577.1734354157479,577.1734354157479,559.1929552814264,563.2149047851562,302514
2015-03-31,572.4417272268256,574.4290203381338,563.0729276790604,567.6626586914062,310617
2015-04-01,567.8046793957469,578.8768821959798,563.6881185741593,570.1705322265625,185189
2015-04-06,568.3250235270309,571.542605733994,555.4548102193096,558.1045532226562,262237
2015-04-07,561.0857132849193,561.1803242996552,548.9724998744325,551.8115234375,209206
2015-04-08,553.6095322272943,556.1173591952602,540.4553681011112,544.0988159179688,477965
2015-04-09,547.7421344199633,568.7509152196927,541.5909181987853,563.16748046875,863058
2015-04-10,566.6217610637117,569.6027587770975,560.3285693399325,563.3568725585938,257328
2015-04-13,563.9720297052164,566.2432138486773,554.6032290532074,559.80810546875,433777
2015-04-15,562.1266152279478,562.1266152279478,553.136374748713,558.2939453125,879923
2015-04-16,558.3411614953079,565.7226093664527,556.5430905830756,563.2621459960938,677222
2015-04-17,563.0729032552016,566.8582673106987,551.4802258352415,560.3284912109375,217863
2015-04-20,563.0728479524406,563.0728479524406,551.7167569012989,554.69775390625,102926
2015-04-21,556.4486028597489,556.4486028597489,535.6290973105746,546.559326171875,268871
2015-04-22,543.2470617607423,553.4675334275723,535.9129187101825,546.74853515625,270214
2015-04-23,548.3573917998734,549.3983439625126,537.6163850740813,541.1178588867188,341613
2015-04-24,541.1651694509866,541.2125327170694,527.112026323591,529.9510498046875,465365
2015-04-27,529.9509654325598,529.9509654325598,508.18512220943677,514.8095092773438,376233
2015-04-28,517.55399099382,532.7900601973868,514.8568840969864,530.1876220703125,426932
2015-04-29,531.7964110337922,531.7964110337922,513.8632350184262,524.6988525390625,282800
2015-04-30,527.1119047134684,539.8875074309403,517.1753248221014,536.6226196289062,227775
2015-05-04,539.4143600790486,549.8241108875917,534.7299606631904,547.3162841796875,94744
2015-05-05,544.1934154358595,561.1802490284488,540.4553566938574,552.0953979492188,231288
2015-05-06,552.6631442994353,553.5621798019365,529.9036547891183,540.502685546875,456333
2015-05-07,542.7266809742392,548.830593297457,530.0456857253849,535.0139770507812,549935
2015-05-08,537.5216812074523,544.2406791185174,532.7899762672458,541.73291015625,527125
2015-05-11,542.3481417920198,555.7861989582821,541.7330546417852,553.4676513671875,134009
2015-05-12,553.609513758931,564.0192652996973,544.1461032673254,557.72607421875,474066
2015-05-13,560.2339072305283,566.7636836451842,549.9187665778284,553.1836547851562,142458
2015-05-14,554.5559371108021,565.3442497763763,541.4017714712057,562.8837280273438,215685
2015-05-15,564.96558658405,569.6972916643184,558.4358104692509,563.6880493164062,103642
2015-05-18,562.6945215293925,577.2682008516505,560.2340572199624,567.0950317382812,235325
2015-05-19,570.6436706772904,579.1134348869535,560.5178095792604,565.2022094726562,309998
2015-05-20,548.1680795983347,562.8363665793863,530.8973546045157,536.1495361328125,939980
2015-05-21,544.1460636041337,545.0924045843147,506.52900964193486,520.6768188476562,1379312
2015-05-22,524.2728866868188,528.0582504896117,515.2826476551857,520.960693359375,403390
2015-05-25,521.8598250192734,525.7398005283815,517.0808138892514,521.4339599609375,130495
2015-05-26,518.1217546054105,524.7461423355253,517.6485840532595,519.3992919921875,336534
2015-05-27,517.0807920549335,524.6988262387432,516.0397822051726,520.7241821289062,264791
2015-05-28,521.3866317041642,534.3041528427949,520.487596122483,521.8598022460938,205607
2015-05-29,526.0709374107977,534.1148351830724,520.5348084056045,522.427490234375,461058
2015-06-01,522.8533767534938,534.25677368995,519.8250741506002,524.2728881835938,385131
2015-06-02,524.746120816687,528.6260960811845,515.8978549583437,517.6012573242188,437207
2015-06-03,517.932534556612,518.4530106719802,506.292549183476,512.8223266601562,384670
2015-06-04,513.4372686433308,517.1753269316296,501.6553123149242,510.4089660644531,262599
2015-06-05,510.0778468508562,520.4875988274042,506.38709350059503,512.9168701171875,120663
2015-06-08,513.5320541170133,517.5540040512346,502.9803270679065,507.75933837890625,88408
2015-06-09,505.29883763173314,512.5383123295778,493.56418498675583,507.9012756347656,167784
2015-06-10,506.29237764751565,526.1655363962967,506.103097916943,520.440185546875,239652
2015-06-11,520.7241054787359,522.3802021340522,504.541698407958,510.4089660644531,580496
2015-06-12,510.36174186957953,512.8222633769071,506.4817664773585,508.9422302246094,262965
2015-06-15,502.83826597035926,516.9860754364829,502.83826597035926,506.5763244628906,93338
2015-06-16,506.5763263465657,508.7055935990817,493.1382725786729,497.6333923339844,343887
2015-06-17,499.6680081464157,507.71190600483334,493.9899625992973,504.54168701171875,250186
2015-06-18,510.97698129300545,514.8096518920223,505.34623917341895,513.3428344726562,130435
2015-06-19,513.9578021610765,528.0583069378185,513.4373261345685,524.4149169921875,337356
2015-06-22,527.1119095389134,531.6543345502514,512.9167952784401,520.960693359375,420262
2015-06-23,521.8124460694036,526.1655915283801,517.74313359593,520.5348510742188,254653
2015-06-24,520.4875323827117,525.2192372225546,511.97046367099466,515.2353515625,119576
2015-06-25,515.2353621460782,529.4777824545484,510.45635171168385,525.0299682617188,379164
2015-06-26,527.8690344817509,537.3797506325674,525.2192910518825,533.1685791015625,381272
2015-06-29,524.2729517376933,529.6671073779842,511.5446528194834,525.3139038085938,191835
2015-06-30,519.0680179343991,531.4650614391969,519.0680179343991,520.8660888671875,249360
2015-07-01,521.4339511487692,536.3861291215278,521.4339511487692,524.9354248046875,199819
2015-07-02,526.260241571022,531.7963714407856,513.2480519661273,515.4246826171875,239844
2015-07-03,518.5003131875159,521.5285585075928,513.6739389084987,516.0870971679688,128744
2015-07-06,512.0651265049386,518.358317683076,506.62366538822897,511.4973449707031,301718
2015-07-07,515.7559284013794,543.672992415766,515.7559284013794,535.581787109375,849271
2015-07-08,536.2915192229157,546.9851622265401,524.8407571223343,532.6480712890625,511477
2015-07-09,532.6481386196864,533.1686725046629,515.755970754957,517.0808715820312,337018
2015-07-10,520.534843807533,524.0363169809091,513.3899809700102,516.22900390625,180140
2015-07-13,518.547557473703,526.307565150469,514.7621935104094,521.6704711914062,206069
2015-07-14,525.2193482769845,525.2193482769845,517.6486189324514,519.9198608398438,276656
2015-07-15,522.2857544817758,524.2730479856294,518.7842803349089,521.38671875,173056
2015-07-16,522.2383141832688,534.5881117759445,520.8188025298649,530.518798828125,493753
2015-07-17,534.6827974532526,537.947686264055,525.2193851089473,530.3296508789062,245062
2015-07-20,533.7363685968585,533.7363685968585,525.2192988852064,530.75537109375,174437
2015-07-21,530.8974313849886,530.8974313849886,514.0525690000131,515.9452514648438,184501
2015-07-22,515.7559277220911,520.8661930457548,511.97056311495646,518.9735107421875,138245
2015-07-23,518.5002759361349,525.313885176865,516.2290343491762,519.020751953125,167000
2015-07-24,518.5948857255466,519.7778120159791,512.9168395314713,515.7085571289062,170175
2015-07-27,516.7022268624476,517.0807863964135,502.5071107398528,509.74664306640625,172392
2015-07-28,512.4435646827455,519.3045357703724,509.320651463838,513.1533203125,352361
2015-07-29,534.6354895721577,535.0139914081999,520.8662362242843,529.2413330078125,826869
2015-07-30,529.9036293187825,536.3387362609451,524.6040853145964,528.720703125,389491
2015-07-31,533.6417788037621,535.6290720447734,526.638831436248,528.2003173828125,270044
2015-08-03,529.4305392635872,533.5470999392425,521.7651417074361,523.8944091796875,285088
2015-08-04,524.2729970773263,564.4924959505869,521.481279132931,559.9973754882812,1168958
2015-08-05,564.4924748604325,575.186117903426,561.1802809593236,567.047607421875,923082
2015-08-06,568.7035742898694,572.3469636436865,554.6030718035421,562.7416381835938,253560
2015-08-07,563.0256811732274,578.0251653613984,558.8144514855455,561.085693359375,610107
2015-08-10,562.978279315586,572.1104352334914,562.1265493186507,566.1484985351562,543061
2015-08-11,566.8582660125003,568.7509480359142,549.1616775415648,557.0162963867188,366483
2015-08-12,556.4486512377979,558.2467227046754,539.4145088529674,543.4837646484375,274796
2015-08-13,546.8906306088937,553.0418487241067,535.1559760235299,540.124267578125,415751
2015-08-14,543.9765484168038,558.3392556204482,543.3582619645333,549.4933471679688,375094
2015-08-17,551.6810236676182,565.6632957060691,543.1204560589828,553.916259765625,464413
2015-08-18,557.2452525845545,558.1488794759545,548.9224802651765,552.2991943359375,423020
2015-08-19,552.6321573095383,554.5345055274714,542.2643362997793,545.7361450195312,237747
2015-08-20,548.7322576860381,551.7284207010962,537.7937576057187,539.9338989257812,308880
2015-08-21,537.4133913976921,539.3157396858255,523.8116127485506,537.7938842773438,295170
2015-08-24,514.2046355389596,532.4671877496943,510.1621460832915,521.9091796875,739635
2015-08-25,524.0968833417633,530.5648550460409,482.53056718985385,514.4424438476562,603460
2015-08-26,504.12221057234785,531.7062560564952,502.3149567841241,523.1932373046875,297168
2015-08-27,529.803989348621,543.1204271419437,525.4286115814111,540.5997924804688,310246
2015-08-28,542.644781136453,551.680934371854,534.559801925831,539.8388061523438,254152
2015-08-31,538.3644903999933,545.4507483952444,534.5597943547638,542.9776611328125,206639
2015-09-01,540.2193313135832,542.78751294519,521.2433967726193,526.4273071289062,404477
2015-09-02,527.9015432051224,534.559760867169,520.0068110168487,531.4208984375,210935
2015-09-03,532.8477293946664,538.5072267622164,524.667597501761,527.6162719726562,201971
2015-09-04,527.901542354185,535.5109339556868,515.5838280882439,532.0867309570312,258703
2015-09-07,532.6098728484376,533.4183474959622,520.2921584014157,527.7113037109375,189016
2015-09-08,528.3772700738551,531.8966262380155,515.5364183258856,523.8116455078125,276221
2015-09-09,527.045591933109,532.4672963908722,525.1908487190622,528.3297119140625,143142
2015-09-10,523.1456562817987,543.1203086125582,519.9116417300371,538.6973266601562,205359
2015-09-11,542.3118945305683,546.1165906372669,535.9865640311598,539.3632202148438,151439
2015-09-14,539.3156651094574,544.5471221784204,535.5109690593025,542.9301147460938,148280
2015-09-15,546.9250608205674,548.7798617682743,535.5585196846769,541.0753173828125,131996
2015-09-16,541.3607976785797,542.1692724944846,531.5161102660364,533.5136108398438,132471
2015-09-18,535.843822138926,541.1228840116579,529.8038907713625,531.8489379882812,125539
2015-09-21,532.7526210914564,536.4146764219178,527.9016561220894,534.1793823242188,99102
2015-09-22,536.4622451902296,539.9816013175616,520.2922838990347,525.5712890625,132067
2015-09-23,523.1456195883021,535.5108796876619,521.6713117259259,527.52099609375,245003
2015-09-24,526.0942963608369,535.2256012499072,523.431020872169,527.7113037109375,268068
2015-09-28,527.0930791372297,534.084184600541,525.9992058487964,526.8552856445312,120490
2015-09-29,519.8165683407796,533.1330037603055,519.8165683407796,529.1380615234375,175992
2015-09-30,530.2320903405107,543.1204896484758,529.2333690020831,540.124267578125,187428
2015-10-01,541.455787921774,554.7246765490493,539.3156464675377,551.680908203125,335068
2015-10-05,556.3417477086958,556.9124289398984,546.9251010084399,550.7297973632812,291417
2015-10-06,551.3955695490763,552.9649717879747,544.5946523486921,551.3480224609375,361542
2015-10-07,552.6321601434566,554.9150012387069,542.8826254765539,544.5471801757812,229634
2015-10-08,547.1153577108031,550.2542206514762,535.5110219996217,546.8300170898438,277534
2015-10-09,547.8761527721044,555.0575039274656,542.6446964522319,550.5869750976562,390156
2015-10-12,551.2529418110305,553.7735764152794,545.0227630244678,545.8312377929688,99800
2015-10-13,545.7836883661621,550.3493124468379,542.6448254391388,547.5909423828125,146492
2015-10-14,546.9249808872338,553.4881038798991,545.4982200675279,549.6358032226562,105982
2015-10-15,551.6334234045788,561.0976171818912,548.8749953300656,551.3956298828125,428503
2015-10-16,553.963811220044,554.011358313359,550.3493032471637,551.01513671875,203570
2015-10-19,550.7298589784692,557.9112125406641,547.8763363930885,550.4920654296875,140883
2015-10-20,551.2053249044126,555.1527201684584,547.4006289602924,550.016357421875,173847
2015-10-21,549.7785742030347,553.5357231291009,544.5471171820717,545.6885375976562,82960
2015-10-23,547.305551623521,549.7785808412694,541.0277682895324,543.0252685546875,111197
2015-10-26,543.1204792956815,547.8763503928416,541.2656779567757,544.7850341796875,134868
2015-10-27,543.4057660944942,549.5883979080523,538.4121019373895,542.3119506835938,201034
2015-10-28,543.4532025270266,546.8299164278075,530.7550537638364,536.65234375,251587
2015-10-29,546.9250613272276,549.5883369713753,538.5547415648828,541.6460571289062,421652
2015-10-30,545.878870876921,545.878870876921,527.9016561220894,534.1793823242188,173468
2015-11-02,537.7462584375704,548.6372135791429,528.5199160391351,545.5934448242188,344274
2015-11-03,549.7785835558557,551.585837415864,540.2668433559273,541.8363037109375,238717
2015-11-04,544.0714935143292,546.2116348786775,531.944025783022,534.51220703125,155699
2015-11-05,532.1818504069847,532.9903250810239,518.4849216517005,520.482421875,193111
2015-11-06,521.2434264336002,523.9542494986845,510.20982968002323,513.8242797851562,244921
2015-11-09,508.87814744812067,522.194584951436,504.12227691122234,519.8641967773438,194470
2015-11-10,520.7201886899819,522.194496696238,504.07464462407273,504.978271484375,211724
2015-11-13,510.63786275089086,510.63786275089086,497.5116699725475,504.8832702636719,180494
2015-11-16,507.45138803147483,515.4888208774747,504.74056503814813,506.8807067871094,136412
2015-11-17,511.6365978198827,511.9694855499105,503.5040124042547,510.1622314453125,121101
2015-11-18,510.7805251503817,514.9181095343231,505.16857437083814,507.87945556640625,106446
2015-11-19,509.8292196836372,513.633915352918,507.1659443261503,511.11328125,153079
2015-11-20,511.7315981511938,526.9503817393334,509.82925020267635,524.9053344726562,567224
2015-11-23,528.8526862758338,530.1843529525041,514.1094908850506,517.581298828125,347640
2015-11-24,515.7266225556979,519.0081849003125,512.4450602110834,516.3924560546875,153230
2015-11-26,518.3898773906051,518.3898773906051,509.0208358561196,511.5414123535156,780705
2015-11-27,516.4876544114512,525.2860168484787,509.9245283985582,522.9080810546875,575956
2015-11-30,523.0981272052519,534.6548559043063,517.7715182339765,530.7550659179688,250586
2015-12-01,536.4621799209763,537.2706546651458,524.7152032812548,526.5699462890625,266066
2015-12-02,526.8553509538115,527.9016192293595,521.2434006084487,524.7627563476562,167338
2015-12-03,524.7627561943216,531.2782754779997,522.7177086821871,524.572509765625,266223
2015-12-04,522.8603433495903,529.2332205648366,521.4335823934181,526.0467529296875,101502
2015-12-07,527.901608584972,531.9440983804425,523.4310788472047,529.090576171875,231885
2015-12-08,528.424765334057,528.8528052946781,517.4387159717714,519.9593505859375,160761
2015-12-09,513.6340119740825,525.8090287950488,504.07472391779896,509.4012756347656,586846
2015-12-10,510.68542652287414,514.5852173323883,505.2161751371787,508.9732666015625,398436
2015-12-11,508.87813071336603,510.30489182751563,500.4126582140549,501.64923095703125,571723
2015-12-14,498.51026989486655,508.83054262203774,494.89582030793,505.5489807128906,500580
2015-12-15,509.8291573609128,513.1582656645754,502.6953538530642,511.82659912109375,433122
2015-12-16,511.8267063146286,524.524914051051,511.44627154755926,518.4849243164062,347351
2015-12-17,520.2921815175262,522.1945295303873,514.1095504757275,517.2484130859375,604098
2015-12-18,517.5338232225374,523.1457738366279,512.2072712927711,513.6815795898438,243365
2015-12-21,513.7291228893828,517.4387252075645,509.8293321898062,515.536376953125,392537
2015-12-22,515.5363178601266,518.3422928248043,513.6339698237423,515.2034301757812,71884
2015-12-23,517.4386471937826,526.4272529518175,515.6313934025185,522.5274047851562,578625
2015-12-24,524.1919531258094,529.8039027866838,522.622550903907,526.3796997070312,195868
2015-12-28,526.9504385079342,534.8451717337742,526.1895108575626,527.6162719726562,257293
2015-12-29,526.9504508758112,527.5211321132196,521.2434062814882,522.5750732421875,784594
2015-12-30,523.1456302755653,525.0004309393696,518.437307992076,523.526123046875,730182
2015-12-31,525.0480343188926,533.3232595142769,523.3359327745153,525.47607421875,227626
2016-01-01,525.9042286486721,532.6099950232947,525.2859422081124,528.3772583007812,104742
2016-01-04,528.3295227890027,536.4620475369314,523.3358601124621,530.37451171875,735318
2016-01-05,531.9916197546947,543.1203674411192,527.1882025468307,539.8863525390625,355348
2016-01-06,540.7424449886659,542.9301336827978,534.0842266686647,535.4158935546875,406843
2016-01-07,534.5598266763864,534.9403195259372,526.9504341258329,529.5186157226562,293971
2016-01-08,534.559826281782,536.4621744180162,527.5687201031449,529.9466552734375,189052
2016-01-11,529.7088094867046,534.5122264457007,522.6700988551692,524.9053344726562,144125
2016-01-12,524.3347894362511,529.6613418529416,515.108387879602,519.388671875,970716
2016-01-13,522.1945186887323,524.9529464721329,510.4475431752237,522.62255859375,265835
2016-01-14,522.099408903378,531.7062426596445,515.0131513034333,529.75634765625,1166449
2016-01-15,530.7551320525411,534.4647341545015,525.9992616936473,528.8052368164062,574215
2016-01-18,525.0480622568763,527.6637908279024,508.92565090808614,513.11083984375,539567
2016-01-19,517.3436361233246,517.5814296574766,505.6441477989918,513.396240234375,354872
2016-01-20,508.97326859256384,511.684149775203,502.69554237340753,508.640380859375,653418
2016-01-21,513.633993491425,516.6777621009043,503.4088723246976,504.36004638671875,483747
2016-01-22,509.82933680366733,518.3899040261169,507.9269885320119,513.8242797851562,317478
2016-01-25,521.2433549872303,521.2433549872303,512.112107756921,517.4862060546875,247305
2016-01-27,522.0519675389249,537.8414950323141,518.485064076497,536.0342407226562,776367
2016-01-28,541.2179189707858,547.7810417374405,527.0454054277405,529.6135864257812,383603
2016-01-29,534.4647716763399,543.8813608150017,528.9003681327531,538.6023559570312,205511
2016-02-01,551.6808680307976,551.6808680307976,539.1729078870455,541.9313354492188,391725
2016-02-02,542.0740947384209,557.2452738439237,540.4095402110412,542.406982421875,671437
2016-02-03,541.5985147171446,546.7348196348553,530.7551075768849,539.315673828125,200595
2016-02-04,546.8299396275935,557.8635344788108,540.2668159999396,554.0112915039062,368771
2016-02-05,556.9123905505577,568.8020658398523,556.4368035389858,567.8033447265625,449355
2016-02-08,569.4678900066373,583.0696667053933,567.5655419912853,571.6555786132812,605569
2016-02-09,565.9485269498158,570.4666034254657,545.5458331487656,548.2567138671875,532768
2016-02-10,550.729837283853,566.8047037702949,543.1204440225908,559.5281982421875,672319
2016-02-11,561.0975538237856,564.9973439183728,546.7347918978796,551.680908203125,565676
2016-02-12,554.4392691259858,562.1437542104046,540.4570016995909,554.2965698242188,462041
2016-02-15,560.2415753002815,570.5142445266935,557.4831470385775,560.7647094726562,557280
2016-02-16,556.9124278215832,565.9485816461861,548.2091617053367,551.2053833007812,397790
2016-02-17,558.3391435481825,573.5579276994107,552.2992118101856,571.1799926757812,820916
2016-02-18,579.2649880106528,594.3886784073376,578.2187197929187,590.7266235351562,1088265
2016-02-19,589.6803447825586,600.1908060831462,588.0157902490474,595.6727294921875,589737
2016-02-22,595.4348544591998,616.3606800152738,595.4348544591998,604.8038940429688,870344
2016-02-23,605.8979456715338,607.372254022516,579.2650689387191,582.308837890625,771830
2016-02-24,581.738051114978,585.352559106574,573.7482235797487,575.9834594726562,1207094
2016-02-25,579.2650349406432,579.2650349406432,560.2890997712308,570.8947143554688,597649
2016-02-26,588.7768187637591,588.7768187637591,550.729851476925,553.5833740234375,546098
2016-02-29,557.3881221939072,563.8085485161066,551.7761707791418,558.0064086914062,397227
2016-03-01,563.5706959259816,565.7583849067489,554.5820884052632,556.4368896484375,498639
2016-03-02,560.7170796203613,578.313798828125,558.4342387713864,570.7044067382812,1111198
2016-03-03,578.7418297903469,580.2161378739339,569.8483180899028,574.1286010742188,388668
2016-03-04,577.9333132400084,577.9333132400084,565.6156560843433,567.8033447265625,367156
2016-03-08,570.7044804871158,576.9346594547544,563.475580289637,565.853515625,249135
2016-03-09,565.9485958048575,574.2238221780583,561.5732181181382,570.799560546875,188001
2016-03-10,572.6068098526285,576.1737127379232,567.2802580992793,573.3201904296875,326159
2016-03-11,573.4627632446615,578.6942196555498,568.6592886415355,574.8419189453125,267964
2016-03-14,576.3639655063862,578.3138608274402,568.8021196954099,570.8947143554688,170437
2016-03-15,570.6093163078941,572.6067585225788,566.0436345799493,569.0398559570312,291153
2016-03-16,568.8020849492724,570.1812989401776,557.5782427101143,559.4805908203125,200765
2016-03-17,564.9022173933212,571.0848479070667,562.0486956177463,566.6143188476562,497807
2016-03-18,572.3087612235272,574.2228373480206,565.1788159771958,567.5714111328125,182274
2016-03-21,568.9590837539084,570.3946407356256,563.3125362606356,568.8634033203125,154682
2016-03-22,570.8731246074843,578.5294280389343,566.4228748727703,568.4805297851562,539917
2016-03-23,572.978653651356,577.2853245864811,570.4903198410615,574.0313720703125,202533
2016-03-28,574.2227949029676,576.9024895965888,538.2860300045496,552.880859375,471430
2016-03-29,547.4258264171773,576.4240709241639,541.2529186150182,569.7726440429688,666945
2016-03-30,576.0890526129613,580.7306636833797,569.5333070736576,570.4425048828125,1500262
2016-03-31,574.222801214406,574.6534799979096,559.8672311840457,563.9824829101562,474145
2016-04-01,562.7383738344607,572.0694948291648,561.1592376855548,563.5997314453125,213241
2016-04-04,564.6524732906232,567.9542663848318,560.1543825835108,561.9727783203125,257816
2016-04-05,562.2119696335078,567.4756784916744,557.378939546329,564.6524047851562,159840
2016-04-06,567.4279337614286,578.9123913845605,564.1261405121837,573.648681640625,668308
2016-04-07,576.0412295774358,579.0080241874242,566.5186892325864,568.0499267578125,176908
2016-04-08,569.0547846817758,578.5294844675218,567.2842877057461,570.9210205078125,226374
2016-04-11,572.547948180565,582.8361060459074,572.547948180565,577.8594970703125,306321
2016-04-12,581.8791016214883,585.5158343240299,576.1368736449605,578.4816284179688,257288
2016-04-13,582.8360969055086,591.4494382390875,582.022638033632,587.9083862304688,345711
2016-04-18,589.5355159745806,600.7328743079913,589.104837113108,598.8666381835938,556777
2016-04-20,602.7424936810363,606.522805294061,591.4494574701849,593.889892578125,468832
2016-04-21,597.9574041570187,598.0531430165554,578.0510229947602,580.012939453125,306659
2016-04-22,578.5296037591584,580.1565804151046,570.6818786756943,573.122314453125,231479
2016-04-25,573.2658337572378,582.2620154484998,561.7813763196972,576.567626953125,443854
2016-04-26,576.9983174231843,584.7503029846329,569.5333732078963,579.821533203125,676075
2016-04-27,579.6302437681245,587.5736496193259,577.2376481254145,580.3480224609375,256790
2016-04-28,580.4435867818196,583.6496409363672,571.7345637501155,574.2228393554688,209200
2016-04-29,574.3185107364172,580.3478971849047,573.361472685923,577.1417846679688,113245
2016-05-02,575.7061869229072,583.4582296320673,569.6290190967618,577.9552612304688,145497
2016-05-03,578.6730583943388,584.7502264166252,569.4854584143184,571.6387939453125,264812
2016-05-04,569.4376248853837,576.423990785418,560.0108237041479,562.0684204101562,434317
2016-05-05,566.9014642805688,568.4806004247131,558.1924414102928,563.8389892578125,253669
2016-05-06,563.6953927688589,570.0118203243426,558.5752627362293,567.9542236328125,338468
2016-05-09,568.6241621179031,577.189605654024,562.5947758703348,572.8829345703125,284016
2016-05-10,573.2657508699837,576.6153838049502,566.9493235578033,571.0645751953125,220113
2016-05-11,569.4376613510481,578.8166229142363,566.7101261702686,575.7540893554688,283913
2016-05-12,574.5578666292809,582.884110747875,574.5578666292809,579.0081176757812,304215
2016-05-13,576.6154590023816,583.1711466648553,569.8683520360681,580.969970703125,290941
2016-05-16,585.2287877140476,585.2287877140476,576.6154449676429,579.677978515625,149561
2016-05-17,580.3957232548834,583.6975161311848,579.0080064329056,580.7785034179688,190180
2016-05-18,580.7785055176332,583.6975182414022,574.2706585919984,582.501220703125,247320
2016-05-19,587.5736136973345,594.2728810873551,584.7024991016114,590.0618896484375,633808
2016-05-20,603.6039085863081,628.5347380553585,601.0677343937948,625.6157836914062,3040399
2016-05-23,631.4059197678537,631.4059197678537,616.4282493479211,623.1754150390625,936423
2016-05-24,619.3950464559673,632.5543198307106,618.2465890970325,629.1089477539062,596068
2016-05-25,630.927315203569,654.9011059416804,630.8316347666764,652.364990234375,1329998
2016-05-26,654.7576534409523,663.7059365015599,646.6706696409274,651.4080200195312,1658153
2016-05-27,652.2214445715748,678.5399914911908,650.7858874668685,664.8065185546875,832067
2016-05-30,668.4909998819326,678.204958320562,661.6481552581146,665.428466796875,354965
2016-05-31,663.3230081095105,678.5399355295907,659.7341156437334,675.9080810546875,1166940
2016-06-01,683.3251472319475,691.8428089869997,676.8173003694744,686.818359375,868587
2016-06-02,687.1533803355285,690.2637542715877,680.0712747774666,685.6699829101562,1663568
2016-06-03,684.6171508604668,693.6133319634341,675.7167086110011,679.5448608398438,394821
2016-06-06,678.5399346287101,692.3691452610698,674.9988823845853,679.3533935546875,313856
2016-06-07,681.3153534151825,686.9140021679812,675.9559057416432,679.7840576171875,174689
2016-06-08,677.6787353082378,683.9952225622726,672.941442883933,674.3291015625,370469
2016-06-09,677.4394071752828,677.4394071752828,666.5770479217888,672.0800170898438,265488
2016-06-10,672.7020221306303,679.4969684499447,664.2322009268216,666.2898559570312,404280
2016-06-13,660.069207851913,670.6923076960609,658.4422313534743,669.4003295898438,245706
2016-06-14,666.2899655098571,672.3192941161333,658.7771810545125,662.7967529296875,303388
2016-06-15,664.662742438134,668.4430533757719,662.7965070726722,664.7584228515625,179637
2016-06-16,665.8591830136746,670.4051134762186,660.3562145590162,668.7781372070312,302461
2016-06-17,674.7118254356235,685.2392439885197,668.9695971340437,671.6492919921875,543644
2016-06-20,667.9167990527022,674.7117450346759,666.2419826643182,669.3523559570312,254491
2016-06-21,671.840703400088,672.6541623680782,660.3084067123522,662.5095825195312,287659
2016-06-22,663.2274419098776,665.6200372991628,654.6140985084506,658.1551513671875,233878
2016-06-23,659.8298883837506,661.5047049538093,649.7331487439894,657.102294921875,219643
2016-06-24,647.5318012384874,664.0886031648965,637.9135823014113,659.8297729492188,403039
2016-06-27,647.0054652155153,679.4969138342666,647.0054652155153,675.6687622070312,356805
2016-06-28,677.1522600295771,683.2773269096502,675.6688627359089,677.0565795898438,756885
2016-06-29,679.4970185067804,700.5518556999482,679.3534394334583,692.0820922851562,685334
2016-06-30,693.852550123181,701.9873731246252,684.425749186693,688.9716796875,675952
2016-07-01,688.1103334522754,694.5703400597898,686.1962574204193,689.01953125,324971
2016-07-04,689.9764650238882,693.3739377845477,687.2488720428007,688.1102294921875,226518
2016-07-05,688.8759816754412,693.2783917849706,680.7411581917745,683.2294921875,179743
2016-07-07,681.8895890947892,688.4452761651111,679.4969940453338,681.6503295898438,127574
2016-07-08,682.320284143435,707.251113470176,682.2245452913966,698.2070922851562,806481
2016-07-11,703.3752652228161,705.3371819295768,690.8380292479226,692.1300659179688,570264
2016-07-12,693.8525382555474,699.3076664458042,688.1581505693403,690.646484375,611835
2016-07-13,689.0673601231119,693.4697115587129,682.3680941219151,685.2870483398438,145415
2016-07-14,684.2823190050631,690.0245482554552,681.5547834763174,685.1436767578125,153170
2016-07-15,685.1436324945298,692.4170990432715,685.1436324945298,687.6797485351562,283695
2016-07-18,685.2392976782862,695.9102961400013,680.4541070520412,682.9423828125,306749
2016-07-19,682.942371819297,697.4893627715159,682.942371819297,692.9912719726562,440300
2016-07-20,694.8574692969971,702.9444525576879,693.9961700938559,696.7715454101562,260167
2016-07-21,696.7236227724469,702.0830118901276,692.0341134847558,698.1591796875,265256
2016-07-22,697.2020433783803,706.2939025576453,694.809448857521,700.2167358398438,534734
2016-07-25,699.6904636938829,712.8018960750247,699.6904636938829,703.5186157226562,530912
2016-07-26,700.5517998622115,707.633904264255,692.8954960385807,694.5703125,217835
2016-07-27,697.3936135360906,704.6192388700941,695.0966989338408,699.3555297851562,313507
2016-07-28,701.6045500245568,725.434820119254,700.8389312901375,719.3097534179688,1213422
2016-07-29,726.391865503502,736.2493455398628,696.1494870901499,699.4033813476562,1666452
2016-08-01,703.4229611354037,715.5295157364582,698.3028309739584,701.8917236328125,734178
2016-08-02,707.2510822250066,715.8644242277469,702.2266327234081,707.9210205078125,717901
2016-08-03,708.4953165412851,713.8068664845756,683.325225384101,687.6318969726562,685193
2016-08-04,692.416985518411,697.6806944615364,678.7313539488775,683.0380249023438,683179
2016-08-05,686.1962252129216,698.829138112823,686.1962252129216,695.2880859375,647696
2016-08-08,702.46594871625,706.4855203233781,693.8526060208192,698.3028564453125,383012
2016-08-09,698.6377637818291,706.2940680424518,690.0244214886284,692.2734375,556929
2016-08-10,693.8526499847023,697.9200620708195,672.8456511749848,676.8173828125,654005
2016-08-11,677.2958334650949,684.2821994835223,669.1131698951231,679.4970092773438,563970
2016-08-12,673.8024856728674,682.3679861010464,671.122791379185,679.9275512695312,457921
2016-08-16,683.1337142488235,690.2636590473998,677.5829055189727,680.1190795898438,544973
2016-08-17,679.5447309714781,684.6649186468122,672.7976256401813,677.2957153320312,481428
2016-08-18,679.0663870073561,683.7558971649916,677.5829896025436,678.4921875,504427
2016-08-19,679.4969790714423,683.2294506315274,668.6824613688135,669.7830200195312,476124
2016-08-22,671.8407094015927,678.3485564425474,664.4715047526286,675.5731811523438,423867
2016-08-23,679.305613360265,679.305613360265,671.1229495087415,672.9413452148438,293965
2016-08-24,674.1385025290996,674.2821253223709,665.6147790983995,666.8598022460938,452255
2016-08-25,668.4400891653399,670.978009827709,655.0798953972516,657.713623046875,471543
2016-08-26,657.1868107715015,662.2627099449602,652.3024086406207,656.5642700195312,768908
2016-08-29,656.5163501799499,660.6824042938107,650.0038729121044,652.9727783203125,360275
2016-08-30,655.0797549671973,669.9243985373604,654.600895497192,668.2962646484375,758297
2016-08-31,670.4034139496024,677.586307670491,665.9021221936046,669.0147094726562,505876
2016-09-01,669.4456286349111,677.107381180089,663.1725804294534,666.5245971679688,351362
2016-09-02,668.4878547137373,671.6483156883837,663.268274529723,667.4343872070312,190007
2016-09-06,673.180738404157,690.9942892141436,671.4567973639062,688.1690063476562,1246593
2016-09-07,692.3830778788057,694.7773757769588,679.9806030754652,684.9607543945312,593932
2016-09-08,685.2959046567695,693.0055318822186,681.0340428816653,686.2057495117188,356765
2016-09-09,686.6845237313498,690.7548294856849,677.8734972310599,680.986083984375,341076
2016-09-12,674.186384006142,680.3157512813393,657.0910626974279,673.037109375,426183
2016-09-14,672.3665919287746,683.9070938389192,669.8765459858774,678.927001953125,306137
2016-09-15,679.0228883760398,686.7803902351916,676.3412864034033,684.8170776367188,410920
2016-09-16,689.5577651219227,693.8675011539347,680.2200037192299,684.62548828125,382162
2016-09-19,684.6254386656932,688.9351743853739,673.2764913190133,677.490478515625,249337
2016-09-20,679.9326457953669,685.5831530724139,676.628503408411,681.3213500976562,315153
2016-09-21,683.7157072241944,684.6254936299871,673.2765453721712,677.107421875,311700
2016-09-22,681.5127955477217,683.4761661994904,674.4735845012974,676.2932739257812,315016
2016-09-23,677.1074218731366,679.7411494688241,672.0793964631875,673.9469604492188,486981
2016-09-26,674.3300008617902,677.7778247248494,663.2683568503629,665.2796020507812,383544
2016-09-27,665.2795287615953,670.4033020454166,656.6121250215278,666.6203002929688,409984
2016-09-28,667.05126630135,670.2596014868176,658.4317955235866,660.2035522460938,1031867
2016-09-29,664.1303159569271,667.6259555695781,620.7935270492374,638.032470703125,1442657
2016-09-30,634.0099808960671,656.9952370010604,632.1902914059435,652.78125,851741
2016-10-03,656.0376351580029,695.9745364636389,656.0376351580029,693.6281127929688,2058235
2016-10-04,695.304053133768,712.0641370591687,695.304053133768,708.1375122070312,1887783
2016-10-05,709.6698656952065,717.3316186311871,697.8899322470434,702.6785278320312,588342
2016-10-06,700.571500552173,708.6163641317146,691.18586534573,698.7997436523438,246455
2016-10-07,701.8164981359915,705.6473742813349,683.8113919437841,688.3126831054688,232567
2016-10-10,691.7603835453002,702.0079879664107,690.180182355881,698.9911499023438,174998
2016-10-13,700.9066149189526,700.9066149189526,687.7379788915761,695.1124267578125,636722
2016-10-14,694.8730523637977,701.7207670253173,683.0452453533902,696.8363647460938,459989
2016-10-17,703.7319525967501,703.7319525967501,685.0564309532971,687.8817138671875,365500
2016-10-18,689.5577072185395,693.3885833697535,682.135384675562,690.419677734375,597421
2016-10-19,694.346395350172,696.2618336821724,685.4396187972776,687.4508056640625,1119429
2016-10-20,689.5577726813777,690.9943513744639,681.5129086182803,683.9551391601562,645552
2016-10-21,685.2479866259196,688.5521290699489,679.5495465346997,684.1945190429688,224856
2016-10-24,683.8114446119735,691.1858934506567,680.9382872816711,683.1889038085938,153150
2016-10-25,682.7100513212104,687.1634686110967,679.9805752109808,683.0452880859375,195273
2016-10-26,685.7267922983725,685.7267922983725,673.2764455108322,678.6396484375,285257
2016-10-27,673.3722006721351,685.7267990650344,668.4878571890978,679.0227661132812,233411
2016-10-28,680.0762194729023,692.191387865433,680.0762194729023,688.4083862304688,586708
2016-11-01,694.7294166903212,696.2138695150314,675.8144656042404,681.3213500976562,534613
2016-11-02,679.9806062423955,683.955164153656,672.8455867817612,674.2821655273438,190406
2016-11-03,675.1440783942268,677.4905018355032,656.1333195481028,658.8628540039062,377468
2016-11-04,658.4797167554061,673.6116659538195,648.9025263191278,664.8485717773438,708243
2016-11-07,671.3611432333354,675.096271406321,661.1614106140944,664.513427734375,142684
2016-11-08,667.3387016343712,670.2118591257257,658.9107846839723,662.1670532226562,148922
2016-11-09,641.6717214992909,662.7415392201632,611.9824328926073,649.38134765625,578951
2016-11-10,669.4456026900953,669.4456026900953,635.159273070121,637.457763671875,590087
2016-11-11,634.4888798480146,641.4802173237352,608.7262136467124,631.61572265625,885344
2016-11-15,622.5174040701579,622.5174040701579,558.9727662826562,591.0084228515625,1347449
2016-11-16,591.3436734695769,602.4053174488351,577.6003692308926,597.56884765625,695663
2016-11-17,602.3574876131514,609.3967001770046,586.1241358842723,590.0986938476562,308373
2016-11-18,584.4481327004894,599.292780069367,584.4481327004894,588.9015502929688,743321
2016-11-21,588.9972628371302,590.385967261556,569.6513247896212,578.7017822265625,390703
2016-11-22,588.0394514063436,591.2477865949093,571.8539773262147,587.9915771484375,279679
2016-11-23,589.954978330292,591.343682746165,581.3833805094235,590.433837890625,430909
2016-11-24,585.2621904504393,591.008505755616,579.803237674155,586.2199096679688,870446
2016-11-25,595.6533324383261,608.1515534602653,582.8677489582165,602.2136840820312,276611
2016-11-28,603.1713797340822,603.9854759098639,590.5774106828874,599.10107421875,361899
2016-11-29,598.5745451336256,605.182831493719,594.791542317472,602.7406005859375,456521
2016-11-30,605.2785000525146,617.5372934259618,603.6982400803726,613.3233642578125,569564
2016-12-01,615.8134093304461,617.1542395132916,604.5602093932256,614.903564453125,214497
2016-12-02,607.2896728515625,614.903551574571,599.2448672865926,607.2896728515625,432576
2016-12-05,608.1515387767317,612.4612740908975,601.878491288129,608.4388427734375,173890
2016-12-06,610.8810547611197,620.554051955408,606.4276963818277,609.540283203125,260023
2016-12-07,611.024803402879,616.5795626519979,607.7685349872559,613.6106567382812,262067
2016-12-08,617.7287828487808,619.5484724126285,613.2274916549454,617.1541748046875,203514
2016-12-09,620.1231054414176,620.458283738221,610.9290256383082,613.275390625,247836
2016-12-12,611.7908141501522,611.9823696187151,578.5100827819983,581.9099731445312,601079
2016-12-13,576.5468719920118,587.9437521457598,573.3385365346664,585.1184692382812,709024
2016-12-14,585.8367640152209,590.7211078671073,582.2453175198536,587.081787109375,242740
2016-12-15,582.5326493677519,598.4786959505083,578.941202700873,585.8367919921875,530541
2016-12-16,588.9972587208946,589.332437031035,579.8989270821165,581.4791870117188,197392
2016-12-19,585.9324824951966,586.8423272516089,574.631409793497,576.7384033203125,188828
2016-12-20,575.5891598257233,578.1750130000399,568.8851263502156,573.7694702148438,260134
2016-12-21,573.6737935156489,573.6737935156489,562.4205930585389,565.5810546875,521497
2016-12-22,565.9162260785398,570.1301549453451,557.5840584162986,568.8851318359375,255209
2016-12-23,571.2314861484722,572.5243833643945,558.5417099114653,562.1810302734375,608957
2016-12-26,562.1811010586785,565.389436601135,543.7450087326486,550.8321533203125,387173
2016-12-27,552.6039427917749,560.7445554672171,547.8153471003384,558.9248657226562,178295
2016-12-28,560.3613849763175,571.758264894554,557.3924793444396,563.66552734375,382440
2016-12-29,565.0543717362067,567.3529213759349,560.3615239111556,564.2882080078125,321697
2016-12-30,566.0120065820281,575.5891978947527,562.7557381538869,564.8627319335938,378307
2017-01-02,569.7949569299017,581.335459719422,564.671124971682,578.941162109375,327569
2017-01-03,581.3355334104057,583.7298313239576,572.763935188982,580.7609252929688,323518
2017-01-04,581.2396281738881,587.0816901261236,579.5156873772729,581.6226806640625,264071
2017-01-05,584.2086578122953,591.7746621723344,583.9213537698521,585.8367919921875,550224
2017-01-06,589.8113028643445,591.9182966413792,587.3212565080087,588.7099609375,182777
2017-01-09,588.7099386484614,592.8281190608853,576.211716165306,588.2310791015625,315371
2017-01-10,587.0339285025248,606.1404360583338,583.5382304386612,604.703857421875,437065
2017-01-11,607.1938859916589,615.0471939998077,600.4898525501106,607.2417602539062,592541
2017-01-12,606.2362073439143,610.4980691496406,601.4476117092863,607.8164672851562,141573
2017-01-13,612.4613754596344,623.2835897932681,608.0558909022552,613.2275390625,358722
2017-01-16,613.6105984485047,613.6105984485047,606.5713284566846,608.7261962890625,129900
2017-01-17,609.1093467059403,610.7853551284802,597.7124660508548,600.8729858398438,183409
2017-01-18,600.4897559073944,611.9345085601705,598.670066598593,608.7740478515625,189992
2017-01-19,609.0136540684916,610.6896626448428,601.5433976502659,602.596923828125,227307
2017-01-20,603.4586968953156,611.1683813326886,598.0954940692991,600.39404296875,294108
2017-01-23,598.5743969172859,606.4277046957468,598.5743969172859,602.9320068359375,134970
2017-01-24,609.0135867330874,631.903037686622,605.134777693045,628.6947021484375,635743
2017-01-25,632.0945735575162,671.8399141675721,632.0945735575162,660.490966796875,3144992
2017-01-27,665.6147697441118,666.2851848002285,644.0660901480794,650.1475830078125,883984
2017-01-30,650.2911923851024,658.6233592656256,645.0237379548843,649.38134765625,219976
2017-01-31,650.9137378726722,655.0797921161609,643.4434829533387,645.0237426757812,211264
2017-02-01,649.3335747626656,665.6148000885731,641.2887106315787,662.5979614257812,985259
2017-02-02,657.9530073529133,660.8261645902622,644.5449402452848,647.8012084960938,314593
2017-02-03,647.801278257785,651.2490439320801,636.8832561982842,644.8801879882812,328464
2017-02-06,643.587264645848,652.0630556868243,640.4268031621554,643.4915161132812,380121
2017-02-07,642.1506801429003,649.0462696071544,639.2296484714873,645.2153930664062,402950
2017-02-08,645.5027128556698,648.3758703312884,638.9902342685084,642.1506958007812,219811
2017-02-09,641.6718230376198,644.1618694168465,634.2016254454028,635.0635375976562,351585
2017-02-10,636.4043689481915,646.4604199247996,635.5423983398101,642.9647216796875,226953
2017-02-13,643.2040547733916,654.8882382235192,642.2942684901898,650.2911987304688,352859
2017-02-14,652.2067347685755,653.3081351621142,639.8521344726422,642.9647216796875,216874
2017-02-15,642.629471584177,649.3335048197795,636.8831573822321,642.198486328125,208557
2017-02-16,642.869041263384,645.9337545290307,637.4100298924734,642.8211669921875,218396
2017-02-17,644.5449178052128,659.8684225375804,640.6661673607385,654.6967163085938,505609
2017-02-20,657.4262758144433,675.0003975949386,656.0375714540353,668.34423828125,998661
2017-02-21,673.3722375140355,681.8959604008589,667.9132857182719,670.1160278320312,554817
2017-02-22,673.2286351753019,677.1073857364925,663.0289036490846,666.3809204101562,554335
2017-02-23,667.5301724665511,673.2764867202086,657.0431372627198,659.0543823242188,568568
2017-02-27,658.240273496388,662.166956567459,651.7756700844657,653.5474853515625,274802
2017-02-28,655.7502162121331,656.947364971665,649.4292356890868,653.3080444335938,390051
2017-03-01,660.8261611269647,668.9667732567897,656.0854400192777,660.0599975585938,534086
2017-03-02,665.6147774847856,665.6147774847856,648.0406553027926,652.6376953125,223208
2017-03-03,653.6433655733889,653.6433655733889,642.7732758427398,646.9393310546875,549110
2017-03-06,649.1898326862049,652.7334048513337,646.7476608070391,649.9560546875,351037
2017-03-07,651.4884471374926,652.7334703326986,641.1929663484767,644.0182495117188,638137
2017-03-08,644.0181758738865,648.375785786122,636.9310316430089,642.198486328125,251381
2017-03-09,644.0660590426826,656.8515849370332,641.9111911871495,653.6432495117188,936350
2017-03-10,657.9530184598772,660.4909974441927,651.2489847928915,654.8883056640625,506560
2017-03-14,661.7838812742899,679.9805437116438,656.3727451150529,672.1751098632812,707757
2017-03-15,672.8933320607716,675.1918809949058,664.5132909845937,670.7384643554688,431839
2017-03-16,672.414557351102,676.6285447768197,667.9133243405599,669.63720703125,268996
2017-03-17,670.594949277484,681.8960233670988,669.541423157425,672.2230834960938,444224
2017-03-20,673.2764549664381,676.14961195776,667.5301409837942,669.9244384765625,251382
2017-03-21,674.8566098172275,674.8566098172275,664.848436161873,670.546875,188931
2017-03-22,667.5302056241261,668.1048136962212,653.7869600666195,663.9866333007812,367541
2017-03-23,664.7528575286807,671.265394697429,662.981100432634,664.513427734375,222345
2017-03-24,665.6147501731066,670.3075969734064,657.0910271128178,659.150146484375,284818
2017-03-27,658.9107724857207,663.6514939495996,651.4884491037958,654.0264282226562,341490
2017-03-28,656.229176838633,668.2485405455711,655.0799021614771,667.0513916015625,205203
2017-03-29,671.3609903231242,671.3609903231242,654.9840195044704,659.964111328125,851769
2017-03-30,660.8263000170045,667.8655133092805,658.9108614662306,661.7361450195312,476038
2017-03-31,661.7838608264045,673.180740856313,661.1134458032573,669.5892944335938,938213
2017-04-03,671.2173317056049,675.0482076710036,670.5469751752828,673.2285766601562,351831
2017-04-05,673.8033081231322,690.5155192749952,673.8033081231322,683.7636108398438,754076
2017-04-06,688.6000585469928,688.8394883309104,677.1553031848246,680.124267578125,286605
2017-04-07,683.4283007050361,687.6422879685506,675.2876886608401,678.2566528320312,342956
2017-04-10,681.8960175016595,682.1833215484635,671.8399666817613,673.9469604492188,173832
2017-04-11,674.7130142437544,678.9270010928079,673.1806872738406,676.2932739257812,129774
2017-04-12,678.0651147183856,686.0620457262592,666.1415003745919,679.4059448242188,341040
2017-04-13,681.9917406630591,689.4619963292985,678.1129900391481,684.6734008789062,742572
2017-04-17,684.6733547761885,686.732415608489,679.0227891433946,682.1353759765625,335584
2017-04-18,682.8057906105718,691.808314373459,680.9382268207901,682.662109375,522988
2017-04-19,682.6621205327893,685.1522251113745,678.0650808282498,682.9015502929688,102566
2017-04-20,683.0932111351068,689.701496916968,681.9439364181039,687.0198364257812,277655
2017-04-21,689.5577543199224,690.5154734231445,682.0396827414428,683.8593139648438,357392
2017-04-24,683.8592536554382,689.5576935079727,680.028377580394,686.4929809570312,254831
2017-04-25,686.8761399494235,699.1349325553782,684.8648947967494,696.4054565429688,815320
2017-04-26,702.0081176587036,706.7967132771122,691.4732072982047,695.6871948242188,519862
2017-04-27,696.0702635428825,698.6082426613094,688.8873699486978,692.0957641601562,190669
2017-04-28,692.4308625061402,696.2138643863954,687.1634078121101,689.3661499023438,158996
2017-05-02,687.6422357673207,695.6391659630264,686.6845167760014,689.7013549804688,1009640
2017-05-03,692.4309370287635,702.2475581968753,685.7269030602969,699.6138305664062,695371
2017-05-04,703.9235071482392,710.627540549651,696.8842954585697,707.5149536132812,549561
2017-05-05,709.669727907059,714.4583225623023,697.7461155245983,708.903564453125,570520
2017-05-08,713.5007534110682,719.9174832870148,710.2444849801292,712.3993530273438,362229
2017-05-09,712.3993592272462,717.1400806632836,710.2444911612781,713.3092041015625,175281
2017-05-10,712.1598854762759,722.1201873036571,711.6810259356237,714.9851684570312,162758
2017-05-11,715.607657460723,737.4915135032157,710.6275069073934,726.4298706054688,366834
2017-05-12,730.7396546223958,730.7396546223958,714.9372898763021,718.289306640625,148145
2017-05-15,721.1145794135489,723.1257660619071,712.7345376211681,720.1568603515625,110667
2017-05-16,719.1512258160353,732.176180930835,715.6555280582949,729.207275390625,340007
2017-05-17,725.041252928486,744.1477611905008,725.041252928486,741.65771484375,546730
2017-05-18,734.0916874842491,749.7024970666536,719.8216495642547,742.2322998046875,1151512
2017-05-19,741.2745550258039,748.1701439727644,727.8186138767718,729.1115112304688,790110
2017-05-22,728.9198599655214,738.6886048191419,705.2642489723695,708.233154296875,305976
2017-05-23,699.2785858652699,713.261260575984,697.2194665314755,704.4981079101562,281306
2017-05-24,704.8812163978495,705.8389354418683,686.684554561492,690.2760009765625,487729
2017-05-25,695.3039592879094,712.1597894645938,686.9239184562714,708.9993286132812,806362
2017-05-26,706.7966599190041,738.7844996169345,706.7966599190041,733.0860595703125,616065
2017-05-29,732.6071284340317,737.2520419973864,718.2892183245242,722.6947021484375,424958
2017-05-30,725.9031508255568,743.1899676343941,723.9398385040267,733.5170288085938,299178
2017-05-31,733.5170353926179,741.6576472245696,729.7819077584982,737.5873413085938,366541
2017-06-01,744.1477142426018,744.1477142426018,729.7819282533623,733.3255004882812,238073
2017-06-02,733.3255049090297,764.2598192347684,733.3255049090297,758.08251953125,710645
2017-06-05,766.175309065934,771.9216238839285,757.8431408889346,762.5838623046875,420817
2017-06-06,776.7101028679804,778.8170963422517,758.4176934942079,765.6005859375,521894
2017-06-07,770.0061028300507,775.2735575135896,761.3866315297144,767.3723754882812,405242
2017-06-08,770.0061577350612,770.9638768367217,761.2909372917644,763.3021240234375,183851
2017-06-09,775.7524742675042,778.4340760678922,767.1330023311986,770.6765747070312,339039
2017-06-12,768.0907983041751,772.8793943035777,761.5783194358958,770.2456665039062,113616
2017-06-13,770.9638569301707,790.0224899429287,769.2878485455399,779.6790771484375,495771
2017-06-14,780.5410202158071,782.4564583022262,773.7891126520858,776.7101440429688,257050
2017-06-15,775.369381559735,785.3296838587829,775.369381559735,783.4142456054688,337535
2017-06-16,789.1127144056082,795.4336374864629,779.9665081088646,782.1692504882812,382713
2017-06-19,785.3295676144419,793.9011642201637,776.2791115162723,788.5379028320312,239097
2017-06-20,789.1604866660707,790.4533839845,774.0285375689624,777.3805541992188,198039
2017-06-21,780.6368523283406,792.9914526904784,780.6368523283406,783.510009765625,319849
2017-06-22,786.2873529188865,792.991386378609,780.5410385248387,783.6536254882812,239541
2017-06-23,782.5521890231812,803.0952737236174,780.5410024600043,795.194091796875,425699
2017-06-27,795.8166205047971,800.9882680695367,762.3443295214603,772.6876831054688,818806
2017-06-28,770.1977280531931,770.1977280531931,747.1166621867249,748.6490478515625,589694
2017-06-29,745.2970318481177,770.8681440764158,742.2801932343639,760.2374267578125,615299
2017-06-30,761.7697644900072,781.0198942340111,753.7727752580554,771.5384521484375,554265
2017-07-03,778.3382697480465,790.1660764228426,764.259788273161,783.3184204101562,407229
2017-07-04,783.6057793327274,793.901259658014,782.0255194358693,785.569091796875,289129
2017-07-05,785.6169410323675,796.6307103317918,783.8451841355777,793.1350708007812,296752
2017-07-06,796.82231423614,799.6475973537259,790.4534586552023,795.0026245117188,453789
2017-07-07,794.8110983670877,798.7377232651144,775.8003393053831,777.8115844726562,579300
2017-07-10,777.6677741462239,796.5827230863569,775.8002105346476,791.7941284179688,179258
2017-07-11,796.8222438377223,798.4503779018547,776.9016994326856,780.3973388671875,361487
2017-07-12,783.4141629967573,789.7830178992643,778.6255678684153,781.8818359375,194397
2017-07-13,783.4141188851036,795.8644655177519,783.4141188851036,787.771728515625,346947
2017-07-14,788.202742708746,792.3687970071081,770.9638005838889,772.6876831054688,550441
2017-07-17,770.963856204327,777.3805857046361,769.0484180522666,773.8848876953125,575723
2017-07-18,775.5609751765888,785.3297224393027,772.4005135942655,780.3016967773438,742406
2017-07-19,781.786058157666,783.4141922530104,761.6739578675521,764.1640625,978207
2017-07-20,766.1753544707593,767.3246291933735,757.5558817329633,765.6486206054688,605189
2017-07-21,766.7019678049543,771.6821185170065,758.9444669422893,770.3892211914062,622083
2017-07-24,771.730053126161,781.9776593734625,768.5217174646182,777.763671875,296378
2017-07-25,782.7917272025105,795.8646170374683,776.7102339559408,792.8477783203125,749385
2017-07-26,779.5834186504765,779.5834186504765,763.2543181939759,771.5864868164062,972069
2017-07-27,773.4060309054756,775.9918841108523,751.8573516182257,755.8319091796875,880024
2017-07-28,756.7897175493379,758.944585732306,748.0265635567843,754.5869750976562,282544
2017-07-31,761.3867067519295,767.1808957853608,753.2460941640159,762.2007446289062,591799
2017-08-01,756.5980686067505,764.978110505876,755.3530455012158,762.2965087890625,454420
2017-08-02,763.3021356201172,768.9527017875761,756.5981018066407,766.17529296875,320358
2017-08-03,766.079555547725,774.3637909503564,759.231840385705,772.7356567382812,314026
2017-08-04,771.9215481702366,776.470713621612,764.7865296134888,774.076416015625,314970
2017-08-07,771.0597266572513,780.5890446615231,771.0597266572513,779.1524658203125,251391
2017-08-08,780.3493468599493,780.3493468599493,762.6315472364946,776.0396118164062,316684
2017-08-09,773.8369548933118,773.8369548933118,756.5980128288569,761.6260375976562,401181
2017-08-10,761.3867454980864,768.5217650556116,743.1900811402704,761.721923828125,554974
2017-08-11,750.8517574734858,759.4712291791764,742.5195898004116,756.8853759765625,326785
2017-08-14,763.3020719138029,785.3296097482038,757.5557576961331,778.4340209960938,497414
2017-08-16,780.541011832865,789.1604831291788,774.6989491138423,783.3184204101562,302585
2017-08-17,785.1381010934368,790.9802226360093,778.6734972128631,783.6057739257812,264118
2017-08-18,781.4986971662911,789.1604490992939,775.752383216539,786.8140258789062,235585
2017-08-21,786.7661953217693,792.9434948517813,769.910363514704,781.9776000976562,555230
2017-08-22,781.7860789748073,790.1182467220558,773.9327707710266,784.8029174804688,335665
2017-08-23,785.3326863115313,793.7615866552613,776.4221345195882,785.91064453125,397771
2017-08-24,789.234138495418,801.9497498924219,782.2501917245831,798.6263427734375,344575
2017-08-28,802.4313315642153,812.7386845570621,798.5781198880366,805.4657592773438,592779
2017-08-29,805.4658151114678,808.9818357325016,790.8717513581568,796.8923950195312,295714
2017-08-30,797.6148133126686,805.3212366296992,796.1217055540627,800.793701171875,228155
2017-08-31,801.468070487389,809.1744942420754,790.8717378246952,805.2249755859375,567266
2017-09-01,809.1262650178936,818.2294889839932,805.4175136563425,812.7868041992188,613598
2017-09-04,816.2546005114436,818.3257250405698,798.1445197092835,805.7064819335938,316053
2017-09-05,810.4267626814099,815.8694478845462,801.8051894921227,811.24560546875,259627
2017-09-06,810.0414346073533,814.9542558942522,805.5138992044276,809.1744384765625,288238
2017-09-07,809.1745202834004,818.1813798184152,809.1745202834004,813.3167114257812,287396
2017-09-08,815.3396348522938,823.624016647806,809.3671448438488,812.6905517578125,378578
2017-09-11,818.8075121278699,822.1790724719259,809.2707893508303,815.14697265625,301971
2017-09-12,815.8211991476167,827.4771399996741,815.1950287831481,819.3372192382812,477274
2017-09-13,819.7707853617727,820.4932625521622,798.6744278842663,801.612548828125,305788
2017-09-14,802.4312877508596,811.4863582136035,799.5413791515167,808.0184326171875,206713
2017-09-15,806.7662245808225,811.8717184817871,801.9978631958726,807.3923950195312,199445
2017-09-18,809.1744697589112,813.5093329897625,804.6469341809529,809.559814453125,166201
2017-09-19,809.6561040145986,834.2203284671533,802.5276388906215,824.828125,572800
2017-09-20,834.2202455862724,836.5803492641465,817.8922509603602,819.9152221679688,349889
2017-09-21,820.734112560689,823.6240214077337,806.7180664115915,808.885498046875,213584
2017-09-22,806.7661644954864,808.6446168763651,781.9611152587595,784.224853515625,193155
2017-09-25,783.2134899080047,784.5621376218689,766.7891855691425,776.0850830078125,243396
2017-09-26,775.2661711999498,775.2661711999498,756.3373042714593,763.6102294921875,385937
2017-09-27,763.1767481216964,767.9451093956943,746.8487516599922,749.112548828125,256901
2017-09-28,750.07588827252,757.8304654960136,746.5598088802994,748.8235473632812,387964
2017-09-29,753.3028906311458,778.3487667902376,749.5459856891441,765.3441772460938,347273
2017-10-03,770.6423362922811,781.5758009202901,757.1560954071662,760.6239624023438,253650
2017-10-04,757.4451216179167,771.9910318970236,753.591909696884,766.6446533203125,275688
2017-10-05,766.3556458690847,777.2409573847289,761.5872845339243,765.4887084960938,145932
2017-10-06,770.016067320117,777.0963781557869,765.2477655108878,770.9793701171875,128921
2017-10-09,774.39917202636,778.3486901289282,766.114732374022,775.9885864257812,179763
2017-10-10,777.2891667881856,777.3854735641694,765.8258382695349,770.8831787109375,264790
2017-10-11,771.7019032778825,783.1652309139475,767.7523850411023,775.5551147460938,472356
2017-10-12,781.9611113507273,782.2019370702686,768.908369110655,775.6514892578125,281456
2017-10-13,771.1239252537579,785.091816466974,771.1239252537579,779.16748046875,305846
2017-10-16,775.5070103780562,786.4405338873684,772.8579273262245,780.0345458984375,343209
2017-10-17,774.5918661454635,781.5758124208784,773.1469117436535,775.4588623046875,143381
2017-10-18,775.4588325689161,778.2524344900966,766.4037618133283,775.8441772460938,317645
2017-10-19,775.9405697142787,777.6263499712619,767.9933199313577,771.5093994140625,22787
2017-10-23,770.6423062789162,779.9863560016164,754.2661572704892,772.6170654296875,999827
2017-10-24,779.0231195091084,779.0231195091084,759.5643878581745,771.1240234375,328304
2017-10-25,766.8372421290421,790.8235072423222,753.3028484900475,771.7501220703125,828216
2017-10-26,775.3143493317025,775.3625615150778,757.2524191696418,759.275390625,366946
2017-10-27,757.7340564195977,764.1400443816535,756.1927952594996,757.5414428710938,325707
2017-10-30,761.0092164793994,764.8624277020798,755.2293996453785,757.9266357421875,537471
2017-10-31,759.0345661130314,759.0345661130314,751.3762959529038,753.1102294921875,331465
2017-11-01,754.6515955120585,758.0231560200732,739.3350542575092,744.3923950195312,554988
2017-11-02,744.7295766211488,745.1630747598115,734.1332428977854,736.4933471679688,504843
2017-11-03,735.9634110857537,745.5964400266668,732.1101995093885,741.7913818359375,416025
2017-11-06,737.8899818849997,753.0138483641649,733.4106001217394,735.1445922851562,707544
2017-11-07,738.805208228227,742.7065734112011,727.2937262327586,730.7134399414062,316554
2017-11-08,730.1836170922256,742.7065551162348,723.7294757361674,740.5391235351562,628877
2017-11-09,760.0459944115753,786.0551729275608,752.3395711475796,782.9244384765625,1845309
2017-11-10,783.454266433101,796.2661837284471,776.422166756288,790.968017578125,779097
2017-11-13,790.1492365655306,810.426751694245,788.4153030325326,798.72265625,586682
2017-11-14,801.4680197612468,806.2845343030812,787.4038208172277,791.4496459960938,446166
2017-11-15,783.8395799307469,794.5803719671877,781.2386503468491,784.369384765625,483409
2017-11-16,784.3693843009173,791.8349817566522,781.3831688367605,787.4519653320312,324767
2017-11-17,789.9565608409191,809.8969433735017,788.9451045172738,804.8877563476562,444908
2017-11-20,803.0575641941665,819.7708476162645,799.637791530346,817.8923950195312,531172
2017-11-21,819.0481884355695,822.6605738594253,802.623887800839,807.1032104492188,385701
2017-11-22,813.0276588999668,813.0276588999668,803.1538040377338,806.9588623046875,289122
2017-11-23,806.284558119492,816.5919113025498,803.3946493090278,812.642333984375,212493
2017-11-24,814.9542403742987,818.5184728063989,805.4175182985903,811.293701171875,235052
2017-11-27,808.0185446801119,818.7112432578398,800.9864445388406,805.5621337890625,288610
2017-11-28,810.8119983374457,827.188146337722,803.3945548370765,817.603271484375,389715
2017-11-29,822.6606639618182,827.4771783878241,805.3212120281967,819.8189086914062,448278
2017-11-30,820.7340576819178,825.2615929986213,807.7294687397747,811.293701171875,466822
2017-12-01,811.2936713305212,828.3441435199082,807.4886133172295,824.0574340820312,671340
2017-12-04,828.440465144945,828.440465144945,803.4908973858155,808.0184326171875,329357
2017-12-05,808.7890688676645,810.5712144603931,794.7248704362623,802.672119140625,259832
2017-12-06,802.7685851106525,813.027786263517,796.8924599366047,803.924560546875,345940
2017-12-07,799.7821171982636,828.247702022405,799.7821171982636,819.2408447265625,539107
2017-12-08,816.9771915564834,866.3946789103256,816.9771915564834,858.2066040039062,1119573
2017-12-11,858.3028627556619,868.4175429564862,850.4519207959331,861.4817504882812,668758
2017-12-12,860.2294468111625,873.7156867387731,839.3739165478287,860.422119140625,661594
2017-12-13,863.1194637970555,883.2525194506392,835.3281965444969,843.2272338867188,1221460
2017-12-14,840.0001647104344,842.7937667579996,818.6148276571319,828.1515502929688,645538
2017-12-15,834.3648654159389,841.9267699805782,820.8304120659016,831.234130859375,555753
2017-12-18,831.2340862160587,857.3395709829069,811.871662875082,853.8717041015625,584641
2017-12-19,853.4863551674201,862.9748650560543,844.816629211995,852.2822265625,405495
2017-12-20,851.5598360562415,863.1194718398103,846.020843909948,857.2433471679688,312844
2017-12-21,877.5688945252169,900.4954905484763,876.60559167722,890.5253295898438,1862461
2017-12-22,900.1584204270368,915.1377689919949,883.4450795792925,909.8877563476562,986735
2017-12-26,931.7066319197473,936.0414952269465,881.4222057971675,892.5964965820312,2422595
2017-12-27,876.6056958532229,895.8717551027443,871.7891810408425,880.2662353515625,909100
2017-12-28,881.422130311785,884.3120389357581,866.9725871919197,868.4175415039062,495940
2017-12-29,869.1881646786693,880.9404714089669,866.9725798448007,869.0918579101562,507875
2018-01-01,871.7409562475938,875.4496488312094,865.0459894476996,866.9725952148438,160477
2018-01-02,867.9359324434455,871.6928373561775,844.8166623228653,856.5689697265625,644893
2018-01-03,857.1469167925686,881.9038133165026,856.3762862243263,880.4107055664062,552174
2018-01-04,883.8305169049729,885.2754714285234,870.8259261930197,872.3671875,454449
2018-01-05,872.3671718091773,880.4107871228081,870.8259105299189,876.7984008789062,416415
2018-01-08,877.6652427380643,882.3854504342887,874.1973758396474,878.6767578125,211898
2018-01-09,879.3992552764079,889.0322844335802,872.9932673687506,881.2776489257812,542843
2018-01-10,881.5184228959755,888.9840200544385,875.7386057410366,878.2913818359375,449965
2018-01-11,868.4175759743692,878.5322565597612,863.6973681830488,866.5391235351562,434606
2018-01-12,869.4771328886643,887.3464478745777,852.5711795525192,876.701904296875,669862
2018-01-15,878.435911143285,882.3854293942713,869.0918615401945,871.4519653320312,345609
2018-01-16,869.8625229292861,876.0276850373984,852.8120497573178,867.2134399414062,475519
2018-01-17,863.1194837562743,868.6103225883472,855.4130597941648,863.6011352539062,549893
2018-01-18,866.9725667749678,869.7661685638232,855.7982772102265,860.422119140625,274737
2018-01-19,860.2295341475376,865.0460488964039,855.4130193986712,857.6767578125,185507
2018-01-22,858.3510695724931,871.5483315579719,854.0643597471815,862.1561279296875,428801
2018-01-23,866.9726561666133,870.1033907583261,849.9221821696007,853.8235473632812,509131
2018-01-24,853.8235590682707,853.8235590682707,838.1217325059563,843.9015502929688,362815
2018-01-25,858.7845618660275,866.4428319165546,842.8900635252654,845.0574951171875,880864
2018-01-29,847.8028451411155,864.4680320794516,847.8028451411155,860.8074340820312,601009
2018-01-30,860.8556150879199,862.1560504167813,852.2821962080975,853.4381713867188,234709
2018-01-31,848.9106891981255,865.5276643909399,848.9106891981255,863.4083862304688,709011
2018-02-01,861.1928237049412,875.6423677268361,840.1928314855229,866.0093383789062,970796
2018-02-02,863.3120343338703,863.3120343338703,825.8876829698203,831.1376953125,792986
2018-02-05,818.8074580050305,846.7432418663786,817.4588104384146,843.0827026367188,524002
2018-02-06,831.3303443833851,839.3738995160041,814.0390467822758,834.701904296875,502411
2018-02-07,842.7937538253674,846.6469655309668,830.4634293311735,833.4015502929688,230391
2018-02-08,842.9863423774408,860.0368154281923,835.5689571003841,852.4267578125,836120
2018-02-09,836.0506476967751,852.5231045029308,833.2570456441075,845.97265625,486696
2018-02-12,847.7065465169089,866.9726043922932,842.0230359255335,861.6744384765625,926463
2018-02-14,866.9725074758434,872.7523241923491,857.3394796150006,862.011474609375,652522
2018-02-15,866.7799488247113,869.8143765169307,851.8006002958518,855.7019653320312,247512
2018-02-16,857.3396038030244,864.0827242823741,846.3579269328029,858.9290771484375,891469
2018-02-19,864.0826943633647,865.8166278103765,852.5230596561626,863.2156982421875,336893
2018-02-20,864.7088436680377,866.4909304571228,856.1354246178631,861.3854370117188,174558
2018-02-21,862.2523233364409,876.9426912166022,854.5459008419301,870.0069580078125,739323
2018-02-22,870.8258652862083,872.5116454457778,850.3075242459454,853.0047607421875,512762
2018-02-23,852.5231046896914,873.6194626628627,848.0437224858954,867.64697265625,901633
2018-02-26,866.5872759661412,870.5368531818596,856.1836162774217,858.7845458984375,628820
2018-02-27,859.3143443258809,864.4198379614093,850.8372905241093,853.293701171875,475548
2018-02-28,849.8739804243093,875.4496605669301,842.8900344247896,867.8877563476562,1120499
2018-03-01,865.8166837578085,868.3694601054083,859.5070611648133,861.5781860351562,122382
2018-03-05,861.6744593850287,863.1194137607442,849.6331729207326,857.2914428710938,189643
2018-03-06,857.339605481975,863.119423047022,845.4909912326975,849.6813354492188,296228
2018-03-07,849.6331584611519,851.5597642626511,836.1950712366263,839.3258056640625,286307
2018-03-08,844.2867281369354,847.706441225996,826.8509126481541,840.2408447265625,398428
2018-03-09,842.8900521170906,850.7891477931424,839.2776661794459,846.4542846679688,238316
2018-03-12,853.1973669845689,862.1560719507995,849.4886156436652,857.5803833007812,520945
2018-03-13,854.8351106522119,872.5116972861009,853.5827697087043,866.8281860351562,394375
2018-03-14,866.6836030642945,877.328088008486,864.2753458916113,872.9932250976562,453808
2018-03-15,874.9198981087657,883.7822969447417,867.5024536875028,876.1721801757812,435607
2018-03-16,876.5576097835108,890.0920056866674,875.642460139806,882.674560546875,732530
2018-03-19,888.1653543307087,888.9841383518113,869.2846392969154,874.3419799804688,235720
2018-03-20,872.4634560891178,876.4129744962903,866.0093148423474,869.5735473632812,240585
2018-03-21,869.573458350548,881.3257643916761,865.3349024683912,869.2362670898438,535727
2018-03-22,871.5001350459203,877.1835868112621,868.6583797655783,874.7753295898438,535576
2018-03-23,869.8624884442834,872.7523970437661,859.5069826294705,869.0918579101562,491815
2018-03-26,869.0919425122997,880.2180799443187,868.4657720699872,874.0529174804688,530753
2018-03-27,879.4955778668058,898.761636527634,876.6056690676816,892.3074951171875,891006
2018-03-28,890.4772191461897,900.5918995378973,876.8464596716085,884.119384765625,1084639
2018-04-02,884.7937331406107,910.0322814356448,884.7455797536186,906.8533935546875,822645
2018-04-03,905.8418830644575,929.5873237116016,902.8075141243673,927.8052368164062,770460
2018-04-04,931.5139532663486,943.3625678001192,915.6194545808319,921.9290771484375,609583
2018-04-05,924.3372476230782,940.7615496282386,924.0001151401891,930.8876953125,379400
2018-04-06,934.4038245082603,946.0116128371551,932.8143511855469,943.1217041015625,303200
2018-04-09,946.6378590238998,962.3396859851076,943.1699329863841,954.9222412109375,641435
2018-04-10,957.4268054193884,972.6951333381503,948.0827552415226,963.4474487304688,707921
2018-04-11,975.5368500252613,975.5368500252613,947.5047006041373,949.0460205078125,579312
2018-04-12,944.1813400347144,971.5872598962593,939.2203066914893,968.9863891601562,637270
2018-04-13,971.9726446498628,990.6607447846579,970.046038813094,987.2891845703125,926199
2018-04-16,995.0436919154474,1007.5666297211228,986.4221779239688,1000.3418579101562,1036816
2018-04-17,1000.3418907226013,1008.9153104043045,995.3327624723004,1001.4979248046875,713419
2018-04-18,1001.6424343513639,1016.2845918613367,1001.5460099857447,1013.0093383789062,666465
2018-04-19,1012.4314100723922,1025.4360000209908,1009.8786337124915,1019.5598754882812,630602
2018-04-20,1014.3582510673899,1030.734405168193,1014.3582510673899,1023.3651123046875,360833
2018-04-23,1025.9174702776147,1033.2385479558275,1024.2316903968767,1028.8555908203125,197511
2018-04-24,1028.3257609085535,1040.8486975753556,1024.3280306852469,1027.747802734375,412316
2018-04-25,1027.844141307116,1040.5115973071531,1019.463453545476,1034.346435546875,476632
2018-04-26,1037.4772275203993,1052.8900739830979,1035.550621712562,1045.9061279296875,1150813
2018-04-27,1045.1836965820996,1058.6699378283204,1024.0392439501948,1029.4818115234375,490937
2018-04-30,1032.6606245118369,1050.0000752965504,1028.8074132263448,1046.3394775390625,312968
2018-05-02,1048.073516026869,1069.2661790347652,1046.7248684991391,1062.3785400390625,456691
2018-05-03,1069.2661707578022,1070.9519507567447,1036.5620858145905,1045.2318115234375,608318
2018-05-04,1040.3670809375565,1046.1951102327844,1021.6308874884254,1031.263916015625,516465
2018-05-07,1032.6608325739467,1045.1837717749368,1025.9177114657211,1041.2342529296875,349927
2018-05-08,1041.2341185742146,1068.9771712852446,1040.3189102732006,1064.30517578125,422580
2018-05-09,1065.4130189303278,1070.1332267095488,1042.1974423072165,1050.6263427734375,367784
2018-05-10,1047.1104597030567,1058.9591347562196,1042.3902510399791,1048.5072021484375,257383
2018-05-11,1050.2891839682552,1064.353382590086,1050.2891839682552,1062.6676025390625,330315
2018-05-14,1064.4497299245504,1076.8763611494996,1053.9497045456183,1061.6561279296875,370407
2018-05-15,1061.5598400186343,1083.523194089779,1045.1354778532132,1051.059814453125,767738
2018-05-16,1047.110139597731,1057.6101635957325,1041.378534995908,1053.708740234375,552005
2018-05-17,1057.7065309750494,1059.536829911084,1029.2408846761973,1032.80517578125,577284
2018-05-18,1032.660749180281,1049.9038952826795,1026.640105819855,1041.7158203125,685003
2018-05-21,1044.124175889695,1068.3030583818195,1041.523187158871,1055.3466796875,558710
2018-05-22,1061.5598162558445,1081.7891775456562,1057.3694720782353,1077.0689697265625,578884
2018-05-23,1081.789238116805,1093.3488737867976,1040.4635170784427,1048.4107666015625,1059131
2018-05-24,1048.3146036666167,1050.9154750129649,1027.121935363685,1040.897216796875,714606
2018-05-25,1041.3304983270834,1105.197531523477,1003.2800314594426,1097.73193359375,2422116
2018-05-28,1102.018492894449,1116.853380740011,1086.8464725595823,1112.0849609375,1217933
2018-05-29,1114.3969150957241,1135.7340974419692,1109.4358817371922,1126.0528564453125,1315415
2018-05-30,1122.5368673380506,1151.5322598424696,1115.071270189386,1144.211181640625,2012873
2018-05-31,1144.4036904125558,1148.2569014913859,1100.8142400832896,1115.1192626953125,13140065
2018-06-01,1110.3511047076834,1112.3258050867198,1073.119424322348,1078.2730712890625,883238
2018-06-04,1085.6424384121565,1105.534668099959,1065.4130762057187,1079.2364501953125,1040512
2018-06-05,1075.0459826344643,1076.9725883381102,1041.860246425434,1051.3968505859375,444345
2018-06-06,1053.8531997508903,1058.3325810193357,1035.8875800944077,1048.314208984375,575198
2018-06-07,1050.7708532639206,1069.6515666380292,1043.2570435868543,1047.4473876953125,633611
2018-06-08,1045.183577057692,1047.0138759642236,1018.6927490677505,1031.0711669921875,629503
2018-06-11,1039.4038541978098,1039.4038541978098,1007.66306991266,1019.0781860351562,1137368
2018-06-12,1021.1009056565741,1026.8807221036868,1012.9128323564979,1019.7522583007812,935205
2018-06-13,1024.8580482325879,1051.2525729981896,1022.1126582998044,1043.6424560546875,747149
2018-06-14,1049.9521113032285,1061.367346507333,1038.6815126653303,1043.2572021484375,649820
2018-06-15,1049.1330231355107,1058.1880926903211,1033.6238720589117,1044.07568359375,465585
2018-06-18,1050.000069071831,1050.000069071831,1032.9496562708798,1038.4886474609375,351245
2018-06-19,1037.717932015321,1039.1628862023927,1015.4174488767133,1021.197265625,379977
2018-06-20,1021.1010668222733,1038.4405189003874,1019.4152867591234,1033.3831787109375,336627
2018-06-21,1035.2614538900455,1037.5734040874606,995.9587708966736,1000.1973266601562,563297
2018-06-22,987.3854363615958,1017.2478251686294,981.7501381209855,1012.1422729492188,911722
2018-06-25,1012.1423286131252,1024.4244408140673,999.0414324502578,1004.29150390625,367886
2018-06-26,1011.4680192206501,1022.8350401872126,999.4749454575928,1016.1400146484375,417044
2018-06-27,1019.6560859917795,1019.7523927604632,1001.8349829300431,1005.20654296875,304662
2018-06-28,997.1147810767783,1007.6148059185402,987.5299645194668,990.5643920898438,444386
2018-06-29,1002.9428594886948,1029.722610131978,996.0552200869769,1024.47265625,642171
2018-07-02,1024.32809073793,1045.9543108809503,1016.3808420026947,1020.81201171875,458630
2018-07-03,1021.9681356289403,1038.3923805722047,1021.1011394452349,1025.0025634765625,437192
2018-07-04,1025.917571720873,1034.5872976790774,1017.9221107453661,1030.1561279296875,191772
2018-07-05,1030.73392578125,1036.9471813817024,1019.8485578465462,1023.5091552734375,243731
2018-07-06,1019.1743921063506,1032.2271924630763,1012.6238858391505,1017.8257446289062,379840
2018-07-09,1024.713283805533,1037.428832864433,1021.5825499184656,1029.67431640625,240883
2018-07-10,1035.5506144701717,1042.9679997421954,1028.422149512891,1034.97265625,362587
2018-07-11,1039.8855628451788,1058.1883193936349,1035.839737381272,1045.3763427734375,716923
2018-07-12,1050.1447428717568,1066.8580256699831,1041.3304972905207,1045.08740234375,916917
2018-07-13,1051.3006969776552,1051.3006969776552,1022.1126868695707,1025.43603515625,327645
2018-07-16,1029.7708178571827,1029.7708178571827,998.2708595202774,1014.3579711914062,415489
2018-07-17,1012.4312521821967,1033.094050397409,1010.5046465643428,1019.1261596679688,303632
2018-07-18,1021.1009588639964,1039.1146740265544,1017.633092333159,1021.197265625,385288
2018-07-19,1025.8693798484983,1031.0712390445337,1002.7983223503907,1007.2294921875,303036
2018-07-20,1001.8350036030843,1009.1079874443612,991.2386718342055,993.1170654296875,388800
2018-07-23,1003.0874211556286,1018.7891888785057,1003.0874211556286,1011.8534545898438,385603
2018-07-24,1006.8442081267888,1040.656236141387,1006.8442081267888,1037.4290771484375,560377
2018-07-25,1046.0988445010858,1082.7525706413724,1037.4773296981834,1076.6356201171875,831067
2018-07-26,1076.9242873609196,1090.747776217301,1054.8647479456474,1073.4564208984375,872282
2018-07-27,1083.7156957196619,1089.5918195294284,1070.133149184778,1086.7982177734375,658818
2018-07-30,1088.4840541594406,1095.275386574209,1074.0827229817442,1076.68359375,280364
2018-07-31,1078.6101485109352,1088.339601317985,1064.0642990695615,1082.2225341796875,480797
2018-08-01,1092.289163746583,1105.6790973530658,1082.8487484465836,1088.9656982421875,880008
2018-08-02,1082.752636632137,1082.752636632137,1041.8604688774635,1060.404052734375,1112545
2018-08-03,1061.5598322891688,1078.6584593519026,1061.5598322891688,1067.9658203125,380237
2018-08-06,1068.399315431853,1073.119523568922,1051.926857932911,1059.3924560546875,343219
2018-08-07,1059.585026235765,1072.9268660829605,1059.536931642979,1063.4864501953125,340628
2018-08-08,1063.4865146827906,1085.0645254553638,1063.4865146827906,1078.22509765625,483056
2018-08-09,1086.5575251530743,1099.1286757995035,1079.6700030714076,1082.2708740234375,423755
2018-08-10,1083.71576466858,1096.2387023936392,1077.6469093501616,1081.4520263671875,266920
2018-08-13,1078.5621852697889,1093.348862223126,1068.3511973874297,1083.8603515625,187581
2018-08-14,1088.532315744613,1089.8809633707533,1075.0460746645913,1078.85107421875,269231
2018-08-16,1078.8992025278199,1083.715716824819,1068.6882157363177,1077.7432861328125,291679
2018-08-17,1078.41779715057,1088.67699846206,1078.080664590996,1082.463623046875,251250
2018-08-20,1086.6057639154292,1116.1791184325227,1086.6057639154292,1102.7410888671875,948387
2018-08-21,1103.0798635113952,1121.382239771479,1103.0798635113952,1106.905029296875,607552
2018-08-23,1113.6707880536956,1134.0167204484076,1104.1792756555108,1129.87939453125,506018
2018-08-24,1138.0080230207004,1142.4860462221513,1119.1223229094937,1120.825927734375,534170
2018-08-27,1122.772944661159,1137.7159694618872,1121.45875894483,1128.66259765625,332840
2018-08-28,1136.5478729436236,1156.504388057409,1094.2011213607136,1123.3570556640625,473290
2018-08-29,1117.7593315128465,1135.0874725380352,1114.5468910985362,1117.6134033203125,380024
2018-08-30,1117.0291920759905,1122.3833781563014,1102.9623325440584,1106.272216796875,1085119
2018-08-31,1108.9979318013923,1144.6277021176186,1106.9536299391577,1137.667236328125,819380
2018-09-03,1145.6012267473338,1147.548203598479,1130.7555282573533,1134.79541015625,403355
2018-09-04,1136.5478196930744,1139.322238141362,1079.598742646355,1091.3779296875,472341
2018-09-05,1080.6210179224129,1114.644395383241,1080.6210179224129,1104.6661376953125,927557
2018-09-06,1106.6132304108316,1132.9461461059818,1098.2898548631194,1121.2642822265625,487408
2018-09-07,1124.1846260610143,1134.114161746115,1111.7239250764492,1128.8572998046875,380285
2018-09-10,1123.4057271684362,1128.2244477019617,1106.3209564876724,1113.1353759765625,544672
2018-09-11,1113.6708403937687,1125.3527023559411,1080.5722315009468,1084.12548828125,559801
2018-09-12,1087.191972298518,1106.8076699282874,1063.341504751294,1071.7620849609375,758037
2018-09-14,1079.7934159672348,1112.9407475183475,1078.9173713688122,1106.5157470703125,484881
2018-09-17,1096.1480088511153,1099.8473125424887,1072.784285749493,1080.08544921875,427548
2018-09-18,1081.5456554229752,1101.5994934938933,1081.2049582362292,1085.0015869140625,395140
2018-09-19,1097.997623172522,1099.5551808925923,1077.0188999875259,1089.8690185546875,226160
2018-09-21,1090.3070704359193,1114.8876539435148,1053.3145091175577,1106.7103271484375,837142
2018-09-24,1100.0420407963593,1100.0420407963593,1061.1024995292314,1063.9742431640625,541768
2018-09-25,1064.0230341430747,1083.4928060395628,1051.3676824103575,1071.0321044921875,471914
2018-09-26,1072.8816231694489,1086.413136721589,1040.6104564973352,1047.5709228515625,466939
2018-09-27,1047.9601380239826,1049.4203704503977,1023.3308368981718,1028.441650390625,395613
2018-09-28,1028.149965532903,1031.6545005791002,997.9230982370918,1018.1229858398438,460664
2018-10-01,1012.622641917478,1022.1628762965281,964.7270575331994,1013.5961303710938,556259
2018-10-03,1014.4723288665501,1017.0033751667663,964.2890092287477,969.448486328125,963062
2018-10-04,958.8861205392462,958.8861205392462,932.5532699245927,942.0934448242188,499095
2018-10-05,939.9032214139754,965.7006687132714,933.4782205703956,941.2174072265625,549453
2018-10-08,944.2838091860971,959.8109620556024,922.526365803102,947.0582275390625,613818
2018-10-09,954.0187736596766,955.2842968841875,871.2722473728679,890.0119018554688,844906
2018-10-10,898.5298336597381,934.0621618597169,891.7640770916807,927.5884399414062,340149
2018-10-11,912.01266687702,942.1908100268931,874.7280696430004,934.208251953125,408674
2018-10-12,944.283795476123,976.8469959767191,943.602341678458,966.966064453125,626145
2018-10-15,971.5415041834648,974.851388786169,950.708826920137,962.7314453125,348793
2018-10-16,961.8065616364611,983.2233069360584,956.9877820606481,965.3110961914062,598270
2018-10-17,971.1520236814521,978.258536678551,933.4780693744011,936.6419067382812,325087
2018-10-19,942.3368735737135,960.4437360140025,910.1630903418173,944.867919921875,597298
2018-10-22,950.1247538282123,966.3333607417828,926.955739952281,946.328125,542308
2018-10-23,933.5754240358966,942.9208893939527,873.2191401044831,899.0652465820312,831588
2018-10-24,906.3177956853378,921.6502395973079,884.4629669242364,917.4155883789062,641773
2018-10-25,907.291319056319,923.4025425059419,899.211376059716,908.848876953125,368860
2018-10-26,914.1056034028975,916.052580193958,893.7110096331356,911.4771728515625,257429
2018-10-29,913.1322188886847,939.8058277275088,898.529891294516,936.057861328125,344391
2018-10-30,946.2308433694069,946.2308433694069,905.5390350338392,910.7958374023438,500756
2018-10-31,913.1322314901821,938.3456079175414,891.3260648818159,933.429443359375,936422
2018-11-01,938.2481473197188,963.607509318076,929.681460924447,951.4389038085938,662807
2018-11-02,963.7535973756301,978.3559246085943,953.4833057718497,963.0721435546875,635265
2018-11-05,963.4615013919697,1020.8972587689353,952.1690000670097,1004.542724609375,921453
2018-11-06,1007.5119026500066,1007.5119026500066,963.8023034741476,970.0326538085938,524459
2018-11-07,973.4884259150326,989.015578191781,970.5679606372875,984.82958984375,120829
2018-11-09,987.117441246926,1018.950470960615,973.5372633818687,1014.3751220703125,463676
2018-11-12,1019.1937431398932,1021.7249083210335,988.0908329276606,999.6266479492188,319349
2018-11-13,1001.7195463128967,1039.6855932577005,992.9581508640958,1035.0615234375,536410
2018-11-14,1051.075450865891,1077.651733563263,1036.81393988371,1067.2840576171875,873906
2018-11-15,1059.8367843262477,1084.4660886303716,1048.398295509904,1078.8685302734375,486110
2018-11-16,1079.598768016117,1092.497490898185,1071.8595818204951,1089.236328125,396935
2018-11-19,1092.2540654493055,1102.670344564804,1081.1562731030656,1092.838134765625,452680
2018-11-20,1090.307149515847,1102.9625003584415,1085.4397068840797,1098.1923828125,456389
2018-11-21,1098.6305333679595,1129.149375163957,1098.6305333679595,1124.7686767578125,696374
2018-11-22,1116.6885490396896,1133.8219215603851,1115.8611076448844,1127.54296875,438299
2018-11-26,1129.8306906860503,1137.7159234995179,1114.741619452189,1126.3748779296875,578315
2018-11-27,1126.3261662557668,1149.2031454320938,1116.5425595424865,1139.1275634765625,455108
2018-11-28,1134.2113993930093,1154.84942638049,1124.3791895541922,1128.7598876953125,573934
2018-11-29,1129.343940798088,1163.1240617238911,1098.1923100196407,1153.68115234375,1108481
2018-11-30,1150.6632920430054,1153.681082324704,1124.573755315862,1132.4591064453125,1278530
2018-12-03,1125.4502121495823,1138.0082395867712,1112.1134650875376,1121.2642822265625,366895
2018-12-04,1122.480805955706,1144.8223163821024,1117.5646421825284,1130.5120849609375,464244
2018-12-05,1130.5122039131656,1146.769413773451,1116.7859214654522,1126.3748779296875,677201
2018-12-06,1126.0341801572667,1126.0341801572667,1100.1394079903198,1104.617431640625,576450
2018-12-07,1104.90949976011,1121.166710945427,1093.8117065683964,1109.874267578125,335712
2018-12-10,1085.9262385780214,1098.0948427754442,1077.9436817581222,1093.276123046875,377935
2018-12-11,1089.3335767663043,1106.7590438075688,1075.9481105638586,1091.52392578125,310053
2018-12-12,1104.8121808847495,1125.5474157316548,1083.3954327513504,1121.6048583984375,736378
2018-12-13,1129.1979565032514,1138.981563621827,1117.6135382310877,1131.3883056640625,443696
2018-12-14,1124.3792250584677,1150.663414735159,1124.3792250584677,1136.2557373046875,566718
2018-12-17,1137.1320232161988,1164.6330764884103,1125.4988818435243,1153.8760986328125,691214
2018-12-18,1156.5043683869435,1158.2566952666039,1134.1628542585424,1137.229248046875,442226
2018-12-19,1141.8046653659317,1179.3325750814886,1137.472570316579,1169.15966796875,1641102
2018-12-20,1163.318557604157,1170.1329759332189,1150.4685591458215,1161.0308837890625,620909
2018-12-21,1161.371775365412,1161.371775365412,1107.0510697719535,1112.11328125,979123
2018-12-24,1105.0067946056831,1116.2019125787988,1083.1033029191524,1089.236328125,422796
2018-12-26,1075.704811759617,1084.4662084164827,1058.2307404053763,1074.7313232421875,710367
2018-12-27,1086.6566377721974,1093.373732804969,1071.9082618779516,1084.1741943359375,704527
2018-12-28,1093.4221017237298,1097.5594273419135,1068.890242062466,1072.7354736328125,857279
2018-12-31,1075.7048294932724,1086.4132033615313,1074.0499465199794,1078.479248046875,401950
2019-01-01,1083.2004737258649,1086.413032915949,1066.1158239441374,1072.7354736328125,191084
2019-01-02,1073.855247319866,1086.6079241706193,1059.4476873882427,1078.28466796875,410838
2019-01-03,1073.173669036697,1089.7229723472813,1071.3240172528242,1079.842041015625,261246
2019-01-04,1079.8908842777905,1088.7496062194198,1074.0499530414568,1076.38623046875,272802
2019-01-07,1078.8686420557588,1085.2450393348909,1063.7308481797381,1073.368408203125,225286
2019-01-08,1073.7577254656553,1078.6251675575213,1063.6334221477669,1073.660400390625,211092
2019-01-09,1075.0233707453747,1087.3866268473541,1064.3636006410293,1068.9876708984375,626835
2019-01-10,1065.969876881012,1097.3648801042198,1058.1819691047124,1085.585693359375,847082
2019-01-11,1086.413087918357,1102.9623912289412,1074.3418076191233,1079.842041015625,1029534
2019-01-14,1085.342328140974,1110.5069815363074,1070.837326048598,1104.5687255859375,1001695
2019-01-15,1109.6794801868502,1147.499481757282,1105.5907574986188,1137.91064453125,1538604
2019-01-16,1133.627391266451,1140.6364611369693,1119.706457777391,1123.40576171875,408227
2019-01-17,1126.2773722474683,1134.746792743702,1118.246092837646,1121.0206298828125,323531
2019-01-18,1121.4586211623243,1131.77757429163,1110.1174576936596,1118.343505859375,289024
2019-01-21,1119.5116574689034,1137.034448629286,1113.6707270821091,1124.525146484375,329568
2019-01-22,1129.2466182352794,1136.547781715249,1115.0823135505223,1122.237548828125,553067
2019-01-23,1129.83070411947,1131.1448897983332,1098.5817477336425,1101.4534912109375,544213
2019-01-24,1080.62096638137,1109.2414334636971,1062.075962761044,1079.939453125,2220551
2019-01-25,1089.333688228243,1107.4405515043688,1079.744849770703,1099.847412109375,1102595
2019-01-28,1101.9889560706386,1104.9094215019213,1068.9876729303367,1072.7843017578125,428568
2019-01-29,1071.4702554272053,1090.209911048395,1062.3194387856308,1076.5323486328125,313627
2019-01-30,1070.837345621078,1088.3601385494228,1043.7257147737532,1080.6695556640625,1000557
2019-01-31,1076.7755792425476,1095.1745352007283,1062.56267126364,1090.063720703125,1103140
2019-02-01,1091.231910153168,1113.6708680973145,1083.0059796837957,1093.032958984375,944639
2019-02-04,1084.4661503102386,1103.8871976587488,1067.040683015106,1091.4752197265625,740899
2019-02-05,1095.7100355850587,1104.130616095668,1086.3644508591715,1089.625732421875,360603
2019-02-06,1090.3558400140869,1102.2323521592882,1084.5635121489895,1095.174560546875,242917
2019-02-07,1090.3070121008693,1136.9371304030612,1090.3070121008693,1132.7998046875,683439
2019-02-08,1129.295413001062,1136.1584358142877,1111.8212226452983,1119.609130859375,504854
2019-02-11,1119.5117057567122,1131.0962419570023,1087.6299593536407,1095.7099609375,296657
2019-02-12,1097.1215886325492,1112.6000802425337,1079.1120505760255,1105.7369384765625,667613
2019-02-14,1100.0908106736947,1101.8917407689335,1081.6431308944298,1083.8822021484375,290641
2019-02-15,1084.3687910838141,1088.2140228669261,1051.5135564155773,1067.0406494140625,565406
2019-02-18,1067.8680991807119,1075.7047286743532,1018.4635607370708,1051.1241455078125,1090272
2019-02-19,1051.2700773191862,1064.0227507479883,1024.255776007881,1028.2957763671875,570531
2019-02-20,1028.4904807409503,1055.942805717413,1028.4904807409503,1046.4512939453125,385171
2019-02-21,1046.5974407919366,1054.2880235486198,1037.884766431962,1045.4779052734375,267663
2019-02-22,1042.995611503589,1058.0359614224003,1037.2520055381174,1048.155029296875,289402
2019-02-25,1048.5444820090358,1082.3246056262628,1047.473668382518,1076.38623046875,672893
2019-02-26,1074.7312406281562,1101.9889170208992,1051.3675180058049,1096.7320556640625,474694
2019-02-27,1093.7629666053333,1123.405641590284,1084.5148265749106,1116.8345947265625,1053018
2019-02-28,1119.5118511323637,1131.096388836979,1110.1176627017032,1121.8968505859375,628267
2019-03-01,1120.485267010332,1128.0298029089681,1102.0863105358815,1113.81689453125,359987
2019-03-05,1119.5116824372428,1123.8923803250407,1106.0774947143816,1112.015869140625,282747
2019-03-06,1116.5424589709962,1138.689319795775,1106.6616469010128,1111.7724609375,944322
2019-03-07,1114.1574347546289,1119.41429569721,1100.041853449306,1103.8870849609375,310567
2019-03-08,1106.3208833944539,1109.7280929137887,1082.7137888676327,1094.687744140625,442801
2019-03-11,1095.7099001837068,1111.383039428465,1094.4930397014425,1107.975830078125,390822
2019-03-12,1114.7903750833887,1118.927701191842,1098.09502360835,1101.74560546875,696383
2019-03-13,1103.984699174071,1150.6634259856394,1101.161558710681,1145.2119140625,1467625
2019-03-14,1158.4514781051791,1158.4514781051791,1131.291121364304,1138.9329833984375,1351930
2019-03-15,1139.9550327283987,1162.199221171533,1129.2466592356468,1134.5521240234375,718477
2019-03-18,1136.547836223565,1150.371325541659,1130.220160904119,1144.189697265625,325288
2019-03-19,1144.092378502219,1158.4513341141378,1139.0788888776885,1145.2119140625,436846
2019-03-20,1150.6634270186028,1155.5308696032837,1134.1141222306871,1145.5526123046875,434584
2019-03-22,1143.8489773907238,1168.186189675633,1143.8489773907238,1153.5838623046875,668502
2019-03-25,1145.7959990992329,1153.5839073344018,1136.0611138052716,1148.2784423828125,222241
2019-03-26,1142.972923152037,1207.1258446293941,1142.972923152037,1194.032470703125,2027145
2019-03-27,1197.3908577713312,1204.253999245834,1181.3770194428857,1191.5499267578125,900753
2019-03-28,1192.5233536214641,1210.5328899822782,1184.735446005977,1193.4481201171875,739727
2019-04-01,1216.8606613186946,1232.4364777835738,1212.6260099841154,1219.4404296875,526908
2019-04-02,1226.5467795551056,1231.4629439797095,1209.072708634624,1224.745849609375,381462
2019-04-03,1230.0512822265491,1262.6144207959633,1219.342910114941,1243.1446533203125,1154984
2019-04-04,1250.8839270913768,1260.1807892540974,1230.002647526112,1253.950439453125,1011307
2019-04-05,1254.8266304560786,1261.5923277492038,1246.259884436804,1252.490234375,273778
2019-04-08,1250.9326330879483,1255.0212369620917,1238.3746085687405,1250.8839111328125,343351
2019-04-09,1244.6538067657464,1244.9945039842178,1230.1488039112523,1240.857177734375,318969
2019-04-10,1236.3304159530467,1252.1008823867028,1236.3304159530467,1248.1583251953125,274600
2019-04-11,1247.0388527349494,1261.2031589003377,1236.3792004735296,1243.485595703125,396839
2019-04-12,1246.8440546114612,1259.6940546211213,1243.4854481576815,1255.9947509765625,327863
2019-04-15,1250.2024406272658,1277.800812182074,1246.0651150499514,1266.313720703125,617495
2019-04-16,1265.5350643960471,1268.4555299292688,1253.3664580076236,1257.5037841796875,209130
2019-04-18,1250.8839083583125,1268.1633279599168,1218.9048372567981,1222.2147216796875,487810
2019-04-22,1216.8606555343274,1218.7589106233415,1191.0632096369998,1197.3421630859375,292709
2019-04-23,1193.3022932895815,1197.3908976014297,1163.318798889194,1174.8546142578125,749531
2019-04-24,1180.841646042732,1194.957230434834,1177.921180306435,1189.5543212890625,387858
2019-04-25,1191.063281146194,1205.4709597063495,1173.0537423630271,1176.071533203125,857055
2019-04-26,1185.514385937825,1197.2448514889065,1175.9741507573326,1189.0189208984375,341399
2019-04-30,1191.5498399455616,1210.046120140795,1179.478559630286,1201.8201904296875,506068
2019-05-02,1196.417306406605,1221.7280061353044,1192.7180027587947,1196.22265625,1283973
2019-05-03,1205.6167126796515,1205.6167126796515,1161.9071767294204,1169.6463623046875,624114
2019-05-06,1168.1860619408321,1168.1860619408321,1146.7693174719168,1156.358154296875,612571
2019-05-07,1157.8184815786228,1168.0888324135335,1142.875457414164,1147.4508056640625,345642
2019-05-08,1147.0614357289576,1151.8314338486584,1127.0074795085231,1133.481201171875,422536
2019-05-09,1136.0610512638461,1147.402215773777,1123.843723358883,1128.7598876953125,307441
2019-05-10,1129.2468099023868,1147.499721700378,1122.4323894978033,1136.888671875,303672
2019-05-13,1136.2557283607377,1142.9728227698283,1119.5604956721581,1123.84375,214577
2019-05-14,1119.5116469356085,1126.5694377532461,1101.3074616016597,1108.9979248046875,537325
2019-05-15,1069.8638097675953,1147.450791932321,1065.9698559558842,1133.676025390625,2844997
2019-05-16,1124.6711509081306,1138.6892882382012,1114.6928952086682,1123.259521484375,550396
2019-05-17,1126.7156320880936,1143.6543560318432,1117.9542354448488,1131.3883056640625,619197
2019-05-20,1148.7165184303103,1197.3909471773572,1140.5391906339955,1184.735595703125,759417
2019-05-21,1185.7090012982783,1185.7090012982783,1154.6546941641334,1168.0401611328125,528609
2019-05-22,1172.9561909120587,1183.7131663764787,1151.1987490504343,1179.478515625,401367
2019-05-23,1184.3949027970216,1197.3909515531657,1163.7568736324201,1167.796875,511235
2019-05-24,1175.9741908477051,1216.8607107281719,1153.8273259124524,1204.7894287109375,993693
2019-05-27,1202.0636391938217,1208.9266617719215,1184.6381713950095,1196.4173583984375,500765
2019-05-28,1201.2848396898623,1241.1978692095418,1192.1340237892725,1232.58251953125,1320148
2019-05-29,1230.9274360594038,1241.197786848907,1216.9092972986957,1237.3038330078125,516483
2019-05-30,1236.1358739353343,1248.0611093058028,1226.5956381053363,1235.06494140625,660117
2019-05-31,1234.383422782779,1266.8979625755699,1230.5867938512595,1255.45947265625,1080171
2019-06-03,1263.2959760189722,1269.6236512544594,1248.4016733035598,1261.3489990234375,595015
2019-06-04,1258.5259353315844,1258.769307447882,1239.737560419796,1245.5784912109375,659730
2019-06-06,1252.8796784732042,1252.8796784732042,1227.568977897988,1236.5250244140625,537351
2019-06-07,1231.9983803215853,1232.8258217539947,1212.9666332059649,1222.409423828125,719114
2019-06-10,1231.268241494024,1257.5524296952663,1228.0556820691454,1249.4237060546875,602858
2019-06-11,1248.0122397119305,1270.2078247380846,1248.0122397119305,1254.4859619140625,543616
2019-06-12,1260.6675634799496,1260.7162854368664,1241.4898882332147,1245.919189453125,485348
2019-06-13,1238.2774004615624,1238.2774004615624,1214.037512487604,1217.73681640625,866196
2019-06-14,1216.9091834171027,1217.736624764093,1205.6166232674834,1211.01953125,807664
2019-06-17,1211.0195927733355,1221.7279653782443,1202.4042440352841,1209.121337890625,521993
2019-06-18,1209.4134323002072,1212.6745950571828,1199.3378499412922,1204.984130859375,452457
2019-06-19,1208.1479172675215,1229.126522565755,1203.2317529439636,1212.382568359375,473742
2019-06-20,1212.0904002311247,1227.9095869550556,1202.306912973053,1218.466796875,571910
2019-06-21,1208.1965121093892,1217.4933744988737,1179.8680214986314,1200.311279296875,744514
2019-06-24,1194.470456954862,1199.7273189185398,1182.9346413452135,1193.7890625,201599
2019-06-25,1192.5233062206723,1208.1478427868103,1188.629352567707,1200.8466796875,365236
2019-06-26,1195.4438030498063,1207.125664317394,1183.0805474085578,1193.496826171875,654584
2019-06-27,1191.7932256292263,1199.3377610579594,1184.5407842668337,1190.722412109375,583606
2019-06-28,1193.4967681444969,1199.1916514687553,1177.0447905590593,1182.2529296875,453474
2019-07-01,1184.7353153895515,1189.602757112598,1167.7479913097293,1174.4649658203125,385209
2019-07-02,1179.8679974012139,1184.0053232996918,1169.3056715213193,1177.9210205078125,625099
2019-07-03,1184.0540622018505,1193.4968527363767,1182.058363323936,1188.5806884765625,526010
2019-07-04,1187.6559683712665,1209.2673655080107,1187.6559683712665,1194.3243408203125,755871
2019-07-05,1196.9039911046796,1205.6653867288699,1168.2348051791364,1174.2703857421875,785473
2019-07-08,1173.053737090703,1173.053737090703,1148.7165226282402,1167.796875,248508
2019-07-09,1168.1861185921248,1168.1861185921248,1137.1318138394101,1146.5260009765625,419030
2019-07-10,1147.0126850475551,1156.260824668138,1141.9018710467067,1151.880126953125,195181
2019-07-11,1152.6590385366235,1162.3452010114368,1142.5833380837407,1155.8228759765625,308722
2019-07-12,1152.7563349435761,1162.8319163118276,1148.5216840884023,1153.8271484375,170431
2019-07-15,1154.5573113897956,1175.9253355130143,1149.2518468263845,1169.9384765625,372252
2019-07-16,1169.1596799953818,1193.4968923183496,1160.447005517377,1185.708984375,292887
2019-07-17,1192.5234403798365,1207.0284431357559,1192.5234403798365,1196.6607666015625,499648
2019-07-18,1196.4172649389618,1202.7449396518205,1183.956565663103,1195.2977294921875,531894
2019-07-19,1196.4172092439503,1197.78011673162,1160.44686143048,1163.6593017578125,468517
2019-07-22,1157.818367524289,1168.5267395797832,1144.8223215691996,1166.4337158203125,238547
2019-07-23,1172.0799669096302,1178.8943853218955,1156.504153395881,1174.4649658203125,381708
2019-07-24,1174.2705469512475,1215.8871818794678,1151.1501942133473,1200.0679931640625,629591
2019-07-25,1205.1786779841545,1211.262980679955,1187.6558862202492,1201.8201904296875,529053
2019-07-26,1201.2846823105215,1220.7544502572073,1193.496775131847,1210.9222412109375,641034
2019-07-29,1212.3901991742787,1219.5339230272568,1197.3686804147187,1214.151611328125,340985
2019-07-30,1217.3809847687796,1224.0355266810454,1198.7875452908,1202.4083251953125,517788
2019-07-31,1206.5673811684956,1218.359583961224,1189.8333095695962,1214.0537109375,524318
2019-08-01,1216.8427641154547,1217.8703441296464,1172.7078321852946,1185.4786376953125,743010
2019-08-02,1182.7875625491984,1242.2376456778507,1160.7200353494088,1229.809326171875,1054407
2019-08-05,1222.2740471803197,1250.4088581142141,1213.809114955512,1245.760498046875,1115406
2019-08-06,1242.6291251436369,1295.3756883183303,1239.9868275205902,1280.6966552734375,1783908
2019-08-07,1291.7548513224503,1292.586639266875,1256.9166383148022,1262.2989501953125,1043113
2019-08-08,1268.9045838565792,1304.476750420887,1258.4824463925436,1300.41552734375,883898
2019-08-09,1310.250425877072,1329.5778180939753,1305.748879935928,1322.825439453125,964952
2019-08-13,1320.1342857015711,1341.6635327626789,1308.6846884569259,1315.339111328125,733999
2019-08-14,1320.1342121997468,1330.8009988141398,1302.7150473095808,1318.3726806640625,532645
2019-08-16,1326.0058537951572,1343.6206917053512,1311.326822203329,1340.1466064453125,457314
2019-08-19,1340.6849650582528,1354.3853953581183,1326.8377205420918,1339.80419921875,515584
2019-08-20,1340.6848561409506,1354.3363074402487,1331.7306231736122,1341.859130859375,710199
2019-08-21,1342.6423162177591,1348.4649519486547,1331.877691233506,1337.0643310546875,329601
2019-08-22,1340.000052006701,1340.048910442164,1316.7582495526692,1332.2200927734375,391405
2019-08-23,1330.8498751338275,1344.599282391368,1326.0548204211682,1330.605224609375,337283
2019-08-26,1340.684937429223,1359.963351884861,1318.1770881147177,1356.68505859375,327470
2019-08-27,1360.2571382682006,1370.0431608456697,1339.9511414199524,1342.4954833984375,716166
2019-08-28,1346.5566319557208,1358.299858397195,1333.981617532964,1348.8563232421875,423936
2019-08-29,1343.5718215238621,1355.3640256312563,1329.284253520776,1344.7462158203125,400836
2019-08-30,1348.4647433034072,1352.9174307321614,1335.596220993617,1348.2200927734375,427560
2019-09-03,1347.4373820408678,1352.085742452814,1316.2689261176833,1319.7918701171875,328575
2019-09-04,1323.0211238323955,1335.0090001238948,1306.4828431274736,1331.5350341796875,391782
2019-09-05,1332.807148334618,1343.5717719678623,1327.033491225221,1340.048828125,291419
2019-09-06,1340.7827582741156,1347.3883226705968,1330.2627853463862,1342.7889404296875,182002
2019-09-09,1344.5993280493915,1350.9602419011535,1336.8683473225194,1345.2843017578125,210738
2019-09-11,1349.4923474105583,1353.3577780697974,1336.7705196249622,1345.4801025390625,386590
2019-09-12,1344.599365122202,1358.9359106288784,1335.8897820241523,1342.1038818359375,447645
2019-09-13,1345.4800724539264,1351.4495214666515,1336.3790249967317,1348.0244140625,374292
2019-09-16,1334.8134577229332,1335.7920599646654,1307.0701080614772,1330.0672607421875,513106
2019-09-17,1327.3760484449303,1327.3760484449303,1287.8404956591787,1294.0057373046875,730346
2019-09-18,1279.2286379153002,1297.1371044166945,1264.3539335393205,1281.72412109375,1262241
2019-09-19,1277.075955256383,1283.7304984387338,1264.4031037135892,1266.849609375,298617
2019-09-20,1272.1828468139975,1391.5723139765416,1260.4396205357143,1378.6058349609375,1553642
2019-09-23,1404.2940374623647,1460.0743581141799,1399.401026878872,1449.6522216796875,947082
2019-09-24,1460.7594077971928,1461.5423373145838,1419.756072541259,1425.627685546875,454330
2019-09-25,1425.6275885165421,1425.6275885165421,1380.9054008259955,1407.914794921875,352260
2019-09-26,1411.3399621747287,1430.5206597349493,1407.1320446368074,1422.9853515625,392306
2019-09-27,1418.875285229405,1457.9215350175875,1409.6274232105281,1445.19970703125,538268
2019-09-30,1445.3952071496212,1445.3952071496212,1400.4773498062655,1412.856689453125,426995
2019-10-01,1419.2177485018237,1435.8539848228243,1396.7098993616466,1408.453125,424063
2019-10-03,1413.982260516953,1416.9180669463776,1348.07343006802,1363.339599609375,435985
2019-10-04,1364.122424947985,1368.3794398850105,1334.8133382154915,1338.5809326171875,503733
2019-10-07,1338.727712069912,1348.8073617788918,1324.1465164605381,1336.7705078125,212755
2019-10-09,1342.4465328836177,1346.5566143009355,1305.455322294657,1307.9508056640625,1136102
2019-10-10,1307.4125234611536,1340.1467188737834,1294.6906950143011,1329.7735595703125,609318
2019-10-11,1334.9601756926406,1352.4282005563632,1332.0732276127267,1336.6727294921875,372552
2019-10-14,1340.7338521555598,1355.168233101139,1329.920251189295,1333.1007080078125,371171
2019-10-15,1339.706267010632,1359.8165878305103,1322.6297082494993,1349.7369384765625,399563
2019-10-16,1350.4709398839825,1355.2661142143545,1328.9906709060915,1331.7796630859375,562026
2019-10-17,1331.8775494950523,1345.4311656184652,1324.0487321578294,1328.1588134765625,1002807
2019-10-18,1330.8990516902516,1348.5138920802694,1315.2414157880132,1322.5809326171875,826406
2019-10-22,1331.388120818694,1352.42806539613,1315.2901644950762,1321.3084716796875,1264508
2019-10-23,1329.5779158135806,1333.2476740991635,1292.7335187346728,1296.892578125,803210
2019-10-24,1306.4339705150223,1338.6788660489167,1303.0088627271552,1333.63916015625,544438
2019-10-25,1339.6085166207772,1350.373140347872,1304.476675292513,1310.1036376953125,957873
2019-10-27,1321.1129505487834,1325.9081251498376,1316.6602628210312,1322.091552734375,80658
2019-10-29,1328.9417146004846,1337.2598328435658,1322.287172222712,1331.5350341796875,667979
2019-10-30,1344.5992951539015,1344.5992951539015,1320.3299151145425,1335.987548828125,532190
2019-10-31,1337.3087115706003,1383.7433321834083,1337.3087115706003,1371.608642578125,1316249
2019-11-01,1378.8504670710092,1393.969822918819,1363.290668568688,1368.036865234375,695464
2019-11-04,1377.871857089499,1377.871857089499,1355.364007151247,1369.5047607421875,461969
2019-11-05,1374.9360713014357,1374.9360713014357,1347.5352100940052,1359.082763671875,425650
2019-11-06,1366.9114988798165,1367.4986362644072,1339.3148472213782,1341.7613525390625,485868
2019-11-07,1350.4707953438112,1356.1955933019872,1337.1618316871463,1353.01513671875,331074
2019-11-08,1352.5259534798838,1358.9847035196772,1316.7091401153339,1325.174072265625,422960
2019-11-11,1330.8988213483249,1331.9264013098762,1289.7975342184502,1292.8311767578125,540826
2019-11-13,1292.73350492633,1317.5900246734952,1286.4704269608453,1295.6693115234375,1386806
2019-11-14,1289.797571033271,1321.01500199318,1279.766899483126,1315.6326904296875,1435858
2019-11-15,1316.2200346430654,1316.2200346430654,1286.2258515976469,1288.4766845703125,699645
2019-11-18,1291.216660479069,1294.6417682731637,1273.1614971763672,1277.320556640625,563361
2019-11-19,1277.0758375260768,1278.0544397004262,1260.4396005621356,1270.3724365234375,694313
2019-11-20,1272.2805382880579,1304.476570560383,1272.2805382880579,1299.681396484375,867482
2019-11-21,1302.079103546547,1305.9445341520757,1268.2683523874784,1271.9381103515625,494379
2019-11-22,1275.118654899737,1288.280806585653,1260.8799452370783,1270.1278076171875,415673
2019-11-25,1277.9565582137034,1278.1522308583492,1250.6535346225432,1272.5252685546875,633584
2019-11-26,1275.1185003003607,1295.864816451337,1267.4364979238946,1277.662841796875,1030141
2019-11-27,1285.5896151827194,1293.5163882784723,1278.0544263025295,1285.1492919921875,365347
2019-11-28,1285.1492276998836,1299.0943078405448,1276.7332734013835,1282.555908203125,619223
2019-11-29,1283.9259491318112,1291.7547658948101,1272.182723987313,1275.1185302734375,289052
2019-12-02,1281.9687183786807,1296.5009353022372,1262.3966768767161,1291.9993896484375,488429
2019-12-03,1297.0391701125102,1302.5193176550197,1287.3999638922894,1293.3204345703125,416328
2019-12-04,1291.7549252254028,1299.5347650599263,1285.0515239369115,1292.097412109375,237371
2019-12-05,1291.6568754915043,1296.6477220772822,1279.5711640113414,1282.8983154296875,310467
2019-12-06,1284.8067386868875,1309.3696278437226,1280.158378647831,1287.5467529296875,639145
2019-12-09,1290.6783910652896,1306.4338616853468,1285.8832166700715,1298.702880859375,345045
2019-12-10,1298.9474778553804,1303.3023288897955,1289.3082710300346,1291.314453125,231499
2019-12-11,1292.6844170016536,1304.4766202796106,1291.852629094929,1301.88330078125,178858
2019-12-12,1301.5407793974337,1311.3268002951588,1295.3266800190308,1302.568359375,349820
2019-12-13,1309.2717669243495,1309.2717669243495,1290.4825350234944,1296.1094970703125,287140
2019-12-16,1296.1095370820349,1306.8253020291274,1284.6599399992278,1287.1064453125,209369
2019-12-17,1292.6355824652642,1302.6662543370028,1280.0115910472273,1299.143310546875,323935
2019-12-18,1300.3666886590051,1343.6208593635813,1299.3391085360488,1335.4984130859375,993482
2019-12-19,1340.5872203228905,1354.3854878902318,1337.7492499609443,1347.339599609375,1005159
2019-12-20,1347.6329216399386,1355.5595747207685,1344.5992790359498,1348.0733642578125,558189
2019-12-23,1346.556618119539,1357.0276138056179,1332.5137005358924,1347.633056640625,244310
2019-12-24,1350.4710208239412,1358.1530241159587,1335.7919879888984,1347.4373779296875,222884
2019-12-26,1354.4831238100912,1366.1285125291772,1347.5350728887372,1360.354736328125,577261
2019-12-27,1368.0857938005654,1376.1102835774614,1360.7462777394035,1368.3304443359375,454312
2019-12-30,1372.0001355517184,1379.241814937724,1365.1988987828952,1376.5506591796875,216539
2019-12-31,1370.9726776394673,1376.746454398815,1355.5108348551864,1357.223388671875,274758
2020-01-01,1358.348818233356,1381.786292911253,1357.3212381500764,1375.278564453125,252523
2020-01-02,1374.9360384042673,1380.8076513796593,1365.639317859897,1369.1134033203125,206412
2020-01-03,1365.6392676689711,1372.8809472974574,1361.7738370522118,1367.7432861328125,243932
2020-01-06,1357.6637387074845,1365.0522331031304,1352.379262934159,1358.0062255859375,789499
2020-01-07,1360.3548328446964,1401.211472848108,1360.2569965207736,1369.7493896484375,863685
2020-01-08,1362.3120235967444,1377.1868478913627,1359.2783808357053,1373.51708984375,259791
2020-01-09,1380.3672933561659,1394.9483696438174,1376.9910443055524,1384.1348876953125,510894
2020-01-10,1389.6149706687079,1402.189983659515,1378.9971618619413,1384.8687744140625,2584478
2020-01-13,1389.5171665026614,1403.7068971652852,1384.8198285689691,1394.997314453125,297267
2020-01-14,1394.9973128621502,1401.0645981828393,1386.6791948969953,1396.660888671875,285820
2020-01-15,1396.2694437626587,1407.914712516318,1384.8197281761832,1401.4071044921875,392459
2020-01-16,1400.624176530652,1424.8445771379068,1399.4499018602698,1421.5662841796875,569179
2020-01-17,1422.3981442799707,1424.0617200572265,1403.5110760738214,1416.8690185546875,489591
2020-01-20,1418.9730474958085,1433.6520790216273,1407.425494912192,1409.5784912109375,326309
2020-01-21,1408.4530459206987,1409.1869974818871,1382.2754402383096,1384.477294921875,235201
2020-01-22,1393.1868815581258,1414.0310342840367,1388.4406853397215,1397.9820556640625,348810
2020-01-23,1398.4715221093736,1416.0373838212893,1389.6151244134282,1413.4930419921875,208565
2020-01-24,1409.1870272821625,1430.2269724811672,1405.3704551916205,1426.410400390625,501998
2020-01-27,1426.9975455789522,1449.994695108518,1419.9516581872422,1445.1016845703125,767088
2020-01-28,1442.4595192337165,1447.4503661345273,1421.028108997953,1430.3248291015625,306007
2020-01-29,1434.8263421928189,1477.5913253682247,1434.8263421928189,1464.6737060546875,634978
2020-01-30,1502.1541274872072,1511.9401478617167,1463.0100459891692,1488.306884765625,2558856
2020-01-31,1497.0654992985328,1505.0899885151139,1473.0407706192295,1479.6953125,769665
2020-02-03,1453.7132756940703,1540.711017666638,1453.7132756940703,1530.38671875,1152095
2020-02-04,1536.4052989962167,1540.3197074013026,1512.821012247227,1523.6834716796875,602331
2020-02-05,1525.298247597167,1528.5765408706325,1509.1023344160303,1517.762939453125,453158
2020-02-06,1518.1054972337652,1525.3960351517458,1490.9003108604231,1517.2247314453125,734417
2020-02-07,1508.0259657622105,1546.0936146169738,1508.0259657622105,1525.54296875,532132
2020-02-10,1525.542932179082,1547.952945550358,1513.89754257531,1542.22802734375,400881
2020-02-11,1552.063046212328,1564.7848744599698,1540.3687980295354,1549.4697265625,553412
2020-02-12,1549.4697534614659,1563.806299434924,1546.5829247846175,1555.2435302734375,330061
2020-02-13,1555.9774791877078,1558.913285752213,1541.3962826923441,1544.2342529296875,245969
2020-02-14,1548.2464738463805,1572.6136918431341,1544.821366241246,1549.4697265625,492096
2020-02-17,1548.2465127693056,1571.6351291811536,1541.3962973868224,1544.625732421875,361953
2020-02-18,1570.656423196458,1570.656423196458,1533.9588432152325,1546.0445556640625,372394
2020-02-19,1549.0294070871205,1564.589205565172,1542.864165599767,1559.647216796875,230133
2020-02-20,1556.0751581909399,1563.6104659529587,1538.0688558574789,1541.5919189453125,269015
2020-02-24,1542.276919348682,1550.0567583095526,1518.301167747132,1522.215576171875,292191
2020-02-25,1516.931215666986,1543.255638206552,1516.931215666986,1522.851806640625,306941
2020-02-26,1516.8332915489377,1529.5061412659913,1493.542513224428,1502.8392333984375,333649
2020-02-27,1503.132900811203,1530.3380883357554,1492.368277172581,1519.818115234375,694155
2020-02-28,1516.8333438883965,1516.8333438883965,1463.5973626370462,1480.722900390625,870565
2020-03-02,1497.2612367604183,1526.619300226309,1478.765632885254,1499.952392578125,512147
2020-03-03,1500.294934261617,1521.6773673758003,1484.5884414082643,1505.67724609375,421051
2020-03-04,1507.1450712832186,1553.0415336942542,1500.7352991990736,1548.001708984375,1637076
2020-03-05,1573.5923823688427,1609.8006647989716,1558.0325830545098,1594.8280029296875,1515933
2020-03-06,1535.524560328962,1625.6537915559873,1535.524560328962,1618.4122314453125,1594839
2020-03-09,1633.2870042934023,1653.8376496440085,1573.6901088849907,1604.3692626953125,1681937
2020-03-11,1587.537360607517,1673.311864176933,1586.2651300109612,1663.3790283203125,1821510
2020-03-12,1634.3634099186213,1639.1585842956774,1552.7969454514425,1558.0814208984375,1831680
2020-03-13,1449.8123323215548,1542.4036888727906,1331.9106926806378,1497.779052734375,2482364
2020-03-16,1476.3513631501164,1489.1293709536794,1432.9061846123227,1455.3167724609375,1162178
2020-03-17,1449.5174200451766,1564.8144091129548,1444.7011902771196,1532.3287353515625,1379567
2020-03-18,1538.3247836255862,1570.6628773447924,1449.812456506895,1470.748779296875,1335137
2020-03-19,1415.7048818927283,1472.3212561685334,1305.3225157377574,1421.0125732421875,1545810
2020-03-20,1434.0856082313378,1517.5849244722842,1398.7986251282803,1475.9090576171875,998248
2020-03-23,1332.844531082702,1438.0173664999948,1193.2693663233038,1249.4925537109375,1000416
2020-03-24,1237.009539549547,1326.6521375678722,1213.026176049001,1253.3260498046875,901892
2020-03-25,1243.398355071056,1293.8223837888072,1165.3051229781033,1249.3941650390625,1056197
2020-03-26,1292.495386423001,1306.1089747624337,1231.2101217506897,1246.2489013671875,1049328
2020-03-27,1291.5614778555353,1302.3244421766865,1239.6139949237222,1276.965087890625,1044835
2020-03-30,1253.2276716057327,1276.7686453643207,1208.3081081550467,1261.28759765625,660018
2020-03-31,1297.4591070310214,1344.688632368397,1256.127123089241,1333.237548828125,1146702
2020-04-01,1331.8616225367402,1350.930366443283,1267.9715816032435,1275.14697265625,641314
2020-04-03,1276.8177687747982,1278.1938858252936,1175.9698304345477,1195.1368408203125,1310117
2020-04-07,1226.6886814466882,1282.7153279550705,1198.380433111293,1274.1639404296875,986918
2020-04-08,1274.1639661690415,1361.0543202048168,1261.7299580903345,1281.093505859375,894271
2020-04-09,1315.151711310534,1344.6394178421601,1295.6407028192648,1325.6689453125,602378
2020-04-13,1327.438353716927,1385.922309323115,1294.5596065007069,1354.2230224609375,1016602
2020-04-15,1380.5654550595,1464.9494260760787,1376.0931044756355,1449.8123779296875,1706028
2020-04-16,1454.7268637558714,1469.3724487462464,1441.309933211236,1450.5986328125,1028033
2020-04-17,1485.2467533987367,1492.9134854853235,1432.4146099120967,1445.880615234375,761923
2020-04-20,1445.9789526607913,1473.3042780333242,1421.307593125822,1440.818603515625,618633
2020-04-21,1411.9698075529238,1458.6094862334307,1397.8156831528675,1450.5003662109375,1079420
2020-04-22,1450.5003776983692,1520.5828817148392,1432.2180218636631,1511.9822998046875,1431177
2020-04-23,1522.0079364726503,1556.9509169787025,1505.0034308986349,1512.9158935546875,1389921
2020-04-24,1505.9372513563967,1549.8740090787674,1474.5328897511147,1479.49658203125,1241873
2020-04-27,1498.9586522771879,1531.3951345887597,1479.447640702085,1514.1939697265625,922147
2020-04-28,1540.6345730732041,1546.2863841343162,1498.9093915957749,1527.9056396484375,773625
2020-04-29,1533.360922606395,1540.8311184885995,1483.7724715330912,1491.881591796875,571058
2020-04-30,1513.702446138773,1516.307217851691,1480.7253091392872,1500.9244384765625,814819
2020-05-04,1454.7269413155113,1495.5182710888853,1395.9480615031757,1400.3221435546875,817464
2020-05-05,1410.4954327331188,1426.3204794446726,1358.4496736450553,1369.6549072265625,1202048
2020-05-06,1372.25966860121,1425.2884709240977,1352.699464185236,1406.1214599609375,1106858
2020-05-07,1409.5124415992298,1418.2112914571296,1323.5558208223797,1329.94482421875,1641647
2020-05-08,1350.340403707933,1365.2807934824702,1328.7160858845966,1344.9833984375,944410
2020-05-11,1356.4346038264562,1364.6911862816892,1335.2034775028533,1353.9281005859375,660493
2020-05-12,1346.6052903256937,1356.287063488907,1312.9401580675512,1332.8443603515625,667688
2020-05-13,1376.0930925921862,1376.0930925921862,1338.7911885408805,1361.6932373046875,549109
2020-05-14,1353.485810800023,1353.485810800023,1318.493754285576,1337.7098388671875,665374
2020-05-15,1342.6245359888107,1361.3492798540472,1332.402225832698,1349.7999267578125,539398
2020-05-18,1346.6053489097953,1352.552084758787,1307.2884044160787,1319.722412109375,770105
2020-05-19,1336.677821087181,1360.2679873715847,1307.6815750292683,1339.2333984375,626691
2020-05-20,1339.8231480152483,1353.4858101834673,1323.2609091935315,1346.70361328125,398920
2020-05-21,1346.605292818263,1400.6168950723884,1339.135097672779,1395.2108154296875,1053188
2020-05-22,1395.2108638099014,1405.3842191152937,1366.2638116227151,1373.832275390625,636203
2020-05-26,1381.0077112280146,1414.4271149160948,1376.5845548575335,1388.3304443359375,793658
2020-05-27,1382.5311781854134,1403.46737797459,1371.178363098776,1378.84521484375,571770
2020-05-28,1381.9907045512996,1410.4462973085865,1378.845396745788,1401.01025390625,915630
2020-05-29,1401.6490875942598,1460.4770424838584,1393.1959684264039,1443.3250732421875,1574175
2020-06-01,1462.5902876563684,1478.317064942996,1441.4082365041265,1447.993896484375,924436
2020-06-02,1458.3637973399464,1484.2147377871145,1446.6671016864225,1465.3426513671875,731527
2020-06-03,1474.3853622650572,1506.772646061831,1466.1779744122725,1484.362060546875,751253
2020-06-04,1489.1291485741338,1502.8408838290677,1462.1970198436893,1471.2890625,590079
2020-06-05,1480.7250746182435,1492.077889160516,1460.6735309896906,1482.5435791015625,687596
2020-06-08,1493.8474170818274,1496.9927247797573,1464.5562442034395,1466.8170166015625,600567
2020-06-09,1481.0695053925083,1481.0695053925083,1433.3977050979688,1442.2440185546875,896313
2020-06-10,1443.0300868785162,1458.6094016575857,1425.2391940397297,1429.9080810546875,712634
2020-06-11,1430.3012902451355,1432.6111366913563,1386.9051896202427,1393.09765625,623048
2020-06-12,1366.2639836038845,1419.3418649813018,1360.759634717462,1405.630126953125,913916
2020-06-15,1424.2564558442095,1444.0131984188008,1398.2581717080418,1407.49755859375,714226
2020-06-16,1419.3909187255883,1438.066467732821,1388.3796301429447,1406.8094482421875,1626082
2020-06-17,1411.4784461497457,1447.846623383409,1402.4355960211024,1407.6942138671875,1357107
2020-06-18,1407.694031899371,1420.2753817569696,1359.4815822099793,1367.3941650390625,1798008
2020-06-19,1375.0118406584274,1390.8368865363473,1364.4944862033922,1374.962646484375,2590583
2020-06-22,1376.0931392096513,1393.2451092719089,1364.298055159283,1367.246826171875,1069601
2020-06-23,1376.240471161415,1399.1917127010108,1371.2766591002642,1385.6273193359375,1172158
2020-06-24,1391.819862247417,1413.1001828672147,1376.0930841429263,1380.1722412109375,957905
2020-06-25,1379.0417856865874,1388.8218273341688,1355.0584262861846,1358.3511962890625,927299
2020-06-26,1368.2296716169733,1385.5291032379605,1350.1438531099352,1364.1014404296875,906080
2020-06-29,1362.4796311156856,1376.0930995678223,1357.5650129029432,1361.2509765625,381369
2020-06-30,1367.9347119570482,1375.5032955901297,1342.9193545904657,1348.66943359375,517776
2020-07-01,1359.6290743387945,1360.3170728668254,1334.4170599156175,1347.342529296875,656829
2020-07-02,1356.4346995279648,1368.2297838716863,1341.8383066497702,1364.8387451171875,630107
2020-07-03,1376.0930364790333,1380.0247308689734,1358.0072182881506,1365.72314453125,521033
2020-07-06,1371.1782976930658,1384.939226845541,1363.314909605937,1365.624755859375,726731
2020-07-07,1376.0439557695943,1395.2601616792576,1370.7853380865965,1375.4051513671875,1079425
2020-07-08,1382.8752745426036,1389.8540082957275,1357.0243351634363,1362.872802734375,482271
2020-07-09,1365.9688830283947,1376.9776993729345,1347.6374538219686,1356.3363037109375,775901
2020-07-10,1355.2058771888862,1364.7893820321076,1347.686487853201,1359.23583984375,333195
2020-07-13,1366.2638435225397,1381.007697949042,1359.3833781235053,1371.5224609375,542086
2020-07-14,1369.1144233693904,1371.1293449300044,1354.1248371891718,1357.0244140625,441847
2020-07-15,1359.9240112164741,1368.8193979125492,1341.9856552995905,1346.4578857421875,481525
2020-07-16,1350.045659738338,1361.2510135651426,1317.1177168178908,1358.498779296875,729925
2020-07-17,1361.840602606253,1381.0076121701807,1356.434522985658,1368.8193359375,589565
2020-07-20,1373.586578984738,1419.3417219634023,1371.7681942660852,1415.9014892578125,1520224
2020-07-21,1425.239156791155,1428.4828525216146,1374.6185936361587,1378.894287109375,847867
2020-07-22,1385.8239550450471,1386.9051469668575,1347.4899360998256,1360.3170166015625,628830
2020-07-23,1362.3322225584457,1379.435118613699,1350.5371383804504,1357.2701416015625,631814
2020-07-24,1351.5200925703175,1364.8878309433067,1345.6225503481924,1355.1077880859375,623204
2020-07-27,1354.5178694820029,1361.349140278254,1327.4382772171712,1333.0408935546875,1110862
2020-07-28,1342.378824735346,1343.8041360659624,1319.083581462409,1330.68212890625,1289612
2020-07-29,1337.759022415221,1359.8748034617622,1332.8444044048786,1347.4407958984375,819930
2020-07-30,1352.502803169693,1358.1546135753802,1320.0663260587917,1326.0130615234375,754880
2020-07-31,1324.9809584705463,1342.2313149375298,1317.559837600525,1333.8272705078125,536618
2020-08-03,1333.8274295330477,1345.720782026197,1318.1989190734148,1322.3272705078125,604305
2020-08-04,1335.547580170684,1335.547580170684,1312.2523364262415,1319.8699951171875,811275
2020-08-05,1326.9467570911797,1327.8804864444498,1288.6619338346025,1292.5936279296875,1924411
2020-08-06,1302.3738069057367,1312.2030431842704,1284.6319874286653,1309.205078125,2362657
2020-08-07,1307.0918763600807,1369.9005996168758,1300.5062161222138,1354.763671875,3871685
2020-08-10,1361.2509104925377,1384.841076768723,1334.9085101564813,1375.0118408203125,1583730
2020-08-11,1381.0076603543932,1385.9222783627717,1353.7807245822921,1356.4345703125,746479
2020-08-12,1357.2209210247293,1369.9989275060411,1339.0859090655485,1341.19921875,714846
2020-08-13,1344.6393643463223,1363.8063728293291,1343.3615157864765,1356.53271484375,821025
2020-08-14,1357.3682901290638,1384.742808230543,1344.7377459341183,1348.177978515625,1173257
2020-08-17,1356.4345651909957,1365.67407100902,1333.9255908004507,1356.778564453125,563704
2020-08-18,1363.3152225904023,1408.5297144715548,1360.3664513807619,1387.2003173828125,2358574
2020-08-19,1400.6661739390102,1448.0922391267698,1387.0035114732532,1424.7969970703125,2513397
2020-08-20,1424.7969937022474,1437.5258066971453,1410.4954069130963,1425.042724609375,1058823
2020-08-21,1437.8207628863438,1454.1372714754625,1420.8653299277114,1431.6282958984375,1286378
2020-08-24,1441.752416078548,1462.5903488610138,1432.119716593076,1443.57080078125,1194363
2020-08-25,1451.6306506907283,1464.3103887437978,1430.2029888512795,1449.124267578125,978002
2020-08-26,1450.795266852221,1460.477040536969,1433.15183582215,1443.3741455078125,758778
2020-08-27,1448.8295081950887,1478.6121437730667,1437.3293491026502,1445.83154296875,1493305
2020-08-28,1452.8593248660302,1455.7098272555181,1417.7690009271778,1420.8160400390625,650400
2020-08-31,1430.1537765653898,1436.0513179120512,1371.178363098776,1378.84521484375,1247296
2020-09-01,1406.4161347235158,1411.7239458801175,1381.2041217189958,1397.7664794921875,614956
2020-09-02,1403.8606707274162,1432.0705308373356,1384.1039298153355,1389.510009765625,913596
2020-09-03,1393.8839817554724,1430.1538878570473,1393.8839817554724,1424.40380859375,760298
2020-09-04,1412.3629251115792,1439.491592095532,1393.8348395075075,1411.625732421875,785176
2020-09-07,1418.3587814762334,1428.9252103749648,1397.8648480279455,1417.130126953125,437212
2020-09-08,1417.474304253291,1459.6417567796423,1405.5317567915686,1421.9466552734375,1133122
2020-09-09,1426.1728668669484,1447.7481106294688,1416.0488263644868,1434.1346435546875,1145168
2020-09-10,1444.2097560242341,1464.2613023440504,1437.0343654391456,1450.1563720703125,954829
2020-09-11,1449.8124411495046,1473.1076845824675,1448.8787116393562,1462.983642578125,911773
2020-09-14,1467.50492518731,1478.4153530786846,1444.8976825353957,1455.4149169921875,503477
2020-09-15,1455.808236958539,1489.129373673543,1455.7099685878,1472.9603271484375,1337966
2020-09-16,1484.2148233227417,1488.0482498437168,1461.01784743221,1467.9473876953125,553661
2020-09-17,1458.6586117012657,1491.0950902633558,1442.5878349562972,1446.568603515625,695236
2020-09-18,1459.7889767259715,1459.7889767259715,1421.8481505899224,1430.2520751953125,808036
2020-09-21,1430.1539421365696,1435.805753248106,1386.463032929535,1420.47216796875,867293
2020-09-22,1414.4270358871418,1415.3607652966432,1370.5886680840447,1402.9759521484375,461446
2020-09-23,1409.4142376864063,1432.1197498746305,1389.9523015331874,1396.5870361328125,733213
2020-09-24,1383.9565358163632,1402.632085660476,1371.1785280282859,1375.6016845703125,643409
2020-09-25,1383.661550499578,1397.225944632431,1366.263850185775,1388.87109375,434351
2020-09-28,1395.7513683458887,1417.3756853202617,1395.7513683458887,1411.8221435546875,336440
2020-09-29,1421.307490936505,1431.5299201243538,1398.3562494334085,1403.7623291015625,467995
2020-09-30,1409.0209860081081,1415.4099894326303,1390.836899338314,1409.7581787109375,647016
2020-10-01,1419.3416637073863,1442.6369047919243,1409.5124278091357,1438.0172119140625,670055
2020-10-05,1453.7439629301127,1453.7439629301127,1419.3416379114826,1422.044677734375,508357
2020-10-06,1420.3244848469958,1454.7268080093797,1420.3244848469958,1445.5855712890625,874125
2020-10-07,1444.799604545709,1478.3172795054193,1437.4276766226433,1468.14404296875,1292789
2020-10-08,1470.4537413845403,1487.9498298846365,1447.4042303979304,1461.1651611328125,583461
2020-10-09,1462.5904244499518,1466.1289256732352,1440.3271792741684,1446.9619140625,481806
2020-10-12,1453.3508183911326,1462.0988624730035,1439.9830813599665,1454.2354736328125,438725
2020-10-13,1452.8594313404162,1473.206023002748,1447.8957388711312,1457.67578125,689940
2020-10-14,1462.5411545267996,1468.9301580661572,1450.3038034341935,1461.3125,519446
2020-10-15,1461.3125160585967,1477.3342192584455,1444.0622783042415,1451.237548828125,649879
2020-10-16,1447.3549850013185,1467.8981120113983,1446.863523206751,1455.95556640625,423839
2020-10-19,1460.6245686213174,1515.668293952942,1455.9556812047958,1509.770751953125,1492572
2020-10-20,1515.668198979936,1524.8585106899518,1493.6016120409845,1498.81103515625,1254644
2020-10-21,1503.9713966343872,1514.5870196517883,1458.7569104249558,1471.2401123046875,928694
2020-10-22,1472.4196149411746,1483.0843124541034,1445.7332140777585,1450.3038330078125,683622
2020-10-23,1457.6756718911533,1479.299990691966,1452.9085165163137,1474.6802978515625,582170
2020-10-26,1480.2830162049343,1482.9368620643693,1439.1476854689085,1449.4683837890625,411162
2020-10-27,1444.897802510393,1503.7749546506634,1444.897802510393,1499.9415283203125,1221901
2020-10-28,1501.9073530845662,1519.5999789716882,1486.1805745182357,1492.6678466796875,734257
2020-10-29,1506.8219722422302,1572.6778575261371,1499.9907007929205,1563.68408203125,4759518
2020-10-30,1563.6839916636604,1564.8143778055903,1530.8543192879174,1543.583251953125,1232876
2020-11-02,1553.0193598055218,1572.2355650683203,1526.234690467104,1529.8714599609375,705225
2020-11-03,1528.4463889806123,1560.8828718335772,1528.4463889806123,1538.8653564453125,656702
2020-11-04,1543.1900421875,1553.707276646309,1521.7131856612207,1535.818115234375,703182
2020-11-05,1573.6606787904948,1585.3082994177385,1546.777742409814,1562.2587890625,2609307
2020-11-06,1562.308007365986,1592.3363740184948,1557.0003154412323,1569.4342041015625,1195534
2020-11-09,1576.6094928425207,1578.575340090454,1559.555791963858,1568.0089111328125,679932
2020-11-10,1572.677720247445,1577.2483388690716,1543.1900129928054,1546.8267822265625,762850
2020-11-11,1551.0535303584986,1567.3209648721036,1515.570010346823,1537.538330078125,1069040
2020-11-12,1537.292501752406,1554.8868580905923,1531.1492292869632,1544.6644287109375,610795
2020-11-13,1543.1901341720275,1562.799413041869,1535.5724758664012,1537.9805908203125,590942
2020-11-14,1548.1047771694573,1561.2267841406863,1545.205200343047,1553.953125,136023
2020-11-17,1569.1882071442817,1570.1220564807231,1529.5764612384876,1535.228271484375,941894
2020-11-18,1541.027648330831,1548.1046501658448,1527.0209872102828,1536.6044921875,651965
2020-11-19,1528.4462436707945,1558.9168761812734,1527.414125865638,1531.7882080078125,914809
2020-11-20,1537.6857242130545,1547.4657661683334,1529.527410230632,1533.557373046875,628267
2020-11-23,1535.4249812662185,1562.8485745911082,1530.60863147315,1558.1304931640625,1000851
2020-11-24,1564.126530788094,1584.3255408184884,1554.2480996151908,1559.3101806640625,1169594
2020-11-25,1561.8655932395134,1565.6007508967057,1513.7023370603215,1517.7322998046875,625522
2020-11-26,1522.5487919488355,1535.7690675514882,1497.5334320960949,1507.4117431640625,932942
2020-11-27,1517.4375168169483,1527.9547514475842,1474.9751448817383,1516.2088623046875,2812113
2020-12-01,1531.2967234672283,1535.8673422731267,1508.0997501555137,1524.563720703125,642065
2020-12-02,1528.3971008369188,1577.3467472181933,1525.4975240271917,1572.43212890625,1175274
2020-12-03,1592.3362490731636,1592.3362490731636,1565.5515806859762,1587.4708251953125,1120979
2020-12-04,1592.336237584225,1604.1313208255895,1567.9596842244214,1579.2633056640625,1010532
2020-12-07,1579.5090442943792,1603.0501367036113,1576.6094676443377,1587.6181640625,535863
2020-12-08,1590.4685998984687,1609.5373410970196,1572.77597569099,1583.6373291015625,623483
2020-12-09,1591.3533734883674,1602.1655335305984,1587.4708731038845,1592.876953125,413342
2020-12-10,1591.6974431001831,1629.6382732914055,1585.2593649638425,1623.1510009765625,1147367
2020-12-11,1630.0805884080976,1639.3691688108386,1602.263801404596,1610.61865234375,853053
2020-12-14,1621.6273773258013,1624.2812230090194,1596.2679008572752,1599.5115966796875,373871
2020-12-15,1602.0181934447658,1606.6380068983326,1584.7679542320855,1592.7786865234375,422836
2020-12-16,1598.2337644865358,1612.8793500401819,1592.3362229201648,1598.1845703125,1083111
2020-12-17,1602.165654576339,1623.7899762945472,1598.5779590213842,1601.8216552734375,846175
2020-12-18,1606.5886566457832,1713.1866752242618,1606.5886566457832,1702.2271728515625,7057251
2020-12-21,1700.45779416283,1701.4407177432709,1615.336636093802,1653.4739990234375,1188984
2020-12-22,1655.3415761559718,1698.2954085694457,1617.7447492419778,1689.3507080078125,1094941
2020-12-23,1704.3895467147654,1747.638185731749,1686.844384201625,1702.96435546875,2126080
2020-12-24,1715.2017147007732,1722.6228360165753,1685.3208126939278,1702.2762451171875,532060
2020-12-28,1710.2871192982652,1738.791904619903,1698.541229892805,1727.3408203125,785307
2020-12-29,1727.340743655991,1740.7576746315342,1708.321196222251,1724.0479736328125,579335
2020-12-30,1724.539492506458,1739.7256144518526,1710.876830181662,1719.8214111328125,711918
2020-12-31,1723.0652586851472,1743.7066565359105,1715.2510632073943,1735.499267578125,708860
2021-01-01,1742.5762008248048,1754.0272855542182,1732.452159035837,1740.561279296875,539058
2021-01-04,1744.197978499977,1759.43329473934,1734.9584723963658,1754.469482421875,372161
2021-01-05,1769.2133724787275,1776.0447638247917,1726.9968497853508,1769.80322265625,540889
2021-01-06,1769.803291920704,1769.803291920704,1739.7749253004351,1764.7412109375,588130
2021-01-07,1767.2966547095562,1788.0363189295122,1729.9455574465067,1738.74267578125,972924
2021-01-08,1751.8648607285795,1792.7544603692731,1741.3966999106717,1787.9873046875,803362
2021-01-11,1787.9873578061254,1810.5454081379542,1777.1260032103264,1801.8465576171875,632157
2021-01-12,1801.600659290377,1801.600659290377,1766.0187535940565,1769.3607177734375,579402
2021-01-13,1778.9935117491107,1784.0063982926085,1740.7577583339998,1762.4803466796875,530319
2021-01-14,1763.3649219022782,1773.1449636364616,1744.3453744173798,1759.4332275390625,457266
2021-01-15,1754.518700771308,1764.888593187552,1711.6140598057075,1717.118408203125,986643
2021-01-18,1711.2700880898296,1726.898598244731,1685.3700737060776,1697.3616943359375,768018
2021-01-19,1708.321310917136,1731.5674793350036,1699.6224605750456,1706.699462890625,525026
2021-01-20,1712.2530709500147,1766.0189488919543,1708.370570362101,1728.6187744140625,884517
2021-01-21,1729.945592069359,1788.4295481648855,1729.945592069359,1745.2301025390625,910040
2021-01-22,1749.3091949565905,1763.807318985093,1702.325515859092,1705.6182861328125,697476
2021-01-25,1719.8706372568136,1749.358346425383,1712.449515788405,1735.3516845703125,899845
2021-01-27,1745.377448013386,1746.3112974566889,1666.1047529601674,1682.6669921875,769593
2021-01-28,1675.8847364632647,1698.4919792425346,1669.7906581431691,1686.942626953125,593873
2021-01-29,1706.355376370491,1711.2208002154796,1635.3883401632238,1641.7281494140625,1693937
2021-02-01,1669.0043921982542,1702.3746028111962,1636.5679110777933,1686.991943359375,789584
2021-02-02,1706.3553768538252,1749.1125536355885,1691.6607169656736,1730.9776611328125,870067
2021-02-03,1734.86033251773,1748.4247275878274,1705.3726214834344,1709.697509765625,476331
2021-02-04,1718.1996673148515,1741.2491780134017,1701.4407717421384,1729.8963623046875,697214
2021-02-05,1731.8623894188254,1734.8603547400353,1695.543406190686,1699.2293701171875,407166
2021-02-08,1703.0135345176616,1725.0310488246057,1700.113957672077,1704.0947265625,290007
2021-02-09,1709.3041343943496,1767.2966265905925,1705.47070837066,1731.9605712890625,1367744
2021-02-10,1734.6144827290118,1751.5699154118709,1713.2358936941027,1727.144287109375,412296
2021-02-11,1722.327861273807,1763.3157269990618,1720.460282454894,1741.5931396484375,639783
2021-02-12,1746.6553708928402,1757.4675313204268,1721.5416229962625,1730.6336669921875,360521
2021-02-15,1735.9413995129644,1764.7901840657303,1729.0609341007166,1736.432861328125,725334
2021-02-16,1740.7578118619606,1764.3479798375038,1735.6957309867155,1758.597900390625,1014212
2021-02-17,1769.2625519139365,1778.01059630667,1729.9456063158489,1735.25341796875,923495
2021-02-18,1740.1681673117098,1767.7391054987024,1734.9095494388228,1761.2027587890625,817892
2021-02-19,1756.9761572455602,1774.177322421391,1743.7066869670623,1750.93115234375,723792
2021-02-22,1747.6383008120783,1759.974040974673,1700.4579642322249,1712.498779296875,619247
2021-02-23,1721.0992145160585,1733.7789528862932,1685.7139651028215,1696.378662109375,500564
2021-02-24,1698.4921042067663,1705.3233757287874,1677.6049761891773,1695.6416015625,232878
2021-02-25,1690.6285502665128,1704.7826737542737,1666.9891902757383,1689.9405517578125,1554132
2021-02-26,1671.9529595399479,1702.3253212500879,1646.3969472248164,1657.159912109375,1045945
2021-03-01,1676.8677822869197,1681.7332064627758,1655.8823859137246,1669.15185546875,518934
2021-03-02,1681.782224187689,1705.372389810427,1672.4444502953554,1699.81884765625,475037
2021-03-03,1704.3896014576494,1740.7577763445772,1701.5882930648695,1734.467041015625,465825
2021-03-04,1728.3730080974553,1744.689517048467,1715.0052701611735,1731.2235107421875,370831
2021-03-05,1720.0672797809057,1753.5358797399954,1706.4047363478073,1727.6358642578125,720081
2021-03-08,1727.832337683561,1729.896453379509,1684.9768899571498,1687.827392578125,523950
2021-03-09,1700.3595369590905,1716.0863143493389,1695.6906499213603,1706.404541015625,334611
2021-03-10,1717.1674927901884,1724.047957844299,1695.8380991167608,1707.387451171875,297373
2021-03-12,1711.2701392463036,1716.823682075596,1691.1202036606924,1693.67578125,205343
2021-03-15,1696.526172834686,1702.4729087465294,1666.9892699772847,1684.0430908203125,346391
2021-03-16,1687.6797675746018,1709.3040860874971,1676.1796098143313,1690.726806640625,330689
2021-03-17,1693.9705794530084,1713.7765142616067,1685.7139971026938,1694.1180419921875,355972
2021-03-18,1699.5732034958473,1711.2700185445165,1671.6581487539074,1684.6328125,334986
2021-03-19,1674.9019523859915,1731.3217956712713,1652.2947077235046,1721.1485595703125,739388
2021-03-22,1738.791966458551,1753.339284720585,1708.4687953368605,1731.813232421875,617685
2021-03-23,1730.9285902516067,1778.059732434779,1724.6378547396196,1757.5167236328125,1074844
2021-03-24,1757.4674399917885,1783.9571836684881,1754.5186691193192,1763.9547119140625,687944
2021-03-25,1764.1020923497463,1780.2711372202607,1727.9796508432116,1734.2703857421875,422753
2021-03-26,1746.5078616325811,1783.908154469296,1735.1059713019665,1769.6065673828125,626624
2021-03-30,1800.7160161039649,1806.908482712612,1779.1899654950837,1795.2607421875,624454
2021-03-31,1798.7502783754946,1804.156358447115,1770.2454925433146,1778.5020751953125,496766
2021-04-01,1780.0746659997878,1801.698985520492,1778.207087134932,1792.0172119140625,462214
2021-04-05,1792.8528714573492,1809.5625747549232,1755.993231830348,1768.771240234375,363509
2021-04-06,1769.9504285090711,1856.3003603175616,1758.4994648812942,1842.3919677734375,1240064
2021-04-07,1838.0671358267507,1864.6060730820031,1827.2549762042404,1856.1529541015625,620343
2021-04-08,1858.118934345367,1891.1451457416158,1846.2255819062102,1873.059326171875,819770
2021-04-09,1867.554909702434,1895.5682333479706,1861.7556362488306,1887.016845703125,509301
2021-04-12,1867.5548827925684,1869.8156551186873,1808.8743905222982,1817.720703125,726331
2021-04-13,1818.4087695472308,1827.6973501324906,1760.662004568366,1768.23046875,1091112
2021-04-15,1772.8501930314928,1799.6348614018448,1747.6381784398561,1792.60693359375,576555
2021-04-16,1804.058017484332,1816.4428309710672,1777.469885844037,1792.5577392578125,566717
2021-04-19,1767.2967547509668,1777.0277230596032,1733.8773500448863,1740.462890625,461909
2021-04-20,1749.603974049301,1769.6556390973608,1731.026694372631,1742.82177734375,423329
2021-04-22,1744.6895519217153,1767.2967968198557,1723.0652307147982,1755.30517578125,569960
2021-04-23,1755.255884731248,1767.7881611027017,1735.9414112674956,1753.4375,355089
2021-04-26,1759.82651784268,1811.5282775677474,1752.0613970507377,1805.7781982421875,805229
2021-04-27,1818.4087975326902,1824.748607237876,1791.8698583254563,1801.8465576171875,601930
2021-04-28,1816.4428890062936,1859.6915292207293,1803.6648816702104,1850.69775390625,871430
2021-04-29,1857.725660009931,1865.6382432228097,1813.6415592179653,1816.639404296875,327090
2021-04-30,1811.5281985910083,1824.9942039448724,1774.5702951508242,1784.792724609375,360185
2021-05-03,1784.4978616295143,1793.639099441048,1765.33085072245,1780.1729736328125,318649
2021-05-04,1784.006426398516,1790.690355219011,1760.4162587767175,1769.4100341796875,236099
2021-05-05,1775.7499189392709,1785.7758125946245,1763.954834628833,1781.6966552734375,167560
2021-05-06,1784.989228351754,1796.3911179277682,1764.4952956247191,1769.2132568359375,226013
2021-05-07,1784.0064526817898,1794.7203446316942,1774.472141121832,1785.1859130859375,223306
2021-05-10,1788.9700981483365,1823.3232290517897,1788.9700981483365,1815.3123779296875,466507
2021-05-11,1808.5795741480927,1850.6487557149883,1798.897799881471,1845.144287109375,832760
2021-05-12,1855.6614844863836,1858.8559861795823,1829.3682782423627,1847.798095703125,688865
2021-05-14,1833.1526399640459,1879.7923199945485,1785.2843053491167,1856.005615234375,2463987
2021-05-17,1853.794119904407,1870.4546288201484,1823.7166783294178,1858.8070068359375,825633
2021-05-18,1869.4224812009775,1881.3158331605807,1844.0630034806704,1860.8218994140625,521146
2021-05-19,1860.6745476195288,1913.998157872228,1852.8111580891768,1888.147216796875,1351787
2021-05-20,1895.0766749461322,1916.7009938511192,1888.6876716332952,1902.9892578125,675754
2021-05-21,1913.2608066786408,1957.9838309292845,1912.7693448736886,1944.222900390625,1477980
2021-05-24,1954.9859790698652,2038.583684924769,1943.829819448946,2024.724365234375,2672584
2021-05-25,2038.5835682903776,2038.5835682903776,2003.2965866743066,2015.5340576171875,616953
2021-05-26,2015.5831746983513,2072.248622690807,2015.5831746983513,2065.9580078125,1087642
2021-05-27,2059.2249418151573,2087.729726212599,2009.1450323939694,2061.633056640625,1894108
2021-05-28,2053.3274164588706,2055.2932636742453,2020.1537446994225,2024.8226318359375,389887
2021-05-31,2033.3743381739953,2062.1740523909384,2023.0536386744218,2054.851318359375,474946
2021-06-01,2068.9557102789263,2068.9557102789263,2026.7883854452464,2031.8013916015625,252827
2021-06-02,2035.6348530928442,2041.9746625598725,2016.0747686968607,2029.1966552734375,312412
2021-06-03,2034.6519577544998,2053.720580596991,2020.891026639252,2044.9234619140625,415893
2021-06-04,2044.4812076050148,2061.4366406969316,2040.1072453234483,2043.891357421875,297659
2021-06-07,2050.3297321385508,2066.1057061958827,2040.549688897551,2048.80615234375,390899
2021-06-08,2050.2312263364834,2050.2312263364834,2030.3759782271782,2039.3206787109375,356876
2021-06-09,2046.446980367263,2059.2249874492873,2034.701091082335,2040.5986328125,377441
2021-06-10,2044.4813467288075,2106.159810434208,2036.7163452947807,2095.839111328125,1140643
2021-06-11,2118.2003394753583,2123.1149574323777,2069.2998908030154,2080.800048828125,734785
2021-06-14,2078.8834226901467,2081.8321935024733,2046.496137929078,2078.834228515625,267964
2021-06-15,2081.832380714769,2114.1704742093734,2081.832380714769,2100.6552734375,459349
2021-06-16,2099.524847742199,2112.794316583266,2086.009647996668,2094.659423828125,240645
2021-06-17,2091.71070363297,2123.11506598975,2084.387970496907,2091.022705078125,469223
2021-06-18,2094.806595828236,2121.001652094336,2058.782544155406,2089.253173828125,503620
2021-06-21,2079.866230136686,2119.2815604487932,2060.2077591524076,2114.170166015625,281990
2021-06-22,2129.0125752563713,2136.826770093673,2105.7665274754713,2111.172607421875,373042
2021-06-23,2117.070099240179,2119.183288998924,2090.531161947521,2096.723388671875,167479
2021-06-24,2096.723565758564,2123.1151627283425,2094.9544951002395,2119.330810546875,205193
2021-06-25,2126.06374092187,2127.8330513912942,2088.712644225138,2097.8046875,196267
2021-06-28,2111.320213795237,2141.594313272286,2098.7879359898884,2118.397216796875,275535
2021-06-29,2119.1833940781485,2147.6881799910734,2111.4183932146448,2124.835205078125,352800
2021-06-30,2123.1149485881624,2148.5725735108426,2110.926792094158,2117.168212890625,361472
2021-07-01,2128.029605604514,2145.4273054250702,2123.114987577714,2132.108642578125,260370
2021-07-02,2139.824561855641,2156.534262154927,2129.012402838456,2141.64306640625,273572
2021-07-05,2154.5192546926914,2244.0144930470287,2143.461364615259,2228.43505859375,1524994
2021-07-06,2228.091545801248,2240.9677026040886,2184.0565149669083,2193.099365234375,426882
2021-07-07,2193.0990029405084,2254.728262266745,2188.479310194686,2237.62548828125,551296
2021-07-08,2241.0657487733097,2262.690067401824,2222.390200866865,2244.456787109375,397141
2021-07-09,2232.0230988217213,2255.0726106926045,2228.5336718286185,2238.903564453125,221617
2021-07-12,2247.9461676858696,2259.1514002112854,2222.5866920018766,2230.106201171875,301488
2021-07-13,2245.9804718988007,2245.9804718988007,2198.8001381346244,2210.103759765625,356876
2021-07-14,2211.5782575218664,2233.2025782620804,2199.78317348175,2210.939453125,331982
2021-07-15,2222.5869539957985,2223.176804186275,2204.0589868043753,2210.74267578125,176959
2021-07-16,2211.3324714925398,2231.187481137581,2201.7489659487896,2205.877197265625,225702
2021-07-19,2195.8515728694283,2230.253902793524,2193.885725445194,2221.6533203125,192179
2021-07-20,2243.1297982565,2286.7223111665953,2210.840665538769,2276.106689453125,637865
2021-07-22,2294.0944314041,2294.0944314041,2248.3392909630757,2270.946533203125,345208
2021-07-23,2270.553758671035,2287.9514602561408,2261.3143718321858,2267.2119140625,164481
2021-07-26,2270.2094403881915,2293.1116087027217,2256.3995555200104,2281.66064453125,229367
2021-07-27,2283.238942984051,2295.176125557677,2258.1810235983335,2269.674072265625,183364
2021-07-28,2270.6116713475526,2278.5530945748624,2240.5714532654533,2265.03759765625,248241
2021-07-29,2265.0374351173814,2286.7906035679293,2258.0331735529985,2265.580078125,197033
2021-07-30,2279.687561933614,2280.1808299606523,2241.4099148646906,2248.118408203125,390786
2021-08-02,2268.9341346650044,2268.9341346650044,2225.428039954813,2232.087158203125,456617
2021-08-03,2235.490959739089,2272.042172984087,2226.6121342149704,2233.665771484375,721816
2021-08-04,2239.5354334399426,2251.867133238952,2220.8403838618347,2233.8134765625,211045
2021-08-05,2246.342490651227,2246.342490651227,2206.8810503235813,2218.719482421875,409726
2021-08-06,2220.692723998991,2228.486262717369,2175.3614391320466,2193.36572265625,481993
2021-08-09,2209.840768201729,2224.68818403379,2189.1728859734053,2201.751220703125,272882
2021-08-10,2209.5943436189473,2219.6569641857805,2185.1775738881433,2192.4287109375,406827
2021-08-11,2196.078630370675,2243.382985971892,2146.1598097152014,2229.818115234375,1518493
2021-08-12,2257.194340132692,2257.194340132692,2172.6482541472005,2190.899169921875,940284
2021-08-13,2212.011290876534,2212.011290876534,2173.8323903267337,2176.9892578125,366570
2021-08-16,2173.240082029024,2199.9753042653147,2145.7651986380906,2189.024658203125,263310
2021-08-17,2198.1996373251527,2208.7555251722206,2166.482598809421,2186.2626953125,441443
2021-08-18,2190.2086839846856,2208.3608501596686,2180.244573979391,2195.338623046875,396668
2021-08-20,2193.069713822859,2254.2349510055024,2180.244744736175,2236.674560546875,1043017
2021-08-23,2249.2527936839833,2264.1002092399,2191.0965423624475,2197.311767578125,649263
2021-08-24,2199.975342144059,2217.7329906456703,2170.3792613080404,2178.41943359375,355160
2021-08-25,2180.7380127107217,2201.3565205157242,2158.3930667594886,2185.029541015625,315324
2021-08-26,2193.8589045948193,2209.643481311604,2177.28505087149,2197.706298828125,337985
2021-08-27,2195.0427311932885,2212.5043712662323,2183.253673459383,2195.239990234375,361975
2021-08-30,2207.8182590690853,2248.315611251137,2185.177305362557,2231.6923828125,461816
2021-08-31,2248.315784993952,2259.1676821571523,2218.7197018215875,2249.647705078125,644194
2021-09-01,2259.1678516881084,2307.508124497155,2252.3608483890744,2282.6474609375,1206729
2021-09-02,2303.512475877513,2330.1983262176495,2292.709953484258,2309.18505859375,1056284
2021-09-03,2321.220881574307,2327.534857638426,2280.6743890885523,2296.064208984375,421459
2021-09-06,2304.9428078664923,2320.7767601685714,2288.7637124475023,2309.87548828125,254192
2021-09-07,2314.4137531106176,2330.1983311369477,2293.795244405143,2304.3017578125,371234
2021-09-08,2303.5615919196875,2304.6960119940004,2251.0779241631417,2282.15380859375,535562
2021-09-09,2292.7098013480786,2320.3821859765358,2274.952152284281,2316.63330078125,355161
2021-09-13,2318.359853707108,2377.453270232523,2312.4900120354514,2364.72705078125,1080438
2021-09-14,2382.9778489152854,2391.3634054111576,2357.8211794276676,2376.41748046875,371947
2021-09-15,2380.7088397988723,2392.251263859743,2362.753931164903,2368.426513671875,309460
2021-09-16,2389.3905402919722,2389.3905402919722,2363.7406005530825,2368.72265625,231210
2021-09-17,2375.7760876174375,2389.390333393773,2314.610851997944,2336.561279296875,862698
2021-09-20,2334.933581810771,2370.498254743909,2319.3956389533982,2329.655517578125,281382
2021-09-21,2338.090635003664,2407.14816430757,2319.3958234556735,2398.022705078125,596902
2021-09-22,2413.8070023176197,2438.717036774969,2379.6236256314173,2385.444091796875,374862
2021-09-23,2402.21533203125,2416.9639981167516,2385.4442188302105,2402.21533203125,396212
2021-09-24,2409.121026224046,2444.340314923201,2400.538210787811,2418.93701171875,554484
2021-09-27,2421.9460251881305,2430.6275906792666,2367.6865419354435,2373.161865234375,340534
2021-09-28,2380.610152049215,2385.444082177066,2343.0230335692854,2378.538330078125,267159
2021-09-29,2366.7000078051824,2384.4576568841712,2352.444609909701,2369.90625,223281
2021-09-30,2372.7180941268857,2381.054276084358,2343.023260879169,2349.879638671875,373722
2021-10-01,2351.9020209561486,2389.3903920955504,2333.3550944322637,2384.704345703125,506531
2021-10-04,2398.269414373096,2415.040529158922,2379.081334156495,2388.404052734375,254546
2021-10-05,2383.4712569731914,2407.148123764316,2379.0812194263794,2403.54736328125,127966
2021-10-06,2405.1749096619515,2423.9190947659617,2374.197773778841,2383.125732421875,186602
2021-10-07,2390.4757165707265,2443.057897936932,2385.197652102437,2427.3720703125,584927
2021-10-08,2429.345070001442,2436.744090519213,2401.376676102855,2408.7265625,223042
2021-10-11,2408.6279046067657,2451.344966199335,2398.022641459306,2429.591796875,278903
2021-10-12,2440.6900853574552,2456.277402464557,2415.0401491330035,2427.9638671875,267935
2021-10-13,2450.4566851149966,2450.4566851149966,2422.932426932214,2440.986083984375,170163
2021-10-14,2453.120772791289,2484.591178170596,2430.232942493384,2447.69482421875,345132
2021-10-18,2443.6991992750914,2478.178586453328,2442.663288239825,2468.115966796875,294771
2021-10-19,2486.070915544352,2497.9093484755153,2426.9775008377073,2437.582763671875,280666
2021-10-20,2441.4794922067067,2445.622895492664,2363.296509363708,2384.950927734375,289981
2021-10-21,2407.1480901648233,2412.524663752885,2259.1676747858382,2274.458984375,682642
2021-10-22,2274.952278958606,2313.377812429457,2248.3158038797324,2285.212158203125,389691
2021-10-25,2291.723329322262,2295.916107690587,2219.7061949957338,2255.172119140625,352025
2021-10-26,2264.1004115598953,2303.561856641549,2251.324816885419,2287.62939453125,217581
2021-10-27,2303.462946367556,2381.448669953116,2278.8982948553326,2336.561279296875,760348
2021-10-28,2352.7406608887723,2361.5701106121464,2318.2610322955393,2336.117431640625,316083
2021-10-29,2342.6285880437,2360.1887369562214,2270.019438813681,2282.4990234375,461600
2021-11-01,2301.1940300364527,2347.3145892408784,2293.7456348712367,2331.13525390625,216399
2021-11-02,2338.09041875,2352.888459375,2306.175881460673,2312.19384765625,178441
2021-11-03,2323.292521132986,2337.1040265664733,2286.0507832676913,2327.73193359375,256043
2021-11-04,2346.574793294765,2382.48460991438,2342.7271581082496,2375.578857421875,161450
2021-11-08,2392.152635166617,2393.1885461781117,2324.2789075232467,2350.224853515625,460480
2021-11-09,2362.7539247127133,2373.803080699326,2340.8034968108936,2359.89306640625,334935
2021-11-10,2355.848034334955,2355.848034334955,2311.453913084925,2334.588134765625,821513
2021-11-11,2369.6595900095367,2446.609401841653,2344.0096527321643,2440.690185546875,2164902
2021-11-12,2456.474738911309,2456.474738911309,2364.430878234409,2393.53369140625,634268
2021-11-15,2412.4751472846324,2429.5916440009964,2380.708734817095,2398.811767578125,441074
2021-11-16,2405.175109569933,2420.565169696952,2368.67327238614,2411.834228515625,452443
2021-11-17,2407.1481852578877,2422.883388544089,2377.6508509684836,2381.942138671875,252330
2021-11-18,2396.3947895554497,2414.0536883186182,2343.615111449587,2406.75341796875,475469
2021-11-22,2406.605216898487,2410.946119846435,2296.655826961436,2318.359619140625,527841
2021-11-23,2318.359616064062,2339.3235062093217,2285.7051778963905,2311.651123046875,290078
2021-11-24,2312.4408076328164,2325.0685189168817,2199.975683029514,2232.630126953125,794035
2021-11-25,2247.2305578294913,2247.2305578294913,2203.033931816664,2221.333984375,415899
2021-11-26,2204.9079838237017,2219.1140060357893,2184.1907275998547,2202.244384765625,599912
2021-11-29,2195.0428426548356,2201.948595418244,2142.608544799801,2188.23583984375,461311
2021-11-30,2185.128213425484,2219.65697893074,2163.8683110651086,2176.15087890625,1564828
2021-12-01,2192.4778066750177,2201.356631876218,2165.9894560035655,2174.76953125,339213
2021-12-02,2201.9485947986577,2214.7735642128077,2168.4063671001118,2204.908203125,832438
2021-12-03,2214.7735183722057,2228.48627365902,2159.0836043548907,2178.715576171875,1439081
2021-12-06,2191.8858018938063,2196.0785800256467,2170.3298932745815,2171.908447265625,436167
2021-12-07,2189.024894027185,2193.5630565075435,2170.4782077073933,2183.7470703125,362902
2021-12-08,2195.0429188938624,2210.2848541374938,2183.204485173985,2201.998046875,312052
2021-12-09,2216.845473600322,2238.4011439131236,2194.204276330194,2232.28466796875,479903
2021-12-10,2249.64763777735,2308.741052402241,2239.6835270659917,2294.436279296875,1777658
2021-12-13,2308.1986639023885,2357.8214821792153,2298.7771951648097,2326.35107421875,1391413
2021-12-14,2334.1443352630927,2367.5878116035983,2321.6153753789213,2357.081298828125,971135
2021-12-15,2367.6372457027137,2388.403878608952,2345.982826655137,2375.332275390625,1119097
2021-12-16,2382.4846756516204,2391.018116554257,2370.7449924318544,2385.69091796875,203956
2021-12-17,2382.287176744289,2382.287176744289,2352.1484538270547,2359.25146484375,491876
2021-12-20,2355.848109225766,2382.3366987550808,2297.889115751305,2373.161865234375,1169343
2021-12-21,2397.2827239610347,2419.973054270131,2361.7674243467973,2377.552001953125,451100
2021-12-22,2387.4173943250667,2407.148116592216,2374.3951657994567,2401.72216796875,211943
2021-12-23,2407.1482530746453,2411.5382908572874,2384.0140280754385,2388.798583984375,163170
2021-12-24,2390.4757278205457,2415.97754157417,2372.61932801259,2377.749267578125,174813
2021-12-27,2368.7717435128966,2392.3004831726385,2361.5699823671594,2365.91064453125,163735
2021-12-28,2376.565300655402,2450.555503041934,2371.1887274526857,2439.50634765625,345457
2021-12-29,2453.1204445520452,2455.488034543669,2415.040059687787,2417.259765625,266073
2021-12-30,2398.614652571,2428.0626107604417,2394.4218741294035,2401.130126953125,237399
2021-12-31,2402.116612054582,2436.744124907845,2402.116612054582,2429.64111328125,178060
2022-01-03,2441.676780187775,2453.5152130614124,2431.8114194597433,2440.640869140625,111798
2022-01-04,2448.5823736514476,2572.392642746233,2444.636229616554,2564.204345703125,1368623
2022-01-05,2566.670927641235,2626.1591027448944,2550.1958229134307,2602.432861328125,1187260
2022-01-06,2580.7784288194443,2619.2533365885415,2579.890642673881,2610.37451171875,725314
2022-01-07,2614.3204711395556,2697.682765407968,2609.38779100533,2686.781494140625,947286
2022-01-10,2703.108806076918,2704.2432262052093,2653.782003046317,2672.674072265625,321273
2022-01-11,2660.6880213919353,2686.4367114887627,2658.7149490735133,2673.266357421875,290771
2022-01-12,2673.6113293321196,2715.933627697661,2673.6113293321196,2711.839599609375,309406
2022-01-13,2711.8398118008963,2727.4762642256874,2674.8447086378533,2687.669677734375,307553
2022-01-14,2683.378019144501,2687.7680563359995,2614.3204965929885,2664.18994140625,493603
2022-01-17,2664.190203117328,2683.5261668190647,2640.858479051224,2678.001708984375,359887
2022-01-18,2700.3960046989637,2700.3960046989637,2635.136736455183,2648.9482421875,325792
2022-01-19,2650.8222595181883,2660.5397355604714,2628.279815342769,2637.4052734375,444989
2022-01-20,2650.8224142985146,2659.8984979519787,2620.338546143528,2639.921142578125,355370
2022-01-21,2634.0511594193204,2673.512600009872,2624.6296923076225,2664.2392578125,1397913
2022-01-24,2678.3466064218396,2684.7099565811136,2580.6304040592813,2604.800537109375,663508
2022-01-25,2580.7785365533605,2643.916849374238,2510.7344707677,2554.980712890625,1714221
2022-01-27,2515.667064754759,2541.9581555802893,2414.7443731627127,2427.7666015625,2000581
2022-01-28,2428.7533112583337,2483.111550805714,2427.8655250428537,2442.46630859375,440807
2022-01-31,2489.0306786324227,2489.0306786324227,2412.327493827163,2423.426025390625,347289
2022-02-01,2441.676620138587,2443.6496921548605,2407.147859853799,2439.5556640625,551658
2022-02-02,2448.582413552113,2525.5322234864666,2439.555705266607,2488.931640625,855656
2022-02-03,2505.6043872261757,2505.6043872261757,2457.461378292453,2469.4970703125,675190
2022-02-04,2470.2863063751315,2476.2055227642095,2439.3091702803704,2448.38525390625,452448
2022-02-07,2434.7709170024123,2445.4749292471747,2387.4171876603878,2402.70849609375,380883
2022-02-08,2412.869807140282,2412.869807140282,2370.2021249604495,2382.829833984375,547630
2022-02-09,2390.9194863293937,2461.90070678344,2387.762619147782,2447.201416015625,363447
2022-02-10,2462.3942198392588,2464.613926167239,2427.4215616424603,2455.537841796875,172476
2022-02-11,2440.6903237903434,2440.6903237903434,2388.9465532533704,2399.50244140625,396913
2022-02-14,2366.7001232994203,2384.0632551431586,2333.5524137262983,2356.390869140625,422290
2022-02-15,2356.3906481187664,2419.5783280856117,2341.197848967145,2415.138916015625,262303
2022-02-16,2417.0135394405474,2426.6322667913823,2382.4847745913967,2390.0810546875,289025
2022-02-17,2405.1751232003135,2424.8070961581902,2378.5386472665937,2413.856689453125,210230
2022-02-18,2396.2958374359077,2426.8784520758886,2386.0359598335745,2397.972900390625,151611
2022-02-21,2380.5115901641407,2420.2690428452565,2366.5028258274588,2393.632568359375,187481
2022-02-22,2343.0231053946295,2379.278305025473,2322.3058484627195,2350.619384765625,485885
2022-02-23,2367.6369833751437,2399.255509789578,2361.7671424491155,2383.076416015625,227717
2022-02-24,2333.1577644484337,2348.9423412903684,2260.1540965544873,2279.63818359375,795911
2022-02-25,2293.844482027144,2347.956087356596,2288.862667045641,2337.153564453125,332653
2022-02-28,2332.171390085205,2373.2113890609485,2280.871511792299,2370.596923828125,628032
2022-03-02,2351.4086000462867,2371.681963396748,2311.0099982602483,2365.51611328125,541887
2022-03-03,2367.686434334714,2381.5966884778377,2292.068545179556,2307.162353515625,564644
2022-03-04,2298.628904622264,2299.023422685084,2199.975303565515,2230.508544921875,711480
2022-03-07,2192.921967446804,2192.921967446804,2115.429505044217,2135.50537109375,744449
2022-03-08,2130.720672049413,2190.0607208725073,2104.8240999701393,2151.4873046875,495530
2022-03-09,2170.3792930003788,2220.6432561834777,2140.8325867050103,2207.47314453125,539655
2022-03-10,2318.3597362753358,2332.8617681570754,2244.369531926123,2318.260986328125,921069
2022-03-11,2309.480913562009,2317.3732020321054,2255.76407333312,2306.669189453125,264071
2022-03-14,2318.3597929214316,2347.9558753842584,2286.445254324269,2313.131103515625,379972
2022-03-15,2338.090413648187,2366.403949811534,2321.6153099590083,2338.633056640625,361588
2022-03-16,2358.314626392169,2434.7711767144415,2358.314626392169,2429.73974609375,581040
2022-03-17,2451.5421773757953,2500.819606774473,2430.282276519998,2476.60009765625,1126143
2022-03-21,2412.0807407257507,2509.599929590986,2412.0807407257507,2451.788818359375,684624
2022-03-22,2441.6766592265894,2441.6766592265894,2372.619137551494,2417.358642578125,457034
2022-03-23,2426.878815606464,2440.640946085231,2377.650760363017,2401.130126953125,319750
2022-03-24,2396.197380809908,2414.793682200645,2378.1930974067163,2391.01806640625,217061
2022-03-25,2402.165939479989,2430.824860293358,2386.1347284492394,2423.37646484375,344943
2022-03-28,2430.7757598002117,2435.955074718066,2353.974063101877,2367.440185546875,430065
2022-03-29,2385.4441583860234,2392.3499107055864,2361.224650294567,2365.6640625,389664
2022-03-30,2385.148279606608,2413.0672993933554,2370.103604089131,2407.444091796875,393851
2022-03-31,2421.995517314519,2445.62300890308,2407.6413687890145,2421.255615234375,439928
2022-04-01,2440.3942397005544,2458.447898037427,2411.439550421584,2452.429931640625,238209
2022-04-04,2461.4076562725513,2474.2326260246728,2447.6455253630998,2461.45703125,241100
2022-04-05,2466.3403020483997,2493.124661387227,2451.5422602361095,2473.88720703125,276256
2022-04-06,2465.3537057149783,2505.80168568069,2456.86939894173,2495.492431640625,255433
2022-04-07,2501.855504714281,2524.2004506369744,2448.8291902906244,2459.533203125,345464
2022-04-08,2467.5238773697615,2499.9316823926056,2461.40740213636,2491.1513671875,257868
2022-04-11,2491.003664576696,2504.56853601746,2407.1480956701535,2416.1748046875,690328
2022-04-12,2416.1748987335304,2421.650222498902,2333.897880733546,2343.7138671875,823170
2022-04-13,2343.7135797885226,2387.417173743035,2317.5210002281992,2334.193603515625,624747
2022-04-18,2328.126323465829,2351.359295568252,2291.2793465830555,2332.5166015625,339982
2022-04-19,2350.9155740337255,2369.8570193676105,2273.9657566713126,2297.19873046875,406353
2022-04-20,2329.408847621881,2349.928845408241,2284.1269397633587,2337.005126953125,354202
2022-04-21,2352.8885304081305,2381.498076480179,2338.13986431066,2373.951171875,254959
2022-04-22,2367.6865018522853,2406.55592558295,2348.4984239975624,2393.73095703125,316943
2022-04-25,2388.4039017488994,2388.4039017488994,2352.6913430450477,2375.92431640625,293372
2022-04-26,2382.4353008623125,2407.246828230471,2367.2427412998345,2403.9912109375,223865
2022-04-27,2400.242257194595,2400.242257194595,2359.3503852828044,2378.83447265625,224368
2022-04-28,2390.376814889266,2430.824792359534,2366.1573070381933,2424.856201171875,401194
2022-04-29,2430.8248339079173,2433.7844420660845,2382.2379333113404,2391.0673828125,382695
2022-05-02,2382.2873246789622,2398.121276604827,2365.318952626071,2391.462158203125,181102
2022-05-04,2380.5116154964608,2386.3320821601956,2271.104858063092,2292.75927734375,645967
2022-05-05,2298.6289198266268,2315.992050068871,2264.2480432895286,2270.75927734375,263708
2022-05-06,2244.369330130086,2254.7773327767754,2188.136779880673,2206.3876953125,386579
2022-05-09,2170.379312920811,2207.8676828712614,2161.5498634321343,2169.836669921875,389024
2022-05-10,2187.1996942346677,2213.2935233506255,2162.5362941527574,2173.58544921875,258750
2022-05-11,2189.1235632631265,2190.6033673843044,2125.9852540928514,2135.011962890625,422151
2022-05-12,2121.0524423297134,2150.0565049671395,2076.7570713871196,2086.523681640625,376209
2022-05-13,2101.3220288198127,2141.7700115341845,2083.5643778720396,2093.18310546875,329176
2022-05-16,2110.20047021303,2110.20047021303,2059.689875992471,2086.17822265625,320258
2022-05-17,2100.335509673856,2145.8149235333462,2076.658641551652,2140.339599609375,265942
2022-05-18,2135.8508164678074,2145.0750260350846,2107.0440083609856,2133.828369140625,649979
2022-05-19,2022.3988825452918,2098.3621576457736,2022.3988825452918,2089.33544921875,940385
2022-05-20,2102.4562337585844,2118.388935683891,2062.205755081777,2110.64453125,586528
2022-05-23,2125.985410680504,2198.989086035658,2111.4340024171456,2159.281005859375,893892
2022-05-24,2159.5272971024633,2185.177233020537,2129.1913151993563,2143.298828125,301307
2022-05-25,2150.6486764437036,2153.2137666194094,2074.241504435253,2110.59521484375,518586
2022-05-26,2113.5547194583824,2129.635305109267,2077.644903880864,2104.380126953125,393960
2022-05-27,2121.3486212768044,2139.6489140790136,2109.411438140716,2134.370849609375,170206
2022-05-30,2173.58555234866,2201.948463788589,2155.9757875132404,2194.648193359375,446582
2022-05-31,2198.988873736865,2232.5310997158035,2161.007235496009,2215.16796875,940079
2022-06-01,2219.7061411244,2260.006235628004,2164.065603528294,2175.50927734375,451556
2022-06-02,2175.50934104886,2223.652350490162,2161.4018267681217,2215.513427734375,328994
2022-06-03,2221.679109209225,2229.867406317068,2158.096911115038,2166.03857421875,384122
2022-06-06,2174.1284906209667,2176.79209014724,2116.2679989132102,2142.756591796875,229982
2022-06-07,2135.850537028108,2136.8370730729253,2095.5504432559364,2104.577392578125,200510
2022-06-08,2106.303939429385,2118.8822746503624,2067.779656719134,2072.564453125,345982
2022-06-09,2064.1294872871686,2078.335510490407,2035.4705660072834,2068.322265625,559811
2022-06-10,2055.9413261369273,2087.905000892837,2042.1298201072166,2080.407470703125,295372
2022-06-13,2024.421366778551,2113.1602370595274,2024.421366778551,2103.73876953125,753593
2022-06-14,2086.523745585236,2119.0794352326657,2079.667368208983,2091.55517578125,248772
2022-06-15,2108.9677208902754,2115.133572021401,2075.6721247821956,2084.20556640625,204558
2022-06-16,2121.052464300379,2121.052464300379,2051.9949422068785,2068.8154296875,266206
2022-06-17,2043.2149965208712,2068.7661849627343,1961.776393954039,1972.529541015625,942457
2022-06-20,1991.3233077848954,2091.456731485746,1983.5790227465898,2078.286376953125,1017430
2022-06-21,2080.505683105919,2091.456329094946,2054.658487964223,2072.317626953125,521691
2022-06-22,2072.7123303380445,2106.0572984351807,2047.0623919331,2054.06689453125,496514
2022-06-23,2069.7527574844053,2126.6264678488874,2059.1968692847217,2116.66259765625,438833
2022-06-24,2134.2229903225416,2149.6128091293917,2107.290506343626,2140.04345703125,428639
2022-06-27,2155.5813085204472,2159.724711835226,2104.4293170546475,2114.294677734375,438460
2022-06-28,2102.3083010929336,2111.039241387733,2071.725683855073,2087.70751953125,245869
2022-06-29,2076.6582584964294,2112.765572063948,2057.618065722885,2069.900390625,461278
2022-06-30,2076.855769394941,2101.025904075902,2051.008571498663,2061.76171875,309969
2022-07-01,2071.6764305747442,2135.209499790412,2054.757432837499,2129.290283203125,501109
2022-07-04,2122.1377871693644,2177.0877968198283,2122.1377871693644,2162.930908203125,204185
2022-07-05,2170.3792346406613,2189.9620708946222,2141.572431151589,2147.73828125,342209
2022-07-06,2170.3794307444377,2209.2488569354446,2161.599355752388,2189.666259765625,516489
2022-07-07,2209.5942634020876,2242.495339176236,2198.298473056911,2206.9306640625,320355
2022-07-08,2211.8139808722444,2224.5895754545663,2198.989011313217,2220.544921875,214805
2022-07-11,2229.5222847150335,2248.2664712345713,2205.450899420836,2238.006591796875,259144
2022-07-12,2237.365042069482,2237.365042069482,2210.481934339116,2220.446044921875,165755
2022-07-13,2243.383164535584,2271.795453312549,2235.293616422568,2254.678955078125,563234
2022-07-14,2259.0689680843893,2270.9074015413566,2232.531242759772,2258.970458984375,233904
2022-07-15,2258.9703098914983,2288.763650621119,2251.7191735362653,2276.579833984375,268077
2022-07-18,2285.8040271270647,2293.696315524569,2250.2887293382973,2271.104736328125,233258
2022-07-19,2249.8449971621567,2271.9926848906202,2239.436992923017,2260.59814453125,155639
2022-07-20,2274.4097377143357,2301.5888570430125,2266.073555348393,2289.6025390625,361939
2022-07-21,2293.647096040683,2340.063668495848,2282.351305676705,2330.34619140625,368969
2022-07-22,2330.346277967084,2346.22960637521,2312.5886272092775,2326.005615234375,220975
2022-07-25,2326.2521594982295,2351.902098491849,2286.889464845593,2301.884765625,323481
2022-07-26,2302.5780896493216,2307.5320012019233,2251.007822008694,2299.1103515625,362253
2022-07-27,2288.8062914617662,2342.3085357430123,2288.8062914617662,2332.69775390625,265480
2022-07-28,2351.0272540028127,2382.831463009461,2329.9237842459183,2377.679443359375,426773
2022-07-29,2409.384362603085,2437.3243741235337,2385.5064132387206,2428.655029296875,341453
2022-08-01,2449.0159514436073,2480.919095912357,2434.2531487499264,2473.141357421875,358532
2022-08-02,2486.8636581448063,2514.6055634946288,2474.578053960258,2497.21728515625,370124
2022-08-03,2496.7714125817397,2506.6792356475403,2471.3083556806746,2499.991455078125,216092
2022-08-04,2511.633090521387,2536.2541270405686,2484.138882134023,2530.55712890625,411253
2022-08-05,2547.1032189472676,2625.2262592026614,2539.7712846960503,2616.507568359375,1026958
2022-08-08,2625.5731109615804,2631.0720011380517,2585.941818720651,2624.92919921875,496035
2022-08-10,2625.4246307172148,2646.429167549646,2588.7160973369037,2612.494873046875,1014686
2022-08-11,2635.481061476676,2653.3647313433125,2607.441872482169,2616.309326171875,565999
2022-08-12,2616.3092626878033,2630.4774983833813,2594.016660265109,2598.32666015625,509065
2022-08-16,2615.6653336889244,2654.0581487193963,2601.794381161786,2641.177978515625,387950
2022-08-17,2654.305976155776,2715.7344832560593,2648.361281920265,2691.26220703125,986217
2022-08-18,2694.779386091482,2709.789641462694,2677.0938249477877,2698.14794921875,205978
2022-08-19,2704.786020033736,2718.0130601452993,2684.2768753437267,2695.720458984375,412226
2022-08-22,2675.1121936502577,2681.9484947223914,2621.11455863028,2655.445068359375,374670
2022-08-23,2634.4904030405687,2668.276179655137,2608.977756226618,2653.166748046875,289573
2022-08-24,2645.388749210194,2673.0314787099014,2619.67799682344,2646.1318359375,212217
2022-08-25,2650.342619614926,2671.1490476567633,2630.6754944478694,2638.700927734375,413479
2022-08-26,2650.2932291996667,2670.158463923413,2627.6539973762324,2642.3173828125,186127
2022-08-29,2576.033887388372,2684.9207614876696,2572.16993331337,2675.458984375,398662
2022-08-30,2690.469558931056,2736.838222797216,2686.011038211045,2711.077880859375,521669
2022-09-01,2711.077750686113,2799.9508777263472,2691.9556032492874,2794.303466796875,733334
2022-09-02,2803.864625434419,2868.3150694136257,2799.951083303249,2840.27587890625,821046
2022-09-05,2848.49922571375,2866.3333078225664,2803.468216767032,2806.638671875,348835
2022-09-06,2821.748113780038,2829.12939385974,2772.2089966139556,2789.844970703125,234997
2022-09-07,2790.9346428205804,2805.8955527285743,2766.36343459982,2778.005126953125,290684
2022-09-08,2798.464759786512,2848.4992686798446,2791.033892129086,2843.198486328125,446745
2022-09-09,2863.3610623780755,2863.3610623780755,2806.9856420236783,2817.93359375,257247
2022-09-12,2828.6833908172166,2852.412577889289,2818.775568082305,2831.259521484375,165314
2022-09-13,2842.554668934815,2854.4440575814574,2818.7758916415296,2831.111083984375,196755
2022-09-14,2779.144294376856,2865.3423527051223,2779.144294376856,2842.702880859375,467827
2022-09-15,2857.4162452597507,2892.044039382341,2839.5325757905357,2875.101806640625,699294
2022-09-16,2876.2410401164107,2879.213387040403,2762.400249683596,2773.249267578125,722787
2022-09-19,2773.24917175334,2801.7837496157445,2731.636316255309,2780.927734375,230117
2022-09-20,2793.8575343830144,2856.9703178140535,2785.6835804987927,2807.77783203125,270503
2022-09-21,2803.9141239952883,2841.2169836944695,2785.188433845545,2792.767822265625,196412
2022-09-22,2788.2594086209488,2794.005994150078,2724.6512354300407,2784.048583984375,408615
2022-09-23,2786.0303615121684,2787.0211438553433,2744.4670905940325,2774.83447265625,318784
2022-09-26,2754.37504067631,2803.7656395107174,2737.0363488734915,2776.370361328125,411652
2022-09-27,2789.00266275989,2817.5372421529682,2764.2826920815055,2778.450927734375,555549
2022-09-28,2769.2364910176348,2769.2364910176348,2731.3886560479573,2744.21923828125,934274
2022-09-29,2757.94169696691,2762.3010423149103,2645.388731341754,2679.2734375,781261
2022-09-30,2682.3450083302873,2691.955548402559,2650.5903867736274,2665.501708984375,522625
2022-10-03,2665.204282169118,2667.1858466911767,2612.544301751485,2631.765380859375,335932
2022-10-04,2666.1952538039377,2673.3784257066054,2648.460346827921,2661.88525390625,278679
2022-10-06,2688.983107847526,2688.983107847526,2630.5269533291016,2637.412841796875,297428
2022-10-07,2638.354170093109,2675.607682461322,2616.656133819793,2638.05712890625,315243
2022-10-10,2600.01081789875,2634.490089714956,2569.3461546270437,2621.06494140625,203431
2022-10-11,2642.416365759296,2648.113363923194,2581.9786461075087,2587.92333984375,230529
2022-10-12,2600.902722393136,2635.480928038763,2578.5109455717597,2630.675537109375,181549
2022-10-13,2625.5731800693497,2643.0110458704257,2589.5581455413676,2597.43505859375,161572
2022-10-14,2630.427953485019,2643.5558195687486,2591.2427052151943,2595.60205078125,96984
2022-10-17,2608.5812001131826,2684.177693911785,2601.0015706025556,2666.59130859375,817003
2022-10-18,2679.96718843498,2712.266791086754,2660.250715641255,2687.645751953125,436400
2022-10-19,2675.112469407414,2678.927078388403,2603.0330500928253,2640.385498046875,403651
2022-10-20,2639.3449669787074,2687.00169407589,2631.617058273407,2664.956787109375,427176
2022-10-21,2665.2044382743125,2675.013086476931,2602.1412404221605,2613.386474609375,299403
2022-10-24,2640.434876469554,2645.388788057677,2610.7114069408162,2619.133056640625,65413
2022-10-25,2607.7391974325838,2610.7115445421196,2571.080249748311,2594.16552734375,268752
2022-10-27,2599.9118580721483,2617.6467639941498,2522.0362746961046,2540.761962890625,611705
2022-10-28,2544.3290339171012,2563.9465725099267,2531.498451068811,2536.94775390625,410190
2022-10-31,2539.3749926079536,2572.417678518728,2530.0617358991453,2560.57763671875,708497
2022-11-01,2573.0617841312055,2625.573249113475,2566.175895120066,2619.380859375,319290
2022-11-02,2620.1239148648924,2625.077826596533,2571.5259923994504,2610.16650390625,465724
2022-11-03,2598.524709321477,2623.78965816097,2580.987910857989,2619.1826171875,234210
2022-11-04,2619.182619839884,2638.5028748543555,2601.0016677240274,2623.591552734375,187803
2022-11-07,2622.6006288688995,2642.6639695317617,2588.914032200391,2604.419677734375,621515
2022-11-09,2620.6190747169267,2643.3574791800033,2597.8310827628666,2627.80224609375,399448
2022-11-10,2576.0340648927754,2647.320805348976,2576.0340648927754,2631.86474609375,491005
2022-11-11,2644.3980725256934,2660.2505900080505,2609.81986552339,2636.669921875,253691
2022-11-14,2625.5731908205594,2662.9752240105504,2615.665367458972,2630.081298828125,461694
2022-11-15,2643.258776425335,2655.2966851635515,2615.9626744367474,2650.3427734375,261836
2022-11-16,2646.42905572424,2660.2504201435927,2628.7434952811695,2657.723876953125,349213
2022-11-17,2657.7238464781362,2674.1213413919445,2636.867831358228,2668.374755859375,335754
2022-11-18,2673.1306627419654,2688.983179644809,2650.9865814372215,2674.369140625,219271
2022-11-21,2685.1684718810016,2693.3424256072735,2632.458903502961,2637.46240234375,220778
2022-11-22,2638.750603688327,2679.0258082777004,2636.273647886023,2672.09033203125,290848
2022-11-23,2675.01312137043,2692.9463783354468,2660.448669468293,2671.594970703125,192479
2022-11-24,2684.9703553104255,2690.9646364021005,2669.315947118264,2678.97607421875,142617
2022-11-25,2674.8150384775413,2682.047797947205,2628.743659606265,2637.561767578125,266750
2022-11-28,2637.5617928720917,2672.1400001595957,2637.5617928720917,2667.532958984375,267957
2022-11-29,2665.2043046146914,2727.6235875852212,2660.943892478345,2702.804443359375,401963
2022-11-30,2710.8299818115947,2761.8056831731974,2679.719272210512,2723.36328125,1312335
2022-12-01,2727.17789120223,2740.503864871375,2701.8633548460734,2708.35302734375,268815
2022-12-02,2708.3530392524367,2718.657078548406,2680.066155846879,2710.978515625,196921
2022-12-05,2702.953419075201,2714.5951116587757,2669.167644268058,2708.600830078125,339575
2022-12-06,2698.8909880921674,2753.384014650563,2695.175554463186,2731.784912109375,502915
2022-12-07,2749.420857274949,2770.2272853840564,2738.52225207494,2746.8447265625,437482
2022-12-08,2764.2828148691387,2767.1559869887183,2728.7138245091714,2736.293212890625,252147
2022-12-09,2742.4359169864506,2755.91065350444,2694.927952380435,2714.396728515625,234682
2022-12-12,2709.789585312854,2712.118020469481,2652.175691434224,2663.371337890625,331339
2022-12-13,2655.593920658617,2663.718287365714,2612.792172490557,2624.38427734375,274138
2022-12-14,2621.4119438781163,2635.4810046224934,2599.218274494533,2611.99951171875,299925
2022-12-15,2606.6988098979773,2613.2876577469247,2584.455794223761,2592.431640625,177718
2022-12-16,2590.895898862937,2590.895898862937,2534.4213037443183,2568.99951171875,450977
2022-12-19,2567.1169778042718,2581.6814294546825,2548.2921138219167,2575.885498046875,216329
2022-12-20,2566.12618357325,2575.736723604729,2542.347408127011,2552.94873046875,148058
2022-12-21,2556.317677212356,2576.034149523775,2527.4858136289035,2542.099853515625,171894
2022-12-22,2536.402713823846,2562.361161970095,2501.725332970786,2528.228759765625,187402
2022-12-23,2511.7323377792786,2520.6493785939247,2460.2610031203467,2467.295654296875,244433
2022-12-26,2457.1400653547603,2501.130702026803,2438.860180585303,2490.380859375,258697
2022-12-27,2491.817452685032,2521.4913338131205,2485.8727589609325,2513.76318359375,146799
2022-12-28,2514.3580141174966,2609.6712318051,2500.88327683653,2564.045654296875,490765
2022-12-29,2561.7172243286745,2696.0178134814482,2517.0328458393524,2577.71826171875,616364
2022-12-30,2585.9417261967787,2585.9417261967787,2517.875032586421,2526.643310546875,205066
2023-01-02,2531.448756523283,2536.4026679841895,2486.8635533751235,2506.67919921875,334889
2023-01-03,2515.59631073395,2528.278372809273,2493.0560129516743,2513.61474609375,321734
2023-01-04,2515.4972503712524,2515.5964253638676,2481.018217572814,2487.804931640625,168265
2023-01-05,2496.7715498861853,2530.4581501624275,2487.8049211404937,2494.88916015625,243997
2023-01-06,2497.7622275752974,2514.7047019956185,2487.9535793678783,2499.05029296875,159896
2023-01-09,2511.583727904842,2534.421309979142,2503.7070564180185,2528.823486328125,164218
2023-01-10,2528.8728213277395,2540.316406065238,2489.8360927537474,2505.88671875,156258
2023-01-11,2506.7784578029996,2514.010975264955,2452.235842421426,2456.644775390625,268246
2023-01-12,2459.022577954877,2502.864696233599,2440.0987805099435,2472.497314453125,286562
2023-01-13,2484.882176111046,2490.8764578086575,2449.8085770799235,2482.058349609375,185651
2023-01-16,2485.8727691324457,2493.65050687605,2424.097396507328,2427.218505859375,243197
2023-01-17,2425.385636684599,2441.2877419858883,2391.9467319394594,2414.982421875,552231
2023-01-18,2414.982440234807,2470.31773237502,2408.7404629235484,2465.71044921875,175869
2023-01-19,2457.1401729664512,2462.14367209993,2414.041141706757,2430.587158203125,273613
2023-01-20,2426.426063377384,2426.426063377384,2372.923814531986,2380.453857421875,246731
2023-01-23,2386.794594011868,2405.6194579746016,2359.6966009725843,2387.38916015625,251624
2023-01-24,2387.3891993544808,2402.647150481866,2355.3372942198007,2360.390380859375,259197
2023-01-25,2309.5134853079608,2330.3199131035276,2277.80845247662,2293.958251953125,836733
2023-01-27,2298.6149579291323,2298.6149579291323,2236.195672433643,2269.535400390625,445082
2023-01-30,2283.7037026940943,2298.615025266214,2244.1715841449573,2262.352294921875,315941
2023-01-31,2282.6632456832785,2283.6540279839164,2254.2774295260906,2258.537841796875,553717
2023-02-01,2270.3775854067744,2311.495049859919,2249.0757664732178,2293.958251953125,344260
2023-02-02,2287.76599078943,2288.7071856262546,2232.0344846459334,2270.328125,407271
2023-02-03,2270.3776068349157,2327.2980007491137,2260.568958966226,2319.96630859375,313695
2023-02-06,2331.607881019764,2331.607881019764,2299.6055664647283,2311.792236328125,260974
2023-02-07,2311.792387231992,2321.402927156733,2291.6794581790537,2293.859130859375,191927
2023-02-08,2296.633459426888,2318.1333877829097,2279.7901596813067,2312.23828125,177766
2023-02-09,2313.4273400497923,2318.4308395987687,2293.661279346645,2306.194580078125,177557
2023-02-10,2307.532187583997,2327.6451184901475,2289.004605258814,2294.800537109375,319443
2023-02-13,2279.839837928918,2296.7327258418904,2268.891644280436,2280.7314453125,181580
2023-02-14,2302.578278853857,2302.578278853857,2257.0022888249077,2274.935546875,213300
2023-02-15,2278.7992291185724,2300.6460266279455,2260.965148195036,2289.9951171875,191808
2023-02-16,2297.624035450894,2306.095272057957,2281.0780202704905,2295.394775390625,315493
2023-02-17,2294.998877449991,2320.5115238993053,2279.443400471623,2311.594482421875,316431
2023-02-20,2320.263653555702,2320.4121741463814,2285.536685150405,2298.66455078125,275669
2023-02-21,2308.5226689510428,2313.476580257805,2284.7438946785855,2310.355712890625,256936
2023-02-22,2298.56562285682,2298.56562285682,2259.974696043765,2273.498779296875,330363
2023-02-23,2276.8178702140353,2279.146305523216,2237.1865756933385,2247.242919921875,381344
2023-02-24,2249.075977546829,2267.2073432769043,2229.309917664056,2254.723388671875,458298
2023-02-27,2244.12209773422,2272.062112559752,2240.1589682017975,2258.636962890625,231825
2023-02-28,2256.0113731031697,2292.274103260915,2245.806266691326,2279.592041015625,312343
2023-03-01,2291.0356156620405,2294.8995699898005,2274.043553582276,2286.230224609375,283892
2023-03-02,2285.7347382773073,2294.5526038838893,2268.8914393823293,2288.60791015625,233107
2023-03-03,2296.6333781165768,2308.5227657513474,2283.753208178908,2297.37646484375,313073
2023-03-06,2309.1174821647264,2347.8073400986136,2303.965220342185,2329.329345703125,332386
2023-03-08,2328.2392693454563,2331.063095704244,2305.8973216151962,2326.4560546875,228845
2023-03-09,2332.3015145908535,2337.255426049203,2280.7808354240206,2287.2705078125,306514
2023-03-10,2276.81767934812,2296.286454393252,2254.0296869090394,2292.1748046875,161789
2023-03-13,2284.7441876364774,2292.1750555494323,2261.014997812488,2271.418212890625,340575
2023-03-14,2270.8730458145565,2291.629886751442,2259.9744404463363,2281.028564453125,340133
2023-03-15,2292.6700977713804,2315.9038928647064,2280.97881898984,2290.1435546875,205114
2023-03-16,2302.1817620784022,2342.40737680488,2290.7877660587747,2319.619384765625,263331
2023-03-17,2333.3419318525507,2336.066583210082,2303.4203544133366,2328.2392578125,425920
2023-03-20,2308.5229069653765,2354.990503057645,2298.763603928767,2350.531982421875,311427
2023-03-21,2362.272927553032,2367.8214057264668,2329.428587883254,2336.710693359375,299389
2023-03-22,2352.1172257047447,2376.292217536357,2343.200184832233,2355.13916015625,1026637
2023-03-23,2355.1391819762907,2361.3315715284625,2334.332753080995,2346.271728515625,271280
2023-03-24,2346.271720162404,2357.0711507468563,2329.973157406942,2342.75439453125,270195
2023-03-27,2334.2831707338087,2348.154123361259,2314.170241045962,2330.36962890625,190338
2023-03-28,2333.2923664526616,2333.7381701191634,2295.147247086026,2314.51708984375,301608
2023-03-29,2314.517038554946,2324.375274054501,2283.753199785006,2293.859130859375,330670
2023-03-31,2303.519298656287,2346.172525764981,2291.679498350676,2331.310791015625,521107
2023-04-03,2328.338693182712,2328.338693182712,2275.1337254654786,2306.145263671875,411040
2023-04-05,2296.6333036013225,2313.4270147125153,2285.1401325045276,2301.042236328125,226417
2023-04-06,2303.568891352111,2326.2083640941737,2296.5342401321113,2310.553955078125,368699
2023-04-10,2312.4363245961276,2342.2589688903013,2291.035571829168,2333.98583984375,277272
2023-04-11,2342.209241578675,2344.8843052785805,2307.5318627904967,2324.523681640625,280704
2023-04-12,2324.474653867767,2337.7014535942226,2313.9226763167494,2326.158935546875,483206
2023-04-13,2326.0596652288536,2344.1910305379397,2322.294643936167,2328.53662109375,339297
2023-04-17,2336.2648282438677,2354.049323405677,2327.298199418152,2347.85693359375,245889
2023-04-18,2353.1079001196363,2414.5364010911803,2330.319907823741,2410.077880859375,375635
2023-04-19,2424.7910050522164,2426.2275909181676,2377.8773693630797,2386.398193359375,250464
2023-04-20,2392.7393776376075,2403.2911129195477,2378.9675997149543,2385.903076171875,128035
2023-04-21,2397.594127981961,2422.5124493846024,2391.748608834106,2417.657470703125,367124
2023-04-24,2427.416933295553,2427.8131495081584,2393.7303309559416,2398.832763671875,184164
2023-04-25,2398.8325201101543,2406.4617374952254,2380.8499177372632,2389.123046875,198464
2023-04-26,2385.754265873027,2407.6010646525474,2381.6426159549133,2389.519287109375,261256
2023-04-27,2406.065206885947,2427.2680930535084,2363.0157647077817,2367.177001953125,330033
2023-04-28,2372.9733108698097,2400.1702379433837,2354.0988587630463,2396.9501953125,378439
2023-05-02,2406.6102932452022,2408.5918579164622,2383.822299525713,2397.445556640625,189298
2023-05-03,2400.6159621870006,2446.9350354216594,2391.4016382777854,2441.238037109375,536625
2023-05-04,2452.136717315876,2452.136717315876,2428.1598329357666,2442.427001953125,299652
2023-05-05,2447.5793632469163,2463.9766182179114,2438.810842377462,2449.313232421875,341393
2023-05-08,2457.486947426635,2469.029464338104,2394.7207926585866,2428.110107421875,682720
2023-05-09,2402.6472330696242,2455.6540895517787,2378.0261945643465,2448.96630859375,1102876
2023-05-10,2454.1677927386695,2521.441815129518,2454.1677927386695,2486.26904296875,1196164
2023-05-11,2516.537481657357,2551.2644500250613,2500.6353771927506,2542.793212890625,840132
2023-05-12,2556.2184393570633,2589.6573433602807,2531.4488808361616,2563.401611328125,671693
2023-05-15,2563.15387229503,2576.034042507568,2521.9372308588227,2526.841796875,248675
2023-05-16,2544.774761902464,2556.2183458987743,2516.587053714297,2520.748291015625,202738
2023-05-17,2516.537462722965,2535.610022060233,2499.7933385543824,2521.64013671875,655757
2023-05-18,2531.646880495991,2547.4993972704056,2518.6677775210646,2528.72412109375,394341
2023-05-19,2528.7240720687573,2551.957868137778,2521.8381836064113,2542.94189453125,313001
2023-05-22,2539.4742707952664,2550.719505035857,2502.7161498275404,2511.831298828125,255297
2023-05-23,2525.5039634663167,2531.8944606215678,2504.6975361486266,2509.94873046875,183100
2023-05-24,2493.799154578566,2512.52484408451,2487.65635243679,2503.360107421875,234361
2023-05-25,2499.74375950148,2518.5190358331297,2472.9926372238187,2499.991455078125,359963
2023-05-26,2517.528452165244,2567.414441993752,2497.7623919674274,2562.311767578125,311970
2023-05-29,2571.6250671142843,2575.043217697788,2546.3105307746496,2559.14111328125,219835
2023-05-30,2566.1261162996666,2580.9878505639504,2548.8866013091797,2570.287353515625,181279
2023-05-31,2576.0836171112305,2594.561610606053,2568.206946052559,2583.811767578125,495074
2023-06-01,2593.868091786303,2644.3979896782444,2589.9545500334993,2627.10888671875,478918
2023-06-02,2628.0996354178005,2636.9670886152257,2598.821970106232,2608.184814453125,263292
2023-06-05,2614.6745634351546,2627.3566256108375,2600.803610843987,2614.228759765625,115456
2023-06-06,2612.693105169797,2628.991426750054,2585.743873130467,2599.912109375,127143
2023-06-07,2606.7481639680323,2639.8401951771853,2606.7481639680323,2630.37841796875,182315
2023-06-08,2639.444170618292,2653.3151234668867,2597.484441495205,2610.16650390625,164181
2023-06-09,2613.6837723669537,2628.4959197420894,2586.4372584397015,2590.84619140625,100618
2023-06-12,2592.1342800941743,2635.282899097388,2583.7126302591814,2616.408447265625,234521
2023-06-13,2641.425695518877,2709.7896763856447,2632.0628508651675,2661.88525390625,874863
2023-06-14,2661.241227899205,2704.4887780522063,2651.085709438309,2668.27587890625,513278
2023-06-15,2689.032922965243,2699.733420872789,2647.7666923770607,2655.990234375,401002
2023-06-16,2669.167649778335,2680.0662556237553,2643.0604381107173,2672.83349609375,435650
2023-06-19,2684.029328016481,2693.8875638074164,2643.407252546316,2648.658447265625,300224
2023-06-20,2650.2433898163217,2676.102903746704,2646.181327654863,2653.810302734375,447600
2023-06-21,2675.1121881580484,2678.08453503378,2635.778179547248,2646.627197265625,347029
2023-06-22,2659.210193109378,2663.7183011005914,2607.8382743000216,2611.99951171875,163415
2023-06-23,2625.969305571917,2658.863471374037,2611.7021372383833,2633.796630859375,789589
2023-06-26,2625.5732094327427,2644.398073953204,2599.7632810148034,2606.649169921875,243751
2023-06-27,2611.7021196697415,2631.71587357445,2592.8276686438594,2597.187255859375,362724
2023-06-28,2601.9926361307935,2610.0676576561987,2566.1263623783007,2574.696533203125,770303
2023-06-30,2578.1148003270205,2621.5108729139233,2561.469608787688,2573.160888671875,722273
2023-07-03,2575.2415256252516,2589.459349600083,2546.3107283735285,2547.747314453125,473016
2023-07-04,2547.747129969088,2564.1446256245986,2535.0157223832484,2546.75634765625,438598
2023-07-05,2551.2644127514423,2602.388875992176,2551.2644127514423,2584.802490234375,543932
2023-07-06,2595.8495890990703,2634.143227693629,2590.895677669492,2624.582275390625,326780
2023-07-07,2630.527193142853,2637.462669734943,2582.3257275839155,2588.86474609375,310425
2023-07-10,2587.8738133822303,2596.5927461123815,2557.258736674661,2571.92236328125,280989
2023-07-11,2572.021414740194,2663.222979202922,2562.163178652811,2614.526123046875,633719
2023-07-12,2555.2772428019425,2603.4787068952846,2527.9811409521244,2598.277099609375,812161
2023-07-13,2598.2769868724076,2630.5269990237916,2584.257514123336,2594.066162109375,325809
2023-07-14,2593.768905136366,2604.073186264871,2571.0800870586763,2599.3173828125,297136
2023-07-17,2576.033967325706,2624.582299786844,2576.033967325706,2615.26904296875,231762
2023-07-18,2615.269159535707,2641.6734121215936,2599.3670546121207,2633.5986328125,371797
2023-07-19,2641.9209831778885,2666.8886485729886,2618.9348823679584,2661.191650390625,401289
2023-07-20,2671.0994707244154,2671.0994707244154,2642.812587920522,2651.927978515625,213260
2023-07-21,2638.453479191798,2660.2506915621398,2628.1987847978407,2638.25537109375,211117
2023-07-24,2630.6261853206797,2640.4348333488933,2611.850667196143,2627.158447265625,255346
2023-07-25,2623.591581576998,2623.591581576998,2563.946534331576,2583.36572265625,218299
2023-07-26,2587.8738825322107,2605.509856548266,2569.1481930771524,2593.8681640625,149847
2023-07-27,2599.8380180067957,2615.110795452963,2582.9734456914493,2589.6396484375,141783
2023-07-28,2581.9287542645393,2615.160418330418,2574.1181982481785,2602.673828125,336411
2023-07-31,2602.673688490321,2613.618279925069,2577.152745443692,2601.778076171875,221454
2023-08-01,2601.828006138912,2627.498097764444,2588.9432850539724,2621.5283203125,182792
2023-08-02,2626.6024638050526,2630.6321121341575,2595.7090600739316,2613.518798828125,182882
2023-08-03,2613.717569047419,2623.2693094212764,2557.104280938676,2571.4814453125,206189
2023-08-04,2577.003536763034,2605.459328068695,2571.5312411760783,2596.654052734375,176758
2023-08-07,2596.654176425219,2610.384712770527,2586.903491605457,2597.4501953125,132591
2023-08-08,2597.8979630910844,2614.7625358876385,2581.7298157515966,2610.583740234375,294364
2023-08-09,2606.7030515519527,2611.7774592084693,2582.028167408873,2590.4853515625,244304
2023-08-10,2605.807735753459,2605.807735753459,2497.904061944464,2507.406005859375,747380
2023-08-11,2537.2052208588348,2539.145349953938,2504.3216480540996,2531.832275390625,394433
2023-08-14,2532.0808737598886,2532.1804672097787,2497.95384214543,2524.61865234375,149281
2023-08-16,2522.2309415725554,2544.567810007465,2502.3316836508784,2526.857421875,213059
2023-08-17,2527.6534241273102,2537.1553683045054,2486.4122609384153,2490.541259765625,252328
2023-08-18,2490.5910210505235,2500.341705811347,2457.558302170325,2465.1201171875,345376
2023-08-21,2464.9706738296195,2480.69113550352,2459.84671229634,2474.223876953125,272682
2023-08-22,2486.4121165708575,2487.2081354184356,2469.4977484309197,2481.73583984375,273033
2023-08-23,2497.3567067021786,2569.4915119754487,2487.407078388624,2494.322021484375,879174
2023-08-24,2512.3310107746497,2531.185508333564,2502.878863632681,2508.8984375,565703
2023-08-25,2502.3813769664384,2524.1211696009514,2496.162859122896,2515.16650390625,431499
2023-08-28,2519.1464242713014,2526.8078327929093,2497.4066310418034,2501.436279296875,342150
2023-08-29,2511.2364894253133,2575.6603353160735,2503.7742678935647,2568.9443359375,566393
2023-08-30,2567.0040883372117,2576.903919863165,2548.547479352463,2561.880126953125,389197
2023-08-31,2567.999090418427,2571.8297945173313,2482.3824894416402,2502.33154296875,1248501
2023-09-01,2512.231475945935,2520.788253880568,2473.5773137941096,2485.666015625,468711
2023-09-04,2486.412290102798,2497.3070852887827,2455.1207554421803,2462.384033203125,481518
2023-09-05,2476.3133661820593,2494.371844597875,2464.9208473138315,2478.7509765625,360316
2023-09-06,2472.4826655661604,2495.366810961743,2471.4877027228745,2489.794921875,258925
2023-09-07,2497.3567759882612,2503.3265531420184,2481.5369636951477,2494.769775390625,210905
2023-09-08,2496.3619396755676,2505.266809132492,2479.1490327608367,2492.431884765625,586237
2023-09-11,2506.311523921186,2515.266189945518,2487.4072289809314,2511.03759765625,419624
2023-09-12,2517.2560988777136,2517.2560988777136,2467.5079546311185,2474.721435546875,587884
2023-09-13,2473.477688683748,2497.9538723893697,2443.6288026577977,2476.014892578125,395453
2023-09-14,2485.4171488539146,2485.4171488539146,2454.822041837398,2470.691650390625,548954
2023-09-15,2470.5424850977356,2492.381870470387,2460.642653595601,2469.000244140625,504764
2023-09-18,2469.000449024479,2500.490927806788,2458.5533385208496,2495.51611328125,277306
2023-09-20,2499.2968602088563,2505.266637255671,2475.2188080355404,2486.611083984375,337541
2023-09-21,2478.552183821658,2505.714476733842,2473.4777758540718,2500.192626953125,279691
2023-09-22,2506.1624194976625,2507.80401113251,2480.442531145942,2505.01806640625,348380
2023-09-25,2504.321478443983,2507.10742298946,2465.0702428288487,2481.934814453125,219117
2023-09-26,2475.6666495266986,2493.3770378027616,2475.6666495266986,2489.1982421875,128154
2023-09-27,2482.4323350998325,2491.1382601227274,2467.8064296435396,2486.90966796875,178583
2023-09-28,2486.909819517335,2491.337355930901,2401.8902865520968,2409.153564453125,475791
2023-09-29,2427.7093954960033,2440.046837882542,2416.764803958931,2427.2119140625,123353
2023-10-03,2427.2119350384996,2435.5695260292387,2400.3977341231152,2413.182861328125,382674
2023-10-04,2409.75028573649,2410.7452486111647,2372.9864560994274,2394.278564453125,378833
2023-10-05,2423.331775597007,2426.0181268882807,2407.810256941631,2416.9638671875,231636
2023-10-06,2430.694378543836,2444.5242657682575,2416.963841863462,2441.9873046875,242397
2023-10-09,2417.859319810523,2426.5652447511243,2397.9600628034354,2412.784912109375,370569
2023-10-10,2417.7596947270767,2443.6287284978193,2412.7848805403955,2437.758544921875,288124
2023-10-11,2443.628905842868,2479.447570586493,2442.633942933323,2475.119384765625,449170
2023-10-12,2475.1192297309094,2484.9197109404004,2460.344177196153,2469.398193359375,124308
2023-10-13,2467.507907861615,2471.6867033169515,2442.0367613257977,2447.658447265625,146168
2023-10-16,2447.6086293368653,2450.8422586235906,2406.566411466887,2422.336669921875,412888
2023-10-17,2429.2517156048893,2431.8384733968032,2407.3625318181557,2415.123291015625,299608
2023-10-18,2407.909637081597,2422.6846893301185,2392.3881198012677,2395.124267578125,156214
2023-10-19,2387.91091460748,2393.8308951677727,2358.062028174887,2362.8876953125,324864
2023-10-20,2362.8876841018937,2373.9316262830403,2343.1375738416873,2361.245849609375,277143
2023-10-23,2361.2458420461517,2370.3498980822537,2333.1879376046763,2339.15771484375,147967
2023-10-25,2348.609958466814,2351.49525375303,2309.6074608206886,2314.582275390625,223852
2023-10-26,2309.308792806775,2310.3037556645113,2281.002148086338,2283.837646484375,280265
2023-10-27,2291.2504428897205,2322.641328487047,2284.5344432225056,2305.130126953125,422263
2023-10-30,2318.2636032524347,2318.2636032524347,2287.4197527370593,2300.50341796875,311774
2023-10-31,2352.0921457040786,2465.517909075595,2338.511000148934,2445.61865234375,2314742
2023-11-01,2439.648961843105,2452.5834791775096,2389.5524840797407,2394.22900390625,565676
2023-11-02,2417.7597476533274,2424.0778589730594,2383.184788299026,2416.068359375,237880
2023-11-03,2425.5205532925793,2446.6137177302867,2402.188722378706,2443.13134765625,159963
2023-11-06,2457.55836397589,2459.00101159929,2408.755385129338,2421.441162109375,325475
2023-11-07,2434.624398251534,2434.624398251534,2408.8051598048196,2426.01806640625,178637
2023-11-08,2451.588569501626,2476.2139011149234,2424.973312101395,2460.6923828125,350680
2023-11-09,2452.6831611139796,2487.4072694308884,2438.1566054961568,2445.171142578125,673878
2023-11-10,2445.171161418127,2457.5584011331634,2406.6163484448844,2420.09814453125,326200
2023-11-13,2432.4852934053674,2435.519978766298,2409.7004977462,2416.366943359375,181803
2023-11-15,2416.7648397814155,2457.209983760388,2408.655989459461,2447.9072265625,405307
2023-11-16,2448.106229810074,2453.7276730637027,2433.729064402914,2446.71337890625,175004
2023-11-17,2456.414112176124,2521.5343816701925,2452.6332047904443,2497.6552734375,786838
2023-11-20,2497.6552953469914,2507.306386426861,2463.7767616625056,2471.0400390625,208065
2023-11-21,2471.4878740689915,2492.1333544985127,2459.199984938158,2483.029541015625,225993
2023-11-22,2482.9796019442147,2495.167896920747,2465.56775197774,2475.81591796875,143168
2023-11-23,2475.8159766616395,2503.3266030965083,2470.4430313695275,2496.660400390625,253442
2023-11-24,2503.2269395783296,2503.774217728531,2469.497796094959,2491.486572265625,247748
2023-11-28,2478.4524257699377,2501.6351084430103,2469.249019532133,2475.517333984375,229294
2023-11-29,2476.4129053222914,2503.2271073709967,2472.4828503797166,2490.9892578125,385084
2023-11-30,2490.98921101909,2550.686984957133,2474.472729731886,2539.49365234375,894422
2023-12-01,2557.0546966877905,2563.1736214629877,2531.2354575738364,2549.244140625,300500
2023-12-04,2563.024351915124,2568.9941291323175,2533.175465829156,2540.587890625,356930
2023-12-05,2542.1301544913517,2575.3618174679127,2532.8271544133117,2558.049560546875,364575
2023-12-06,2576.9041206203697,2603.0218968097042,2557.0546592986484,2563.173583984375,439281
2023-12-07,2576.9539246298305,2614.762515029805,2570.0389810204297,2575.809814453125,418572
2023-12-08,2593.8682461159465,2593.8682461159465,2532.1805471289163,2548.74658203125,215930
2023-12-11,2548.7465396692555,2554.8657070684258,2522.927301765829,2532.727783203125,252758
2023-12-12,2533.22530195473,2601.6290002989745,2533.22530195473,2594.36572265625,705500
2023-12-13,2608.146044644025,2635.6566711326896,2563.0243808372247,2610.036376953125,631170
2023-12-14,2620.085595565516,2624.7120757902644,2586.9034863740285,2621.03076171875,451306
2023-12-15,2621.030661470397,2643.5664726619457,2610.7326988983987,2637.6962890625,515599
2023-12-18,2637.6466768288187,2653.466489947979,2629.6869735415194,2634.164306640625,464591
2023-12-19,2634.1642553699417,2647.596254405822,2605.7082195073604,2635.407958984375,389801
2023-12-20,2648.591268510006,2657.5459347070723,2555.9105705347183,2571.18310546875,597865
2023-12-21,2552.179258823484,2608.7925468286917,2535.016149962769,2602.92236328125,201946
2023-12-22,2602.971986846929,2636.5024295295602,2598.992135410259,2630.134521484375,237427
2023-12-26,2631.676880409937,2666.5005820410706,2622.722214276217,2654.51123046875,213484
2023-12-27,2659.5357663153427,2703.3639295650005,2654.5111552117,2685.50439453125,487539
2023-12-28,2706.199382399575,2709.731549130373,2682.469663964463,2694.657958984375,409640
2023-12-29,2696.3494202435922,2739.7298992244014,2665.0578860705386,2701.423828125,691045
2024-01-01,2723.3129805035896,2723.3129805035896,2679.882705292401,2683.912353515625,130958
2024-01-02,2681.425044403595,2735.1530415827397,2648.093786894311,2723.909912109375,267832
2024-01-03,2735.153001337897,2777.9364058695555,2714.308577247087,2758.285888671875,347830
2024-01-04,2764.0069201022147,2776.245012283112,2736.4464965149014,2755.10205078125,300002
2024-01-05,2751.619592685932,2755.101962704324,2700.7270965277803,2708.885986328125,377109
2024-01-08,2725.153476152419,2725.153476152419,2679.0370933491413,2700.975830078125,268950
2024-01-09,2720.974675239476,2727.143396375372,2698.0407327861026,2710.37841796875,273223
2024-01-10,2698.339427462175,2717.243722861062,2683.464780454172,2695.653076171875,274833
2024-01-11,2691.3746260342605,2730.6756603146127,2684.608829778508,2726.74560546875,232373
2024-01-12,2730.327217543276,2741.1226616691824,2696.3991299820136,2721.322998046875,185626
2024-01-15,2711.273801107096,2759.579296677799,2703.314098204763,2740.37646484375,719264
2024-01-16,2737.2424547738706,2790.87085641915,2716.2486410068736,2781.468505859375,415738
2024-01-17,2774.9514767685955,2774.9514767685955,2707.095056825985,2743.85888671875,761187
2024-01-18,2728.188093964106,2736.396537354042,2661.525584009476,2684.8076171875,468132
2024-01-19,2691.8720085233485,2698.2894703662287,2663.615160560333,2674.16162109375,627943
2024-01-23,2661.426212805002,2677.395416224743,2475.5673340086178,2509.8935546875,1269276
2024-01-24,2616.752446092069,2646.7504805815915,2517.256155366135,2578.99365234375,2141269
2024-01-25,2594.863212059962,2596.8531378360817,2556.0098626990543,2577.10302734375,757628
2024-01-29,2571.9790227970684,2596.1068724306583,2542.378877370294,2556.358154296875,1016146
2024-01-30,2556.3581510379445,2605.559016388143,2543.12509628185,2554.76611328125,1167215
2024-01-31,2558.099360920148,2570.1382660202858,2507.306457319655,2520.290771484375,3417736
2024-02-01,2529.1457731991086,2541.135124148542,2493.426703974674,2497.804443359375,356002
2024-02-02,2515.2163179530307,2528.4991693226557,2490.6407838482737,2502.679931640625,403229
2024-02-05,2502.729618837455,2553.074839492973,2498.501026449362,2541.334228515625,2227669
2024-02-06,2547.1048401653707,2605.807647028557,2541.4336006268595,2601.280517578125,816702
2024-02-07,2634.6616814291206,2710.278859597026,2620.781997965999,2682.270751953125,1061071
2024-02-08,2671.5748097998853,2710.328563704459,2590.8832265848428,2609.2900390625,316600
2024-02-09,2609.787619559284,2653.5659860330197,2596.9526956438276,2644.5615234375,277561
2024-02-12,2651.4268662467016,2670.281363801879,2636.6515706581063,2656.849365234375,364618
2024-02-13,2656.550982050688,2673.3657581435154,2636.6517237581734,2657.844482421875,182580
2024-02-14,2646.601323540696,2665.9533034332844,2627.547881101356,2649.78515625,327593
2024-02-15,2649.785132660416,2668.4904836634955,2628.691967874331,2640.183837890625,379711
2024-02-16,2640.133891014822,2701.2743088365946,2640.133891014822,2697.44384765625,578979
2024-02-19,2697.9413358100874,2714.2586292320398,2687.1956885491395,2697.493408203125,363955
2024-02-20,2678.4401545156857,2736.148003312829,2678.4401545156857,2731.770263671875,358342
2024-02-21,2743.1126452530093,2743.1126452530093,2697.8916311849275,2715.40283203125,247236
2024-02-22,2706.49799833777,2718.2386089939273,2694.4092964174597,2704.607666015625,260124
2024-02-23,2708.288933176308,2745.1025593803943,2694.6081937085733,2726.347412109375,223626
2024-02-26,2727.690615580474,2731.1729855073504,2696.448879686551,2703.7119140625,241511
2024-02-27,2703.7119625936566,2725.352404670545,2687.4942624003493,2718.188720703125,206586
2024-02-28,2716.3481790812275,2718.338104784987,2671.47525729711,2688.240478515625,709614
2024-02-29,2690.678230378777,2731.6208567217823,2646.700918595824,2722.218505859375,523031
2024-03-01,2740.077940659705,2755.0023836737855,2726.1982572387806,2743.610107421875,310933
2024-03-04,2728.3871149186325,2742.416188454268,2682.9173606520008,2688.439453125,204530
2024-03-05,2688.4893750888414,2713.71153909969,2676.4502267188077,2686.101318359375,224300
2024-03-06,2686.1011603042707,2825.6944968839102,2683.414809188699,2817.287109375,1574389
2024-03-07,2820.8194413202805,2947.776562800418,2803.1090529525704,2851.41455078125,1937996
2024-03-11,2860.5182725790187,2913.151711630129,2858.876680995621,2891.760009765625,596392
2024-03-12,2897.879197442732,2903.301696580356,2835.6442204434593,2841.514404296875,248083
2024-03-13,2858.8269871640114,2882.8552443541525,2784.8016006732287,2808.979248046875,477450
2024-03-14,2806.7405543163163,2865.4931623558195,2759.280872396971,2846.5888671875,319451
2024-03-15,2855.5433925059383,2879.422501014699,2804.8002869248226,2853.553466796875,469743
2024-03-18,2853.5535123867617,2932.0559856991676,2845.5938094233397,2910.51513671875,585618
2024-03-19,2910.515038409467,2910.515038409467,2852.6580466126884,2876.83544921875,274009
2024-03-20,2870.567527659547,2876.387914812547,2806.1932344250868,2857.33447265625,263055
2024-03-21,2857.5333452147206,2893.7996930228965,2842.5591055303626,2886.78515625,354279
2024-03-22,2892.804756260392,2954.3931038400438,2889.8198676416614,2945.189697265625,623393
2024-03-26,2966.7803990527955,2994.788507289801,2944.941012162156,2986.480712890625,1035426
2024-03-27,3015.881702043435,3019.5134623808217,2967.4768540445725,2977.2275390625,370069
2024-03-28,2982.6498328583793,3022.000661488768,2949.567318658549,2999.514404296875,661523
2024-04-01,3027.572380617946,3058.515822637205,3004.887421805403,3036.178955078125,370415
2024-04-02,3036.179018228568,3039.6115915746886,2975.635429952172,2984.639892578125,422095
2024-04-03,2994.738665919323,3003.9420725303476,2961.855337167537,2987.77392578125,319919
2024-04-04,2996.380446341302,3009.2651667820533,2977.0284673176175,2982.69970703125,321073
2024-04-05,2982.69968176105,3001.5541791955384,2965.486775865518,2985.6845703125,216912
2024-04-08,2986.381100177455,3033.6418372284065,2966.4320457453555,3028.865966796875,232856
2024-04-09,3029.114772257056,3039.512086048306,2981.0084614719926,2999.365478515625,125853
2024-04-10,2998.917761793048,3012.1505739802533,2982.8987620041976,2984.98828125,146814
2024-04-12,2984.8886864002593,3005.981851201982,2964.989428490924,2970.81005859375,185365
2024-04-15,2917.2312565363054,2936.7326267661747,2858.5284447574372,2868.776611328125,347574
2024-04-16,2867.3338041043594,2883.65109778056,2838.6290285406494,2864.59765625,187154
2024-04-18,2872.905544701725,2907.032820369955,2846.1411401571786,2857.33447265625,328125
2024-04-19,2844.6487013669685,2845.593867531004,2790.4730205480696,2816.44140625,668800
2024-04-22,2822.7594143262268,2896.3368688182964,2820.7694886176605,2883.4521484375,227565
2024-04-23,2905.1424685988845,2910.2664302775934,2861.0655643376367,2899.7197265625,379694
2024-04-24,2918.77335160452,2961.9048459139185,2912.2562962780303,2935.538330078125,283020
2024-04-25,2935.140549889878,2935.5384378848394,2895.7399219541294,2904.744384765625,291095
2024-04-26,2905.291626283529,2989.813674842722,2901.709662730616,2967.476806640625,250128
2024-04-29,2974.938882821716,3010.7575449560245,2970.1630126216387,3005.88232421875,337877
2024-04-30,3009.9118836584853,3066.226880287178,2998.469810445765,3033.641845703125,477148
2024-05-02,3033.6417161523855,3102.294152496929,2950.711465809527,2972.998779296875,545207
2024-05-03,2994.539805786723,3008.2703424541837,2922.206051194952,2937.926513671875,327375
2024-05-06,2925.3897176494443,2948.6221973188894,2919.320590022031,2938.423828125,210232
2024-05-07,2938.423845443268,2950.6121404053606,2915.7884405136674,2935.38916015625,309866
2024-05-08,2920.7135940980593,2949.965406205212,2763.011974386071,2800.870361328125,1332543
2024-05-09,2800.870384028033,2892.3571748782847,2799.8256243919823,2823.05810546875,696744
2024-05-10,2851.5137058006267,2922.205864241272,2830.7688763106944,2905.24169921875,555148
2024-05-13,2889.620836249422,2962.999345907129,2888.4269294202127,2950.91064453125,386238
2024-05-14,2960.959700027649,2979.913791255368,2946.1348504508546,2968.720458984375,275114
2024-05-15,2969.964244955398,2985.8836512935177,2940.1153580714245,2972.40185546875,327294
2024-05-16,2975.1876485281105,3014.737421633701,2968.6705933084154,3002.8974609375,602332
2024-05-17,3002.897536031511,3019.413773932058,2963.0492244936295,2971.904296875,273543
2024-05-21,2968.07380875121,3022.448431957698,2955.885513700109,3000.061767578125,728534
2024-05-22,3014.5385947950467,3047.57131396463,2984.8886522670223,2995.783447265625,672386
2024-05-23,2994.8881401353988,3010.5588058857893,2955.3383646701272,2974.14306640625,267841
2024-05-24,2988.022544160267,2995.1864709090837,2931.160515239762,2957.079345703125,769375
2024-05-27,2959.6661631766096,3014.737454434331,2957.0794054968746,3004.688232421875,323516
2024-05-28,3022.697320905473,3056.476263121437,3004.5890445236964,3032.497802734375,413115
2024-05-29,3032.1990549933334,3034.636665371872,2999.8129659331785,3021.7021484375,269778
2024-05-30,3014.538674440417,3029.5624686405795,2969.964287473383,2983.69482421875,424311
2024-05-31,2983.694696940744,2983.744493666312,2905.2915743654235,2954.542236328125,1237333
2024-06-03,3019.7121916197093,3019.7121916197093,2939.916221167974,2969.566162109375,419140
2024-06-04,2969.9640641609417,3070.803644709774,2892.605703695778,3046.775146484375,713025
2024-06-05,3048.566305709376,3214.725108925259,3034.6368252002603,3150.25146484375,632880
2024-06-06,3125.1782839076063,3148.609707397775,3068.465401964679,3073.63916015625,398647
2024-06-07,3095.677930047948,3127.1684088106967,3073.83829996571,3107.965576171875,707236
2024-06-10,3138.1129571786096,3176.9165099148067,3097.319478661069,3158.06201171875,387276
2024-06-11,3159.007141309558,3188.8560276841363,3144.381235568186,3159.405029296875,328933
2024-06-12,3166.7180422023457,3167.961745777164,3056.078220768681,3062.9931640625,687067
2024-06-13,3084.3848815847427,3087.9668450631834,3048.616015169181,3063.0927734375,671337
2024-06-14,3074.435185171374,3109.109737417663,3073.3406288796264,3094.135498046875,366384
2024-06-18,3094.334464670915,3123.188387331834,3088.8621689938445,3106.87109375,335912
2024-06-19,3113.238901771304,3132.1431967964413,3085.728274859594,3101.498291015625,309433
2024-06-20,3104.2841475965697,3142.1425332992694,3079.758410069164,3116.67138671875,468706
2024-06-21,3134.132932163541,3137.565505364217,3098.364066805622,3128.61083984375,414300
2024-06-24,3123.6859184507007,3123.6859184507007,3084.384885235602,3091.44921875,269504
2024-06-25,3092.44416013529,3130.1033586130466,3092.44416013529,3122.79052734375,221816
2024-06-26,3126.820015440564,3183.881234097245,3125.128627117122,3157.96240234375,521269
2024-06-27,3169.0065972811203,3171.543801229514,3117.2187303413775,3128.113525390625,293519
2024-06-28,3128.1133990688527,3176.568041210328,3128.1133990688527,3143.037841796875,287796
2024-07-01,3139.7544802144093,3155.8232762943467,3092.3445966736367,3105.677001953125,240293
2024-07-02,3094.334543768845,3116.1739303107006,3052.894437155705,3069.609619140625,619224
2024-07-03,3079.3602893940665,3108.512750100086,3061.351607173289,3096.274658203125,407852
2024-07-04,3094.234887256658,3118.064441975348,3076.6738900208484,3081.7978515625,213526
2024-07-05,3081.7979705036623,3095.727451018724,3064.485713313574,3084.13623046875,198671
2024-07-08,3084.136123552816,3089.3596785648824,3040.6064984522645,3053.541015625,203613
2024-07-09,3054.5360700751594,3105.2791774281995,3054.5360700751594,3098.21484375,359032
2024-07-10,3111.24899780836,3185.7220682653046,3105.6771083869858,3145.724365234375,637183
2024-07-11,3149.0077607517537,3158.0122235188173,3107.6174501345713,3145.525390625,258142
2024-07-12,3145.5252134715975,3157.912452214095,3120.850086523825,3131.794677734375,221910
2024-07-15,3134.1331229304637,3177.215064916728,3124.1834939687797,3155.02734375,256068
2024-07-16,3162.937157476782,3178.9063600743502,3132.6903834842356,3159.15625,235085
2024-07-18,3167.9618989544933,3210.7453039969064,3135.0285295365684,3177.314453125,410938
2024-07-19,3177.3144380482904,3226.714491940769,3105.72690574221,3118.9599609375,428235
2024-07-22,3124.1834822115657,3139.1079255979266,3090.951818768947,3134.4814453125,202299
2024-07-23,3134.4813144072305,3184.876085639529,3083.638615563358,3160.39990234375,353101
2024-07-24,3164.10009765625,3174.0,3097.25,3108.89990234375,170005
2024-07-25,3101.0,3115.14990234375,3081.39990234375,3109.550048828125,244227
2024-07-26,3115.550048828125,3148.949951171875,3110.14990234375,3135.35009765625,175804
2024-07-29,3142.39990234375,3161.949951171875,3130.050048828125,3151.85009765625,168640
2024-07-30,3153.0,3230.0,3141.14990234375,3156.0,427317
2024-07-31,3160.0,3214.85009765625,3156.0,3186.39990234375,306505
2024-08-01,3192.050048828125,3206.85009765625,3115.25,3121.300048828125,222347
2024-08-02,3119.89990234375,3155.0,3110.0,3134.050048828125,156599
2024-08-05,3100.0,3137.449951171875,3062.800048828125,3072.949951171875,264116
2024-08-06,3065.14990234375,3132.949951171875,3043.60009765625,3055.25,213381
2024-08-07,3083.550048828125,3196.0,3056.0,3152.85009765625,698319
2024-08-08,3184.25,3278.949951171875,3150.0,3168.300048828125,1397468
2024-08-09,3207.89990234375,3212.89990234375,3100.0,3133.14990234375,386756
2024-08-12,3130.0,3130.0,3040.14990234375,3051.800048828125,437462
2024-08-13,3030.5,3068.35009765625,3022.050048828125,3047.10009765625,181637
2024-08-14,3049.0,3060.0,2999.449951171875,3030.75,213043
2024-08-16,3050.0,3062.0,3025.10009765625,3057.35009765625,238640
2024-08-19,3088.0,3088.60009765625,3051.0,3056.60009765625,173165
2024-08-20,3078.0,3083.25,3050.300048828125,3066.449951171875,194202
2024-08-21,3068.550048828125,3085.0,3043.5,3057.75,187932
2024-08-22,3069.0,3142.0,3065.0,3127.10009765625,384984
2024-08-23,3134.89990234375,3134.89990234375,3080.0,3084.64990234375,168470
2024-08-26,3084.64990234375,3111.949951171875,3061.85009765625,3108.64990234375,122410
2024-08-27,3107.949951171875,3115.0,3080.0,3099.14990234375,129045
2024-08-28,3115.0,3115.0,3070.550048828125,3083.14990234375,183165
2024-08-29,3080.10009765625,3095.0,3047.050048828125,3080.85009765625,209792
2024-08-30,3080.85009765625,3138.5,3071.10009765625,3123.300048828125,478166
2024-09-02,3150.0,3181.75,3135.60009765625,3162.199951171875,437322
2024-09-03,3167.949951171875,3217.25,3162.35009765625,3173.550048828125,604354
2024-09-04,3172.0,3246.60009765625,3172.0,3214.949951171875,955844
2024-09-05,3214.949951171875,3225.89990234375,3181.5,3209.199951171875,587224
2024-09-06,3210.0,3259.0,3205.0,3233.699951171875,441560
2024-09-09,3254.0,3301.39990234375,3220.10009765625,3273.949951171875,676835
2024-09-10,3284.0,3289.949951171875,3227.10009765625,3231.449951171875,276297
2024-09-11,3269.949951171875,3296.75,3249.89990234375,3254.300048828125,534809
2024-09-12,3250.0,3280.0,3221.0,3269.64990234375,467044
2024-09-13,3269.0,3331.0,3241.0,3310.0,617427
2024-09-16,3320.0,3320.0,3278.35009765625,3304.75,369327
2024-09-17,3309.949951171875,3311.0,3263.35009765625,3269.10009765625,117365
2024-09-18,3270.050048828125,3271.050048828125,3161.10009765625,3192.300048828125,211503
2024-09-19,3225.0,3249.60009765625,3185.0,3244.0,269754
2024-09-20,3249.199951171875,3298.35009765625,3225.0,3287.10009765625,556121
2024-09-23,3298.89990234375,3304.800048828125,3277.699951171875,3295.35009765625,163795
2024-09-24,3295.35009765625,3327.85009765625,3254.0,3265.050048828125,184450
2024-09-25,3265.050048828125,3270.0,3217.0,3256.699951171875,146118
2024-09-26,3256.699951171875,3303.14990234375,3246.0,3289.64990234375,446470
2024-09-27,3295.0,3370.5,3274.64990234375,3363.449951171875,871582
2024-09-30,3384.0,3415.0,3350.14990234375,3359.39990234375,558443
2024-10-01,3387.14990234375,3396.39990234375,3331.199951171875,3340.14990234375,323455
2024-10-03,3240.0,3324.0,3240.0,3299.800048828125,594000
2024-10-04,3270.0,3299.0,3192.449951171875,3208.800048828125,359269
2024-10-07,3227.0,3227.0,3139.050048828125,3153.300048828125,248961
2024-10-08,3157.25,3191.89990234375,3102.199951171875,3185.25,475232
2024-10-09,3214.35009765625,3239.39990234375,3170.050048828125,3174.300048828125,274804
2024-10-10,3180.0,3192.199951171875,3128.0,3137.699951171875,130144
2024-10-11,3159.89990234375,3159.89990234375,3102.35009765625,3110.199951171875,255940
2024-10-14,3133.0,3147.949951171875,3100.300048828125,3131.449951171875,477499
2024-10-15,3166.0,3217.0,3140.5,3163.75,775805
2024-10-16,3170.0,3190.449951171875,3141.050048828125,3180.10009765625,170872
2024-10-17,3180.0,3204.0,3142.0,3154.449951171875,457113
2024-10-18,3154.449951171875,3304.39990234375,3154.449951171875,3184.0,1063134
2024-10-21,3184.0,3204.75,3136.25,3153.5,230516
2024-10-22,3155.0,3183.449951171875,3110.0,3127.449951171875,242966
2024-10-23,3124.0,3154.35009765625,3082.5,3090.699951171875,162497
2024-10-24,3136.0,3220.0,3079.050048828125,3121.550048828125,1001160
2024-10-25,3146.39990234375,3212.5,3135.0,3178.949951171875,480075
2024-10-28,3208.0,3208.0,3151.60009765625,3161.64990234375,237447
2024-10-29,3161.64990234375,3173.39990234375,3079.050048828125,3109.0,411431
2024-10-30,3132.949951171875,3174.0,3101.0,3153.60009765625,326182
2024-10-31,3153.60009765625,3188.550048828125,3119.60009765625,3145.85009765625,289327
2024-11-01,3149.949951171875,3168.35009765625,3146.0,3158.75,16000
2024-11-04,3158.75,3168.0,3091.0,3120.550048828125,216652
2024-11-05,3115.14990234375,3143.949951171875,3081.800048828125,3104.550048828125,241253
2024-11-06,3110.0,3193.10009765625,3104.550048828125,3180.800048828125,175287
2024-11-07,3197.0,3220.0,3133.64990234375,3158.35009765625,210879
2024-11-08,3168.35009765625,3175.5,3117.0,3125.699951171875,107368
2024-11-11,3111.25,3129.550048828125,3082.0,3099.64990234375,110161
2024-11-12,3102.0,3120.85009765625,3032.550048828125,3040.300048828125,201463
2024-11-13,3025.0,3038.300048828125,2968.300048828125,2988.550048828125,193385
2024-11-14,3000.0,3039.949951171875,2969.64990234375,3021.699951171875,299390
2024-11-18,3075.0,3075.300048828125,3007.050048828125,3019.300048828125,292227
2024-11-19,3009.300048828125,3031.550048828125,2981.550048828125,3001.89990234375,184764
2024-11-21,3019.0,3020.0,2925.89990234375,2938.050048828125,216673
2024-11-22,2930.550048828125,2988.0,2916.89990234375,2956.550048828125,235005
2024-11-25,2980.0,3031.050048828125,2962.14990234375,2986.199951171875,753824
2024-11-26,3010.0,3028.85009765625,2990.14990234375,3012.050048828125,137045
2024-11-27,3012.050048828125,3065.0,2986.0,3045.75,186980
2024-11-28,3063.0,3063.0,3001.14990234375,3043.89990234375,307561
2024-11-29,3045.0,3074.85009765625,3031.39990234375,3066.199951171875,221932
2024-12-02,3066.25,3144.75,3056.10009765625,3132.5,203220
2024-12-03,3133.64990234375,3164.949951171875,3085.699951171875,3149.0,298495
2024-12-04,3148.0,3208.550048828125,3130.75,3204.75,423821
2024-12-05,3220.0,3240.0,3166.050048828125,3191.949951171875,314712
2024-12-06,3182.0,3196.199951171875,3148.550048828125,3162.25,172670
2024-12-09,3153.0,3168.64990234375,3120.0,3160.75,231040
2024-12-10,3151.0,3219.0,3150.10009765625,3213.14990234375,293172
2024-12-11,3234.85009765625,3234.85009765625,3177.0,3191.199951171875,190962
2024-12-12,3192.60009765625,3215.0,3161.550048828125,3190.10009765625,153953
2024-12-13,3183.800048828125,3199.949951171875,3135.050048828125,3185.199951171875,196042
2024-12-16,3200.0,3214.35009765625,3177.0,3193.85009765625,169481
2024-12-17,3190.550048828125,3190.550048828125,3072.949951171875,3081.35009765625,451024
2024-12-18,3082.0,3098.25,3051.0,3057.64990234375,196366
2024-12-19,3038.050048828125,3038.050048828125,2982.35009765625,2989.0,245605
2024-12-20,2989.89990234375,3018.89990234375,2965.949951171875,2976.800048828125,298958
2024-12-23,3000.0,3003.85009765625,2944.0,2951.800048828125,379460
2024-12-24,2960.0,2989.60009765625,2956.050048828125,2969.89990234375,319632
2024-12-26,2969.89990234375,2983.949951171875,2926.0,2932.449951171875,271693
2024-12-27,2935.050048828125,2958.0,2909.35009765625,2914.39990234375,239751
2024-12-30,2919.949951171875,2947.0,2866.10009765625,2910.550048828125,1312344
2024-12-31,2909.35009765625,2934.39990234375,2879.050048828125,2904.25,247174
2025-01-01,2904.25,2925.0,2855.0,2863.699951171875,490525
2025-01-02,2883.39990234375,2932.0,2863.050048828125,2926.64990234375,588217
2025-01-03,2936.0,2959.60009765625,2909.10009765625,2932.35009765625,561962
2025-01-06,2933.10009765625,2947.949951171875,2870.0,2894.75,445784
2025-01-07,2894.699951171875,2964.39990234375,2894.699951171875,2927.60009765625,369474
2025-01-08,2930.0,2948.75,2878.199951171875,2908.0,425543
2025-01-09,2912.64990234375,2968.64990234375,2906.0,2958.25,497474
2025-01-10,2958.25,2979.0,2899.0,2901.35009765625,195673
2025-01-13,2865.0,2879.0,2791.0,2796.699951171875,372676
2025-01-14,2801.0,2819.699951171875,2786.35009765625,2808.949951171875,283968
2025-01-15,2828.60009765625,2837.75,2791.050048828125,2802.75,264935
2025-01-16,2824.0,2837.0,2771.85009765625,2785.0,152117
2025-01-17,2770.050048828125,2842.25,2760.10009765625,2813.35009765625,233341
2025-01-20,2834.0,2834.0,2783.449951171875,2787.75,202462
2025-01-21,2800.0,2814.949951171875,2740.0,2749.699951171875,359612
2025-01-22,2756.89990234375,2765.0,2725.10009765625,2754.75,313441
2025-01-23,2800.949951171875,2997.199951171875,2800.949951171875,2909.64990234375,2312757
2025-01-24,2909.64990234375,2943.0,2841.0,2854.550048828125,300150
2025-01-27,2820.0,2884.64990234375,2801.550048828125,2867.0,329979
2025-01-28,2867.050048828125,2886.449951171875,2852.050048828125,2864.10009765625,244266
2025-01-29,2884.0,2898.0,2850.300048828125,2891.050048828125,207441
2025-01-30,2891.050048828125,2899.949951171875,2842.0,2886.550048828125,197508
2025-01-31,2886.449951171875,2904.5,2845.0,2871.699951171875,313741
2025-02-03,2947.25,2972.60009765625,2911.300048828125,2960.75,247344
2025-02-04,2970.0,2982.10009765625,2916.25,2926.949951171875,324713
2025-02-05,2921.550048828125,2940.0,2881.14990234375,2889.199951171875,183765
2025-02-06,2895.0,2917.85009765625,2873.60009765625,2899.550048828125,183892
2025-02-07,2900.0,2913.449951171875,2846.60009765625,2870.60009765625,198892
2025-02-10,2851.0,2930.0,2851.0,2868.050048828125,159096
2025-02-11,2860.050048828125,2867.89990234375,2828.75,2851.050048828125,195053
2025-02-12,2850.5,2853.10009765625,2802.0,2828.5,126361
2025-02-13,2828.0,2850.0,2803.0,2818.10009765625,118160
2025-02-14,2815.449951171875,2828.949951171875,2776.10009765625,2806.199951171875,102793
2025-02-17,2763.0,2795.949951171875,2750.0,2781.699951171875,171219
2025-02-18,2771.14990234375,2804.89990234375,2758.0,2766.550048828125,232410
2025-02-19,2763.0,2772.85009765625,2736.39990234375,2768.699951171875,165836
2025-02-20,2768.699951171875,2829.14990234375,2750.050048828125,2821.5,502887
2025-02-21,2824.949951171875,2831.5,2767.550048828125,2795.699951171875,576991
2025-02-24,2757.0,2778.199951171875,2727.050048828125,2761.800048828125,369386
2025-02-25,2761.0,2765.0,2691.0,2696.5,377261
