Date,Open,High,Low,Close,Volume
2010-01-04,1794.8497594920254,1841.4692337645456,1778.766040868006,1829.7677001953125,6976
2010-01-05,1864.7788495498155,1925.3841621601844,1847.0634504790921,1906.82958984375,19634
2010-01-06,1920.7219972978353,2288.1767189995753,1893.822588205886,1975.966064453125,29100
2010-01-07,1999.975294396118,2166.546572267344,1981.4208360984978,2100.346923828125,36846
2010-01-08,2118.3885067343354,2158.481246958621,2051.3498065757435,2069.950927734375,16820
2010-01-11,2107.199881032277,2191.114920542412,2074.6595845425477,2118.5283203125,34698
2010-01-12,2129.5776867538502,2129.5776867538502,2023.285280322178,2036.6651611328125,12655
2010-01-13,2027.8535436154925,2074.5663419646144,2027.8535436154925,2057.317138671875,9520
2010-01-14,2066.174963160007,2186.080334115456,2060.580626617155,2105.801513671875,13575
2010-01-15,2112.7945711393127,2125.8013589167163,2057.7835915730197,2070.370849609375,7277
2010-01-18,2052.236070061584,2087.340445659621,1995.2669773500384,2042.6790771484375,21665
2010-01-19,2050.3252002085997,2084.823623313519,2037.2717428175488,2038.0177001953125,9780
2010-01-20,2052.189397912986,2078.249640287864,2037.3178301291823,2044.96337890625,5778
2010-01-21,2027.9473911914856,2079.228819474489,1948.6942747541173,1973.076171875,29461
2010-01-22,1954.428203338955,1981.3277320727598,1911.3985179996037,1946.4097900390625,10850
2010-01-25,1962.7190957715325,1962.7190957715325,1860.6577484275526,1886.9207763671875,8905
2010-01-27,1892.6216303086123,1892.6216303086123,1845.8902320293873,1857.853515625,16648
2010-01-28,1878.6026007185412,1887.9488823141558,1842.24554249353,1855.0966796875,4278
2010-01-29,1823.5065342865958,1873.4155926998237,1766.4474326897569,1843.647705078125,10010
2010-02-01,1851.6851246795627,1894.4911368008902,1803.8322121488495,1857.0125732421875,11717
2010-02-02,1906.6413713656304,1908.9779416736767,1850.5636839725237,1867.7608642578125,6052
2010-02-03,1878.6025422339496,1892.6219641909195,1863.648492146515,1870.658203125,2230
2010-02-04,1851.4981778132008,1883.2287546590228,1822.524708094771,1823.6929931640625,4430
2010-02-05,1808.5052741772251,1878.6023778275053,1743.0813107702973,1819.9544677734375,7258
2010-02-08,1864.5831522392364,1930.0071224932447,1823.4595137938597,1873.7425537109375,7680
2010-02-09,1855.2369481240514,1934.6803438875497,1841.2175253422574,1855.423828125,8170
2010-02-10,1925.334007536477,1947.7650833524358,1825.32879452366,1835.0489501953125,100635
2010-02-11,1842.1990490595344,1892.6221972716899,1841.217643765545,1864.630126953125,24742
2010-02-15,1873.9290402747658,1886.0792036281684,1860.096500974762,1866.26513671875,2391
2010-02-16,1875.331378876486,1906.6414218330585,1860.8446425831467,1896.080078125,26271
2010-02-17,1906.6416617216214,1977.6734099034072,1906.6416617216214,1959.167724609375,11051
2010-02-18,1962.7187616909187,1981.4113213260703,1939.3530621469793,1965.1954345703125,8372
2010-02-19,1934.7735636500597,2016.92727568295,1915.9874490964075,1995.99169921875,5569
2010-02-22,2018.7970173452948,2112.259842222392,2008.5161066088142,2103.147216796875,37371
2010-02-23,2121.606065654186,2140.2986301092888,1996.3658838049962,2076.51025390625,25713
2010-02-24,2126.7455012128926,2126.7455012128926,2038.4231765085997,2052.302490234375,14800
2010-02-25,2009.4504433182074,2087.9124277827964,1962.7190376596445,1968.280029296875,14391
2010-02-26,2003.8432897847267,2028.143628186967,1968.280633525296,2001.086181640625,8879
2010-03-02,2010.384530828504,2049.1715870950698,2010.384530828504,2036.6942138671875,2562
2010-03-03,2042.1621862482982,2102.9130064341743,2042.1621862482982,2096.97802734375,7973
2010-03-04,2097.6797978008776,2119.923998382644,1973.140568956197,2092.913330078125,6690
2010-03-05,2109.4559513375893,2121.5125644393606,2042.162717621902,2059.920654296875,5962
2010-03-08,2130.9050183427535,2130.9050183427535,2075.808744532601,2084.547607421875,5822
2010-03-09,2071.2755671587333,2083.2856271654346,2037.956173187183,2070.995361328125,13452
2010-03-10,2056.1817189741932,2097.2585763148377,2046.8354384334014,2088.846923828125,2909
2010-03-11,1942.671033789532,2130.0171667756845,1942.671033789532,2119.22216796875,9872
2010-03-12,2123.4746654968194,2147.774991774512,2112.3526843573654,2130.484375,3753
2010-03-15,2107.6334508256477,2168.337509163721,2107.6334508256477,2161.04736328125,6814
2010-03-16,2168.336980172925,2240.2097827693215,2158.9907000859725,2170.533447265625,14911
2010-03-17,2211.330264767559,2211.330264767559,2080.0150060186825,2094.641845703125,13347
2010-03-18,2147.7749326355433,2147.7749326355433,2074.8739558097936,2080.621826171875,5326
2010-03-19,2070.2013148421065,2114.5961511649057,2070.2013148421065,2094.828857421875,9983
2010-03-22,2154.318056717823,2154.318056717823,2075.809285887325,2093.84765625,3020
2010-03-23,2130.9523049938625,2133.2888755037243,2093.5671768360753,2098.520751953125,2470
2010-03-25,2111.324770530302,2158.0561731538146,2093.566837533367,2121.465576171875,7017
2010-03-26,2108.894739055657,2144.971474739675,2108.614533172136,2122.9609375,44012
2010-03-29,2140.2977505461263,2162.6820416460623,2126.3718870222465,2145.905517578125,7419
2010-03-30,2145.9055342969145,2177.682881059151,2128.1476052239,2147.961669921875,8558
2010-03-31,2158.9908589271727,2219.74168396192,2114.5960252479344,2207.451416015625,137656
2010-04-01,2201.9835273222216,2230.0223668042536,2169.3651019970553,2214.0869140625,9156
2010-04-05,2219.742016270128,2243.1077217045504,2205.816147103499,2212.311767578125,3045
2010-04-06,2221.0496281083124,2221.0496281083124,2170.673276073627,2197.123291015625,2955
2010-04-07,2205.7226791764488,2215.022184666492,2187.030114098682,2189.600341796875,2541
2010-04-08,2190.7680117010796,2205.7220595625204,2187.029499735719,2190.020263671875,6913
2010-04-09,2205.161865502694,2205.722733741192,2154.318178505698,2160.48681640625,1516
2010-04-12,2163.663424150971,2196.1885182365354,2135.6245892807638,2181.28125,4659
2010-04-13,2186.702593957395,2191.7029456814407,2113.194183448076,2122.86767578125,31108
2010-04-15,2131.98081890086,2177.6840539101945,2113.2882519145064,2146.000244140625,41950
2010-04-16,2117.306292419878,2126.278812968852,2102.913111727436,2104.128173828125,9813
2010-04-19,2103.8480901982302,2125.3445389208246,2046.8357696730895,2056.742919921875,14827
2010-04-20,2079.5473910403953,2102.913092063321,2074.87425083581,2099.54833984375,1798
2010-04-21,2111.3252322417193,2118.8022582965814,2074.874730224266,2086.41748046875,7937
2010-04-22,2082.3518874484653,2121.6062767091635,2060.8554361866545,2071.556884765625,3566
2010-04-23,2084.220407070596,2140.2980861846036,2073.9394992330285,2130.905029296875,7176
2010-04-26,2149.6442476420266,2162.7290387146304,2094.50119955034,2130.484375,2646
2010-04-27,2128.98965565341,2130.9524663025604,2084.221052567855,2110.764404296875,2685
2010-04-28,2101.0440867434677,2102.9133430483994,2070.201357712091,2094.1279296875,4081
2010-04-29,2085.1547648253463,2102.912694243402,2057.115928902101,2092.725341796875,14332
2010-04-30,2082.9127031944513,2093.520597402099,2018.7971110795384,2028.423828125,41731
2010-05-03,2054.7802315364042,2054.7802315364042,1998.2352217533917,2007.8619384765625,12085
2010-05-04,2000.1042029313844,2045.9009814097199,1962.7190776429475,1962.99951171875,18846
2010-05-05,1920.6606717040142,1985.3368881028748,1907.108564774716,1961.36376953125,12806
2010-05-06,1968.326107786255,2036.5539358339267,1920.6600909310325,1947.5306396484375,5422
2010-05-07,1916.080865537127,1958.0455695258247,1887.948472764757,1951.503173828125,25335
2010-05-10,1944.0264365492874,1972.0185023432707,1926.3620568356096,1950.802490234375,27941
2010-05-11,1951.503268211525,1992.6269003002737,1951.503268211525,1982.9068603515625,6140
2010-05-12,1986.0375222297012,1997.2998341275218,1939.446458047184,1979.6820068359375,2346
2010-05-13,1990.757471888181,1990.757471888181,1927.7636412800337,1941.1754150390625,1560
2010-05-14,1939.352934697881,2003.8422612010875,1930.0534325266633,1976.50439453125,3891
2010-05-17,1976.5044192739995,2004.776914218101,1877.6675154611492,1986.6917724609375,4027
2010-05-18,2001.9733508577856,2006.5997142257318,1978.1403347761452,1986.78564453125,1007
2010-05-19,1926.362134437532,1986.084780809356,1897.295108255526,1915.9876708984375,4647
2010-05-20,1925.3333249137102,2037.488664229072,1822.5242638746286,2005.4776611328125,63926
2010-05-21,1892.6216612942526,1995.3371851213658,1824.4872586695935,1866.7791748046875,58312
2010-05-24,1869.2559398761505,1938.4184096515683,1796.5886152134651,1888.5560302734375,13281
2010-05-25,1861.9657278894524,1934.6330498910659,1799.2989932541527,1812.8043212890625,9241
2010-05-26,1823.4592162960669,1913.136726684336,1823.4592162960669,1838.31982421875,21214
2010-05-27,1792.2427235427945,1851.0776276683657,1773.9240366045663,1787.990234375,6374
2010-05-28,1821.5899008152437,1831.8708084134826,1752.520871496282,1817.5242919921875,23522
2010-05-31,1831.8711594884853,1850.5637223404087,1805.8884514881722,1846.591552734375,5647
2010-06-01,1850.5635900934217,1939.3532572948736,1819.7208635918646,1868.1346435546875,31306
2010-06-02,1927.2029365128715,1927.2029365128715,1869.4428804613674,1878.8359375,13913
2010-06-03,1897.2953266204102,1897.2953266204102,1874.3501576992749,1883.2291259765625,5256
2010-06-04,1878.6492719169987,1924.3992721137743,1850.7505316536608,1904.16455078125,9226
2010-06-07,1915.0526151837387,1934.6798015765442,1883.2752657858632,1927.5765380859375,8141
2010-06-08,1939.4467370598106,1979.5421887032007,1920.7541762599692,1953.9334716796875,29078
2010-06-09,1953.3724450481461,1962.7187246895248,1934.6798857653887,1947.29736328125,3434
2010-06-10,1939.353564732166,1961.3173279953978,1939.353564732166,1946.7838134765625,4090
2010-06-11,1955.2418290727062,1972.0651335293546,1890.0515243031932,1953.138916015625,5422
2010-06-14,1915.987691634032,1946.3631062574982,1908.7443235315131,1935.3812255859375,3095
2010-06-15,1934.7738100269873,1972.0653816590664,1918.7915775099827,1955.428955078125,6734
2010-06-16,1937.2974922474905,1962.7193351427177,1900.3328991328242,1933.9327392578125,24411
2010-06-17,1923.0908095472787,1933.932358259005,1897.2949835236502,1906.1739501953125,4536
2010-06-18,1906.641535753791,1906.641535753791,1872.527606315059,1884.3973388671875,5586
2010-06-21,1893.9302941473363,1901.5007584975313,1850.563530019716,1871.779541015625,8094
2010-06-22,1869.2564161944204,1894.491377813045,1850.563852032476,1876.032470703125,1336
2010-06-23,1876.732916844869,1915.0526626569404,1869.2558932717818,1902.0146484375,6057
2010-06-24,1906.6413491808157,1906.6413491808157,1889.8180431586322,1897.248291015625,8837
2010-06-25,1897.248311812863,1901.968229468075,1822.618279042222,1892.6219482421875,7046
2010-06-28,1889.911546768115,1967.392242707541,1889.911546768115,1932.6708984375,11866
2010-06-29,1894.4911820379932,1942.6245297809417,1892.621925814966,1894.95849609375,13213
2010-06-30,1875.0977866805713,1915.9877695676867,1875.0977866805713,1901.4075927734375,2936
2010-07-01,1871.779507088652,1915.9874584739662,1827.3846757337676,1856.1712646484375,28314
2010-07-02,1855.3298863778052,1883.2285073507317,1822.524468758222,1830.3753662109375,2492
2010-07-05,1892.6222647123693,1892.6222647123693,1822.6185838069102,1829.6282958984375,3521
2010-07-06,1866.4522703858734,1867.3868984631824,1778.270134109847,1786.635009765625,9006
2010-07-07,1757.1009117550075,1803.785541939167,1748.7826984504377,1779.1114501953125,13269
2010-07-08,1784.204943700659,1846.8250229190685,1784.204943700659,1823.9266357421875,15070
2010-07-09,1809.4398857621065,1852.3393356238107,1796.9158472058098,1846.7315673828125,4599
2010-07-12,1859.910057047677,1869.2095616967742,1787.9436880061337,1805.140869140625,7039
2010-07-13,1812.6177880342816,1821.590195115189,1796.3552360243168,1804.06591796875,2882
2010-07-14,1787.5697124564879,1831.7308909526307,1787.5697124564879,1820.1414794921875,4623
2010-07-15,1787.569876438317,1813.178711992781,1787.569876438317,1798.5517578125,4379
2010-07-16,1794.4860817255037,1815.9825295795072,1794.4860817255037,1813.085205078125,6005
2010-07-19,1794.4858906115994,1841.217294012943,1743.2682268475905,1763.68994140625,68397
2010-07-20,1774.8586531742192,1774.8586531742192,1724.3887388659475,1735.9781494140625,139491
2010-07-21,1747.7544441232774,1752.427584348206,1718.7809747287204,1745.791748046875,20898
2010-07-22,1733.7349332894717,1765.5122851664755,1728.127165311177,1750.7451171875,36082
2010-07-23,1757.1009553224203,1765.4658317874153,1705.6964060975622,1711.3509521484375,11275
2010-07-26,1710.3693317094596,1710.3693317094596,1664.665997240795,1692.2843017578125,8379
2010-07-27,1710.3227797688273,1728.968680276827,1668.3112890231257,1705.27587890625,7364
2010-07-28,1710.369365324549,1718.7810179408993,1668.3111022427977,1707.892578125,10324
2010-07-29,1710.3691839851829,1710.3691839851829,1677.8440850142513,1683.124755859375,9966
2010-07-30,1691.6767142334043,1708.500018573847,1673.1710338227836,1676.9095458984375,16065
2010-08-02,1706.631027916029,1724.0150889529632,1691.7704172864228,1709.481689453125,38952
2010-08-03,1675.3208525735101,1719.7156868815948,1673.0777223377697,1684.012939453125,8643
2010-08-04,1682.3306099047866,1700.92973224347,1682.3306099047866,1687.8916015625,7856
2010-08-05,1703.8981668828571,1736.7557072910665,1689.9102196180468,1730.79443359375,8021
2010-08-06,1709.530518950556,1771.49043891252,1694.50993229311,1712.769287109375,10525
2010-08-09,1699.4856212283275,1736.755407650608,1694.5100058428907,1732.43701171875,3531
2010-08-10,1722.392176247651,1847.5325083484631,1722.392176247651,1809.746337890625,57792
2010-08-11,1783.6947966376938,1830.5871482153677,1767.7354221414619,1803.503173828125,9092
2010-08-12,1760.3189414120732,1797.7295689797122,1760.3189414120732,1776.8885498046875,11010
2010-08-13,1783.6950933437654,1783.6950933437654,1723.8944142113912,1765.8111572265625,11386
2010-08-16,1751.775903444177,1754.0290143424793,1670.1014642160721,1697.8895263671875,48837
2010-08-17,1689.8163761841654,1713.2860480756121,1680.4285074275867,1708.9676513671875,80472
2010-08-18,1708.9677409066528,1764.9194187077865,1708.9677409066528,1739.7130126953125,20332
2010-08-19,1763.0416386201764,1807.1646189264322,1756.563986676892,1777.92138671875,47773
2010-08-20,1792.1440748034322,1829.6955483456727,1783.694993256428,1789.093017578125,11798
2010-08-23,1792.1438444457208,1814.6747256750018,1705.0243911866394,1719.6695556640625,17466
2010-08-24,1698.077421637211,1745.9555431352753,1698.077421637211,1727.8369140625,55936
2010-08-25,1745.2042545978868,1745.2042545978868,1699.20371211521,1712.5814208984375,6739
2010-08-26,1710.469496303842,1778.062143797737,1700.1428418256082,1704.742919921875,8210
2010-08-27,1734.8778678341641,1741.4493749092937,1713.379628911643,1722.955322265625,74179
2010-08-30,1721.7349471062146,1744.2658297291966,1689.9100524816533,1711.2205810546875,5060
2010-08-31,1692.2104124863108,1769.4256368388803,1688.1735828815608,1757.7376708984375,19226
2010-09-01,1729.8085772730121,1774.3070956062288,1729.8085772730121,1763.839599609375,62360
2010-09-02,1783.6948691462576,1806.9768269616804,1750.8373320830372,1783.2724609375,19479
2010-09-03,1782.756011400632,1811.8114150363435,1769.847693782539,1806.0848388671875,17128
2010-09-06,1807.1644132161375,1848.1424759471033,1793.0826125936742,1836.0321044921875,50069
2010-09-07,1849.410231789647,1938.4072776154808,1840.0223625927451,1902.639404296875,112561
2010-09-08,1915.124575835429,1929.1593890201336,1869.2648754562183,1891.044677734375,42928
2010-09-09,1877.5736442653285,1900.949459056032,1853.1651868898794,1893.2044677734375,32201
2010-09-13,1900.1042664774372,1938.5945208873063,1880.389745926041,1910.4779052734375,18162
2010-09-14,1919.8191573832062,1996.7996810533396,1883.2534544790956,1969.7625732421875,37426
2010-09-15,1917.0024022112161,1968.6356696556907,1900.8553171405013,1923.8555908203125,25284
2010-09-16,1918.0822959060563,1931.9762719507216,1862.5530331131486,1872.504150390625,19222
2010-09-17,1904.7045797023097,1938.5947605876565,1879.4511916205754,1906.5821533203125,25618
2010-09-20,1922.6355676516312,1957.370682887525,1891.6556000088071,1904.986328125,20050
2010-09-21,1883.2056201602377,1922.6346510908108,1830.7274346449549,1905.3140869140625,14011
2010-09-22,1886.0226493647674,1919.3495802022235,1868.2795562246633,1896.6778564453125,6602
2010-09-23,1929.2069498104431,1929.2069498104431,1886.0227553134698,1899.8228759765625,9386
2010-09-24,1884.1448845550478,1924.5127121763069,1884.1448845550478,1914.9371337890625,14825
2010-09-27,1908.5532266083878,1951.7374117652919,1908.5532266083878,1932.3983154296875,136098
2010-09-28,1938.5948446968587,2112.270411897304,1938.3601479844258,1957.276611328125,26124
2010-09-29,1969.5747162558648,1969.5747162558648,1933.9008176773507,1945.8233642578125,4037
2010-09-30,1926.9538768284247,2051.061445915092,1901.0432694771525,1990.1810302734375,70615
2010-10-01,2008.9563908885643,2009.0033760589713,1937.1861992979846,1949.6251220703125,16081
2010-10-04,1970.5135616941677,1978.8686728261891,1949.9542217379326,1970.560546875,38755
2010-10-05,1945.1658584459544,1980.8397496722798,1924.8412199914412,1943.710693359375,5470
2010-10-06,1965.4438437147576,1965.4438437147576,1938.5944535513518,1942.9129638671875,6599
2010-10-07,1941.4111943841312,1952.6766365178883,1933.9008996282932,1934.0416259765625,6718
2010-10-08,1943.2885070114191,1952.6763741950492,1933.900639827789,1940.988525390625,3543
2010-10-11,1943.2412112495183,1943.3821667523298,1915.1245993675986,1927.14111328125,31581
2010-10-12,1916.6269025493395,1951.6435776776912,1902.9206396578834,1913.763671875,33508
2010-10-13,1901.9818113320073,1938.594491806809,1896.3490912589607,1920.0064697265625,48829
2010-10-14,1947.9824295156152,1947.9824295156152,1896.3491602995387,1922.9168701171875,10639
2010-10-15,1920.0065365107907,1922.6351851421723,1896.3961423950764,1909.3983154296875,13349
2010-10-18,1897.2878947568654,1933.900575556231,1883.6754877929986,1918.7861328125,5557
2010-10-19,1951.6905226666017,1951.6905226666017,1906.675747197032,1938.6414794921875,27308
2010-10-20,1889.4022358209997,1947.0437665845184,1889.4022358209997,1915.2188720703125,2616
2010-10-21,1916.720640734516,1947.9822817458214,1916.720640734516,1922.82275390625,33916
2010-10-22,1932.0232515909947,1932.0232515909947,1886.679802908333,1904.00048828125,8388
2010-10-25,1891.655614013465,1952.676762852609,1891.655614013465,1933.9949951171875,2659
2010-10-26,1916.1576346452525,1957.3703963660355,1916.1576346452525,1943.4293212890625,6097
2010-10-27,1937.656143675479,1952.676733936529,1934.6520714624726,1948.6868896484375,4384
2010-10-28,1925.4516358956607,1950.7988782989678,1917.5658042283667,1941.4110107421875,1053
2010-10-29,1941.4106882415153,1971.4518594328733,1927.3288892455662,1957.7454833984375,7969
2010-11-01,1989.2892846487346,2006.0467211742239,1971.452334951554,1986.56689453125,29491
2010-11-02,1966.805342417802,2041.861301667483,1966.7583572383342,2032.051025390625,9566
2010-11-03,2051.248719325069,2131.984366859145,2023.0851213480657,2122.971923828125,14780
2010-11-04,2159.209988676015,2206.1493362559286,2088.8479524929317,2139.354736328125,18364
2010-11-08,2155.45401616569,2159.1621773665074,2099.126820621291,2117.1044921875,5505
2010-11-09,2121.658074717583,2135.6928909213184,2033.6468160871523,2092.039306640625,7674
2010-11-10,2074.7190357884374,2130.9992642458474,2060.6372323781084,2091.007080078125,4996
2010-11-11,2093.4937092368673,2140.4330300717747,2055.9422525689415,2105.322509765625,75638
2010-11-12,2060.7309591582393,2148.882946408528,1950.7989351843255,2110.345703125,24156
2010-11-15,2112.269974635014,2112.269974635014,2055.9427753114137,2063.17138671875,4403
2010-11-16,2055.9430967420753,2086.9230612135316,2028.014189377657,2061.622802734375,30537
2010-11-18,2039.9835095972305,2060.965484128587,1976.1460136687392,1987.8338623046875,5555
2010-11-19,1994.4522216678135,2083.167559369677,1994.4522216678135,2035.33642578125,28155
2010-11-22,2005.2486055448053,2031.487650775352,1971.546251090686,1988.209716796875,2654
2010-11-23,1971.59298485341,2002.4322225756946,1957.3704566668182,1966.852294921875,3595
2010-11-24,1971.451978961241,1971.451978961241,1926.3902194421269,1933.9005126953125,142674
2010-11-25,1941.4110016181041,1957.3703763896265,1901.0431713136659,1905.9718017578125,1235
2010-11-26,1915.1249442799638,1918.8800912295324,1764.9190662972217,1840.209716796875,5319
2010-11-29,1857.8589568519403,1969.52759363909,1802.4705392398814,1901.98193359375,41247
2010-11-30,1897.287907202119,1970.5132692811715,1897.287907202119,1931.7413330078125,9961
2010-12-01,1924.5129837198397,1974.2686852501574,1906.6760341146314,1965.91357421875,7964
2010-12-02,1980.8399766742393,1994.9217774562837,1885.0837313563377,1898.5552978515625,10883
2010-12-03,1936.3416980912423,1936.3416980912423,1878.6061967025994,1890.8104248046875,1665
2010-12-06,1917.002146402046,1924.5124388463244,1898.2264152913501,1909.6795654296875,1499
2010-12-07,1887.0081261361797,1926.390179731559,1884.1917662242915,1900.902099609375,5575
2010-12-08,1901.0430676864926,1910.9003280374595,1882.4081746092616,1891.2796630859375,1646
2010-12-09,1882.267432400063,1917.7066321871464,1840.0220286803608,1840.9608154296875,15681
2010-12-10,1856.9204375078498,1890.529053449571,1811.8586675379931,1868.6552734375,4706
2010-12-13,1851.8505155324613,1905.736891948533,1842.4626490696605,1893.908203125,3118
2010-12-14,1905.737015623078,1971.452085127322,1889.8714973517417,1956.290771484375,15016
2010-12-15,1935.8251205325244,1952.582325263326,1896.4429505233354,1907.1451416015625,1477
2010-12-16,1936.1535652624375,1936.1535652624375,1858.797634184849,1864.7120361328125,6650
2010-12-20,1864.7121271319877,1886.961326787752,1831.1035163679155,1851.052734375,3109
2010-12-21,1875.6960511551222,1886.9614929038014,1844.7160863462536,1866.073486328125,4766
2010-12-22,1868.1856996352724,1885.928792767488,1854.1038978792276,1861.8958740234375,9552
2010-12-23,1867.2468439209708,1905.6901154566176,1851.3344543632543,1898.226806640625,1970
2010-12-24,1880.0139763057084,1895.8794923776582,1868.1852883543154,1870.673095703125,1571
2010-12-27,1874.7571610095797,1904.798337350244,1874.7571610095797,1898.9779052734375,1593
2010-12-28,1907.6145894397816,1924.4187798238784,1878.793883361751,1888.7918701171875,1410
2010-12-29,1886.0224245722422,1910.4308780510269,1869.124264471545,1881.3284912109375,2909
2010-12-30,1924.0438941304008,2065.3313330504425,1877.4800833594127,1886.3985595703125,5085
2010-12-31,1960.1867374607816,1960.1867374607816,1863.5855577956304,1896.95947265625,8527
2011-01-03,1882.2677353229149,1931.4600772260133,1882.2677353229149,1901.1373291015625,2910
2011-01-04,1889.7775139077012,1937.1862394180534,1882.2672207575465,1895.175537109375,19016
2011-01-05,1882.2674320140745,1923.527063799326,1831.5729475608277,1849.3160400390625,11139
2011-01-06,1875.6959606797448,1875.6959606797448,1837.2057032283587,1842.416015625,915
2011-01-07,1844.716133171589,1848.4712805164677,1797.7767913606071,1804.5360107421875,6567
2011-01-10,1804.3479992070868,1804.3479992070868,1737.6941449179592,1759.1923828125,5889
2011-01-11,1783.6947091484117,1793.0355908650213,1740.5105214532396,1758.629150390625,16810
2011-01-12,1793.0825246213376,1793.0825246213376,1737.741096729416,1742.9512939453125,54242
2011-01-13,1746.1434003900301,1753.3251421338139,1711.7838273664704,1718.308349609375,58772
2011-01-14,1740.604543531081,1740.604543531081,1699.2040695085113,1702.9122314453125,41428
2011-01-17,1689.9101759282091,1721.6880876961247,1666.3466490499763,1671.9793701171875,9575
2011-01-18,1675.73444948513,1689.8162515816437,1657.0056985359663,1670.9935302734375,1775
2011-01-19,1683.2444700515866,1688.8302048018018,1670.1014569000406,1679.2076416015625,30898
2011-01-20,1680.4277036654878,1693.5707136382905,1661.6519751329124,1665.5009765625,2500
2011-01-21,1680.4283875394278,1687.797841067976,1648.5096360442656,1655.550537109375,22592
2011-01-24,1651.3262094782685,1656.8650752835574,1628.7953231636134,1633.4892578125,1831
2011-01-25,1670.1013895450862,1670.8993352489388,1619.5477532027348,1629.96826171875,16511
2011-01-27,1633.4889417400057,1642.829824044667,1596.9232437396774,1603.4947509765625,6870
2011-01-28,1601.5702859271535,1642.82992008004,1544.3042909438261,1561.531005859375,3856
2011-01-31,1544.30406765693,1628.3254743774744,1525.5283343115573,1563.5491943359375,34881
2011-02-01,1548.0594318417964,1548.9982186409727,1513.3243202722715,1536.37158203125,9722
2011-02-02,1548.059380902886,1548.9981676711716,1492.670961574038,1506.51806640625,16576
2011-02-03,1539.6105222710908,1539.6105222710908,1461.6912092537125,1470.3280029296875,9091
2011-02-04,1475.7934951440172,1541.7612758975813,1456.9455577858562,1515.7039794921875,17540
2011-02-07,1649.194672910719,1649.194672910719,1484.3694223075038,1522.5364990234375,2174
2011-02-08,1501.3327325862322,1524.7984423771566,1500.8615340564493,1511.4635009765625,10310
2011-02-09,1507.835224041274,1522.9135762816866,1431.9250984654668,1449.8778076171875,17278
2011-02-10,1441.867401117269,1470.09214507791,1413.59549129144,1432.7261962890625,20127
2011-02-11,1423.961589781175,1517.0704412700927,1416.9407795134748,1496.620361328125,4517
2011-02-14,1458.8306237057063,1540.7249498142387,1458.8306237057063,1535.87158203125,6244
2011-02-15,1515.37424712274,1554.954917756543,1512.5470563631825,1546.284912109375,5065
2011-02-16,1531.583352037077,1554.9548405037572,1531.3949186779428,1552.975830078125,682
2011-02-17,1553.8241598007753,1620.922777602325,1545.5310205045425,1611.121826171875,1947
2011-02-18,1630.3463809987975,1643.5399355271113,1592.6505109179004,1620.6396484375,11126
2011-02-21,1602.0748362298857,1619.0379815546728,1555.0021539690783,1617.8599853515625,1106
2011-02-22,1575.0751584555076,1638.6399033333894,1575.0751584555076,1621.6767578125,1962
2011-02-23,1593.5933445866922,1644.2943497617005,1593.5933445866922,1636.7080078125,1238
2011-02-24,1611.5461896918025,1639.7709365204505,1609.6142296419134,1616.4937744140625,3205
2011-02-25,1620.9227633733394,1651.0794659477272,1527.6254647838275,1612.064208984375,11310
2011-02-28,1602.0750505957922,1649.1949050250803,1577.1486936181816,1629.26318359375,23156
2011-03-01,1620.9228779904968,1644.3885868482153,1620.9228779904968,1628.7918701171875,873
2011-03-03,1623.7500784463846,1639.770827914515,1557.1697054431502,1620.07470703125,1717
2011-03-04,1597.8340925446494,1649.1947283710624,1597.362894050829,1618.0484619140625,23455
2011-03-07,1602.0746429234382,1633.8805365697124,1597.3626586795458,1624.315185546875,57395
2011-03-08,1657.6764436710105,1657.6764436710105,1628.7919505106165,1641.1373291015625,13028
2011-03-09,1616.6820517889807,1658.6187182445972,1616.352235847069,1646.1319580078125,955
2011-03-10,1639.7705438071484,1669.927243463372,1630.3465751645786,1661.9168701171875,1992
2011-03-11,1668.0429438275041,1686.8908866956115,1640.7134266687483,1672.707763671875,943
2011-03-14,1644.576868800454,1682.178529527031,1637.2262417282545,1674.922119140625,1728
2011-03-15,1686.8432645160688,1686.8432645160688,1616.2106637401012,1660.5975341796875,1363
2011-03-16,1650.2314177490405,1717.9897872763468,1649.1948040228233,1705.6444091796875,1818
2011-03-17,1718.9324659667593,1757.5707505635999,1689.7181532228067,1751.3509521484375,1209
2011-03-18,1743.4343639865456,1873.8621253595475,1743.4343639865456,1766.8529052734375,13428
2011-03-21,1767.9366426088043,1776.4182149880576,1696.4086925360302,1756.91064453125,1316
2011-03-22,1734.0102200997046,1776.3238620653083,1734.0102200997046,1751.11474609375,13302
2011-03-23,1748.193695432167,1813.9258897378807,1748.1465295641372,1792.109375,3783
2011-03-24,1790.4599555103384,1800.0253073853328,1769.0674761140485,1797.4337158203125,2539
2011-03-25,1795.266258250313,1795.266258250313,1762.282363741777,1766.334716796875,394
2011-03-28,1762.2825210942685,1795.2664185479045,1715.2568842883436,1763.9788818359375,2831
2011-03-29,1735.895071049332,1876.3122076325842,1707.0577492285618,1835.6007080078125,45727
2011-03-30,1863.1185784605198,2062.6239462336634,1821.65311692675,1899.306640625,35232
2011-03-31,1901.3800492066055,1978.3267826110032,1875.4170824499295,1950.808837890625,42772
2011-04-01,1950.7615521772059,1955.4735366027546,1890.0711697684008,1922.5838623046875,17595
2011-04-04,1932.1021878526944,1941.3377240115265,1875.652702374768,1888.893310546875,8195
2011-04-05,1903.6418328536186,1903.6418328536186,1873.485130550987,1880.0819091796875,8641
2011-04-06,1934.3643058010814,1934.3643058010814,1837.90987425956,1851.5274658203125,5886
2011-04-07,1861.2339101130542,1865.003497779106,1829.8992126389992,1841.820556640625,2894
2011-04-08,1856.4278712071011,1856.4278712071011,1819.8628216329978,1839.2291259765625,822
2011-04-11,1847.097830425281,1850.8674178343122,1828.249893380125,1842.0560302734375,13596
2011-04-13,1810.3444916131243,1884.7938486341743,1810.3444916131243,1858.642333984375,3675
2011-04-15,1833.9044290638042,1896.1026265551768,1823.538062815242,1859.207763671875,4492
2011-04-18,1891.6730959213603,1891.6730959213603,1791.590489210715,1823.7261962890625,8744
2011-04-19,1823.7264256588608,1845.2131208858755,1823.632208977073,1834.8939208984375,2178
2011-04-20,1829.1925037401727,1931.9137726261483,1828.250106777916,1903.9716796875,5374
2011-04-21,1884.793820292911,1923.4320936089157,1884.793820292911,1912.54736328125,5734
2011-04-25,1871.7417223368307,1910.2386146766712,1867.8779178555826,1878.3385009765625,1111
2011-04-26,1899.825185534759,1926.2594673918923,1839.5589434192632,1905.5267333984375,2642
2011-04-27,1910.238824189151,1936.6259416421833,1884.794103788013,1916.2230224609375,5582
2011-04-28,1901.3803070599047,1960.1859072862328,1901.3803070599047,1939.406005859375,4459
2011-04-29,1917.777965023919,1940.3011621153526,1865.9461281313806,1894.312255859375,6872
2011-05-02,1905.526442250334,1927.1073532538821,1830.7943255768746,1851.338623046875,857
2011-05-03,1847.0981107098596,1902.6995334302073,1842.3861257335589,1876.7364501953125,1759
2011-05-04,1833.0089744554925,1869.668118596537,1796.208332745525,1810.297119140625,3523
2011-05-05,1809.4020107445535,1828.2027824969734,1781.1301043266699,1789.2818603515625,11780
2011-05-06,1824.433283206766,1824.433283206766,1766.9942365720713,1776.889404296875,813
2011-05-09,1786.3132771467422,1830.1347318485748,1754.7429818239166,1791.4964599609375,804
2011-05-10,1781.130286451604,1803.3237812744546,1766.9943317972263,1788.29248046875,974
2011-05-11,1767.9837918186342,1804.6429400593956,1767.9837918186342,1788.6221923828125,1538
2011-05-12,1799.9779814079889,1808.4595530481313,1726.4710271934218,1760.5386962890625,1881
2011-05-13,1745.8843003554716,1761.339630986631,1717.046981090231,1731.4656982421875,1319
2011-05-16,1748.0048880275083,1766.8057754323424,1724.5863477879607,1728.26171875,660
2011-05-17,1729.769763671333,1743.4345207256695,1660.5035813614213,1698.199462890625,4134
2011-05-18,1686.8905104046694,1743.4343263958874,1651.1265928056994,1687.9271240234375,17303
2011-05-19,1698.1996889611855,1698.2468548348563,1677.3727346514802,1689.8594970703125,450
2011-05-20,1684.9114361124543,1807.5172494741587,1675.5816838191106,1739.6646728515625,5723
2011-05-23,1716.3406368508224,1818.8263166078723,1716.3406368508224,1770.3870849609375,1665
2011-05-24,1757.7118451405752,1828.2502398936815,1757.7118451405752,1776.936767578125,422
2011-05-25,1764.120105431729,1775.4288699913413,1745.7905288901711,1756.8165283203125,642
2011-05-26,1766.0517639631823,1771.7533111376613,1745.3190324758878,1750.83203125,169
2011-05-27,1828.2502813514704,1828.2502813514704,1707.6234586643632,1754.6019287109375,9161
2011-05-30,1734.9527133612194,1757.5702392279597,1668.9849295832262,1726.75390625,15213
2011-05-31,1715.2567135214986,1742.4920091437612,1697.2569542822682,1713.7489013671875,2667
2011-06-01,1724.5866857962621,1724.5866857962621,1692.545184530102,1699.3775634765625,2379
2011-06-02,1714.691333711692,1714.691333711692,1658.7129291582125,1692.1209716796875,17442
2011-06-03,1696.3145922951612,1696.3145922951612,1669.3148953600573,1692.1209716796875,8409
2011-06-06,1679.5872127866576,1696.1733785543659,1677.5139852052093,1687.0792236328125,287
2011-06-07,1680.4350068251733,1691.413953401579,1672.7544493037326,1675.7230224609375,432
2011-06-08,1676.0529221705704,1691.4610888043785,1660.7861380824952,1666.581787109375,1791
2011-06-09,1659.6083132091173,1672.7547055840025,1650.2785597307966,1665.2626953125,373
2011-06-10,1664.7444674039157,1677.2312289058132,1660.503680478743,1665.8282470703125,282
2011-06-13,1662.3882678007985,1665.2154587324326,1630.3467705756132,1635.4827880859375,2188
2011-06-14,1663.3302526383138,1663.3302526383138,1603.9592577849348,1636.566162109375,56267
2011-06-15,1625.9174236564493,1639.7706121227018,1612.7238670071863,1627.7078857421875,3385
2011-06-16,1625.6349801711362,1630.0642004784384,1602.1692696235332,1616.4937744140625,31213
2011-06-17,1611.498881495276,1625.3992373444312,1611.498881495276,1620.9228515625,2514
2011-06-20,1620.9231496892012,1629.404724309668,1578.609493297129,1601.368408203125,6068
2011-06-21,1602.074645716226,1625.6345669767588,1568.4311241716566,1601.0850830078125,9402
2011-06-22,1637.2266893074056,1654.4724889149468,1573.803312207162,1583.93408203125,3425
2011-06-23,1597.3158575480584,1600.0017812113153,1557.7823467303058,1572.5308837890625,5527
2011-06-24,1571.5412089552615,1611.498864629846,1564.755996593351,1588.080322265625,135161
2011-06-27,1571.5410848793535,1599.1061948611823,1555.0491387363793,1562.3056640625,1011
2011-06-28,1587.7506444040928,1587.7506444040928,1567.159176201006,1569.3739013671875,432
2011-06-29,1578.5149425867432,1719.7802729937375,1556.8869778963308,1682.2728271484375,82757
2011-06-30,1695.843216635618,1705.7383840569428,1639.7706012481108,1664.64990234375,3831
2011-07-01,1663.3305747821428,1682.1785133065862,1611.498743839923,1627.095458984375,639
2011-07-04,1635.0588533026587,1653.9067939747354,1630.3468681346394,1642.1268310546875,818
2011-07-05,1643.5402264564739,1643.5402264564739,1604.0537725493523,1619.7918701171875,6400
2011-07-06,1633.1740754125838,1633.1740754125838,1592.6510025662242,1603.677001953125,4279
2011-07-07,1611.9699995724811,1669.9274125942336,1611.4988010926295,1644.105712890625,1472
2011-07-08,1648.2522471145858,1657.6290506467317,1630.346705264856,1646.461669921875,24479
2011-07-11,1649.1947429778572,1676.9954543594838,1632.231597050085,1656.121337890625,679
2011-07-12,1630.3472670532983,1665.2159658284268,1630.3472670532983,1644.7659912109375,1458
2011-07-13,1635.0587502791666,1712.618067273304,1633.2681730204017,1696.2203369140625,100635
2011-07-14,1663.3308403545975,1694.4299438853066,1650.2786638502075,1674.451171875,2562
2011-07-15,1681.2364833181068,1705.6445920421827,1666.1581292076305,1698.1524658203125,1838
2011-07-18,1696.3145526030478,1718.9320799710883,1677.4666131296806,1691.2255859375,1745
2011-07-19,1686.8906370281927,1722.7017231773946,1686.8906370281927,1713.4661865234375,27108
2011-07-20,1718.9321425116862,1757.5704198378808,1697.3512280217549,1714.97412109375,2166
2011-07-21,1722.7355847673746,1722.7355847673746,1667.5985804746826,1690.5526123046875,54325
2011-07-22,1699.0719154164165,1732.248825498779,1680.1407520134478,1723.9190673828125,1573
2011-07-25,1705.6976139610094,1727.421075089971,1680.1405464932252,1686.4351806640625,1092
2011-07-26,1685.8199747963681,1722.6411079672232,1685.8199747963681,1699.0244140625,614
2011-07-27,1704.7511473531797,1704.7511473531797,1666.936197271582,1683.9742431640625,271
2011-07-28,1722.7360570490312,1722.7360570490312,1659.9791973235795,1680.3302001953125,1303
2011-07-29,1661.2094188677856,1697.46263929877,1656.476628500641,1684.1634521484375,5258
2011-08-01,1694.3391821265504,1751.1326742648705,1600.6299200983221,1700.5391845703125,34006
2011-08-02,1667.8352378053514,1692.4457464222294,1614.1180699588965,1653.9681396484375,18629
2011-08-03,1645.1180287577563,1663.5759122794916,1632.8127730765993,1638.3028564453125,12304
2011-08-04,1642.3731751929463,1647.0113336672032,1609.1490041576124,1612.7459716796875,126697
2011-08-05,1618.6142306621834,1648.9514617303828,1585.5793323188739,1630.30419921875,13066
2011-08-08,1587.946005474584,1622.211481475644,1561.9156551013973,1612.5565185546875,22853
2011-08-09,1584.5382255238014,1642.278268389364,1438.7682812402497,1631.2982177734375,105189
2011-08-10,1621.0754466694168,1645.78059100212,1609.1488372205235,1628.364013671875,883
2011-08-11,1629.026748927174,1641.2846320511048,1580.7522781571065,1631.109130859375,24595
2011-08-12,1632.9075425055912,1674.4614709714208,1609.2435872911844,1629.2159423828125,1406
2011-08-16,1637.5456594914692,1637.5456594914692,1526.0884332457347,1543.505126953125,24558
2011-08-17,1538.1571083241854,1575.356892608781,1538.1571083241854,1563.0516357421875,10025
2011-08-18,1562.7671731387868,1571.2861946761877,1552.3550357041854,1568.9197998046875,7798
2011-08-19,1517.9004403925903,1576.019126796391,1517.9004403925903,1565.8436279296875,5278
2011-08-22,1576.0193081104344,1582.9292287730614,1561.8209359652953,1566.932373046875,2633
2011-08-23,1562.720333076163,1594.9033143269726,1554.3433154775644,1585.9110107421875,880
2011-08-24,1606.5931793633326,1607.2557238435488,1561.820933063519,1584.9642333984375,2021
2011-08-25,1573.1795452692547,1611.3258825073765,1561.8208481914985,1564.6605224609375,146022
2011-08-26,1584.5382565784078,1584.5382565784078,1557.0880717272885,1563.7613525390625,1468
2011-08-29,1564.6606783656844,1585.4849584165283,1551.4088637878745,1556.80419921875,1186
2011-08-30,1566.553839330708,1586.8574667396244,1553.3493985048608,1569.96142578125,3402
2011-09-02,1540.6177597467972,1607.1134584723088,1508.4821622397392,1585.0113525390625,13299
2011-09-05,1603.4694135000336,1603.4694135000336,1561.9154900054327,1563.3353271484375,926
2011-09-06,1578.858642578125,1585.4845481524935,1553.585591820254,1578.858642578125,141059
2011-09-07,1567.499996693753,1607.2554313925075,1566.5534387247349,1572.65869140625,7581
2011-09-08,1574.1263126826398,1591.5430069605584,1540.9967751336967,1560.0699462890625,5488
2011-09-09,1561.8211751518434,1580.7523409112596,1544.8305001014335,1553.6334228515625,955
2011-09-12,1553.3490156172115,1571.2388689595214,1478.0502822679698,1490.118896484375,3035
2011-09-13,1495.5618515910483,1578.858967375866,1495.5618515910483,1572.138427734375,5693
2011-09-14,1576.0195041712939,1604.4162519942001,1571.2867128674761,1595.849853515625,7208
2011-09-15,1597.790136598762,1623.6312199792376,1585.5322549329696,1615.916748046875,3973
2011-09-16,1569.3934399722373,1628.0800462920677,1569.3934399722373,1602.854248046875,68440
2011-09-19,1561.9157904394322,1651.7441940746592,1561.9157904394322,1645.1182861328125,20557
2011-09-20,1656.4767328246398,1709.4366141497173,1612.7930518753922,1693.676513671875,3828
2011-09-21,1703.8044542626753,1730.2607049866003,1680.1405035090272,1723.9661865234375,5507
2011-09-22,1689.6061268314843,1760.5979809000341,1682.980220451753,1747.8668212890625,12839
2011-09-23,1718.0028491420762,1732.201219796143,1665.9421567438314,1707.117431640625,3474
2011-09-26,1738.6382449130717,1738.6382449130717,1647.01135982593,1705.36669921875,1235
2011-09-27,1703.8048080572962,1732.1541807282529,1667.8829695727516,1709.8154296875,1861
2011-09-28,1708.4901388792503,1722.7358856911264,1665.9423949540562,1682.649169921875,789
2011-09-29,1707.5433402665149,1736.9340138032019,1635.2736565889895,1701.958740234375,5763
2011-09-30,1703.8522577107942,1774.7967537278084,1703.804883578696,1749.0504150390625,1492
2011-10-03,1749.0500568327523,1766.7506466128427,1703.804534638691,1759.74609375,1420
2011-10-04,1728.5572979236308,1798.4605986075455,1728.5572979236308,1774.3233642578125,2495
2011-10-05,1791.6927425686479,1793.7278658952225,1713.2704154460964,1740.199951171875,1176
2011-10-07,1779.5292702943366,1816.1610234163118,1661.2095049822133,1669.2552490234375,37992
2011-10-10,1689.6063911150236,1725.5756028026265,1675.4080180804435,1700.5391845703125,1025
2011-10-11,1724.6292381091878,1724.6292381091878,1665.9426229814328,1701.58056640625,3784
2011-10-12,1703.804597929253,1731.2547831181132,1682.033761400157,1723.4456787109375,8157
2011-10-13,1762.775335037865,1781.4224848615918,1684.9209251654602,1709.720703125,547
2011-10-14,1736.9343152256442,1741.6671062753053,1644.9761620213967,1738.6854248046875,1357
2011-10-17,1735.0408803172875,1753.9720410408804,1724.9600141226474,1745.8316650390625,4337
2011-10-18,1727.468547715002,1774.7964531318514,1727.468547715002,1768.97509765625,2518
2011-10-19,1757.0484299194745,1797.5137876994381,1755.8652323235692,1788.0955810546875,3323
2011-10-20,1752.079048101724,1798.4603951341305,1752.079048101724,1792.213134765625,998
2011-10-21,1762.4915136751654,1826.8574765805959,1734.7100513245812,1745.1221923828125,3786
2011-10-24,1727.7998345159924,1810.7656765207987,1727.7998345159924,1798.5550537109375,2328
2011-10-25,1752.079106962463,1803.1932462255493,1752.079106962463,1771.388916015625,16931
2011-10-28,1764.3844389290014,1822.1244876278581,1745.122003169123,1769.8271484375,3111
2011-10-31,1770.0635628358223,1808.8250689691067,1770.0635628358223,1794.674072265625,8617
2011-11-01,1803.193302881877,1825.9106988236958,1790.888046746725,1818.85888671875,4666
2011-11-02,1770.0638053011455,1817.3917145337964,1765.3310143778804,1771.483642578125,3402
2011-11-03,1774.7962479521827,1808.2097915322813,1751.132297979487,1801.063232421875,1130
2011-11-04,1785.2560664460352,1909.8703559513642,1785.2560664460352,1883.2720947265625,5472
2011-11-08,1824.5855663089858,1935.711522287019,1815.4986306828864,1888.14697265625,5299
2011-11-09,1883.6509552828534,1909.2080285454851,1877.025047399949,1898.84326171875,3070
2011-11-11,1907.267625927782,1931.0263320135332,1907.267625927782,1916.9698486328125,7348
2011-11-14,1916.780460776621,1986.3524923159207,1916.780460776621,1965.054931640625,5160
2011-11-15,1965.0545471250598,1965.0545471250598,1912.0472953721678,1916.5908203125,7190
2011-11-16,1896.0032202695043,1906.935896834177,1877.5925961699018,1893.2581787109375,5055
2011-11-17,1912.0474678420312,1914.981775005132,1864.7195602221789,1893.2109375,3130
2011-11-18,1865.6662374930777,1916.7803809860388,1850.5686802170603,1904.806396484375,1730
2011-11-21,1895.0095187822997,1923.4062648179986,1869.4524473501708,1907.03076171875,1270
2011-11-22,1903.5285521331293,1920.4245929997187,1884.5973880144506,1911.290283203125,4261
2011-11-23,1885.54396652214,1926.1985956860703,1883.7454828021698,1912.094970703125,8402
2011-11-24,1884.5971653261367,1920.566372901422,1880.3376539027477,1916.8275146484375,1580
2011-11-25,1913.9408143873845,1940.4444458427984,1913.9408143873845,1928.0445556640625,3085
2011-11-28,1928.0438492589012,1969.739656283174,1912.9935552301513,1940.822265625,5117
2011-11-29,1940.4440976138076,1940.4440976138076,1908.2611223363103,1938.2669677734375,336
2011-11-30,1942.3376871140613,1997.1906959481512,1903.5287957048622,1979.5374755859375,2065
2011-12-01,1959.375639651506,1996.1021471351373,1906.3683759701125,1967.8472900390625,3739
2011-12-02,1969.787904333025,2039.833221450105,1940.4445958110048,2017.636474609375,5299
2011-12-05,2016.0742520416811,2058.811494154746,1988.7188120336134,2030.9825439453125,4975
2011-12-07,1994.9664459996582,2030.3676354105037,1987.7251360565233,1997.048828125,1610
2011-12-08,2014.749018072268,2014.749018072268,1961.2684827088274,1974.8516845703125,784
2011-12-09,1983.0393364102792,1996.2911505915413,1955.6365240184011,1968.7462158203125,1401
2011-12-12,1964.107976066181,1996.5275896470323,1904.5221923603224,1940.6806640625,1987
2011-12-13,1940.3965670852954,1940.3965670852954,1906.4152266010128,1912.6151123046875,5200
2011-12-14,1916.8750783929581,2040.7795757438832,1874.18532466275,1926.0567626953125,85065
2011-12-15,1902.7238278448128,1986.8254936894164,1902.5818210174973,1921.7969970703125,29262
2011-12-16,1921.5130569966977,1930.9786385582577,1791.7399568970388,1873.4278564453125,3612
2011-12-19,1871.6293870864567,1909.4917112834487,1821.1777938753078,1874.232421875,1774
2011-12-20,1875.2265907267483,1901.5882157903166,1845.9306580961759,1875.1319580078125,2328
2011-12-21,1885.7804624911696,1902.5344954222624,1855.4906018814481,1868.36376953125,9078
2011-12-22,1869.4524507966648,2006.6560160934337,1869.4524507966648,1984.7432861328125,10613
2011-12-23,1994.3979875756072,2014.2757083820088,1931.9251507554886,1988.6712646484375,2939
2011-12-26,1983.039347848942,1996.291162106644,1975.9401616394591,1991.463623046875,1911
2011-12-27,1978.354241646371,2025.6347830029356,1974.0473551180478,1998.08984375,4181
2011-12-28,1987.7721979646985,2006.7033617548386,1965.0548014165306,1983.1341552734375,22293
2011-12-29,1961.2686861451764,2001.970690732166,1961.2686861451764,1995.155517578125,33099
2011-12-30,1948.9633784434789,2120.2430424381946,1944.2305873350683,1997.4744873046875,47442
2012-01-02,1951.802798474065,2035.0999111150534,1943.3785238374612,2011.2940673828125,931
2012-01-03,2011.294031886483,2042.672339850488,1987.7719711242007,2035.005126953125,3461
2012-01-04,2025.6341256025871,2044.3286461542932,2016.1685455764068,2020.14404296875,12308
2012-01-05,2016.3103409452606,2037.939282713731,1949.956766773421,1981.808349609375,2111
2012-01-06,1996.2913844532745,2029.420923787492,1940.4444467184508,2021.1859130859375,21728
2012-01-09,2019.718402685635,2019.718402685635,1965.527949936366,1970.6866455078125,143
2012-01-10,1950.8564247023457,2004.8102413971706,1950.8564247023457,1969.4090576171875,903
2012-01-11,1987.7248142205165,1987.7721883484242,1947.6853567794083,1956.10986328125,355
2012-01-12,1958.050674511347,1982.8030826643771,1940.4445969504586,1960.133056640625,68
2012-01-13,1985.8317266595773,1985.8791007881723,1940.444307252504,1965.0074462890625,10793
2012-01-16,1947.6379052795758,1973.5261288812128,1941.5797951995319,1955.9202880859375,242
2012-01-17,1944.2304813207686,1987.7721571439213,1944.2304813207686,1985.40576171875,1126
2012-01-18,1985.4059554969758,2071.0694782490505,1966.9480693791254,2009.637939453125,1606
2012-01-19,2026.6764935967503,2044.5663567812328,1987.8202210142451,2035.7159423828125,18370
2012-01-20,2002.5386069140477,2063.4968621475036,1999.1309049795998,2059.095458984375,5449
2012-01-23,2072.9620715652727,2124.076204836745,2072.9620715652727,2111.912841796875,7175
2012-01-24,2167.9020104909177,2172.350787235227,2072.962189126426,2116.645751953125,11351
2012-01-25,2118.3974850261375,2120.1958533669754,2059.8527614677723,2081.386962890625,3431
2012-01-27,2088.12606689248,2124.1936989569867,2088.12606689248,2114.275146484375,3047
2012-01-30,2088.6946428867977,2143.1756313477663,2088.125061543439,2108.53173828125,5945
2012-01-31,2091.3528685085607,2161.6373329242892,2090.0716575858564,2146.925537109375,3277
2012-02-01,2162.3490058952166,2200.125144014177,2145.122061758941,2152.905029296875,18922
2012-02-02,2149.867937790314,2195.3795425764242,2149.8204340404677,2188.11865234375,3353
2012-02-03,2200.173472256957,2200.173472256957,2145.075361860493,2158.55322265625,9623
2012-02-06,2154.5662569626356,2254.226810698793,2154.5662569626356,2241.74560546875,5010
2012-02-07,2254.179542795477,2320.667422661016,2073.699099527046,2251.474609375,10388
2012-02-08,2251.378640356273,2368.1238228030784,2246.6804049687667,2290.293701171875,40384
2012-02-09,2290.293891979469,2290.293891979469,2225.7518345179674,2258.212646484375,38514
2012-02-10,2261.8198931017373,2296.938372348386,2250.43011604877,2279.141845703125,11533
2012-02-13,2261.3452257234235,2282.7010568162996,2249.48087511627,2273.257080078125,654
2012-02-14,2268.464093605029,2334.904464547436,2268.464093605029,2327.311279296875,27649
2012-02-15,2330.633023795946,2420.327514021447,2330.633023795946,2402.293701171875,9517
2012-02-16,2396.5984420619634,2420.3271395081215,2363.9478470662743,2411.7373046875,2174
2012-02-17,2410.8354923108313,2541.8178930741756,2372.869579046094,2517.8994140625,5650
2012-02-21,2489.1408914049507,2591.2693196205228,2489.1408914049507,2568.157470703125,2939
2012-02-22,2580.733285798453,2586.4281735199647,2524.7335565369194,2555.72314453125,6288
2012-02-23,2543.7163908477387,2595.919525734539,2534.2249117774113,2571.573974609375,2367
2012-02-24,2562.699439938106,2590.6518004471313,2491.60835186857,2571.621337890625,3491
2012-02-27,2572.9506054346093,2576.936980938455,2553.2082794565167,2563.41162109375,11626
2012-02-28,2562.699720168697,2648.028036679631,2553.2082397236277,2612.625,24524
2012-02-29,2605.4109694126173,2704.1223504031136,2585.9534375827598,2658.23095703125,2255
2012-03-01,2686.089159942736,2748.732935404298,2662.3604571163864,2737.295654296875,2514
2012-03-02,2737.2479113080967,2737.2479113080967,2619.6485630692473,2657.377197265625,61144
2012-03-05,2651.017842416783,2681.3430743819326,2633.126310097488,2652.63134765625,64912
2012-03-06,2681.343051862266,2689.8378799646425,2630.089060782421,2663.4990234375,1528
2012-03-07,2648.122901854855,2650.9703458353442,2619.648462049964,2642.902587890625,7090
2012-03-09,2648.122981085072,2790.4951843692156,2619.6960441744563,2755.9462890625,12576
2012-03-12,2755.376294723172,2781.003287474645,2748.827267043574,2772.128662109375,3319
2012-03-13,2755.423681291537,2801.7894142071336,2687.0375331232103,2720.77978515625,8167
2012-03-14,2699.3773139269433,2748.116163674206,2699.3773139269433,2734.353515625,6480
2012-03-15,2756.7052760485894,2789.1663220580526,2733.7834452244833,2765.15283203125,6280
2012-03-16,2846.4952890110294,2846.4952890110294,2727.851770796165,2745.126220703125,10404
2012-03-19,2786.8879993692044,2786.8879993692044,2733.59343782373,2750.962890625,4867
2012-03-20,2743.038101247922,2799.9869891631038,2733.5941236804447,2797.092041015625,16027
2012-03-21,2771.5117322048627,2872.1214046753134,2763.016905261194,2827.84375,15119
2012-03-22,2893.0031715884998,2893.0031715884998,2791.586612728896,2824.759521484375,14574
2012-03-23,2824.7593686069226,2841.7490245941244,2773.315363208757,2824.806640625,6118
2012-03-26,2799.0374836862447,2827.0373500032147,2658.563578096023,2775.16650390625,2869
2012-03-27,2772.461385362079,2930.0199577585545,2752.529276805898,2886.596435546875,13800
2012-03-28,2931.9183896159825,2936.664129968226,2842.698470993806,2918.488037109375,25163
2012-03-29,2873.640949598799,2942.3591810069074,2852.4749001128844,2904.2509765625,126486
2012-03-30,2867.471604859137,3093.273859904804,2867.471604859137,3055.6875,30726
2012-04-02,3028.7312789774096,3127.442671335182,3009.7483189086074,3101.24609375,3713
2012-04-03,3052.5080414295426,3082.8332793439736,2963.430392314897,3012.3115234375,1840
2012-04-04,2967.558740470275,3000.9687038909397,2944.257110609534,2955.836669921875,18495
2012-04-09,2923.850364042447,3013.4498410212964,2829.4101396560736,2863.8642578125,37237
2012-04-10,2831.3553353132015,2911.985392988423,2724.0541322936033,2808.0537109375,8300
2012-04-11,2828.414088960829,2828.4615927152286,2719.404558894414,2736.8212890625,10104
2012-04-12,2709.817451100247,2776.2578089205686,2705.0717112559387,2709.390380859375,1664
2012-04-13,2709.390350669489,2749.6816351536013,2662.360022991319,2730.556396484375,1318
2012-04-16,2705.0715497294364,2756.1357537501435,2691.308905002743,2717.7900390625,305
2012-04-17,2698.90228535257,2837.003316658636,2698.90228535257,2805.58642578125,2322
2012-04-18,2764.8686755039175,2861.6817908150742,2764.8686755039175,2815.03125,6446
2012-04-19,2799.9863163426594,2837.003084592613,2706.40024033332,2761.166259765625,12678
2012-04-20,2798.752798125536,2799.986736930998,2659.750113072844,2683.62109375,4637
2012-04-23,2723.0581361034383,2723.0581361034383,2627.7162648734998,2635.024658203125,7597
2012-04-24,2629.139978568723,2657.6144187698287,2622.4959425217985,2628.9501953125,1425
2012-04-25,2694.6309319747593,2695.5800798902137,2598.292418556148,2603.417724609375,3997
2012-04-26,2598.767561251913,2619.648819961753,2595.4455428208016,2600.47607421875,2351
2012-04-27,2847.4437311280094,2847.4437311280094,2601.6619260812563,2637.871826171875,9868
2012-04-30,2681.296148812826,2719.2620766367936,2635.8320429338773,2689.885986328125,1625
2012-05-02,2705.0719149529023,2705.0719149529023,2662.3602531378565,2669.5263671875,270
2012-05-03,2648.122858093885,2695.437977478017,2611.343373953692,2669.09912109375,877
2012-05-04,2676.5972351455653,2676.5972351455653,2576.9366997944007,2593.736572265625,4697
2012-05-07,2595.9196885386314,2614.9026478698097,2562.2249357257897,2605.8857421875,13522
2012-05-08,2586.475850747705,2611.106195450181,2567.4453866567574,2571.716552734375,912
2012-05-09,2574.0896546327212,2584.5302837628687,2553.2083963724263,2558.4287109375,3766
2012-05-10,2563.838937059117,2586.4287093797416,2557.005116722578,2562.84228515625,1920
2012-05-11,2557.004740318941,2588.3266246658322,2547.987834219078,2553.16064453125,4429
2012-05-14,2579.5945487323543,2579.5945487323543,2541.8184109916174,2543.099853515625,2238
2012-05-15,2541.818484264965,2553.208260893486,2523.7846712698065,2527.106689453125,14114
2012-05-16,2536.218510847352,2536.218510847352,2502.4287487261836,2504.279541015625,8897
2012-05-17,2551.309034814909,2551.309034814909,2451.2689592500956,2479.506103515625,4530
2012-05-18,2473.465977136222,2484.881973953774,2443.9746520242134,2445.163818359375,7861
2012-05-21,2444.022429741477,2463.952812409346,2441.120817236441,2442.738037109375,1198
2012-05-22,2513.707437309419,2532.7340988607766,2439.218010884044,2442.167236328125,683
2012-05-23,2438.314610911853,2464.904327467648,2436.3643313950774,2438.837890625,753
2012-05-24,2500.1030032237177,2500.1030032237177,2425.899032808402,2433.89013671875,1671
2012-05-25,2435.4127139364305,2435.4127139364305,2430.656048479523,2431.84521484375,555
2012-05-28,2432.60614019796,2482.9791770506863,2432.60614019796,2461.764404296875,1739
2012-05-29,2440.6918158784874,2459.195191661827,2395.455896558793,2400.73583984375,13107
2012-05-30,2395.456705934894,2397.4545983152684,2350.744050979001,2352.741943359375,15167
2012-05-31,2350.7917857367606,2387.8461648308285,2234.2058637869322,2290.049072265625,55914
2012-06-01,2248.9511679602087,2287.955820196405,2240.389171127873,2253.327392578125,8112
2012-06-04,2235.632405092946,2366.9163505835104,2160.4771029642893,2284.197998046875,13049
2012-06-05,2335.521984718186,2335.521984718186,2214.70272115028,2243.10009765625,4479
2012-06-06,2320.301429763945,2396.2654706653752,2231.9226777208396,2351.0771484375,44931
2012-06-07,2321.3954437448137,2349.7928305725654,2274.7327395360394,2310.264892578125,32526
2012-06-08,2285.5780956267936,2412.5810824181262,2285.1976552366727,2403.78125,1790
2012-06-11,2425.899223982751,2448.73121667906,2404.018564315456,2426.9931640625,6756
2012-06-12,2398.5485195558585,2509.3312098823444,2392.602687826667,2501.197265625,896
2012-06-13,2521.03286809129,2556.232194928791,2475.5590966980553,2537.395751953125,2719
2012-06-14,2521.0327997035997,2542.9134617387626,2497.2494714045088,2497.4873046875,5836
2012-06-15,2503.9083378680693,2539.9637639633966,2475.415962314118,2527.596435546875,1776
2012-06-18,2507.7616750548723,2592.6205414732235,2498.2007309086084,2509.47412109375,1538
2012-06-19,2528.643019963224,2528.643019963224,2479.1737058029203,2508.76025390625,8871
2012-06-20,2473.466327412777,2554.3296496551175,2445.4019979286704,2532.353759765625,5065
2012-06-21,2512.2328032374553,2606.6526103836513,2511.519303435343,2592.09716796875,7080
2012-06-22,2592.3827871264575,2853.9993986713293,2539.1081316845925,2763.955810546875,54771
2012-06-25,2853.9994417859407,2853.9994417859407,2701.786138224024,2753.586181640625,15656
2012-06-26,2726.5208078906007,2768.3794664904567,2716.056143240637,2754.965576171875,11109
2012-06-27,2730.420964248124,2817.848374942489,2730.3733511458286,2758.818115234375,29368
2012-06-28,2744.5482605816846,2805.433576323775,2726.5681586802175,2773.849365234375,26423
2012-06-29,2783.6481404250103,2920.5924876532276,2777.892528973103,2892.0048828125,27088
2012-07-02,2864.4635294472973,2977.6721511690603,2844.485537378751,2952.985107421875,11506
2012-07-03,2927.3939451324563,2956.742658049193,2893.954686546218,2943.85205078125,4133
2012-07-04,2946.3265536942945,2949.037713977417,2881.3504492373886,2918.119384765625,45508
2012-07-05,2896.904469979736,2969.110558226184,2863.512585793276,2924.683349609375,3836
2012-07-06,2910.746168647261,2915.693286476161,2773.135931371504,2789.30859375,6487
2012-07-09,2775.1817130346994,2815.6609895030333,2749.448334283886,2784.885498046875,10994
2012-07-10,2768.996895664737,2805.4806037441895,2758.912906705559,2765.71484375,1382
2012-07-11,2759.4368319204236,2795.9679293837075,2758.913552273254,2763.337158203125,605
2012-07-12,2768.4267176656513,2783.6480460756175,2731.2771165632703,2758.53271484375,9034
2012-07-13,2754.680241204605,2782.6017285768366,2721.859248969357,2762.9091796875,13495
2012-07-16,2762.576234509903,2787.310896348379,2758.866128137759,2776.6083984375,1233
2012-07-17,2805.4807546098023,2805.4807546098023,2754.1087774145058,2783.60009765625,896
2012-07-18,2803.530516241123,2803.530516241123,2735.0821587547,2783.3623046875,802
2012-07-19,2787.0723967003078,2811.0461720960425,2777.9397400219927,2792.06689453125,22761
2012-07-20,2768.0933913135286,2810.2374867370486,2720.8121909505617,2791.8291015625,19530
2012-07-23,2770.281814300921,2781.6978107884247,2744.595822204037,2749.685546875,1416
2012-07-24,2738.364576859057,2761.719849735602,2735.0825242817277,2737.9365234375,996
2012-07-25,2732.79942596031,2884.441821982834,2731.086980009962,2861.800048828125,1536
2012-07-26,2816.8969907713495,2871.1229713434423,2773.2308993195397,2854.284423828125,2016
2012-07-27,2832.118646385687,2919.593678716262,2832.118646385687,2904.18212890625,3601
2012-07-30,2892.0530066469905,2995.748328266899,2892.0530066469905,2930.724609375,18759
2012-07-31,2654.2191599270272,3029.0443746263995,2654.2191599270272,2963.0693359375,14846
2012-08-01,2987.1856824287365,3059.4869919397506,2964.401303054376,3012.30078125,9691
2012-08-02,2997.6502696169086,3053.7313032647266,2963.4498948714036,3018.531982421875,1778
2012-08-03,2991.942693697594,3015.726021946383,2935.3859855737883,2956.981201171875,521
2012-08-06,2937.764659485672,2996.557100194543,2762.291289744717,2949.228271484375,7333
2012-08-07,2929.3448646899974,2977.6726331105037,2929.3448646899974,2942.948974609375,485
2012-08-08,2932.9596318803788,2967.2076197972433,2897.37987067036,2947.847900390625,2595
2012-08-09,2942.472801506211,2987.1854499610417,2934.8621379394312,2935.861083984375,943
2012-08-10,2918.6894486236943,3057.5840573261257,2917.738115687376,3026.85595703125,4437
2012-08-13,2998.649890823694,3105.1515972239677,2998.649890823694,3049.1181640625,5984
2012-08-14,3137.116154970549,3137.116154970549,3045.550343175928,3062.48388671875,7171
2012-08-16,3087.0278758771824,3087.0278758771824,3044.265505309099,3052.209228515625,610
2012-08-17,3100.3944311695354,3144.1557517690444,3020.530067527242,3131.217529296875,3658
2012-08-21,3129.88524321456,3177.4042751513803,3096.5885916910006,3140.016845703125,3105
2012-08-22,3129.885567349014,3131.7882333474026,3044.2655974215336,3099.205078125,9874
2012-08-23,3137.4961073174786,3258.3153934391644,3082.3187955453704,3208.037353515625,55918
2012-08-24,3205.849629280567,3344.2209688150883,3080.035838997364,3282.098876953125,38620
2012-08-27,3282.099080595101,3401.015713949996,3210.749100582164,3338.560791015625,11126
2012-08-28,3329.380379091973,3405.7248598045735,3286.855836287046,3330.759765625,39881
2012-08-29,3329.713889219133,3352.7837198464404,3277.247722684464,3309.40283203125,28073
2012-08-30,3329.665420884481,3329.7130339851565,3205.992133823058,3245.234619140625,10338
2012-08-31,3318.2500092319056,3318.2500092319056,3151.766708883401,3220.2626953125,12442
2012-09-03,3262.120830617149,3262.120830617149,3177.452194301918,3197.3349609375,2661
2012-09-04,3187.013281343489,3195.527665557575,3165.655901152913,3169.128173828125,27064
2012-09-05,3186.9656199021265,3248.8022662584367,3122.845867199353,3229.918212890625,2793
2012-09-06,3229.918630557247,3263.0726835252635,3189.820031446125,3214.507080078125,26278
2012-09-07,3234.5324800214694,3274.298249315897,3215.5058183742844,3240.240478515625,6045
2012-09-10,3212.6516856445874,3272.49044113512,3189.4392523030974,3239.6220703125,1667
2012-09-11,3262.977664164444,3334.422880703114,3234.5328942626497,3299.69921875,14302
2012-09-12,3293.7525935109793,3329.475193182898,3285.904096465282,3304.35986328125,632
2012-09-13,3304.4078911319925,3324.909165773336,3272.585845568033,3294.751953125,4751
2012-09-14,3329.664654964653,3329.664654964653,3221.2603335783842,3238.098876953125,2788
2012-09-17,3244.996610238307,3301.077639768195,3199.3326297951994,3260.693603515625,2563
2012-09-18,3272.632854563359,3348.644261890307,3272.632854563359,3331.47265625,8124
2012-09-20,3362.9147527145565,3396.259022906668,3286.85572104833,3368.955810546875,5527
2012-09-21,3367.7187037817293,3481.878659842127,3367.7187037817293,3457.3818359375,7490
2012-09-24,3473.269193868098,3473.3168069702333,3286.6177044317756,3439.21142578125,2974
2012-09-25,3426.7015617157654,3448.582221326943,3402.9182360514415,3447.48828125,11453
2012-09-26,3415.3809369803153,3519.8371219370156,3415.3809369803153,3501.333740234375,16761
2012-09-27,3518.933568839344,3605.5524951549714,3496.1491872544907,3586.811279296875,27111
2012-09-28,3586.8111582469032,3790.1109910064583,3553.276667174369,3701.303955078125,30592
2012-10-01,3748.252475080745,4228.675698409622,3714.9558160381494,3867.59716796875,77525
2012-10-03,3929.0057452239953,3929.0057452239953,3411.7659796471667,3828.830322265625,20857
2012-10-04,3947.984962946778,3948.0323437942775,3829.2109331461156,3876.777587890625,41035
2012-10-05,3858.60672653294,3886.1953840944425,3644.5567971764526,3685.41650390625,20607
2012-10-08,3664.491104791111,3715.63563910734,3615.8250148249776,3660.82080078125,115954
2012-10-09,3689.32511345361,3753.1486126555606,3670.2113687386104,3727.171142578125,20654
2012-10-10,3732.224158314192,3789.374553140026,3732.224158314192,3748.048828125,5823
2012-10-11,3738.84935447926,3831.3196215329285,3686.417759758108,3792.615478515625,14105
2012-10-12,3792.614718945593,3841.805171055456,3763.2532179738964,3816.781005859375,7540
2012-10-15,3854.8660174631013,3899.003932488843,3817.162888878508,3888.613037109375,7470
2012-10-16,3908.5365497070743,3922.7406504138094,3770.546143470465,3868.35498046875,102376
2012-10-17,3896.0963035803375,3950.434732764132,3856.200767413849,3882.607177734375,26950
2012-10-18,3908.536189689563,4026.74557688993,3904.7229836508413,3972.55029296875,28947
2012-10-19,3984.800700265106,4027.6992723971466,3980.129615506588,4001.340576171875,12228
2012-10-22,4033.4678728041604,4033.4678728041604,3977.175581033328,3996.384521484375,11789
2012-10-23,3999.2426909749124,4032.4653413154056,3889.470116446065,3925.028076171875,2181
2012-10-25,3956.1552072677905,4027.6528461744524,3881.892853346245,4004.91650390625,66165
2012-10-29,4027.7000190898693,4082.276545975762,3944.4769599167603,4062.3046875,18474
2012-10-30,4018.1665158832147,4070.5981074309198,3951.435399367954,3964.8291015625,6064
2012-10-31,3992.95205960884,4051.5326412845825,3970.501988458891,4025.888916015625,6551
2012-11-01,4080.1317207688808,4080.1317207688808,4003.8675764554437,4029.7021484375,9306
2012-11-02,4094.335648016778,4094.335648016778,4004.29657580656,4060.922607421875,4939
2012-11-05,4118.2625367775845,4172.886527288974,4037.231908160433,4123.36279296875,13261
2012-11-06,4146.861516143956,4169.740752095095,4070.5499174236256,4128.4150390625,6726
2012-11-07,4100.197593113315,4199.340957884178,4100.197593113315,4194.4794921875,25450
2012-11-08,4127.8431609012105,4263.259924399012,4127.8431609012105,4241.7626953125,6601
2012-11-09,4202.392188259674,4289.810139701433,4175.4614154318315,4198.19775390625,4637
2012-11-12,4289.858304840192,4289.858304840192,4101.247441608169,4122.93505859375,4446
2012-11-15,4078.319216059549,4184.040258686725,3891.615025295941,3923.073974609375,9706
2012-11-16,3872.882566086409,4079.1769068888457,3872.882566086409,4001.2919921875,24027
2012-11-19,4070.5977681608497,4070.5977681608497,3890.9958426334047,3897.335205078125,2324
2012-11-20,3899.0515083704227,3994.3339629188476,3765.541564088174,3813.158935546875,9579
2012-11-21,3729.2680048159364,3932.3689494691753,3729.2680048159364,3889.61328125,14246
2012-11-22,3931.4162647602925,4202.153951276277,3926.4589096605123,4092.81005859375,20735
2012-11-23,4092.80881112712,4189.7597519894125,4027.7459890399127,4062.446533203125,8790
2012-11-26,4099.196080148698,4099.196080148698,3970.500389260308,4065.735107421875,6653
2012-11-27,4137.329835645765,4193.5746421672175,4107.920381851805,4167.59716796875,6452
2012-11-29,4235.232949971079,4256.491388181712,4082.418433387766,4185.375,23793
2012-11-30,4263.0706468005965,4272.508242455569,4165.929276895198,4188.61767578125,6315
2012-12-03,4256.49306805855,4256.49306805855,4096.624150060852,4139.189453125,16218
2012-12-04,4114.591771220919,4118.262074730582,3970.547835650127,4004.771728515625,14866
2012-12-05,4040.997918903005,4144.478619224651,4009.5864456489667,4098.529296875,17366
2012-12-06,4118.309952884031,4156.394533945251,4051.626792343719,4103.05712890625,2581
2012-12-07,4155.442649922047,4155.442649922047,4075.3652967232747,4098.72119140625,73615
2012-12-10,4108.825034644995,4184.946255228076,4091.141011902357,4137.09033203125,3235
2012-12-11,4146.8620902367675,4184.994155434347,4062.9715468020927,4086.089111328125,5300
2012-12-12,4146.289887386467,4146.289887386467,4062.018119013011,4114.44970703125,3499
2012-12-13,4128.750584121588,4156.396339591347,4100.246950026244,4119.31298828125,26748
2012-12-14,4145.908889590766,4289.857439217854,4121.933446109669,4279.80029296875,22072
2012-12-17,4285.090842257522,4300.3436683923655,4195.480488715318,4289.66650390625,4896
2012-12-18,4284.567710925941,4334.616058342987,4237.379269075584,4260.591796875,15859
2012-12-19,4264.1184138365525,4328.942928064338,4260.305207117271,4313.404296875,36478
2012-12-20,4276.510350951252,4318.455615204897,4275.557049490942,4307.0634765625,12655
2012-12-21,4275.558730345858,4299.391276222925,4258.113492955609,4280.0869140625,20690
2012-12-24,4301.821295203431,4308.876099994811,4188.1880146230405,4250.248046875,4880
2012-12-26,4242.145142520032,4286.997801909758,4209.780363182897,4276.177734375,1936
2012-12-27,4238.617472965879,4323.222994635988,4238.617472965879,4305.5869140625,2560
2012-12-28,4358.78113359963,4366.074263915961,4263.880136495163,4313.5947265625,27176
2012-12-31,4358.7816158802425,4470.032121670845,4314.643928914959,4427.89599609375,23505
2013-01-01,4480.420646745914,4518.648121630219,4375.652927907744,4394.19482421875,2488
2013-01-02,4441.431807167474,4480.421746463369,4350.4869347334325,4374.033203125,12940
2013-01-03,4375.606382062159,4430.945347641238,4331.801992186271,4394.86279296875,2052
2013-01-04,4399.485893394616,4408.065605862775,4369.552322990435,4381.75439453125,4589
2013-01-07,4342.288596382749,4399.4866898587015,4295.8151454335375,4321.07763671875,4494
2013-01-08,4300.391628513998,4374.654206451757,4300.391628513998,4331.8505859375,4570
2013-01-09,4354.538924919411,4354.634348177862,4266.120199118075,4300.39111328125,2821
2013-01-10,4322.2226859367875,4322.2226859367875,4223.126782137104,4262.974609375,9938
2013-01-11,4246.95859310216,4303.155908152098,4127.795894081336,4167.35791015625,11750
2013-01-14,4170.694267548278,4266.024422235095,4169.740966001409,4215.30859375,12748
2013-01-15,4272.983920957076,4327.98961391598,4218.264497788896,4314.50048828125,5686
2013-01-16,4271.269648181972,4335.617533742129,4242.146458020248,4266.40771484375,5919
2013-01-17,4267.025105621768,4312.497774564893,4162.114458966637,4196.337890625,25393
2013-01-18,4237.427403498992,4336.570811814829,4185.949095335,4325.4169921875,10406
2013-01-21,4332.755134401759,4406.445151045988,4204.059437340321,4269.6943359375,43465
2013-01-22,4280.324520956528,4393.57657376026,4045.240234794319,4256.58740234375,61368
2013-01-23,4282.3734754995,4368.266038466229,4259.7325636300975,4313.88037109375,11399
2013-01-24,4312.5451512006575,4347.054851785921,4270.79073157915,4319.21826171875,7819
2013-01-25,4318.45617838068,4337.52221007331,4219.312813579005,4239.28466796875,6128
2013-01-28,4220.83837188828,4349.200342718563,4208.826678306199,4300.39111328125,9840
2013-01-29,4249.008868367614,4327.990012686188,4132.563150879873,4146.91015625,35488
2013-01-30,4146.814651681471,4239.523236094827,4103.963556807171,4150.43701171875,4703
2013-01-31,4193.525980910782,4270.790884265895,4166.83353788412,4259.92333984375,9187
2013-02-01,4289.809081136313,4289.809081136313,4192.2385838365135,4208.4921875,1916
2013-02-04,4278.132956051302,4278.132956051302,4175.462159231844,4188.90380859375,1737
2013-02-05,4234.852553831061,4306.064387070461,4195.576797531527,4277.46533203125,10944
2013-02-06,4282.13703743478,4289.858876508391,4227.894248292158,4244.62451171875,21329
2013-02-07,4198.340779380593,4374.70159776965,4198.340779380593,4272.88916015625,10226
2013-02-08,4261.260215701431,4332.376642598527,4206.540770457008,4247.29443359375,6725
2013-02-11,4282.517370013807,4289.76255658678,4158.874409304138,4196.29150390625,5776
2013-02-12,4208.827201560117,4261.258797502542,4165.928623061769,4219.0751953125,15891
2013-02-13,4272.98395001024,4327.989643343142,4194.574886537779,4312.73681640625,64203
2013-02-14,4247.913493644622,4341.2896059366085,4208.828113653726,4288.38134765625,64112
2013-02-15,4246.911998005044,4285.044069627067,4185.948162307579,4213.73681640625,79764
2013-02-18,4213.59328086758,4274.604586291906,4176.41451662463,4187.13916015625,4005
2013-02-19,4213.06979904094,4213.06979904094,4159.827800758302,4181.61083984375,4420
2013-02-20,4222.125731740691,4222.125731740691,4175.508906433307,4192.287109375,8087
2013-02-21,4163.64019702316,4237.473127289835,4135.041148777483,4148.5302734375,53578
2013-02-22,4193.4777279043,4204.05946727833,4135.612608175106,4179.845703125,3031
2013-02-25,4177.9395140184815,4212.925402016968,4146.861790036376,4151.2470703125,1179
2013-02-26,4156.441936429529,4175.746291421577,4100.14967016293,4130.4169921875,6505
2013-02-27,4117.310635293649,4149.913744321035,4051.5328085200304,4116.833984375,25392
2013-02-28,4118.263762314464,4168.073781198938,4113.4972533303035,4154.06005859375,6093
2013-03-01,4153.535661611918,4184.994618883709,4095.38425574588,4121.83837890625,26423
2013-03-04,4099.0061782870325,4127.605227297303,3957.155081387814,3978.985595703125,11714
2013-03-05,3934.418683168282,4049.577798013747,3823.692793233946,4010.492431640625,41032
2013-03-06,4010.4932210798497,4063.25810368654,3908.537406682079,3998.338623046875,18453
2013-03-07,4041.998117732472,4080.1301754469296,3995.5721512734326,4057.155517578125,4703
2013-03-08,4091.8570287872076,4091.8570287872076,3941.902845546211,4006.918212890625,18823
2013-03-11,4072.7913362051454,4170.695623080425,3908.5376124867985,4152.20166015625,9798
2013-03-12,4192.572479070282,4194.526560935384,4103.009617787703,4181.3232421875,46698
2013-03-13,4175.414629082204,4222.1738986887385,4070.5989043578493,4101.29541015625,14369
2013-03-14,4056.9657979454078,4113.115168987597,4010.5398239179854,4039.377197265625,4898
2013-03-15,3874.981172805924,4070.0265799128406,3874.981172805924,3992.237060546875,51161
2013-03-18,3959.204633021445,3984.800875280293,3885.228565028458,3911.53955078125,21833
2013-03-19,4040.4746360920703,4040.4746360920703,3872.312275849728,3964.305908203125,9809
2013-03-20,3929.2718523418635,4032.514255246628,3908.1563097176336,3981.9892578125,11377
2013-03-21,3981.941465193884,4030.559855120838,3899.00421178908,3908.91845703125,20450
2013-03-22,3829.985816316371,3908.346953408812,3755.056193689137,3825.076171875,88492
2013-03-25,3905.9629981774665,3937.136150988417,3813.2069258967717,3827.458740234375,9695
2013-03-26,3824.646337134906,3918.069901701013,3799.002615059056,3896.286865234375,2329
2013-03-28,3934.1322960626085,3934.1322960626085,3756.8657001051915,3854.5791015625,13558
2013-04-01,3876.8398190045773,4051.5323614113117,3851.196095507046,4022.4091796875,4539
2013-04-02,4037.185436735036,4042.046903281815,3975.2683018136013,4017.451904296875,5916
2013-04-03,4022.886040862671,4064.878798165094,3970.5019217536624,3997.289794921875,3437
2013-04-04,3956.201889006734,4003.866972006815,3837.5158323365317,3852.720947265625,7009
2013-04-05,3908.537184739411,3908.537184739411,3789.3744656924778,3797.811279296875,8052
2013-04-08,3753.721173317023,3853.531822903571,3753.721173317023,3813.064208984375,17041
2013-04-09,3851.339197341017,3859.632876292303,3755.389466126901,3831.415283203125,117228
2013-04-10,3813.2068679279846,3854.9615296797315,3786.5144198524886,3836.99169921875,7496
2013-04-11,3851.290943059296,3926.649484818419,3851.290943059296,3900.7197265625,14293
2013-04-12,4003.867633847171,4003.867633847171,3860.9200728485916,3921.168701171875,7577
2013-04-15,3919.023319067008,3956.154606761462,3818.3070867774654,3853.293212890625,2805
2013-04-16,3895.7627359769526,3956.2019693526418,3870.404818210054,3935.51513671875,3878
2013-04-17,3977.4594691150314,4184.993381778997,3894.284150018604,4127.8427734375,26053
2013-04-18,4041.999616548661,4182.897435858294,4041.999616548661,4134.61279296875,29880
2013-04-22,4046.1450351938634,4184.993295984146,4046.1450351938634,4161.11328125,2208
2013-04-23,4099.150086950061,4175.461706606217,4089.6645482512954,4139.712890625,2954
2013-04-25,4160.113048003253,4218.121547486956,4156.442743492545,4162.40087890625,9815
2013-04-26,4213.451508869788,4213.451508869788,4094.431673190017,4102.7255859375,2618
2013-04-29,4130.656100550981,4232.65937836288,4108.730162329733,4207.87353515625,7438
2013-04-30,4261.25892031464,4366.07463632487,4146.862707688743,4291.57373046875,15119
2013-05-02,4335.616661337772,4553.875298411961,4280.325155982101,4418.45849609375,70648
2013-05-03,4364.120297886378,4483.441454032581,4364.120297886378,4458.3740234375,16097
2013-05-06,4394.917643859456,4512.090168881762,4392.769006845238,4426.71728515625,5901
2013-05-07,4402.320185169623,4469.071107301787,4402.320185169623,4422.4697265625,10833
2013-05-08,4404.22766288059,4455.7473815738085,4404.22766288059,4442.95068359375,4769
2013-05-09,4441.471993002559,4572.300129541229,4430.012594181654,4464.1044921875,16538
2013-05-10,4457.7061053385905,4495.904101099847,4383.220013604141,4393.39013671875,2876
2013-05-13,4359.346672684383,4561.987245604102,4359.346672684383,4451.78564453125,21102
2013-05-14,4404.228927280574,4507.411077192045,4404.228927280574,4425.4765625,13540
2013-05-15,4487.309074996843,4498.338558586684,4423.470588110843,4490.89013671875,21771
2013-05-16,4426.335834308041,4630.551959000686,4426.335834308041,4579.0322265625,7865
2013-05-17,4583.760204273862,4765.200712359702,4583.473905774775,4715.208984375,19168
2013-05-20,4726.047642295844,4800.820042242415,4657.291240953087,4763.00439453125,12580
2013-05-21,4693.6271754438685,4765.200870015198,4512.139100365092,4568.43359375,11004
2013-05-22,4641.0099438058505,4746.054455231305,4606.726862049613,4697.73388671875,9382
2013-05-23,4694.533145238848,4745.145483867339,4661.109902748336,4725.28271484375,15949
2013-05-24,4698.496022619191,4736.45527601717,4655.427694689449,4701.599609375,4332
2013-05-27,4664.9294432274455,4765.103576909132,4664.9294432274455,4732.8740234375,15274
2013-05-28,4717.453395556,4779.5251507606845,4714.588545315784,4770.453125,3236
2013-05-29,4774.702058054291,4798.527778882799,4698.353625132235,4739.177734375,6532
2013-05-30,4759.470004947922,4759.470004947922,4607.632980311742,4629.93115234375,7754
2013-05-31,4669.6094386064215,4985.507146369368,4564.612976515439,4734.02099609375,16838
2013-06-03,4712.677601027566,4712.677601027566,4641.247537377714,4657.9111328125,1014
2013-06-04,4655.38082757851,4655.38082757851,4528.611226581373,4546.0390625,7466
2013-06-05,4555.06415617261,4555.111717161205,4450.067212153295,4489.60205078125,9914
2013-06-06,4455.796065698653,4503.543558901596,4455.796065698653,4478.09423828125,1993
2013-06-07,4454.84154830589,4627.63992949607,4450.066798522068,4503.162109375,9113
2013-06-10,4471.648144851072,4558.930465619734,4471.648144851072,4520.3505859375,3490
2013-06-11,4558.932011649638,4561.796862096841,4490.22316191051,4504.16552734375,11442
2013-06-12,4470.120491405963,4557.975882392791,4407.093797871932,4439.4189453125,2139
2013-06-13,4402.319552886951,4468.2111036785345,4401.364602875479,4422.134765625,12116
2013-06-14,4459.5203175629795,4543.460318122096,4459.5203175629795,4497.33642578125,2830
2013-06-17,4486.355606249695,4678.3005779091645,4483.490755926419,4638.240234375,6720
2013-06-18,4589.490013399492,4655.381567898986,4545.657898663194,4565.234375,5995
2013-06-19,4613.363550454492,4631.507600849573,4502.589348042419,4520.7333984375,2116
2013-06-20,4540.690849310875,4558.59615860721,4441.471655320268,4462.33740234375,1918
2013-06-21,4454.841450164553,4516.8656350036545,4411.868703056857,4434.0712890625,5880
2013-06-24,4408.048610608859,4445.482832117278,4268.625929250779,4300.23486328125,3633
2013-06-25,4316.374505020919,4364.074449615541,4068.087475971043,4213.57421875,5459
2013-06-26,4211.329109549972,4363.118584490603,4169.311313445619,4230.33251953125,10333
2013-06-27,4179.815464377696,4296.1281687850515,4154.031818607032,4276.6953125,5590
2013-06-28,4323.059166854458,4511.996140200141,4313.509665712743,4456.943359375,10162
2013-07-01,4521.68829826376,4562.751148702057,4488.790083898938,4535.67822265625,6031
2013-07-02,4540.786339931971,4640.101120027224,4484.444301224088,4494.328125,1369
2013-07-03,4488.312834441568,4488.312834441568,4315.896787950608,4398.26123046875,4184
2013-07-04,4431.922934872674,4440.517484843338,4328.788335224699,4348.84228515625,4500
2013-07-05,4415.498174880749,4421.419052133802,4366.031945217223,4416.453125,2331
2013-07-08,4420.416715995666,4440.51823028789,4345.166363849481,4355.81396484375,2578
2013-07-09,4383.172519199686,4391.814629358285,4345.022083840008,4355.240234375,27243
2013-07-10,4364.121568234297,4371.761168353744,4319.238917532543,4348.69921875,22870
2013-07-11,4327.928607283433,4354.524055699159,4316.326059061604,4330.79345703125,3485
2013-07-12,4359.299509064454,4359.299509064454,4306.824816198198,4331.60595703125,1675
2013-07-15,4296.272875927561,4339.293190788213,4287.725886144163,4319.85986328125,3642
2013-07-16,4249.527800016855,4316.326743746535,4222.789198129109,4249.2890625,3107
2013-07-17,4289.588512747047,4335.426119946415,4254.4940947350315,4307.44580078125,12019
2013-07-18,4342.490982811199,4342.586571046178,4231.096184039355,4291.44873046875,9458
2013-07-19,4261.703282529648,4292.500421258364,4202.926294198288,4250.43505859375,17524
2013-07-22,4287.72653926274,4320.9110598060315,4226.609724449195,4296.36865234375,11225
2013-07-23,4253.347084435558,4365.076228772999,4253.347084435558,4346.55029296875,17202
2013-07-24,4289.348328102608,4313.508372232646,4201.731681400738,4220.30517578125,20147
2013-07-25,4230.4287241584,4258.16983661465,4230.4287241584,4245.85107421875,3649
2013-07-26,4221.833618706924,4289.587502403856,4174.420448184336,4201.68408203125,3596
2013-07-29,4201.82627788774,4340.246424632483,4144.481734412536,4162.67333984375,1715
2013-07-30,4160.954443465963,4180.7220881193925,4091.959329910299,4108.2890625,7792
2013-07-31,4105.329898835324,4244.752593701562,3891.4211067117803,4158.568359375,23924
2013-08-01,4107.2397242308725,4235.203017196912,4054.14441389261,4149.2099609375,8186
2013-08-02,4149.210324550612,4149.210324550612,3953.970604159295,4006.015380859375,12715
2013-08-05,3965.907099298928,3999.330347186109,3916.2497024379736,3986.486083984375,11503
2013-08-06,3948.7656361983,3948.7656361983,3810.2503313432085,3856.75634765625,19970
2013-08-07,3820.7552545591475,3822.2354738055565,3639.4578893507783,3685.15234375,41468
2013-08-08,3567.836166391725,3762.5028071719044,3540.620092786547,3651.394287109375,119450
2013-08-12,3614.485341353662,3752.953075698783,3614.485341353662,3745.3134765625,3061
2013-08-13,3752.953344028411,3819.6088978866446,3680.0906154281456,3768.7578125,62221
2013-08-14,3768.901189969654,3905.745574197714,3700.479114426671,3886.93310546875,3405
2013-08-16,3886.932394756555,3889.0810319045017,3730.989038679375,3759.494384765625,13790
2013-08-19,3724.304361864997,3768.1364660978193,3598.394132682049,3652.0625,18869
2013-08-20,3590.8026778092394,3667.0077288018165,3590.8026778092394,3628.952880859375,61428
2013-08-21,3628.7618018802195,3667.00759175072,3547.6866491631818,3557.713623046875,3877
2013-08-22,3533.314540615551,3557.713556571727,3461.693299927398,3515.02734375,25971
2013-08-23,3449.422261609488,3574.664083551322,3443.5494128560376,3466.85009765625,10234
2013-08-26,3561.008734023264,3561.008734023264,3447.3696781507065,3453.958740234375,20737
2013-08-27,3452.1441311613708,3474.1079804052747,3437.8198816544773,3437.86767578125,23166
2013-08-28,3413.94554549456,3466.467784656015,3294.576820127618,3329.528076171875,98537
2013-08-29,3246.9250277454935,3404.396162304674,3246.9250277454935,3378.373779296875,3112
2013-08-30,3294.576863999524,3466.4678308168905,3294.576863999524,3433.80859375,19329
2013-09-02,3433.044997364723,3475.444680987725,3365.2435523541817,3397.234375,7059
2013-09-03,3371.020804493798,3437.6763514406193,3370.9730103723223,3420.869140625,623
2013-09-04,3481.7947630789517,3581.109542226483,3385.5357766613974,3471.529052734375,2370
2013-09-05,3523.7178922033263,3704.251245878222,3496.454021633214,3648.7685546875,13758
2013-09-06,3604.9360524574267,3685.1040539359783,3541.193143450398,3627.950439453125,26437
2013-09-10,3581.1104463760257,3741.4942590661776,3581.1104463760257,3703.391845703125,20017
2013-09-11,3701.8157599302867,3905.697578269304,3701.8157599302867,3802.13330078125,8364
2013-09-12,3782.5565181488873,3948.7177991784015,3653.6382828673673,3712.1767578125,114118
2013-09-13,3669.4908027432184,3723.7795679832248,3591.6145870213204,3643.181884765625,38029
2013-09-16,3636.4494870470944,3763.505627228981,3636.4494870470944,3746.841796875,2779
2013-09-17,3694.2239529346757,3823.6674677859937,3669.872728739294,3771.956787109375,17583
2013-09-18,3772.1002212879075,3819.7999262383923,3713.9436275256767,3801.75146484375,2733
2013-09-19,3819.799580352557,4010.69397112385,3819.799580352557,3982.52294921875,10323
2013-09-20,3927.7558116779487,4106.283850724825,3900.921864073543,4012.746337890625,28147
2013-09-23,4035.618099564871,4085.6098178837424,3924.796355067038,3962.134521484375,13245
2013-09-24,3935.396791837705,3935.396791837705,3868.502726077452,3907.798828125,2861
2013-09-25,3891.421100983334,3930.335311993167,3776.827105371555,3846.01318359375,5651
2013-09-26,3867.547612736775,3924.8446144069494,3839.854061929524,3871.988037109375,2237
2013-09-27,3881.87114045649,3881.87114045649,3782.6041501721206,3818.605712890625,9924
2013-09-30,3820.9453422447223,4028.8859078938076,3800.70045179323,3937.87890625,8461
2013-10-01,3986.916389321555,4009.8351901224455,3868.645734431788,3980.900390625,4098
2013-10-03,4006.0146928344366,4139.707674240115,3989.780545092319,4111.775390625,18757
2013-10-04,4044.355610064606,4225.652925444742,4044.355610064606,4203.78466796875,4581
2013-10-07,4192.2298644340335,4216.103610814637,4139.707622396704,4200.15576171875,4398
2013-10-08,4173.131168455078,4297.274658592186,4048.9876783179707,4110.72509765625,6573
2013-10-09,4106.284478165542,4187.45521785021,4059.635083337,4150.02099609375,3208
2013-10-10,4200.823871612424,4251.674944848015,4124.4278930425235,4135.744140625,4672
2013-10-11,4085.323815227805,4238.880060795832,4085.323815227805,4181.201171875,9794
2013-10-14,4228.517980142848,4228.517980142848,4154.079452041096,4183.4921875,1612
2013-10-15,4201.732342437475,4306.824401008278,4182.680903861698,4282.7119140625,6950
2013-10-17,4260.927634434729,4318.378344112501,4244.64993335936,4281.37060546875,1607
2013-10-18,4213.099955997448,4410.203869788081,4184.374599628692,4342.98681640625,8561
2013-10-21,4308.803168781722,4318.3782869345705,4270.50269617033,4291.9990234375,16426
2013-10-22,4292.046561154159,4346.098288241163,4203.4767213534315,4238.1865234375,10747
2013-10-23,4252.454735310731,4367.40434251516,4229.3309117881845,4299.9951171875,7921
2013-10-24,4247.570212295623,4346.912065730182,4236.989893473973,4268.01318359375,28606
2013-10-25,4246.613838625851,4278.978028024354,4203.525794262473,4242.40087890625,7523
2013-10-28,4246.56458882135,4270.50238244492,4198.689001574209,4248.240234375,29481
2013-10-29,4224.111356371838,4318.378588176561,4138.366354345698,4248.00146484375,4427
2013-10-30,4217.840865683249,4323.167198310981,4210.228457356524,4226.31494140625,5332
2013-10-31,4250.969816095989,4260.880157514711,4231.005599984235,4246.900390625,965
2013-11-01,4241.73044842425,4256.140816932085,4184.423262027819,4213.33984375,32963
2013-11-05,4227.462464677103,4246.565012910427,4198.689420882124,4214.91943359375,1085
2013-11-06,4268.396424358173,4268.396424358173,4205.392327414147,4237.80419921875,3438
2013-11-07,4214.632909840647,4304.01675509135,4214.632909840647,4263.65771484375,16742
2013-11-08,4265.620222523945,4271.987583976979,4215.015618544793,4232.3466796875,3780
2013-11-11,4297.313141560263,4297.313141560263,4169.102399582671,4204.9609375,10564
2013-11-12,4146.168936659636,4235.073985988248,4146.168936659636,4194.4755859375,722
2013-11-13,4209.605329889216,4211.137442474903,4126.876393148438,4138.31884765625,3384
2013-11-14,4138.366344130876,4193.806188459391,4117.301082777133,4124.482421875,4814
2013-11-18,4124.961796135131,4155.602180878939,4120.748836739891,4130.6591796875,8087
2013-11-19,4117.301355473696,4174.752072061701,4117.301355473696,4158.953125,880
2013-11-20,4165.177239580242,4202.520207935099,4141.239439352769,4151.38916015625,12422
2013-11-21,4183.991239281929,4184.182928651184,4050.2748132452734,4104.56591796875,946
2013-11-22,4225.595715622113,4225.643404201448,4098.150792561375,4107.67822265625,1878
2013-11-25,4051.280380346981,4203.477077962885,3974.775276011349,4178.9169921875,1252
2013-11-26,4137.361709199993,4212.957001915471,4128.169500391236,4165.17724609375,10008
2013-11-27,4165.128876610043,4213.052157892031,4136.594742837814,4174.12939453125,2214
2013-11-28,4195.530894085896,4195.530894085896,4141.335616513251,4170.73095703125,3993
2013-11-29,4213.052514084306,4240.820360199861,4156.846376484631,4185.28466796875,4671
2013-12-02,4184.3738926034475,4203.38059369627,4155.600852516505,4170.8251953125,3749
2013-12-03,4170.825809988888,4284.817877238558,4166.181783969197,4214.5361328125,8573
2013-12-04,4150.813569341463,4275.146567572577,4103.081513566478,4152.2021484375,17706
2013-12-05,4214.011353797228,4260.929453396425,4126.92542885359,4134.05908203125,5700
2013-12-06,4165.225533945639,4165.225533945639,4069.426630516627,4113.61572265625,8437
2013-12-09,4213.052662918563,4236.990462139692,4141.574487951302,4183.41748046875,15772
2013-12-10,4170.012382086899,4258.342862678296,4047.020248169344,4137.98388671875,5561
2013-12-11,4189.114074024536,4189.114074024536,4122.088248840144,4138.701171875,2308
2013-12-12,4130.372243706609,4158.092407807934,4098.152052965457,4118.546875,21476
2013-12-13,4135.493898454942,4236.990159912738,4055.0628988091403,4181.69384765625,7779
2013-12-16,4126.878183091238,4157.56626655694,4075.3160501040193,4117.25537109375,4028
2013-12-17,4174.703476127011,4211.0407659501125,4129.748113153676,4142.8662109375,33874
2013-12-18,4183.035455240304,4324.938946095257,4141.240142454144,4213.96337890625,30382
2013-12-19,4213.053610117681,4258.104371366318,4141.671263805809,4157.47021484375,2630
2013-12-20,4174.751835771581,4206.349728106549,4096.714616823098,4131.9990234375,9804
2013-12-23,4173.459999349962,4204.052697799185,4146.027371335349,4162.68798828125,1584
2013-12-24,4192.944411090708,4220.712254872766,4165.17656730865,4199.79052734375,1331
2013-12-26,4184.902714040351,4260.833240843193,4183.37060108681,4214.48974609375,42503
2013-12-27,4222.628683711834,4256.141609773039,4155.555142994862,4212.19189453125,5669
2013-12-30,4255.182652645623,4255.182652645623,4128.168799511452,4165.798828125,6004
2013-12-31,4183.0825622792345,4213.052498722003,4095.9489765102117,4157.70849609375,7594
2014-01-01,4155.601515818018,4176.1880210231075,4127.881360167361,4159.9580078125,1041
2014-01-02,4175.423012889057,4222.72401498553,4165.129758278981,4188.30126953125,14506
2014-01-03,4189.115660867782,4232.20370766528,4167.475792746882,4218.03271484375,5005
2014-01-06,4213.053159959198,4293.436486241134,4184.375486094942,4270.3603515625,97536
2014-01-07,4238.617940014846,4275.290457259046,4170.921664461456,4208.12109375,4855
2014-01-08,4208.265348711368,4334.465246557404,4208.217660124198,4318.33154296875,122019
2014-01-09,4288.170454471497,4308.80465419025,4252.263749019911,4293.91552734375,52909
2014-01-10,4260.928136760511,4332.74153232389,4232.202778535158,4298.845703125,56362
2014-01-13,4298.844929481908,4308.70711368371,4227.414458042851,4266.14599609375,4828
2014-01-14,4298.3179111571135,4356.678439019085,4250.873391214335,4333.26708984375,14655
2014-01-15,4338.534028934993,4356.487376734962,4299.180664585543,4334.943359375,1557
2014-01-16,4322.8323870635095,4356.77638177837,4292.048463149422,4302.8681640625,9526
2014-01-17,4351.890704337957,4351.890704337957,4284.91257348051,4299.37109375,1636
2014-01-20,4299.133775703117,4308.804742075712,4195.196017216696,4231.2939453125,16403
2014-01-21,4250.3472593370325,4308.80316864428,4214.440566264997,4302.1005859375,14782
2014-01-22,4247.763383346259,4289.654540972948,4222.628688770245,4252.5986328125,5567
2014-01-23,4256.1404620192025,4289.557534344456,4241.777783294729,4256.0927734375,1787
2014-01-24,4199.408254643922,4295.3988326586405,4193.902560643078,4203.3818359375,5732
2014-01-27,4166.133226074955,4193.613997687515,3925.893644467679,4127.35400390625,26330
2014-01-28,4071.3411576066483,4212.095426225693,3949.9765076239005,4129.98876953125,9204
2014-01-29,4084.7459100830497,4254.129677685657,4073.3516115764814,4215.4462890625,11951
2014-01-30,4080.006174341341,4298.702281330477,4079.958485757113,4184.2314453125,12017
2014-01-31,4145.9876405622845,4289.800022573655,4089.317053073606,4257.93798828125,13606
2014-02-03,4203.5225088868865,4280.299175715871,4147.859425435873,4214.9912109375,4741
2014-02-04,4179.624283748043,4265.9019367335,4134.08595302094,4148.19384765625,1148
2014-02-05,4193.588899324851,4213.1190551814225,4136.294600171751,4163.501953125,17263
2014-02-06,4222.667195880256,4227.513533600675,4126.744198520523,4193.49169921875,14534
2014-02-07,4225.210974965409,4256.305423685269,4131.543370679838,4169.595703125,6291
2014-02-10,4173.867482035674,4184.711998436648,4113.501923386591,4132.16796875,1301
2014-02-11,4189.127118415866,4189.127118415866,4041.1398973738,4089.557373046875,2340
2014-02-12,4094.115269097512,4174.682961660246,4078.807735535863,4133.03125,1293
2014-02-13,4217.917707659913,4217.917707659913,4109.950530842679,4126.6015625,3216
2014-02-14,4095.0749077112446,4131.5438194743165,4054.7671631310077,4090.66015625,11561
2014-02-17,4080.487021532592,4131.543683766859,4057.2623649161064,4109.23046875,34857
2014-02-18,4109.231082799454,4117.196474380709,4087.3977186063817,4110.0947265625,46742
2014-02-19,4117.147489541849,4223.675081928596,4100.448663375685,4201.40966796875,4308
2014-02-20,4161.294097708273,4217.916872561776,4138.740958571709,4197.2353515625,10170
2014-02-21,4222.716534938569,4388.746071425926,4177.082592555158,4365.08935546875,23005
2014-02-24,4388.073686513663,4630.592140026016,4367.632088965471,4593.88330078125,11646
2014-02-25,4605.592272584501,4643.9323374959595,4464.562952328769,4529.34326171875,6893
2014-02-26,4553.767764018326,4571.2341726806035,4434.811741188951,4506.64599609375,3418
2014-02-28,4505.782102072049,4573.057270528462,4436.730911155621,4499.591796875,22560
2014-03-03,4499.638898370888,4557.65343625002,4444.55175114886,4530.685546875,1460
2014-03-04,4485.675958053394,4630.591890801804,4485.148306006252,4579.96728515625,58472
2014-03-05,4677.6672341826,4678.003225894016,4587.406833202516,4626.37109375,41006
2014-03-06,4643.261168211454,4875.318461887386,4630.545032459484,4797.6298828125,71328
2014-03-07,4883.955766382001,4932.996956519733,4809.098515492278,4912.69921875,30702
2014-03-10,4965.5302947023265,4999.983725831964,4913.706051193643,4960.2041015625,10758
2014-03-11,5004.87904030397,5037.509124171724,4923.303830634586,5021.001953125,15336
2014-03-12,5000.031633347091,5057.661919963642,4923.302779774854,5035.78076171875,4828
2014-03-13,5018.3134453819375,5050.031609319694,4799.50000771755,4887.93701171875,18204
2014-03-14,4894.512295703105,4942.497710366862,4885.87492106363,4897.63134765625,1134
2014-03-18,4955.933362112534,4999.120233006233,4932.900364302561,4984.724609375,8150
2014-03-19,4980.885574395799,5004.878279474777,4923.255284239103,4990.29052734375,32595
2014-03-20,5003.1024899515,5033.0933698877725,4985.683880606011,4990.8662109375,11975
2014-03-21,5020.521204040882,5038.467934412173,4822.533594365937,4879.25244140625,7149
2014-03-24,4933.955298513125,5096.049899329632,4932.899525904766,5085.4453125,60837
2014-03-25,5085.2060465956965,5095.954497313062,5057.902160756308,5063.8525390625,25960
2014-03-26,5110.39756107611,5148.833680981371,5087.41236586808,5135.6376953125,5279
2014-03-27,5148.834748638683,5302.388068262576,5076.856630064983,5281.70654296875,27225
2014-03-28,5188.47076142789,5470.049549720287,5188.47076142789,5407.71630859375,6626
2014-03-31,5422.399729321981,5522.161595218779,5316.831815614288,5442.4580078125,8353
2014-04-01,5441.5452022314075,5525.0398111545355,5302.387520692862,5465.01025390625,17727
2014-04-02,5470.383668023839,5519.280980480815,5230.408858219516,5515.63427734375,3894
2014-04-03,5518.273531719207,5676.720957099337,5441.544685092254,5562.56396484375,15965
2014-04-04,5471.296531710939,5559.349760404936,5404.116956685546,5432.908203125,7829
2014-04-07,5405.076214690184,5499.127611891825,5360.449786426141,5389.09716796875,3823
2014-04-09,5360.930350946385,5456.901177135902,5355.219899345089,5372.87890625,3133
2014-04-10,5299.555673615299,5441.544667686899,5261.119553484935,5386.84130859375,17427
2014-04-11,5379.49968945065,5652.392771129286,5374.365157587536,5613.66845703125,49046
2014-04-15,5604.6957322782655,5757.241533872917,5518.321996678087,5596.63427734375,4484
2014-04-16,5543.322124711571,5757.673035759743,5543.322124711571,5621.73046875,5828
2014-04-17,5566.307905018763,5604.600170850745,5461.267648575002,5536.029296875,8587
2014-04-21,5566.306659112997,5635.309573803616,5472.255270734881,5507.23681640625,3014
2014-04-22,5527.966940114929,5643.084124276812,5475.231256546611,5611.94140625,2625
2014-04-23,5543.13116976811,5757.242181028339,5543.13116976811,5668.4208984375,22312
2014-04-24,5668.4208984375,5668.4208984375,5668.4208984375,5668.4208984375,0
2014-04-25,5748.6510898954475,5748.6510898954475,5545.049125399685,5578.44677734375,3750
2014-04-28,5585.500196154018,5652.679751777864,5427.244450984466,5501.8134765625,20612
2014-04-29,5448.839362188198,5551.911928998137,5446.823881249598,5471.34423828125,15881
2014-04-30,5471.2954830057115,5508.676298244349,5460.73869466804,5471.7275390625,28305
2014-05-02,5484.73253701105,5499.1281604677715,5431.996382304911,5470.720703125,6139
2014-05-05,5432.908346298372,5504.022820599408,5432.908346298372,5470.384765625,18503
2014-05-06,5473.408101173839,5575.856953535806,5468.417430992821,5496.5849609375,3605
2014-05-07,5496.584789976452,5566.307496185619,5489.578639032262,5553.25537109375,3064
2014-05-08,5561.460987586274,5565.3476181901215,5469.18467314363,5485.64404296875,7894
2014-05-09,5465.53801972585,5568.034664680868,5465.53801972585,5533.72509765625,22913
2014-05-12,5614.245283776268,5791.839102278002,5576.384607089699,5755.80224609375,13623
2014-05-13,5758.248274652996,5873.365442186745,5662.277470075446,5843.03857421875,9916
2014-05-14,5853.212869998051,5853.7405220971505,5630.224562437821,5789.15234375,6605
2014-05-15,5758.345829612638,5835.026428595864,5688.86304283574,5821.734375,4006
2014-05-16,5682.432946890276,6109.5031481005735,5585.502406840298,5920.96826171875,26144
2014-05-19,5921.397897998941,6094.385251502071,5921.397897998941,6002.541015625,33165
2014-05-20,5998.175870893874,6046.161277861025,5901.6291383544685,6000.9111328125,16009
2014-05-21,6007.0539708128745,6122.890946094233,5982.869135039065,6028.9833984375,14860
2014-05-22,6117.179721629771,6209.311703631098,5950.190504252366,6121.40234375,5567
2014-05-23,6190.118001236238,6305.18692276252,6147.027196003402,6266.60693359375,8766
2014-05-26,6361.906227518293,6860.5224800371225,6191.36587766314,6565.84423828125,60093
2014-05-27,6572.513163383796,6756.3450635725285,6492.425334526726,6577.45556640625,74108
2014-05-28,6631.584394036469,6836.961971507353,6511.093203668894,6705.48193359375,50439
2014-05-29,6641.1797432045605,6706.296028483338,6545.208937666923,6579.8544921875,4836
2014-05-30,6597.993008313763,6612.388629422812,6516.417822029157,6575.0078125,3280
2014-06-02,6574.961095402008,6713.159080767339,6531.294370859489,6585.3740234375,1984
2014-06-03,6649.8653085753685,6717.956786591021,6546.169034476765,6696.79541015625,3852
2014-06-04,6717.6213499515325,6977.0785532852315,6703.561718665384,6909.56298828125,43099
2014-06-05,6909.899322713326,7677.378189097154,6909.899322713326,7125.9775390625,53501
2014-06-06,7245.796847461589,7370.846637399278,7087.444995828323,7304.86669921875,23081
2014-06-09,7332.170527486848,7668.068391965958,7332.170527486848,7433.65966796875,89554
2014-06-10,7495.320923330011,7495.320923330011,6602.7923114610085,7100.880859375,34153
2014-06-11,7178.616653808682,7303.378707952415,6924.294004977224,7005.9169921875,56193
2014-06-12,7053.854443641274,7100.8801399322165,6911.817646680878,6987.10693359375,49971
2014-06-13,7005.8702659892615,7073.049843882309,6631.631844269186,6927.4619140625,26605
2014-06-16,6867.670701926018,6956.587557692155,6867.670701926018,6920.11865234375,10272
2014-06-17,6859.993847453408,7029.862189786824,6859.993847453408,6956.58837890625,15664
2014-06-18,6967.481484518778,7076.888218573206,6920.455783039244,7039.939453125,36814
2014-06-19,7035.621087426058,7100.8812475604145,6969.497283599665,7013.5,6193
2014-06-20,6945.407745110275,7149.825577044569,6945.407745110275,7051.0234375,12829
2014-06-23,6980.533319224137,7096.993997376282,6957.884113079373,7006.54150390625,3943
2014-06-24,6972.279353556922,7187.253968174507,6972.279353556922,7114.1240234375,9114
2014-06-25,7058.6532365064295,7168.971872560764,7007.788706046221,7042.1943359375,6587
2014-06-26,6996.272459980399,7218.444898181422,6909.898725906566,6997.0400390625,14974
2014-06-27,6958.843876541976,7077.847688525317,6863.160785431724,6917.7685546875,26681
2014-06-30,6872.613771255437,7003.949922373035,6789.742880631103,6913.78515625,10056
2014-07-01,6977.031547764161,7029.8155042999915,6823.6220821835095,6866.3291015625,6150
2014-07-02,6919.495913769863,6986.435558705432,6885.9061277806895,6918.96826171875,7161
2014-07-03,6967.48118056682,7262.111583105941,6909.9947560078845,7127.36865234375,18946
2014-07-04,7186.294794313557,7186.294794313557,6909.898840686113,6981.4931640625,6808
2014-07-07,6986.676194321412,7097.042645193247,6914.794138735962,7060.18994140625,3063
2014-07-08,7013.691329550407,7120.986986579096,6933.891687108167,6984.2763671875,3073
2014-07-09,7010.669042175015,7029.863207930457,6859.658849372567,6966.5224609375,5624
2014-07-10,6972.279134268978,7072.088773630847,6582.349932551123,6914.984375,7038
2014-07-11,6869.206688591476,6995.264439381844,6869.206688591476,6918.87158203125,3204
2014-07-14,6909.946649588871,6957.356608262402,6819.782347821431,6914.79345703125,5245
2014-07-15,6874.771946452651,6969.399245573965,6792.812979919103,6911.720703125,5094
2014-07-16,6873.430677527239,7005.918217678832,6873.430677527239,6915.75390625,6617
2014-07-17,6956.012385626997,7173.818335096777,6852.316108707824,7055.24658203125,35829
2014-07-18,7053.854392441157,7120.170314532403,6948.286503574691,7028.998046875,3223
2014-07-21,7091.283870104039,7092.243578301374,6944.640644994347,7056.734375,1583
2014-07-22,7057.068661945293,7101.838944815112,6872.468741056894,6911.720703125,10063
2014-07-23,7005.870775178443,7005.870775178443,6738.112152401076,6811.19384765625,17838
2014-07-24,6861.912201105226,6878.227237107853,6626.063960067238,6717.908203125,21833
2014-07-25,6774.388084998712,6868.919343121269,6717.957430029473,6831.10693359375,6047
2014-07-28,6871.510384715703,6967.4812001446935,6767.189920901393,6947.47119140625,6070
2014-07-30,6948.285982751614,7016.425251366995,6833.121021711531,6971.03125,4676
2014-07-31,7006.781321856082,7140.228551083539,6968.7767858465595,7096.8017578125,10939
2014-08-01,7073.049465530604,7264.991106386251,6840.8000800952705,7062.87646484375,11893
2014-08-04,7139.797996542802,7212.20817827067,6977.079634867302,7051.45703125,7127
2014-08-05,7125.7860055821075,7183.416298934145,7010.764877334579,7160.38330078125,2510
2014-08-06,7116.428215101606,7366.672120621616,6944.640452539451,7130.91943359375,13748
2014-08-07,7197.810652988409,7197.810652988409,6929.0923886101755,7048.09619140625,13675
2014-08-08,7005.868723323633,7130.630769081451,6862.872224724288,6952.55712890625,6608
2014-08-11,7149.826531130877,7149.826531130877,6818.7271817026685,6914.89013671875,16493
2014-08-12,6844.639380009733,7051.936366280359,6844.639380009733,7007.2138671875,6254
2014-08-13,7042.531178891721,7051.888334211367,6934.179743945381,6967.001953125,28168
2014-08-14,6938.738008534592,7042.290897074864,6938.69021056812,7023.14453125,2696
2014-08-18,6877.267573680731,7284.183768383583,6877.267573680731,7169.978515625,15867
2014-08-19,7169.98080757125,7437.739426941131,7169.98080757125,7395.17626953125,29344
2014-08-20,7519.313589091029,7677.665438765569,7247.860036700172,7592.58740234375,97191
2014-08-21,7610.4854495592745,7821.621237567224,7610.4854495592745,7729.873046875,30633
2014-08-22,7773.636792755982,7859.914470351605,7653.6732620035755,7699.7392578125,11951
2014-08-25,7788.030807088591,7788.030807088591,7538.506714686493,7579.1982421875,6457
2014-08-26,7725.651440753809,7735.248523288907,7533.709790051851,7583.5185546875,13873
2014-08-27,7619.460216203529,7682.464972632335,7581.695600723979,7614.70947265625,7524
2014-08-28,7640.260122397288,7640.260122397288,7539.45117056715,7592.67041015625,5717
2014-09-01,7539.451057297333,7678.75507217262,7539.451057297333,7607.44287109375,5765
2014-09-02,7520.972665722622,7641.269733312555,7520.972665722622,7629.04736328125,8905
2014-09-03,7646.084336150512,8108.02524003374,7646.084336150512,7980.798828125,18703
2014-09-04,7934.795213217899,8311.90211494865,7901.016169863798,8085.79248046875,42046
2014-09-05,8012.843348329377,8235.056478840443,8012.843348329377,8140.79150390625,6581
2014-09-08,8181.165148252014,8276.05512447246,8083.96509179119,8154.65185546875,86015
2014-09-09,8154.64833908716,8276.051555740356,8129.193295828284,8256.6123046875,3413
2014-09-10,8263.880317487216,8372.291482624256,8213.307612770483,8274.033203125,6675
2014-09-11,8333.74804810142,8334.085443801918,8151.329752640222,8273.0224609375,4083
2014-09-12,8312.91334596097,8493.021565724357,8300.594173421385,8413.962890625,8889
2014-09-15,8413.962619239315,8414.058480969443,8212.007329024993,8324.6533203125,114537
2014-09-16,8287.84233307341,8358.144693747328,8131.360277876775,8209.1201171875,15037
2014-09-17,8247.565412149012,8275.474326612526,8127.268367047655,8180.63232421875,6920
2014-09-18,8252.379525396254,8363.052836815563,8200.4591187271,8348.6171875,5600
2014-09-19,8265.178631634959,8437.877297665465,8187.514653311613,8265.2265625,3022
2014-09-22,8186.939217936185,8289.577076830745,8119.1875171055935,8199.498046875,6513
2014-09-23,8165.765860681007,8261.667069610783,8088.87159055482,8173.12841796875,37332
2014-09-24,8265.851980664575,8265.851980664575,8006.972695206574,8096.42578125,3371
2014-09-25,8094.404008465787,8112.833894367671,7997.348714376672,8056.39013671875,11885
2014-09-26,7993.595918183253,8132.082287143561,7699.494004531605,8007.83984375,4916
2014-09-29,7978.101493071948,8131.312025752286,7978.101493071948,8086.22412109375,24364
2014-09-30,8011.78541242438,8170.577555733692,7940.569542091719,8083.77099609375,8613
2014-10-01,8018.570951414343,8228.225288713704,7988.689341516355,8031.8515625,3195
2014-10-07,8159.990422015902,8159.990422015902,8035.795921460055,8063.8486328125,2162
2014-10-08,8090.458619366874,8200.362203332068,7998.359000603248,8070.77783203125,3828
2014-10-09,7997.398669473503,8117.07078142208,7940.089322361458,8012.267578125,11972
2014-10-10,8011.784338984816,8050.424131274725,7953.079372657119,8016.259765625,2912
2014-10-13,7997.349241436096,8017.077960984766,7854.532653417085,7953.17578125,4031
2014-10-14,7939.606585580817,8199.496186517992,7939.606585580817,8114.85498046875,79038
2014-10-15,8114.85498046875,8114.85498046875,8114.85498046875,8114.85498046875,0
2014-10-16,7998.311206751994,8318.78258586984,7845.293341047077,7969.7763671875,30125
2014-10-17,8049.847942542582,8221.584254851661,7968.093852851862,8092.7705078125,15220
2014-10-20,8180.2010986342175,8348.617003606098,8160.95356663743,8215.5205078125,6569
2014-10-21,8252.378045433255,8300.496867855607,8161.914659279235,8200.6982421875,6214
2014-10-22,8271.096692460034,8282.645210172506,8193.818049398235,8235.1513671875,2236
2014-10-27,8319.745613149937,8319.745613149937,8040.801134714901,8084.2998046875,6991
2014-10-28,8252.377424598055,8313.00713628898,8111.918404549944,8268.4013671875,20524
2014-10-29,8268.40377757227,8454.478928196744,8132.0827482370505,8341.880859375,4596
2014-10-30,8364.881465426444,8364.881465426444,8228.319851264816,8331.1494140625,3045
2014-10-31,8372.388083180536,8873.112451451747,8305.26231382167,8747.6181640625,13716
2014-11-03,8786.501028641911,8840.29827286185,8661.392032615246,8783.8544921875,6107
2014-11-05,8704.793226992428,8844.241988573089,8704.793226992428,8749.6884765625,14367
2014-11-07,8751.468037647544,8834.617757172848,8500.52832303068,8595.2265625,28239
2014-11-10,8614.425318439542,8947.888799057751,8469.00965520673,8904.052734375,26290
2014-11-11,8902.944590320178,8904.821412372658,8689.297017187428,8770.1845703125,17330
2014-11-12,8757.625844112297,8940.47737272563,8757.625844112297,8851.12109375,16050
2014-11-13,8861.372460763028,8910.646338383272,8767.252202470203,8796.4599609375,4592
2014-11-14,8810.125033036604,8875.614576549011,8701.85765917742,8751.998046875,17583
2014-11-17,8757.628515748025,8874.942618717072,8757.628515748025,8817.9697265625,1713
2014-11-18,8817.967909825169,8923.396074194901,8817.967909825169,8883.8427734375,4426
2014-11-19,8853.816007073217,8930.758197411065,8594.599328867387,8735.876953125,8901
2014-11-20,8757.626565234918,8757.67449609803,8672.985360082572,8712.828125,6096
2014-11-21,8709.5095473357,8727.794705501377,8574.776802957025,8606.4873046875,9188
2014-11-24,8695.070018771343,8697.909216868879,8517.03040023535,8574.4365234375,3370
2014-11-25,8510.438445141777,8608.40816557522,8478.535294524147,8567.9404296875,10391
2014-11-26,8613.27149135898,8613.27149135898,8492.92647261989,8570.8310546875,8420
2014-11-27,8488.163484097104,8586.325918947206,8485.083690333664,8562.98828125,9855
2014-11-28,8603.357115514204,8673.08147871925,8507.937112599913,8638.8203125,11617
2014-12-01,8552.397640520077,8748.000624787182,8552.34970966888,8691.4130859375,5418
2014-12-02,8622.266493550345,8648.106863393581,8499.804098494773,8570.1064453125,12887
2014-12-03,8570.106094594024,8701.085139372928,8519.917792215516,8627.7998046875,2790
2014-12-04,8728.706045506327,8728.753976362343,8661.38762814345,8692.1357421875,1915
2014-12-05,8690.307467340559,8947.887905831347,8683.330237923119,8869.357421875,11373
2014-12-08,8950.102334832467,9088.6845645331,8794.197326419257,8890.8203125,11803
2014-12-09,8901.982687751875,9038.592220854023,8893.754556583033,8933.1640625,6364
2014-12-10,8911.6073647736,8911.6073647736,8618.708420888912,8772.5439453125,12708
2014-12-11,8517.033554987547,8684.582957807557,8517.033554987547,8636.9453125,18288
2014-12-12,8584.396908817293,8736.645032989369,8440.040458556912,8479.59375,7272
2014-12-15,8468.913411822248,8748.002603802754,8372.675759415177,8608.4580078125,4780
2014-12-16,8589.1646182114,8695.073992267,8506.4481480518,8634.4921875,8893
2014-12-17,8548.118066478275,8737.513606250623,8382.396616744609,8510.970703125,9168
2014-12-18,8510.96978019059,8671.63873500825,8479.547809546662,8587.333984375,6652
2014-12-19,8543.69035880125,8680.63635186484,8473.725396692895,8579.009765625,10375
2014-12-22,8557.068203800021,8828.843757077297,8557.068203800021,8772.689453125,4651
2014-12-23,8781.25256185814,8902.897330943126,8662.351129770846,8872.2939453125,12341
2014-12-24,8820.183012025569,9007.84648036654,8721.010274797283,8919.1630859375,17237
2014-12-26,8901.984622368793,9022.281711860263,8805.746950775618,8972.333984375,12577
2014-12-29,8998.223024949342,9027.046397897222,8902.947722332232,8969.255859375,3721
2014-12-30,8931.289695607067,9007.701847359342,8840.393021589174,8985.7119140625,10624
2014-12-31,8930.855318227304,9142.578181374935,8930.855318227304,9051.7783203125,3460
2015-01-01,9051.779679963556,9094.460714903478,8951.066572414524,9024.736328125,5510
2015-01-02,9046.33808188343,9046.33808188343,8947.694501735234,8975.0263671875,1605
2015-01-05,8949.62157983189,9041.480618249861,8930.855235318022,8952.556640625,2685
2015-01-06,8964.536753207543,8964.536753207543,8661.436098209282,8734.865234375,2183
2015-01-07,8743.192332605293,8801.608786347053,8639.92950050471,8722.982421875,6180
2015-01-08,8853.86559609245,8853.86559609245,8729.237814060496,8817.0546875,9564
2015-01-09,8839.425908820225,8901.98036544225,8829.850077111663,8842.6015625,5835
2015-01-12,8772.0641582808,8930.856323515725,8772.0641582808,8855.8388671875,21195
2015-01-13,8883.744892691982,8961.649453861684,8853.81536118739,8884.5634765625,16857
2015-01-14,8939.707516547518,8952.025747156104,8815.320360256404,8913.916015625,13055
2015-01-15,8873.111286610814,9750.798650318955,8873.111286610814,9598.7431640625,34301
2015-01-16,9720.001890082824,9720.001890082824,9469.784019645049,9546.966796875,5131
2015-01-19,9556.398394717406,9933.649972837165,9556.398394717406,9871.240234375,23250
2015-01-20,9821.05516871862,10153.075162173585,9726.886975488886,10062.9970703125,24943
2015-01-21,10129.014624602729,10249.311710405613,9970.222471342924,10034.990234375,11973
2015-01-22,10056.834759557041,10778.617158568313,9955.785223695464,10493.8984375,27153
2015-01-23,10706.439526913095,10713.176163019916,10394.629512825919,10614.9658203125,46747
2015-01-27,10682.285344101694,10820.001071826991,10189.884937185107,10440.5361328125,12300
2015-01-28,10634.262442380725,10682.381276961634,10489.905938638001,10641.625,12808
2015-01-29,10768.994025659582,10768.994025659582,10364.79585847665,10484.9970703125,12831
2015-01-30,10634.26205600245,10634.26205600245,10393.667891839497,10556.9833984375,26559
2015-02-02,10682.380913634695,10682.380913634695,10435.194844728207,10487.740234375,11832
2015-02-03,10768.99266419106,11342.569038441094,9910.600786608926,10440.1484375,90496
2015-02-04,10440.151253985045,10496.257629175034,9720.052868391123,10286.123046875,31196
2015-02-05,10103.991211704992,10680.166229505123,9963.050980598222,10587.921875,9439
2015-02-06,10582.677761468944,10778.61724910469,10288.286401924435,10656.443359375,18958
2015-02-09,10493.36978704205,10757.157793767285,10493.36978704205,10650.333984375,12371
2015-02-10,10586.14065350613,10740.120881193492,10424.461414434401,10588.7392578125,21411
2015-02-11,10595.814381007443,10682.573008114754,10441.78619291848,10667.7041015625,7732
2015-02-12,10518.778472949725,10749.65304427255,10518.778472949725,10696.2890625,2518
2015-02-13,10629.452576031706,11066.852865375882,10629.452576031706,10874.666015625,29096
2015-02-16,10918.402200934757,10995.777648981828,10499.527821087962,10646.1455078125,5847
2015-02-18,10452.997099160428,10874.854462491685,10336.2121468588,10488.8935546875,85677
2015-02-19,10638.063607756167,10821.925479630427,10394.726106778264,10589.65625,47444
2015-02-20,10644.993181474807,10730.499973496657,10494.717687083501,10691.3310546875,12577
2015-02-23,10706.871572968432,10730.497727534408,10600.865428009814,10692.8203125,7325
2015-02-24,10730.499640968035,10799.742828857574,10208.602971954919,10575.31640625,11771
2015-02-25,10773.90049908152,10785.353155062052,10469.54893887019,10647.78125,60085
2015-02-26,10647.782559216976,10682.38018571055,10408.728777331988,10579.646484375,20624
2015-02-27,10538.072032861395,10701.62812914831,10520.89398593857,10587.201171875,35844
2015-03-02,10246.425448945114,11066.322524410858,10243.490387766913,11017.818359375,12346
2015-03-03,11067.331906935424,11087.397084942648,10761.440852722997,11023.0146484375,4002
2015-03-04,10971.092294609618,11033.598837357544,10762.11185799932,10815.33203125,5942
2015-03-05,11067.234912285941,11067.234912285941,10657.165683801371,10734.4443359375,21806
2015-03-09,10734.445243315187,10777.656331744272,10586.191305205159,10686.1826171875,4497
2015-03-10,10490.86742068385,10874.903618759838,10490.86742068385,10603.0322265625,24557
2015-03-11,10634.261551366772,10634.261551366772,10201.817997149736,10258.212890625,132677
2015-03-12,10339.774126353634,10339.774126353634,10105.002168273671,10286.41015625,5514
2015-03-13,10506.265406427532,10533.211951392263,10182.906866850757,10294.1572265625,6734
2015-03-16,10316.677195539583,10345.54849366143,10009.679058843956,10284.3896484375,13725
2015-03-17,10417.725983674643,10417.725983674643,10222.363547214047,10300.556640625,16129
2015-03-18,10269.568375420502,11067.234764490622,10249.358467320448,10432.8359375,13756
2015-03-19,10596.728880236013,10942.222084123465,10586.142737498514,10608.9033203125,4889
2015-03-20,10768.995327512099,10780.736511275732,10456.84881921543,10622.5693359375,51853
2015-03-23,10566.896391037099,10682.3336666247,10311.866560105876,10390.63671875,23920
2015-03-24,10352.960415902578,10393.668763930433,9770.048638094608,10188.10546875,9937
2015-03-25,10357.964161207543,10971.09395722179,10185.842531152763,10650.958984375,17323
2015-03-26,10585.99606506876,10874.853728302362,10299.352619494857,10650.04296875,22107
2015-03-27,10347.186550318193,10802.679289547086,10347.1386194437,10496.69140625,20124
2015-03-30,10391.743375616164,10576.519697909023,10220.48825769356,10347.859375,10151
2015-03-31,10488.94338610011,10509.153296285274,10268.559127414275,10387.701171875,24882
2015-04-01,10297.478006446454,10626.514956472054,10230.111641466034,10468.92578125,34015
2015-04-06,10634.2606982191,10682.379524907872,10345.547738086454,10456.654296875,6372
2015-04-07,10308.017073117899,10676.607357778916,10308.017073117899,10542.7890625,10259
2015-04-08,10542.929390719948,10620.208967987679,10309.986369583561,10382.453125,1880
2015-04-09,10488.9421462522,10821.8765057455,10404.060345543792,10674.5849609375,10067
2015-04-10,10585.901008698142,10730.402217505034,10345.547475488536,10396.74609375,19680
2015-04-13,10557.269960743455,10557.269960743455,9922.149416298658,10044.94921875,20188
2015-04-15,10138.637620383017,10285.881242207279,9931.726648538466,10137.38671875,64431
2015-04-16,10148.25954072083,10180.980339619313,9924.218493874185,10058.27734375,14157
2015-04-17,10090.518632324121,10186.563628862179,9494.5189930114,9661.39453125,22748
2015-04-20,9661.538656925399,9753.734141280722,9440.913835638932,9672.26953125,31069
2015-04-21,9682.469951206298,9768.12145957101,9623.717053938259,9624.1982421875,6557
2015-04-22,9758.498459814527,9758.498459814527,9623.765739462058,9722.3134765625,27234
2015-04-23,9830.677074578982,10053.948448176861,9613.372623929368,9941.4951171875,9727
2015-04-24,10066.458521474826,10066.458521474826,9546.823125224777,9663.7998046875,13867
2015-04-27,9626.845987382234,9670.537322011514,9455.205553415486,9602.498046875,14509
2015-04-28,9787.705885749243,10104.85782694904,9527.479832744824,9869.4599609375,12983
2015-04-29,9912.480567989354,10008.718243406727,9479.411028611179,9943.7578125,28669
2015-04-30,9720.099918271047,10092.44381592948,9719.908194799944,9809.3603515625,12871
2015-05-04,9883.608624495775,10020.554639770695,9720.437844370073,9945.4892578125,19193
2015-05-05,9945.393730441809,10085.612207111379,9837.46280490251,10022.3359375,7432
2015-05-06,9917.292736111425,10027.966066014658,9864.362013114227,9942.2666015625,45614
2015-05-07,9941.351059170825,9941.351059170825,9627.03921284121,9747.095703125,26718
2015-05-08,9803.730181352747,9856.420298897565,9652.684989760093,9768.6513671875,22945
2015-05-11,9816.291005347919,9964.401166488255,9768.12423587317,9894.0029296875,12265
2015-05-12,9817.300019169636,10045.142689914894,9547.738696784403,9694.4052734375,7493
2015-05-13,10198.304915526904,11091.390407799148,10152.977353216018,10670.9765625,186423
2015-05-14,10441.783372910968,11115.591548704999,10298.341366245386,10901.5107421875,82110
2015-05-15,10956.657609535288,11534.083570512115,10877.983322352196,11375.6767578125,65851
2015-05-18,11356.043688581443,11788.150774697806,11147.207969901598,11360.1337890625,52061
2015-05-19,11480.190206866528,11625.509070244585,11120.30929731146,11164.916015625,42939
2015-05-20,11336.796435859329,11346.420201933912,11081.766634882866,11221.50390625,67457
2015-05-21,11240.172955054444,11328.182479906729,11213.130549500496,11248.59375,25973
2015-05-22,11307.923397242352,11307.923397242352,11116.410481833736,11205.6708984375,31325
2015-05-25,11259.807824674108,11500.402008962017,11094.567550940967,11240.0791015625,36410
2015-05-26,11331.98614909388,11440.446195996761,11213.084690457616,11345.1708984375,97018
2015-05-27,11221.407305590528,11351.954070657759,10706.487880515657,10996.0673828125,56381
2015-05-28,10996.067876580191,11066.754630801794,10411.567843437273,10492.888671875,53513
2015-05-29,10610.204434873107,11163.282580998017,10056.837763666572,10909.6962890625,856719
2015-06-01,10496.643197324805,11138.54848866208,10496.643197324805,10991.208984375,62420
2015-06-02,11027.441159652639,11144.274064967445,10833.185802000738,10879.3798828125,25724
2015-06-03,10788.2438349815,10971.095425404916,10403.293118300626,10462.6240234375,23181
2015-06-04,10395.591644366177,11018.585737145519,10345.548063037993,10748.3505859375,25025
2015-06-05,10778.616607488555,10970.129527568039,10586.47776676693,10831.2587890625,8742
2015-06-08,10779.57909314105,10831.740087001848,10451.601372441477,10577.7685546875,12358
2015-06-09,10447.993400445619,10574.49798973626,10393.66705458963,10490.2900390625,2702
2015-06-10,10490.385154981905,10507.226743919311,10210.814778620983,10365.3720703125,5270
2015-06-11,10264.708706094274,10474.89212922036,10264.708706094274,10380.482421875,9527
2015-06-12,10372.494873784886,10470.609354974373,10056.835352667662,10202.2021484375,4917
2015-06-15,10201.19077655576,10244.883045055361,9820.08968716745,10094.51171875,4783
2015-06-16,9993.318324547443,10104.95400690949,9817.251342720021,9843.1396484375,7940
2015-06-17,9922.103433975006,10391.695316469568,9869.172717304917,10217.986328125,14035
2015-06-18,10374.419924095175,10575.556636909265,9707.10760239987,10299.98046875,5626
2015-06-19,10181.943872983316,10586.237884676933,10181.943872983316,10454.5849609375,18013
2015-06-22,10538.023804402736,10777.655578585045,10393.667313931466,10600.482421875,13340
2015-06-23,10634.405613408491,10922.973846092562,10419.506177866131,10522.48046875,13254
2015-06-24,10533.259277477158,10826.736194555067,10403.77170055445,10512.0390625,10845
2015-06-25,10663.131857736498,10815.139417264694,10489.904083874353,10615.4462890625,11801
2015-06-26,10658.319272016697,10778.616329262935,10499.527156451664,10616.5517578125,20807
2015-06-29,10513.963930724121,10836.36007871429,10393.714791442422,10704.6103515625,15014
2015-06-30,10777.750812737007,11115.353257317545,10730.49850020257,10914.3603515625,21418
2015-07-01,10913.351974280293,11105.5867235627,10858.207976342708,10964.021484375,16623
2015-07-02,11018.682886949955,11144.128300104287,10682.380198065594,10729.2001953125,8948
2015-07-03,10778.618890735583,10846.081120542955,10451.362886396688,10514.3017578125,11561
2015-07-06,10451.410059556716,10765.2895690877,10354.210021249604,10662.4111328125,5949
2015-07-07,10730.498208293555,10812.300212572025,10528.399138899684,10569.7333984375,3132
2015-07-08,10542.833449215157,10802.627146044257,10494.76256012931,10678.3837890625,7983
2015-07-09,10749.744377313933,10777.653292886189,10547.693264370646,10687.5263671875,9846
2015-07-10,10749.74706488747,10749.74706488747,10491.878056329137,10559.0517578125,2676
2015-07-13,10558.279657528592,10802.675337880693,10558.231726671633,10765.0947265625,3300
2015-07-14,10778.6161326676,10819.228606417333,10605.388373392583,10672.8505859375,1391
2015-07-15,10730.45028629867,10870.042812809765,10653.508095423116,10821.828125,41883
2015-07-16,10865.232473776025,11250.087275414153,10842.520760565247,11140.1357421875,11174
2015-07-17,11116.363422521992,11352.19360440865,11072.62322105152,11247.53515625,4100
2015-07-20,11247.535153578974,11277.94587614285,10885.440982449401,10980.427734375,11509
2015-07-21,10861.382681498111,11057.707514656502,10682.380627736047,10836.6494140625,8980
2015-07-22,10836.40750304154,10873.844325449245,10259.896038988443,10355.556640625,30031
2015-07-23,10557.271194118455,10557.271194118455,10307.053280675356,10462.765625,10835
2015-07-24,10412.913463217617,10682.283014594599,10393.665933710747,10537.396484375,7917
2015-07-27,10586.142467576186,10587.20070589459,10350.360203525626,10379.857421875,6229
2015-07-28,10513.962197229159,10513.962197229159,10379.229500880227,10396.2158203125,5526
2015-07-29,10557.225540734746,10692.006223299155,10395.59416958393,10638.208984375,10716
2015-07-30,10692.002601898846,10807.199253539624,10489.90354281705,10608.6123046875,9003
2015-07-31,10452.371365748526,11067.329960971187,10452.371365748526,10991.638671875,9668
2015-08-03,11057.704707036351,11327.170095893634,10938.899153877815,11031.81640625,4821
2015-08-04,11031.724888128048,11237.962041481627,10836.36240428525,11045.24609375,6116
2015-08-05,11045.245724252878,11355.035171340054,11033.649272554261,11195.0400390625,23279
2015-08-06,11328.134888968802,11356.043810197252,11019.259933133199,11188.3017578125,10153
2015-08-07,11163.614973170435,11164.336755522309,10797.47865751255,10858.7822265625,13269
2015-08-10,10971.863387340658,11040.818049386724,10701.628215334877,10809.84765625,9152
2015-08-11,10778.956235158066,11009.44547061546,10662.17219053219,10791.900390625,3592
2015-08-12,10918.162773121478,10918.162773121478,10417.726929840457,10548.7548828125,7028
2015-08-13,10759.08241087891,10759.08241087891,10454.826657366651,10585.7578125,14929
2015-08-14,10778.42520229482,10778.42520229482,10462.958342371812,10514.974609375,3218
2015-08-17,10656.009722436398,10682.379214624243,10202.153338219065,10519.544921875,5408
2015-08-18,10478.838506844108,10725.495462591547,10478.79057597418,10605.7763671875,4234
2015-08-19,10682.23355691947,10855.606045354012,10555.392532403326,10783.3798828125,3140
2015-08-20,10769.763450834713,10971.092815733216,10581.330307805852,10588.35546875,8614
2015-08-21,10511.703376818376,10821.877173847472,10511.703376818376,10661.0634765625,8177
2015-08-24,10245.846101258638,10670.205290094058,10206.003336069263,10400.35546875,23184
2015-08-25,10393.669865098856,10748.738987945326,10018.342897748065,10144.26953125,17188
2015-08-26,10388.85657292626,10663.13393497202,9818.167184529291,9950.58984375,23858
2015-08-27,9952.032282322903,10562.083184990728,9952.032282322903,10456.173828125,15378
2015-08-28,10586.093234160418,10826.735282406553,10506.071254789256,10600.1435546875,9926
2015-08-31,10681.370583640633,10913.30335794433,10202.636127720534,10374.1318359375,14527
2015-09-01,10302.241606545213,10731.41364359289,10302.241606545213,10519.4501953125,9042
2015-09-02,10586.141639424179,10754.702261547518,10405.214855041293,10487.498046875,29514
2015-09-03,10634.25996398046,10634.25996398046,10308.014341556081,10467.576171875,21748
2015-09-04,10542.835726180352,10542.835726180352,10206.003913842322,10397.998046875,17416
2015-09-07,10489.904432492953,10557.270791233732,10157.884521556249,10247.5302734375,7138
2015-09-08,10297.428523722027,10297.428523722027,9929.126850147733,10052.6484375,7922
2015-09-09,10057.796166349974,10345.54672167852,10057.796166349974,10218.9462890625,16512
2015-09-10,10218.949367801359,10869.997225083715,10081.377426402545,10813.072265625,9933
2015-09-11,10684.304416748753,11184.547557538503,10684.304416748753,11052.1728515625,6996
2015-09-14,11144.319865957283,11149.131748455538,10968.638223910173,11065.59765625,9454
2015-09-15,11115.402945704169,11230.936080487401,10884.48046875,10884.48046875,10649
2015-09-16,11067.332138595277,11211.688644750868,10937.411283055246,11065.3115234375,23389
2015-09-18,10982.642588320843,12029.708408167766,10982.642588320843,11593.22265625,23094
2015-09-21,11548.51896501472,12077.826084244562,11476.340721483379,11601.7861328125,9324
2015-09-22,11601.787483576965,11721.748114221096,11405.366776573299,11489.23828125,6108
2015-09-23,11500.30428972755,11500.30428972755,10929.22965021135,11055.15625,8988
2015-09-24,10999.96605015887,11064.685885405868,10653.558357404228,10733.3876953125,7367
2015-09-28,10778.618222166517,11074.019915781953,10778.618222166517,10902.6689453125,4404
2015-09-29,10588.066327154884,11163.471616463128,10393.666272793378,10753.3544921875,12477
2015-09-30,10757.06068384041,11522.53543413717,10757.06068384041,11298.349609375,17922
2015-10-01,11298.299472291548,11683.250050563833,11168.523384519804,11565.6474609375,8800
2015-10-05,11673.626626247473,12702.407076656256,11596.636508349715,12123.201171875,24563
2015-10-06,12116.321568804213,12627.824739083755,11896.08205664514,12093.2724609375,19469
2015-10-07,12105.494132824855,12317.024312376923,11893.385963445287,12018.6396484375,7822
2015-10-08,12217.322077344581,12217.322077344581,11906.185934182062,11975.1396484375,5606
2015-10-09,12174.063878685676,12174.063878685676,11938.762802137167,12011.181640625,6135
2015-10-12,11960.030167964866,12202.886448789952,11858.644176630078,11937.8955078125,7466
2015-10-13,12029.70692213486,12029.70692213486,11601.449355706858,11714.3359375,9009
2015-10-14,11813.655989679246,11827.562521910564,11182.9138813867,11431.8330078125,10249
2015-10-15,11470.56770525925,11533.074258896455,11168.477287995102,11238.5390625,11485
2015-10-16,11394.442605791184,11524.459303085965,11328.038623167975,11375.3388671875,5513
2015-10-19,11484.667314892089,12010.461459676357,11375.3407556614,11848.15625,7747
2015-10-20,11837.233570669314,12443.530899898718,11833.384063817064,12369.33203125,30798
2015-10-21,12462.777497473457,12604.68012111351,12227.139952918715,12349.6982421875,9927
2015-10-23,12267.894700312761,12857.350319370738,12085.524349600131,12166.556640625,13310
2015-10-26,12404.84122340022,12453.10478392258,11933.469371201918,12258.9453125,10221
2015-10-27,12318.41911301979,12318.41911301979,11583.163472211421,11723.333984375,15533
2015-10-28,11837.135189419529,12174.062829020053,11476.33986055843,11760.43359375,18679
2015-10-29,11856.482002256487,12270.304020192387,11678.49022774054,12104.24609375,7412
2015-10-30,11933.470262670531,12096.016052096087,11705.868188709113,11810.333984375,6845
2015-11-02,11808.40685125528,11952.71538641695,11548.90260806662,11845.8916015625,2762
2015-11-03,11967.970792426577,12361.727558431407,11856.479838059551,12246.771484375,7452
2015-11-04,12241.430758503679,12356.91595433862,11863.264673011661,11944.8740234375,4754
2015-11-05,11898.773270009124,11965.397142039847,11369.831850961755,11544.6044921875,8134
2015-11-06,11561.608531867505,11734.983955078125,11388.137138671875,11561.560546875,17028
2015-11-09,11426.722302068432,11749.43451069228,11272.52019476012,11361.3037109375,10089
2015-11-10,11511.364549345555,11513.387446100354,11311.301001178215,11382.7421875,4147
2015-11-13,11480.628925545796,11480.676910535385,10814.875771169147,10870.08203125,24768
2015-11-16,10867.865764268961,11065.37573604867,10370.332951686642,10474.291015625,20150
2015-11-17,10501.74843287789,10591.10964087325,10337.959695851354,10416.2890625,8152
2015-11-18,10405.40593843433,10694.397007280555,10362.050080357521,10438.30859375,12030
2015-11-19,10588.173103045323,10588.173103045323,10116.364924076486,10504.2548828125,20349
2015-11-20,10453.57721365476,10549.923547421164,10318.692346381797,10500.1123046875,11009
2015-11-23,10549.921632824437,10578.777542727144,10359.155926587062,10505.3134765625,9932
2015-11-24,10434.838866326374,10769.546444763599,10424.674515118862,10729.8515625,6493
2015-11-26,10886.027955701007,10971.776197473648,10752.25144025467,10886.1728515625,18987
2015-11-27,11041.287289434898,11041.287289434898,10755.186729478606,10838.189453125,16540
2015-11-30,10935.261563520859,10935.261563520859,10523.621827432513,10790.7900390625,32564
2015-12-01,10828.317632222075,11022.021768926983,10665.540295631268,10940.705078125,11399
2015-12-02,10972.882789694731,10993.11551764131,10752.297693738828,10890.9404296875,4004
2015-12-03,10887.136930392904,10983.483274909655,10819.694489231177,10887.42578125,2455
2015-12-04,10742.614900817362,10973.89405855496,10602.431002335843,10737.8935546875,7755
2015-12-07,10865.937981508208,10867.86490791032,10708.8934797361,10828.5078125,3371
2015-12-08,10853.462091970287,10853.462091970287,10405.355686152068,10533.78515625,5811
2015-12-09,10587.451532759234,10588.22211531845,9899.58663617435,10172.728515625,4778
2015-12-10,10299.1359847011,10328.328740632955,9923.674069824574,10260.30859375,19309
2015-12-11,10260.88370117963,10521.018780927845,10068.817676985032,10316.427734375,14685
2015-12-14,10405.401729991208,10503.62698357247,10212.709105361742,10461.1376953125,5019
2015-12-15,10366.865148317336,10501.750010841912,10318.691983129987,10413.833984375,4754
2015-12-16,10500.786276448454,10500.786276448454,10390.951462656813,10454.5400390625,2475
2015-12-17,10392.639068796876,10818.971633094985,10392.639068796876,10758.2734375,7845
2015-12-18,10838.91316837627,11070.192324632235,10410.220023294281,10574.39453125,17767
2015-12-21,10574.397889126316,10655.906526529654,10424.675281831,10506.810546875,4620
2015-12-22,10511.38511810741,10578.827552412406,10404.53665654848,10483.685546875,4329
2015-12-23,10515.866763115688,10535.665748916224,10467.982441281982,10502.619140625,7462
2015-12-24,10550.790896353481,10578.779317753068,10458.394387183402,10526.9931640625,46062
2015-12-28,10549.876381040227,10718.530463208466,10443.991375662019,10628.6875,4030
2015-12-29,10631.000168790431,10843.780686675864,10585.572492626185,10794.451171875,2886
2015-12-30,10842.624055803839,10973.84795703988,10704.07820919342,10861.990234375,2867
2015-12-31,10798.6888387203,11367.902730837004,10795.21980653863,11079.056640625,11847
2016-01-01,11079.828305561881,11193.516978610256,10848.59710614146,10967.6328125,2051
2016-01-04,10812.228007100042,11021.926209267333,10458.39604509532,10655.2314453125,4498
2016-01-05,10807.16674267508,10918.928474167484,10544.141288386918,10717.853515625,7198
2016-01-06,10718.285887320475,11174.148819468712,10598.093868224025,11033.916015625,9380
2016-01-07,10860.542916414159,10920.325619601686,10530.941592245914,10577.814453125,2766
2016-01-08,10754.322191726338,10893.204861133723,10599.059705426262,10745.41015625,4118
2016-01-11,10565.339388912003,10863.04957231286,10415.231982998303,10513.3603515625,5323
2016-01-12,10670.309112704246,10742.61685230949,10040.348007467957,10208.9541015625,11068
2016-01-13,10405.355423148461,10405.355423148461,10039.287362294144,10155.0478515625,2909
2016-01-14,10142.137571334979,10142.137571334979,9721.29697853351,9820.3408203125,23409
2016-01-15,9875.499320788225,9923.672488206705,9056.507489683096,9443.2900390625,10273
2016-01-18,9405.811617044843,9562.374422450199,9249.248811639487,9349.16015625,11279
2016-01-19,9538.287530240399,9729.968759239198,9356.192950117627,9483.3701171875,12738
2016-01-20,9461.208676124375,9490.064587299757,9297.371946238161,9361.490234375,10403
2016-01-21,9416.8428842776,9423.587127789455,9080.449276186919,9177.27734375,36385
2016-01-22,9292.507168343944,9692.440391028476,9104.727802705676,9560.5908203125,24316
2016-01-25,9538.288480100895,9894.72198375345,9452.78109599898,9649.134765625,12714
2016-01-27,9640.414720479985,9745.432230427248,9470.845163133945,9601.0576171875,21533
2016-01-28,9600.910934943458,10018.090506928456,9347.424139496616,9747.0205078125,16836
2016-01-29,10113.4771013346,10403.479636106602,9735.799381631527,10164.2998046875,14335
2016-02-01,10309.009504300138,10431.562226367934,10144.353247113675,10290.84765625,16509
2016-02-02,10371.635812586766,10538.314985553012,9828.338409438109,10031.1474609375,22975
2016-02-03,9828.288155834281,9916.541009074097,9441.939410565235,9795.482421875,13185
2016-02-04,9916.252576438852,10405.403054501412,9916.252576438852,10154.806640625,11802
2016-02-05,10203.02884642888,10270.471280630898,9923.672461154225,10004.6513671875,4801
2016-02-08,10097.09599291103,10164.442457995248,9827.326252642415,9926.755859375,1980
2016-02-09,9923.62374475752,10019.054593943354,9728.088684974136,9928.2001953125,1529
2016-02-10,9939.099216725986,10176.387493833381,9674.80251783401,9959.5966796875,4134
2016-02-11,9950.822448013267,10295.999456019816,9887.01465469394,9974.26171875,6613
2016-02-12,9973.825871955918,10201.131090790748,9695.060332594674,10120.0087890625,8681
2016-02-15,10138.77095087581,10368.342588808304,9956.657167668061,10127.2919921875,11807
2016-02-16,10079.931512705592,10253.991379710793,9761.617885988573,9860.294921875,9957
2016-02-17,9908.232937648929,9933.023000119658,9645.865398801527,9717.58203125,15627
2016-02-18,9807.91711894162,10786.490281526814,9807.869078004647,10508.20703125,18292
2016-02-19,10419.463281035023,10779.206001430637,10243.86049865574,10276.6083984375,4658
2016-02-22,10278.63186403593,10513.21944632561,10275.7381050652,10418.544921875,9947
2016-02-23,10378.949974987261,10427.227337358028,10037.631443911805,10121.1162109375,2530
2016-02-24,10070.281993498205,10167.319008329816,10036.521469573641,10125.0703125,7181
2016-02-25,10119.478041101263,10223.605353178038,9888.025297566539,10125.0244140625,5215
2016-02-26,10240.05150605044,10240.05150605044,9935.242135674409,9973.1982421875,3020
2016-02-29,9906.304780389366,10031.74908436838,9549.744952568408,9649.435546875,15874
2016-03-01,9722.454795191508,10118.513686232764,9722.454795191508,10037.970703125,17321
2016-03-02,9950.675016832534,10687.619153402917,9950.675016832534,10431.2802734375,8498
2016-03-03,10695.961938823768,10948.056231287424,10190.903907319029,10792.7578125,15025
2016-03-04,10849.669907845377,10898.863823679312,10465.764447023677,10664.32421875,8477
2016-03-08,10851.454523300086,11189.204908604486,10466.729522695456,10954.8583984375,32870
2016-03-09,10954.76045052243,11028.93658455073,10591.15939386459,10745.734375,9427
2016-03-10,10841.951424983066,10948.055931811192,10658.680004098122,10738.8857421875,4126
2016-03-11,10870.892237373691,10942.271654016607,10706.912496437264,10860.13671875,11494
2016-03-14,10706.91040144145,11184.38073015438,10611.464376629192,11142.85546875,14312
2016-03-15,11063.809754640828,11076.976740251248,10876.48682393014,10917.14453125,3445
2016-03-16,10951.336810910936,11112.036545973428,10764.833444841242,11083.533203125,33047
2016-03-17,11027.093144772623,11361.18896159323,10932.561032134137,11248.310546875,15310
2016-03-18,11302.289723261894,12712.154636544916,11279.791547860481,11840.8984375,56975
2016-03-21,11915.44320608015,12662.813792912082,11800.247902413184,12165.9189453125,34264
2016-03-22,12310.131396456252,12359.618148809886,11558.174159472996,12196.2392578125,22178
2016-03-23,12166.497771783044,12206.039078134125,11973.378759532521,12067.958984375,10836
2016-03-28,12166.496965053217,12354.642773077243,11694.321011409484,11814.44140625,7311
2016-03-29,11972.413760633906,11972.413760633906,11597.762858212263,11694.708984375,7169
2016-03-30,11886.474350967945,12212.79736709196,11756.601824549976,11777.603515625,13581
2016-03-31,11876.769594325722,12166.254766879856,11432.644015941389,11993.171875,39425
2016-04-01,11873.247219303692,11973.379622969227,11598.824894513486,11830.90625,15423
2016-04-04,11770.700661417723,12060.283014262017,11576.326552911163,12013.35546875,8036
2016-04-05,11857.554755476629,12055.357458077899,11592.016129036258,11729.1787109375,4278
2016-04-06,11693.450330847776,12055.452233242955,11693.450330847776,11981.5361328125,12701
2016-04-07,11981.58606675388,12045.798136983089,11828.539252748926,11900.572265625,2707
2016-04-08,11799.570359114341,12094.076820614331,11732.944307168442,11810.2880859375,11191
2016-04-11,11781.275044726,12069.93991635844,11781.275044726,12056.2763671875,4532
2016-04-12,11973.37679357684,12214.775519253792,11973.37679357684,12069.984375,19678
2016-04-13,12166.448414371214,12456.174993753308,12003.31095715871,12317.853515625,10085
2016-04-18,12317.854336419708,12784.478132298347,12190.443884265242,12510.828125,16187
2016-04-20,12649.294423573614,12718.672046718892,12292.989870726387,12553.0244140625,10193
2016-04-21,12572.047473152583,12608.740084825378,12216.804679271716,12356.9130859375,10363
2016-04-22,12504.45635721358,12504.45635721358,12215.791517810829,12283.9140625,2563
2016-04-25,12263.056077694235,12491.225979743922,12123.720912585328,12232.3984375,6050
2016-04-26,12118.217346753185,12290.769363223631,12021.657845982243,12105.9541015625,5187
2016-04-27,12105.084474450021,12359.614916960667,12049.369459239402,12288.208984375,10980
2016-04-28,12270.926583041446,12446.47156697375,12144.48172810016,12359.2294921875,12392
2016-04-29,12239.012076338153,12357.684071936003,11925.338936507862,12257.166015625,19346
2016-05-02,12144.865928888623,12354.786635464512,12069.936142501478,12129.9482421875,1814
2016-05-03,12133.66567203314,12262.862082749474,11781.22352892538,11997.275390625,9492
2016-05-04,11902.117384442163,12069.93760835597,11796.48091330828,11988.7314453125,14445
2016-05-05,12068.972616903628,12195.465569364975,11829.50504277833,12001.767578125,2944
2016-05-06,11904.241526601487,12262.090648943344,11903.951093736458,12186.001953125,9313
2016-05-09,12261.12575426571,12504.455703082449,12088.912256961326,12390.9501953125,4859
2016-05-10,12525.215720771866,12543.07922852612,12253.400724403115,12462.0654296875,11604
2016-05-11,12337.406332484326,12964.70545146357,12337.406332484326,12888.90625,11585
2016-05-12,12938.972818341954,13199.68346468168,12829.764402560744,13005.55078125,8197
2016-05-13,13083.811584451436,13410.18267784956,12938.972341819132,13200.2138671875,7451
2016-05-16,13209.33993434611,13209.33993434611,12747.10940755366,12882.1484375,5809
2016-05-17,13016.220414061003,13016.220414061003,12235.054070220101,12438.45703125,20238
2016-05-18,12503.583776153475,13024.908807900874,12166.494994406628,12731.609375,12681
2016-05-19,12746.820374911766,13141.748754075383,12631.383674191567,13071.5498046875,6312
2016-05-20,13026.164753285593,13262.44601504037,12456.174269677524,12559.541015625,5876
2016-05-23,12794.13537876618,13276.932940229053,12579.338555078548,12644.9990234375,6805
2016-05-24,12977.596722727765,12977.596722727765,12461.003400803707,12527.9189453125,13711
2016-05-25,12726.541682296373,12837.585103651765,12485.288156650211,12745.033203125,5405
2016-05-26,12842.412311039066,13179.404934840017,12370.04309217862,12501.2197265625,22119
2016-05-27,12724.610337506598,12842.412922206538,12470.658863932138,12687.9658203125,13530
2016-05-30,12689.849677424338,12987.252941816872,12687.918487395815,12940.2763671875,8882
2016-05-31,13035.533101392042,13081.30268368916,12369.272520654225,12678.21484375,26942
2016-06-01,12841.446838867552,12972.767747964926,12745.901032957256,12860.5654296875,6200
2016-06-02,12910.00667344274,13362.774599557075,12864.91319302872,13261.0966796875,19921
2016-06-03,13290.355821566909,13499.020561937423,13099.795047784311,13143.294921875,7897
2016-06-06,13267.27515964197,13690.929961410013,13164.439293229898,13410.666015625,11885
2016-06-07,13424.23376422458,13649.941615408072,13328.302269687892,13532.4775390625,12518
2016-06-08,13547.731896051426,13682.480483141257,13415.976276130177,13530.833984375,8400
2016-06-09,13431.42603816157,13609.28882030066,12896.48642456405,13001.54296875,13292
2016-06-10,13129.194194398377,13228.650471667115,13033.841695560632,13115.0478515625,6817
2016-06-13,12939.068338145944,13252.79051036368,12572.046079776694,13074.927734375,5254
2016-06-14,13180.37123126933,13180.37123126933,13000.818659493081,13035.580078125,4093
2016-06-15,13154.300395914412,13154.300395914412,12934.144740752665,12992.611328125,15885
2016-06-16,13061.894993532995,13226.722273089172,12934.774958694361,13075.365234375,4039
2016-06-17,13175.543156337673,13309.857037345371,13132.139474532936,13250.6181640625,13422
2016-06-20,13122.43518227681,13344.52201759128,13118.57280253221,13239.126953125,4184
2016-06-21,13296.147000043566,13479.706232804736,13141.265184481093,13392.609375,4541
2016-06-22,13410.1821990399,13778.991365953747,13296.290090057111,13661.5263671875,5798
2016-06-23,13711.448584765,14025.26695026138,13449.434766635324,13945.21875,18735
2016-06-24,13592.680894577152,13787.103071779833,13326.03145658053,13755.818359375,9404
2016-06-27,13499.01985562277,14001.129320924905,13499.01985562277,13942.1318359375,5736
2016-06-28,13834.657969578378,14047.427384759883,13639.028807898057,13723.759765625,16679
2016-06-29,13769.385632350526,13995.334877649966,13769.385632350526,13943.7236328125,6909
2016-06-30,13939.570735232266,14266.666039522503,13939.37742764065,14045.9794921875,19411
2016-07-01,14054.236929230961,14435.64700048113,14054.236929230961,14356.1787109375,42289
2016-07-04,14472.290200592584,14482.959837068116,14052.304454220435,14151.7607421875,70694
2016-07-05,14220.560978068503,14482.961456487088,14049.409240075149,14370.0830078125,5450
2016-07-07,14370.081006070704,15313.323049814762,14329.429833660759,14953.5908203125,14426
2016-07-08,14966.722424473592,15256.40092301179,14677.043925935393,15110.11328125,9636
2016-07-11,15253.50271041163,15579.873788218754,15198.222402114417,15378.064453125,14038
2016-07-12,15416.835182315283,15722.638368329594,15306.03315465748,15480.564453125,10879
2016-07-13,15480.565416719106,15546.080665193991,14889.476015980828,14982.318359375,13767
2016-07-14,14983.379262582852,15401.336688088433,14983.234046144895,15136.5712890625,15209
2016-07-15,15159.841210191118,15335.579496831551,15072.937661852444,15158.3447265625,7050
2016-07-18,15308.493541639933,15731.472201428956,15130.872170168903,15456.615234375,6189
2016-07-19,15593.054568246092,15835.756470874874,15264.124286072562,15562.2998046875,11122
2016-07-20,15524.45062765605,15874.333617490707,15524.45062765605,15702.1201171875,6056
2016-07-21,15824.171608025867,15922.662302681629,15644.957544739767,15865.93359375,4018
2016-07-22,15878.195212153467,15931.351971496433,15707.47914699755,15744.798828125,2219
2016-07-25,15621.008828601407,15835.757527377722,15430.207639481463,15521.7939453125,18684
2016-07-26,15575.047227864874,15642.638877334839,15333.648479757854,15438.51171875,4632
2016-07-27,15615.892382129323,15653.889112501314,15331.331336973666,15438.1748046875,3229
2016-07-28,15438.175084414057,15806.790995378362,15352.961321106655,15727.2255859375,48039
2016-07-29,15738.2336034003,15770.098239814326,15473.6605616596,15555.9775390625,8250
2016-08-01,15556.700130817113,15777.049085461174,15497.798839278423,15726.982421875,6253
2016-08-02,15729.54013783415,16608.280487198128,15570.21698726677,16496.271484375,21540
2016-08-03,16607.27220710981,16641.984600935855,16077.160430744714,16203.025390625,6992
2016-08-04,16323.331968034528,16415.161547365326,15980.59482907735,16071.0703125,5854
2016-08-05,16071.071918551366,16284.807869523951,16028.87617359795,16107.185546875,10648
2016-08-08,16198.289558439355,16364.952760786815,16078.171051628211,16287.0771484375,6741
2016-08-09,16337.86760587461,16639.13324967088,16260.08817327341,16545.904296875,8921
2016-08-10,16646.859433925303,16646.859433925303,15856.037051304374,15933.1884765625,9721
2016-08-11,15932.315622253018,16426.892568592193,15462.070912675004,16135.9599609375,14645
2016-08-12,16318.509761038431,17042.755191404754,16243.242369960952,16413.669921875,34900
2016-08-16,16424.772278180128,16820.666260193873,16318.556819591071,16743.2734375,14966
2016-08-17,16574.434914910787,16676.01473455957,16354.47166280511,16557.150390625,8828
2016-08-18,16555.126414102608,16676.357621742332,16366.835387520512,16468.99609375,10756
2016-08-19,16474.981446893118,16598.577603568905,16324.011049889124,16405.94140625,5939
2016-08-22,16430.63585057532,16565.55958557104,16188.96049420509,16513.8515625,13198
2016-08-23,16430.585732660533,16430.585732660533,16092.454320873841,16217.1806640625,4848
2016-08-24,16217.956136024093,16496.889139940507,16140.684805702467,16448.66015625,11154
2016-08-25,16482.101001257764,16672.260866118824,16239.313804832407,16481.859375,17053
2016-08-26,16488.771793198495,16706.042924293506,16261.450517861627,16530.767578125,10897
2016-08-29,16430.586919555204,16519.505389943388,16286.577657730868,16367.5224609375,3177
2016-08-30,16517.573249058878,16604.55871379939,16140.781588498987,16487.224609375,14149
2016-08-31,16556.23496588047,16662.550543594825,16189.012050484807,16599.53515625,39012
2016-09-01,16333.937228749148,16883.87866562242,16286.57847583739,16674.388671875,26081
2016-09-02,16527.33289668105,16781.620001929456,16527.33289668105,16653.994140625,4933
2016-09-06,16817.1427115358,17492.778979383274,16736.97185402399,17383.66015625,36663
2016-09-07,17426.093039385934,17426.76883810986,17081.050598173468,17129.908203125,4902
2016-09-08,17011.456507233448,17203.453125622298,17011.456507233448,17098.68359375,5120
2016-09-09,17102.981832555986,17131.30118423594,16650.41586474112,16762.0,12987
2016-09-12,16759.201491423726,16759.201491423726,16190.703842973364,16344.3291015625,23378
2016-09-14,16252.751472985994,16932.44625613165,16199.593686888573,16301.318359375,13532
2016-09-15,16362.932947977284,16363.078301297597,16005.326025900995,16120.96875,9600
2016-09-16,16263.333811708742,16413.481903692806,16140.636732468358,16160.982421875,13595
2016-09-19,16237.2863625321,16322.338814907269,16081.72811523034,16146.7255859375,10871
2016-09-20,16267.831778202722,16526.22661720889,16150.305100078449,16247.197265625,11584
2016-09-21,16189.930283766329,16374.145816444638,16010.547277589056,16126.431640625,23254
2016-09-22,16137.302156564889,16610.115716152868,16137.302156564889,16475.095703125,6227
2016-09-23,16720.540953232005,16836.521584121474,16275.948534822366,16392.703125,13207
2016-09-26,16459.58744264074,16720.543908260996,16044.956613932995,16444.4140625,19850
2016-09-27,16449.721317382868,16608.1790451379,16077.809466261377,16237.8623046875,16846
2016-09-28,16372.543840027287,16430.58321405063,16164.79436794099,16260.6708984375,11331
2016-09-29,16261.448806705941,16547.001992184953,15271.747553923362,16419.859375,12507
2016-09-30,16418.990342501405,16696.039435705203,16140.636844818311,16471.857421875,11756
2016-10-03,16471.858141444587,17870.681934011667,16360.613765572783,17293.58203125,17481
2016-10-04,17300.443266858558,17300.443266858558,16961.249018337177,17121.78515625,7298
2016-10-05,17203.79366365502,17571.016582870856,17012.038642132487,17172.478515625,12497
2016-10-06,17264.972104409742,17377.81158004045,16923.505081744483,16971.443359375,4613
2016-10-07,17000.726340289155,17156.38083483289,16880.83064233203,17046.876953125,3343
2016-10-10,17058.81792847551,17107.14319172898,16865.61314844701,17006.3359375,4072
2016-10-13,16950.18067414793,17203.79200803214,16720.63569651267,16898.810546875,22607
2016-10-14,16776.838724384183,16957.52611468092,16451.85135405168,16541.3984375,3694
2016-10-17,16670.280283294196,16971.829880255453,16501.383513842335,16870.154296875,40203
2016-10-18,17000.825482151962,17116.806099426452,16642.252073745007,16992.802734375,30736
2016-10-19,16896.493914978826,17024.457700324354,16606.300712736585,16708.025390625,7790
2016-10-20,16817.187550332616,16921.23219452843,16586.19284777345,16759.873046875,5357
2016-10-21,16912.827013917664,16913.842599555897,16623.89101213494,16654.673828125,5117
2016-10-24,16653.85221537634,16763.06731028305,16576.58087454892,16681.54296875,3550
2016-10-25,16640.901184940813,16768.817783156723,16604.56096340023,16660.0859375,4857
2016-10-26,16659.648507193957,16846.233072934177,16192.875621471445,16282.27734375,8988
2016-10-27,16360.32320582762,16360.32320582762,15956.612876364017,16159.095703125,23012
2016-10-28,16044.033582669268,16403.815102608623,15956.853690882837,16159.240234375,8801
2016-11-01,16334.031991891326,16720.53774777546,15953.132720507612,16252.0244140625,9121
2016-11-02,16089.459321081826,16301.074855554067,15773.363076167578,15914.2802734375,4153
2016-11-03,15923.17157307717,16043.98471096091,15416.722899068523,15582.140625,10314
2016-11-04,15647.573262581642,16428.654788945296,15353.707556036332,16263.2861328125,18224
2016-11-07,16516.60752101191,16671.05580853355,15386.762931389176,15851.5556640625,45259
2016-11-08,15879.680288337264,16517.57371440559,15879.680288337264,16394.923828125,17579
2016-11-09,14657.05090760488,16140.636344015924,14657.05090760488,15804.8720703125,30268
2016-11-10,16164.701586752488,16285.707270656156,14991.460663805376,15225.451171875,12342
2016-11-11,15169.29857473362,15898.960894452044,13820.782242373183,14757.9052734375,21612
2016-11-15,14757.905422018104,14884.17970072148,13172.257408844665,13789.564453125,29757
2016-11-16,13956.236784091056,13956.236784091056,12951.16779532893,13464.865234375,30660
2016-11-17,13195.599490678214,13597.761935026701,12707.80411755853,13049.318359375,42062
2016-11-18,13179.794394179442,14183.461763040556,12574.230837285017,13655.75,41765
2016-11-21,13669.525889708952,14149.637390652011,13492.413796004239,13912.6982421875,17354
2016-11-22,13806.52558593782,14589.394730117703,13775.259522967499,14424.07421875,20604
2016-11-23,14438.62046756073,14719.873466828429,14352.60150902181,14507.7255859375,24633
2016-11-24,14647.385344272498,14738.720079675584,14062.649736665448,14467.7607421875,24989
2016-11-25,14475.926840704054,14980.82949756966,14400.878283758473,14925.1591796875,13135
2016-11-28,14959.17961824372,15012.4827544016,14690.878168186853,14930.716796875,8571
2016-11-29,15115.17394129872,15444.752195278057,14932.600742125105,15071.24609375,18881
2016-11-30,15077.480373862722,15253.384311557787,14898.580647737002,15050.03125,21128
2016-12-01,15033.985775762412,15154.79890478654,14161.52149443126,14488.2001953125,15528
2016-12-02,14468.58112370719,14679.231095771767,14209.557760904683,14558.755859375,10310
2016-12-05,14413.153928311342,14980.830371324944,14405.566296295523,14599.3505859375,11408
2016-12-06,14661.882489671063,15103.865086828457,14605.873329886927,14986.91796875,16952
2016-12-07,15029.154267560598,15077.43138595586,14623.222126571824,14689.765625,24922
2016-12-08,14826.188888208048,14980.8297110316,14690.87816823744,14879.6845703125,11350
2016-12-09,14884.17607329878,14980.826567281241,14499.603380201583,14717.6474609375,13228
2016-12-12,14736.980884962974,14835.806037358789,14164.133089101972,14258.5126953125,18490
2016-12-13,14159.301959485087,14594.229323428315,13860.603699751968,14335.7373046875,16103
2016-12-14,14420.013191430164,14427.165706079151,14067.625840651646,14278.3720703125,6104
2016-12-15,14114.936909340773,14425.136913384049,13970.976728187105,14216.7587890625,8094
2016-12-16,14304.27525655283,14330.612520116414,13415.090578442789,13640.0927734375,21198
2016-12-19,13659.423748681233,13751.048247818995,13453.75164223145,13588.2412109375,9994
2016-12-20,13540.737181059863,13688.660605819749,13212.125429342494,13541.9453125,10628
2016-12-21,13675.952166401372,13777.483347846855,13473.082349466238,13625.5966796875,8930
2016-12-22,13645.024306271365,13651.499136107783,12903.81108185196,13019.83984375,12456
2016-12-23,13115.281866812715,13306.843383194322,12700.16788997643,13171.9677734375,33889
2016-12-26,13083.968484645706,13083.968484645706,12864.184814333783,12946.53125,3021
2016-12-27,12965.859839073692,13134.80474742232,12789.810551691346,13074.78515625,7237
2016-12-28,13192.794347537712,13463.367633567808,12883.51272180789,13276.9765625,15373
2016-12-29,13296.308587996751,13530.10657831697,13117.408849269086,13390.3984375,16014
2016-12-30,13337.771864814493,14671.549051295942,13237.255323224586,14239.908203125,22856
2017-01-02,14207.62686884225,14376.861556929327,13883.46063743654,14031.3359375,5375
2017-01-03,14031.335053191033,14031.335053191033,13580.364119221975,13655.31640625,14851
2017-01-04,13735.1011365644,13879.014132794415,13463.465049428125,13649.5654296875,86882
2017-01-05,13820.055811384493,13845.184942868933,13532.037304370537,13682.7158203125,8606
2017-01-06,13743.606318484653,13956.333714528622,13647.100217450376,13819.5732421875,10390
2017-01-09,13869.351060683248,13994.996749734733,13777.533057145623,13906.8994140625,6061
2017-01-10,13995.960642883483,14013.357735043686,13822.956226401462,13951.9365234375,7655
2017-01-11,13966.916094513605,14690.92463714683,13854.753374211601,14499.556640625,16789
2017-01-12,14618.390121718361,14813.865784668282,14187.328832839923,14431.3232421875,15254
2017-01-13,14496.61219040943,14594.229220293513,14258.851899800675,14455.77734375,6312
2017-01-16,14592.00470715696,14592.00470715696,14173.169142266586,14261.7978515625,9224
2017-01-17,14295.723321458912,14547.014665635576,14159.348875672955,14465.2958984375,8456
2017-01-18,14497.576039318852,15017.314140328433,14478.245937933094,14918.8759765625,10995
2017-01-19,15004.025032312016,15215.641510751746,14938.398959093693,15123.775390625,17049
2017-01-20,14972.5170822749,15488.77520128768,14744.372804454231,14978.7021484375,22646
2017-01-23,14932.50624673211,15067.768846456076,14514.009469720135,14661.546875,13370
2017-01-24,14643.517900358924,15222.454420873411,14613.36275425944,15172.3896484375,18901
2017-01-25,15048.484850920748,15439.725938171583,15048.484850920748,15264.208984375,13613
2017-01-27,15270.78265542327,15464.08370169445,15270.734518932255,15379.369140625,16683
2017-01-30,15367.43251474559,15541.403448874786,15047.906276602724,15199.4541015625,9147
2017-01-31,15314.273632931881,15378.981339514012,14855.18370073607,14938.3994140625,28344
2017-02-01,15077.47853359717,15571.362606075898,15036.353933162265,15403.8193359375,16390
2017-02-02,15425.42056311228,15425.42056311228,15096.808846855503,15220.18359375,13511
2017-02-03,15222.457697514545,15657.288787316726,15126.14507174757,15509.84765625,13564
2017-02-06,15473.52152561761,15631.320323074018,15473.52152561761,15553.806640625,7079
2017-02-07,15415.21648679931,15533.674812195386,15308.185809641054,15506.39453125,66280
2017-02-08,15436.564658669198,15541.553328645092,15356.8142616171,15451.4931640625,12945
2017-02-09,15463.017401448518,15664.095368168631,15320.001799353464,15570.1943359375,9011
2017-02-10,15655.390464417438,15656.314591809787,15454.069359482704,15590.71484375,4842
2017-02-13,15562.023536478693,15682.573243172292,15356.81217680136,15441.376953125,5291
2017-02-14,15463.795810514359,15464.865252957523,14520.65015093912,14784.6533203125,49258
2017-02-15,14831.627555397128,15171.928688199618,14598.211777476125,14995.5048828125,9191
2017-02-16,14905.542301021906,15123.39702341711,14793.745680981374,14980.08984375,7674
2017-02-17,15074.770595458584,15094.221912355948,14783.097718674047,14922.2724609375,9169
2017-02-20,14864.49849549658,15244.966362713552,14864.49849549658,15095.7744140625,17838
2017-02-21,15242.342507213454,15367.463474910011,15048.024054027002,15314.896484375,24149
2017-02-22,15298.702837518542,15755.274032197647,15223.523692793426,15694.537109375,7240
2017-02-23,15740.976995314732,16090.12810691918,15640.413314737982,15940.6455078125,22414
2017-02-27,15940.546867148838,16259.451565911424,15659.28160374963,15822.76953125,8532
2017-02-28,15979.258321655094,16045.100275677034,15375.586455483444,15669.2529296875,24834
2017-03-01,15872.271904438905,16068.243889043344,15570.776543508999,15683.8857421875,5186
2017-03-02,15755.564661359202,15940.35214812823,15356.812716226037,15413.8046875,8285
2017-03-03,15559.931665950739,15645.858411523035,15366.732068244513,15549.7197265625,6666
2017-03-06,15680.67771930314,15850.876726986453,15561.052131045726,15659.5244140625,9353
2017-03-07,15517.287948310039,15676.837184110726,15296.07765845962,15375.0986328125,5262
2017-03-08,15385.989546824578,15541.600060572488,15374.561899721215,15466.6640625,14123
2017-03-09,15467.394070087475,15629.180002292525,15224.544212957084,15443.6630859375,5985
2017-03-10,15719.14314398709,15719.14314398709,15462.969882730384,15563.5810546875,11643
2017-03-14,15660.254144644654,15997.637592667508,15563.580726481416,15948.4736328125,21198
2017-03-15,15976.629825438822,16032.74610841563,15880.150165000292,15944.53515625,18942
2017-03-16,15998.706847008241,16092.948849620398,15991.218850428773,16046.9951171875,18412
2017-03-17,16047.33555304965,16117.06776045406,15951.245293072547,16043.2021484375,20050
2017-03-20,15998.657820065067,16018.158523926091,15512.37587597095,15595.287109375,13251
2017-03-21,15611.38144877774,15950.174329895739,15611.38144877774,15854.814453125,18395
2017-03-22,15696.385446914359,16037.609772195343,15644.353177489711,15901.255859375,14890
2017-03-23,15997.249007809402,16060.272033225508,15629.181280571771,15700.7626953125,17550
2017-03-24,15755.565683291694,15966.806211524734,15755.565683291694,15863.27734375,10722
2017-03-27,15901.44884020767,16049.765106148445,15793.688753006245,16010.5224609375,12701
2017-03-28,15998.706480693316,16387.732778096193,15891.772687240455,16189.9619140625,16340
2017-03-29,16204.892860540525,17019.903076428953,15707.960129049028,16352.869140625,45212
2017-03-30,16436.26621512141,17019.902609851255,15790.87093829304,16775.009765625,32349
2017-03-31,16775.785352087747,16994.612629275976,16495.589560627646,16614.533203125,28299
2017-04-03,16631.314484662325,17263.045451406862,16584.194424641682,16698.6171875,35899
2017-04-05,16679.21370148364,17016.014053593866,16437.337306800982,16917.15234375,10896
2017-04-06,16917.1434775398,17209.545660375097,16747.577071017757,17115.060546875,10952
2017-04-07,17020.870308993934,17506.180536077416,16961.93321443091,17337.197265625,25951
2017-04-10,17155.09050978906,17397.25942735454,17079.327243622054,17183.294921875,8236
2017-04-11,17131.309810501545,17310.50506059812,17048.835470178732,17190.830078125,12782
2017-04-12,17256.62426318399,17311.67110713299,17021.263341390382,17223.84765625,10100
2017-04-13,17241.208092361914,17331.121032852876,17141.56759518328,17212.857421875,9256
2017-04-17,17165.78220389099,17214.459870184026,17078.251303134606,17165.5390625,14346
2017-04-18,17095.36916931899,17311.66814447071,17084.23405271711,17202.69140625,8823
2017-04-19,17097.705317818352,17214.510080610096,17020.87262611712,17058.31640625,28536
2017-04-20,17175.510578566784,17193.016761489445,16971.271777802398,17024.666015625,44724
2017-04-21,17214.41812838721,17265.23470167581,17055.986747737697,17113.125,7019
2017-04-24,17025.785593319768,18186.007157620836,16987.806140551,18092.787109375,27749
2017-04-25,18079.852566941732,19159.596294240273,17949.724398238868,18535.6953125,25704
2017-04-26,18798.673343493647,18848.2741950282,18576.005182549114,18751.50390625,17699
2017-04-27,18673.265172368065,19052.565871181792,18565.4072347712,18821.630859375,18164
2017-04-28,18935.85670884829,19040.60128891531,18528.351626105225,18661.15625,16848
2017-05-02,18743.28756822479,18818.125744604073,18333.83737798908,18691.3046875,9722
2017-05-03,18770.46782479814,19224.705375510603,18673.260647028055,19099.876953125,9189
2017-05-04,19140.57816739647,19310.2414842698,18751.06562675765,18905.99609375,21215
2017-05-05,19013.657442349533,19137.17327330495,18486.13748204568,18800.373046875,18260
2017-05-08,18945.57927997707,19155.60407691122,18736.52704871438,18874.095703125,9261
2017-05-09,18887.22751213227,19380.268976170835,18686.052659760422,18976.99609375,17789
2017-05-10,19109.943845685357,19232.243985061148,18809.421037994543,19056.646484375,13245
2017-05-11,19110.918348829557,19841.461543889392,18921.511155524997,19375.359375,19114
2017-05-12,19830.13084332864,19830.13084332864,18926.081522957575,19195.337890625,13885
2017-05-15,19160.522714030994,19974.56045382308,19160.522714030994,19678.900390625,18095
2017-05-16,19723.633304040097,19869.51816575637,19310.292862510658,19397.53125,13419
2017-05-17,19023.383330845776,19159.591904337758,18100.564831742304,18352.263671875,54935
2017-05-18,18196.701792724234,18471.888460606544,18042.063867280987,18287.150390625,24336
2017-05-19,18284.23652150545,18478.70028788392,18073.28662555894,18152.064453125,15955
2017-05-22,18186.979815171584,18332.914068104445,17284.488172876907,17762.30859375,43050
2017-05-23,17762.309606965253,17855.62843721532,17223.946936478897,17356.9453125,22164
2017-05-24,17486.733728081566,17486.733728081566,16543.344867334115,16927.458984375,24767
2017-05-25,16796.209113655405,17263.62379454733,16650.324263218325,17130.91796875,16014
2017-05-26,17237.75551444561,17469.22616511352,17016.64306902071,17145.654296875,9951
2017-05-29,17145.654212622187,17378.24179313615,16929.45208561769,17296.109375,5349
2017-05-30,17122.01823465805,17506.181665654356,17122.01823465805,17435.28125,14716
2017-05-31,17408.927249743803,17729.8739532307,17195.012168857953,17510.900390625,26031
2017-06-01,17380.238421487396,17642.781818906005,17118.278183683644,17182.078125,13943
2017-06-02,17087.97953657342,17554.811077697792,17087.97953657342,17478.8046875,10560
2017-06-05,17069.502509553302,18185.958669902735,17069.502509553302,18123.423828125,18306
2017-06-06,18114.03481200361,18193.591440149197,17554.858964295057,17661.888671875,14081
2017-06-07,17671.520752398974,17784.874057273366,17360.299693468445,17592.353515625,15556
2017-06-08,17592.352979673607,17846.582054350907,17457.605130645436,17529.671875,15308
2017-06-09,17629.990726467837,17716.499684454076,17413.78861456942,17656.25,9052
2017-06-12,17749.321843149195,17749.321843149195,17511.043275939795,17654.93359375,11274
2017-06-13,17691.408855024325,17797.95419858205,17532.736263866118,17597.265625,7370
2017-06-14,17603.43860073662,17749.32345101897,17313.66341960938,17395.06640625,8935
2017-06-15,17395.064956123046,17699.721126398574,17269.311465846084,17457.259765625,9536
2017-06-16,17583.0146944345,17598.575745107155,17263.040589978005,17298.19921875,6597
2017-06-19,17351.061430189824,17486.68498115102,17174.783865983558,17213.443359375,5437
2017-06-20,17311.671996299716,17350.477753323546,17030.600467820466,17108.94140625,11578
2017-06-21,17058.80513933552,17135.83159542696,16655.190308501755,16899.984375,27279
2017-06-22,16909.609841879825,17117.106346975823,16753.609929022146,16862.197265625,9976
2017-06-23,16851.84074832269,16948.367900412057,16194.192538438641,16470.984375,26483
2017-06-27,16416.90890834621,16728.080542203752,16048.306510463319,16233.4833984375,25055
2017-06-28,16233.09459010845,16268.399485904154,16052.197364432328,16141.6240234375,10293
2017-06-29,16214.911759382278,16330.597717258459,16155.342096005097,16232.1748046875,17063
2017-06-30,16313.819357402976,16682.518686472118,16076.853311199511,16488.201171875,21648
2017-07-03,16455.809824023534,17242.615388304566,16365.993771470468,17149.978515625,21176
2017-07-04,17118.13187030484,17458.529924654405,17077.964140074506,17204.787109375,10525
2017-07-05,17068.57658632769,17507.20369552432,17068.57658632769,17465.333984375,8772
2017-07-06,17597.603310377024,17627.752846279625,17409.02244622615,17545.181640625,10779
2017-07-07,17506.18581368861,17938.685100057482,17431.833912091457,17861.951171875,16025
2017-07-10,17506.183388037323,17846.58139836027,17506.183388037323,17749.76171875,2587
2017-07-11,17603.441282912612,17965.18637863034,17603.441282912612,17896.18359375,12403
2017-07-12,18041.092886230854,18041.092886230854,17267.124378766362,17985.462890625,18447
2017-07-13,17992.46564772286,18430.02334086975,17805.53927794564,18303.103515625,16568
2017-07-14,18332.865004070212,18478.749871476608,18002.38639128858,18086.708984375,22440
2017-07-17,18002.194410510187,18128.578586600484,17544.115881750044,17614.140625,24677
2017-07-18,17614.13705663439,17992.46510671615,17506.18226599409,17812.58984375,15955
2017-07-19,17943.844098977203,18041.100706559733,17647.21144585048,17755.798828125,11488
2017-07-20,17824.21562305461,17830.73105490412,17264.067041021004,17380.482421875,8699
2017-07-21,17325.35812468743,17556.312633602254,17167.103661771514,17221.056640625,7630
2017-07-24,17237.56213628516,17311.283604469983,17188.430975667638,17233.6171875,7114
2017-07-25,17233.617912158883,17347.707585752218,17071.614417892066,17129.462890625,6547
2017-07-26,17307.976189317826,17308.607685540424,16751.844856272088,17004.515625,15977
2017-07-27,17180.786755461893,17237.514898034577,16945.402244887537,17056.861328125,14259
2017-07-28,17140.854377883625,17279.387881862625,16964.87619904562,17038.306640625,9087
2017-07-31,17033.050480519356,18318.56372433214,16784.956163200186,18115.705078125,61360
2017-08-01,18308.728572774722,18308.728572774722,17666.2153985075,18144.921875,21000
2017-08-02,18114.0504413956,18148.136020183174,17821.888337502125,17945.1328125,6951
2017-08-03,18104.209378010124,18199.74597749194,17515.112981870323,17660.853515625,17560
2017-08-04,17646.595826873297,17778.068809027154,17383.64986256558,17587.919921875,8786
2017-08-07,17724.256496514296,17750.794552780455,17529.72524003117,17649.365234375,8372
2017-08-08,17688.954785772556,17721.4330929467,16972.524224597586,17303.447265625,28680
2017-08-09,17076.875256167445,17594.00218864677,17076.875256167445,17477.087890625,11297
2017-08-10,17335.923524247915,17434.187748473618,16832.527892455942,16883.365234375,9545
2017-08-11,16848.015049364498,17334.854893551386,16322.026243184966,17066.259765625,13059
2017-08-14,17329.202124433097,17417.046655687664,16945.592971068716,17085.783203125,20620
2017-08-16,17110.962322229403,17475.191116111804,16793.625931294355,17037.044921875,15220
2017-08-17,17236.59025109245,17236.59025109245,16678.560632815937,16844.556640625,13511
2017-08-18,16991.417353568675,17103.169356968752,16605.27644421677,16894.7109375,15601
2017-08-21,17028.180129615394,17028.180129615394,16575.425906344528,16681.287109375,7609
2017-08-22,16750.62729609651,17008.703821297997,16639.411682678685,16732.220703125,7091
2017-08-23,16763.094976283606,16923.978160206276,16505.649926774662,16717.7109375,10735
2017-08-24,16711.673943141086,16808.427922060284,16321.200014731578,16548.16015625,13211
2017-08-28,16556.87147800776,17203.814450049642,16517.429604473753,17106.4765625,19712
2017-08-29,17106.47960623581,17154.832810590975,16555.851095840655,16909.513671875,12630
2017-08-30,17008.70218943145,17312.55074844105,16848.062502165598,17237.125,20413
2017-08-31,17280.752657563382,17383.545771075424,17048.14334176269,17131.458984375,28956
2017-09-01,17351.509903531296,17383.59828515863,17140.179283950765,17330.474609375,10125
2017-09-04,17512.194424278576,17512.194424278576,17203.573511490522,17397.27734375,10881
2017-09-05,17480.05810121013,17651.02238088938,17237.56356295166,17586.697265625,19897
2017-09-06,17500.50938833384,17919.27505538913,17403.171478423377,17863.130859375,14355
2017-09-07,18016.56535142893,18265.92455594706,17850.129965763805,18071.9296875,18758
2017-09-08,17953.41240485626,18308.826876386374,17953.41240485626,18249.2265625,24773
2017-09-11,18249.61045671311,18355.95858956936,18194.24612584715,18306.4375,26674
2017-09-12,18360.974146229037,18756.804283682275,18319.778534860758,18445.845703125,84562
2017-09-13,18503.59696294186,18677.482841555986,18220.19976735154,18376.01953125,5665
2017-09-14,18376.018950994152,18601.9576015125,18211.434330573462,18309.455078125,11403
2017-09-15,18115.0212219367,18503.59675376578,17676.144742723434,18157.091796875,34223
2017-09-18,18191.958205795498,18209.487929976673,17967.967285702725,18055.859375,8585
2017-09-19,18067.5477781525,18094.4757655234,17790.530173806732,18002.931640625,10346
2017-09-20,18191.95793213974,18191.95793213974,17821.885982770727,17947.80859375,6604
2017-09-21,18015.69001152926,18138.251639215734,17590.93460659346,17939.921875,28428
2017-09-22,18013.691697386766,18013.691697386766,17047.755484762933,17260.255859375,20336
2017-09-25,17295.995058655106,17366.113957541547,16706.995547170267,17097.275390625,11026
2017-09-26,17028.084490141468,17614.550466365745,16603.57256756695,17445.779296875,27004
2017-09-27,17732.290515704804,17732.290515704804,17373.905030765254,17487.21484375,16689
2017-09-28,17660.220905221566,17917.32349257011,17513.65295296416,17722.40234375,17220
2017-09-29,17675.807233903124,18211.43775614261,17627.210557011447,18094.669921875,19520
2017-10-03,18094.66764162815,18456.65758293547,17989.782220693112,18105.8671875,13209
2017-10-04,18104.309794174158,18381.863763584573,17988.418838525595,18215.234375,8227
2017-10-05,18281.848635818737,18459.82404102495,17963.635428425412,18300.595703125,21033
2017-10-06,18330.10474550989,18357.76313965147,18184.851099363008,18284.4296875,13352
2017-10-09,18321.287819721092,18321.287819721092,18035.30949105159,18083.3203125,3418
2017-10-10,18083.324329434086,18294.89839058953,18083.324329434086,18249.17578125,21920
2017-10-11,18254.969397659384,18324.2608911282,17947.37177306609,18022.603515625,13907
2017-10-12,17939.23816051621,18113.0745933846,17763.45398050084,18049.822265625,17243
2017-10-13,18289.34830350436,18299.233502096333,17702.686399228125,18087.123046875,18839
2017-10-16,18017.635292655756,18369.6905955202,17960.907156025456,18322.84765625,13852
2017-10-17,18252.095427118573,18305.317999440624,17978.436947253012,18136.69140625,8794
2017-10-18,18043.53711468897,18165.467210284623,17812.095711918544,17886.646484375,8835
2017-10-19,18063.65263694196,18063.702091465188,17653.505352741973,17737.2109375,870
2017-10-23,17909.537991830388,19091.771251936745,17726.54673655153,18744.341796875,24502
2017-10-24,18708.11470428328,18747.119108740397,18211.585554146815,18349.826171875,13340
2017-10-25,18347.87490544771,18990.534449095696,18308.725949114443,18870.455078125,26894
2017-10-26,18870.460093544458,18924.266622117673,18561.01168713468,18658.05859375,14551
2017-10-27,18211.436722348535,18620.46364338524,18113.3189549808,18524.099609375,22084
2017-10-30,18626.355164978802,18642.424078720444,18479.25080288706,18540.9453125,10241
2017-10-31,18542.45359656419,18697.396483004923,18328.29844315603,18435.814453125,12565
2017-11-01,18368.083365735267,18843.480140308955,18335.848530244555,18772.484375,7778
2017-11-02,18772.48550826375,18892.17496042064,18402.365968367863,18672.859375,20165
2017-11-03,18484.119458665307,18746.091436240702,18357.515900729242,18487.771484375,5339
2017-11-06,18586.37608115443,18880.826358745933,18188.54874926281,18300.0078125,8136
2017-11-07,18371.152139140802,18776.28356884196,17970.353686250324,18376.16796875,20551
2017-11-08,18468.002257703927,18611.64861135978,17806.451073277836,18007.3125,10161
2017-11-09,17943.617830581137,18573.71393567671,17602.762132306867,17637.140625,34471
2017-11-10,17627.10944371063,17892.246490453734,17459.213280523592,17582.84765625,22511
2017-11-13,17865.273762156765,17865.273762156765,17529.724851453113,17577.638671875,7738
2017-11-14,17408.964111851954,17821.88650967167,17334.94971978993,17572.380859375,19952
2017-11-15,17763.453059828105,17773.825193267578,17622.874797199962,17680.236328125,11543
2017-11-16,17678.29054330583,17792.67124044132,17277.34562811829,17463.501953125,23215
2017-11-17,17723.521118074143,17841.262786650746,17647.16906692257,17801.625,24013
2017-11-20,17287.23361296677,17386.51928482699,16857.804726932947,17045.859375,59667
2017-11-21,17042.788031843804,17064.89420176636,16314.33057768271,16559.40625,53866
2017-11-22,16626.2633057656,16847.03969381333,16556.825356062225,16652.458984375,51243
2017-11-23,16798.149742489375,16851.46931583624,16609.412300105105,16761.287109375,22728
2017-11-24,16761.289316316004,16873.284781927887,16590.08347623007,16644.23046875,25474
2017-11-27,16818.74697814461,16818.74697814461,16449.454883901384,16678.8515625,13848
2017-11-28,16844.408645457323,16844.408645457323,16555.84917228062,16610.7265625,7967
2017-11-29,16611.362134595187,16697.549948918437,16473.608473557968,16568.365234375,14047
2017-11-30,16750.628670176604,16847.04217240611,16458.466542208407,16748.14453125,18308
2017-12-01,16809.057221329826,16911.216935614615,16701.103720347994,16748.43359375,23447
2017-12-04,16847.037344047054,16926.65150110098,16409.574137318457,16491.18359375,17293
2017-12-05,16491.870361316076,16749.653972033568,16409.772046558846,16573.8203125,12892
2017-12-06,16463.336426514546,16701.741491240504,16312.385989004357,16543.73046875,16060
2017-12-07,16387.958344295395,16994.097776645158,16313.45699874162,16913.216796875,20790
2017-12-08,16913.210423001143,17100.194121767894,16610.43469495659,16787.82421875,33005
2017-12-11,16787.82821201483,16894.079350296153,16705.878264973788,16750.919921875,11904
2017-12-12,16662.004360639497,16863.206277309826,16662.004360639497,16742.10546875,29289
2017-12-13,16742.494294432923,17899.796595415162,16507.30382230056,17253.14453125,216258
2017-12-14,17254.119539324285,17511.075722682657,17061.342010226337,17430.68359375,109030
2017-12-15,17572.57963746521,17722.45920244497,17238.540909042986,17319.859375,26456
2017-12-18,17232.690036860487,17334.94674518885,16895.72983608322,17246.6171875,15625
2017-12-19,17120.696189587612,17327.20682682003,17120.696189587612,17243.111328125,16068
2017-12-20,17242.528030069887,17426.44366765218,17237.561655435977,17340.255859375,12725
2017-12-21,17354.428346520835,17407.99139697306,16823.667210221516,17092.06640625,70550
2017-12-22,16993.119677184066,17429.415030234584,16842.266282953267,17380.818359375,8037
2017-12-26,17481.031923992694,17494.519693553655,17238.537386439817,17279.390625,6687
2017-12-27,17305.7350608535,17521.254064177778,17305.7350608535,17486.095703125,28023
2017-12-28,17442.36949857215,17588.108164473928,17338.359034870227,17506.595703125,56895
2017-12-29,17383.644662326413,17674.151933124416,17383.644662326413,17602.279296875,15339
2018-01-01,17602.2780579136,17680.577874326013,17402.974448937315,17460.62890625,3570
2018-01-02,17600.139718480656,17600.139718480656,17343.084595279273,17530.068359375,48021
2018-01-03,17459.945534583065,17819.257323242608,17459.945534583065,17626.673828125,16576
2018-01-04,17763.457022688424,17763.457022688424,17432.339950993573,17508.642578125,24866
2018-01-05,17724.49904344301,18503.59790249545,17634.221723989038,18469.025390625,26615
2018-01-08,18503.60067530493,18970.036732541732,18503.60067530493,18868.169921875,12610
2018-01-09,18868.169432157945,18989.56316859383,18747.068618669226,18922.462890625,6939
2018-01-10,18941.84164883812,19062.79598994207,18927.72048154207,18992.2890625,12838
2018-01-11,19097.661044762586,19330.31982516124,18829.45587843156,19025.69140625,33089
2018-01-12,19282.601139664974,19302.225074006292,18095.546174856547,18379.236328125,83069
2018-01-15,18503.596108305162,18747.064478151286,18415.94749516056,18582.966796875,35230
2018-01-16,18637.017404402,18701.5365245902,18284.91267520038,18605.123046875,11820
2018-01-17,18639.941100543478,18639.941100543478,18352.648382431653,18479.251953125,13197
2018-01-18,18500.700761854052,18514.00854455077,17694.506946111695,17959.240234375,17598
2018-01-19,17900.161623741493,18126.77665478215,17652.34249078284,17893.921875,14943
2018-01-22,17577.469520189716,18035.673107238475,17553.096988963716,18015.541015625,35976
2018-01-23,17821.19261166199,18133.16097247883,17766.598148519042,17930.33203125,30808
2018-01-24,17938.279747369575,18040.547267251957,17635.963256665113,17776.93359375,17473
2018-01-25,17868.86975105702,18035.674991372605,17602.137122275723,17706.01171875,13881
2018-01-29,17596.963741622632,17842.97963782122,17060.768170548257,17379.267578125,40951
2018-01-30,17404.03398364018,17476.030059136312,16846.29336704845,16891.67578125,41116
2018-01-31,16843.368112902863,17082.365524045934,16719.5556599111,16774.443359375,17037
2018-02-01,16899.910212800816,17114.338943591163,16752.894368373632,17014.998046875,20836
2018-02-02,17014.99699467936,17014.99699467936,16265.68654804427,16610.75390625,22005
2018-02-05,16768.298316409848,16768.298316409848,15994.664814711005,16218.11328125,49055
2018-02-06,15771.559192717004,16669.83342077451,15259.298186363498,16103.2216796875,61641
2018-02-07,16427.084504967344,16792.721945753565,16119.55269645505,16569.95703125,21469
2018-02-08,16389.065735065386,16748.754807636604,16378.341820777972,16578.24609375,16094
2018-02-09,16378.337468089638,16709.754314917074,16284.990693531923,16613.7265625,16017
2018-02-12,16768.299590500817,16817.044647449948,16417.33518046708,16527.83984375,14916
2018-02-14,16524.578939964333,16697.33070859763,16206.955298166831,16391.1640625,6148
2018-02-15,16475.825999282068,17148.507652507193,16427.130458635613,16921.0625,17940
2018-02-16,17060.767469560295,17168.98148036722,16495.861847759603,16550.50390625,12749
2018-02-19,16660.08428997556,16764.252087888744,16184.33257053568,16346.01953125,8740
2018-02-20,16514.823068790272,16597.689654436504,16245.944609252025,16505.90234375,12263
2018-02-21,16602.56505516003,16655.89138151137,16448.58019434332,16577.705078125,5665
2018-02-22,16582.578038165764,16671.975695413814,16185.500111707961,16309.6552734375,13109
2018-02-23,16419.774719431458,16908.687708702342,16326.62214099057,16787.3125,14677
2018-02-26,16769.275330444336,16960.74630453872,16507.124020238265,16562.01171875,12913
2018-02-27,16572.439837712787,16807.343385046708,16232.102266507218,16436.734375,29919
2018-02-28,16553.723385715697,16553.723385715697,16117.16191632023,16206.21875,16897
2018-03-01,16183.360820090436,16427.086133646015,16123.794734278255,16178.8271484375,8558
2018-03-05,16261.3522437367,16329.595328692429,15785.649006124188,16208.8046875,20686
2018-03-06,16271.101160887845,16572.10190884615,16182.969710867284,16228.1083984375,9289
2018-03-07,16183.358427253965,16183.358427253965,15559.51882609588,15773.9970703125,17810
2018-03-08,15917.503627432294,16056.378489028464,15583.892257802703,15694.6416015625,11480
2018-03-09,15863.884621324507,15863.884621324507,15520.427118650688,15599.150390625,25369
2018-03-12,15766.10266267839,15863.836510806852,15537.87866597426,15746.1171875,17193
2018-03-13,15622.790170259934,16446.58160201467,15622.790170259934,16374.0009765625,17535
2018-03-14,16112.774253056808,16592.08473629687,16112.774253056808,16544.16796875,11443
2018-03-15,16524.573282213732,16787.796573434836,16272.414737413967,16393.595703125,8378
2018-03-16,16296.10695502088,16638.588590046536,15866.467823423645,16012.1669921875,33975
2018-03-19,16162.886092403649,16235.46672104981,15549.67327184017,15613.529296875,24406
2018-03-20,15598.418829439075,16110.241947280045,15598.418829439075,16011.533203125,12523
2018-03-21,16037.12464716165,16279.3875939592,15557.278088889076,15713.0185546875,58927
2018-03-22,15657.887717034206,16183.359448525485,15657.887717034206,15943.97265625,21361
2018-03-23,15461.981384064613,16066.322058795286,15461.981384064613,15636.732421875,28295
2018-03-26,15793.350622368163,15934.759848663103,15539.92486923768,15865.005859375,27268
2018-03-27,15890.889209029103,16011.483723164054,15614.797004876567,15690.7421875,38497
2018-03-28,15627.665017502088,15919.98873870866,15540.411366905304,15789.9375,52620
2018-04-02,15793.397169356806,16070.269070350469,15636.925549252992,15998.3701171875,42960
2018-04-03,15988.377075635364,16324.717934848424,15891.130696775936,16226.2529296875,14654
2018-04-04,16243.801791811371,16366.589821172101,15804.121404816597,15908.484375,28319
2018-04-05,16046.871417901768,16356.840447713648,15915.356884330437,16270.4169921875,18397
2018-04-06,16573.32163912765,16741.198876677667,16271.248860543537,16629.81640625,14276
2018-04-09,16519.698118849672,16950.94521296983,16519.698118849672,16657.5,11224
2018-04-10,16816.06977889869,16816.06977889869,16446.631753206817,16569.56640625,14209
2018-04-11,16513.511643373986,16566.497146146015,16331.59544869483,16485.287109375,10279
2018-04-12,16403.687522355922,16543.292611968453,16247.75283771192,16518.091796875,7469
2018-04-13,16668.859938872083,16668.859938872083,16389.50125142147,16498.642578125,13088
2018-04-16,16378.337455986979,16763.861310236618,16331.59171280612,16542.4140625,7883
2018-04-17,16709.80844482823,16792.6255494286,16427.08706507326,16551.09375,18512
2018-04-18,16548.943574769688,16670.8061931406,16529.883499615113,16607.291015625,13847
2018-04-19,16697.42697878839,16911.368296946453,16555.626449190593,16711.66015625,11801
2018-04-20,16836.541784664227,16836.541784664227,16396.03310900549,16573.171875,8619
2018-04-23,16670.809908042327,16777.951926810103,16485.6281935416,16687.626953125,10349
2018-04-24,16687.62159343576,16881.188919062308,16613.33491022348,16813.04296875,6661
2018-04-25,16720.57996058865,17142.809288798162,16505.22390503965,16973.810546875,24183
2018-04-26,16973.02896591006,17149.095732202648,16680.55862186796,16794.962890625,14238
2018-04-27,16961.33200355027,17081.244857696533,16455.89521045911,16591.794921875,14614
2018-04-30,16767.077577287324,16862.61786960939,16419.232159518273,16518.52734375,19376
2018-05-02,16620.112164387312,16620.112164387312,16061.493894197618,16186.962890625,22214
2018-05-03,16197.983015722953,16489.2347416301,16113.069504237408,16281.8740234375,13905
2018-05-04,16329.594043475001,16329.594043475001,15876.265014805396,15923.6943359375,24943
2018-05-07,15988.866864731652,16240.87882074111,15803.29480521819,16140.3173828125,10476
2018-05-08,16095.71559653174,16612.316112808938,16042.242647611458,16112.7763671875,17129
2018-05-09,16164.787976254314,16184.286001081475,15910.388258963523,15942.462890625,6367
2018-05-10,15988.377345768506,16070.171925327644,15628.590300846194,15701.171875,17446
2018-05-11,15793.39653786448,15881.137629741506,15632.53786942327,15800.416015625,10217
2018-05-14,15792.423175554735,15866.467105713451,15608.215419305665,15778.287109375,23250
2018-05-15,15842.14344794232,16183.553063868156,15681.284760624752,16031.76171875,24135
2018-05-16,15890.89099999597,16137.784751268913,15755.476830224268,16061.44921875,13284
2018-05-17,16172.63387072753,16172.63387072753,15820.353749457274,16006.9501953125,28280
2018-05-18,16006.90115549951,16101.759794138992,15820.695045462335,15978.8232421875,15962
2018-05-21,15978.629853295097,15978.629853295097,15598.27178868769,15671.3408203125,15400
2018-05-22,15725.155957513256,15998.177793296249,15344.993053796466,15949.626953125,16782
2018-05-23,15932.370013802822,16080.993879076193,15525.348798615532,15641.3134765625,21231
2018-05-24,15695.908519522796,15856.718654672015,15600.271097501001,15766.9296875,18050
2018-05-25,15766.102922980928,15937.344707364775,15701.662331552838,15842.4375,22625
2018-05-28,15915.26038183811,16476.121743643234,15872.461842930836,16404.076171875,12768
2018-05-29,16466.076289305776,16573.168772924437,16049.54987754699,16403.341796875,26720
2018-05-30,16402.614409771522,16564.545106711037,16135.588609332844,16434.4453125,18471
2018-05-31,16475.82752343638,16570.00258277921,16096.591020086275,16456.9140625,39874
2018-06-01,16336.711655973264,16651.31149261434,16164.689207136762,16238.34375,10689
2018-06-04,16378.340348502348,16378.340348502348,15773.901597545713,15946.9951171875,12667
2018-06-05,15938.660966817497,16058.86705583135,15654.964695403716,15697.8603515625,18075
2018-06-06,15697.858449891766,15842.14382131047,15697.858449891766,15736.171875,7631
2018-06-07,15793.396395800455,16031.953911816594,15779.163221844701,15918.037109375,10163
2018-06-08,15854.668753081096,15917.988765063128,15652.718576990032,15817.1845703125,11553
2018-06-11,15833.708632207157,16572.342786311536,15690.788520500477,16311.7509765625,26218
2018-06-12,16310.096611499346,16310.096611499346,15783.649978492194,15847.0185546875,13609
2018-06-13,15973.805680316047,16086.844712896675,15812.946030147134,15971.0751953125,21520
2018-06-14,16085.77407122045,16085.77407122045,15755.379645364428,15909.7548828125,14546
2018-06-15,15909.411368945737,15960.05767251358,15685.2326661088,15805.828125,22418
2018-06-18,15846.481623913172,15871.293047707797,15681.332994161492,15724.7646484375,10904
2018-06-19,15701.758743673006,15724.717476546703,15180.478881075733,15333.9287109375,58058
2018-06-20,15413.186849957747,15481.429928989817,15016.402090442705,15110.9189453125,48979
2018-06-21,15110.968433583215,15227.908021645753,14831.171792264611,14922.1298828125,16088
2018-06-22,14922.129758998663,15290.496741536554,14604.019693991857,15186.8154296875,25854
2018-06-25,15257.20159166112,15428.296727720963,15160.783495989577,15234.8759765625,43123
2018-06-26,15305.89842350818,16124.86388653708,15198.367024638921,15521.3515625,38810
2018-06-27,15645.700787639247,15783.649297559235,15296.198732470933,15344.8466796875,20022
2018-06-28,15401.829432583701,15644.921609202276,15062.222992723864,15110.333984375,17375
2018-06-29,15231.172905651581,15432.685163228054,15031.269615789068,15163.8076171875,22850
2018-07-02,15247.990037832378,15529.347081813577,15039.946703017571,15486.8408203125,16565
2018-07-03,15452.184876322375,15643.412138120504,15242.629661358946,15577.4111328125,16353
2018-07-04,15549.672092400624,15688.498385820592,15466.65888533112,15596.564453125,6876
2018-07-05,15595.494959744632,16085.87027791376,15491.131973594382,16021.4296875,17945
2018-07-06,16037.122999996685,16037.122999996685,15662.614363829518,15794.8115234375,24363
2018-07-09,15939.634768538926,16279.875290509573,15698.151548638192,16172.8798828125,10490
2018-07-10,16316.137844235007,16430.104155376044,16087.135115745039,16383.017578125,10358
2018-07-11,16261.352854070617,16599.936819921975,16261.352854070617,16511.755859375,24225
2018-07-12,16573.31875547525,16775.073777154095,16485.967997443608,16692.744140625,29058
2018-07-13,16695.671981898056,16851.899913059144,16500.25378066144,16699.62109375,35222
2018-07-16,16622.065185771728,16765.472769105032,15794.861531218807,15928.6181640625,23408
2018-07-17,15909.898190262338,16074.169022399303,15569.218817120443,15617.28125,11401
2018-07-18,15764.151549890857,15913.11625476949,15438.631676026896,15845.4091796875,28672
2018-07-19,15975.703780906853,16182.382807058819,15730.125821370651,15839.0224609375,11192
2018-07-20,15862.462096264322,16223.256162715252,15744.52502905344,16151.37109375,5882
2018-07-23,16154.305380876633,16630.645428468502,15955.98567363354,16474.029296875,8311
2018-07-24,16330.990257463533,17658.820241915055,16330.990257463533,17350.669921875,51669
2018-07-25,17331.61985352442,17331.61985352442,16994.656830167645,17084.7578125,22835
2018-07-26,16994.172187917895,17483.01285460676,16655.98821021356,17072.552734375,37394
2018-07-27,17043.497643212635,17189.173536112434,16605.933921484313,16689.392578125,13107
2018-07-30,16822.907034116208,16999.640969659646,16111.425418743396,16777.24609375,89718
2018-07-31,16704.62845073639,17555.826513644366,16517.29574452384,16621.65625,38915
2018-08-01,16754.6384774847,16946.90243769935,16411.71780041259,16857.974609375,18441
2018-08-02,16936.00880118701,17191.516260235017,16728.802438623217,16996.3203125,11531
2018-08-03,17091.35527305229,17187.70757169777,16901.9718532137,17055.0703125,8739
2018-08-06,16848.155642723344,17216.667079628918,16678.746979905445,17050.96875,20072
2018-08-07,17043.49827688385,17188.050583186363,16814.314120535008,16870.23046875,9662
2018-08-08,16993.684968657315,17077.631974044965,16821.88223148018,16906.3671875,9488
2018-08-09,16872.57190180836,16965.309240180566,16767.08780540342,16826.6171875,20942
2018-08-10,16848.15302052699,17092.329151259262,16840.680849401375,16937.521484375,8810
2018-08-13,16756.834487071774,17006.968183717396,16683.043682608437,16788.3828125,10989
2018-08-14,16940.2590984746,16940.2590984746,16759.32456340329,16864.3203125,9999
2018-08-16,16718.30200503402,16893.668168960565,16555.14274081231,16618.53125,10750
2018-08-17,16872.569663608807,17481.05654641218,16670.97748014042,17344.708984375,20959
2018-08-20,17190.976129138642,17417.621174375658,17146.194608753667,17306.666015625,13527
2018-08-21,17238.936740789162,17491.805991100893,16972.981172462252,17389.0078125,16287
2018-08-23,17483.01034671077,17612.37409318116,17284.544757668882,17514.0703125,24024
2018-08-24,17336.505979858997,18032.896332740092,17336.505979858997,17945.1875,29156
2018-08-27,17912.957228979452,18211.53697456081,17849.4714289619,18126.3671875,24890
2018-08-28,18098.825459622894,18458.54654413149,18098.825459622894,18342.66015625,18595
2018-08-29,18269.26270473973,18543.422970356354,18021.276982357256,18358.97265625,20057
2018-08-30,18269.745912407663,18556.408681394947,18221.692814353537,18429.583984375,20804
2018-08-31,18506.598093913217,18591.5713910512,18147.170814065208,18484.916015625,16304
2018-09-03,18668.732618467926,18840.632636300423,18486.67449078371,18602.90234375,20906
2018-09-04,18505.232364900683,18623.510919205182,17799.612837363165,17944.701171875,16660
2018-09-05,17925.16535612797,18073.57676141783,17705.359135295774,17803.615234375,14787
2018-09-06,17707.752007200063,17971.26767609652,17678.35357973359,17771.873046875,23823
2018-09-07,17728.359991802463,17855.47847859039,17492.77960241836,17536.193359375,27557
2018-09-10,17484.085368617612,17516.513104123682,16784.76491361193,16862.365234375,19338
2018-09-11,16817.82440297175,16906.75410660015,16560.4627792231,16639.234375,24977
2018-09-12,16701.650569402067,16772.217484819572,16070.113684367383,16485.798828125,38017
2018-09-14,16458.448283819827,17403.898283151473,16458.448283819827,17268.0390625,16732
2018-09-17,17238.83750380668,17314.33753819116,16812.603202357266,17125.978515625,15302
2018-09-18,17268.137280151153,17336.506601961708,16408.63723453277,16517.734375,14943
2018-09-19,16506.79866654569,16813.630846011594,16336.852039642403,16714.298828125,9159
2018-09-21,16701.647210606825,17038.61026836468,15740.569967610501,16465.67578125,53658
2018-09-24,16603.980753169766,16994.662653244348,16140.045996831197,16824.765625,24991
2018-09-25,16645.001301475204,17141.117684949975,16506.30923570772,16729.974609375,24296
2018-09-26,16799.321018288927,17098.681012015993,16412.008002342878,17035.927734375,13124
2018-09-27,16960.4789487044,17507.1398653307,16877.459040231042,17021.9140625,23248
2018-09-28,16945.824811951486,17127.442269291932,16066.790671850256,16498.73828125,28106
2018-10-01,16506.308150963556,16597.33625889945,15819.293736693475,16410.15234375,42394
2018-10-03,16408.636501509027,16578.92455891465,16022.05607611947,16244.8916015625,64331
2018-10-04,15958.377964126677,16115.627419553839,15556.219807156902,16002.4765625,68926
2018-10-05,15978.887792473553,16115.626441064403,15189.222096861398,15351.501953125,18344
2018-10-08,15351.5030115095,15842.101591621713,15138.922852001126,15623.1728515625,25852
2018-10-09,15500.302383567778,15795.414067247717,15334.26259748041,15377.8232421875,8422
2018-10-10,15475.493250208348,15475.493250208348,14929.41809246454,15179.5517578125,18681
2018-10-11,14650.568990323804,15036.025841984458,14281.374651767645,14478.4248046875,39460
2018-10-12,14650.570808091394,15099.806335066143,14510.365036220599,14990.5126953125,30967
2018-10-15,14994.370110802032,15324.496289635481,14769.776680918836,14862.8564453125,8401
2018-10-16,14981.768188906504,15280.542488438316,14891.472617469477,15169.6865234375,16963
2018-10-17,15187.660254723209,15346.03234389546,14702.872321869541,14773.634765625,7180
2018-10-19,14942.603339054378,14942.603339054378,13956.71735648062,14197.3291015625,15880
2018-10-22,14197.330900027153,14457.23163963502,13859.048654291426,14092.3837890625,11977
2018-10-23,13869.206596119435,13951.24979006831,13380.854251185652,13487.2177734375,47266
2018-10-24,13556.658556438328,13797.074752348779,13163.87645744399,13370.2548828125,49468
2018-10-25,13352.529407340695,13375.921674711166,13040.325381235198,13214.9609375,60925
2018-10-26,13214.96108135819,13519.009054574375,13099.22157788408,13252.7587890625,23155
2018-10-29,13479.305846982079,13479.35449145377,13155.088535528661,13196.3056640625,41060
2018-10-30,13156.258971839867,13283.181919250013,13059.223756035855,13199.380859375,57103
2018-10-31,13078.07578866475,14196.207126121937,12794.831428790756,13593.140625,102127
2018-11-01,13273.41604422657,13867.252464748259,13102.151267300374,13658.3349609375,227235
2018-11-02,13806.697007396762,14729.975727294304,13729.293163463812,14420.3603515625,50820
2018-11-05,14386.85933215646,14748.240048578584,14288.89604762952,14648.8603515625,13352
2018-11-06,14650.569499365358,15138.92181601087,14554.803800833797,15005.11328125,25707
2018-11-07,15002.669945339083,15392.863405393311,14924.045230609758,15013.31640625,2193
2018-11-09,15013.31754820161,15333.285595303772,14866.12797345197,15030.8486328125,19453
2018-11-12,15028.456451418528,15392.864557611883,14904.463611189612,15037.685546875,30325
2018-11-13,14894.746066089896,15087.1082396536,14362.442026350946,14827.841796875,22500
2018-11-14,14850.793090265573,15236.591398102135,14700.576117116128,14937.2314453125,18732
2018-11-15,15031.38654978853,15578.438416350955,14748.239503880843,15488.97265625,28500
2018-11-16,15583.323623719096,15920.286748142982,15256.224835325533,15564.6689453125,25131
2018-11-19,15723.285225525722,15920.286756086063,15383.099166156779,15521.595703125,24823
2018-11-20,15578.438402531814,15772.949505553239,15408.394512841953,15534.583984375,13891
2018-11-21,15558.904425048882,15718.058631885682,15261.88893490699,15592.8935546875,17571
2018-11-22,15676.10897479691,15821.637961541132,15287.42918487414,15371.42578125,13574
2018-11-26,15577.412853602402,15651.007162896629,15363.611837433786,15623.2197265625,22387
2018-11-27,15367.468829966921,15724.942682246563,15367.468829966921,15649.00390625,14788
2018-11-28,15628.25010051624,15717.081573488838,15529.163229377562,15626.248046875,10403
2018-11-29,15612.622771128605,16276.68459914056,15612.622771128605,16022.544921875,45943
2018-11-30,16017.954769536254,16360.484295368524,15998.420678353894,16103.26953125,34147
2018-12-03,16105.856570642358,16457.470176793435,15953.393385722586,16402.091796875,22955
2018-12-04,16455.52173958863,16553.192215250954,16190.73746159336,16291.3857421875,18424
2018-12-05,16128.518474987575,16342.660969654864,15873.98962453885,16033.974609375,16437
2018-12-06,15822.615014525387,16017.955940630638,15627.274088420136,15696.6201171875,37205
2018-12-07,15688.025080861313,16017.955709530359,15687.780904707202,15957.302734375,4929
2018-12-10,15639.629763867468,15821.052648759729,15566.52285007658,15648.46875,8961
2018-12-11,15529.603460889692,15748.385295810402,15436.963409190696,15621.31640625,16368
2018-12-12,15705.408798852217,16329.767167923503,15676.107663033463,16231.8525390625,12640
2018-12-13,16310.965524979367,16389.101886775676,16151.762687819388,16304.8115234375,11309
2018-12-14,16652.814855070872,16751.608915340443,16225.067801946725,16494.294921875,28268
2018-12-17,16419.136349647317,16674.05624240986,16263.107794594378,16534.337890625,11384
2018-12-18,16612.527456348416,16773.927921530256,16369.034191211078,16633.33203125,8998
2018-12-19,16759.272854666982,17430.268859746313,16608.860358623,17088.275390625,56675
2018-12-20,17041.540990977213,17141.115256814344,16857.529472204173,17090.181640625,10292
2018-12-21,17113.33234592453,17113.33234592453,16676.892208157733,16746.482421875,31747
2018-12-24,16652.810868167617,16838.335115346497,16331.475104201214,16364.2919921875,23036
2018-12-26,16242.597756058658,16876.47905152962,15974.589628035372,16676.693359375,16252
2018-12-27,16712.392002760378,16993.68292069592,16408.636879573045,16552.603515625,69346
2018-12-28,16506.304390465124,16945.821371276324,16408.633950284857,16825.736328125,15162
2018-12-31,16799.317520696874,17005.402171677517,16778.2210848705,16834.576171875,10698
2019-01-01,16857.92161010708,16951.929429051044,16268.674954392778,16577.8515625,12171
2019-01-02,16574.432731734825,16797.36555461191,16381.289398880743,16545.326171875,13931
2019-01-03,16477.008002575833,16927.659924847307,16408.638674764316,16553.58203125,24843
2019-01-04,16457.569768030247,16623.51226078387,16222.47773430218,16347.2021484375,30506
2019-01-07,16555.143457168877,16589.2308302372,16408.735051795276,16527.501953125,11758
2019-01-08,16458.64234982559,16505.135010811322,16225.992097548475,16363.560546875,10883
2019-01-09,16481.8903101324,16545.86446215099,15842.441610567193,15964.6279296875,23593
2019-01-10,16086.325003738444,16213.296603646519,15920.089687557713,16111.8662109375,9641
2019-01-11,15950.757621224753,15978.398169371843,15451.466061888355,15542.4951171875,47981
2019-01-14,15705.410257966318,15705.410257966318,15042.569287413164,15135.5517578125,43144
2019-01-15,15138.920448488325,15508.114766522427,15099.999153892748,15254.85546875,23989
2019-01-16,15392.864885922414,15529.603533386193,15286.989723075218,15454.3486328125,16308
2019-01-17,15529.604164732476,15861.683750644994,15359.853084813942,15543.9619140625,16720
2019-01-18,15529.603594644488,15606.763260303414,15114.504127492042,15227.0693359375,16832
2019-01-21,15197.522985534277,15382.120147762169,15051.017301226428,15313.4580078125,6880
2019-01-22,15256.127793792855,15821.639829170965,14870.329427688619,15546.74609375,97794
2019-01-23,15490.534172881104,16250.898665541125,15451.514635321106,15728.21484375,50789
2019-01-24,15632.59703588755,15871.449958187999,15247.72677397177,15793.8505859375,27535
2019-01-25,15847.032049884981,15938.158397812922,15150.690318292443,15356.921875,34071
2019-01-28,15344.07926458794,15431.934041873772,14602.809052237957,14701.75,29244
2019-01-29,14704.292905385895,15188.566025024353,14533.085236826844,15121.4033203125,29614
2019-01-30,15124.975442379122,15252.402871316372,14846.4448173764,15115.5341796875,16654
2019-01-31,15163.960600440974,15567.424081226072,15115.191255475675,15374.1552734375,36653
2019-02-01,15459.563661454702,15790.239051757935,15261.941090918452,15439.9970703125,39190
2019-02-04,15271.723050862483,15642.412469791925,15191.158001040463,15562.189453125,13365
2019-02-05,15516.30583260538,15598.485510407325,15262.429327967227,15335.951171875,11291
2019-02-06,15457.605828203856,15800.021147183055,15275.685269797643,15683.7470703125,13200
2019-02-07,15786.814660393613,16033.69573824977,15653.175227066356,15893.6484375,15911
2019-02-08,15842.578576409618,16135.783159874307,15506.522397016855,15841.8935546875,19404
2019-02-11,15751.10315560485,15839.152800574067,15482.160024533392,15617.4140625,11517
2019-02-12,15604.356621806644,15866.500220837303,15390.102446247041,15478.494140625,14344
2019-02-14,15218.893703846408,15310.856676857566,14919.524876810086,15269.4248046875,13582
2019-02-15,15131.871426958014,15320.640299118128,14750.910484714148,15276.2734375,17211
2019-02-18,15250.200177637043,15250.200177637043,14720.386030367052,14941.1455078125,29892
2019-02-19,15036.875478009224,15096.651027458114,14850.307853904584,14987.078125,26489
2019-02-20,15046.659826515812,15500.653465313291,15017.358665271335,15365.83984375,28950
2019-02-21,15293.247432291308,15888.658410628546,15293.247432291308,15755.6552734375,29323
2019-02-22,15653.420388130897,15985.905313235477,15466.998922621378,15796.109375,11780
2019-02-25,15896.876506882889,16259.836761917264,15821.593858592943,16157.943359375,19223
2019-02-26,15957.731231279728,16559.892192553038,15957.731231279728,16234.5498046875,33129
2019-02-27,16337.124262174666,16783.339963371665,16161.953601505122,16357.3271484375,35008
2019-02-28,16434.078440533944,16581.65908184703,16078.211040544962,16233.228515625,24556
2019-03-01,16252.007871793789,16470.81162263458,16203.141082947475,16325.724609375,27102
2019-03-05,16395.823733826073,17000.43135167347,16325.726044516014,16872.564453125,31504
2019-03-06,16827.26434844229,17262.0820515449,16788.18085632485,17095.521484375,30011
2019-03-07,17159.89977942439,17313.400063260055,16915.856244999894,17089.94921875,27342
2019-03-08,17071.848645279497,17286.983670253012,16974.015701753542,17247.361328125,15235
2019-03-11,17296.866537885737,17702.775852543953,17255.042949396222,17585.5234375,33353
2019-03-12,17708.741998425794,17822.1785378304,17571.286705857492,17714.46484375,19967
2019-03-13,17700.37593465594,17700.37593465594,17394.45307924661,17540.46875,20081
2019-03-14,17464.35581662522,17589.38709827986,17219.970239864146,17316.677734375,20798
2019-03-15,17220.556533912233,17469.149687445195,17073.220487597762,17141.017578125,33538
2019-03-18,17238.166450715973,17486.662153240486,17225.497847525327,17403.162109375,21078
2019-03-19,17414.266516979198,17790.776273530413,17340.941479307745,17660.31640625,22578
2019-03-20,17659.878224851487,17706.78836733368,17526.87316221368,17646.62109375,10569
2019-03-22,17707.5716761165,17804.62121259814,17463.23384723324,17725.62109375,24953
2019-03-25,17744.938237606846,17744.938237606846,17355.857408746815,17445.177734375,10956
2019-03-26,17497.275100399725,18098.116514920242,17420.428468499802,17733.39453125,14791
2019-03-27,17844.193269648265,17903.431891949564,17404.48379004277,17498.01171875,22358
2019-03-28,17525.793310868667,18049.199552987386,17274.802132687946,17872.953125,46017
2019-04-01,18353.46045526487,18577.595349773437,18206.71103797864,18389.4140625,31745
2019-04-02,18388.681923284465,18388.681923284465,18057.517375985477,18098.509765625,19576
2019-04-03,18154.809710442645,18329.002031296943,18022.784917029745,18203.091796875,17623
2019-04-04,18392.59475361674,18679.195618715537,18196.92885198252,18463.62109375,55872
2019-04-05,18478.491911031724,18741.710305367804,18461.076882350106,18665.939453125,40097
2019-04-08,18686.09224052651,18808.383420111106,18291.67834597033,18417.443359375,22171
2019-04-09,18477.65467405279,18609.48453913533,18106.917572895483,18542.126953125,14921
2019-04-10,18632.285056495828,18655.520381782873,18196.92843532803,18580.43359375,39760
2019-04-11,18588.25837872994,18637.174848147653,18447.42862759619,18555.923828125,22426
2019-04-12,18495.319046255554,18769.056402437003,18494.87956230407,18658.650390625,14773
2019-04-15,18686.09192540626,18979.590751459764,18659.09041556927,18964.818359375,11306
2019-04-16,18979.593987618333,19241.19970133962,18946.6728148561,19170.857421875,12741
2019-04-18,19173.401111891864,19390.395383305964,18914.241216525257,19267.076171875,29306
2019-04-22,19145.90732022609,19342.012693992023,18901.324957933986,18988.298828125,11051
2019-04-23,18911.109025382302,19155.69139767126,18788.81783923782,18874.32421875,18703
2019-04-24,18832.84179097324,19004.049443618453,18507.058086225497,18977.095703125,38710
2019-04-25,18979.59110170032,19703.604566783768,18863.75651405372,19470.517578125,87157
2019-04-26,19566.592614211688,19657.577269867772,19419.8431696051,19582.1484375,40592
2019-04-30,19517.723915002367,19762.256618092928,19197.12417972298,19360.65234375,32656
2019-05-02,19322.00817784401,19567.42175778086,19153.3437850582,19468.66015625,17985
2019-05-03,19347.444091486657,19664.422847839898,19347.444091486657,19441.119140625,16086
2019-05-06,19370.926180069815,19487.591985472507,19166.455292613522,19338.0546875,16459
2019-05-07,19390.491225778493,19561.69889300913,19131.233901114956,19338.248046875,29843
2019-05-08,19371.119894498428,19468.75794741901,19065.68617483928,19402.720703125,28232
2019-05-09,19299.847916578416,19341.035206020417,18781.969582289526,18900.25,23751
2019-05-10,18832.841570253462,18946.32778439109,18490.426268976127,18571.921875,34078
2019-05-13,18617.610095552584,18679.734017836745,18161.953138011668,18409.373046875,23573
2019-05-14,18317.312936706436,18649.258990073304,18138.620671104065,18543.501953125,19376
2019-05-15,18583.36985872468,18801.097865058815,18456.67618161466,18601.56640625,26379
2019-05-16,18588.262641344245,19231.906075701114,18299.80253719897,18996.91015625,26654
2019-05-17,18930.678690745437,19320.05389068945,18588.263313910247,19058.400390625,34590
2019-05-20,19402.233816120908,20209.3061047763,19328.27247598874,19905.33984375,55622
2019-05-21,19903.86885911655,20481.327839644375,19804.373514466228,20036.82421875,40706
2019-05-22,19910.960398366944,20036.822860678698,19588.111689077385,19769.591796875,28563
2019-05-23,20138.914035501843,20811.857642621428,20032.618146421417,20366.669921875,77139
2019-05-24,20498.938932176145,20650.09084670014,20354.929587642175,20473.697265625,37282
2019-05-27,20447.037060113864,21131.91739730334,20400.37150684808,21005.712890625,44826
2019-05-28,20999.842740222288,21307.03820355468,20768.956977972466,21182.49609375,45825
2019-05-29,21229.605468738893,21229.605468738893,20942.465727347186,21167.970703125,11962
2019-05-30,21130.058833665185,21474.333380591917,20819.488885836214,20971.177734375,26839
2019-05-31,20936.252132119113,21315.746542412217,20904.06470812985,21150.26171875,51448
2019-06-03,21136.860470331503,21474.334498043405,21082.563178092714,21403.552734375,17878
2019-06-04,21206.269888239665,21601.514999646235,20667.74918826812,20741.07421875,24518
2019-06-06,20838.418865278956,21216.93494034862,20022.736624484292,20171.58984375,39208
2019-06-07,20055.804657771507,20544.87005171654,19967.705320979545,20289.8203125,21847
2019-06-10,20398.02497907517,20517.772903985606,20210.038564729744,20356.740234375,26806
2019-06-11,20339.47267951016,20495.955736983684,20130.11014206835,20331.890625,10997
2019-06-12,20328.707722591153,20328.707722591153,19883.617501859168,20100.806640625,33923
2019-06-13,20153.589868257848,20422.630509703038,19968.490671263564,20310.3671875,30731
2019-06-14,20282.337094436774,20447.088177510293,19864.982078676865,20019.802734375,13119
2019-06-17,20019.80590655755,20054.292029641914,19426.790956806333,19558.5234375,20508
2019-06-18,19528.433392076317,20276.855392223522,19446.204040681467,20093.712890625,24799
2019-06-19,20128.6378808601,20201.473739069617,19860.08646535566,19995.634765625,19988
2019-06-20,20008.944498144923,20809.070994834245,19624.900441910373,20740.1484375,41269
2019-06-21,20647.642799827496,20843.308687530196,20532.347057658615,20695.97265625,35961
2019-06-24,20695.974490508732,20926.223962109674,20545.556326005903,20624.458984375,21987
2019-06-25,20544.917826580357,21244.423362104404,20525.400918964966,21121.3984375,21206
2019-06-26,20988.594373613956,21552.601396075952,20946.037035405636,21386.3828125,19040
2019-06-27,21337.41750361345,21621.425429988296,21181.91087270266,21413.580078125,63640
2019-06-28,21425.42044798496,21542.77033127839,21119.742097283448,21347.9375,22816
2019-07-01,21396.067106592574,21914.484313616907,20936.25222135716,21003.806640625,20072
2019-07-02,21083.004072744818,21178.977829774416,20907.002185587728,21084.86328125,18109
2019-07-03,21156.372321416075,21167.965142123627,20809.212531633573,21021.16796875,12129
2019-07-04,21153.441707600003,21300.48540451882,20886.407419006762,21137.0546875,31351
2019-07-05,21278.668800788928,21419.792845594162,20739.658871968943,20902.990234375,36173
2019-07-08,20936.250469162864,20969.269088477547,20321.125820448557,20363.927734375,18389
2019-07-09,20368.86809347052,20900.44299875198,20202.55209298274,20746.208984375,16588
2019-07-10,20642.7549596146,20949.95045996147,20514.64346033454,20740.1484375,22041
2019-07-11,20750.61344458935,21034.084419498642,20750.61344458935,20972.205078125,14155
2019-07-12,20992.505987003646,21191.645728075528,20754.282745347566,20892.080078125,17786
2019-07-15,20906.7110212105,21076.20664363122,20673.966000817334,20999.65234375,8627
2019-07-16,20936.250858715564,21203.7265205378,20838.41791077764,21094.740234375,17697
2019-07-17,21091.805557487667,21293.341433216712,20935.27283847482,21043.083984375,11653
2019-07-18,21090.9254714854,21229.750814037627,20887.041215148216,20956.796875,11027
2019-07-19,21082.024224298373,21234.251925543682,20544.921282206407,20687.5625,28283
2019-07-22,20687.562549163442,20687.562549163442,20154.665276540007,20486.171875,17265
2019-07-23,20593.493768357046,20926.46782871714,20170.02423000928,20308.84765625,18967
2019-07-24,20373.71253760433,20398.073325151403,19988.348152152044,20227.501953125,14107
2019-07-25,20058.688487471252,20833.525403145897,20058.688487471252,20730.361328125,24595
2019-07-26,20711.23672242684,21074.588702069548,20501.042999257894,20966.875,16163
2019-07-29,20966.826583761307,21011.243130489536,20507.256246626428,20638.302734375,13281
2019-07-30,20630.47338346427,20772.820323872074,20154.565768668184,20318.630859375,23220
2019-07-31,20139.786907111906,20259.689126455585,19491.383940606866,19760.583984375,46252
2019-08-01,19661.35781761674,19746.616160343783,19296.804903887314,19601.333984375,48049
2019-08-02,19598.637776406766,19695.655884305375,19172.443705469363,19600.79296875,28627
2019-08-05,19354.626173188888,19643.720589446646,19268.730449417708,19565.02734375,14878
2019-08-06,19482.019605822785,20016.059412858263,19428.610648653903,19801.93359375,36366
2019-08-07,19801.49847042297,20233.719908129624,19599.76974008662,19776.8515625,20085
2019-08-08,19796.595218823393,20127.926396014584,19171.36737121143,19707.3671875,27813
2019-08-09,19888.714368717625,20499.537290820597,19698.598054968857,19864.21484375,52782
2019-08-13,19600.109652272113,19676.058178461513,19013.05127874249,19304.400390625,94885
2019-08-14,19335.02672597169,19671.895222527834,19080.32926024311,19282.79296875,26811
2019-08-16,19441.845368989136,19441.845368989136,18825.534862056928,19085.96484375,24210
2019-08-19,19354.62601611372,19354.62601611372,18927.549502765676,19021.08984375,10896
2019-08-20,19078.12463772949,19086.01425117938,18379.545494758102,18627.970703125,42664
2019-08-21,18717.6388803891,18717.688645053986,18294.826803332107,18327.556640625,42828
2019-08-22,18298.596133882762,18413.791742742487,17944.48041084968,18069.91796875,21633
2019-08-23,18002.248682230613,18129.646196040627,17906.505316308067,18040.810546875,51752
2019-08-26,18312.90627435732,18544.18180712065,17570.22800248154,18405.171875,23442
2019-08-27,18426.09375758666,19207.088892527383,18423.643804953022,18685.103515625,24935
2019-08-28,18685.103166794433,19108.89519983909,18579.51021025597,18727.6328125,7427
2019-08-29,18727.63206513448,18826.365150486676,18031.650327348812,18149.248046875,38054
2019-08-30,18198.247962677604,18242.29734493615,17913.073479256,18201.97265625,31940
2019-09-03,18207.06650915541,18207.06650915541,17277.359325078494,17453.853515625,41193
2019-09-04,17469.13830634369,17490.79549991982,16939.65389735223,17356.587890625,35965
2019-09-05,17435.675360803194,17678.760424460077,17116.348920312525,17250.361328125,36486
2019-09-06,17297.251800961476,17600.4582971937,17157.457132182317,17512.75,19786
2019-09-09,17512.75275810097,17884.65559639309,17263.347560880036,17706.69140625,26145
2019-09-11,17834.624558379055,18201.284834473063,17562.631978657606,18120.19140625,66945
2019-09-12,18190.702015945186,18271.795443401115,17960.65147702942,18210.056640625,23415
2019-09-13,18227.64658321425,18571.619913897484,18099.611682877076,18422.123046875,15363
2019-09-16,18325.645918623628,18656.73213868521,18201.728078543463,18518.751953125,19422
2019-09-17,18683.3373066016,18683.3373066016,18087.558637879272,18319.224609375,27802
2019-09-18,18553.194946925374,18553.194946925374,18147.777585414733,18313.099609375,15362
2019-09-19,18325.642448392606,18325.642448392606,17424.060039166874,17568.21484375,21848
2019-09-20,17615.158994712994,20079.811282429444,17362.421504551217,18864.732421875,115041
2019-09-23,18996.981763735323,19919.094135320356,18996.981763735323,19519.556640625,51273
2019-09-24,19599.61868446139,19796.59485224023,19208.606291706386,19532.0,38944
2019-09-25,19741.719391691928,19741.719391691928,18791.53009357451,19067.884765625,21188
2019-09-26,19010.649428636552,19259.759807145216,18883.399291914375,18977.330078125,25103
2019-09-27,19095.95763126638,19095.95763126638,18815.633328488893,18938.326171875,12894
2019-09-30,18815.63600194525,18857.775186741274,18425.603547321596,18510.029296875,18688
2019-10-01,18536.48576964327,18747.47450519876,17982.64919117647,18221.51953125,20868
2019-10-03,18031.650261019593,18270.71585851682,17764.752820531805,17894.060546875,16230
2019-10-04,18007.834417454636,18023.31888142138,17644.116034429666,17765.388671875,25842
2019-10-07,17874.85290891947,17874.85290891947,17372.12267085611,17469.435546875,11866
2019-10-09,17578.60282621033,18168.208724271994,17378.29625916996,18112.7421875,29201
2019-10-10,17982.652759365377,18178.306364154534,17753.33718739309,17903.029296875,10771
2019-10-11,18014.939292793766,18198.245487506603,17944.43043197272,18006.708984375,13627
2019-10-14,18031.6519585418,18445.301591589974,17983.730500694695,18321.333984375,8088
2019-10-15,18374.643025741872,18483.371147796068,18140.477340631944,18212.701171875,37879
2019-10-16,18325.54394305425,18399.140120732165,18130.625372765156,18223.576171875,21922
2019-10-17,18276.64792425671,18325.597215687565,17394.66491450706,17826.19921875,40037
2019-10-18,17937.570992652472,18419.623996266404,17855.350209591543,18305.798828125,22362
2019-10-22,19011.63059959946,19905.81345979369,18872.718298697746,19124.916015625,115473
2019-10-23,19236.832484975293,19587.71354611481,19071.41092066982,19369.275390625,25321
2019-10-24,19490.35159631056,20039.63093209416,19395.685817051944,19898.513671875,28488
2019-10-25,19874.016080809208,20049.33507687155,19624.120908195484,19727.75390625,13730
2019-10-27,19990.63017252794,19990.63017252794,19600.402547790414,19789.146484375,2434
2019-10-29,19727.016056661894,19993.325873522197,19667.139604838925,19933.841796875,15432
2019-10-30,20187.610035385347,20187.610035385347,19668.22006845553,19841.626953125,20701
2019-10-31,19889.692099260068,19985.730226266744,19406.266761686802,19504.609375,37267
2019-11-01,19553.17041822739,19893.61623352144,19406.5656291835,19603.19921875,17769
2019-11-04,19514.018337476402,19932.812819891627,19514.018337476402,19703.9375,31973
2019-11-05,19794.63410897029,19794.63410897029,19395.341658693444,19432.3359375,17968
2019-11-06,19433.02296423634,19514.459001417552,19208.60731830542,19404.603515625,18853
2019-11-07,19550.619465378353,19754.11288738069,19475.70068922764,19639.552734375,24010
2019-11-08,19697.51958765464,19762.29594599956,19316.40461130603,19585.849609375,22206
2019-11-11,19472.221722138154,19567.279875487293,19219.926388988115,19387.943359375,9335
2019-11-13,19428.120841322398,19862.98735447936,19305.62323198241,19349.134765625,15764
2019-11-14,19354.675053204348,19577.276212327917,19158.67884775075,19276.716796875,18505
2019-11-15,19397.154576057696,19403.62206727508,18980.320077735698,19140.7421875,31867
2019-11-18,19349.72276543136,19691.736097674235,19185.526200917866,19471.53515625,22159
2019-11-19,19501.620474366042,19676.00731495762,19294.159277442308,19606.283203125,27681
2019-11-20,19602.95513070121,20266.009987626647,19602.95513070121,19883.767578125,46837
2019-11-21,19883.812824045996,20163.05762098947,19811.881841867616,19888.41796875,23206
2019-11-22,19893.614096887137,20128.8095344858,19855.052227735927,19891.359375,17906
2019-11-25,19990.635980814724,20247.243668580508,19860.88609049157,20167.767578125,20819
2019-11-26,20270.9064774127,20805.926325355544,20177.808284743896,20618.65234375,89725
2019-11-27,20675.63754589232,20965.369289036884,20424.712664554398,20910.783203125,24877
2019-11-28,20812.640447732017,21008.831870783655,20681.518229359936,20761.2890625,15537
2019-11-29,20804.998475382024,20872.812400986895,20496.49966360834,20576.22265625,18164
2019-12-02,20677.548961617158,20677.548961617158,20373.559626521568,20499.2421875,16202
2019-12-03,20491.403085703343,20666.819687919553,19913.214285102436,20110.240234375,17516
2019-12-04,20187.460529418422,20187.460529418422,19786.69807878893,20027.67578125,18011
2019-12-05,20016.112118146695,20104.850164163134,19730.00742804607,19984.3125,17546
2019-12-06,20079.80998856676,20166.538304037145,19834.667367175072,19898.21875,15533
2019-12-09,19883.86671992644,20097.15807980068,19803.508267963334,19914.34375,11876
2019-12-10,19923.014079546138,19926.199017852017,19550.621293012566,19704.0859375,28297
2019-12-11,19763.372399368254,19878.862765475013,19441.056298980777,19569.826171875,18120
2019-12-12,19586.88031814759,19795.616271905805,19503.77716343557,19683.8984375,12362
2019-12-13,19806.88294990388,20059.865389138045,19698.595065978177,19975.83203125,22287
2019-12-16,19975.83218510506,20016.109015545517,19836.919898546745,19895.71875,13208
2019-12-17,19981.81037877872,20305.20407299142,19815.948612883265,20183.5390625,21035
2019-12-18,20099.40868679074,20226.806206502235,19730.20087485761,19931.63671875,21054
2019-12-19,19940.654641588517,20001.41346740818,19748.578353513454,19909.98046875,6684
2019-12-20,19949.227723649165,20278.796091330514,19810.462800318983,20141.84375,33192
2019-12-23,20128.759274273794,20195.152984711363,19852.062031365982,19892.291015625,18322
2019-12-24,19971.032445059598,19971.032445059598,19711.387249321368,19863.529296875,5527
2019-12-26,19892.583722829197,20020.27600740181,19785.27580781467,19927.373046875,14566
2019-12-27,19981.714864662277,20226.80772860743,19874.014570550324,20095.587890625,7982
2019-12-30,20177.807334656358,20235.626209486116,19866.41839436558,20087.01171875,10649
2019-12-31,20078.826661834035,20108.666311659283,19923.352324716965,19956.279296875,7138
2020-01-01,19967.109843346498,20078.827660384115,19880.921293092866,19913.11328125,4879
2020-01-02,19913.211614057065,20853.895649831262,19913.211614057065,20807.1015625,31788
2020-01-03,20775.59586159145,20970.562303371134,20530.60062737457,20699.40234375,19053
2020-01-06,20701.904127927362,20795.147792160893,20179.181861201003,20642.712890625,25717
2020-01-07,20674.80338044409,21608.57775092567,20531.578796355723,21523.466796875,83884
2020-01-08,21411.607205986867,22237.38866857252,21275.684592061643,21992.05078125,68506
2020-01-09,22070.93480756693,22500.21429644896,21880.27875606217,22357.82421875,40252
2020-01-10,22408.73937037584,22940.869144417084,22268.749443380264,22878.052734375,41458
2020-01-13,22804.155601181916,23777.326402019913,22762.066187029606,23352.16015625,55253
2020-01-14,23196.151431020535,23343.343818977693,22955.81107874095,23088.353515625,22816
2020-01-15,23196.148694487078,23323.54621583407,22884.024767186944,23253.52734375,24055
2020-01-16,23274.550489458416,23617.54386509254,22603.900824791486,22824.591796875,59132
2020-01-17,22867.854943635364,23173.021387269557,22740.457423058007,22858.9375,32537
2020-01-20,22866.09186181164,23038.178056317538,22578.71243408671,22669.998046875,26423
2020-01-21,22696.45783473425,22930.280921201964,22374.48622191908,22493.994140625,29652
2020-01-22,22500.361629421575,22833.505373215754,22428.823023195626,22555.92578125,28102
2020-01-23,22555.927903466592,22735.559186268256,22452.442292734173,22617.03125,15181
2020-01-24,22550.44016128037,22835.51701388804,22412.165226487832,22671.517578125,31218
2020-01-27,22637.462883833425,23290.227827801846,22500.51054271858,23126.03125,35307
2020-01-28,23088.352602966897,23509.74443740135,22895.346108595975,22972.71484375,13422
2020-01-29,23067.868708501814,23303.94649715908,22741.53505906725,23035.626953125,13788
2020-01-30,22958.30953976526,23175.570560841163,22813.172823122295,23015.1484375,18380
2020-01-31,23154.308797685888,23208.89298073192,22370.666508363753,22546.328125,26041
2020-02-03,21967.348975817848,22886.47342406925,21961.42123992123,22801.705078125,19173
2020-02-04,22931.554828790275,24165.645636960053,22836.69190474309,23995.2265625,46295
2020-02-05,23923.34801189725,24783.72163987043,23923.34801189725,24395.109375,65213
2020-02-06,24546.564799037238,24768.970727819487,24254.775447835014,24511.970703125,35930
2020-02-07,24519.172940824697,24847.41679183558,24205.529274633755,24419.3125,15201
2020-02-10,24499.523292175145,24645.78544622943,24323.61671493733,24461.94140625,33336
2020-02-11,24548.52228575009,24735.158888176757,24199.943834711834,24316.70703125,9352
2020-02-12,24480.903906210573,24642.600761601658,23951.714197657922,24195.6796875,15946
2020-02-13,24205.529377964416,24394.860931213523,23966.708786918258,24123.30859375,15155
2020-02-14,24254.529255508573,24414.315919911063,23694.6175053789,23944.462890625,44419
2020-02-17,23833.13986696213,23956.12749250916,23475.44677274169,23547.03515625,14630
2020-02-18,23519.54665173643,23519.54665173643,22834.294860226983,23301.255859375,39818
2020-02-19,24352.526147549754,24695.421858283484,23830.00108048889,24042.1171875,156489
2020-02-20,23911.53486763468,24295.344784493387,23784.774716213153,23918.787109375,32057
2020-02-24,23724.464162152093,24193.144997016483,23314.996430471198,23460.24609375,29338
2020-02-25,23460.246627805172,23625.038522349612,23112.20693098511,23204.7421875,38362
2020-02-26,23122.837741332867,23229.598987278354,22792.31952095336,23099.5078125,34970
2020-02-27,23182.048180999616,23554.454097932277,22776.2720482877,23441.4921875,80008
2020-02-28,23035.37206808755,23359.24546169442,22113.9071954073,22317.681640625,91009
2020-03-02,22454.568213750976,23062.88837530538,22445.06819820611,22682.953125,58063
2020-03-03,22936.87933432541,23473.3869086487,22690.824932388598,23225.51171875,28737
2020-03-04,23428.153980172458,23524.134694196862,22445.705235594443,22893.615234375,44423
2020-03-05,22920.193979810487,23213.846506142105,22642.588228734312,22706.771484375,43550
2020-03-06,22444.624238474953,22936.931117975415,22151.36583762587,22750.333984375,34236
2020-03-09,22642.09784521582,22642.540064075904,21373.67572075937,21519.517578125,62959
2020-03-11,21440.614646193742,21956.399462235662,21241.958411754713,21553.724609375,50666
2020-03-12,20678.821745854693,21204.352635907093,19814.50319365755,19957.587890625,81474
2020-03-13,18802.869833061985,21276.21924567256,17966.1148079002,20976.16796875,65294
2020-03-16,20087.040604027432,21054.723079585332,18260.9460036613,19843.939453125,124718
2020-03-17,19594.881649529412,20471.947711254405,19048.47991021219,19693.765625,61210
2020-03-18,19982.692388886495,20279.002079465085,17817.95813778243,18993.302734375,447921
2020-03-19,17709.67430750139,19154.7994816766,16144.352117478244,17455.15234375,130151
2020-03-20,17114.09978169519,18887.33195351906,16761.4321804992,18609.0859375,109690
2020-03-23,16846.337005783458,17306.009997289904,15817.768745402902,16695.130859375,64085
2020-03-24,17128.863529704064,17896.75912615638,16125.200916702419,16715.408203125,73476
2020-03-25,16538.21502300976,17667.68612696274,16293.53726917348,17166.51953125,43063
2020-03-26,17178.08621006948,17768.73673878247,16841.02125714583,17280.515625,68024
2020-03-27,17522.63461402392,18280.24207212356,16573.705965336834,17390.96875,56733
2020-03-30,16735.099614229122,17325.75018884897,15849.764008293318,16671.5546875,61908
2020-03-31,17004.975919680444,17440.826767229195,16653.390825482198,17272.93359375,51027
2020-04-01,17227.31158406976,17272.890897508598,16242.893779265776,16291.7705078125,48939
2020-04-03,16401.57802600827,16438.247582229724,15169.875473090331,15537.8505859375,77720
2020-04-07,15839.27840326692,16587.435742389534,15634.667599730506,16375.34375,92287
2020-04-08,16096.360677121764,16765.616616751224,15670.747138993887,15813.6357421875,122750
2020-04-09,15955.440511302551,16744.943429001505,15883.57802627509,16671.408203125,92983
2020-04-13,16636.654462104612,17523.910655245512,15969.514581730953,17031.50390625,86675
2020-04-15,17118.089101883103,18258.190904777864,17097.36634055272,17855.91015625,125808
2020-04-16,17768.9325672563,19047.444836957566,17277.758208734846,18633.94140625,112627
2020-04-17,19097.7029371792,19424.23351162157,18492.680217326102,18651.515625,74780
2020-04-20,18728.544562111438,19037.601693969493,18636.35347070122,18700.8828125,48069
2020-04-21,18605.490527860205,18703.932276684864,17953.017847574214,18535.0546875,43173
2020-04-22,18544.90107106166,19314.27341970841,18321.930483418237,18917.701171875,70880
2020-04-23,18753.155203475162,18876.207402973032,18311.201692834864,18416.23828125,41912
2020-04-24,18447.001759209583,18632.368365911076,18096.106868054765,18297.8125,34410
2020-04-27,18364.31206629465,18900.819709078387,18364.31206629465,18725.4453125,37871
2020-04-28,18782.687245434237,19092.728790191843,18507.100315644675,18571.923828125,29420
2020-04-29,18702.95083682584,18950.039665713848,18655.0585338598,18872.712890625,25467
2020-04-30,18999.257852233415,19580.064180358684,18820.536085070555,19459.8671875,53649
2020-05-04,18875.222592701342,19003.83713347897,18251.101849832216,18334.77734375,35572
2020-05-05,18384.48937371072,18605.34305953176,17965.619719430302,18223.537109375,43081
2020-05-06,18334.728624824395,18635.02599612562,18234.910213901043,18449.857421875,31793
2020-05-07,18449.85694028676,18589.93841372101,17760.81267491762,18145.1796875,44718
2020-05-08,18388.919631060577,18585.26094016505,18162.601654275106,18440.84765625,37689
2020-05-11,18801.39301728579,18998.276550636077,18519.60346017819,18620.162109375,86212
2020-05-12,18551.59463446605,18932.31811783081,18129.525614446295,18829.150390625,45807
2020-05-13,19230.54770982695,19993.47134521634,19139.489082377248,19455.291015625,97463
2020-05-14,19393.029139902075,19618.312751235302,18866.463715418035,19009.89453125,76779
2020-05-15,19205.886637330215,19258.70101873461,18518.369096940496,18881.619140625,52718
2020-05-18,18900.81928673228,18939.653794784183,17719.51808131151,17869.837890625,66740
2020-05-19,18014.840065411037,18526.737160165885,17793.346130180573,18054.955078125,68436
2020-05-20,18065.09517353184,19836.454449685934,18065.09517353184,19109.16796875,95883
2020-05-21,18857.504152805803,19048.08702176439,18457.83059433644,18951.171875,83398
2020-05-22,18722.63783729486,19767.05489320827,18510.19975577906,19600.0,97537
2020-05-26,19501.408143964738,20436.456693596527,19393.024165022154,20345.251953125,115382
2020-05-27,20380.149032319692,20574.3253807094,19983.674891311046,20158.458984375,81015
2020-05-28,20327.23773556181,20833.5725115296,19945.087616510493,20484.646484375,77639
2020-05-29,20525.10595154687,20721.005044321824,20287.76326438627,20532.29296875,76672
2020-06-01,20532.2944591383,21130.22818525025,20530.52173834047,20741.0390625,74696
2020-06-02,20849.96394996109,21007.47075978138,20626.15700192018,20870.63671875,42170
2020-06-03,21208.29281028471,21401.23866021118,20919.85845299668,21293.05078125,49111
2020-06-04,21274.249772502906,21528.721734290513,20739.12072405171,21063.240234375,43072
2020-06-05,21164.978392776226,22080.486760463755,21164.978392776226,21745.390625,55227
2020-06-08,21773.10282572346,21949.067475387106,20672.770030414154,20850.8515625,73282
2020-06-09,21200.365756493444,21248.652205007,20582.989845937453,20682.416015625,64086
2020-06-10,20841.155336576747,21274.299087581076,20820.284529504872,21178.072265625,49867
2020-06-11,21310.670373565314,21310.670373565314,20874.0812054816,20920.052734375,49993
2020-06-12,20377.445750938266,22776.71771501915,20377.445750938266,22043.720703125,147217
2020-06-15,21913.13498231019,22012.61114626343,21411.082024494455,21772.609375,99776
2020-06-16,21944.341305244827,22188.72297734477,21460.30393465728,21766.75390625,70316
2020-06-17,21635.528641978093,21735.44702204729,21179.054998856405,21298.267578125,70852
2020-06-18,21379.581186559568,21656.152538966147,21076.38056930842,21525.373046875,83639
2020-06-19,21499.67989180172,21588.27747377343,21230.391694410362,21341.138671875,64309
2020-06-22,21371.70718719249,21854.021845862168,21194.562000104095,21674.513671875,97692
2020-06-23,21755.6302097638,22585.592351463296,21706.409326936282,22401.654296875,56193
2020-06-24,22395.5000121171,22708.544803495264,21982.044627278014,22214.61328125,67022
2020-06-25,22144.474029902576,22266.639870174895,21547.916961126364,21724.916015625,47016
2020-06-26,21766.458559594514,22346.280552792523,21522.717135107483,22172.875,56262
2020-06-29,22100.175687236333,22133.497839313473,21585.915535258897,21993.80859375,49397
2020-06-30,22005.524186268434,22966.463863581328,21993.809231649848,22691.861328125,102429
2020-07-01,22458.84862866125,22853.25594818279,22165.936307910764,22310.349609375,71638
2020-07-02,22493.94277133477,22592.384534010194,22160.225195865074,22408.150390625,42084
2020-07-03,22626.83917029729,22629.350204323935,22383.245797424897,22516.240234375,31513
2020-07-06,22522.48857123806,22853.252859884244,22494.678776136112,22751.021484375,84877
2020-07-07,22712.96910522124,22727.883412478695,22302.959282604505,22468.439453125,41646
2020-07-08,22543.162974757637,22690.825614330286,21997.745635979885,22090.134765625,57101
2020-07-09,22269.495766798744,22557.93013421418,22031.46281328201,22448.265625,48256
2020-07-10,22443.7366900141,22443.7366900141,21836.547149921553,21947.984375,44546
2020-07-13,22110.02118295762,22275.255306681236,21903.29346931465,21963.5390625,52261
2020-07-14,22039.141789672074,22045.8365985987,21372.14885874158,21741.6015625,61251
2020-07-15,21756.612532797604,21926.916770984746,21411.081968614446,21502.87890625,48201
2020-07-16,21688.590140668693,21688.590140668693,20918.873647655204,21392.4765625,42359
2020-07-17,21392.476654921058,22050.953963852986,21269.32639924141,21922.9296875,38076
2020-07-20,21977.173196892054,22050.856470675943,21664.37450040813,21919.140625,38325
2020-07-21,22144.473012004528,22454.56454340179,21913.282932578677,22091.068359375,73590
2020-07-22,22149.396391053506,22183.752950438204,21577.74584971711,21636.95703125,44685
2020-07-23,21679.830352155,21784.620844077966,21165.96432827883,21232.068359375,69557
2020-07-24,21211.34350664922,21263.41958080885,20830.27584860719,21000.333984375,58308
2020-07-27,21115.708082604964,21253.576540168993,20688.470833024912,20784.845703125,61731
2020-07-28,20817.480855217567,21676.87749713391,20781.057400749174,21574.251953125,96902
2020-07-29,21358.514414313446,21854.070616341032,21287.046081430562,21404.83203125,65343
2020-07-30,21504.600765124826,21681.795919060394,20968.093215708803,21061.7109375,51697
2020-07-31,21062.106100389985,21548.900588326364,21017.315100994423,21372.837890625,50697
2020-08-03,21332.378732669327,21523.35574125662,21155.13358010783,21408.375,29527
2020-08-04,21361.85998552822,21599.054615692272,20993.58977925589,21257.265625,52275
2020-08-05,21453.759018443867,21804.851974389065,21116.842061864423,21759.470703125,84442
2020-08-06,21775.317302965927,21819.616094947545,21194.51091920689,21384.35546875,56603
2020-08-07,21558.74526685797,21730.181975059262,21284.388853017626,21568.6875,41429
2020-08-10,21854.068224028397,22198.614344677495,21597.677458467253,22047.408203125,125347
2020-08-11,21578.433256884662,21647.2924972208,20989.751546683157,21215.7734375,188583
2020-08-12,21229.947801557046,21297.576514719905,20938.5602216043,21045.763671875,72527
2020-08-13,21232.9047924907,21307.178336854675,20774.46225117418,20906.078125,66877
2020-08-14,21061.61254585576,21361.859885256836,20871.177748351158,21123.876953125,78902
2020-08-17,21263.417769694715,21312.54058695075,21067.51868931651,21177.52734375,34712
2020-08-18,21177.526712365518,21607.963246745447,21177.526712365518,21572.8203125,76377
2020-08-19,21802.880586709663,21827.787120588306,21509.574137490334,21737.220703125,47993
2020-08-20,21631.59233872402,21889.95196872386,21448.686779598847,21736.13671875,37684
2020-08-21,21814.69444864514,22117.698961010796,21755.92548583584,21969.986328125,34259
2020-08-24,21969.98698531486,22191.7270607455,21810.757430593858,21864.654296875,37878
2020-08-25,21913.330457945594,22111.74058133156,21312.639646769654,21470.884765625,64964
2020-08-26,21607.96566399358,21656.202124929143,21263.46950440855,21372.345703125,38074
2020-08-27,21372.34723535996,21414.333032273484,21125.602569183156,21192.54296875,40826
2020-08-28,21307.719315009163,21460.30404560867,20920.350982809756,20997.185546875,52818
2020-08-31,21144.206752960097,21214.19845706688,19698.195411875095,19966.94140625,114635
2020-09-01,20130.354323292933,20278.951382232823,19663.740408224185,20147.6796875,74777
2020-09-02,20278.014777420245,20425.08712699285,20131.336579360355,20243.166015625,49617
2020-09-03,20219.934399322043,20524.119391015833,19935.141662294405,20110.6640625,50370
2020-09-04,19983.67654824161,20180.560061032167,19639.130400858136,19713.2578125,64481
2020-09-07,19786.79198173143,19805.643961615297,19330.072246333762,19474.681640625,59728
2020-09-08,19474.684633627683,19884.252371320646,18971.795255113746,19054.240234375,65858
2020-09-09,18999.257406804885,19261.11245707484,18770.92254088061,19099.17578125,83567
2020-09-10,19196.141943316336,19442.246327205008,19017.962369380937,19337.2578125,44713
2020-09-11,19427.97083126362,19427.97083126362,19063.34221861377,19198.6015625,61263
2020-09-14,19208.251087041932,19673.584487966313,19196.14198225385,19481.130859375,60868
2020-09-15,19470.79446440753,19833.946478346505,19294.583725283763,19752.583984375,71895
2020-09-16,19752.585466398254,20173.2278805969,19635.341713482423,20070.158203125,51068
2020-09-17,20057.507425958185,20057.507425958185,19487.47967896782,19578.490234375,65445
2020-09-18,19604.678134748265,19795.212946153504,19097.210819736327,19216.767578125,82189
2020-09-21,19216.76654717011,19294.58552982458,18416.140843059708,18609.134765625,35929
2020-09-22,18777.762901154376,18888.213770217666,18136.90713975718,18686.654296875,71503
2020-09-23,18689.661194534216,18817.43937389996,18247.95376640803,18656.53515625,45567
2020-09-24,18507.051948668726,18553.22152131286,17900.208453183484,18056.138671875,64615
2020-09-25,18104.91439435958,18851.595065763315,18078.385111894117,18712.25,55983
2020-09-28,18900.81631057298,19348.726280432915,18782.686208631898,19228.775390625,40663
2020-09-29,19293.59974263789,19658.818657098764,19049.858339519633,19525.578125,90411
2020-09-30,19550.531171883722,20215.01297153234,19355.46846349324,19941.294921875,121119
2020-10-01,20082.117975534908,20338.016548014595,20008.286659448382,20289.830078125,71915
2020-10-05,20279.00317458716,20396.19886249521,19688.352596686564,19818.099609375,63076
2020-10-06,19840.93458087817,20127.842290273693,19689.334286883863,19980.671875,58671
2020-10-07,20008.288171394088,20475.886541943273,19784.775381195308,20389.75,78989
2020-10-08,20398.311523576394,20525.10526908704,20170.71496228266,20412.439453125,63457
2020-10-09,20475.88538104111,20918.873285919402,20364.15398725514,20868.17578125,90353
2020-10-12,20835.197950085945,21064.51725483313,20520.23431641566,20629.552734375,56254
2020-10-13,20624.53516616011,21361.864021081303,20525.10897878088,20759.400390625,115699
2020-10-14,20759.400694593518,20987.785603600805,20329.60430640504,20806.5546875,69326
2020-10-15,20928.717708825345,20928.717708825345,20185.67855185535,20320.59375,55002
2020-10-16,20456.19713038652,20992.262487881995,20328.222846125198,20847.453125,85124
2020-10-19,20869.650637076615,21066.53413365281,20694.52238233401,20773.423828125,48532
2020-10-20,20866.69857802681,21214.19796935782,20771.30813394204,20854.689453125,70614
2020-10-21,20918.87154214446,21093.063446921595,20357.901623233553,20817.96875,57076
2020-10-22,20869.65260635947,20958.25018817892,20576.000074430547,20664.59765625,51638
2020-10-23,20835.199737237563,20940.82852104599,19941.39849348963,20201.3828125,78234
2020-10-26,20343.67823780554,20485.484363629515,19799.689450953254,20106.43359375,65851
2020-10-27,20228.30458204166,21755.628452836976,20106.48290688154,21395.67578125,239232
2020-10-28,21224.23696901388,21448.488039883938,20900.363618310657,21028.337890625,80646
2020-10-29,20967.112762627152,21460.25604437189,20776.185717237477,21339.22265625,71428
2020-10-30,21399.27022338739,21706.408520824913,21184.617192271853,21356.498046875,86132
2020-11-02,21356.497845307647,21557.319037890633,21176.88969862088,21333.658203125,46682
2020-11-03,21481.467982145183,21657.13652825874,21333.657299620263,21535.216796875,49230
2020-11-04,21535.217291237426,21733.037159885418,21386.71828208148,21568.93359375,61879
2020-11-05,21706.406405158075,21980.22252400886,21470.146199387647,21892.85546875,82737
2020-11-06,21809.770756101098,22030.182229435908,21617.809334415713,21709.41015625,58031
2020-11-09,21932.821352308,22383.142357361707,21716.05339329716,22252.4609375,67025
2020-11-10,22277.370137029695,22868.02069302695,22277.370137029695,22408.1015625,112826
2020-11-11,22457.516054066786,22769.576396377714,22080.484157836236,22511.216796875,82845
2020-11-12,22759.732036871217,23255.878444595397,22523.471842716845,23076.3203125,178595
2020-11-13,23162.853612549938,23276.74995828583,22843.70619993134,23070.318359375,73676
2020-11-14,23133.810494981433,23232.25224176859,22917.680870834087,22999.19140625,7626
2020-11-17,23159.211873444376,23719.541590923596,23035.37137279984,23615.931640625,87042
2020-11-18,23615.930213367094,23758.620763893134,23385.822617940943,23694.19140625,57487
2020-11-19,23626.024607163243,23908.552484757234,23137.35928033359,23292.947265625,67099
2020-11-20,23456.016666697335,23636.8034394149,23262.086379512828,23575.5234375,50600
2020-11-23,23626.021995118404,24215.63813745784,23613.224566537716,24084.072265625,65833
2020-11-24,24167.449361130028,24304.185334925176,23692.12376098291,23865.775390625,66479
2020-11-25,24196.985634986475,24311.128091474744,23180.132200984674,23329.517578125,83059
2020-11-26,23575.814073035577,24216.669848289082,23330.694122132165,24001.23046875,74560
2020-11-27,24092.339552314523,24146.82860305351,22987.134713786447,23927.59765625,190961
2020-12-01,25156.791609742602,25255.725577920224,24166.86166194822,24520.267578125,95268
2020-12-02,24413.555024236775,24653.45680997535,23822.90449945685,24251.814453125,77649
2020-12-03,24398.790200273113,24650.406954132803,24317.427701147433,24517.068359375,57012
2020-12-04,24562.2023986116,24940.218739482378,24433.539793334137,24524.646484375,63298
2020-12-07,24610.43984964613,24698.053015510868,24338.740593706036,24565.3046875,39743
2020-12-08,24561.218355208723,24895.87033883202,24350.06078658378,24389.68359375,59029
2020-12-09,24502.151971807984,24560.428719675594,23971.550930714995,24040.1640625,67836
2020-12-10,24040.16331306622,24118.1783987726,23318.291124743704,23387.888671875,83757
2020-12-11,23409.450107317265,23584.676436968337,23217.538668722285,23434.060546875,54705
2020-12-14,23438.981456583304,23612.927265557435,23283.443486396824,23352.548828125,35173
2020-12-15,23379.91813583206,23945.958259120627,23352.550557316812,23881.626953125,75628
2020-12-16,24008.960211772985,24107.303911951596,23769.450646947673,23881.083984375,53857
2020-12-17,24003.74383351389,24511.015016584555,23936.115110175248,24128.470703125,75262
2020-12-18,24118.22965384217,24346.664512354047,23923.11886710647,24191.470703125,106488
2020-12-21,24167.45145906899,24167.45145906899,22886.87224154886,23347.923828125,55774
2020-12-22,23347.92431535236,23695.177622076953,23024.5931252686,23544.01953125,47637
2020-12-23,23544.019718309122,23862.28269845846,23459.557841579946,23522.068359375,30687
2020-12-24,23813.058392877752,23881.917625231203,23187.066944593054,23455.46875,47939
2020-12-28,23626.020703385388,23734.25664165658,23203.755573265036,23346.00390625,58822
2020-12-29,23502.968697271917,23534.223954073525,23311.00727754551,23468.169921875,30966
2020-12-30,23500.31311611489,24316.6894807706,23379.918074176665,24216.623046875,57743
2020-12-31,23981.396830746893,24151.45496885746,23494.110125307063,23639.015625,85988
2021-01-01,23675.24332206814,23898.213908864334,23493.126065744542,23577.09765625,50972
2021-01-04,23763.8396458172,23847.515137527822,23490.17156704598,23659.6875,39942
2021-01-05,23821.921127523357,23821.921127523357,23331.731160393545,23523.150390625,47363
2021-01-06,23708.714137856237,24558.660701875568,23478.360413048966,24437.52734375,73142
2021-01-07,24329.880745023416,24807.32327633381,24275.589730378557,24612.556640625,73979
2021-01-08,24571.061750948305,25574.675431040123,24571.061750948305,25411.1640625,76285
2021-01-11,25397.97350674278,25545.63614340989,25004.20647563049,25170.869140625,58276
2021-01-12,25150.886179737452,25486.572593581066,24827.997195160602,24973.7890625,47467
2021-01-13,25186.324075031454,25201.090338901908,24184.67917581924,24341.103515625,71497
2021-01-14,24415.524665083092,24525.631386173132,24093.620118454506,24468.2890625,34671
2021-01-15,24334.802897887064,24457.55900265251,23835.555131081004,24033.375,35232
2021-01-18,24019.791585531824,24019.791585531824,23242.101612065835,23475.310546875,41808
2021-01-19,23430.120175381802,24093.469502208,23418.307165755963,23994.68359375,38386
2021-01-20,24088.699792649033,24088.699792649033,23464.23484357594,23606.28515625,48477
2021-01-21,23699.853046262357,23921.150885527568,23234.22353469924,23349.400390625,51819
2021-01-22,23428.155649491135,23765.81090339993,23244.511767829754,23325.087890625,52209
2021-01-25,23675.243218360996,23675.243218360996,22799.89985979622,22893.271484375,55464
2021-01-27,22907.397268832727,23034.929336412504,22390.77414966266,22464.60546875,62620
2021-01-28,22390.577216323403,22828.494979715895,22317.386155883112,22746.248046875,41756
2021-01-29,22887.7093650876,22931.565938560183,22179.91310558231,22418.486328125,58005
2021-02-01,22740.043750268076,24305.709759660054,22358.03977871177,24161.1484375,112280
2021-02-02,24161.15120628126,26234.728804875263,23823.44790524225,26020.66796875,188876
2021-02-03,25988.621137079328,26164.831863728465,25330.095841396032,25589.341796875,110699
2021-02-04,25585.015509071276,26903.396887313822,25208.573803614734,26668.859375,135104
2021-02-05,26690.022060028947,26861.75294050077,26199.339878590803,26306.443359375,63260
2021-02-08,26487.871277554288,27846.711669061762,26333.2196637465,27585.544921875,183938
2021-02-09,26933.76184079612,28153.455167837656,26933.76184079612,27726.908203125,137375
2021-02-10,27804.87487678098,28150.40545145792,27419.03317080131,27852.865234375,86564
2021-02-11,27827.515494999734,28055.900368172224,27573.781869740214,27902.52734375,54109
2021-02-12,27760.57598151764,28031.290818216836,27366.808946318804,27530.07421875,57620
2021-02-15,27745.758218294617,28390.601693307042,27663.461296953366,28206.76171875,61303
2021-02-16,28206.762539485226,28636.706910162906,27983.1517054922,28151.783203125,70319
2021-02-17,28124.221414944663,28391.046659864758,27711.40626646142,27828.009765625,41156
2021-02-18,28134.653590376405,28134.653590376405,26932.285609782117,27192.91015625,63910
2021-02-19,27219.096375306854,27423.36302524508,26336.467948593818,27113.271484375,50262
2021-02-22,27184.69185066308,27317.588225815696,26508.200849332818,26668.708984375,28369
2021-02-23,26741.704524277942,27103.035779112946,26352.85956616678,26835.568359375,46471
2021-02-24,26887.644082913073,27415.98024112667,26087.06646763737,27123.658203125,17368
2021-02-25,27123.657086043044,27445.463571602002,26813.861648354927,27023.1484375,52154
2021-02-26,27023.148589996636,27288.547181673934,25762.10968594641,26088.73828125,76766
2021-03-01,26186.000878721057,27398.80338553801,26186.000878721057,27275.208984375,58805
2021-03-02,27278.211166645953,27366.80874892665,26854.961596815676,27227.759765625,39347
2021-03-03,27322.99865161896,27720.753293087473,27121.43917785992,27263.6875,40649
2021-03-04,27022.26372915798,28400.44840022615,26909.10569256333,28229.75,83170
2021-03-05,27859.51105394592,28444.599286036915,27308.679401661386,27414.65234375,65557
2021-03-08,27465.251977441072,28043.055138406336,26671.023061576285,26761.443359375,57156
2021-03-09,27017.339992904916,27544.003388649282,26728.757600025758,26887.544921875,59204
2021-03-10,27109.777021263162,27262.31175251051,26874.59928256372,27126.4140625,29812
2021-03-12,27443.59345387434,27544.00404761475,27111.844727496707,27269.84375,43864
2021-03-15,27378.132922542798,27416.033004074463,26584.298103014124,27213.78515625,32587
2021-03-16,27460.32717947221,27512.74741328855,26924.902096855065,27003.361328125,38175
2021-03-17,27003.655512659396,27120.703142338112,26294.67877164079,26423.931640625,38409
2021-03-18,26702.32325707709,26845.013796982097,26037.84148017287,26181.07421875,38464
2021-03-19,26042.767746140944,26695.68272280426,25693.29949628723,26516.9609375,74153
2021-03-22,26480.829717092693,26790.08484719302,26203.223992920943,26534.48046875,45373
2021-03-23,26531.038869066353,28055.901739022338,26531.038869066353,27871.02734375,123156
2021-03-24,27733.010614325383,27948.253891481054,27287.95583420579,27370.056640625,63069
2021-03-25,27465.251506978297,27701.461745038214,26840.096330392837,27150.58203125,64357
2021-03-26,27377.340515210384,27878.655154864293,27241.836976979186,27678.080078125,74139
2021-03-30,28055.901617026124,29040.31921762353,27860.790817663965,28641.087890625,94570
2021-03-31,28641.08889032297,29197.827052849658,28307.913510847768,29006.259765625,82764
2021-04-01,29109.227093421374,29807.671348503638,28986.569050639893,29485.224609375,52771
2021-04-05,29434.082104432073,30151.13216806273,29187.9777390104,29885.19140625,124392
2021-04-06,29901.684545283144,30024.736745057973,29542.716283561895,29644.849609375,52886
2021-04-07,29670.346145355245,30104.178207939854,29486.260056132236,29759.583984375,40554
2021-04-08,29788.475355183204,31548.6139518477,29788.475355183204,31090.515625,148094
2021-04-09,31188.711622480554,31491.51808265089,30635.07479625182,31254.02734375,146698
2021-04-12,30713.830475496008,31006.596667194808,29294.152186463103,29415.43359375,114698
2021-04-13,29729.408225218693,30221.518913458323,29640.810651037576,29883.02734375,91665
2021-04-15,30122.19454859434,30414.616569693866,29054.101438191225,29833.169921875,72414
2021-04-16,29965.66895027966,30505.91804786811,29587.80067428671,30340.830078125,58345
2021-04-19,29533.561246475587,30015.187538340957,29096.725953649304,29589.376953125,52945
2021-04-20,29945.981515831325,30178.107940444446,28598.313905865085,28863.810546875,72618
2021-04-22,28744.992911845988,28744.992911845988,27645.742652821136,28077.5078125,83043
2021-04-23,28054.915942863678,28226.548759302386,27490.844682985757,27668.3359375,70968
2021-04-26,27808.814193866656,28000.923682795506,27515.507724135816,27625.318359375,40346
2021-04-27,27746.497484169988,27883.62762050256,27529.237295934832,27660.70703125,31369
2021-04-28,27740.889303981352,28332.52431007407,27667.156037652287,28240.53125,33961
2021-04-29,28253.820299059673,28597.33206088341,27809.207693340886,28001.119140625,47589
2021-04-30,27898.395256993335,27989.305839356522,27374.833132094915,27475.587890625,32147
2021-05-03,27071.482665695705,27642.987044283538,26901.768695282473,27553.69921875,38741
2021-05-04,27673.30746054153,27673.455507720435,27102.00108791958,27320.837890625,41857
2021-05-05,27416.03070376951,27607.40187354329,27281.46158425672,27410.3203125,24250
2021-05-06,27411.10931506336,27510.78160158339,27071.485227661786,27304.00390625,33337
2021-05-07,27413.07646996509,27512.748750375333,27268.367085073187,27406.185546875,21548
2021-05-10,27543.017891330528,27598.293319815803,26813.958657929474,26884.392578125,49736
2021-05-11,26776.15621592754,27151.023172026704,26327.45794673299,27084.376953125,60904
2021-05-12,26988.054078832785,27022.262589761536,26335.13911844447,26415.123046875,59338
2021-05-14,26495.59998188247,26586.904715240064,26096.91084970107,26297.337890625,37370
2021-05-17,26332.18817574019,26972.994087025698,26185.95216222461,26902.412109375,37999
2021-05-18,27071.48270503985,27243.755776799193,26825.378316812214,27046.576171875,51998
2021-05-19,26895.36950929978,27804.331054972223,26895.36950929978,27103.671875,61909
2021-05-20,27268.36705418891,27366.808812507283,26943.55924169368,27081.671875,33408
2021-05-21,27449.601806739833,27539.08576217279,27109.33743672552,27192.2265625,48242
2021-05-24,27180.754096417608,27180.754096417608,26334.15496842807,26490.037109375,104757
2021-05-25,26578.290367608406,26908.858561605677,26480.833026729368,26620.078125,51650
2021-05-26,26677.71424783511,26775.1715803272,26444.94949905517,26655.466796875,34953
2021-05-27,26756.470844655094,27799.953519244293,26500.620321319104,27628.71484375,93214
2021-05-28,27670.99353617181,27799.95223812629,27111.45020361135,27224.166015625,50372
2021-05-31,27484.938384989844,28070.666835529566,26825.378617155206,27148.267578125,134138
2021-06-01,27268.364991632287,27648.05405567064,26987.707944433394,27192.712890625,41313
2021-06-02,27165.545491429224,27571.56775580347,27123.95384840999,27459.24609375,38943
2021-06-03,27539.084086862753,27957.461593097487,27497.050221783233,27906.419921875,46984
2021-06-04,27859.11444531335,27985.76014640017,27652.288704652183,27714.947265625,26867
2021-06-07,27770.367639741755,28887.583443207117,27770.367639741755,28701.48046875,89841
2021-06-08,28572.71936371052,28744.00801726041,28200.609530136615,28504.154296875,49167
2021-06-09,28370.913643813154,28438.888444364216,27859.21263490162,27964.693359375,46246
2021-06-10,28116.937008402525,28670.17972945575,27682.218557323045,27785.9765625,54902
2021-06-11,28032.07959195505,28119.446654356474,27544.004574556246,27618.8203125,38680
2021-06-14,27563.69358478101,27942.69437157175,27319.754127479428,27892.5390625,43225
2021-06-15,27859.01786938042,28203.564026775584,27774.654050774476,28042.021484375,25267
2021-06-16,27881.662397986805,28144.50192276393,27694.13082693796,27784.943359375,15215
2021-06-17,27578.50723041485,28351.225005365086,27578.50723041485,27926.0546875,39467
2021-06-18,27926.05592886525,28124.81022253638,27444.381561237493,27608.779296875,51080
2021-06-21,27443.642238001074,28055.899959443315,27286.281555690173,27785.529296875,18926
2021-06-22,27810.782877190806,29047.063391605625,27810.782877190806,28783.4375,73694
2021-06-23,28800.12123729855,28858.596027138,28301.80981843658,28417.37890625,24623
2021-06-24,28420.138135550846,28641.5821213617,28154.345364626057,28225.51953125,23493
2021-06-25,28252.78547264557,28449.372900743085,28159.265799478275,28281.431640625,19694
2021-06-28,28292.162554446677,28492.34349403682,27908.38772771651,27947.8125,21571
2021-06-29,27957.407775278833,28024.102062729344,27662.42860148222,27696.044921875,25900
2021-06-30,27396.3415877529,28006.68049484621,27023.247320352315,27076.01171875,55961
2021-07-01,27169.924532436442,27170.12064687133,26526.115451124362,26638.2890625,67327
2021-07-02,26854.912080131704,26854.912080131704,26421.818326859935,26593.943359375,49970
2021-07-05,26766.314868569196,26825.379925285422,26530.054641704297,26567.068359375,25475
2021-07-06,26755.680381629543,27489.859750598178,26579.273527883644,27336.388671875,93088
2021-07-07,27273.291900121836,27676.016789589812,26746.086241057787,27117.75390625,78838
2021-07-08,27258.522979444242,27652.290014177997,27014.091323557022,27152.009765625,54037
2021-07-09,27082.358934055104,27202.16177075474,26805.687635781876,27074.1875,45571
2021-07-12,27266.89305072895,27976.165987640707,27154.22721657202,27598.099609375,66083
2021-07-13,27711.35534991715,27970.55327223081,27366.809191037184,27632.99609375,32129
2021-07-14,27563.692482557784,28046.05710100255,27426.12012454216,27971.9296875,38221
2021-07-15,27971.929144738093,28134.654138062808,27811.076852024224,27984.48046875,25188
2021-07-16,27984.48210942709,28055.90237736222,27563.69356372429,27658.345703125,37668
2021-07-19,27612.91202058379,27670.106295168538,27383.64079078387,27560.58984375,24450
2021-07-20,27662.0378343806,28110.045921168807,27563.69412686838,27645.302734375,71764
2021-07-22,27770.687631460336,27845.910186767578,27538.854182316707,27701.630859375,22745
2021-07-23,27706.66028839494,27847.290235408575,27479.857744988974,27609.291015625,28958
2021-07-26,27524.055100046997,27847.980287879127,27437.290973062012,27591.435546875,37460
2021-07-27,27622.708332267353,28089.334798023152,27377.360261481852,27489.67578125,46133
2021-07-28,27612.84470554836,27619.65211586403,26796.791702050872,27121.01171875,23638
2021-07-29,27307.02302895413,27501.811698154102,27129.44845723405,27266.525390625,26531
2021-07-30,27288.275789617845,27951.96067221303,27211.475181876296,27884.876953125,45521
2021-08-02,27899.13275369421,28979.181451324705,27899.13275369421,28899.51953125,86807
2021-08-03,28906.180365862074,29013.71163305019,28519.560681316903,28809.994140625,46640
2021-08-04,28857.936257113808,29694.411441862467,28626.054642121402,28740.58984375,80489
2021-08-05,28885.46130736957,29033.243570710092,28480.935830052167,28576.333984375,28919
2021-08-06,28702.95454005965,28702.95454005965,27950.2357115989,28004.099609375,30787
2021-08-09,28213.637822289,28608.247953024886,27674.353367010615,27891.98046875,30592
2021-08-10,27815.080687905283,27815.080687905283,26639.48743495234,26752.248046875,123170
2021-08-11,26848.288911311683,27048.553568632877,26029.52292172074,26189.783203125,91088
2021-08-12,26340.224217545503,26697.494722771502,26142.969264212243,26234.666015625,75502
2021-08-13,26457.622801583475,26685.510152609455,26168.225981648517,26241.96875,49672
2021-08-16,26374.754352260858,26374.754352260858,25590.66325951899,25628.498046875,74959
2021-08-17,25649.659235121802,25896.29057392105,25378.414859433324,25847.2109375,37050
2021-08-18,25885.435925071244,26202.11052897947,25763.106794589563,25972.546875,52442
2021-08-20,25846.962600072846,26009.7392729359,25517.118254696335,25936.884765625,35529
2021-08-23,26044.270438817373,26093.59670858786,25457.534459897422,25635.798828125,58352
2021-08-24,25635.84515701047,26004.657236512754,25402.680299438798,25879.466796875,31064
2021-08-25,25879.469767292943,26103.21449048871,25839.072324374956,25934.025390625,23925
2021-08-26,25897.276473817394,26271.169574406962,25764.09555408232,26198.216796875,49409
2021-08-27,26246.507200881115,26667.35853406488,26094.33566411224,26535.3125,43602
2021-08-30,26537.62934902056,27050.52424774461,26469.26430049629,26791.90625,41390
2021-08-31,26784.16290230094,28085.389821937588,26684.277211919434,27906.73046875,102061
2021-09-01,27914.72137947381,28214.625086688964,27571.50882391447,28094.515625,75809
2021-09-02,28165.298250543106,30103.672165272,28096.241477249303,29914.654296875,157100
2021-09-03,29881.950570149653,30178.599893533647,29558.370261289412,30030.62109375,81600
2021-09-06,30088.035479137343,30835.77156835779,29990.419570275317,30124.09375,96454
2021-09-07,30090.00935306397,30456.94668203851,29852.405110620264,30240.552734375,59828
2021-09-08,30320.363313282516,30513.52574717682,29891.718049503335,30379.8515625,45814
2021-09-09,30375.1141126908,30414.575124854087,29991.355769402828,30258.0625,38503
2021-09-13,30258.705704686767,30417.19138841345,29918.797622717422,30250.171875,28668
2021-09-14,30251.897400542635,30370.182172536777,29993.329497860504,30245.38671875,33014
2021-09-15,30355.382511856067,31045.900102822303,30236.999479635633,30622.1875,83901
2021-09-16,30625.198644333224,30825.216652133204,29896.994597035635,30247.5078125,92615
2021-09-17,30444.172844963177,30621.1558812769,29722.03627586036,30147.671875,78489
2021-09-20,30039.69619014788,30286.32752175829,29436.189321697206,29696.287109375,52781
2021-09-21,29842.391597792142,29945.631860201836,29088.932867781772,29654.853515625,66855
2021-09-22,29694.411214021984,29839.727159888567,29176.535534020586,29391.0546875,44040
2021-09-23,29448.963837556043,29685.040117161712,29156.41091023387,29516.09765625,35742
2021-09-24,29594.775220431955,29631.621558444025,28727.669498271865,29015.48828125,45317
2021-09-27,29232.866626474457,29418.18502234869,28893.698450966727,29078.8203125,28033
2021-09-28,29101.508767738487,29398.45287225353,28698.611464490197,28848.908203125,31253
2021-09-29,28826.268379595058,29127.256854008247,28774.96906557251,28986.48046875,20612
2021-09-30,28986.48362343383,29003.795987716294,28362.60458963802,28512.11328125,29347
2021-10-01,28412.223727276218,28804.56404570249,28196.7161318542,28707.44140625,33997
2021-10-04,28825.82462946113,28944.650825059973,28649.18651278644,28894.634765625,22608
2021-10-05,28894.632397838035,29028.749723816305,28314.25887029853,28378.826171875,42151
2021-10-06,28430.671558508948,28541.409019296716,27628.823053903714,27730.978515625,35139
2021-10-07,27824.94756858492,27962.864583593906,27493.87004563165,27681.259765625,43358
2021-10-08,27838.955699516537,27838.955699516537,27348.405963704517,27383.1328125,29947
2021-10-11,27381.008110196803,27717.6598492566,27254.732879135547,27644.853515625,25350
2021-10-12,27642.438126041125,27711.09989962232,27288.275553334173,27332.47265625,30650
2021-10-13,27504.818234250863,27859.474074541144,27311.361011042278,27440.890625,53052
2021-10-14,27620.54045877848,27918.667651457323,27535.0576510849,27579.74609375,46335
2021-10-18,27798.01335501237,27918.666170706198,27573.382313471313,27811.431640625,35497
2021-10-19,27820.06457858106,28010.75876998929,27184.888699405696,27323.595703125,20380
2021-10-20,27325.766017230242,27649.59296748678,26928.54119463863,27087.421875,36072
2021-10-21,27348.451793374254,27412.329300538993,26833.1407367665,27246.54296875,26460
2021-10-22,27472.068960306387,27636.768601625212,26859.13997154477,27364.4375,27130
2021-10-25,27252.760404731896,27364.386123660584,26449.925374556697,26907.4765625,20656
2021-10-26,26951.87316243487,27617.777788519918,26950.886637062893,27403.603515625,28367
2021-10-27,27405.672199782533,28096.33816096781,27282.258272970004,27729.005859375,50424
2021-10-28,27863.42089702125,28054.117010450358,27485.82833405797,27813.158203125,39917
2021-10-29,28013.07746928091,28609.23551664906,27331.685172026282,28249.400390625,35291
2021-11-01,28411.930341473457,29201.150628736606,28214.625269657667,28753.021484375,55692
2021-11-02,28904.302455078323,29028.456276244367,28318.454802725457,28479.16015625,21184
2021-11-03,28532.283098133837,28738.466874065998,28313.27449403365,28590.044921875,33175
2021-11-04,28609.235601592936,28825.974453686198,28590.0484539555,28655.798828125,2078
2021-11-08,28658.56197090622,29417.101712530333,28587.975310027738,29128.69140625,38204
2021-11-09,29299.802827568135,29358.994348431912,28758.69367433847,28835.791015625,18387
2021-11-10,28706.89976607051,29032.354848597723,28574.7053755879,28960.240234375,23034
2021-11-11,28805.061205035723,28903.615475507155,28461.25711133382,28619.64453125,18576
2021-11-12,28834.605386649295,29141.859855438015,28480.59115886592,28992.89453125,23683
2021-11-15,29053.1739356828,29347.158514047263,28640.066411554883,28685.396484375,12910
2021-11-16,28845.849208447682,28880.969121088463,27624.925975620285,27759.783203125,46214
2021-11-17,27768.715820445712,27913.191688628,27246.597273907028,27317.923828125,29245
2021-11-18,27318.85954061559,27647.125845401806,26572.109959999892,26801.23046875,40803
2021-11-22,26922.274799310053,26922.274799310053,25972.84248771718,26244.58203125,23769
2021-11-23,26162.6489226314,26563.721522897813,25852.386739895068,26380.177734375,32528
2021-11-24,26532.59840982006,26636.18356814061,26305.697586832197,26521.5,29212
2021-11-25,26340.22554326175,26461.764689652337,25947.686740534617,26311.123046875,31286
2021-11-26,26093.594749421307,26182.28376117115,25464.191594406908,25596.189453125,29540
2021-11-29,25551.00469119454,25575.667823135846,24858.71057760204,25221.603515625,27395
2021-11-30,25136.663945996035,25994.94093316309,24989.62158339127,25750.529296875,97672
2021-12-01,25994.941494579278,26070.26231540801,25501.678847623312,25740.41796875,30525
2021-12-02,25740.419204274946,26388.566353485763,25669.53774386655,25935.5546875,40560
2021-12-03,25926.426735797144,26063.898642995548,25219.1864039977,25564.865234375,62632
2021-12-06,25584.05740425361,25797.09680151598,25185.944293681132,25267.234375,22538
2021-12-07,25304.868469487035,25738.297996293724,25267.972036065737,25399.625,22609
2021-12-08,25590.319318350015,25925.443137185,25501.680400655434,25800.44921875,15145
2021-12-09,25896.288463620036,26108.39139770302,25510.705445324107,26060.544921875,23747
2021-12-10,25950.548636023603,26170.148787684724,25829.89581823034,26050.630859375,20165
2021-12-13,26142.920411948282,26277.18611972141,25823.48274955034,26077.46484375,25375
2021-12-14,25994.597591060618,26142.92128931609,25618.978071026388,26104.841796875,24245
2021-12-15,26059.063720503138,26059.113817487032,25750.28132623785,25897.5703125,26704
2021-12-16,26044.269108490455,26142.92164299231,25586.916343901303,26010.77734375,24978
2021-12-17,25822.298663682457,25977.429760716426,25508.633728192603,25871.4765625,27863
2021-12-20,25787.773594587885,25787.773594587885,24663.184751341814,25127.146484375,38865
2021-12-21,25255.04915270304,25925.886395821715,25029.134845829252,25489.298828125,32966
2021-12-22,25494.376489164417,25914.63623657946,25331.05839364172,25844.248046875,16341
2021-12-23,25896.48539471927,26034.402400972886,25562.941579558963,25977.923828125,29456
2021-12-24,26093.59508718076,26152.7866072273,25580.453549282553,25956.41796875,16055
2021-12-27,25807.69993585804,26093.59575573072,25561.118693002718,25940.880859375,7736
2021-12-28,26026.51132911597,26389.84937989777,25973.682126823267,26356.80078125,18855
2021-12-29,26265.250626419096,26384.768556604424,26103.5587379901,26256.716796875,25992
2021-12-30,26241.57290542715,26483.221506252547,25748.310256828896,26057.5859375,26096
2021-12-31,26093.992366529823,26955.672224302114,26093.992366529823,26623.8046875,28883
2022-01-03,26636.18131861633,26981.3167863778,26527.66354287382,26880.248046875,19537
2022-01-04,26880.25099737194,26967.213591657877,26299.285837925134,26590.90234375,26215
2022-01-05,26539.505813483243,26932.14291532572,26488.403027997876,26847.943359375,17262
2022-01-06,26636.18360341154,26801.031598795646,25896.93124124646,26170.59375,25411
2022-01-07,26299.431791481442,26898.844149164335,26214.49235265571,26681.80859375,32658
2022-01-10,26636.183404506828,26869.93980629126,26458.658945465246,26581.974609375,21424
2022-01-11,26636.676784767234,26853.219091548828,26438.878458982683,26674.21484375,26722
2022-01-12,26754.565093297897,26916.058507891146,26224.80102784432,26355.515625,41881
2022-01-13,26525.69220025667,26586.856768704154,26004.80684315553,26493.43359375,32020
2022-01-14,26468.47278804942,26784.16087199187,26219.128527998007,26713.57421875,24063
2022-01-17,26641.115046855615,27560.309971680934,26295.337938026772,27174.18359375,47661
2022-01-18,27178.772817222998,27267.215198339956,26488.205086839836,26789.638671875,44022
2022-01-19,26587.34879739919,26734.341059910555,25994.94038372085,26046.486328125,48367
2022-01-20,26220.66011066211,26353.051038714908,25605.16657428601,25721.033203125,40050
2022-01-21,25536.206984903558,25536.206984903558,24477.222189161505,24699.830078125,133581
2022-01-24,24843.27369776581,24949.1768121551,23748.230523817478,23993.185546875,50537
2022-01-25,23775.2604777911,24339.502870150038,23183.39537616336,24167.404296875,43208
2022-01-27,24061.355198973102,24061.355198973102,23432.10033982189,23638.92578125,38764
2022-01-28,23621.262390344324,24266.35163863361,23621.262390344324,23799.625,24109
2022-01-31,24219.195811104524,24219.195811104524,23884.368743124392,23940.107421875,19599
2022-02-01,24258.65577182406,25289.574652733212,24012.074557586864,25146.18359375,78151
2022-02-02,25245.18342891996,25535.813408472914,24820.97753308426,24925.005859375,25400
2022-02-03,24939.360703968898,25057.693648295066,24379.06440539518,24466.716796875,21469
2022-02-04,24470.760798450774,24884.11491151471,24293.1862391393,24390.90234375,34121
2022-02-07,24159.01920390299,24786.44932410726,23972.565913464932,24530.49609375,39058
2022-02-08,24584.20848118741,24692.47962407707,24176.82366233133,24430.310546875,29111
2022-02-09,24589.143395311286,25254.061455429233,24345.323279151395,25123.001953125,32205
2022-02-10,25168.311152161474,25260.12196369826,24887.790663326137,24951.287109375,19294
2022-02-11,24607.96641826459,24879.297197586206,24390.596820323884,24608.263671875,19479
2022-02-14,24262.06726131779,24341.12898762758,23235.253090869348,23312.53515625,35182
2022-02-15,23328.151611595553,24679.958562214564,23312.53614789796,24617.0546875,53569
2022-02-16,24639.093794776287,24889.224954747082,24277.583265549358,24624.12109375,35980
2022-02-17,24894.315040054553,24894.315040054553,24290.975216040686,24433.87890625,30441
2022-02-18,24301.599849041108,24449.840596391907,23827.327898639836,24063.970703125,36614
2022-02-21,24054.532725143774,24699.87413309443,23767.98412321067,24388.9140625,65698
2022-02-22,23709.62533806197,24262.069194673895,23629.57533379441,24107.6015625,62313
2022-02-23,24311.481859997082,24508.493421465286,23862.806544369494,24314.890625,46904
2022-02-24,23817.646657425805,23945.033343049985,22564.22081277198,22880.71484375,93756
2022-02-25,23338.333381375276,23807.46518391671,23224.38488260866,23702.1640625,46935
2022-02-28,23590.04466443515,24208.702727272874,23283.977701600917,24128.35546875,39994
2022-03-02,23822.285243493767,23916.171038894383,23378.551326284527,23651.95703125,44055
2022-03-03,23744.21775511339,23941.87211085395,22481.650372144304,22559.330078125,80837
2022-03-04,22630.432388667756,22630.432388667756,21857.258453593666,22285.87109375,92672
2022-03-07,21890.06484933269,22107.781830394273,21396.077731718076,21732.435546875,55412
2022-03-08,21727.15241879416,22437.669555803677,21457.354255940816,22318.978515625,51900
2022-03-09,22318.140404935097,22431.69321238099,21592.305007319304,21707.04296875,246411
2022-03-10,22038.45721283032,22483.081002463714,21791.389306856887,21937.2578125,342415
2022-03-11,21890.21834487685,22171.28320483845,21662.224833796485,22131.94921875,45123
2022-03-14,22131.94713697619,22161.940794466464,21702.44467887413,22099.185546875,31448
2022-03-15,22060.24817680074,22582.005380227405,22039.494473825474,22533.0859375,83329
2022-03-16,22680.833743761832,23436.712908433532,22495.928509175465,23318.712890625,58201
2022-03-17,23521.852776454896,24099.003401279468,23423.42130936061,23807.66015625,65189
2022-03-21,23904.36439677089,23904.36439677089,23059.341966580367,23115.970703125,50943
2022-03-22,23071.992452214352,23391.895204823544,22761.872044508582,23099.169921875,39121
2022-03-23,23184.849534826026,23372.621120998956,23002.019306183964,23138.59765625,39577
2022-03-24,23138.59885282557,23352.85689853107,22928.097011124886,23000.78515625,29951
2022-03-25,23220.381335355763,23220.381335355763,22879.477789551533,22986.556640625,34349
2022-03-28,23136.972560835995,23174.673581153842,22636.362770567946,22925.482421875,28362
2022-03-29,22957.549522480527,23461.568044067488,22957.549522480527,23368.2265625,31238
2022-03-30,23560.39672619084,23866.760945365302,23431.427272635137,23806.625,34361
2022-03-31,24023.894991999394,24044.204746030966,23625.374458224916,23750.736328125,22006
2022-04-01,23713.578384051965,24361.88459034236,23670.144616861053,24324.181640625,34916
2022-04-04,24301.597992098556,24528.900454001065,24043.608925752043,24474.595703125,23605
2022-04-05,24430.073943763116,24973.62332357985,24393.01375877561,24862.88671875,32602
2022-04-06,24706.790396433913,24982.02404145019,24368.751318142706,24442.921875,33643
2022-04-07,24439.95910376882,24772.462344640026,24278.870816914216,24452.3125,30112
2022-04-08,24459.721545359927,24993.38819725869,24313.30872509634,24964.3828125,29884
2022-04-11,24964.38421746792,25193.86011861187,24658.365520201107,24908.052734375,35975
2022-04-12,24805.621118019666,25102.052459651477,24558.553178597158,24828.005859375,46653
2022-04-13,24828.001164423575,25216.09463819303,24825.38185871735,25066.076171875,36907
2022-04-18,24874.79765757225,25200.977490719542,24607.96430963643,25137.03515625,34525
2022-04-19,25102.099109097722,25473.04647504624,24360.30281831893,24569.322265625,38327
2022-04-20,24804.629164153466,25472.70077318043,24588.24786701514,25412.267578125,46140
2022-04-21,25447.99378665124,25793.888847829025,25324.558277347343,25750.94921875,20640
2022-04-22,25498.494471436687,25709.886156689045,25305.534437913968,25552.009765625,17334
2022-04-25,25399.076853127655,25718.139985771686,25215.75245258077,25348.7734375,26453
2022-04-26,25670.356965294613,26021.93461651323,25537.434423934377,25864.35546875,26557
2022-04-27,25705.932914693098,25774.123655960786,25143.55618146999,25274.849609375,26064
2022-04-28,25586.352562447104,25769.182814438325,25183.533431130592,25569.15625,27928
2022-04-29,25569.354366774518,26031.074088775244,25475.221496350983,25617.482421875,34276
2022-05-02,25510.107709125194,25976.47349109023,25301.186694351363,25922.5625,33592
2022-05-04,25891.728615283333,25891.728615283333,24813.622700539676,24898.021484375,29265
2022-05-05,25129.08290930401,25793.892539961224,24724.680953190218,24794.404296875,33435
2022-05-06,24558.549971326756,24765.295623947855,23570.278342701935,23692.478515625,43939
2022-05-09,23599.92711065649,23904.017526674324,23224.434067597405,23776.13671875,35191
2022-05-10,23718.81693067128,24229.357680676985,23618.852866905272,24015.59375,33489
2022-05-11,24173.126057386155,24449.842136538573,22978.355744147306,23108.06640625,43449
2022-05-12,22900.231914966895,23108.066226313505,22244.859148705313,22362.01953125,43801
2022-05-13,22730.245980878975,22809.357891695236,22137.28304224735,22300.693359375,44842
2022-05-16,22577.066124231897,22577.066124231897,21435.612354326542,21723.05078125,51382
2022-05-17,21751.85924095466,21962.658358162094,21534.439475711133,21777.357421875,43000
2022-05-18,21855.628313502013,22322.488243533808,21721.17317867219,22237.3984375,57388
2022-05-19,21450.63360928184,22038.45837423892,21450.63360928184,21955.7890625,28366
2022-05-20,22404.116968410992,23693.811394691376,21564.2347428267,21743.16015625,50620
2022-05-23,21549.315538638395,21914.827456689847,21494.9104071069,21684.361328125,56200
2022-05-24,21742.96616691038,21839.619913459,21322.01259879515,21393.513671875,39072
2022-05-25,21489.86513388369,21523.564805688246,20832.712847714905,21004.525390625,34128
2022-05-26,20981.00868151632,21609.599683084452,20433.506146916225,21436.798828125,67112
2022-05-27,21445.493027750934,21728.13869622728,21406.012350692534,21669.880859375,17959
2022-05-30,21643.345635796453,22374.124252640417,21643.345635796453,22196.9765625,30978
2022-05-31,22127.401276066703,22178.642772835257,21751.95650660293,21856.912109375,59959
2022-06-01,21840.805662830116,21912.455364665195,21346.669788105453,21535.923828125,29100
2022-06-02,21494.906108084215,21523.565982894994,21162.84686889726,21381.0078125,38808
2022-06-03,21554.205594466213,21592.69800476797,20308.983263011494,20395.951171875,105159
2022-06-06,20358.344823912452,20358.344823912452,19679.4524187263,19768.099609375,69175
2022-06-07,19577.8556317381,19756.634335186434,19273.271122320803,19553.34765625,72631
2022-06-08,19666.607339471502,19670.757308631742,19286.122725114892,19354.06640625,72900
2022-06-09,19296.992957030026,19345.269642888015,18856.273970375732,18972.83984375,60727
2022-06-10,18754.42987590802,19104.870594043015,18540.814586682816,18953.912109375,64693
2022-06-13,18385.25947634681,19119.051097495696,18373.351962376728,18911.21875,46950
2022-06-14,18903.659174019624,19197.125653695566,18676.553588141673,18983.560546875,36353
2022-06-15,19120.238534219254,19147.761511173674,18827.561525128756,19087.673828125,30378
2022-06-16,19207.05966003536,19261.36441551792,18431.266409038308,18492.390625,49042
2022-06-17,18518.632303011647,18518.632303011647,17769.323481502506,17834.10546875,75217
2022-06-20,17738.486910116793,18286.483511134105,17655.668978128342,18198.033203125,37518
2022-06-21,18286.97721137413,18460.913008455944,18198.032769684567,18333.771484375,26893
2022-06-22,18333.77174267497,18371.968825604497,17922.30525294984,18279.8125,27406
2022-06-23,18279.762860011302,18428.103974010482,18025.728798798602,18316.23046875,20770
2022-06-24,18381.8493592365,18715.292539570713,18343.75072194519,18573.228515625,30264
2022-06-27,18678.332035442243,18961.323203808668,18630.993442811494,18877.46875,28772
2022-06-28,18866.105712359255,19125.03288347702,18594.33100985015,19011.283203125,37399
2022-06-29,18876.97654488683,19361.229647184853,18788.180724315178,19156.755859375,125068
2022-06-30,19172.469276066513,19220.894585062764,18648.685321617275,18786.74609375,54351
2022-07-01,18826.573469224695,19045.969758472354,18677.195834893802,18988.453125,17699
2022-07-04,19039.989918168034,19298.127610873755,18827.561715879663,19066.130859375,18325
2022-07-05,19161.499941199374,19462.032953890248,19077.398412634935,19336.275390625,35621
2022-07-06,19221.884270293587,19864.260865444787,19172.470686051187,19756.390625,25203
2022-07-07,19824.72728940544,19936.35178887055,19686.419458095166,19779.859375,19677
2022-07-08,20086.618853346507,20109.349098543407,19627.07259175703,19699.01953125,21583
2022-07-11,19686.322041482395,19805.557407907865,19532.3002833693,19621.294921875,16712
2022-07-12,19567.828304261213,20259.56825409871,19356.338177120866,19727.9765625,26628
2022-07-13,19701.13387342999,19891.310731333386,19464.898557753113,19548.646484375,22871
2022-07-14,19611.9888954805,19756.55225191631,19191.024487370436,19376.94140625,21860
2022-07-15,19314.78777193897,19605.79877270697,19265.363144230854,19514.72265625,19672
2022-07-18,19610.996113363195,19908.147425753163,19592.176530245164,19865.2578125,18144
2022-07-19,19790.280850903142,19995.315292151237,19713.319421425753,19877.642578125,16234
2022-07-20,20097.338503921772,20181.531395633618,19921.968889177315,20016.314453125,19629
2022-07-21,20016.313043929076,20315.248087522534,19910.131731218455,20248.833984375,21427
2022-07-22,20254.82468090186,20688.862939549686,20157.755248717967,20582.681640625,45573
2022-07-25,20503.44170022613,20617.695999306525,20118.33280402508,20482.69140625,27434
2022-07-26,20453.91879499183,20543.064203783564,20206.292659459243,20456.24609375,21917
2022-07-27,20426.181626178743,20929.35785865371,20344.71263971995,20823.869140625,25232
2022-07-28,20949.171607171727,21416.689763133196,19849.661237948025,20221.595703125,116841
2022-07-29,20231.05255314543,20518.20016822067,19980.89989082931,20303.359375,54333
2022-08-01,20429.40475811628,20785.887746331322,20354.869287852973,20748.099609375,32066
2022-08-02,20701.54408359258,21086.75167118348,20612.497341982264,20910.490234375,32690
2022-08-03,20998.695173454027,21087.840577492276,20636.17053036515,20757.45703125,23018
2022-08-04,20850.11829925875,21047.971559604444,20344.910739748448,20491.45703125,28415
2022-08-05,20593.921112950586,21074.959911340815,20503.537595917645,21035.736328125,32998
2022-08-08,20998.644244983563,21070.30879030061,20804.06041772195,20994.3359375,20766
2022-08-10,21038.312847403166,21246.318765385964,20656.9686644347,20904.49609375,25095
2022-08-11,21009.044765728177,21246.320885391757,20949.31850692366,20991.7109375,17013
2022-08-12,21096.708119045263,21097.74892275349,20850.122761688308,20951.3515625,16651
2022-08-16,21003.646840710167,21394.79743452983,20850.118651117617,21236.9609375,31930
2022-08-17,21256.0275663279,21592.996396817296,21158.4125817208,21217.544921875,28971
2022-08-18,21196.796342062666,21466.55985625716,21001.222001981212,21417.18359375,27367
2022-08-19,21444.42061294898,21568.23366498679,21132.411721813696,21219.7734375,26082
2022-08-22,21186.89193948027,21267.86568497127,20620.719935904897,20732.6953125,50277
2022-08-23,20701.49249831477,21093.337602467855,20545.04309583802,20926.041015625,41131
2022-08-24,20983.838774874257,21240.82440510872,20879.835797703534,21145.291015625,19541
2022-08-25,21196.79641294104,21727.656528712934,21146.626972832906,21506.427734375,88611
2022-08-26,21506.426226419306,21989.89105463062,21375.085725144454,21888.068359375,35767
2022-08-29,21211.651435911386,22014.95049332554,21206.69891397912,21687.88671875,33834
2022-08-30,21751.4782372173,22335.87587655966,21692.047968809602,21863.50390625,52105
2022-09-01,21801.002652977815,21841.464372303464,21340.418089886734,21381.177734375,34381
2022-09-02,21381.02692192029,21402.62069060486,20811.486920062413,20888.15234375,87390
2022-09-05,20992.603905984717,21164.951693053357,20603.48459088954,21091.45703125,40749
2022-09-06,21090.812058994718,21493.947385534462,20971.852856924233,21448.73046875,31067
2022-09-07,21375.085695162183,23350.59649059455,21295.84534040718,22960.93359375,227529
2022-09-08,23128.279226104605,24643.75105548105,22927.108156454164,24226.203125,368238
2022-09-09,24353.53174214726,25307.387481671718,24002.39793149158,24272.904296875,434043
2022-09-12,24365.419234467176,24762.611523300922,23676.225456719054,23905.923828125,174699
2022-09-13,24148.498856393257,24711.055093451247,23623.531489949924,23705.05078125,137542
2022-09-14,23524.482424517315,24068.269407719843,23281.907479885096,23902.2109375,161087
2022-09-15,24118.78216823293,24303.313912000503,23484.859351490875,23685.53515625,102259
2022-09-16,23737.44147669144,23838.62190311673,22990.601048006887,23096.287109375,122585
2022-09-19,23177.80536321285,23509.922296800276,22792.994363913356,23178.89453125,74383
2022-09-20,23294.835646979875,23497.689823971945,22597.123834752547,23022.0,59048
2022-09-21,23073.306550167068,23186.12539706545,21593.09627213663,21814.8203125,135651
2022-09-22,21654.755312823716,22464.641690856315,21319.421180606456,21497.4140625,175114
2022-09-23,21604.93244541173,21790.106470647737,20950.30769527711,21000.12890625,85503
2022-09-26,20949.17196574451,21147.272882678266,20440.151272767376,20551.484375,100129
2022-09-27,20654.248014112574,21279.701323581823,20390.475884856045,20962.294921875,129321
2022-09-28,20840.215906773967,20949.17140818771,20567.430564500446,20646.572265625,78914
2022-09-29,20749.83147042794,21383.01148200243,20463.921955094476,21084.919921875,655229
2022-09-30,21040.29764674299,21781.19504998957,20634.19078132709,20833.380859375,217810
2022-10-03,20901.62342533866,21018.30561512627,20415.483101836173,20522.310546875,98780
2022-10-04,20691.639039054786,20967.196617576665,20637.31025405619,20810.251953125,59059
2022-10-06,20914.30362169775,21242.802866819493,20726.254808814578,21118.7421875,56605
2022-10-07,21048.518788556423,21142.31879193707,20711.64665662806,21081.650390625,41735
2022-10-10,20899.643271427158,21043.26641239194,20781.030367078652,20941.888671875,39434
2022-10-11,21008.599418346726,21048.219596410556,20524.242741516384,20604.572265625,47401
2022-10-12,20707.637375601058,20897.17003698846,20488.586904377593,20812.630859375,104160
2022-10-13,20671.827764619884,20930.99363953821,20543.706401590614,20875.525390625,63593
2022-10-14,21146.278692506403,21294.85435431145,20771.918323809856,20987.302734375,63317
2022-10-17,20528.204739701934,20790.688419123937,19958.66468057872,20633.296875,179228
2022-10-18,20607.445264874274,20988.78948150377,20567.82508652316,20768.798828125,74047
2022-10-19,20803.567563067143,21271.136020950922,20803.567563067143,21121.51953125,62446
2022-10-20,20898.651120484385,21880.240923811558,20898.651120484385,21687.78515625,69424
2022-10-21,21731.66581178417,21987.5138636095,20654.244686589627,20736.40625,108220
2022-10-24,21048.21808990977,21048.21808990977,20800.59199473436,20844.619140625,7274
2022-10-25,20887.757784316625,21147.26994950493,20798.95867370185,21097.3984375,93534
2022-10-27,21162.128201966796,21380.03918743053,20999.784130880504,21307.9296875,52523
2022-10-28,21394.89527796936,21612.80624839312,21158.65997594178,21573.037109375,42127
2022-10-31,21553.873915884862,22583.50337915833,21553.873915884862,22524.568359375,74994
2022-11-01,22583.502835464715,22781.603737530193,22187.301031333755,22424.4765625,48449
2022-11-02,22484.45027374298,22723.16183832325,22019.110524642485,22115.189453125,78457
2022-11-03,22117.96368151376,22818.447632965053,22019.458790852434,22598.65625,129148
2022-11-04,22505.25089001675,22780.611118326447,22423.83220065747,22745.546875,49873
2022-11-07,22751.88710157767,23271.90193520102,22717.416773060184,23183.845703125,49932
2022-11-09,23276.854168658712,23452.074789720707,22717.56545381385,22862.525390625,57776
2022-11-10,22781.601106327988,22853.80926370687,22091.21954236666,22186.853515625,34107
2022-11-11,22316.066033461448,22872.977179813584,22316.066033461448,22646.89453125,45310
2022-11-14,22646.893805380303,22979.703301470563,22583.501520410726,22805.32421875,27815
2022-11-15,22910.36784506513,23068.749892959135,22772.68772701653,22983.169921875,38556
2022-11-16,22920.275419287213,23169.83226826838,22861.686687900718,23032.9453125,31180
2022-11-17,22994.56070465023,23103.516193666448,22868.519013947374,23019.025390625,29926
2022-11-18,23128.279166767916,23128.279166767916,22593.406757771998,22928.197265625,39104
2022-11-21,22831.12600534615,23064.983703023092,22799.429865121805,23002.978515625,21914
2022-11-22,23002.982538136883,23165.870238411022,22932.161462438697,23043.7421875,26184
2022-11-23,23148.091460004176,23148.091460004176,22940.282830446824,23066.96875,23001
2022-11-24,23138.13332355479,23141.155135915873,22817.260185376796,22978.662109375,33304
2022-11-25,23082.71587484398,23082.71587484398,22682.552074061412,22984.01171875,44115
2022-11-28,22900.66054737938,23237.23473826394,22900.66054737938,23203.65625,22672
2022-11-29,23227.329651966575,23301.617486674357,22918.04463346651,22997.87890625,31156
2022-11-30,23078.702807331752,23788.944779229132,22997.03649130834,23652.998046875,46520
2022-12-01,23673.055929787566,23871.156816229304,23445.23991037957,23779.53515625,37020
2022-12-02,23772.107676992367,23932.569403812067,23286.760478587108,23866.056640625,28427
2022-12-05,23861.256383055083,23881.06647552752,23463.91506637323,23530.03125,23170
2022-12-06,23494.76646726266,23843.373748159236,23326.380704217354,23781.71484375,29434
2022-12-07,23742.39240271495,24207.037667702083,23601.938093518078,24025.974609375,44520
2022-12-08,24029.6387149516,24311.882193050125,24000.81542146325,24251.51171875,21481
2022-12-09,24251.510983873035,24379.187394552162,23976.2494099609,24209.46484375,22709
2022-12-12,24138.64190461352,24341.64500232733,23970.20586190524,24047.91015625,26967
2022-12-13,24098.971913280682,24189.107813161838,23748.828609896187,23978.080078125,28325
2022-12-14,24039.54440596994,24202.977649768254,23950.399000261772,24122.00390625,15031
2022-12-15,24108.87795856656,24336.4463526085,23873.782117731094,24065.791015625,18723
2022-12-16,23970.208164404357,24098.92344639771,23408.59213013918,23500.51171875,26791
2022-12-19,23549.245161529925,23695.344579461602,23343.02289255904,23597.43359375,27421
2022-12-20,23583.911224627278,23586.882738011314,23060.975168091732,23504.76953125,32638
2022-12-21,23544.292461022433,23713.272145366613,23217.42596913613,23347.4296875,35053
2022-12-22,23375.907385533894,23632.993615378935,23199.003659777853,23588.3203125,36764
2022-12-23,23474.9033159734,23474.9033159734,22950.531849130428,23050.423828125,27459
2022-12-26,23068.800572099924,23623.53341679431,22854.952188329906,23522.501953125,15650
2022-12-27,23534.3860670848,23991.999129500342,23474.95579923863,23903.89453125,14980
2022-12-28,23871.155816012437,24209.908317633857,23783.445878383875,24053.65625,25314
2022-12-29,23881.063998052985,23920.68417888758,23004.46749708754,23035.916015625,90610
2022-12-30,23177.803773469714,23197.613862164984,22836.47633216595,23068.302734375,56763
2023-01-02,23075.289281923615,23296.616750104502,22919.284815076535,23231.986328125,23428
2023-01-03,23247.139425755497,23563.80292437443,23229.310345667574,23507.591796875,20755
2023-01-04,23474.90522031119,24356.504481906977,23435.33534127365,23779.5859375,94884
2023-01-05,23900.824817460427,24148.25363124681,23677.713664538907,24007.849609375,44843
2023-01-06,24069.257920526084,24135.275428446126,23328.45926205632,23626.552734375,28542
2023-01-09,23744.72108165407,23819.653136891837,23438.308889648684,23526.76171875,17654
2023-01-10,23613.62555444725,23673.05582010442,22984.655242908913,23335.7890625,31716
2023-01-11,23375.906283350843,23546.222758901495,23029.229707114708,23293.396484375,19213
2023-01-12,23306.570936874654,23772.108052910822,23281.363371125186,23628.3359375,37645
2023-01-13,23770.12723567974,24059.602178784473,23524.482117151172,23910.53125,42213
2023-01-16,23890.967271900754,24049.44798348882,23752.79190148491,23831.93359375,25269
2023-01-17,23772.107603206972,23964.66206170876,23703.416504194352,23862.7890625,18810
2023-01-18,23787.017662985876,23909.3933424554,23590.847458114185,23831.44140625,22616
2023-01-19,23772.108643063613,24247.550815924886,23623.434300507615,24157.91015625,28281
2023-01-20,24118.78307766945,24537.76645515833,23970.207411893254,24189.05859375,44330
2023-01-23,24217.782938335553,24316.38842786374,22727.124074923464,22818.30078125,67600
2023-01-24,22932.408149634302,23126.001483193766,22226.97160812211,22393.72265625,84528
2023-01-25,22434.9269505101,22576.172505454888,21793.130332836972,21936.505859375,47092
2023-01-27,22046.20216858967,22167.389996039285,21206.699383434876,21693.234375,52018
2023-01-30,21652.428566326398,22514.167489139934,21652.428566326398,22370.890625,54148
2023-01-31,22488.611655700723,23518.142427270308,22488.611655700723,23459.654296875,82554
2023-02-01,23514.772094977634,24435.74387214611,23227.328488116185,23689.84375,111351
2023-02-02,23623.52963992079,24465.359705703177,23524.479201178983,24290.38671875,72967
2023-02-03,24267.358355210028,24507.853602863852,24039.54233799785,24235.265625,54355
2023-02-06,24088.028089673306,24128.638773251492,23772.107460400977,23891.908203125,30089
2023-02-07,23902.852037050874,24178.212258594885,23796.868066888248,24031.865234375,38892
2023-02-08,24137.45571658438,24371.214783607487,23524.48238050339,24009.779296875,81785
2023-02-09,23732.486566678155,23920.68241173946,22871.242949410767,22979.505859375,72685
2023-02-10,23071.325626396007,23845.404878388214,22535.957954352773,23742.986328125,70017
2023-02-13,23771.115208653733,24316.88313564937,23586.287473650485,23964.66015625,77436
2023-02-14,23916.526076626003,24494.18756938268,23833.273393489173,24400.8828125,75478
2023-02-15,24326.789153953847,24762.61110948071,24059.403253025273,24654.201171875,54111
2023-02-16,24712.19974291246,24981.112613548874,24638.769660155653,24924.154296875,50403
2023-02-17,24757.84711523668,25849.42583512382,24639.019372068356,25559.029296875,132205
2023-02-20,25402.8431471855,26718.5806481636,25343.305233559284,26308.712890625,187893
2023-02-21,26256.268305573143,26840.681723132246,26114.815381290726,26326.572265625,128006
2023-02-22,26325.678723388242,26325.678723388242,25675.72321777877,26013.005859375,93446
2023-02-23,26018.017744392862,26295.06866403783,25390.93544725268,25437.2265625,78884
2023-02-24,25551.688240900985,25675.72556245876,25005.924026046792,25217.0859375,31612
2023-02-27,25154.766479978396,25804.623142456443,24688.386194156312,25447.544921875,38186
2023-02-28,25574.80609707491,26012.111243292857,25423.678269795008,25887.03125,63139
2023-03-01,25710.453446644922,26216.525668095674,25700.48007175374,26126.72265625,29240
2023-03-02,26097.397821919196,26582.68213510344,25957.534136107017,26372.1171875,45919
2023-03-03,26251.255861738675,26409.577856882657,25254.046295703498,25458.310546875,93972
2023-03-06,25551.6854314909,25693.386427291724,25015.84426127711,25374.509765625,64371
2023-03-08,25175.603966312316,25946.521019469397,25174.611667862657,25814.345703125,36651
2023-03-09,25928.757257784444,26246.193904366384,25308.570756210956,25363.990234375,45802
2023-03-10,25204.381973488213,26458.498048753227,24956.307347764905,25980.111328125,67356
2023-03-13,25829.5811533604,25949.598885457526,25305.597138806843,25568.505859375,36270
2023-03-14,25568.503916161506,25600.606321667598,24867.049688340274,25030.48046875,50043
2023-03-15,25204.383430292695,25353.873596010642,25000.516466323046,25136.013671875,36837
2023-03-16,25203.38788428288,25450.867500937617,24842.14086473802,25276.767578125,40517
2023-03-17,25276.767337739984,25402.839627609366,24866.00618079153,24967.96484375,41257
2023-03-20,25132.090710981734,25182.697929184003,24560.972593860053,24883.072265625,35356
2023-03-21,24995.99858931351,24995.99858931351,24686.45185522012,24949.26171875,29461
2023-03-22,25033.158327460133,25502.069727190712,24914.8267393291,25297.65625,52197
2023-03-23,25204.430965449796,25440.6968382654,25027.751451577613,25217.4296875,27917
2023-03-24,25217.430474835477,25392.91807319955,24917.209794832983,25315.171875,35202
2023-03-27,25253.996109117845,25607.155522873338,25136.507582431725,25386.6171875,37651
2023-03-28,25363.15086873047,25385.32835364578,24934.080589265686,24999.32421875,23209
2023-03-29,24998.87777206527,25813.851383689504,24838.22425406104,25605.96484375,41315
2023-03-31,25636.03086147844,26221.486956244156,25552.03240873996,25985.26953125,42060
2023-04-03,26097.40004606425,26181.79580835451,25631.07014325552,26058.6015625,39037
2023-04-05,26003.179805833905,26395.038835134263,25948.603393343124,26330.587890625,21471
2023-04-06,26197.724674513545,26367.803097242682,25802.392540565874,25963.193359375,18301
2023-04-10,25923.8977932727,26272.045342956426,25718.046239610514,25800.505859375,28668
2023-04-11,25800.506238652262,26149.05110048612,25799.76201474799,25999.611328125,45833
2023-04-12,25999.61094405931,26280.03411942982,25847.64003743535,25915.76171875,25784
2023-04-13,25998.218846693435,25998.218846693435,25576.740088863928,25609.435546875,27530
2023-04-17,25650.915351745934,25898.989968300535,25254.988263724787,25335.513671875,19918
2023-04-18,25402.841239370206,25846.24943018379,25020.905164525735,25069.08203125,31230
2023-04-19,25144.843382861407,25263.919199986245,24484.9648962946,24568.267578125,20893
2023-04-20,24633.756224998746,24707.087460907722,23989.754593851434,24067.6015625,37209
2023-04-21,24111.860564571056,24161.475488157565,23646.52297148638,23703.083984375,21807
2023-04-24,23862.98964875244,23904.46849717701,23368.62736025399,23686.509765625,29799
2023-04-25,23775.472405774723,23997.995347635948,23672.918741924852,23892.9609375,45207
2023-04-26,23815.11392908995,24083.0345276815,23517.474765258215,23777.953125,35697
2023-04-27,23853.86498953351,23875.695557767205,23371.111742002082,23562.923828125,31520
2023-04-28,23664.334286254103,24212.08305034385,23491.674349747555,24147.037109375,33989
2023-05-02,24162.46796718102,24212.08289113827,23772.545055034174,24005.337890625,34660
2023-05-03,23944.163856365725,24137.66207236205,23766.74010154201,24071.724609375,28202
2023-05-04,24063.238035129,24377.74626176114,23934.239233291195,24268.048828125,22757
2023-05-05,24222.007342243578,24430.390035478777,24112.854502929902,24327.388671875,26761
2023-05-08,24331.157582291467,24519.694284601228,24331.157582291467,24382.162109375,16402
2023-05-09,24410.938953649907,24550.754191592256,23883.580784372698,24020.568359375,23539
2023-05-10,24088.737388718477,24284.369405042886,23930.5161847608,24243.63671875,14179
2023-05-11,24261.697552011483,24742.962309178172,24212.082628592238,24685.259765625,19207
2023-05-12,24410.594961902978,24732.049305125653,24023.598523570487,24560.232421875,41410
2023-05-15,24560.229343384217,24857.075807964975,24256.289495456316,24402.552734375,19341
2023-05-16,24402.555879873973,24558.247912081057,24147.68438149277,24210.447265625,12024
2023-05-17,24212.083828166593,24657.575472386467,24162.4689022892,24230.9375,28274
2023-05-18,24321.234493233773,24479.95185170902,23715.932451582503,23799.583984375,17375
2023-05-19,23890.131788640218,24309.327494759036,23544.860379166195,24220.666015625,29803
2023-05-22,24139.84329245896,24724.357499080656,24047.559531964725,24280.205078125,33885
2023-05-23,24222.00583276617,25253.99624923798,24222.00583276617,24575.06640625,64597
2023-05-24,24460.157539226057,24509.77246324071,23523.179699209253,23806.03515625,76229
2023-05-25,23846.720617208528,24112.85430804184,23656.396983692073,24060.361328125,37451
2023-05-26,24063.237690393915,24893.49303786394,23991.792201168828,24784.638671875,48742
2023-05-29,24857.078868710854,25273.34811363797,24799.92285940781,25066.80078125,32876
2023-05-30,25005.921506309904,25685.645959953643,24922.61882477901,25389.890625,54929
2023-05-31,25328.418436469263,25392.91783699308,24795.703390682578,24971.388671875,208322
2023-06-01,25160.141437868366,25254.666777790495,24963.434100604693,25028.17578125,31272
2023-06-02,25160.141769739465,25160.192270271054,24831.915506993882,24899.98828125,43663
2023-06-05,25029.8154323481,25158.152821724747,24571.06666112305,24682.845703125,37650
2023-06-06,24812.07663223949,25715.006716159605,24640.083475160893,25651.212890625,77331
2023-06-07,25652.403705301298,25722.56447763506,25374.2001799453,25653.0,39831
2023-06-08,25653.00187350793,25993.410420534616,25419.351450953593,25490.306640625,36793
2023-06-09,25532.223345723254,25804.559110814618,25230.401097760703,25307.125,21413
2023-06-12,25408.76003367693,25607.456319599525,25240.247527332005,25573.24609375,17611
2023-06-13,25756.824628126913,26075.055666003384,25608.00150585437,26019.365234375,34032
2023-06-14,26055.16440513924,26244.063570145307,25941.596488365587,26091.064453125,26924
2023-06-15,26091.0683832663,26138.604925318523,25872.134967784557,26000.771484375,23905
2023-06-16,26025.332285284705,26254.0608456827,25965.71446571222,26068.244140625,31673
2023-06-19,26273.751935299115,26433.065571632564,25672.444056318534,25855.27734375,33881
2023-06-20,25766.769427795745,26044.028997334844,25597.709188400713,25805.751953125,18089
2023-06-21,25806.549475487856,26000.123846820694,25108.72922093745,25518.8984375,62343
2023-06-22,25508.206975597153,25831.41037782207,25374.003755204558,25514.521484375,35342
2023-06-23,25508.20581639425,25508.256316923555,24927.434190789016,25006.24609375,25869
2023-06-26,22505.647306361723,24011.526538541755,22480.635946993454,23571.125,438935
2023-06-27,23976.72077423869,24142.30036813793,23509.61803612808,23885.37890625,154928
2023-06-28,23917.05200042776,24165.619504058115,23695.980094195245,23920.43359375,71538
2023-06-30,23947.881565303025,24076.168460445424,23718.15852051315,23754.40625,46765
2023-07-03,24066.221488148294,24076.166207771497,23817.60349756825,23987.658203125,30015
2023-07-04,23987.65912730603,24065.128884621085,23837.544355741495,23948.82421875,17326
2023-07-05,23879.26009829377,24424.032601105584,23870.906145575893,24297.435546875,43292
2023-07-06,24414.23637908812,24414.28687961788,24046.332250474963,24084.669921875,22295
2023-07-07,24084.670442795807,24133.399570411926,23591.709510882407,23751.322265625,35053
2023-07-10,23774.84216431547,23957.825012779685,23623.732920463364,23884.533203125,24408
2023-07-11,23942.213869779243,24212.213033017426,23430.65705564243,23822.92578125,105568
2023-07-12,23688.32287688206,24205.945549317705,23594.842509525766,24127.283203125,62988
2023-07-13,24177.60122267677,24376.396547158038,23882.243063613965,24019.4296875,32096
2023-07-14,24137.82319342771,24270.087962903894,23868.71947196659,24205.099609375,20770
2023-07-17,24304.895481921125,24391.762221947556,23936.940844919864,23984.625,36264
2023-07-18,24026.39221971095,24119.67446713715,23321.263036979206,23815.86328125,17119
2023-07-19,23917.051922009286,23991.538264277762,23773.797451549315,23895.47265625,29499
2023-07-20,23480.776484460872,23614.482462086897,23220.920185284904,23279.64453125,101108
2023-07-21,23298.542340446416,23329.37097485982,22898.7140646148,22961.1171875,37839
2023-07-24,23071.7514093902,23193.376117242533,22962.557602081713,23108.546875,35964
2023-07-25,23194.07132792999,23578.88150586483,23071.751267331634,23550.888671875,32141
2023-07-26,23618.709983245022,24205.448462828794,23434.136368641583,24140.310546875,87313
2023-07-27,24165.66929952108,24179.939584078016,23633.27910940651,23737.599609375,36633
2023-07-28,23926.69732624791,24051.155886162596,23741.577916345002,23915.11328125,22865
2023-07-31,23668.433356144258,24164.674879031485,23668.433356144258,23975.12890625,30798
2023-08-01,24066.22220781589,24066.22220781589,23848.283282290646,23968.814453125,47864
2023-08-02,23966.77267676764,23966.77267676764,23772.850657183833,23912.17578125,34126
2023-08-03,23907.106318876038,24089.84054458708,23728.499540333745,23981.044921875,24563
2023-08-04,24096.055823729985,24151.746254028327,23969.26064760429,24090.287109375,18589
2023-08-07,24265.11564157353,24265.11564157353,23909.939595264157,24119.375,8891
2023-08-08,24165.668423643918,24242.739999892165,23986.81303161601,24135.884765625,20046
2023-08-09,24215.39134102209,24237.26972334252,23879.25983082638,24196.546875,30445
2023-08-10,24066.321656912347,24260.14463977404,23794.681239409856,24040.9140625,37905
2023-08-11,24045.488239325765,24145.78035286121,23918.145321777378,23977.31640625,12901
2023-08-14,23967.76992762901,23996.360997933953,23520.257522856056,23589.423828125,16303
2023-08-16,23559.041781140913,23841.124153617544,23376.10943288682,23788.267578125,17783
2023-08-17,23827.54902053342,23905.8636902065,23589.025300794747,23659.6328125,22943
2023-08-18,23679.37343615572,23713.134984542892,23321.36350641669,23407.13671875,19865
2023-08-21,23539.10329968846,23643.5733671442,23394.20949661585,23479.68359375,24001
2023-08-22,23598.819504682633,23800.598252924898,23527.51664240248,23730.78515625,16676
2023-08-23,23737.74844379078,24155.725818562398,23494.401912866888,23539.650390625,40294
2023-08-24,23618.658884573266,23787.769620701834,23467.60014556848,23727.703125,48660
2023-08-25,23688.32308990108,23766.787319331997,23480.478441463245,23720.4453125,21989
2023-08-28,23816.6092663618,23960.807702355887,23621.096465058876,23887.564453125,13891
2023-08-29,23891.194494839277,24034.34795731582,23875.282943394162,23996.806640625,15323
2023-08-30,24016.499769868,24190.53237689603,23833.51691447853,23914.9140625,17040
2023-08-31,23918.04657091729,23966.77569993375,23663.46173360679,23669.578125,61972
2023-09-01,23698.2686666213,24045.83664391816,23688.32394624085,24005.908203125,27413
2023-09-04,24454.066693934205,25651.111873875197,24313.846140707497,25529.638671875,119316
2023-09-05,25557.929497223722,25695.465746896814,25259.587907761965,25582.841796875,41937
2023-09-06,25557.928383819817,25676.917337698796,25359.033999509935,25508.50390625,37280
2023-09-07,25498.261018558893,25652.404172142225,25353.118613132126,25596.515625,22670
2023-09-08,25557.929624753735,25905.198459688814,25508.206026261996,25829.51953125,30009
2023-09-11,25826.436485356255,25910.22074696162,25567.873778918343,25654.791015625,20820
2023-09-12,25806.44949639692,26053.127112082908,25364.655307741144,25891.177734375,46577
2023-09-13,25758.81357985157,26183.25500367806,25707.10103618111,26093.50390625,40313
2023-09-14,26055.166855738324,26354.502932974097,26005.841432141184,26298.8125,88963
2023-09-15,26254.062205510512,26968.042639202184,26017.377856839623,26646.1328125,57876
2023-09-18,26527.88675216517,26674.322745749432,26160.578928540137,26246.103515625,20562
2023-09-20,26204.28611736829,26347.192905990643,25905.995024525764,25963.42578125,28131
2023-09-21,25955.72059888921,26353.458919794153,25806.549790849618,26148.25,29874
2023-09-22,26109.860510697665,26296.075379508486,25677.26522133741,25796.302734375,50277
2023-09-25,25796.303462347518,25909.921883506497,25637.537568174666,25713.513671875,25519
2023-09-26,25771.742146536366,26098.77387865297,25771.742146536366,25889.08984375,15228
2023-09-27,25940.80150062617,26372.303279589072,25756.824185018893,26282.453125,16809
2023-09-28,26359.47346067301,26396.268922758758,25410.00136806841,25490.005859375,46905
2023-09-29,25656.382150976217,25657.376622938347,25202.456200793476,25324.228515625,22812
2023-10-03,25358.936575064858,25554.548437708836,25169.190543273675,25482.44921875,14992
2023-10-04,25448.536562937963,25483.244021589042,25174.01181108692,25326.166015625,16317
2023-10-05,25359.036719187632,25796.60441159714,25296.9327179576,25620.732421875,26035
2023-10-06,25756.52682317572,25756.52682317572,25410.80017091323,25644.69921875,9701
2023-10-09,25507.26194320038,25632.21579180086,25360.029591779414,25587.763671875,6134
2023-10-10,25607.704891746012,26077.04518238498,25607.704891746012,26019.1171875,11972
2023-10-11,26082.96058167366,26771.18569212019,26055.165866773736,26354.849609375,31504
2023-10-12,26527.54130481808,26646.87794798877,26282.403950304953,26506.16015625,21583
2023-10-13,26308.756332018187,26750.74862829676,26308.756332018187,26702.716796875,14489
2023-10-16,26701.574469771727,27148.041918471874,26429.885483383026,26511.53125,28766
2023-10-17,26562.396948716792,26726.43432403672,26381.451607496376,26484.478515625,22537
2023-10-18,26552.4527486779,26766.512845453693,26370.41387318773,26665.5234375,21203
2023-10-19,26413.175564942358,26452.903943275418,25856.27126086225,26152.076171875,26692
2023-10-20,26152.077559507314,26253.911883265206,25756.825430365276,25940.455078125,22799
2023-10-23,25881.13427158043,26054.66963874242,25419.25251969573,25562.0078125,16692
2023-10-25,25507.212910394952,25847.223283423886,25306.62868034635,25565.19140625,39909
2023-10-26,25538.040904604793,25756.725685396064,25235.571857995263,25291.013671875,56816
2023-10-27,25291.014910126825,25540.279717055804,25169.0930256876,25373.45703125,19096
2023-10-30,25557.82934020562,25854.281031729195,25220.852917854943,25800.1328125,25503
2023-10-31,25787.353156261157,25937.269803533647,25409.803432266202,25513.228515625,22304
2023-11-01,25629.831466777785,25647.43284422198,25186.1473961311,25280.125,12977
2023-11-02,25359.035552385365,25806.547944486283,25285.89136114519,25749.1171875,15029
2023-11-03,25855.27642514506,26000.469330951866,25736.934262192935,25814.353515625,7457
2023-11-06,25882.127695802243,26347.938758697805,25855.873247121104,26255.0546875,20370
2023-11-07,26341.523980977,26602.126146947794,26174.503184585643,26538.033203125,17181
2023-11-08,26521.62494641171,26554.242463448525,26055.21756649055,26125.27734375,28452
2023-11-09,26253.962104419512,26253.962104419512,25742.255752810164,25807.94140625,23367
2023-11-10,25816.98922385687,26325.611129021203,25615.659153216973,26212.7890625,41966
2023-11-13,26154.61368963502,26199.613547789242,25931.106106869036,26051.38671875,10644
2023-11-15,26159.585108368516,26254.009444763262,26000.66771101086,26058.595703125,15802
2023-11-16,26055.165124738338,26129.75052108778,25823.402659550626,26029.70703125,16298
2023-11-17,26055.166867472304,26333.619032468192,25923.947061649258,26054.96875,18638
2023-11-20,26054.96739732399,26169.52979090053,25761.84678528265,25810.177734375,19776
2023-11-21,25859.254571201156,26050.59136621598,25714.01116341488,25793.669921875,12026
2023-11-22,25787.005445891355,25955.71800136584,25736.984671998187,25853.337890625,39407
2023-11-23,25955.718282908758,25955.718282908758,25726.59155373885,25778.900390625,57461
2023-11-24,25778.901498810348,25902.86282302492,25458.483394888746,25503.6328125,13597
2023-11-28,25473.399588986926,26185.44152167147,25458.48250939158,25923.34765625,16523
2023-11-29,26097.03190851377,26097.03190851377,25772.78549538485,25962.580078125,15622
2023-11-30,26097.927043284963,26801.018702759964,25962.678859849882,26593.919921875,42932
2023-12-01,26691.578405475735,26915.8318450549,26477.817422595286,26877.1484375,16305
2023-12-04,26970.229096411796,27760.684744823237,26902.156325398522,27563.779296875,29221
2023-12-05,27596.497593614087,27894.938237774368,27448.42033157969,27849.04296875,20686
2023-12-06,27845.21559158524,27888.424622420232,27460.35493323012,27645.42578125,14937
2023-12-07,27745.76769128852,27994.187563892996,27398.69697715735,27865.6015625,19069
2023-12-08,27726.376802053874,27995.381480053034,27383.831696039437,27517.2890625,21927
2023-12-11,27725.879103281906,28224.70586539757,27589.486881279157,28146.142578125,22308
2023-12-12,28093.833726300607,28640.793320971945,28044.16062731579,28448.662109375,19543
2023-12-13,28349.910291771186,28772.510387539696,28064.0500948054,28379.09765625,16860
2023-12-14,28392.175964879294,28732.28539325018,28308.34119727065,28574.21484375,16406
2023-12-15,28639.797858842205,28837.350101353404,28481.676817849257,28599.919921875,18437
2023-12-18,28629.854221245012,28699.76637932022,28322.5623752495,28399.13671875,9633
2023-12-19,28541.346088543556,28565.86021154167,28250.016296253933,28427.92578125,11149
2023-12-20,28620.804072684434,28620.804072684434,27953.1657079438,28096.81640625,15113
2023-12-21,27850.18939922049,28340.464113514925,27795.493437179528,28057.8359375,32973
2023-12-22,28057.833735884797,28215.50609959933,27751.48587196049,28030.734375,21741
2023-12-26,28213.170086741982,28700.46135718624,28100.99287041052,28448.611328125,15472
2023-12-27,28441.70243351024,29088.30738169268,28272.741244218967,28486.552734375,27058
2023-12-28,28491.62056008317,28720.199542847422,28343.4442437323,28443.388671875,9507
2023-12-29,28541.345360652576,28741.234225373522,28286.811038452823,28494.904296875,11742
2024-01-01,28591.069782963463,28591.069782963463,28194.275457975553,28304.263671875,5760
2024-01-02,28451.84399254089,28451.84399254089,27795.49247086745,27933.27734375,16850
2024-01-03,27933.27734058354,28277.811388891656,27865.503685152802,28065.740234375,9011
2024-01-04,28282.78443679406,28340.463814337454,28019.24934974236,28201.138671875,14453
2024-01-05,28044.11044288313,28093.88454349049,26782.473149688296,26873.916015625,78459
2024-01-08,26833.8867282228,27447.425411717657,26801.06915436096,27178.5703125,34058
2024-01-09,27348.971886424722,27582.97190283358,27085.73594984233,27161.912109375,18242
2024-01-10,27241.519609331623,27241.519609331623,26651.84824386727,26693.765625,14247
2024-01-11,26820.91022764437,26989.97047008781,26452.9555823263,26761.19140625,19750
2024-01-12,26877.892781524704,26900.46651808556,26603.119402044613,26725.439453125,14382
2024-01-15,26802.014436562935,26806.042825028737,26577.910563469446,26665.47265625,11395
2024-01-16,26741.350996878344,27196.81915443023,26485.67264449987,26932.388671875,26736
2024-01-17,26810.913596105718,26938.106948516415,25917.9282747219,25992.513671875,48405
2024-01-18,26103.794982057174,26450.964749012288,25508.205346724008,26330.783203125,28106
2024-01-19,26471.797793119953,26631.95827431096,26309.89892838016,26502.1796875,52520
2024-01-23,27447.428279154352,28009.30498124574,27263.252834444353,27341.765625,38128
2024-01-24,27302.23188397193,27705.78936296896,27067.983248066845,27482.380859375,46946
2024-01-25,27546.822925809687,28093.33577102411,27119.6972169067,27794.298828125,25490
2024-01-29,27843.973362300243,28690.51766605159,27767.59713452833,28254.4921875,35863
2024-01-30,28277.759764465824,28541.345335163074,27844.270989701174,27922.53515625,30799
2024-01-31,27944.662781790325,28541.34597286058,27857.496923829192,28398.390625,63061
2024-02-01,29336.92263584463,30567.830296607906,29040.66905235468,29449.845703125,174274
2024-02-02,29336.922454607644,29535.66728487266,28217.446160109976,28296.654296875,64360
2024-02-05,28839.688300538994,28839.73880107077,26551.606322163596,26805.794921875,71596
2024-02-06,27100.3538974405,27760.68324270858,27080.911194756325,27416.994140625,58072
2024-02-07,27690.972965559948,28051.070877686754,27551.896448922413,27960.873046875,19792
2024-02-08,28019.451426821473,28143.882645800753,27145.49669935143,27267.38671875,32063
2024-02-09,27346.887459477046,27720.47881821307,27097.826553653027,27526.310546875,25267
2024-02-12,27526.310108232872,27605.511475022806,27059.96886475697,27163.080078125,17053
2024-02-13,27197.39894673852,27396.69825179093,26892.449178264415,27147.2890625,19098
2024-02-14,26998.201881410743,27184.799088227475,26676.415194779904,26797.408203125,22415
2024-02-15,27042.934205687237,27042.934205687237,26151.39538859606,26233.984375,21511
2024-02-16,26440.305800940187,26549.892599662995,26152.889515198993,26199.21484375,27371
2024-02-19,26326.731922087973,26793.372787757606,26159.71130259892,26714.5703125,23096
2024-02-20,26649.517729103158,26699.279321276354,26313.285496072418,26425.263671875,20365
2024-02-21,26589.743123102107,26618.38512815228,26125.493580375783,26246.0390625,23910
2024-02-22,26246.089402868103,26549.89312392009,26108.95607605536,26503.41796875,18526
2024-02-23,26201.85449182496,26679.253644157685,26201.85449182496,26390.14453125,14216
2024-02-26,26241.254787953043,26350.643113104605,25875.03603123632,26001.658203125,28996
2024-02-27,26091.620120617936,26407.33010947868,26002.008786300587,26092.916015625,21987
2024-02-28,26092.91417241984,26190.99357048565,25326.00511804414,25510.2109375,32860
2024-02-29,25628.267417289215,25735.96096147011,25348.521435630082,25408.595703125,56138
2024-03-01,25592.502990045978,25798.674834012152,25408.446976677962,25541.49609375,18817
2024-03-04,25693.123404327675,25748.714577600807,25324.513258550192,25633.6484375,29764
2024-03-05,25704.179697803753,25704.179697803753,24861.20780818363,24915.802734375,47317
2024-03-06,24915.801943929135,25032.911150697662,24366.124569202762,24661.26171875,33596
2024-03-07,24756.603429478055,24937.871124071145,24492.94911140504,24613.095703125,73323
2024-03-11,24508.640273327328,25263.643123514925,24508.640273327328,25217.16796875,53262
2024-03-12,25264.68662724703,25264.68662724703,24674.462895915207,24866.638671875,20622
2024-03-13,25070.46957911161,25070.46957911161,24156.665159423945,24268.841796875,35720
2024-03-14,24268.84310187333,24949.726977679555,24152.531658171665,24863.849609375,22932
2024-03-15,24841.03531755357,25047.4075751219,24410.609423733673,24976.275390625,30859
2024-03-18,25002.029012036175,25309.916928835846,24856.277795186365,25248.0,92583
2024-03-19,25247.99883820581,25353.3515939528,24703.602326895154,24911.517578125,16822
2024-03-20,25095.17888107982,25095.17888107982,24756.65451308455,24842.181640625,18326
2024-03-21,25095.277035192626,25304.587426281494,24833.912916031975,25266.1328125,17006
2024-03-22,25303.59107314479,25394.198649808124,25137.218392755203,25270.765625,12712
2024-03-26,25378.308944482953,25691.12942844965,24964.219911501237,25587.669921875,38595
2024-03-27,25730.282232145346,26235.128659248774,25653.271826173237,25841.91015625,27139
2024-03-28,25992.990237435777,25992.990237435777,25488.891005511265,25586.373046875,26276
2024-04-01,25752.947760361447,26386.30963176347,25703.084989653413,26358.61328125,20317
2024-04-02,26358.613386461162,26622.219056040278,25934.51326075439,26433.232421875,41507
2024-04-03,26501.075245145737,26642.841483683736,26186.361511755113,26255.302734375,150756
2024-04-04,26369.57301104293,26369.57301104293,25753.89443909746,25812.921875,85718
2024-04-05,25703.084480075984,25840.51550424233,25602.463878041577,25714.09375,39306
2024-04-08,25971.272942553773,26151.343973695773,25747.31854819702,25857.701171875,31828
2024-04-09,26100.584949189957,26611.459423522054,25782.882489712967,25894.1640625,50143
2024-04-10,25902.333835659898,25944.125476744808,25455.02045519023,25513.798828125,24321
2024-04-12,25602.46336699723,25764.551416644532,25106.7816031086,25395.39453125,19756
2024-04-15,25220.904136877034,25432.257615489536,24908.083632098263,25201.177734375,24121
2024-04-16,25153.35694789625,25153.35694789625,24705.397568634773,24789.08203125,12999
2024-04-18,24995.751261690853,25004.717453853278,24275.467157976127,24334.095703125,35792
2024-04-19,24298.383068575276,24440.297200801877,23893.958729765258,24277.212890625,35614
2024-04-22,24441.741307839868,24582.31089099098,24265.355599706927,24304.7578125,25584
2024-04-23,24477.703600427132,24477.703600427132,24208.717846576285,24286.17578125,18872
2024-04-24,24407.967456933777,24505.500091562186,24208.718742999623,24277.609375,17535
2024-04-25,24359.152306208052,24407.96824269344,23690.672849438775,23881.552734375,48298
2024-04-26,23949.69587868416,24203.737993869872,23861.030199266403,24049.818359375,15713
2024-04-29,24159.157945068062,24204.63685754787,23959.660151086562,24054.453125,25281
2024-04-30,24084.1894397489,24930.945923659616,24084.1894397489,24353.025390625,74531
2024-05-02,24407.918720189395,25277.24248173868,24380.224314322128,24733.939453125,98202
2024-05-03,24906.089514114225,25798.525291899263,24834.26074111317,25649.8359375,221844
2024-05-06,26001.95740035292,26461.87363755168,25010.695039688126,25441.072265625,51843
2024-05-07,25478.931771811625,25785.32728977198,24960.735239502123,25300.255859375,36812
2024-05-08,25348.62091283602,25646.10081175991,25065.987378664424,25564.05859375,31956
2024-05-09,25604.108469185787,25623.3853936894,25325.31008686506,25404.958984375,31751
2024-05-10,25503.835549710166,25736.059538155543,25281.673232226363,25564.85546875,24366
2024-05-13,25701.642602091146,26025.869322280465,25495.918286708704,25894.86328125,55302
2024-05-14,25952.145950366492,26337.64163560182,25533.723635619703,25927.140625,84461
2024-05-15,26699.379748785905,26724.08542322058,25549.465544272643,25722.662109375,224481
2024-05-16,25999.369143385004,26126.489442611593,25409.19402226153,25589.115234375,51248
2024-05-17,25613.47227965506,26244.442743349657,25370.58732367282,26206.984375,32325
2024-05-21,26021.882582280752,26201.20642855987,25543.934719767385,25736.408203125,55405
2024-05-22,25852.520881722943,25852.520881722943,25424.535029231723,25582.48828125,37478
2024-05-23,25753.89288440417,25753.89288440417,25329.54370820661,25580.447265625,73090
2024-05-24,25553.747178049274,25653.371536500923,25309.568264641926,25360.82421875,30382
2024-05-27,25404.212707362767,25404.212707362767,25160.232251850855,25319.73046875,43246
2024-05-28,25394.199799656777,25628.418236111916,25317.290568944274,25538.357421875,19032
2024-05-29,25356.39219408635,25404.21188705021,25090.74344807842,25230.41796875,39946
2024-05-30,25227.129175591996,25227.129175591996,24607.31583866728,24968.205078125,40445
2024-05-31,25132.5381956172,25329.494786794443,24512.02628193812,24587.890625,75751
2024-06-03,25105.340068354457,25529.043272505965,24993.860014369442,25214.1796875,42209
2024-06-04,25254.776281684277,25254.875516890635,23610.974275184115,24789.33203125,77396
2024-06-05,25100.307131288617,25503.83638331732,24768.6086000795,25385.333984375,24620
2024-06-06,25459.00442869594,25702.087859750598,25339.455200308403,25539.94921875,32684
2024-06-07,25603.46100266034,26151.394992989648,25415.369429119244,25979.54296875,77513
2024-06-10,26197.222613536684,27346.887767781485,25980.041501209675,27137.376953125,68197
2024-06-11,27137.376551380486,27187.488383770702,26715.96550021394,26962.1875,41867
2024-06-12,26789.089502307663,27616.37057267784,26789.089502307663,27435.453125,44979
2024-06-13,27400.68264893646,27521.22811870527,27084.276086039772,27387.482421875,29976
2024-06-14,27387.733190769915,27919.727280612813,27318.443669105203,27434.556640625,37314
2024-06-18,27578.01576647361,27595.848916350147,27160.838752449665,27358.94140625,28615
2024-06-19,27376.7746272673,27652.784699996177,26984.453112117262,27340.3125,35730
2024-06-20,27386.73614680876,27662.596384604145,27241.134757729098,27594.40234375,30646
2024-06-21,27745.38444712776,27745.38444712776,27121.28841801388,27300.861328125,59054
2024-06-24,27297.12447776792,27439.386892452017,26984.502466393264,27216.1796875,34949
2024-06-25,27297.074411860565,27477.394501953513,27005.8229869924,27115.310546875,40713
2024-06-26,27052.994952497036,28085.10332188709,26984.50320501097,27395.603515625,58935
2024-06-27,27376.77317126606,28135.910767936537,27376.47351988122,27727.8984375,65372
2024-06-28,27745.385225070422,28026.72481665394,27607.006595059527,27765.708984375,38614
2024-07-01,27888.843993093575,28507.460692720353,27645.760548987164,28246.84375,59357
2024-07-02,28246.894557089858,28420.141713682944,27503.945869252228,27593.70703125,21261
2024-07-03,27794.19983885091,27794.19983885091,27183.40328470595,27281.03515625,68891
2024-07-04,27444.519389027726,27451.393859199776,27067.93929867443,27355.904296875,40849
2024-07-05,27341.906202788083,27470.32239480745,27195.059503763743,27425.291015625,16956
2024-07-08,27406.66172614068,27446.11258396067,26850.70720095975,27091.1015625,21059
2024-07-09,27237.301013833592,27745.385268297938,27104.800610218383,27671.962890625,32653
2024-07-10,27671.96169656674,27862.890224576015,27221.659592433014,27800.625,42280
2024-07-11,27773.08138775144,27895.817824391466,27496.52260002006,27668.275390625,14648
2024-07-12,27686.604738485774,27780.25163299902,27362.82558192401,27561.576171875,17752
2024-07-15,27451.49209817065,27731.136895321015,26710.337458360966,27513.109375,65384
2024-07-16,27642.770203093696,28575.452650501422,27543.593377864585,27801.970703125,99512
2024-07-18,27695.572512453247,28091.081227828927,27568.25180006988,27956.189453125,30733
2024-07-19,27747.37669427327,27892.92749479798,27006.12086679186,27181.66015625,46732
2024-07-22,27104.89791848105,27887.8461256705,26899.57250881396,27814.921875,30476
2024-07-23,27751.236388038433,28344.173131842424,27556.035641434555,28111.7890625,90200
2024-07-24,27920.931626376376,28049.601283995118,27202.370555101374,27502.681640625,40236
2024-07-25,27450.724029665398,27538.06740377454,27151.31172307081,27435.15234375,20756
2024-07-26,27601.50544473868,27820.113440557918,27271.546340603763,27517.40625,25287
2024-07-29,27750.23798195945,27750.23798195945,27106.392532378017,27189.14453125,75146
2024-07-30,27365.478843422345,27440.79300836821,26911.841137353513,27265.45703125,54585
2024-07-31,27311.52579706135,27763.615514064102,27263.4128529891,27690.794921875,51103
2024-08-01,27775.19378796737,27849.86067726513,27438.84770180437,27718.794921875,29621
2024-08-02,27506.22761123077,27746.246436925245,27004.176698848263,27246.4921875,39746
2024-08-05,26951.67109698533,27001.48216793852,26328.83872198641,26786.767578125,75142
2024-08-06,26896.769185710957,27044.10459581526,25963.442810181557,26054.62890625,155613
2024-08-07,26053.28174046065,26647.16601698788,24921.31156828891,25053.673828125,325580
2024-08-08,25005.16038568705,25005.16038568705,23984.439975001787,24100.18359375,251869
2024-08-09,24475.91102301431,24531.01143670519,23807.30916644634,24253.109375,100935
2024-08-12,24266.48464140609,24412.622972570112,23965.473641743105,24364.658203125,96808
2024-08-13,24456.14553046828,24465.378973168557,24096.840613026307,24162.62109375,41826
2024-08-14,24166.114615835413,24421.157274119596,23968.12004971162,24295.3828125,51638
2024-08-16,24331.368129494334,24655.837061571194,24236.28862941908,24598.73828125,39023
2024-08-19,24785.855645499996,24921.21253759584,24654.78988681771,24804.470703125,28455
2024-08-20,24915.321708773354,24915.321708773354,24555.96610720451,24686.283203125,24733
2024-08-21,24713.383097720307,24847.89189609426,24628.33638501929,24763.64453125,11582
2024-08-22,24805.519207699243,25179.7972780258,24756.05712093653,24967.62890625,25066
2024-08-23,25037.50408646775,25055.072193378743,24593.79972033401,24661.828125,28796
2024-08-26,24706.69621965069,24889.169791266322,24558.161788735153,24861.8671875,16730
2024-08-27,24861.866284163018,25004.9105547679,24685.78360263173,24768.783203125,23212
2024-08-28,24775.57201690881,24855.428816318665,24561.606094915795,24648.0,20949
2024-08-29,24661.328371187665,24845.04775582764,24496.124612665142,24776.919921875,41631
2024-08-30,24766.587821949073,25516.14408610408,24765.589611968742,25436.38671875,83409
2024-09-02,25544.195104179515,25703.809280629674,25214.785788650825,25381.787109375,60617
2024-09-03,25382.484278926982,25656.342806805333,25309.614947781723,25461.94140625,45076
2024-09-04,25354.534725657966,25819.70059897122,25309.96425795656,25724.62109375,46475
2024-09-05,25724.620237620282,26232.958677751365,25581.77677721173,25616.314453125,45730
2024-09-06,25841.661397058542,25841.661397058542,25235.79859590949,25564.607421875,36981
2024-09-09,25506.26172765706,25804.675825055154,25267.989782305434,25752.419921875,21329
2024-09-10,25901.55423411109,25901.55423411109,25605.13654125499,25679.103515625,18493
2024-09-11,25678.951877319156,25803.62869443549,25497.328350306634,25568.25,30919
2024-09-12,25605.085651912268,26032.91808372479,25577.18646123753,25973.076171875,20307
2024-09-13,26033.26678492113,26097.900884097664,25768.49157555317,25836.76953125,22521
2024-09-16,25954.459534259506,26003.37182675513,25462.041736283594,25573.54296875,18917
2024-09-17,25554.177165718593,25631.637875326378,25354.535156611415,25391.568359375,13175
2024-09-18,25404.444992676752,25451.01188000562,24864.512803279886,25031.763671875,28048
2024-09-19,25066.052104147035,25281.91502348604,24646.503648003265,24887.072265625,20392
2024-09-20,24955.24973684313,25226.96171612632,24706.69544946417,25096.6953125,36895
2024-09-23,25176.852770168152,26050.23583502591,24907.486189987285,25911.634765625,33984
2024-09-24,25912.483696288597,26153.103005894805,25725.069761580326,25865.26953125,23216
2024-09-25,25865.26888323207,26007.312998359284,25659.388067971584,25857.283203125,22774
2024-09-26,25853.69026805224,26148.21096535596,25717.38390965491,26076.33984375,24898
2024-09-27,26078.23561966452,26502.474859410257,25896.26116121145,26200.916015625,64958
2024-09-30,26102.194417926978,26400.90877333501,25861.325554667,26261.80859375,36112
2024-10-01,26345.257479728873,26533.221202970904,26152.404087179806,26475.7734375,27911
2024-10-03,26340.61541922146,26651.10942028791,25903.849802493183,26212.1953125,29136
2024-10-04,26322.896780712905,26452.564647912786,25818.701306349594,25987.59765625,35441
2024-10-07,25987.59801853911,26121.15929647491,25195.370211242567,25331.025390625,29707
2024-10-08,25259.70446835483,25593.656409237352,25072.939764187387,25537.107421875,26091
2024-10-09,25535.159588796796,25535.159588796796,24811.907695450845,24930.345703125,55676
2024-10-10,25055.019747791317,25151.79737489843,24555.96544933414,24597.69140625,34741
2024-10-11,24507.05453811503,24613.514028138172,24176.59632659699,24293.48828125,16368
2024-10-14,24391.261212374313,24553.969441456244,24101.780314007683,24528.21484375,15627
2024-10-15,24606.874731191972,24922.059538963418,24537.000031131796,24674.25390625,25592
2024-10-16,24686.732220521775,24686.732220521775,24219.12151241479,24395.8046875,14359
2024-10-17,24457.143503870106,24499.26718652469,24006.950788460716,24201.701171875,18593
2024-10-18,24157.681385838147,24331.36993429217,24044.93434070192,24281.708984375,6317
2024-10-21,24276.867659657557,24388.96547650831,23956.890653949795,24254.2578125,29725
2024-10-22,24176.647437618565,24803.52334970876,24176.647437618565,24390.6640625,59982
2024-10-23,24390.663682865972,24799.53012350644,24306.41436593873,24666.01953125,38391
2024-10-24,24593.49801207637,25319.99602124316,24555.96570645082,25020.43359375,71701
2024-10-25,25124.946505218937,25136.92502560283,24675.352316884302,24912.12890625,34088
2024-10-28,24918.317126478974,25204.803406785806,24912.17774483232,25011.30078125,15081
2024-10-29,25148.902822051376,25339.861175525963,24941.37457244851,25286.40625,13388
2024-10-30,25055.07100945609,25462.74036353573,24975.264899777532,25305.970703125,24313
2024-10-31,25301.130010607667,25509.256797628033,24925.90247803941,25027.271484375,44337
2024-11-01,25303.62512959033,25305.621549577674,25038.35082377201,25195.869140625,609
2024-11-04,25195.870392508354,25354.535099034376,24720.870583715576,24820.79296875,12419
2024-11-05,24825.483287688265,24955.250590760217,24556.964791331684,24651.6953125,8774
2024-11-06,24652.793114785723,25055.071756938964,24652.793114785723,24964.384765625,6207
2024-11-07,24984.697466293164,25152.895853119524,24662.176201716888,24734.296875,13470
2024-11-08,24670.709467204062,24804.570987948184,24202.10056241211,24489.0859375,17563
2024-11-11,24456.144682064132,24518.03370125956,24086.857677216514,24374.541015625,25414
2024-11-12,23457.935347371887,24427.047150296992,23457.935347371887,24329.173828125,84516
2024-11-13,24256.703066186674,24256.703066186674,23882.773971551607,24006.15234375,34750
2024-11-14,24006.152244943798,24194.964064964573,23627.682465918424,24048.576171875,40911
2024-11-18,23941.96740980526,24139.11388473016,23794.181639509996,23892.20703125,8464
2024-11-19,23892.156325352233,24313.151392417923,23807.407906513883,24063.19921875,61232
2024-11-21,23897.09662335617,24395.753206907088,23778.459755210348,24009.794921875,18469
2024-11-22,24111.762345418385,24777.568409769203,24000.612052787244,24750.3671875,13881
2024-11-25,24927.600883431092,25716.884767062664,24917.7669550226,25421.71484375,55793
2024-11-26,25455.353741290233,25536.259443330415,24881.18411715804,24935.935546875,13259
2024-11-27,24955.301874916462,25532.815128052207,24758.60380522814,25376.345703125,22143
2024-11-28,25355.78182295722,25614.218782499203,25200.6108579388,25499.873046875,25103
2024-11-29,25614.069645877484,26282.870373186055,25517.592255512325,26029.7734375,71555
2024-12-02,25953.460000606705,27006.571550631324,25953.460000606705,26736.056640625,38030
2024-12-03,26736.056641406078,27345.962951438152,26736.056641406078,27110.734375,31134
2024-12-04,26951.919796181213,27471.73765838106,26951.919796181213,27354.84765625,64106
2024-12-05,27460.75649387637,27460.75649387637,26468.235532932085,26560.37109375,23411
2024-12-06,26559.373870259093,27092.767001871733,26467.688670303145,27028.18359375,40294
2024-12-09,27027.534606205252,27048.497016706446,26405.700451689292,26663.4375,24896
2024-12-10,26770.047043561077,27147.319741287807,26552.386568548893,27070.7578125,15924
2024-12-11,27151.31189229276,27502.182705900883,26895.469890456105,27256.623046875,27741
2024-12-12,27251.134184341,27324.553312883378,27078.843520778988,27180.01171875,7755
2024-12-13,27151.312021911224,27638.387811952736,27045.850745400337,27542.060546875,20464
2024-12-16,27452.77155155631,28064.674284488607,27452.77155155631,28040.966796875,37442
2024-12-17,28059.683532871884,28443.89495772483,27910.550566645456,28301.44921875,46165
2024-12-18,28269.306918054663,28330.646142091333,27801.146432723886,27858.84375,12410
2024-12-19,27499.637611695623,27847.014704479865,27384.29561172813,27567.666015625,8746
2024-12-20,27651.415522824213,27736.26337378411,26951.6703049079,27015.056640625,21938
2024-12-23,27082.585952311878,27334.932273524442,26892.37625470663,27151.212890625,57436
2024-12-24,27137.436634576017,27329.792872370534,26580.03577770272,26659.892578125,58697
2024-12-26,26726.424629251273,26822.80258859001,26189.83799132993,26295.546875,39157
2024-12-27,26307.82531576608,26393.52125683473,25818.353417944352,26002.373046875,15086
2024-12-30,25943.47856843558,26401.65697024058,25499.674780926725,25744.185546875,98314
2024-12-31,25664.03021971785,26003.370935043553,25591.359750650492,25648.20703125,9098
2025-01-01,25664.32834945558,25853.539836767366,25131.03465143068,25458.59765625,16145
2025-01-02,25718.08084948668,26703.064549650062,25541.89678758768,26642.125,41231
2025-01-03,26802.885399081162,26906.749927027948,25954.457609076377,26049.537109375,27472
2025-01-06,26074.242845586305,26280.821620763054,25734.601900438312,25862.22265625,32735
2025-01-07,25953.360675608586,26252.923107914175,25736.448861865396,25957.353515625,20692
2025-01-08,26083.228548375984,26202.96306375507,25752.37260789237,25980.861328125,18111
2025-01-09,25953.460921627495,26025.332044179693,25624.102300283277,25915.330078125,26639
2025-01-10,25903.550756146036,26015.10072905545,25504.317427137496,25692.23046875,29569
2025-01-13,25382.084169657075,25454.25553240509,24773.376882307766,24829.974609375,39339
2025-01-14,24829.975273268235,25255.711849040566,24825.53401850742,25085.216796875,12486
2025-01-15,25234.94765170517,25338.262386662413,25023.42851249583,25249.322265625,35010
2025-01-16,25304.624637325458,25747.82989724548,25259.70518530654,25371.953125,14703
2025-01-17,25304.623701250857,25592.05749318529,25160.382355103688,25270.134765625,21618
2025-01-20,25270.13418334619,25270.13418334619,24922.85848928937,25100.98828125,15923
2025-01-21,25062.657992518372,25504.266503825478,24965.33251368773,25041.845703125,15268
2025-01-22,25060.16170777992,25382.48410962158,24980.60514991178,25247.27734375,27398
2025-01-23,25154.892748680515,25978.41602319089,25137.1238303001,25880.392578125,58591
2025-01-24,25880.391300489686,26346.155687433013,25600.89250596901,25736.998046875,31358
2025-01-27,25554.176847207065,25698.418196989154,24818.047638153465,25086.416015625,42809
2025-01-28,25104.980978919786,26243.189907795066,25025.073490226787,25986.400390625,33890
2025-01-29,25986.4017482405,27025.838633821077,25849.646973934465,26603.64453125,37297
2025-01-30,26622.261897170432,27325.00176877178,26503.424211474885,26782.474609375,32714
2025-01-31,27075.448777188016,27949.88076099633,26634.8891716186,27746.146484375,48056
2025-02-03,26951.669859931775,27673.82410082717,26808.477416027512,27506.025390625,31317
2025-02-04,27550.596777309533,27979.676967989773,27300.794717761644,27883.400390625,22726
2025-02-05,27899.0,28598.44921875,27735.19921875,28402.099609375,28456
2025-02-06,28401.80078125,28401.80078125,27731.69921875,27822.55078125,14552
2025-02-07,27900.0,28430.0,27867.349609375,28249.099609375,70630
2025-02-10,28308.0,28500.0,27935.849609375,28044.05078125,13510
2025-02-11,28150.0,28445.400390625,27785.44921875,27989.75,69686
2025-02-12,27800.0,28350.0,27352.400390625,28235.05078125,18436
2025-02-13,28300.30078125,28750.0,28113.25,28225.0,22179
2025-02-14,28500.0,28748.30078125,27911.0,28556.05078125,64359
2025-02-17,28490.0,28500.0,28118.150390625,28309.150390625,33067
2025-02-18,28330.0,28447.599609375,28007.650390625,28361.19921875,22494
2025-02-19,28351.0,28800.0,28260.650390625,28655.150390625,15671
2025-02-20,28650.0,28900.0,28288.099609375,28496.75,23853
2025-02-21,28407.599609375,28592.80078125,28179.44921875,28405.69921875,13779
2025-02-24,28301.0,28474.849609375,28186.150390625,28292.400390625,11442
2025-02-25,28244.0,28589.0,28029.0,28197.44921875,31625
